seed,commissioning_n,selection_rank,sample_nr,label,label_name,unique_label_count,labels_json,has_single_label,row_count,first_global_row,last_global_row,contiguous_segment_count,rows_are_contiguous,first_timestamp,last_timestamp,minimum_timestamp,maximum_timestamp,duration_seconds,timestamp_decrease_count,timestamp_equal_count,positive_delta_count,timestamps_monotonic_nondecreasing,mean_positive_delta_seconds,std_positive_delta_seconds,minimum_positive_delta_seconds,maximum_positive_delta_seconds,estimated_sampling_rate_hz,runtime_state_count,runtime_states_json,exclusion_reason,protocol_eligible,partition
-1,-1,1,2696,0,normal_tightening,1,[0],True,1491,4200588,4202078,1,True,28366.31,28381.24,28366.31,28381.24,14.93,0,0,1490,True,0.0100201342282,0.000578934437246,0.0099999999984,0.0299999999988,99.7990622907,3,"[0, 1, 2]",,True,calibration
-1,-1,2,2095,0,normal_tightening,1,[0],True,1489,3239254,3240742,1,True,20220.361,20235.241,20220.361,20235.241,14.88,0,0,1488,True,0.01,3.6661778771e-05,0.0089999999982,0.0109999999986,100.0,3,"[0, 1, 2]",,True,calibration
-1,-1,3,201,0,normal_tightening,1,[0],True,1822,317692,319513,1,True,19535.027,19553.237,19535.027,19553.237,18.21,0,0,1821,True,0.01,0.0,0.0099999999984,0.010000000002,100.0,2,"[1, 2]",,True,calibration
-1,-1,4,2510,0,normal_tightening,1,[0],True,1634,3900650,3902283,1,True,10215.629,10231.959,10215.629,10231.959,16.33,0,0,1633,True,0.01,6.26915694114e-10,0.0099999999984,0.0100000000002,100.0,2,"[1, 2]",,True,calibration
-1,-1,5,2063,0,normal_tightening,1,[0],True,1811,3189552,3191362,1,True,19270.457,19288.557,19270.457,19288.557,18.1,0,0,1810,True,0.01,0.0,0.0099999999984,0.010000000002,100.0,3,"[0, 1, 2]",,True,calibration
-1,-1,6,2105,0,normal_tightening,1,[0],True,1788,3254788,3256575,1,True,20375.791,20393.661,20375.791,20393.661,17.87,0,0,1787,True,0.01,3.34543596683e-05,0.0089999999982,0.0109999999986,100.0,3,"[0, 1, 2]",,True,calibration
-1,-1,7,1663,0,normal_tightening,1,[0],True,1365,2574370,2575734,1,True,13635.229,13648.869,13635.229,13648.869,13.64,0,0,1364,True,0.01,0.0,0.00999999999658,0.0100000000039,100.0,3,"[0, 1, 2]",,True,calibration
-1,-1,8,159,0,normal_tightening,1,[0],True,1710,253289,254998,1,True,18890.727,18907.827,18890.727,18907.827,17.1,0,0,1709,True,0.0100058513751,0.000241825375315,0.0099999999984,0.0200000000004,99.9415204678,3,"[0, 1, 2]",,True,calibration
-1,-1,9,1777,0,normal_tightening,1,[0],True,1280,2749512,2750791,1,True,16376.84,16389.67,16376.84,16389.67,12.83,0,0,1279,True,0.0100312744331,0.000558360314976,0.00999999999476,0.0200000000004,99.6882307093,2,"[1, 2]",,True,calibration
-1,-1,10,3820,0,normal_tightening,1,[0],True,1608,5809531,5811138,1,True,21831.635,21847.705,21831.635,21847.705,16.07,0,0,1607,True,0.01,2.01637252184e-10,0.0099999999984,0.010000000002,100.0,3,"[0, 1, 2]",,True,calibration
-1,-1,11,3762,0,normal_tightening,1,[0],True,1683,5716108,5717790,1,True,3370.669,3387.509,3370.669,3387.509,16.84,0,0,1682,True,0.0100118906064,0.000344622514772,0.00999999999885,0.02,99.8812351544,3,"[0, 1, 2]",,True,calibration
-1,-1,12,3634,0,normal_tightening,1,[0],True,1755,5516069,5517823,1,True,17306.43,17323.97,17306.43,17323.97,17.54,0,0,1754,True,0.01,0.0,0.0099999999984,0.010000000002,100.0,3,"[0, 1, 2]",,True,calibration
-1,-1,13,1454,0,normal_tightening,1,[0],True,1473,2260806,2262278,1,True,10254.735,10269.505,10254.735,10269.505,14.77,0,0,1472,True,0.0100339673913,0.000581824827054,0.0099999999984,0.0200000000004,99.6614759648,3,"[0, 1, 2]",,True,calibration
-1,-1,14,42,0,normal_tightening,1,[0],True,1750,60760,62509,1,True,21792.0,21809.66,21792.0,21809.66,17.66,0,0,1749,True,0.0100971983991,0.000981089426026,0.0099999999984,0.0200000000004,99.0373725934,3,"[0, 1, 2]",,True,calibration
-1,-1,15,3862,0,normal_tightening,1,[0],True,1537,5875091,5876627,1,True,24373.629,24388.989,24373.629,24388.989,15.36,0,0,1536,True,0.01,4.93908380987e-10,0.0099999999984,0.010000000002,100.0,3,"[0, 1, 2]",,True,calibration
-1,-1,16,3834,0,normal_tightening,1,[0],True,1543,5830056,5831598,1,True,22900.863,22916.283,22900.863,22916.283,15.42,0,0,1542,True,0.01,4.65661287308e-10,0.0099999999984,0.010000000002,100.0,2,"[1, 2]",,True,calibration
-1,-1,17,1987,0,normal_tightening,1,[0],True,1328,3074202,3075529,1,True,8733.102,8746.552,8733.102,8746.552,13.45,0,0,1327,True,0.0101356443105,0.00122014737891,0.0099999999984,0.0299999999988,98.6617100372,3,"[0, 1, 2]",,True,calibration
-1,-1,18,353,0,normal_tightening,1,[0],True,1371,554503,555873,1,True,2823.05,2836.77,2823.05,2836.77,13.72,0,0,1370,True,0.0100145985401,0.000381801367316,0.00999999999976,0.02,99.8542274052,3,"[0, 1, 2]",,True,calibration
-1,-1,19,811,0,normal_tightening,1,[0],True,1532,1264302,1265833,1,True,17460.267,17475.577,17460.267,17475.577,15.31,0,0,1531,True,0.01,6.48173080155e-10,0.00999999999476,0.0100000000057,100.0,3,"[0, 1, 2]",,True,calibration
-1,-1,20,2360,0,normal_tightening,1,[0],True,1207,3655099,3656305,1,True,6464.368,6476.458,6464.368,6476.458,12.09,0,0,1206,True,0.0100248756219,0.000643408813761,0.00999999999658,0.0300000000016,99.7518610422,3,"[0, 1, 2]",,True,calibration
-1,-1,21,3950,0,normal_tightening,1,[0],True,1704,6017983,6019686,1,True,18546.185,18563.215,18546.185,18563.215,17.03,0,0,1703,True,0.01,0.0,0.0099999999984,0.010000000002,100.0,3,"[0, 1, 2]",,True,calibration
-1,-1,22,1925,0,normal_tightening,1,[0],True,1524,2979146,2980669,1,True,6930.645,6945.875,6930.645,6945.875,15.23,0,0,1523,True,0.01,3.29272253991e-10,0.00999999999749,0.0100000000029,100.0,3,"[0, 1, 2]",,True,calibration
-1,-1,23,2057,0,normal_tightening,1,[0],True,1691,3179678,3181368,1,True,19171.587,19188.527,19171.587,19188.527,16.94,0,0,1690,True,0.0100236686391,0.000485928169537,0.0099999999984,0.0200000000004,99.7638724912,3,"[0, 1, 2]",,True,calibration
-1,-1,24,3900,0,normal_tightening,1,[0],True,1704,5936748,5938451,1,True,1514.657,1531.687,1514.657,1531.687,17.03,0,0,1703,True,0.01,1.27526595608e-09,0.00999999999931,0.0100000000007,100.0,3,"[0, 1, 2]",,True,calibration
-1,-1,25,2222,0,normal_tightening,1,[0],True,1556,3439980,3441535,1,True,13551.721,13567.271,13551.721,13567.271,15.55,0,0,1555,True,0.01,2.01637252184e-10,0.0099999999984,0.0100000000039,100.0,3,"[0, 1, 2]",,True,calibration
-1,-1,26,323,0,normal_tightening,1,[0],True,1745,510135,511879,1,True,2378.05,2395.49,2378.05,2395.49,17.44,0,0,1744,True,0.01,6.26915694114e-10,0.00999999999976,0.0100000000002,100.0,3,"[0, 1, 2]",,True,calibration
-1,-1,27,2206,0,normal_tightening,1,[0],True,1607,3416109,3417715,1,True,13312.801,13328.861,13312.801,13328.861,16.06,0,0,1606,True,0.01,4.19741412097e-10,0.0099999999984,0.0100000000039,100.0,3,"[0, 1, 2]",,True,calibration
-1,-1,28,359,0,normal_tightening,1,[0],True,1703,563377,565079,1,True,2911.85,2928.88,2911.85,2928.88,17.03,0,0,1702,True,0.0100058754407,0.000242321864011,0.00999999999976,0.02,99.941280094,3,"[0, 1, 2]",,True,calibration
-1,-1,29,3266,0,normal_tightening,1,[0],True,1260,4963697,4964956,1,True,9913.26,9926.53,9913.26,9926.53,13.27,0,0,1259,True,0.0105401111994,0.00306569897965,0.0099999999984,0.0599999999995,94.8756593821,3,"[0, 1, 2]",,True,calibration
-1,-1,30,2934,0,normal_tightening,1,[0],True,1699,4519194,4520892,1,True,6711.558,6728.548,6711.558,6728.548,16.99,0,0,1698,True,0.0100058892815,0.000242606948403,0.00999999999658,0.0199999999977,99.9411418481,3,"[0, 1, 2]",,True,calibration
-1,-1,31,331,0,normal_tightening,1,[0],True,1683,522431,524113,1,True,2501.33,2518.52,2501.33,2518.52,17.19,0,0,1682,True,0.0102199762188,0.0016208013166,0.00999999999976,0.0300000000002,97.8475858057,3,"[0, 1, 2]",,True,calibration
-1,-1,32,785,0,normal_tightening,1,[0],True,1516,1222850,1224365,1,True,17039.897,17055.107,17039.897,17055.107,15.21,0,0,1515,True,0.0100396039604,0.000725592400452,0.00999999999476,0.0299999999988,99.6055226825,3,"[0, 1, 2]",,True,calibration
-1,-1,33,2652,0,normal_tightening,1,[0],True,1213,4127593,4128805,1,True,27635.41,27647.54,27635.41,27647.54,12.13,0,0,1212,True,0.0100082508251,0.000287123970993,0.0099999999984,0.0200000000004,99.9175597692,2,"[1, 2]",,True,calibration
-1,-1,34,3544,0,normal_tightening,1,[0],True,1218,5380433,5381650,1,True,2399.704,2411.874,2399.704,2411.874,12.17,0,0,1217,True,0.01,0.0,0.00999999999976,0.0100000000002,100.0,2,"[1, 2]",,True,calibration
-1,-1,35,104,0,normal_tightening,1,[0],True,1730,165591,167320,1,True,22841.82,22859.12,22841.82,22859.12,17.3,0,0,1729,True,0.01000578369,0.000240423478215,0.0099999999984,0.0200000000004,99.9421965318,3,"[0, 1, 2]",,True,calibration
-1,-1,36,1591,0,normal_tightening,1,[0],True,1296,2466398,2467693,1,True,3312.945,3325.895,3312.945,3325.895,12.95,0,0,1295,True,0.01,0.0,0.00999999999976,0.0100000000002,100.0,3,"[0, 1, 2]",,True,calibration
-1,-1,37,98,0,normal_tightening,1,[0],True,2228,154934,157161,1,True,22734.88,22757.37,22734.88,22757.37,22.49,0,0,2227,True,0.0100987876066,0.00103340407892,0.0099999999984,0.0299999999988,99.0217874611,2,"[1, 2]",,True,calibration
-1,-1,38,2744,0,normal_tightening,1,[0],True,1763,4265824,4267586,1,True,8710.984,8728.604,8710.984,8728.604,17.62,0,0,1762,True,0.01,7.54457514082e-10,0.0099999999984,0.010000000002,100.0,3,"[0, 1, 2]",,True,calibration
-1,-1,39,3548,0,normal_tightening,1,[0],True,1494,5384928,5386421,1,True,2444.674,2459.614,2444.674,2459.614,14.94,0,0,1493,True,0.0100066979236,0.000258716783868,0.00999999999976,0.02,99.9330655957,3,"[0, 1, 2]",,True,calibration
-1,-1,40,303,0,normal_tightening,1,[0],True,1853,476363,478215,1,True,2039.06,2057.63,2039.06,2057.63,18.57,0,0,1852,True,0.0100269978402,0.000518892588458,0.00999999999976,0.0200000000002,99.7307485191,2,"[1, 2]",,True,calibration
-1,-1,41,187,0,normal_tightening,1,[0],True,1848,294717,296564,1,True,19305.217,19323.687,19305.217,19323.687,18.47,0,0,1847,True,0.01,0.0,0.0099999999984,0.010000000002,100.0,3,"[0, 1, 2]",,True,calibration
-1,-1,42,2043,0,normal_tightening,1,[0],True,1263,3160532,3161794,1,True,18980.097,18992.717,18980.097,18992.717,12.62,0,0,1262,True,0.01,3.9809371384e-05,0.00900000000183,0.0109999999986,100.0,3,"[0, 1, 2]",,True,calibration
-1,-1,43,305,0,normal_tightening,1,[0],True,2377,479978,482354,1,True,2075.26,2099.03,2075.26,2099.03,23.77,0,0,2376,True,0.0100042087542,0.000205109308606,0.00999999999976,0.02,99.9579301641,3,"[0, 1, 2]",,True,calibration
-1,-1,44,3984,0,normal_tightening,1,[0],True,1723,6071541,6073263,1,True,19169.331,19186.561,19169.331,19186.561,17.23,0,0,1722,True,0.0100058072009,0.000240911364851,0.00999999999476,0.0200000000004,99.9419616947,3,"[0, 1, 2]",,True,calibration
-1,-1,45,337,0,normal_tightening,1,[0],True,1749,532179,533927,1,True,2599.69,2617.17,2599.69,2617.17,17.48,0,0,1748,True,0.01,6.48173080155e-10,0.00999999999976,0.0100000000002,100.0,3,"[0, 1, 2]",,True,calibration
-1,-1,46,295,0,normal_tightening,1,[0],True,1856,463267,465122,1,True,1907.91,1926.49,1907.91,1926.49,18.58,0,0,1855,True,0.0100161725067,0.000518922180103,0.00999999999999,0.03,99.8385360603,3,"[0, 1, 2]",,True,calibration
-1,-1,47,3258,0,normal_tightening,1,[0],True,1449,4953713,4955161,1,True,9810.78,9825.26,9810.78,9825.26,14.48,0,0,1448,True,0.01,0.0,0.0099999999984,0.0100000000002,100.0,3,"[0, 1, 2]",,True,calibration
-1,-1,48,3192,0,normal_tightening,1,[0],True,1704,4861857,4863560,1,True,15023.915,15040.945,15023.915,15040.945,17.03,0,0,1703,True,0.01,9.24017971055e-10,0.00999999999476,0.0100000000057,100.0,3,"[0, 1, 2]",,True,calibration
-1,-1,49,569,0,normal_tightening,1,[0],True,1417,890950,892366,1,True,7213.895,7228.055,7213.895,7228.055,14.16,0,0,1416,True,0.01,0.0,0.00999999999749,0.010000000002,100.0,2,"[1, 2]",,True,calibration
-1,-1,50,3480,0,normal_tightening,1,[0],True,1501,5286863,5288363,1,True,1463.884,1478.884,1463.884,1478.884,15.0,0,0,1500,True,0.01,1.3222238854e-09,0.00999999999954,0.0100000000007,100.0,3,"[0, 1, 2]",,True,calibration
-1,-1,51,193,0,normal_tightening,1,[0],True,1681,304343,306023,1,True,19401.527,19418.327,19401.527,19418.327,16.8,0,0,1680,True,0.01,6.90065558843e-05,0.00800000000163,0.0119999999988,100.0,2,"[1, 2]",,True,calibration
-1,-1,52,3536,0,normal_tightening,1,[0],True,1757,5368872,5370628,1,True,2284.014,2301.584,2284.014,2301.584,17.57,0,0,1756,True,0.0100056947608,0.000238569021249,0.00999999999976,0.02,99.9430848036,3,"[0, 1, 2]",,True,calibration
-1,-1,53,3642,0,normal_tightening,1,[0],True,1318,5529136,5530453,1,True,17437.1,17450.27,17437.1,17450.27,13.17,0,0,1317,True,0.01,9.94652945702e-10,0.0099999999984,0.010000000002,100.0,3,"[0, 1, 2]",,True,calibration
-1,-1,54,993,0,normal_tightening,1,[0],True,1466,1542973,1544438,1,True,1806.684,1821.334,1806.684,1821.334,14.65,0,0,1465,True,0.01,1.37251640234e-09,0.00999999999999,0.0100000000002,100.0,3,"[0, 1, 2]",,True,calibration
-1,-1,55,3790,0,normal_tightening,1,[0],True,1389,5759180,5760568,1,True,19808.937,19822.817,19808.937,19822.817,13.88,0,0,1388,True,0.01,8.47516335696e-10,0.0099999999984,0.010000000002,100.0,3,"[0, 1, 2]",,True,calibration
-1,-1,56,3316,0,normal_tightening,1,[0],True,1411,5040545,5041955,1,True,10791.45,10805.71,10791.45,10805.71,14.26,0,0,1410,True,0.0101134751773,0.00145422933492,0.0099999999984,0.0499999999993,98.8779803647,3,"[0, 1, 2]",,True,calibration
-1,-1,57,2436,0,normal_tightening,1,[0],True,1565,3777832,3779396,1,True,8551.289,8566.929,8551.289,8566.929,15.64,0,0,1564,True,0.01,2.85158136718e-10,0.0099999999984,0.010000000002,100.0,3,"[0, 1, 2]",,True,calibration
-1,-1,58,3938,0,normal_tightening,1,[0],True,1612,5999968,6001579,1,True,2813.65,2829.76,2813.65,2829.76,16.11,0,0,1611,True,0.01,2.85158136718e-10,0.00999999999976,0.0100000000002,100.0,3,"[0, 1, 2]",,True,calibration
-1,-1,59,2514,0,normal_tightening,1,[0],True,1524,3907481,3909004,1,True,10283.989,10299.229,10283.989,10299.229,15.24,0,0,1523,True,0.0100065659882,0.000256157704583,0.0099999999984,0.0200000000004,99.9343832021,2,"[1, 2]",,True,calibration
-1,-1,60,1111,0,normal_tightening,1,[0],True,1363,1721183,1722545,1,True,4470.741,4484.361,4470.741,4484.361,13.62,0,0,1362,True,0.01,0.0,0.0099999999984,0.0100000000011,100.0,2,"[1, 2]",,True,calibration
-1,-1,61,1711,0,normal_tightening,1,[0],True,1412,2650058,2651469,1,True,15260.824,15274.944,15260.824,15274.944,14.12,0,0,1411,True,0.0100070871722,0.000266123080833,0.00999999999658,0.0199999999986,99.9291784702,3,"[0, 1, 2]",,True,calibration
-1,-1,62,2494,0,normal_tightening,1,[0],True,1377,3874715,3876091,1,True,9955.689,9969.449,9955.689,9969.449,13.76,0,0,1376,True,0.01,0.0,0.0099999999984,0.0100000000002,100.0,3,"[0, 1, 2]",,True,calibration
-1,-1,63,1697,0,normal_tightening,1,[0],True,1422,2627274,2628695,1,True,14738.341,14752.551,14738.341,14752.551,14.21,0,0,1421,True,0.01,0.0,0.0099999999984,0.0100000000039,100.0,3,"[0, 1, 2]",,True,calibration
-1,-1,64,92,0,normal_tightening,1,[0],True,1724,144064,145787,1,True,22625.96,22643.22,22625.96,22643.22,17.26,0,0,1723,True,0.0100174114916,0.000416907370741,0.0099999999984,0.0200000000004,99.8261877173,3,"[0, 1, 2]",,True,calibration
-1,-1,65,4042,0,normal_tightening,1,[0],True,1738,6164706,6166443,1,True,16236.76,16254.16,16236.76,16254.16,17.4,0,0,1737,True,0.0100172711572,0.000415226779965,0.00999999999476,0.0200000000004,99.8275862069,3,"[0, 1, 2]",,True,calibration
-1,-1,66,2055,0,normal_tightening,1,[0],True,1801,3176456,3178256,1,True,19139.367,19157.367,19139.367,19157.367,18.0,0,0,1800,True,0.01,3.3333333394e-05,0.0089999999982,0.0110000000022,100.0,3,"[0, 1, 2]",,True,calibration
-1,-1,67,1937,0,normal_tightening,1,[0],True,1378,2999166,3000543,1,True,7130.975,7144.745,7130.975,7144.745,13.77,0,0,1377,True,0.01,0.0,0.00999999999749,0.0100000000029,100.0,3,"[0, 1, 2]",,True,calibration
-1,-1,68,273,0,normal_tightening,1,[0],True,1777,431941,433717,1,True,21617.628,21635.388,21617.628,21635.388,17.76,0,0,1776,True,0.01,0.0,0.00999999999476,0.010000000002,100.0,3,"[0, 1, 2]",,True,calibration
-1,-1,69,2005,0,normal_tightening,1,[0],True,1410,3101743,3103152,1,True,9013.082,9027.982,9013.082,9027.982,14.9,0,0,1409,True,0.0105748757984,0.00424868790361,0.0099999999984,0.0799999999999,94.5637583893,3,"[0, 1, 2]",,True,calibration
-1,-1,70,3888,0,normal_tightening,1,[0],True,1351,5916544,5917894,1,True,1312.617,1326.117,1312.617,1326.117,13.5,0,0,1350,True,0.01,1.02815228355e-09,0.00999999999954,0.0100000000004,100.0,3,"[0, 1, 2]",,True,calibration
-1,-1,71,3904,0,normal_tightening,1,[0],True,1545,5943804,5945348,1,True,1585.217,1600.657,1585.217,1600.657,15.44,0,0,1544,True,0.01,1.2098235131e-09,0.00999999999931,0.0100000000007,100.0,3,"[0, 1, 2]",,True,calibration
-1,-1,72,2246,0,normal_tightening,1,[0],True,1574,3477019,3478592,1,True,14146.19,14161.92,14146.19,14161.92,15.73,0,0,1573,True,0.01,5.20625146455e-10,0.00999999999476,0.0100000000057,100.0,3,"[0, 1, 2]",,True,calibration
-1,-1,73,3424,0,normal_tightening,1,[0],True,1339,5203441,5204779,1,True,12523.902,12537.292,12523.902,12537.292,13.39,0,0,1338,True,0.0100074738416,0.000273281095657,0.0099999999984,0.0200000000004,99.925317401,3,"[0, 1, 2]",,True,calibration
-1,-1,74,3018,0,normal_tightening,1,[0],True,1743,4632786,4634528,1,True,7851.838,7869.738,7851.838,7869.738,17.9,0,0,1742,True,0.0102755453502,0.00225622473972,0.00999999999658,0.0400000000018,97.3184357542,3,"[0, 1, 2]",,True,calibration
-1,-1,75,2852,0,normal_tightening,1,[0],True,1758,4411308,4413065,1,True,10165.824,10183.394,10165.824,10183.394,17.57,0,0,1757,True,0.01,9.59985336665e-10,0.0099999999984,0.0100000000002,100.0,3,"[0, 1, 2]",,True,calibration
-1,-1,76,2268,0,normal_tightening,1,[0],True,1557,3513118,3514674,1,True,14507.28,14522.85,14507.28,14522.85,15.57,0,0,1556,True,0.0100064267352,0.000253428588098,0.00999999999476,0.0200000000004,99.9357739242,3,"[0, 1, 2]",,True,calibration
-1,-1,77,3876,0,normal_tightening,1,[0],True,1544,5898794,5900337,1,True,1135.117,1150.547,1135.117,1150.547,15.43,0,0,1543,True,0.01,1.35262380804e-09,0.00999999999954,0.0100000000004,100.0,3,"[0, 1, 2]",,True,calibration
-1,-1,78,701,0,normal_tightening,1,[0],True,1495,1092469,1093963,1,True,15289.374,15304.354,15289.374,15304.354,14.98,0,0,1494,True,0.0100267737617,0.000633158425191,0.00999999999658,0.0300000000007,99.7329773031,3,"[0, 1, 2]",,True,calibration
-1,-1,79,415,0,normal_tightening,1,[0],True,1760,651616,653375,1,True,5031.137,5048.727,5031.137,5048.727,17.59,0,0,1759,True,0.01,1.02154030318e-09,0.0099999999984,0.0100000000029,100.0,3,"[0, 1, 2]",,True,calibration
-1,-1,80,122,0,normal_tightening,1,[0],True,1775,195806,197580,1,True,23144.19,23161.94,23144.19,23161.94,17.75,0,0,1774,True,0.0100056369786,0.000237356293851,0.0099999999984,0.0199999999968,99.9436619718,3,"[0, 1, 2]",,True,calibration
-1,-1,81,1135,0,normal_tightening,1,[0],True,1757,1756174,1757930,1,True,7458.814,7476.374,7458.814,7476.374,17.56,0,0,1756,True,0.01,4.35586248847e-10,0.00999999999749,0.0100000000039,100.0,3,"[0, 1, 2]",,True,calibration
-1,-1,82,3436,0,normal_tightening,1,[0],True,1255,5221251,5222505,1,True,773.614,786.164,773.614,786.164,12.55,0,0,1254,True,0.0100079744817,0.00028227862872,0.00999999999976,0.0200000000001,99.9203187251,3,"[0, 1, 2]",,True,calibration
-1,-1,83,3088,0,normal_tightening,1,[0],True,1771,4725058,4726828,1,True,12975.574,12993.384,12975.574,12993.384,17.81,0,0,1770,True,0.0100621468927,0.00123351590691,0.0099999999984,0.0500000000011,99.3823694554,3,"[0, 1, 2]",,True,calibration
-1,-1,84,3796,0,normal_tightening,1,[0],True,1633,5769020,5770652,1,True,19907.337,19923.667,19907.337,19923.667,16.33,0,0,1632,True,0.010006127451,0.000247461035627,0.0099999999984,0.0200000000004,99.9387630128,3,"[0, 1, 2]",,True,calibration
-1,-1,85,1633,0,normal_tightening,1,[0],True,1569,2529939,2531507,1,True,4260.241,4275.921,4260.241,4275.921,15.68,0,0,1568,True,0.01,0.0,0.0099999999984,0.0100000000011,100.0,3,"[0, 1, 2]",,True,calibration
-1,-1,86,345,0,normal_tightening,1,[0],True,1280,543466,544745,1,True,2712.58,2725.44,2712.58,2725.44,12.86,0,0,1279,True,0.010054730258,0.000925770765635,0.00999999999976,0.0300000000002,99.4556765163,3,"[0, 1, 2]",,True,calibration
-1,-1,87,519,0,normal_tightening,1,[0],True,1512,813920,815431,1,True,6443.395,6458.505,6443.395,6458.505,15.11,0,0,1511,True,0.01,3.86105942348e-10,0.00999999999749,0.0100000000029,100.0,2,"[1, 2]",,True,calibration
-1,-1,88,62,0,normal_tightening,1,[0],True,1751,92505,94255,1,True,22109.74,22127.24,22109.74,22127.24,17.5,0,0,1750,True,0.01,0.0,0.0099999999984,0.010000000002,100.0,3,"[0, 1, 2]",,True,calibration
-1,-1,89,4018,0,normal_tightening,1,[0],True,1702,6126622,6128323,1,True,19720.171,19737.181,19720.171,19737.181,17.01,0,0,1701,True,0.01,5.46036260182e-10,0.00999999999476,0.0100000000057,100.0,3,"[0, 1, 2]",,True,calibration
-1,-1,90,1619,0,normal_tightening,1,[0],True,1391,2508779,2510169,1,True,4048.631,4062.531,4048.631,4062.531,13.9,0,0,1390,True,0.01,0.0,0.00999999999976,0.0100000000002,100.0,3,"[0, 1, 2]",,True,calibration
-1,-1,91,299,0,normal_tightening,1,[0],True,1718,469869,471586,1,True,1973.97,1991.21,1973.97,1991.21,17.24,0,0,1717,True,0.0100407687828,0.000994201647682,0.00999999999999,0.04,99.5939675174,3,"[0, 1, 2]",,True,calibration
-1,-1,92,447,0,normal_tightening,1,[0],True,1727,704294,706020,1,True,6143.834,6161.094,6143.834,6161.094,17.26,0,0,1726,True,0.01,1.03472201355e-09,0.00999999999749,0.0100000000039,100.0,3,"[0, 1, 2]",,True,calibration
-1,-1,93,2716,0,normal_tightening,1,[0],True,1345,4227385,4228729,1,True,8326.574,8340.014,8326.574,8340.014,13.44,0,0,1344,True,0.01,0.0,0.0099999999984,0.010000000002,100.0,3,"[0, 1, 2]",,True,calibration
-1,-1,94,2666,0,normal_tightening,1,[0],True,1548,4151178,4152725,1,True,27871.65,27887.12,27871.65,27887.12,15.47,0,0,1547,True,0.01,4.50874602679e-10,0.0099999999984,0.010000000002,100.0,2,"[1, 2]",,True,calibration
-1,-1,95,315,0,normal_tightening,1,[0],True,1723,496805,498527,1,True,2244.52,2261.76,2244.52,2261.76,17.24,0,0,1722,True,0.0100116144019,0.000481822729684,0.00999999999976,0.0300000000002,99.8839907193,3,"[0, 1, 2]",,True,calibration
-1,-1,96,2316,0,normal_tightening,1,[0],True,1309,3588139,3589447,1,True,15258.88,15271.96,15258.88,15271.96,13.08,0,0,1308,True,0.01,0.0,0.00999999999476,0.0100000000057,100.0,2,"[1, 2]",,True,calibration
-1,-1,97,613,0,normal_tightening,1,[0],True,1328,957694,959021,1,True,8733.102,8746.552,8733.102,8746.552,13.45,0,0,1327,True,0.0101356443105,0.00122014737891,0.0099999999984,0.0299999999988,98.6617100372,3,"[0, 1, 2]",,True,calibration
-1,-1,98,3600,0,normal_tightening,1,[0],True,1736,5463979,5465714,1,True,3496.733,3514.083,3496.733,3514.083,17.35,0,0,1735,True,0.01,6.16011980703e-10,0.00999999999976,0.0100000000002,100.0,3,"[0, 1, 2]",,True,calibration
-1,-1,99,2216,0,normal_tightening,1,[0],True,1375,3432023,3433397,1,True,13471.991,13485.741,13471.991,13485.741,13.75,0,0,1374,True,0.0100072780204,0.000269679873523,0.0099999999984,0.0199999999986,99.9272727273,3,"[0, 1, 2]",,True,calibration
-1,-1,100,3144,0,normal_tightening,1,[0],True,1299,4799186,4800484,1,True,14071.048,14084.218,14071.048,14084.218,13.17,0,0,1298,True,0.0101463790447,0.00205325627014,0.0099999999984,0.0599999999995,98.5573272589,3,"[0, 1, 2]",,True,calibration
-1,-1,101,2113,0,normal_tightening,1,[0],True,1718,3268557,3270274,1,True,20513.611,20530.781,20513.611,20530.781,17.17,0,0,1717,True,0.01,5.33482024325e-10,0.00999999999476,0.0100000000057,100.0,3,"[0, 1, 2]",,True,calibration
-1,-1,102,44,0,normal_tightening,1,[0],True,1742,63917,65658,1,True,21823.74,21841.16,21823.74,21841.16,17.42,0,0,1741,True,0.0100057438254,0.000239593953078,0.0099999999984,0.0200000000004,99.9425947187,3,"[0, 1, 2]",,True,calibration
-1,-1,103,1239,0,normal_tightening,1,[0],True,1734,1919087,1920820,1,True,9617.215,9634.825,9617.215,9634.825,17.61,0,0,1733,True,0.0101615695326,0.00154836632462,0.0099999999984,0.0400000000009,98.4099943214,2,"[1, 2]",,True,calibration
-1,-1,104,1901,0,normal_tightening,1,[0],True,1472,2941814,2943285,1,True,6557.255,6571.965,6557.255,6571.965,14.71,0,0,1471,True,0.01,1.64636126996e-10,0.00999999999749,0.0100000000029,100.0,3,"[0, 1, 2]",,True,calibration
-1,-1,105,1350,0,normal_tightening,1,[0],True,1712,2095489,2097200,1,True,8035.354,8052.464,8035.354,8052.464,17.11,0,0,1711,True,0.01,3.08005990352e-10,0.00999999999749,0.0100000000039,100.0,3,"[0, 1, 2]",,True,calibration
-1,-1,106,1308,0,normal_tightening,1,[0],True,1735,2028673,2030407,1,True,6972.035,6989.595,6972.035,6989.595,17.56,0,0,1734,True,0.0101268742791,0.00158788806273,0.00999999999749,0.0500000000002,98.7471526196,3,"[0, 1, 2]",,True,calibration
-1,-1,107,1757,0,normal_tightening,1,[0],True,1398,2719654,2721051,1,True,15957.394,15971.364,15957.394,15971.364,13.97,0,0,1397,True,0.01,0.0,0.00999999999658,0.0100000000039,100.0,2,"[1, 2]",,True,calibration
-1,-1,108,2544,0,normal_tightening,1,[0],True,1291,3953630,3954920,1,True,23885.054,23897.994,23885.054,23897.994,12.94,0,0,1290,True,0.0100310077519,0.000555982048926,0.0099999999984,0.0200000000004,99.6908809892,3,"[0, 1, 2]",,True,calibration
-1,-1,109,4056,0,normal_tightening,1,[0],True,1447,6188012,6189458,1,True,16470.35,16485.03,16470.35,16485.03,14.68,0,0,1446,True,0.0101521438451,0.00143232016222,0.0099999999984,0.0400000000009,98.5013623978,3,"[0, 1, 2]",,True,calibration
-1,-1,110,3894,0,normal_tightening,1,[0],True,1611,5926248,5927858,1,True,1409.657,1425.757,1409.657,1425.757,16.1,0,0,1610,True,0.01,1.23751184586e-09,0.00999999999931,0.0100000000007,100.0,3,"[0, 1, 2]",,True,calibration
-1,-1,111,26,0,normal_tightening,1,[0],True,1714,35651,37364,1,True,21540.64,21557.79,21540.64,21557.79,17.15,0,0,1713,True,0.0100116754232,0.000341493655641,0.0099999999984,0.0200000000004,99.8833819242,3,"[0, 1, 2]",,True,calibration
-1,-1,112,611,0,normal_tightening,1,[0],True,1362,954528,955889,1,True,8700.912,8714.692,8700.912,8714.692,13.78,0,0,1361,True,0.0101249081558,0.00111062122717,0.0099999999984,0.0200000000004,98.7663280116,2,"[1, 2]",,True,calibration
-1,-1,113,1895,0,normal_tightening,1,[0],True,1418,2933346,2934763,1,True,6472.575,6486.745,6472.575,6486.745,14.17,0,0,1417,True,0.01,0.0,0.00999999999749,0.0100000000029,100.0,3,"[0, 1, 2]",,True,calibration
-1,-1,114,4004,0,normal_tightening,1,[0],True,2160,6103197,6105356,1,True,19485.911,19507.501,19485.911,19507.501,21.59,0,0,2159,True,0.01,0.0,0.00999999999476,0.0100000000057,100.0,3,"[0, 1, 2]",,True,calibration
-1,-1,115,2382,0,normal_tightening,1,[0],True,1527,3690910,3692436,1,True,7365.545,7380.805,7365.545,7380.805,15.26,0,0,1526,True,0.01,0.0,0.00999999999749,0.010000000002,100.0,3,"[0, 1, 2]",,True,calibration
-1,-1,116,4070,0,normal_tightening,1,[0],True,1695,6209100,6210794,1,True,11246.899,11264.199,11246.899,11264.199,17.3,0,0,1694,True,0.010212514758,0.001597573183,0.0099999999984,0.0400000000009,97.9190751445,3,"[0, 1, 2]",,True,calibration
-1,-1,117,1450,0,normal_tightening,1,[0],True,1713,2254658,2256370,1,True,10192.555,10210.045,10192.555,10210.045,17.49,0,0,1712,True,0.0102161214953,0.0017461631916,0.0099999999984,0.0400000000009,97.8845054317,3,"[0, 1, 2]",,True,calibration
-1,-1,118,3930,0,normal_tightening,1,[0],True,1660,5986784,5988443,1,True,2681.75,2698.34,2681.75,2698.34,16.59,0,0,1659,True,0.01,4.65661287308e-10,0.00999999999976,0.0100000000002,100.0,3,"[0, 1, 2]",,True,calibration
-1,-1,119,195,0,normal_tightening,1,[0],True,1723,307662,309384,1,True,19434.717,19451.937,19434.717,19451.937,17.22,0,0,1722,True,0.01,0.0,0.0099999999984,0.010000000002,100.0,3,"[0, 1, 2]",,True,calibration
-1,-1,120,3372,0,normal_tightening,1,[0],True,1282,5122853,5124134,1,True,11704.732,11717.542,11704.732,11717.542,12.81,0,0,1281,True,0.01,0.0,0.0099999999984,0.0100000000002,100.0,3,"[0, 1, 2]",,True,calibration
-1,-1,121,1171,0,normal_tightening,1,[0],True,1712,1813607,1815318,1,True,8035.354,8052.464,8035.354,8052.464,17.11,0,0,1711,True,0.01,3.08005990352e-10,0.00999999999749,0.0100000000039,100.0,3,"[0, 1, 2]",,True,calibration
-1,-1,122,2234,0,normal_tightening,1,[0],True,1368,3457233,3458600,1,True,13948.33,13962.0,13948.33,13962.0,13.67,0,0,1367,True,0.01,0.0,0.00999999999476,0.0100000000057,100.0,3,"[0, 1, 2]",,True,calibration
-1,-1,123,969,0,normal_tightening,1,[0],True,1512,1506726,1508237,1,True,1443.774,1458.894,1443.774,1458.894,15.12,0,0,1511,True,0.0100066181337,0.00025717219362,0.00999999999954,0.02,99.9338624339,3,"[0, 1, 2]",,True,calibration
-1,-1,124,2584,0,normal_tightening,1,[0],True,1408,4020989,4022396,1,True,24984.674,24998.744,24984.674,24998.744,14.07,0,0,1407,True,0.01,8.06549008735e-10,0.0099999999984,0.010000000002,100.0,3,"[0, 1, 2]",,True,calibration
-1,-1,125,437,0,normal_tightening,1,[0],True,1757,687568,689324,1,True,5976.334,5993.894,5976.334,5993.894,17.56,0,0,1756,True,0.01,1.0605940571e-09,0.00999999999749,0.0100000000039,100.0,3,"[0, 1, 2]",,True,calibration
-1,-1,126,3264,0,normal_tightening,1,[0],True,1287,4960973,4962259,1,True,9885.41,9898.62,9885.41,9898.62,13.21,0,0,1286,True,0.0102721617418,0.00193292327109,0.0099999999984,0.0499999999993,97.3504920515,3,"[0, 1, 2]",,True,calibration
-1,-1,127,3592,0,normal_tightening,1,[0],True,1798,5451259,5453056,1,True,3369.533,3387.503,3369.533,3387.503,17.97,0,0,1797,True,0.01,7.1763224003e-10,0.00999999999976,0.0100000000002,100.0,3,"[0, 1, 2]",,True,calibration
-1,-1,128,1358,0,normal_tightening,1,[0],True,1293,2107183,2108475,1,True,8152.884,8165.994,8152.884,8165.994,13.11,0,0,1292,True,0.0101470588235,0.00163931450034,0.00999999999749,0.0500000000038,98.5507246377,3,"[0, 1, 2]",,True,calibration
-1,-1,129,631,0,normal_tightening,1,[0],True,1410,985235,986644,1,True,9013.082,9027.982,9013.082,9027.982,14.9,0,0,1409,True,0.0105748757984,0.00424868790361,0.0099999999984,0.0799999999999,94.5637583893,3,"[0, 1, 2]",,True,calibration
-1,-1,130,3934,0,normal_tightening,1,[0],True,1455,5993476,5994930,1,True,2748.7,2763.25,2748.7,2763.25,14.55,0,0,1454,True,0.0100068775791,0.000262161190543,0.00999999999976,0.02,99.9312714777,3,"[0, 1, 2]",,True,calibration
-1,-1,131,48,0,normal_tightening,1,[0],True,1710,70251,71960,1,True,21887.1,21904.2,21887.1,21904.2,17.1,0,0,1709,True,0.0100058513751,0.000241825375315,0.0099999999984,0.0200000000004,99.9415204678,3,"[0, 1, 2]",,True,calibration
-1,-1,132,163,0,normal_tightening,1,[0],True,1279,259368,260646,1,True,18951.547,18964.327,18951.547,18964.327,12.78,0,0,1278,True,0.01,3.95593885571e-05,0.00900000000183,0.0109999999986,100.0,3,"[0, 1, 2]",,True,calibration
-1,-1,133,3176,0,normal_tightening,1,[0],True,1417,4842834,4844250,1,True,14830.995,14845.295,14830.995,14845.295,14.3,0,0,1416,True,0.0100988700565,0.0025191579775,0.00999999999476,0.0900000000001,99.020979021,3,"[0, 1, 2]",,True,calibration
-1,-1,134,3816,0,normal_tightening,1,[0],True,1518,5802845,5804362,1,True,21764.765,21779.935,21764.765,21779.935,15.17,0,0,1517,True,0.01,5.20625146455e-10,0.0099999999984,0.010000000002,100.0,3,"[0, 1, 2]",,True,calibration
-1,-1,135,2732,0,normal_tightening,1,[0],True,1715,4247966,4249680,1,True,8532.384,8549.524,8532.384,8549.524,17.14,0,0,1714,True,0.01,6.98491930962e-10,0.0099999999984,0.010000000002,100.0,3,"[0, 1, 2]",,True,calibration
-1,-1,136,987,0,normal_tightening,1,[0],True,1500,1534331,1535830,1,True,1720.254,1735.254,1720.254,1735.254,15.0,0,0,1499,True,0.0100066711141,0.000258198832296,0.00999999999954,0.02,99.9333333333,3,"[0, 1, 2]",,True,calibration
-1,-1,137,3364,0,normal_tightening,1,[0],True,1402,5112489,5113890,1,True,11600.232,11614.292,11600.232,11614.292,14.06,0,0,1401,True,0.0100356887937,0.00133535238646,0.0099999999984,0.0600000000013,99.6443812233,3,"[0, 1, 2]",,True,calibration
-1,-1,138,2988,0,normal_tightening,1,[0],True,1728,4593341,4595068,1,True,7454.758,7472.038,7454.758,7472.038,17.28,0,0,1727,True,0.010005790388,0.000242957668134,0.00900000000001,0.0199999999959,99.9421296296,3,"[0, 1, 2]",,True,calibration
-1,-1,139,2091,0,normal_tightening,1,[0],True,1233,3234486,3235718,1,True,20172.681,20185.001,20172.681,20185.001,12.32,0,0,1232,True,0.01,1.06696404865e-09,0.00999999999476,0.0100000000057,100.0,2,"[1, 2]",,True,calibration
-1,-1,140,2948,0,normal_tightening,1,[0],True,1326,4540588,4541913,1,True,6925.818,6939.098,6925.818,6939.098,13.28,0,0,1325,True,0.0100226415094,0.000475291969589,0.00999999999658,0.0200000000032,99.7740963855,3,"[0, 1, 2]",,True,calibration
-1,-1,141,2624,0,normal_tightening,1,[0],True,1528,4083700,4085227,1,True,27196.23,27211.56,27196.23,27211.56,15.33,0,0,1527,True,0.0100392927308,0.000625606417596,0.0099999999984,0.0200000000004,99.6086105675,3,"[0, 1, 2]",,True,calibration
-1,-1,142,3132,0,normal_tightening,1,[0],True,1276,4786192,4787467,1,True,13938.178,13950.928,13938.178,13950.928,12.75,0,0,1275,True,0.01,0.0,0.0099999999984,0.0100000000002,100.0,3,"[0, 1, 2]",,True,calibration
-1,-1,143,1773,0,normal_tightening,1,[0],True,1331,2743142,2744472,1,True,16313.11,16326.41,16313.11,16326.41,13.3,0,0,1330,True,0.01,0.0,0.00999999999476,0.0100000000057,100.0,2,"[1, 2]",,True,calibration
-1,-1,144,3686,0,normal_tightening,1,[0],True,1740,5599206,5600945,1,True,18137.8,18155.19,18137.8,18155.19,17.39,0,0,1739,True,0.01,0.0,0.0099999999984,0.010000000002,100.0,3,"[0, 1, 2]",,True,calibration
-1,-1,145,2812,0,normal_tightening,1,[0],True,1881,4357634,4359514,1,True,9629.084,9647.884,9629.084,9647.884,18.8,0,0,1880,True,0.01,1.16415321827e-09,0.0099999999984,0.0100000000002,100.0,2,"[1, 2]",,True,calibration
-1,-1,146,1533,0,normal_tightening,1,[0],True,1469,2380193,2381661,1,True,1835.584,1850.264,1835.584,1850.264,14.68,0,0,1468,True,0.01,1.37251640234e-09,0.00999999999999,0.0100000000002,100.0,3,"[0, 1, 2]",,True,calibration
-1,-1,147,2660,0,normal_tightening,1,[0],True,1550,4140923,4142472,1,True,27769.06,27784.56,27769.06,27784.56,15.5,0,0,1549,True,0.0100064557779,0.000254000200989,0.0099999999984,0.0199999999968,99.935483871,2,"[1, 2]",,True,calibration
-1,-1,148,3892,0,normal_tightening,1,[0],True,1290,5923098,5924387,1,True,1378.157,1391.047,1378.157,1391.047,12.89,0,0,1289,True,0.01,1.03472201355e-09,0.00999999999931,0.0100000000007,100.0,2,"[1, 2]",,True,calibration
-1,-1,149,2642,0,normal_tightening,1,[0],True,1375,4112110,4113484,1,True,27480.53,27494.27,27480.53,27494.27,13.74,0,0,1374,True,0.01,8.8659267708e-10,0.0099999999984,0.010000000002,100.0,3,"[0, 1, 2]",,True,calibration
-1,-1,150,1402,0,normal_tightening,1,[0],True,1714,2177470,2179183,1,True,9380.125,9397.255,9380.125,9397.255,17.13,0,0,1713,True,0.01,8.47516335696e-10,0.0099999999984,0.0100000000002,100.0,3,"[0, 1, 2]",,True,calibration
-1,-1,151,2426,0,normal_tightening,1,[0],True,1638,3760559,3762196,1,True,8378.439,8394.829,8378.439,8394.829,16.39,0,0,1637,True,0.010012217471,0.000349321403937,0.0099999999984,0.0200000000004,99.8779743746,2,"[1, 2]",,True,calibration
-1,-1,152,3040,0,normal_tightening,1,[0],True,1760,4663613,4665372,1,True,8162.008,8179.598,8162.008,8179.598,17.59,0,0,1759,True,0.01,0.0,0.00999999999658,0.0100000000039,100.0,3,"[0, 1, 2]",,True,calibration
-1,-1,153,3532,0,normal_tightening,1,[0],True,1758,5362316,5364073,1,True,2218.444,2236.014,2218.444,2236.014,17.57,0,0,1757,True,0.01,6.58544507983e-10,0.00999999999976,0.0100000000002,100.0,3,"[0, 1, 2]",,True,calibration
-1,-1,154,2592,0,normal_tightening,1,[0],True,1565,4032484,4034048,1,True,26683.77,26699.44,26683.77,26699.44,15.67,0,0,1564,True,0.0100191815857,0.00043754762434,0.0099999999984,0.0200000000004,99.8085513721,3,"[0, 1, 2]",,True,calibration
-1,-1,155,1380,0,normal_tightening,1,[0],True,1744,2139980,2141723,1,True,8486.034,8503.484,8486.034,8503.484,17.45,0,0,1743,True,0.0100114744693,0.000338545461647,0.0099999999984,0.0200000000004,99.8853868195,2,"[1, 2]",,True,calibration
-1,-1,156,2272,0,normal_tightening,1,[0],True,1418,3518536,3519953,1,True,14561.54,14575.71,14561.54,14575.71,14.17,0,0,1417,True,0.01,0.0,0.00999999999476,0.0100000000057,100.0,3,"[0, 1, 2]",,True,calibration
-1,-1,157,307,0,normal_tightening,1,[0],True,1750,484081,485830,1,True,2116.49,2133.98,2116.49,2133.98,17.49,0,0,1749,True,0.01,6.37632978038e-10,0.00999999999976,0.0100000000002,100.0,3,"[0, 1, 2]",,True,calibration
-1,-1,158,3416,0,normal_tightening,1,[0],True,1290,5191286,5192575,1,True,12399.102,12412.102,12399.102,12412.102,13.0,0,0,1289,True,0.0100853374709,0.001000625436,0.0099999999984,0.0300000000007,99.1538461538,3,"[0, 1, 2]",,True,calibration
-1,-1,159,3674,0,normal_tightening,1,[0],True,1701,5578400,5580100,1,True,17929.74,17946.74,17929.74,17946.74,17.0,0,0,1700,True,0.01,2.01637252184e-10,0.00999999999476,0.0100000000057,100.0,3,"[0, 1, 2]",,True,calibration
-1,-1,160,3638,0,normal_tightening,1,[0],True,1673,5522766,5524438,1,True,17373.4,17390.12,17373.4,17390.12,16.72,0,0,1672,True,0.01,0.0,0.0099999999984,0.010000000002,100.0,3,"[0, 1, 2]",,True,calibration
-1,-1,161,1911,0,normal_tightening,1,[0],True,1223,2956413,2957635,1,True,6703.285,6715.505,6703.285,6715.505,12.22,0,0,1222,True,0.01,0.0,0.00999999999749,0.0100000000029,100.0,3,"[0, 1, 2]",,True,calibration
-1,-1,162,893,0,normal_tightening,1,[0],True,1357,1390844,1392200,1,True,2795.15,2808.71,2795.15,2808.71,13.56,0,0,1356,True,0.01,0.0,0.00999999999976,0.0100000000002,100.0,3,"[0, 1, 2]",,True,calibration
-1,-1,163,3784,0,normal_tightening,1,[0],True,1328,5749671,5750998,1,True,19713.847,19727.117,19713.847,19727.117,13.27,0,0,1327,True,0.01,9.74000462487e-10,0.0099999999984,0.010000000002,100.0,2,"[1, 2]",,True,calibration
-1,-1,164,30,0,normal_tightening,1,[0],True,1714,41716,43429,1,True,21601.33,21618.47,21601.33,21618.47,17.14,0,0,1713,True,0.0100058377116,0.000241543034051,0.0099999999984,0.0200000000004,99.9416569428,3,"[0, 1, 2]",,True,calibration
-1,-1,165,759,0,normal_tightening,1,[0],True,1347,1179540,1180886,1,True,16281.48,16294.94,16281.48,16294.94,13.46,0,0,1346,True,0.01,0.0,0.00999999999476,0.0100000000057,100.0,2,"[1, 2]",,True,calibration
-1,-1,166,2344,0,normal_tightening,1,[0],True,1389,3630865,3632253,1,True,6221.758,6235.648,6221.758,6235.648,13.89,0,0,1388,True,0.0100072046109,0.000268317355266,0.00999999999658,0.0200000000032,99.9280057595,3,"[0, 1, 2]",,True,calibration
-1,-1,167,231,0,normal_tightening,1,[0],True,1812,363377,365188,1,True,20444.821,20462.931,20444.821,20462.931,18.11,0,0,1811,True,0.01,3.49245965481e-10,0.00999999999476,0.0100000000057,100.0,3,"[0, 1, 2]",,True,calibration
-1,-1,168,3224,0,normal_tightening,1,[0],True,1763,4906914,4908676,1,True,15479.705,15497.325,15479.705,15497.325,17.62,0,0,1762,True,0.01,9.80932937606e-10,0.00999999999476,0.0100000000057,100.0,3,"[0, 1, 2]",,True,calibration
-1,-1,169,2626,0,normal_tightening,1,[0],True,1648,4087014,4088661,1,True,27229.44,27245.91,27229.44,27245.91,16.47,0,0,1647,True,0.01,0.0,0.0099999999984,0.010000000002,100.0,3,"[0, 1, 2]",,True,calibration
-1,-1,170,2184,0,normal_tightening,1,[0],True,1586,3379205,3380790,1,True,12943.371,12959.221,12943.371,12959.221,15.85,0,0,1585,True,0.01,3.29272253991e-10,0.0099999999984,0.0100000000039,100.0,3,"[0, 1, 2]",,True,calibration
-1,-1,171,2902,0,normal_tightening,1,[0],True,1356,4475672,4477027,1,True,6271.578,6285.238,6271.578,6285.238,13.66,0,0,1355,True,0.0100811808118,0.00135643066189,0.00900000000001,0.0499999999993,99.1947291362,3,"[0, 1, 2]",,True,calibration
-1,-1,172,2400,0,normal_tightening,1,[0],True,1512,3721350,3722861,1,True,7670.145,7685.255,7670.145,7685.255,15.11,0,0,1511,True,0.01,0.0,0.00999999999749,0.010000000002,100.0,3,"[0, 1, 2]",,True,calibration
-1,-1,173,96,0,normal_tightening,1,[0],True,1827,151384,153210,1,True,22699.22,22717.49,22699.22,22717.49,18.27,0,0,1826,True,0.0100054764513,0.000233954100374,0.0099999999984,0.0200000000004,99.9452654625,3,"[0, 1, 2]",,True,calibration
-1,-1,174,335,0,normal_tightening,1,[0],True,1674,528961,530634,1,True,2567.05,2584.24,2567.05,2584.24,17.19,0,0,1673,True,0.0102749551704,0.00187370527072,0.00999999999976,0.0300000000002,97.3240255963,3,"[0, 1, 2]",,True,calibration
-1,-1,175,3914,0,normal_tightening,1,[0],True,1396,5960427,5961822,1,True,2129.714,2143.664,2129.714,2143.664,13.95,0,0,1395,True,0.01,0.0,0.00999999999976,0.0100000000002,100.0,2,"[1, 2]",,True,calibration
-1,-1,176,3956,0,normal_tightening,1,[0],True,1731,6027884,6029614,1,True,18645.215,18662.515,18645.215,18662.515,17.3,0,0,1730,True,0.01,0.0,0.0099999999984,0.010000000002,100.0,3,"[0, 1, 2]",,True,calibration
-1,-1,177,3010,0,normal_tightening,1,[0],True,1728,4619958,4621685,1,True,7722.088,7739.368,7722.088,7739.368,17.28,0,0,1727,True,0.010005790388,0.000240562571755,0.00999999999658,0.0199999999968,99.9421296297,3,"[0, 1, 2]",,True,calibration
-1,-1,178,2198,0,normal_tightening,1,[0],True,1488,3403013,3404500,1,True,13181.541,13196.411,13181.541,13196.411,14.87,0,0,1487,True,0.01,0.0,0.0099999999984,0.0100000000039,100.0,2,"[1, 2]",,True,calibration
-1,-1,179,3924,0,normal_tightening,1,[0],True,1575,5976525,5978099,1,True,2579.15,2594.89,2579.15,2594.89,15.74,0,0,1574,True,0.01,0.0,0.00999999999976,0.0100000000002,100.0,3,"[0, 1, 2]",,True,calibration
-1,-1,180,901,0,normal_tightening,1,[0],True,1703,1402508,1404210,1,True,2911.85,2928.88,2911.85,2928.88,17.03,0,0,1702,True,0.0100058754407,0.000242321864011,0.00999999999976,0.02,99.941280094,3,"[0, 1, 2]",,True,calibration
-1,-1,181,1346,0,normal_tightening,1,[0],True,1671,2089138,2090808,1,True,7971.534,7988.414,7971.534,7988.414,16.88,0,0,1670,True,0.0101077844311,0.00146426470937,0.00999999999749,0.04,98.9336492891,3,"[0, 1, 2]",,True,calibration
-1,-1,182,3650,0,normal_tightening,1,[0],True,1708,5540078,5541785,1,True,17546.52,17563.59,17546.52,17563.59,17.07,0,0,1707,True,0.01,0.0,0.0099999999984,0.010000000002,100.0,3,"[0, 1, 2]",,True,calibration
-1,-1,183,213,0,normal_tightening,1,[0],True,1233,336177,337409,1,True,20172.681,20185.001,20172.681,20185.001,12.32,0,0,1232,True,0.01,1.06696404865e-09,0.00999999999476,0.0100000000057,100.0,2,"[1, 2]",,True,calibration
-1,-1,184,2632,0,normal_tightening,1,[0],True,1370,4097288,4098657,1,True,27332.18,27345.93,27332.18,27345.93,13.75,0,0,1369,True,0.0100438276114,0.000660571914644,0.0099999999984,0.0200000000004,99.5636363636,2,"[1, 2]",,True,calibration
-1,-1,185,3922,0,normal_tightening,1,[0],True,1359,5973313,5974671,1,True,2258.574,2272.154,2258.574,2272.154,13.58,0,0,1358,True,0.01,0.0,0.00999999999976,0.0100000000002,100.0,2,"[1, 2]",,True,calibration
-1,-1,186,1107,0,normal_tightening,1,[0],True,1366,1715628,1716993,1,True,4415.191,4428.841,4415.191,4428.841,13.65,0,0,1365,True,0.01,0.0,0.0099999999984,0.0100000000011,100.0,3,"[0, 1, 2]",,True,calibration
-1,-1,187,3690,0,normal_tightening,1,[0],True,1732,5605572,5607303,1,True,18201.46,18218.77,18201.46,18218.77,17.31,0,0,1731,True,0.01,0.0,0.0099999999984,0.010000000002,100.0,3,"[0, 1, 2]",,True,calibration
-1,-1,188,451,0,normal_tightening,1,[0],True,1741,710564,712304,1,True,6207.924,6225.464,6207.924,6225.464,17.54,0,0,1740,True,0.0100804597701,0.000955545108978,0.00999999999749,0.0300000000016,99.2018244014,3,"[0, 1, 2]",,True,calibration
-1,-1,189,827,0,normal_tightening,1,[0],True,1230,1288264,1289493,1,True,1766.53,1778.82,1766.53,1778.82,12.29,0,0,1229,True,0.01,1.18148647774e-09,0.00999999999931,0.0100000000007,100.0,3,"[0, 1, 2]",,True,calibration
-1,-1,190,3244,0,normal_tightening,1,[0],True,1754,4935143,4936896,1,True,15763.655,15781.185,15763.655,15781.185,17.53,0,0,1753,True,0.01,9.74000462487e-10,0.00999999999476,0.0100000000057,100.0,3,"[0, 1, 2]",,True,calibration
-1,-1,191,661,0,normal_tightening,1,[0],True,1219,1029004,1030222,1,True,13785.969,13798.149,13785.969,13798.149,12.18,0,0,1218,True,0.01,0.0,0.00999999999658,0.0100000000039,100.0,3,"[0, 1, 2]",,True,calibration
-1,-1,192,1933,0,normal_tightening,1,[0],True,1525,2992485,2994009,1,True,7064.145,7079.385,7064.145,7079.385,15.24,0,0,1524,True,0.01,3.68137571515e-10,0.00999999999749,0.0100000000029,100.0,3,"[0, 1, 2]",,True,calibration
-1,-1,193,263,0,normal_tightening,1,[0],True,2224,414585,416808,1,True,21443.988,21466.218,21443.988,21466.218,22.23,0,0,2223,True,0.01,0.0,0.00999999999476,0.010000000002,100.0,3,"[0, 1, 2]",,True,calibration
-1,-1,194,3798,0,normal_tightening,1,[0],True,1538,5772457,5773994,1,True,21460.875,21476.245,21460.875,21476.245,15.37,0,0,1537,True,0.01,4.79992668333e-10,0.0099999999984,0.010000000002,100.0,3,"[0, 1, 2]",,True,calibration
-1,-1,195,817,0,normal_tightening,1,[0],True,1397,1273672,1275068,1,True,821.14,835.1,821.14,835.1,13.96,0,0,1396,True,0.01,1.2265115223e-09,0.00999999999976,0.0100000000003,100.0,3,"[0, 1, 2]",,True,calibration
-1,-1,196,2764,0,normal_tightening,1,[0],True,1725,4293624,4295348,1,True,8988.984,9006.224,8988.984,9006.224,17.24,0,0,1724,True,0.01,7.08126757561e-10,0.0099999999984,0.010000000002,100.0,3,"[0, 1, 2]",,True,calibration
-1,-1,197,909,0,normal_tightening,1,[0],True,1736,1416432,1418167,1,True,3051.12,3068.49,3051.12,3068.49,17.37,0,0,1735,True,0.0100115273775,0.000480015281001,0.00999999999976,0.0299999999997,99.8848589522,3,"[0, 1, 2]",,True,calibration
-1,-1,198,589,0,normal_tightening,1,[0],True,1697,920018,921714,1,True,7505.175,7522.135,7505.175,7522.135,16.96,0,0,1696,True,0.01,5.46036260182e-10,0.00999999999749,0.010000000002,100.0,3,"[0, 1, 2]",,True,calibration
-1,-1,199,423,0,normal_tightening,1,[0],True,1754,665048,666801,1,True,5165.457,5182.987,5165.457,5182.987,17.53,0,0,1753,True,0.01,9.74000462487e-10,0.0099999999984,0.0100000000029,100.0,3,"[0, 1, 2]",,True,calibration
-1,-1,200,2502,0,normal_tightening,1,[0],True,1229,3887522,3888750,1,True,10083.919,10096.489,10083.919,10096.489,12.57,0,0,1228,True,0.0102361563518,0.00157119704206,0.0099999999984,0.0300000000007,97.69291965,3,"[0, 1, 2]",,True,calibration
-1,-1,201,1945,0,normal_tightening,1,[0],True,1349,3010214,3011562,1,True,7241.455,7254.985,7241.455,7254.985,13.53,0,0,1348,True,0.0100370919881,0.000719661043947,0.00999999999749,0.0299999999997,99.63045085,3,"[0, 1, 2]",,True,calibration
-1,-1,202,108,0,normal_tightening,1,[0],True,1750,172264,174013,1,True,22908.61,22926.12,22908.61,22926.12,17.51,0,0,1749,True,0.0100114351058,0.000337964933259,0.0099999999984,0.0200000000004,99.8857795545,2,"[1, 2]",,True,calibration
-1,-1,203,1817,0,normal_tightening,1,[0],True,1610,2814538,2816147,1,True,17357.047,17373.387,17357.047,17373.387,16.34,0,0,1609,True,0.0101553760099,0.00162736771092,0.00999999999476,0.0400000000009,98.4700122399,3,"[0, 1, 2]",,True,calibration
-1,-1,204,3988,0,normal_tightening,1,[0],True,1687,6078264,6079950,1,True,19236.571,19253.431,19236.571,19253.431,16.86,0,0,1686,True,0.01,5.33482024325e-10,0.00999999999476,0.0100000000057,100.0,2,"[1, 2]",,True,calibration
-1,-1,205,3780,0,normal_tightening,1,[0],True,1363,5743997,5745359,1,True,19657.107,19670.727,19657.107,19670.727,13.62,0,0,1362,True,0.01,9.01749205358e-10,0.0099999999984,0.010000000002,100.0,2,"[1, 2]",,True,calibration
-1,-1,206,3838,0,normal_tightening,1,[0],True,1343,5835746,5837088,1,True,22957.763,22971.183,22957.763,22971.183,13.42,0,0,1342,True,0.01,9.4576254541e-10,0.0099999999984,0.010000000002,100.0,2,"[1, 2]",,True,calibration
-1,-1,207,4010,0,normal_tightening,1,[0],True,1753,6113693,6115445,1,True,19590.871,19608.401,19590.871,19608.401,17.53,0,0,1752,True,0.0100057077626,0.000238841049615,0.00999999999476,0.0199999999968,99.9429549344,2,"[1, 2]",,True,calibration
-1,-1,208,4066,0,normal_tightening,1,[0],True,1691,6202665,6204355,1,True,11180.829,11197.959,11180.829,11197.959,17.13,0,0,1690,True,0.0101360946746,0.00130286398788,0.0099999999984,0.0399999999991,98.6573263281,2,"[1, 2]",,True,calibration
-1,-1,209,2944,0,normal_tightening,1,[0],True,1716,4534193,4535908,1,True,6861.758,6878.918,6861.758,6878.918,17.16,0,0,1715,True,0.0100058309038,0.000241402233788,0.00999999999658,0.0200000000013,99.9417249417,3,"[0, 1, 2]",,True,calibration
-1,-1,210,2260,0,normal_tightening,1,[0],True,1508,3500463,3501970,1,True,14380.63,14395.7,14380.63,14395.7,15.07,0,0,1507,True,0.01,0.0,0.00999999999476,0.0100000000057,100.0,3,"[0, 1, 2]",,True,calibration
-1,-1,211,1251,0,normal_tightening,1,[0],True,1712,1939744,1941455,1,True,9859.445,9876.775,9859.445,9876.775,17.33,0,0,1711,True,0.0101285797779,0.00144481831735,0.0099999999984,0.0400000000009,98.730525101,3,"[0, 1, 2]",,True,calibration
-1,-1,212,1919,0,normal_tightening,1,[0],True,1519,2969795,2971313,1,True,6837.115,6852.295,6837.115,6852.295,15.18,0,0,1518,True,0.01,3.68137571515e-10,0.00999999999749,0.0100000000029,100.0,3,"[0, 1, 2]",,True,calibration
-1,-1,213,1579,0,normal_tightening,1,[0],True,1462,2449782,2451243,1,True,3146.785,3161.395,3146.785,3161.395,14.61,0,0,1461,True,0.01,0.0,0.00999999999976,0.0100000000002,100.0,3,"[0, 1, 2]",,True,calibration
-1,-1,214,1991,0,normal_tightening,1,[0],True,1315,3080363,3081677,1,True,8796.572,8809.862,8796.572,8809.862,13.29,0,0,1314,True,0.0101141552511,0.0010623187328,0.0099999999984,0.0200000000004,98.8713318284,2,"[1, 2]",,True,calibration
-1,-1,215,1583,0,normal_tightening,1,[0],True,1427,2455157,2456583,1,True,3200.535,3214.795,3200.535,3214.795,14.26,0,0,1426,True,0.01,0.0,0.00999999999976,0.0100000000002,100.0,3,"[0, 1, 2]",,True,calibration
-1,-1,216,1977,0,normal_tightening,1,[0],True,1501,3057636,3059136,1,True,7717.085,7732.125,7717.085,7732.125,15.04,0,0,1500,True,0.0100266666667,0.000631893099251,0.00999999999749,0.0299999999997,99.7340425532,3,"[0, 1, 2]",,True,calibration
-1,-1,217,449,0,normal_tightening,1,[0],True,1696,707495,709190,1,True,6175.854,6193.374,6175.854,6193.374,17.52,0,0,1695,True,0.0103362831858,0.00236846521683,0.00999999999749,0.0500000000002,96.7465753425,3,"[0, 1, 2]",,True,calibration
-1,-1,218,2836,0,normal_tightening,1,[0],True,1809,4388365,4390173,1,True,9936.394,9954.474,9936.394,9954.474,18.08,0,0,1808,True,0.01,1.04773789644e-09,0.0099999999984,0.0100000000002,100.0,3,"[0, 1, 2]",,True,calibration
-1,-1,219,3864,0,normal_tightening,1,[0],True,1534,5878495,5880028,1,True,24407.669,24422.999,24407.669,24422.999,15.33,0,0,1533,True,0.01,4.79992668333e-10,0.0099999999984,0.010000000002,100.0,3,"[0, 1, 2]",,True,calibration
-1,-1,220,3646,0,normal_tightening,1,[0],True,1227,5534753,5535979,1,True,17493.27,17505.53,17493.27,17505.53,12.26,0,0,1226,True,0.01,1.14063254687e-09,0.0099999999984,0.010000000002,100.0,3,"[0, 1, 2]",,True,calibration
-1,-1,221,2698,0,normal_tightening,1,[0],True,1645,4203938,4205582,1,True,28399.84,28416.37,28399.84,28416.37,16.53,0,0,1644,True,0.0100547445255,0.000816151207519,0.0099999999984,0.0299999999988,99.4555353902,3,"[0, 1, 2]",,True,calibration
-1,-1,222,3314,0,normal_tightening,1,[0],True,1368,5037843,5039210,1,True,10763.79,10777.99,10763.79,10777.99,14.2,0,0,1367,True,0.0103877103146,0.00249278601204,0.0099999999984,0.0400000000009,96.2676056338,2,"[1, 2]",,True,calibration
-1,-1,223,1725,0,normal_tightening,1,[0],True,1342,2669356,2670697,1,True,15453.944,15467.354,15453.944,15467.354,13.41,0,0,1341,True,0.01,0.0,0.00999999999658,0.0100000000039,100.0,3,"[0, 1, 2]",,True,calibration
-1,-1,224,74,0,normal_tightening,1,[0],True,1696,113378,115073,1,True,22318.56,22335.53,22318.56,22335.53,16.97,0,0,1695,True,0.01001179941,0.000343299976966,0.0099999999984,0.0200000000004,99.8821449617,2,"[1, 2]",,True,calibration
-1,-1,225,3496,0,normal_tightening,1,[0],True,1284,5309989,5311272,1,True,1695.164,1707.994,1695.164,1707.994,12.83,0,0,1283,True,0.01,1.22097419595e-09,0.00999999999954,0.0100000000007,100.0,2,"[1, 2]",,True,calibration
-1,-1,226,861,0,normal_tightening,1,[0],True,1743,1342583,1344325,1,True,2311.21,2328.63,2311.21,2328.63,17.42,0,0,1742,True,0.01,6.37632978038e-10,0.00999999999976,0.0100000000002,100.0,3,"[0, 1, 2]",,True,calibration
-1,-1,227,2262,0,normal_tightening,1,[0],True,1364,3503803,3505166,1,True,14414.03,14427.66,14414.03,14427.66,13.63,0,0,1363,True,0.01,0.0,0.00999999999476,0.0100000000057,100.0,3,"[0, 1, 2]",,True,calibration
-1,-1,228,88,0,normal_tightening,1,[0],True,1765,137174,138938,1,True,22557.05,22574.69,22557.05,22574.69,17.64,0,0,1764,True,0.01,0.0,0.0099999999984,0.010000000002,100.0,3,"[0, 1, 2]",,True,calibration
-1,-1,229,4000,0,normal_tightening,1,[0],True,1725,6096363,6098087,1,True,19417.571,19434.811,19417.571,19434.811,17.24,0,0,1724,True,0.01,4.93908380987e-10,0.00999999999476,0.0100000000057,100.0,3,"[0, 1, 2]",,True,calibration
-1,-1,230,2644,0,normal_tightening,1,[0],True,1495,4114923,4116417,1,True,27508.67,27523.61,27508.67,27523.61,14.94,0,0,1494,True,0.01,6.04911756551e-10,0.0099999999984,0.010000000002,100.0,3,"[0, 1, 2]",,True,calibration
-1,-1,231,1460,0,normal_tightening,1,[0],True,1877,2270784,2272660,1,True,10354.715,10373.475,10354.715,10373.475,18.76,0,0,1876,True,0.01,1.16415321827e-09,0.0099999999984,0.0100000000002,100.0,3,"[0, 1, 2]",,True,calibration
-1,-1,232,3740,0,normal_tightening,1,[0],True,1276,5683587,5684862,1,True,3045.209,3057.959,3045.209,3057.959,12.75,0,0,1275,True,0.01,0.0,0.00999999999885,0.0100000000011,100.0,3,"[0, 1, 2]",,True,calibration
-1,-1,233,453,0,normal_tightening,1,[0],True,1770,713728,715497,1,True,6239.814,6257.524,6239.814,6257.524,17.71,0,0,1769,True,0.0100113058225,0.000475382612625,0.00999999999749,0.0300000000016,99.8870694523,3,"[0, 1, 2]",,True,calibration
-1,-1,234,235,0,normal_tightening,1,[0],True,1718,370248,371965,1,True,20513.611,20530.781,20513.611,20530.781,17.17,0,0,1717,True,0.01,5.33482024325e-10,0.00999999999476,0.0100000000057,100.0,3,"[0, 1, 2]",,True,calibration
-1,-1,235,1193,0,normal_tightening,1,[0],True,1730,1845144,1846873,1,True,8352.144,8369.514,8352.144,8369.514,17.37,0,0,1729,True,0.01004626952,0.00107452181472,0.0099999999984,0.0499999999993,99.5394358089,2,"[1, 2]",,True,calibration
-1,-1,236,3458,0,normal_tightening,1,[0],True,2313,5252613,5254925,1,True,1087.254,1110.654,1087.254,1110.654,23.4,0,0,2312,True,0.0101211072664,0.00127629606516,0.00999999999976,0.04,98.8034188034,3,"[0, 1, 2]",,True,calibration
-1,-1,237,373,0,normal_tightening,1,[0],True,1789,586371,588159,1,True,3141.96,3159.84,3141.96,3159.84,17.88,0,0,1788,True,0.01,7.08126757561e-10,0.00999999999976,0.0100000000002,100.0,3,"[0, 1, 2]",,True,calibration
-1,-1,238,3718,0,normal_tightening,1,[0],True,1339,5648448,5649786,1,True,2141.678,2155.058,2141.678,2155.058,13.38,0,0,1338,True,0.01,0.0,0.00999999999976,0.0100000000002,100.0,3,"[0, 1, 2]",,True,calibration
-1,-1,239,1057,0,normal_tightening,1,[0],True,1282,1639791,1641072,1,True,3375.095,3387.905,3375.095,3387.905,12.81,0,0,1281,True,0.01,0.0,0.00999999999976,0.0100000000002,100.0,3,"[0, 1, 2]",,True,calibration
-1,-1,240,3890,0,normal_tightening,1,[0],True,1467,5919762,5921228,1,True,1344.797,1359.457,1344.797,1359.457,14.66,0,0,1466,True,0.01,1.14655795062e-09,0.00999999999954,0.0100000000004,100.0,3,"[0, 1, 2]",,True,calibration
-1,-1,241,3140,0,normal_tightening,1,[0],True,1201,4794996,4796196,1,True,14028.048,14040.488,14028.048,14040.488,12.44,0,0,1200,True,0.0103666666667,0.00308742971127,0.0099999999984,0.0599999999995,96.463022508,2,"[1, 2]",,True,calibration
-1,-1,242,2001,0,normal_tightening,1,[0],True,1503,3095006,3096508,1,True,8944.872,8960.142,8944.872,8960.142,15.27,0,0,1502,True,0.0101664447403,0.00142695862895,0.0099999999984,0.0399999999991,98.3628028815,3,"[0, 1, 2]",,True,calibration
-1,-1,243,3368,0,normal_tightening,1,[0],True,1341,5117978,5119318,1,True,11655.762,11669.162,11655.762,11669.162,13.4,0,0,1340,True,0.01,0.0,0.0099999999984,0.0100000000002,100.0,3,"[0, 1, 2]",,True,calibration
-1,-1,244,349,0,normal_tightening,1,[0],True,1228,549012,550239,1,True,2768.14,2780.41,2768.14,2780.41,12.27,0,0,1227,True,0.01,0.0,0.00999999999976,0.0100000000002,100.0,3,"[0, 1, 2]",,True,calibration
-1,-1,245,116,0,normal_tightening,1,[0],True,1703,185888,187590,1,True,23045.0,23062.02,23045.0,23062.02,17.02,0,0,1702,True,0.01,0.0,0.0099999999984,0.010000000002,100.0,3,"[0, 1, 2]",,True,calibration
-1,-1,246,1191,0,normal_tightening,1,[0],True,1749,1842043,1843791,1,True,8321.104,8338.604,8321.104,8338.604,17.5,0,0,1748,True,0.0100114416476,0.000338061480626,0.0099999999984,0.0200000000004,99.8857142857,3,"[0, 1, 2]",,True,calibration
-1,-1,247,763,0,normal_tightening,1,[0],True,1341,1185891,1187231,1,True,16344.99,16358.39,16344.99,16358.39,13.4,0,0,1340,True,0.01,0.0,0.00999999999476,0.0100000000057,100.0,3,"[0, 1, 2]",,True,calibration
-1,-1,248,4048,0,normal_tightening,1,[0],True,1314,6174649,6175962,1,True,16336.24,16349.37,16336.24,16349.37,13.13,0,0,1313,True,0.01,0.0,0.00999999999476,0.0100000000057,100.0,3,"[0, 1, 2]",,True,calibration
-1,-1,249,3858,0,normal_tightening,1,[0],True,1677,5867551,5869227,1,True,23275.873,23292.633,23275.873,23292.633,16.76,0,0,1676,True,0.01,0.0,0.0099999999984,0.010000000002,100.0,3,"[0, 1, 2]",,True,calibration
-1,-1,250,3392,0,normal_tightening,1,[0],True,1554,5154713,5156266,1,True,12027.292,12042.942,12027.292,12042.942,15.65,0,0,1553,True,0.0100772698004,0.00107381394278,0.0099999999984,0.0399999999991,99.2332268371,2,"[1, 2]",,True,calibration
-1,-1,251,157,0,normal_tightening,1,[0],True,1737,250006,251742,1,True,18857.887,18875.257,18857.887,18875.257,17.37,0,0,1736,True,0.0100057603687,0.000249356771968,0.00799999999799,0.0200000000004,99.9424294761,3,"[0, 1, 2]",,True,calibration
-1,-1,252,581,0,normal_tightening,1,[0],True,1326,908427,909752,1,True,7389.085,7402.335,7389.085,7402.335,13.25,0,0,1325,True,0.01,0.0,0.00999999999749,0.010000000002,100.0,3,"[0, 1, 2]",,True,calibration
-1,-1,253,783,0,normal_tightening,1,[0],True,1562,1218933,1220494,1,True,16675.78,16691.39,16675.78,16691.39,15.61,0,0,1561,True,0.01,4.03274504367e-10,0.0099999999984,0.010000000002,100.0,2,"[1, 2]",,True,calibration
-1,-1,254,3534,0,normal_tightening,1,[0],True,1755,5365668,5367422,1,True,2251.964,2269.514,2251.964,2269.514,17.55,0,0,1754,True,0.0100057012543,0.000238704919219,0.00999999999976,0.02,99.943019943,3,"[0, 1, 2]",,True,calibration
-1,-1,255,2720,0,normal_tightening,1,[0],True,1496,4232021,4233516,1,True,8372.934,8387.884,8372.934,8387.884,14.95,0,0,1495,True,0.01,0.0,0.0099999999984,0.010000000002,100.0,2,"[1, 2]",,True,calibration
-1,-1,256,3702,0,normal_tightening,1,[0],True,1455,5625542,5626996,1,True,1912.578,1927.118,1912.578,1927.118,14.54,0,0,1454,True,0.01,1.3675703812e-09,0.00999999999999,0.0100000000002,100.0,3,"[0, 1, 2]",,True,calibration
-1,-1,257,3422,0,normal_tightening,1,[0],True,1526,5200074,5201599,1,True,12488.992,12504.822,12488.992,12504.822,15.83,0,0,1525,True,0.0103803278689,0.00245342314705,0.0099999999984,0.0400000000009,96.3360707517,3,"[0, 1, 2]",,True,calibration
-1,-1,258,3486,0,normal_tightening,1,[0],True,1744,5295685,5297428,1,True,1552.124,1569.554,1552.124,1569.554,17.43,0,0,1743,True,0.01,1.40665168567e-09,0.00999999999954,0.0100000000007,100.0,3,"[0, 1, 2]",,True,calibration
-1,-1,259,317,0,normal_tightening,1,[0],True,1743,500132,501874,1,True,2277.81,2295.26,2277.81,2295.26,17.45,0,0,1742,True,0.0100172215844,0.000535471589774,0.00999999999976,0.0299999999997,99.8280802292,3,"[0, 1, 2]",,True,calibration
-1,-1,260,181,0,normal_tightening,1,[0],True,1716,284399,286114,1,True,19201.967,19219.127,19201.967,19219.127,17.16,0,0,1715,True,0.0100058309038,0.000241402233765,0.0099999999984,0.0200000000004,99.9417249417,3,"[0, 1, 2]",,True,calibration
-1,-1,261,1025,0,normal_tightening,1,[0],True,1570,1589534,1591103,1,True,2272.454,2288.144,2272.454,2288.144,15.69,0,0,1569,True,0.01,0.0,0.00999999999976,0.0100000000002,100.0,3,"[0, 1, 2]",,True,calibration
-1,-1,262,2972,0,normal_tightening,1,[0],True,1747,4569399,4571145,1,True,7214.238,7231.978,7214.238,7231.978,17.74,0,0,1746,True,0.0101603665521,0.00181553329593,0.00999999999658,0.0400000000009,98.4216459977,3,"[0, 1, 2]",,True,calibration
-1,-1,263,2332,0,normal_tightening,1,[0],True,1295,3614153,3615447,1,True,15519.64,15532.81,15519.64,15532.81,13.17,0,0,1294,True,0.0101777434312,0.00143351337477,0.00999999999476,0.0299999999988,98.2536066819,3,"[0, 1, 2]",,True,calibration
-1,-1,264,2804,0,normal_tightening,1,[0],True,1905,4346004,4347908,1,True,9512.784,9531.824,9512.784,9531.824,19.04,0,0,1904,True,0.01,1.20420945259e-09,0.0099999999984,0.0100000000002,100.0,3,"[0, 1, 2]",,True,calibration
-1,-1,265,3822,0,normal_tightening,1,[0],True,1492,5812952,5814443,1,True,21865.845,21880.755,21865.845,21880.755,14.91,0,0,1491,True,0.01,5.93603997677e-10,0.0099999999984,0.010000000002,100.0,3,"[0, 1, 2]",,True,calibration
-1,-1,266,591,0,normal_tightening,1,[0],True,1700,923506,925205,1,True,7540.105,7557.125,7540.105,7557.125,17.02,0,0,1699,True,0.0100176574456,0.000542198279095,0.00999999999749,0.0299999999997,99.8237367803,2,"[1, 2]",,True,calibration
-1,-1,267,2200,0,normal_tightening,1,[0],True,1428,3406321,3407748,1,True,13214.621,13228.911,13214.621,13228.911,14.29,0,0,1427,True,0.010014015417,0.000374109258988,0.0099999999984,0.0200000000004,99.8600419874,3,"[0, 1, 2]",,True,calibration
-1,-1,268,579,0,normal_tightening,1,[0],True,1407,905210,906616,1,True,7356.715,7370.855,7356.715,7370.855,14.14,0,0,1406,True,0.0100568990043,0.00106524297165,0.00999999999749,0.04,99.4342291372,3,"[0, 1, 2]",,True,calibration
-1,-1,269,531,0,normal_tightening,1,[0],True,1450,830317,831766,1,True,6607.405,6621.895,6607.405,6621.895,14.49,0,0,1449,True,0.01,0.0,0.00999999999749,0.0100000000029,100.0,3,"[0, 1, 2]",,True,calibration
-1,-1,270,2546,0,normal_tightening,1,[0],True,1234,3956765,3957998,1,True,23916.484,23928.974,23916.484,23928.974,12.49,0,0,1233,True,0.0101297648013,0.00138911234815,0.0099999999984,0.0300000000025,98.7189751802,2,"[1, 2]",,True,calibration
-1,-1,271,761,0,normal_tightening,1,[0],True,1331,1182703,1184033,1,True,16313.11,16326.41,16313.11,16326.41,13.3,0,0,1330,True,0.01,0.0,0.00999999999476,0.0100000000057,100.0,2,"[1, 2]",,True,calibration
-1,-1,272,2406,0,normal_tightening,1,[0],True,1413,3730835,3732247,1,True,7765.035,7779.165,7765.035,7779.165,14.13,0,0,1412,True,0.010007082153,0.000266028894711,0.00999999999749,0.0199999999977,99.9292285916,3,"[0, 1, 2]",,True,calibration
-1,-1,273,745,0,normal_tightening,1,[0],True,1398,1159215,1160612,1,True,15957.394,15971.364,15957.394,15971.364,13.97,0,0,1397,True,0.01,0.0,0.00999999999658,0.0100000000039,100.0,2,"[1, 2]",,True,calibration
-1,-1,274,567,0,normal_tightening,1,[0],True,1398,888168,889565,1,True,7186.075,7200.045,7186.075,7200.045,13.97,0,0,1397,True,0.01,0.0,0.00999999999749,0.0100000000029,100.0,3,"[0, 1, 2]",,True,calibration
-1,-1,275,4078,0,normal_tightening,1,[0],True,1737,6221342,6223078,1,True,11369.819,11387.179,11369.819,11387.179,17.36,0,0,1736,True,0.01,7.9810323664e-10,0.0099999999984,0.010000000002,100.0,3,"[0, 1, 2]",,True,calibration
-1,-1,276,3212,0,normal_tightening,1,[0],True,1838,4890623,4892460,1,True,15313.555,15331.935,15313.555,15331.935,18.38,0,0,1837,True,0.0100054436581,0.000233252969916,0.00999999999476,0.0200000000004,99.9455930359,3,"[0, 1, 2]",,True,calibration
-1,-1,277,2688,0,normal_tightening,1,[0],True,1533,4186843,4188375,1,True,28228.74,28244.06,28228.74,28244.06,15.32,0,0,1532,True,0.01,5.20625146455e-10,0.0099999999984,0.010000000002,100.0,3,"[0, 1, 2]",,True,calibration
-1,-1,278,3484,0,normal_tightening,1,[0],True,1751,5292404,5294154,1,True,1519.314,1536.814,1519.314,1536.814,17.5,0,0,1750,True,0.01,1.41625351512e-09,0.00999999999954,0.0100000000007,100.0,3,"[0, 1, 2]",,True,calibration
-1,-1,279,2708,0,normal_tightening,1,[0],True,1265,4218523,4219787,1,True,8237.944,8250.584,8237.944,8250.584,12.64,0,0,1264,True,0.01,0.0,0.0099999999984,0.010000000002,100.0,2,"[1, 2]",,True,calibration
-1,-1,280,1448,0,normal_tightening,1,[0],True,1680,2251583,2253262,1,True,10161.535,10178.445,10161.535,10178.445,16.91,0,0,1679,True,0.0100714711138,0.000910341441642,0.0099999999984,0.0300000000007,99.2903607333,3,"[0, 1, 2]",,True,calibration
-1,-1,281,291,0,normal_tightening,1,[0],True,1470,457511,458980,1,True,1850.31,1865.0,1850.31,1865.0,14.69,0,0,1469,True,0.01,1.37744466381e-09,0.00999999999999,0.0100000000002,100.0,3,"[0, 1, 2]",,True,calibration
-1,-1,282,3678,0,normal_tightening,1,[0],True,2212,5585235,5587446,1,True,17998.09,18020.2,17998.09,18020.2,22.11,0,0,2211,True,0.01,0.0,0.00999999999476,0.0100000000057,100.0,3,"[0, 1, 2]",,True,calibration
-1,-1,283,261,0,normal_tightening,1,[0],True,1800,411081,412880,1,True,21408.948,21426.938,21408.948,21426.938,17.99,0,0,1799,True,0.01,3.3342596513e-05,0.0089999999982,0.0110000000022,100.0,3,"[0, 1, 2]",,True,calibration
-1,-1,284,2178,0,normal_tightening,1,[0],True,1222,3369319,3370540,1,True,12844.511,12856.721,12844.511,12856.721,12.21,0,0,1221,True,0.01,0.0,0.0099999999984,0.0100000000039,100.0,3,"[0, 1, 2]",,True,calibration
-1,-1,285,2238,0,normal_tightening,1,[0],True,1547,3463518,3465064,1,True,14011.18,14026.64,14011.18,14026.64,15.46,0,0,1546,True,0.01,3.86105942348e-10,0.00999999999476,0.0100000000057,100.0,3,"[0, 1, 2]",,True,calibration
-1,-1,286,3618,0,normal_tightening,1,[0],True,1381,5490043,5491423,1,True,17046.17,17059.97,17046.17,17059.97,13.8,0,0,1380,True,0.01,8.71172497695e-10,0.0099999999984,0.010000000002,100.0,2,"[1, 2]",,True,calibration
-1,-1,287,1418,0,normal_tightening,1,[0],True,1734,2200969,2202702,1,True,9617.215,9634.825,9617.215,9634.825,17.61,0,0,1733,True,0.0101615695326,0.00154836632462,0.0099999999984,0.0400000000009,98.4099943214,2,"[1, 2]",,True,calibration
-1,-1,288,2166,0,normal_tightening,1,[0],True,1319,3351265,3352583,1,True,12663.501,12676.911,12663.501,12676.911,13.41,0,0,1318,True,0.0101745068285,0.00259272113919,0.0099999999984,0.0700000000015,98.2848620433,3,"[0, 1, 2]",,True,calibration
-1,-1,289,1400,0,normal_tightening,1,[0],True,1726,2174189,2175914,1,True,9347.315,9364.565,9347.315,9364.565,17.25,0,0,1725,True,0.01,8.78916405522e-10,0.0099999999984,0.0100000000002,100.0,3,"[0, 1, 2]",,True,calibration
-1,-1,290,2946,0,normal_tightening,1,[0],True,1698,4537401,4539098,1,True,6893.888,6910.898,6893.888,6910.898,17.01,0,0,1697,True,0.0100235710077,0.000484927297875,0.00999999999658,0.0200000000032,99.7648442093,2,"[1, 2]",,True,calibration
-1,-1,291,1189,0,normal_tightening,1,[0],True,1711,1838905,1840615,1,True,8289.664,8306.824,8289.664,8306.824,17.16,0,0,1710,True,0.0100350877193,0.0006830849942,0.0099999999984,0.0299999999988,99.6503496503,3,"[0, 1, 2]",,True,calibration
-1,-1,292,3298,0,normal_tightening,1,[0],True,1498,5014944,5016441,1,True,10532.46,10547.76,10532.46,10547.76,15.3,0,0,1497,True,0.0102204408818,0.00179572239236,0.0099999999984,0.0400000000009,97.8431372549,3,"[0, 1, 2]",,True,calibration
-1,-1,293,1017,0,normal_tightening,1,[0],True,1573,1577433,1579005,1,True,2151.294,2167.014,2151.294,2167.014,15.72,0,0,1572,True,0.01,0.0,0.00999999999976,0.0100000000002,100.0,2,"[1, 2]",,True,calibration
-1,-1,294,1803,0,normal_tightening,1,[0],True,1323,2792960,2794282,1,True,17137.927,17151.267,17137.927,17151.267,13.34,0,0,1322,True,0.0100907715582,0.00139945618707,0.00999999999476,0.0400000000009,99.1004497751,2,"[1, 2]",,True,calibration
-1,-1,295,2252,0,normal_tightening,1,[0],True,1545,3487150,3488694,1,True,14247.5,14262.94,14247.5,14262.94,15.44,0,0,1544,True,0.01,3.68137571515e-10,0.00999999999476,0.0100000000057,100.0,3,"[0, 1, 2]",,True,calibration
-1,-1,296,2602,0,normal_tightening,1,[0],True,1311,4046988,4048298,1,True,26828.9,26842.0,26828.9,26842.0,13.1,0,0,1310,True,0.01,1.00818626092e-09,0.0099999999984,0.010000000002,100.0,3,"[0, 1, 2]",,True,calibration
-1,-1,297,3778,0,normal_tightening,1,[0],True,1534,5741049,5742582,1,True,19627.627,19642.957,19627.627,19642.957,15.33,0,0,1533,True,0.01,4.79992668333e-10,0.0099999999984,0.010000000002,100.0,3,"[0, 1, 2]",,True,calibration
-1,-1,298,617,0,normal_tightening,1,[0],True,1315,963855,965169,1,True,8796.572,8809.862,8796.572,8809.862,13.29,0,0,1314,True,0.0101141552511,0.0010623187328,0.0099999999984,0.0200000000004,98.8713318284,2,"[1, 2]",,True,calibration
-1,-1,299,22,0,normal_tightening,1,[0],True,1386,29680,31065,1,True,21480.91,21494.76,21480.91,21494.76,13.85,0,0,1385,True,0.01,8.63359133608e-10,0.0099999999984,0.010000000002,100.0,3,"[0, 1, 2]",,True,calibration
-1,-1,300,633,0,normal_tightening,1,[0],True,1326,988471,989796,1,True,9046.762,9060.372,9046.762,9060.372,13.61,0,0,1325,True,0.0102716981132,0.00241101069845,0.0099999999984,0.0499999999993,97.3548861131,3,"[0, 1, 2]",,True,calibration
-1,-1,301,775,0,normal_tightening,1,[0],True,1603,1205949,1207551,1,True,16545.84,16561.95,16545.84,16561.95,16.11,0,0,1602,True,0.0100561797753,0.000826731837285,0.0099999999984,0.0300000000025,99.4413407821,3,"[0, 1, 2]",,True,calibration
-1,-1,302,2820,0,normal_tightening,1,[0],True,1217,4368296,4369512,1,True,9735.704,9747.864,9735.704,9747.864,12.16,0,0,1216,True,0.01,0.0,0.0099999999984,0.0100000000002,100.0,3,"[0, 1, 2]",,True,calibration
-1,-1,303,2212,0,normal_tightening,1,[0],True,1400,3426026,3427425,1,True,13412.011,13426.001,13412.011,13426.001,13.99,0,0,1399,True,0.01,0.0,0.0099999999984,0.0100000000039,100.0,3,"[0, 1, 2]",,True,calibration
-1,-1,304,1061,0,normal_tightening,1,[0],True,1620,1645582,1647201,1,True,3433.005,3449.195,3433.005,3449.195,16.19,0,0,1619,True,0.01,3.08005990352e-10,0.00999999999976,0.0100000000002,100.0,3,"[0, 1, 2]",,True,calibration
-1,-1,305,1392,0,normal_tightening,1,[0],True,1816,2160919,2162734,1,True,9214.205,9232.355,9214.205,9232.355,18.15,0,0,1815,True,0.01,1.06696404865e-09,0.0099999999984,0.0100000000002,100.0,3,"[0, 1, 2]",,True,calibration
-1,-1,306,2748,0,normal_tightening,1,[0],True,1710,4271522,4273231,1,True,8767.964,8785.054,8767.964,8785.054,17.09,0,0,1709,True,0.01,6.88722331903e-10,0.0099999999984,0.010000000002,100.0,3,"[0, 1, 2]",,True,calibration
-1,-1,307,3710,0,normal_tightening,1,[0],True,1399,5636719,5638117,1,True,2024.358,2038.338,2024.358,2038.338,13.98,0,0,1398,True,0.01,1.32733889052e-09,0.00999999999999,0.0100000000002,100.0,3,"[0, 1, 2]",,True,calibration
-1,-1,308,2097,0,normal_tightening,1,[0],True,1714,3242162,3243875,1,True,20249.501,20266.631,20249.501,20266.631,17.13,0,0,1713,True,0.01,5.07442623323e-10,0.00999999999476,0.0100000000057,100.0,3,"[0, 1, 2]",,True,calibration
-1,-1,309,435,0,normal_tightening,1,[0],True,1769,684075,685843,1,True,5941.404,5959.084,5941.404,5959.084,17.68,0,0,1768,True,0.01,1.07329623509e-09,0.00999999999749,0.0100000000039,100.0,3,"[0, 1, 2]",,True,calibration
-1,-1,310,525,0,normal_tightening,1,[0],True,1485,822519,824003,1,True,6529.385,6544.225,6529.385,6544.225,14.84,0,0,1484,True,0.01,2.01637252184e-10,0.00999999999749,0.0100000000029,100.0,2,"[1, 2]",,True,calibration
-1,-1,311,1983,0,normal_tightening,1,[0],True,1339,3067919,3069257,1,True,8668.962,8682.512,8668.962,8682.512,13.55,0,0,1338,True,0.0101270553064,0.00118485730976,0.0099999999984,0.0300000000007,98.7453874539,3,"[0, 1, 2]",,True,calibration
-1,-1,312,2396,0,normal_tightening,1,[0],True,1646,3714535,3716180,1,True,7601.965,7618.425,7601.965,7618.425,16.46,0,0,1645,True,0.0100060790274,0.000246481883736,0.00999999999749,0.0200000000023,99.9392466586,2,"[1, 2]",,True,calibration
-1,-1,313,643,0,normal_tightening,1,[0],True,1435,1002915,1004349,1,True,13524.889,13539.399,13524.889,13539.399,14.51,0,0,1434,True,0.0101185495119,0.00155777766617,0.00999999999658,0.0499999999993,98.8283942109,3,"[0, 1, 2]",,True,calibration
-1,-1,314,1679,0,normal_tightening,1,[0],True,1677,2597711,2599387,1,True,13868.659,13885.439,13868.659,13885.439,16.78,0,0,1676,True,0.0100119331742,0.000345238094147,0.00999999999658,0.0200000000041,99.8808104887,3,"[0, 1, 2]",,True,calibration
-1,-1,315,1143,0,normal_tightening,1,[0],True,1742,1768372,1770113,1,True,7580.894,7598.304,7580.894,7598.304,17.41,0,0,1741,True,0.01,3.86105942348e-10,0.00999999999749,0.0100000000039,100.0,3,"[0, 1, 2]",,True,calibration
-1,-1,316,1599,0,normal_tightening,1,[0],True,1620,2478404,2480023,1,True,3433.005,3449.195,3433.005,3449.195,16.19,0,0,1619,True,0.01,3.08005990352e-10,0.00999999999976,0.0100000000002,100.0,3,"[0, 1, 2]",,True,calibration
-1,-1,317,805,0,normal_tightening,1,[0],True,1610,1254099,1255708,1,True,17357.047,17373.387,17357.047,17373.387,16.34,0,0,1609,True,0.0101553760099,0.00162736771092,0.00999999999476,0.0400000000009,98.4700122399,3,"[0, 1, 2]",,True,calibration
-1,-1,318,3760,0,normal_tightening,1,[0],True,1761,5712632,5714392,1,True,3335.869,3353.489,3335.869,3353.489,17.62,0,0,1760,True,0.0100113636364,0.000336908342736,0.00999999999885,0.02,99.886492622,3,"[0, 1, 2]",,True,calibration
-1,-1,319,1366,0,normal_tightening,1,[0],True,1374,2118017,2119390,1,True,8261.964,8275.694,8261.964,8275.694,13.73,0,0,1373,True,0.01,0.0,0.0099999999984,0.010000000002,100.0,3,"[0, 1, 2]",,True,calibration
-1,-1,320,3414,0,normal_tightening,1,[0],True,1631,5188234,5189864,1,True,12368.342,12384.802,12368.342,12384.802,16.46,0,0,1630,True,0.0100981595092,0.0010462596185,0.0099999999984,0.0300000000007,99.0279465371,3,"[0, 1, 2]",,True,calibration
-1,-1,321,3916,0,normal_tightening,1,[0],True,1395,5963687,5965081,1,True,2162.314,2176.254,2162.314,2176.254,13.94,0,0,1394,True,0.01,0.0,0.00999999999976,0.0100000000002,100.0,3,"[0, 1, 2]",,True,calibration
-1,-1,322,3882,0,normal_tightening,1,[0],True,1399,5907613,5909011,1,True,1223.307,1237.287,1223.307,1237.287,13.98,0,0,1398,True,0.01,1.2484152446e-09,0.00999999999954,0.0100000000004,100.0,3,"[0, 1, 2]",,True,calibration
-1,-1,323,3972,0,normal_tightening,1,[0],True,1234,6052866,6054099,1,True,18895.085,18907.415,18895.085,18907.415,12.33,0,0,1233,True,0.01,1.14063254687e-09,0.0099999999984,0.010000000002,100.0,2,"[1, 2]",,True,calibration
-1,-1,324,2700,0,normal_tightening,1,[0],True,1337,4207417,4208753,1,True,28434.74,28448.11,28434.74,28448.11,13.37,0,0,1336,True,0.0100074850299,0.000273485417775,0.0099999999984,0.0200000000004,99.9252056844,3,"[0, 1, 2]",,True,calibration
-1,-1,325,3540,0,normal_tightening,1,[0],True,1827,5374327,5376153,1,True,2338.604,2356.884,2338.604,2356.884,18.28,0,0,1826,True,0.0100109529025,0.000330770402422,0.00999999999976,0.02,99.8905908096,3,"[0, 1, 2]",,True,calibration
-1,-1,326,1364,0,normal_tightening,1,[0],True,1328,2115258,2116585,1,True,8234.204,8247.544,8234.204,8247.544,13.34,0,0,1327,True,0.0100527505652,0.00106187882163,0.0099999999984,0.0399999999991,99.4752623688,2,"[1, 2]",,True,calibration
-1,-1,327,3854,0,normal_tightening,1,[0],True,1562,5860861,5862422,1,True,23208.953,23224.563,23208.953,23224.563,15.61,0,0,1561,True,0.01,4.03274504367e-10,0.0099999999984,0.010000000002,100.0,2,"[1, 2]",,True,calibration
-1,-1,328,1215,0,normal_tightening,1,[0],True,1711,1882436,1884146,1,True,9248.305,9265.635,9248.305,9265.635,17.33,0,0,1710,True,0.010134502924,0.00129530513632,0.0099999999984,0.0300000000007,98.6728216965,3,"[0, 1, 2]",,True,calibration
-1,-1,329,313,0,normal_tightening,1,[0],True,1691,493481,495171,1,True,2211.15,2228.16,2211.15,2228.16,17.01,0,0,1690,True,0.0100650887574,0.000874639481672,0.00999999999976,0.0300000000002,99.3533215755,3,"[0, 1, 2]",,True,calibration
-1,-1,330,2792,0,normal_tightening,1,[0],True,1856,4328482,4330337,1,True,9337.564,9356.114,9337.564,9356.114,18.55,0,0,1855,True,0.01,1.12868842143e-09,0.0099999999984,0.0100000000002,100.0,3,"[0, 1, 2]",,True,calibration
-1,-1,331,1185,0,normal_tightening,1,[0],True,1328,1833376,1834703,1,True,8234.204,8247.544,8234.204,8247.544,13.34,0,0,1327,True,0.0100527505652,0.00106187882163,0.0099999999984,0.0399999999991,99.4752623688,2,"[1, 2]",,True,calibration
-1,-1,332,857,0,normal_tightening,1,[0],True,1723,1335936,1337658,1,True,2244.52,2261.76,2244.52,2261.76,17.24,0,0,1722,True,0.0100116144019,0.000481822729684,0.00999999999976,0.0300000000002,99.8839907193,3,"[0, 1, 2]",,True,calibration
-1,-1,333,78,0,normal_tightening,1,[0],True,1821,120035,121855,1,True,22385.21,22403.41,22385.21,22403.41,18.2,0,0,1820,True,0.01,0.0,0.0099999999984,0.010000000002,100.0,3,"[0, 1, 2]",,True,calibration
-1,-1,334,3432,0,normal_tightening,1,[0],True,1458,5215362,5216819,1,True,714.694,729.274,714.694,729.274,14.58,0,0,1457,True,0.010006863418,0.000261891338759,0.00999999999976,0.02,99.9314128944,3,"[0, 1, 2]",,True,calibration
-1,-1,335,3936,0,normal_tightening,1,[0],True,1356,5996745,5998100,1,True,2781.4,2794.97,2781.4,2794.97,13.57,0,0,1355,True,0.0100147601476,0.000383905735899,0.00999999999976,0.02,99.8526160649,3,"[0, 1, 2]",,True,calibration
-1,-1,336,112,0,normal_tightening,1,[0],True,1706,179060,180765,1,True,22976.69,22993.75,22976.69,22993.75,17.06,0,0,1705,True,0.0100058651026,0.00024210870899,0.0099999999984,0.0200000000004,99.9413833529,3,"[0, 1, 2]",,True,calibration
-1,-1,337,1271,0,normal_tightening,1,[0],True,1713,1972776,1974488,1,True,10192.555,10210.045,10192.555,10210.045,17.49,0,0,1712,True,0.0102161214953,0.0017461631916,0.0099999999984,0.0400000000009,97.8845054317,3,"[0, 1, 2]",,True,calibration
-1,-1,338,3406,0,normal_tightening,1,[0],True,1324,5176561,5177884,1,True,12249.172,12262.742,12249.172,12262.742,13.57,0,0,1323,True,0.0102569916856,0.00180547224514,0.0099999999984,0.0400000000009,97.4944731024,3,"[0, 1, 2]",,True,calibration
-1,-1,339,2194,0,normal_tightening,1,[0],True,1498,3396309,3397806,1,True,13114.501,13129.471,13114.501,13129.471,14.97,0,0,1497,True,0.01,0.0,0.0099999999984,0.0100000000039,100.0,3,"[0, 1, 2]",,True,calibration
-1,-1,340,52,0,normal_tightening,1,[0],True,1765,76635,78399,1,True,21950.96,21968.6,21950.96,21968.6,17.64,0,0,1764,True,0.01,0.0,0.0099999999984,0.010000000002,100.0,3,"[0, 1, 2]",,True,calibration
-1,-1,341,2,0,normal_tightening,1,[0],True,1355,2004,3358,1,True,21202.92,21216.62,21202.92,21216.62,13.7,0,0,1354,True,0.01011816839,0.001080610999,0.0099999999984,0.0200000000004,98.8321167883,2,"[1, 2]",,True,calibration
-1,-1,342,1789,0,normal_tightening,1,[0],True,1704,2769830,2771533,1,True,16580.35,16597.39,16580.35,16597.39,17.04,0,0,1703,True,0.0100058719906,0.000242250749801,0.0099999999984,0.0200000000004,99.941314554,3,"[0, 1, 2]",,True,calibration
-1,-1,343,2788,0,normal_tightening,1,[0],True,1733,4322703,4324435,1,True,9279.774,9297.094,9279.774,9297.094,17.32,0,0,1732,True,0.01,9.16655160721e-10,0.0099999999984,0.0100000000002,100.0,3,"[0, 1, 2]",,True,calibration
-1,-1,344,2059,0,normal_tightening,1,[0],True,1716,3182708,3184423,1,True,19201.967,19219.127,19201.967,19219.127,17.16,0,0,1715,True,0.0100058309038,0.000241402233765,0.0099999999984,0.0200000000004,99.9417249417,3,"[0, 1, 2]",,True,calibration
-1,-1,345,3626,0,normal_tightening,1,[0],True,1705,5502752,5504456,1,True,17173.26,17190.3,17173.26,17190.3,17.04,0,0,1704,True,0.01,0.0,0.0099999999984,0.010000000002,100.0,3,"[0, 1, 2]",,True,calibration
-1,-1,346,2286,0,normal_tightening,1,[0],True,1572,3540368,3541939,1,True,14780.51,14796.22,14780.51,14796.22,15.71,0,0,1571,True,0.01,4.93908380987e-10,0.00999999999476,0.0100000000057,100.0,3,"[0, 1, 2]",,True,calibration
-1,-1,347,2290,0,normal_tightening,1,[0],True,1616,3547170,3548785,1,True,14848.86,14865.03,14848.86,14865.03,16.17,0,0,1615,True,0.0100123839009,0.000351689704533,0.00999999999476,0.0200000000004,99.876314162,3,"[0, 1, 2]",,True,calibration
-1,-1,348,2564,0,normal_tightening,1,[0],True,1489,3986961,3988449,1,True,24218.884,24233.804,24218.884,24233.804,14.92,0,0,1488,True,0.0100268817204,0.000634431382845,0.0099999999984,0.0299999999988,99.7319034852,3,"[0, 1, 2]",,True,calibration
-1,-1,349,3270,0,normal_tightening,1,[0],True,1314,4970013,4971326,1,True,9978.47,9991.8,9978.47,9991.8,13.33,0,0,1313,True,0.0101523229246,0.00139892664083,0.0099999999984,0.0300000000007,98.4996249062,3,"[0, 1, 2]",,True,calibration
-1,-1,350,947,0,normal_tightening,1,[0],True,1330,1473429,1474758,1,True,1110.734,1124.024,1110.734,1124.024,13.29,0,0,1329,True,0.01,1.26994123154e-09,0.00999999999976,0.0100000000004,100.0,3,"[0, 1, 2]",,True,calibration
-1,-1,351,2374,0,normal_tightening,1,[0],True,1250,3678563,3679812,1,True,6699.158,6711.678,6699.158,6711.678,12.52,0,0,1249,True,0.0100240192154,0.000632252586682,0.00999999999658,0.0299999999961,99.7603833866,2,"[1, 2]",,True,calibration
-1,-1,352,1352,0,normal_tightening,1,[0],True,1323,2098767,2100089,1,True,8068.134,8081.354,8068.134,8081.354,13.22,0,0,1322,True,0.01,0.0,0.00999999999749,0.0100000000039,100.0,3,"[0, 1, 2]",,True,calibration
-1,-1,353,1887,0,normal_tightening,1,[0],True,1368,2921659,2923026,1,True,6355.685,6369.355,6355.685,6369.355,13.67,0,0,1367,True,0.01,0.0,0.00999999999749,0.0100000000029,100.0,3,"[0, 1, 2]",,True,calibration
-1,-1,354,1553,0,normal_tightening,1,[0],True,1570,2408348,2409917,1,True,2117.144,2132.834,2117.144,2132.834,15.69,0,0,1569,True,0.01,0.0,0.00999999999976,0.0100000000002,100.0,2,"[1, 2]",,True,calibration
-1,-1,355,1929,0,normal_tightening,1,[0],True,1523,2985879,2987401,1,True,6998.055,7013.295,6998.055,7013.295,15.24,0,0,1522,True,0.0100131406045,0.000362261465265,0.00999999999749,0.0200000000013,99.8687664042,2,"[1, 2]",,True,calibration
-1,-1,356,2888,0,normal_tightening,1,[0],True,1363,4461501,4462863,1,True,6129.238,6142.858,6129.238,6142.858,13.62,0,0,1362,True,0.01,6.68755109252e-10,0.00999999999658,0.0100000000039,100.0,3,"[0, 1, 2]",,True,calibration
-1,-1,357,3648,0,normal_tightening,1,[0],True,1287,5537380,5538666,1,True,17519.54,17532.4,17519.54,17532.4,12.86,0,0,1286,True,0.01,1.06696404865e-09,0.0099999999984,0.010000000002,100.0,3,"[0, 1, 2]",,True,calibration
-1,-1,358,1007,0,normal_tightening,1,[0],True,1316,1562145,1563460,1,True,1998.414,2011.564,1998.414,2011.564,13.15,0,0,1315,True,0.01,1.25922423629e-09,0.00999999999999,0.0100000000002,100.0,3,"[0, 1, 2]",,True,calibration
-1,-1,359,1761,0,normal_tightening,1,[0],True,1428,2725429,2726856,1,True,16015.174,16029.444,16015.174,16029.444,14.27,0,0,1427,True,0.01,0.0,0.00999999999658,0.0100000000039,100.0,2,"[1, 2]",,True,calibration
-1,-1,360,3992,0,normal_tightening,1,[0],True,1377,6084654,6086030,1,True,19300.471,19314.231,19300.471,19314.231,13.76,0,0,1376,True,0.01,9.31322574615e-10,0.00999999999476,0.0100000000057,100.0,2,"[1, 2]",,True,calibration
-1,-1,361,1320,0,normal_tightening,1,[0],True,1695,2046932,2048626,1,True,7547.674,7564.614,7547.674,7564.614,16.94,0,0,1694,True,0.01,2.01637252184e-10,0.00999999999749,0.0100000000039,100.0,2,"[1, 2]",,True,calibration
-1,-1,362,419,0,normal_tightening,1,[0],True,1704,658533,660236,1,True,5100.307,5117.337,5100.307,5117.337,17.03,0,0,1703,True,0.01,9.16655160721e-10,0.0099999999984,0.0100000000029,100.0,2,"[1, 2]",,True,calibration
-1,-1,363,3306,0,normal_tightening,1,[0],True,1394,5027134,5028527,1,True,10655.84,10669.78,10655.84,10669.78,13.94,0,0,1393,True,0.0100071787509,0.000267835722999,0.0099999999984,0.0200000000004,99.9282639885,3,"[0, 1, 2]",,True,calibration
-1,-1,364,615,0,normal_tightening,1,[0],True,1251,960789,962039,1,True,8765.132,8777.832,8765.132,8777.832,12.7,0,0,1250,True,0.01016,0.00164146276232,0.0099999999984,0.0400000000009,98.4251968504,3,"[0, 1, 2]",,True,calibration
-1,-1,365,1765,0,normal_tightening,1,[0],True,1412,2731473,2732884,1,True,16196.39,16210.5,16196.39,16210.5,14.11,0,0,1411,True,0.01,0.0,0.00999999999476,0.0100000000057,100.0,3,"[0, 1, 2]",,True,calibration
-1,-1,366,3254,0,normal_tightening,1,[0],True,1575,4948083,4949657,1,True,9753.74,9769.69,9753.74,9769.69,15.95,0,0,1574,True,0.0101334180432,0.0013507920898,0.0099999999984,0.0399999999991,98.6833855799,3,"[0, 1, 2]",,True,calibration
-1,-1,367,1053,0,normal_tightening,1,[0],True,1296,1633576,1634871,1,True,3312.945,3325.895,3312.945,3325.895,12.95,0,0,1295,True,0.01,0.0,0.00999999999976,0.0100000000002,100.0,3,"[0, 1, 2]",,True,calibration
-1,-1,368,4014,0,normal_tightening,1,[0],True,1776,6120077,6121852,1,True,19654.721,19672.471,19654.721,19672.471,17.75,0,0,1775,True,0.01,4.19741412097e-10,0.00999999999476,0.0100000000057,100.0,3,"[0, 1, 2]",,True,calibration
-1,-1,369,3738,0,normal_tightening,1,[0],True,1238,5680820,5682057,1,True,3017.539,3029.909,3017.539,3029.909,12.37,0,0,1237,True,0.01,0.0,0.00999999999885,0.0100000000011,100.0,3,"[0, 1, 2]",,True,calibration
-1,-1,370,3662,0,normal_tightening,1,[0],True,1729,5560250,5561978,1,True,17748.24,17765.52,17748.24,17765.52,17.28,0,0,1728,True,0.01,0.0,0.00999999999476,0.0100000000057,100.0,3,"[0, 1, 2]",,True,calibration
-1,-1,371,1617,0,normal_tightening,1,[0],True,1364,2505563,2506926,1,True,4016.461,4030.091,4016.461,4030.091,13.63,0,0,1363,True,0.01,0.0,0.00999999999976,0.0100000000002,100.0,3,"[0, 1, 2]",,True,calibration
-1,-1,372,2916,0,normal_tightening,1,[0],True,1686,4493820,4495505,1,True,6454.658,6471.598,6454.658,6471.598,16.94,0,0,1685,True,0.0100534124629,0.00100361154317,0.00900000000001,0.04,99.4687131051,3,"[0, 1, 2]",,True,calibration
-1,-1,373,243,0,normal_tightening,1,[0],True,1751,383640,385390,1,True,21134.208,21151.708,21134.208,21151.708,17.5,0,0,1750,True,0.01,0.0,0.00999999999476,0.010000000002,100.0,2,"[1, 2]",,True,calibration
-1,-1,374,3434,0,normal_tightening,1,[0],True,1274,5218410,5219683,1,True,745.184,757.914,745.184,757.914,12.73,0,0,1273,True,0.01,1.26459408682e-09,0.00999999999976,0.0100000000002,100.0,3,"[0, 1, 2]",,True,calibration
-1,-1,375,2508,0,normal_tightening,1,[0],True,1568,3897227,3898794,1,True,10181.359,10197.049,10181.359,10197.049,15.69,0,0,1567,True,0.0100127632419,0.000357028735962,0.0099999999984,0.0200000000004,99.8725302741,2,"[1, 2]",,True,calibration
-1,-1,376,2608,0,normal_tightening,1,[0],True,1526,4056247,4057772,1,True,26921.52,26936.79,26921.52,26936.79,15.27,0,0,1525,True,0.0100131147541,0.000361905435467,0.0099999999984,0.0200000000004,99.8690242305,3,"[0, 1, 2]",,True,calibration
-1,-1,377,1356,0,normal_tightening,1,[0],True,1266,2104443,2105708,1,True,8125.394,8138.064,8125.394,8138.064,12.67,0,0,1265,True,0.0100158102767,0.000397306936571,0.00999999999749,0.0199999999977,99.8421468035,3,"[0, 1, 2]",,True,calibration
-1,-1,378,4086,0,normal_tightening,1,[0],True,1235,6234669,6235903,1,True,11503.199,11515.539,11503.199,11515.539,12.34,0,0,1234,True,0.01,0.0,0.0099999999984,0.010000000002,100.0,3,"[0, 1, 2]",,True,calibration
-1,-1,379,1573,0,normal_tightening,1,[0],True,1525,2439904,2441428,1,True,2432.864,2448.104,2432.864,2448.104,15.24,0,0,1524,True,0.01,0.0,0.00999999999976,0.0100000000002,100.0,2,"[1, 2]",,True,calibration
-1,-1,380,4090,0,normal_tightening,1,[0],True,1771,6240786,6242556,1,True,11564.409,11582.429,11564.409,11582.429,18.02,0,0,1770,True,0.0101807909605,0.00141464233421,0.0099999999984,0.0300000000007,98.2241953385,3,"[0, 1, 2]",,True,calibration
-1,-1,381,533,0,normal_tightening,1,[0],True,1281,833620,834900,1,True,6640.435,6653.235,6640.435,6653.235,12.8,0,0,1280,True,0.01,0.0,0.00999999999749,0.0100000000029,100.0,3,"[0, 1, 2]",,True,calibration
-1,-1,382,1360,0,normal_tightening,1,[0],True,1217,2109942,2111158,1,True,8180.664,8192.824,8180.664,8192.824,12.16,0,0,1216,True,0.01,0.0,0.00999999999749,0.0100000000039,100.0,3,"[0, 1, 2]",,True,calibration
-1,-1,383,2808,0,normal_tightening,1,[0],True,1762,4351995,4353756,1,True,9572.694,9590.304,9572.694,9590.304,17.61,0,0,1761,True,0.01,9.74000462487e-10,0.0099999999984,0.0100000000002,100.0,3,"[0, 1, 2]",,True,calibration
-1,-1,384,3276,0,normal_tightening,1,[0],True,1638,4978280,4979917,1,True,10062.67,10079.11,10062.67,10079.11,16.44,0,0,1637,True,0.0100427611484,0.000652520473685,0.0099999999984,0.0200000000004,99.5742092457,3,"[0, 1, 2]",,True,calibration
-1,-1,385,3716,0,normal_tightening,1,[0],True,1338,5645247,5646584,1,True,2109.668,2123.038,2109.668,2123.038,13.37,0,0,1337,True,0.01,0.0,0.00999999999976,0.0100000000002,100.0,3,"[0, 1, 2]",,True,calibration
-1,-1,386,2266,0,normal_tightening,1,[0],True,1412,3510347,3511758,1,True,14479.5,14493.68,14479.5,14493.68,14.18,0,0,1411,True,0.0100496102055,0.00079710998435,0.00999999999476,0.0300000000007,99.5063469676,3,"[0, 1, 2]",,True,calibration
-1,-1,387,3348,0,normal_tightening,1,[0],True,1444,5088311,5089754,1,True,11355.532,11370.922,11355.532,11370.922,15.39,0,0,1443,True,0.0106652806653,0.00336725606647,0.0099999999984,0.0599999999995,93.7621832359,3,"[0, 1, 2]",,True,calibration
-1,-1,388,2434,0,normal_tightening,1,[0],True,1559,3774424,3775982,1,True,8517.179,8532.769,8517.179,8532.769,15.59,0,0,1558,True,0.0100064184852,0.000253265977682,0.0099999999984,0.0200000000023,99.9358563182,3,"[0, 1, 2]",,True,calibration
-1,-1,389,24,0,normal_tightening,1,[0],True,1678,32463,34140,1,True,21508.75,21525.52,21508.75,21525.52,16.77,0,0,1677,True,0.01,0.0,0.0099999999984,0.010000000002,100.0,3,"[0, 1, 2]",,True,calibration
-1,-1,390,4012,0,normal_tightening,1,[0],True,1761,6116880,6118640,1,True,19622.751,19640.351,19622.751,19640.351,17.6,0,0,1760,True,0.01,4.65661287308e-10,0.00999999999476,0.0100000000057,100.0,2,"[1, 2]",,True,calibration
-1,-1,391,2099,0,normal_tightening,1,[0],True,1717,3245302,3247018,1,True,20280.901,20298.061,20280.901,20298.061,17.16,0,0,1716,True,0.01,5.20625146455e-10,0.00999999999476,0.0100000000057,100.0,3,"[0, 1, 2]",,True,calibration
-1,-1,392,1723,0,normal_tightening,1,[0],True,1488,2666396,2667883,1,True,15424.344,15439.214,15424.344,15439.214,14.87,0,0,1487,True,0.01,0.0,0.00999999999658,0.0100000000039,100.0,3,"[0, 1, 2]",,True,calibration
-1,-1,393,229,0,normal_tightening,1,[0],True,1691,359965,361655,1,True,20410.651,20427.581,20410.651,20427.581,16.93,0,0,1690,True,0.0100177514793,0.000544725899031,0.00900000000183,0.0299999999988,99.8227997638,3,"[0, 1, 2]",,True,calibration
-1,-1,394,839,0,normal_tightening,1,[0],True,1875,1305734,1307608,1,True,1941.31,1960.05,1941.31,1960.05,18.74,0,0,1874,True,0.01,1.56187543937e-09,0.00999999999999,0.0100000000002,100.0,3,"[0, 1, 2]",,True,calibration
-1,-1,395,1087,0,normal_tightening,1,[0],True,1375,1684604,1685978,1,True,4104.901,4118.641,4104.901,4118.641,13.74,0,0,1374,True,0.01,0.0,0.0099999999984,0.0100000000011,100.0,3,"[0, 1, 2]",,True,calibration
-1,-1,396,375,0,normal_tightening,1,[0],True,1738,589833,591570,1,True,3176.58,3193.96,3176.58,3193.96,17.38,0,0,1737,True,0.0100057570524,0.00023986950669,0.00999999999976,0.02,99.9424626007,3,"[0, 1, 2]",,True,calibration
-1,-1,397,2756,0,normal_tightening,1,[0],True,1679,4282592,4284270,1,True,8878.664,8895.444,8878.664,8895.444,16.78,0,0,1678,True,0.01,6.16011980703e-10,0.0099999999984,0.010000000002,100.0,3,"[0, 1, 2]",,True,calibration
-1,-1,398,2548,0,normal_tightening,1,[0],True,1355,3959823,3961177,1,True,23947.244,23960.794,23947.244,23960.794,13.55,0,0,1354,True,0.0100073855244,0.000271662838385,0.0099999999984,0.0200000000004,99.926199262,3,"[0, 1, 2]",,True,calibration
-1,-1,399,2302,0,normal_tightening,1,[0],True,1532,3567504,3569035,1,True,15052.41,15067.72,15052.41,15067.72,15.31,0,0,1531,True,0.01,2.60312573228e-10,0.00999999999476,0.0100000000057,100.0,3,"[0, 1, 2]",,True,calibration
-1,-1,400,161,0,normal_tightening,1,[0],True,1307,256481,257787,1,True,18922.657,18935.727,18922.657,18935.727,13.07,0,0,1306,True,0.0100076569678,0.000276606307337,0.0099999999984,0.0200000000004,99.9234889059,2,"[1, 2]",,True,calibration
-1,-1,401,1207,0,normal_tightening,1,[0],True,1765,1868474,1870238,1,True,8590.204,8607.854,8590.204,8607.854,17.65,0,0,1764,True,0.0100056689342,0.000238027741227,0.0099999999984,0.0200000000004,99.9433427762,2,"[1, 2]",,True,calibration
-1,-1,402,629,0,normal_tightening,1,[0],True,1539,981860,983398,1,True,8978.902,8994.462,8978.902,8994.462,15.56,0,0,1538,True,0.0101170351105,0.00179924375099,0.0099999999984,0.0599999999995,98.8431876607,3,"[0, 1, 2]",,True,calibration
-1,-1,403,2828,0,normal_tightening,1,[0],True,1728,4377286,4379013,1,True,9825.604,9842.874,9825.604,9842.874,17.27,0,0,1727,True,0.01,8.78916405522e-10,0.0099999999984,0.0100000000002,100.0,2,"[1, 2]",,True,calibration
-1,-1,404,1011,0,normal_tightening,1,[0],True,1380,1568500,1569879,1,True,2061.964,2075.754,2061.964,2075.754,13.79,0,0,1379,True,0.01,0.0,0.00999999999976,0.0100000000002,100.0,3,"[0, 1, 2]",,True,calibration
-1,-1,405,2035,0,normal_tightening,1,[0],True,1737,3148315,3150051,1,True,18857.887,18875.257,18857.887,18875.257,17.37,0,0,1736,True,0.0100057603687,0.000249356771968,0.00799999999799,0.0200000000004,99.9424294761,3,"[0, 1, 2]",,True,calibration
-1,-1,406,1091,0,normal_tightening,1,[0],True,1266,1691008,1692273,1,True,4168.941,4181.591,4168.941,4181.591,12.65,0,0,1265,True,0.01,0.0,0.0099999999984,0.0100000000011,100.0,3,"[0, 1, 2]",,True,calibration
-1,-1,407,3792,0,normal_tightening,1,[0],True,1207,5762407,5763613,1,True,19841.207,19853.267,19841.207,19853.267,12.06,0,0,1206,True,0.01,1.12868842143e-09,0.0099999999984,0.010000000002,100.0,3,"[0, 1, 2]",,True,calibration
-1,-1,408,1173,0,normal_tightening,1,[0],True,1323,1816885,1818207,1,True,8068.134,8081.354,8068.134,8081.354,13.22,0,0,1322,True,0.01,0.0,0.00999999999749,0.0100000000039,100.0,3,"[0, 1, 2]",,True,calibration
-1,-1,409,124,0,normal_tightening,1,[0],True,1757,199155,200911,1,True,23177.69,23195.26,23177.69,23195.26,17.57,0,0,1756,True,0.0100056947608,0.000238569021172,0.0099999999984,0.0199999999968,99.9430848036,3,"[0, 1, 2]",,True,calibration
-1,-1,410,3698,0,normal_tightening,1,[0],True,1715,5619024,5620738,1,True,18335.98,18353.12,18335.98,18353.12,17.14,0,0,1714,True,0.01,0.0,0.0099999999984,0.010000000002,100.0,3,"[0, 1, 2]",,True,calibration
-1,-1,411,3232,0,normal_tightening,1,[0],True,1707,4917752,4919458,1,True,15588.685,15605.745,15588.685,15605.745,17.06,0,0,1706,True,0.01,9.01749205358e-10,0.00999999999476,0.0100000000057,100.0,3,"[0, 1, 2]",,True,calibration
-1,-1,412,1893,0,normal_tightening,1,[0],True,1512,2930428,2931939,1,True,6443.395,6458.505,6443.395,6458.505,15.11,0,0,1511,True,0.01,3.86105942348e-10,0.00999999999749,0.0100000000029,100.0,2,"[1, 2]",,True,calibration
-1,-1,413,673,0,normal_tightening,1,[0],True,1647,1047582,1049228,1,True,13971.789,13988.279,13971.789,13988.279,16.49,0,0,1646,True,0.0100182260024,0.000550848908487,0.00999999999658,0.0299999999988,99.8180715585,3,"[0, 1, 2]",,True,calibration
-1,-1,414,2420,0,normal_tightening,1,[0],True,1309,3751222,3752530,1,True,8285.029,8298.119,8285.029,8298.119,13.09,0,0,1308,True,0.0100076452599,0.000276394915646,0.0099999999984,0.0200000000004,99.923605806,3,"[0, 1, 2]",,True,calibration
-1,-1,415,301,0,normal_tightening,1,[0],True,1744,472911,474654,1,True,2004.46,2021.93,2004.46,2021.93,17.47,0,0,1743,True,0.0100229489386,0.000586265661108,0.00999999999999,0.03,99.7710360618,2,"[1, 2]",,True,calibration
-1,-1,416,3688,0,normal_tightening,1,[0],True,1777,5602395,5604171,1,True,18169.69,18187.45,18169.69,18187.45,17.76,0,0,1776,True,0.01,0.0,0.0099999999984,0.010000000002,100.0,3,"[0, 1, 2]",,True,calibration
-1,-1,417,543,0,normal_tightening,1,[0],True,1693,849785,851477,1,True,6802.085,6819.005,6802.085,6819.005,16.92,0,0,1692,True,0.01,7.72211884697e-10,0.00999999999749,0.0100000000029,100.0,3,"[0, 1, 2]",,True,calibration
-1,-1,418,2576,0,normal_tightening,1,[0],True,1665,4007066,4008730,1,True,24420.164,24436.804,24420.164,24436.804,16.64,0,0,1664,True,0.01,0.0,0.0099999999984,0.010000000002,100.0,3,"[0, 1, 2]",,True,calibration
-1,-1,419,60,0,normal_tightening,1,[0],True,1718,89180,90897,1,True,22076.49,22093.66,22076.49,22093.66,17.17,0,0,1717,True,0.01,0.0,0.0099999999984,0.010000000002,100.0,3,"[0, 1, 2]",,True,calibration
-1,-1,420,1442,0,normal_tightening,1,[0],True,1733,2242085,2243817,1,True,10066.235,10083.575,10066.235,10083.575,17.34,0,0,1732,True,0.0100115473441,0.000339617578997,0.0099999999984,0.0200000000004,99.8846597463,3,"[0, 1, 2]",,True,calibration
-1,-1,421,1967,0,normal_tightening,1,[0],True,1559,3043570,3045128,1,True,7575.695,7591.285,7575.695,7591.285,15.59,0,0,1558,True,0.0100064184852,0.000253265977635,0.00999999999749,0.0200000000004,99.9358563182,2,"[1, 2]",,True,calibration
-1,-1,422,3976,0,normal_tightening,1,[0],True,1718,6058259,6059976,1,True,18949.015,18966.185,18949.015,18966.185,17.17,0,0,1717,True,0.01,0.0,0.0099999999984,0.010000000002,100.0,3,"[0, 1, 2]",,True,calibration
-1,-1,423,1464,0,normal_tightening,1,[0],True,1486,2277084,2278569,1,True,10417.725,10432.585,10417.725,10432.585,14.86,0,0,1485,True,0.0100067340067,0.000259412259731,0.0099999999984,0.0200000000004,99.932705249,3,"[0, 1, 2]",,True,calibration
-1,-1,424,3906,0,normal_tightening,1,[0],True,1529,5947214,5948742,1,True,1619.317,1634.597,1619.317,1634.597,15.28,0,0,1528,True,0.01,1.20420945259e-09,0.00999999999931,0.0100000000007,100.0,3,"[0, 1, 2]",,True,calibration
-1,-1,425,6,0,normal_tightening,1,[0],True,1177,7672,8848,1,True,21259.84,21271.6,21259.84,21271.6,11.76,0,0,1176,True,0.01,1.13467620043e-09,0.0099999999984,0.010000000002,100.0,3,"[0, 1, 2]",,True,calibration
-1,-1,426,1931,0,normal_tightening,1,[0],True,1498,2989166,2990663,1,True,7030.945,7045.925,7030.945,7045.925,14.98,0,0,1497,True,0.0100066800267,0.000258371137053,0.00999999999749,0.0200000000013,99.9332443258,3,"[0, 1, 2]",,True,calibration
-1,-1,427,36,0,normal_tightening,1,[0],True,1741,50981,52721,1,True,21694.02,21711.42,21694.02,21711.42,17.4,0,0,1740,True,0.01,0.0,0.0099999999984,0.010000000002,100.0,2,"[1, 2]",,True,calibration
-1,-1,428,815,0,normal_tightening,1,[0],True,1374,1270436,1271809,1,True,788.77,802.51,788.77,802.51,13.74,0,0,1373,True,0.0100072833212,0.00026977799239,0.00999999999976,0.02,99.9272197962,3,"[0, 1, 2]",,True,calibration
-1,-1,429,1731,0,normal_tightening,1,[0],True,1300,2678932,2680231,1,True,15549.964,15562.954,15549.964,15562.954,12.99,0,0,1299,True,0.01,0.0,0.00999999999658,0.0100000000039,100.0,3,"[0, 1, 2]",,True,calibration
-1,-1,430,4084,0,normal_tightening,1,[0],True,1730,6231492,6233221,1,True,11471.419,11488.719,11471.419,11488.719,17.3,0,0,1729,True,0.01000578369,0.000240423478217,0.0099999999984,0.0200000000004,99.9421965318,3,"[0, 1, 2]",,True,calibration
-1,-1,431,367,0,normal_tightening,1,[0],True,1736,577301,579036,1,True,3051.12,3068.49,3051.12,3068.49,17.37,0,0,1735,True,0.0100115273775,0.000480015281001,0.00999999999976,0.0299999999997,99.8848589522,3,"[0, 1, 2]",,True,calibration
-1,-1,432,3038,0,normal_tightening,1,[0],True,1881,4660282,4662162,1,True,8128.648,8147.498,8128.648,8147.498,18.85,0,0,1880,True,0.0100265957447,0.00060961716841,0.00999999999658,0.0300000000034,99.7347480106,3,"[0, 1, 2]",,True,calibration
-1,-1,433,1947,0,normal_tightening,1,[0],True,1414,3012936,3014349,1,True,7268.725,7282.855,7268.725,7282.855,14.13,0,0,1413,True,0.01,0.0,0.00999999999749,0.010000000002,100.0,3,"[0, 1, 2]",,True,calibration
-1,-1,434,2712,0,normal_tightening,1,[0],True,1246,4222979,4224224,1,True,8282.504,8294.954,8282.504,8294.954,12.45,0,0,1245,True,0.01,0.0,0.0099999999984,0.010000000002,100.0,3,"[0, 1, 2]",,True,calibration
-1,-1,435,1807,0,normal_tightening,1,[0],True,1332,2799211,2800542,1,True,17201.847,17215.417,17201.847,17215.417,13.57,0,0,1331,True,0.0101953418482,0.00176560576738,0.00999999999476,0.0399999999972,98.084008843,3,"[0, 1, 2]",,True,calibration
-1,-1,436,1169,0,normal_tightening,1,[0],True,1725,1810393,1812117,1,True,8003.214,8020.454,8003.214,8020.454,17.24,0,0,1724,True,0.01,3.29272253991e-10,0.00999999999749,0.0100000000039,100.0,3,"[0, 1, 2]",,True,calibration
-1,-1,437,3748,0,normal_tightening,1,[0],True,1349,5694749,5696097,1,True,3156.929,3170.409,3156.929,3170.409,13.48,0,0,1348,True,0.01,0.0,0.00999999999885,0.0100000000011,100.0,3,"[0, 1, 2]",,True,calibration
-1,-1,438,1287,0,normal_tightening,1,[0],True,1748,1998201,1999948,1,True,10447.725,10465.205,10447.725,10465.205,17.48,0,0,1747,True,0.0100057240985,0.000239182397402,0.0099999999984,0.0199999999986,99.942791762,2,"[1, 2]",,True,calibration
-1,-1,439,3908,0,normal_tightening,1,[0],True,1541,5950562,5952102,1,True,1652.797,1668.197,1652.797,1668.197,15.4,0,0,1540,True,0.01,1.20420945259e-09,0.00999999999931,0.0100000000007,100.0,3,"[0, 1, 2]",,True,calibration
-1,-1,440,1382,0,normal_tightening,1,[0],True,1822,2143411,2145232,1,True,8520.564,8538.774,8520.564,8538.774,18.21,0,0,1821,True,0.01,8.47516335696e-10,0.0099999999984,0.010000000002,100.0,3,"[0, 1, 2]",,True,calibration
-1,-1,441,2482,0,normal_tightening,1,[0],True,1747,3854408,3856154,1,True,9752.269,9769.739,9752.269,9769.739,17.47,0,0,1746,True,0.0100057273769,0.000239250842787,0.0099999999984,0.0200000000004,99.9427590155,3,"[0, 1, 2]",,True,calibration
-1,-1,442,2538,0,normal_tightening,1,[0],True,1388,3944335,3945722,1,True,23790.774,23804.674,23790.774,23804.674,13.9,0,0,1387,True,0.010021629416,0.000600018695712,0.0099999999984,0.0300000000025,99.7841726619,3,"[0, 1, 2]",,True,calibration
-1,-1,443,3720,0,normal_tightening,1,[0],True,1448,5651633,5653080,1,True,2173.528,2187.998,2173.528,2187.998,14.47,0,0,1447,True,0.01,0.0,0.00999999999976,0.0100000000002,100.0,3,"[0, 1, 2]",,True,calibration
-1,-1,444,2884,0,normal_tightening,1,[0],True,1700,4455577,4457276,1,True,10608.514,10625.504,10608.514,10625.504,16.99,0,0,1699,True,0.01,6.26915694114e-10,0.0099999999984,0.0100000000039,100.0,3,"[0, 1, 2]",,True,calibration
-1,-1,445,1615,0,normal_tightening,1,[0],True,1528,2502216,2503743,1,True,3982.991,3998.261,3982.991,3998.261,15.27,0,0,1527,True,0.01,0.0,0.00999999999976,0.0100000000002,100.0,3,"[0, 1, 2]",,True,calibration
-1,-1,446,2470,0,normal_tightening,1,[0],True,1283,3833772,3835054,1,True,9545.729,9558.599,9545.729,9558.599,12.87,0,0,1282,True,0.0100390015601,0.000737902919919,0.0099999999984,0.0300000000007,99.6114996115,3,"[0, 1, 2]",,True,calibration
-1,-1,447,609,0,normal_tightening,1,[0],True,1339,951411,952749,1,True,8668.962,8682.512,8668.962,8682.512,13.55,0,0,1338,True,0.0101270553064,0.00118485730976,0.0099999999984,0.0300000000007,98.7453874539,3,"[0, 1, 2]",,True,calibration
-1,-1,448,3336,0,normal_tightening,1,[0],True,1558,5068714,5070271,1,True,11080.66,11096.24,11080.66,11096.24,15.58,0,0,1557,True,0.0100064226076,0.000253347243727,0.0099999999984,0.0200000000004,99.9358151476,3,"[0, 1, 2]",,True,calibration
-1,-1,449,3730,0,normal_tightening,1,[0],True,1568,5667311,5668878,1,True,2330.388,2346.058,2330.388,2346.058,15.67,0,0,1567,True,0.01,0.0,0.00999999999976,0.0100000000002,100.0,3,"[0, 1, 2]",,True,calibration
-1,-1,450,1913,0,normal_tightening,1,[0],True,1545,2959480,2961024,1,True,6733.955,6749.395,6733.955,6749.395,15.44,0,0,1544,True,0.01,4.93908380987e-10,0.00999999999749,0.0100000000029,100.0,2,"[1, 2]",,True,calibration
-1,-1,451,895,0,normal_tightening,1,[0],True,1371,1393634,1395004,1,True,2823.05,2836.77,2823.05,2836.77,13.72,0,0,1370,True,0.0100145985401,0.000381801367316,0.00999999999976,0.02,99.8542274052,3,"[0, 1, 2]",,True,calibration
-1,-1,452,2600,0,normal_tightening,1,[0],True,1435,4043676,4045110,1,True,26795.75,26810.12,26795.75,26810.12,14.37,0,0,1434,True,0.0100209205021,0.000456910662472,0.0099999999984,0.0200000000004,99.7912317328,2,"[1, 2]",,True,calibration
-1,-1,453,1779,0,normal_tightening,1,[0],True,1615,2752676,2754290,1,True,16408.54,16424.68,16408.54,16424.68,16.14,0,0,1614,True,0.01,1.64636126996e-10,0.0099999999984,0.010000000002,100.0,3,"[0, 1, 2]",,True,calibration
-1,-1,454,2618,0,normal_tightening,1,[0],True,1657,4073373,4075029,1,True,27092.87,27109.44,27092.87,27109.44,16.57,0,0,1656,True,0.0100060386473,0.000245662386566,0.0099999999984,0.0200000000004,99.9396499698,3,"[0, 1, 2]",,True,calibration
-1,-1,455,58,0,normal_tightening,1,[0],True,1706,86140,87845,1,True,22046.08,22063.14,22046.08,22063.14,17.06,0,0,1705,True,0.0100058651026,0.00024210870899,0.0099999999984,0.0200000000004,99.9413833529,3,"[0, 1, 2]",,True,calibration
-1,-1,456,1689,0,normal_tightening,1,[0],True,1522,2614937,2616458,1,True,14040.989,14056.199,14040.989,14056.199,15.21,0,0,1521,True,0.01,0.0,0.00999999999658,0.0100000000039,100.0,3,"[0, 1, 2]",,True,calibration
-1,-1,457,3826,0,normal_tightening,1,[0],True,1400,5818787,5820186,1,True,22788.173,22802.163,22788.173,22802.163,13.99,0,0,1399,True,0.01,8.39482824193e-10,0.0099999999984,0.010000000002,100.0,3,"[0, 1, 2]",,True,calibration
-1,-1,458,2578,0,normal_tightening,1,[0],True,1487,4011090,4012576,1,True,24885.554,24900.414,24885.554,24900.414,14.86,0,0,1486,True,0.01,6.16011980703e-10,0.0099999999984,0.010000000002,100.0,3,"[0, 1, 2]",,True,calibration
-1,-1,459,879,0,normal_tightening,1,[0],True,1749,1371310,1373058,1,True,2599.69,2617.17,2599.69,2617.17,17.48,0,0,1748,True,0.01,6.48173080155e-10,0.00999999999976,0.0100000000002,100.0,3,"[0, 1, 2]",,True,calibration
-1,-1,460,1739,0,normal_tightening,1,[0],True,1534,2691606,2693139,1,True,15676.724,15692.054,15676.724,15692.054,15.33,0,0,1533,True,0.01,0.0,0.00999999999658,0.0100000000039,100.0,3,"[0, 1, 2]",,True,calibration
-1,-1,461,1715,0,normal_tightening,1,[0],True,1488,2655828,2657315,1,True,15318.664,15333.534,15318.664,15333.534,14.87,0,0,1487,True,0.01,0.0,0.00999999999658,0.0100000000039,100.0,3,"[0, 1, 2]",,True,calibration
-1,-1,462,203,0,normal_tightening,1,[0],True,1740,321094,322833,1,True,19569.047,19586.437,19569.047,19586.437,17.39,0,0,1739,True,0.01,0.0,0.0099999999984,0.010000000002,100.0,3,"[0, 1, 2]",,True,calibration
-1,-1,463,1561,0,normal_tightening,1,[0],True,1571,2420459,2422029,1,True,2238.404,2254.104,2238.404,2254.104,15.7,0,0,1570,True,0.01,0.0,0.00999999999976,0.0100000000002,100.0,3,"[0, 1, 2]",,True,calibration
-1,-1,464,1743,0,normal_tightening,1,[0],True,1645,2697508,2699152,1,True,15735.754,15752.204,15735.754,15752.204,16.45,0,0,1644,True,0.0100060827251,0.000246556790715,0.00999999999658,0.0199999999986,99.9392097264,2,"[1, 2]",,True,calibration
-1,-1,465,1432,0,normal_tightening,1,[0],True,1676,2224935,2226610,1,True,9892.975,9910.145,9892.975,9910.145,17.17,0,0,1675,True,0.0102507462687,0.00174401947256,0.0099999999984,0.0300000000007,97.5538730344,2,"[1, 2]",,True,calibration
-1,-1,466,2684,0,normal_tightening,1,[0],True,1249,4180645,4181893,1,True,28166.73,28179.23,28166.73,28179.23,12.5,0,0,1248,True,0.010016025641,0.000399999486376,0.0099999999984,0.0200000000004,99.84,3,"[0, 1, 2]",,True,calibration
-1,-1,467,2760,0,normal_tightening,1,[0],True,1679,4288097,4289775,1,True,8933.714,8950.494,8933.714,8950.494,16.78,0,0,1678,True,0.01,6.26915694114e-10,0.0099999999984,0.010000000002,100.0,3,"[0, 1, 2]",,True,calibration
-1,-1,468,753,0,normal_tightening,1,[0],True,1412,1171034,1172445,1,True,16196.39,16210.5,16196.39,16210.5,14.11,0,0,1411,True,0.01,0.0,0.00999999999476,0.0100000000057,100.0,3,"[0, 1, 2]",,True,calibration
-1,-1,469,1055,0,normal_tightening,1,[0],True,1258,1636727,1637984,1,True,3344.455,3357.025,3344.455,3357.025,12.57,0,0,1257,True,0.01,0.0,0.00999999999976,0.0100000000002,100.0,3,"[0, 1, 2]",,True,calibration
-1,-1,470,1647,0,normal_tightening,1,[0],True,1363,2550985,2552347,1,True,4470.741,4484.361,4470.741,4484.361,13.62,0,0,1362,True,0.01,0.0,0.0099999999984,0.0100000000011,100.0,2,"[1, 2]",,True,calibration
-1,-1,471,1585,0,normal_tightening,1,[0],True,1414,2457957,2459370,1,True,3228.535,3242.665,3228.535,3242.665,14.13,0,0,1413,True,0.01,0.0,0.00999999999976,0.0100000000002,100.0,3,"[0, 1, 2]",,True,calibration
-1,-1,472,4046,0,normal_tightening,1,[0],True,1480,6171675,6173154,1,True,16306.5,16321.29,16306.5,16321.29,14.79,0,0,1479,True,0.01,0.0,0.00999999999476,0.0100000000057,100.0,3,"[0, 1, 2]",,True,calibration
-1,-1,473,3842,0,normal_tightening,1,[0],True,1451,5841401,5842851,1,True,23014.313,23028.813,23014.313,23028.813,14.5,0,0,1450,True,0.01,7.08126757561e-10,0.0099999999984,0.010000000002,100.0,3,"[0, 1, 2]",,True,calibration
-1,-1,474,2920,0,normal_tightening,1,[0],True,2382,4499402,4501783,1,True,6510.758,6534.738,6510.758,6534.738,23.98,0,0,2381,True,0.010071398572,0.00146180005628,0.00999999999658,0.0599999999959,99.2910758966,3,"[0, 1, 2]",,True,calibration
-1,-1,475,309,0,normal_tightening,1,[0],True,1719,487539,489257,1,True,2151.07,2168.28,2151.07,2168.28,17.21,0,0,1718,True,0.0100174621653,0.000539194919535,0.00999999999976,0.0299999999997,99.8256827426,3,"[0, 1, 2]",,True,calibration
-1,-1,476,1089,0,normal_tightening,1,[0],True,1340,1687823,1689162,1,True,4137.091,4150.481,4137.091,4150.481,13.39,0,0,1339,True,0.01,0.0,0.0099999999984,0.0100000000011,100.0,3,"[0, 1, 2]",,True,calibration
-1,-1,477,207,0,normal_tightening,1,[0],True,1728,327417,329144,1,True,20085.031,20102.311,20085.031,20102.311,17.28,0,0,1727,True,0.010005790388,0.000240562571845,0.00999999999476,0.0200000000004,99.9421296297,3,"[0, 1, 2]",,True,calibration
-1,-1,478,1027,0,normal_tightening,1,[0],True,1533,1592974,1594506,1,True,2306.854,2322.174,2306.854,2322.174,15.32,0,0,1532,True,0.01,0.0,0.00999999999976,0.0100000000002,100.0,2,"[1, 2]",,True,calibration
-1,-1,479,2328,0,normal_tightening,1,[0],True,1663,3607547,3609209,1,True,15453.08,15469.71,15453.08,15469.71,16.63,0,0,1662,True,0.0100060168472,0.000245218819129,0.00999999999476,0.0199999999986,99.939867709,3,"[0, 1, 2]",,True,calibration
-1,-1,480,1805,0,normal_tightening,1,[0],True,1306,2796078,2797383,1,True,17169.837,17183.317,17169.837,17183.317,13.48,0,0,1305,True,0.0103295019157,0.00259062769598,0.00999999999476,0.0499999999993,96.8100890208,3,"[0, 1, 2]",,True,calibration
-1,-1,481,3568,0,normal_tightening,1,[0],True,1721,5415251,5416971,1,True,2748.034,2765.244,2748.034,2765.244,17.21,0,0,1720,True,0.0100058139535,0.000241051307437,0.00999999999931,0.0199999999991,99.9418942475,3,"[0, 1, 2]",,True,calibration
-1,-1,482,3640,0,normal_tightening,1,[0],True,1730,5525912,5527641,1,True,17404.86,17422.15,17404.86,17422.15,17.29,0,0,1729,True,0.01,0.0,0.0099999999984,0.010000000002,100.0,3,"[0, 1, 2]",,True,calibration
-1,-1,483,2156,0,normal_tightening,1,[0],True,1342,3337719,3339060,1,True,12526.481,12539.911,12526.481,12539.911,13.43,0,0,1341,True,0.0100149142431,0.000385901537095,0.0099999999984,0.0199999999986,99.8510796724,3,"[0, 1, 2]",,True,calibration
-1,-1,484,1370,0,normal_tightening,1,[0],True,1749,2123925,2125673,1,True,8321.104,8338.604,8321.104,8338.604,17.5,0,0,1748,True,0.0100114416476,0.000338061480626,0.0099999999984,0.0200000000004,99.8857142857,3,"[0, 1, 2]",,True,calibration
-1,-1,485,2536,0,normal_tightening,1,[0],True,1348,3941452,3942799,1,True,23761.944,23775.414,23761.944,23775.414,13.47,0,0,1347,True,0.01,9.3857033042e-10,0.0099999999984,0.010000000002,100.0,3,"[0, 1, 2]",,True,calibration
-1,-1,486,3492,0,normal_tightening,1,[0],True,1368,5304295,5305662,1,True,1638.224,1651.894,1638.224,1651.894,13.67,0,0,1367,True,0.01,1.25383138823e-09,0.00999999999954,0.0100000000007,100.0,3,"[0, 1, 2]",,True,calibration
-1,-1,487,3388,0,normal_tightening,1,[0],True,1677,5148328,5150004,1,True,11962.752,11979.632,11962.752,11979.632,16.88,0,0,1676,True,0.0100715990453,0.000843127529004,0.0099999999984,0.0200000000004,99.2890995261,3,"[0, 1, 2]",,True,calibration
-1,-1,488,1440,0,normal_tightening,1,[0],True,1726,2238872,2240597,1,True,10033.945,10051.325,10033.945,10051.325,17.38,0,0,1725,True,0.0100753623188,0.00104679023506,0.0099999999984,0.0300000000007,99.252013809,2,"[1, 2]",,True,calibration
-1,-1,489,675,0,normal_tightening,1,[0],True,1548,1051066,1052613,1,True,14006.659,14022.139,14006.659,14022.139,15.48,0,0,1547,True,0.0100064641241,0.000254164230797,0.00999999999658,0.0200000000004,99.9354005168,3,"[0, 1, 2]",,True,calibration
-1,-1,490,3378,0,normal_tightening,1,[0],True,1669,5132292,5133960,1,True,11799.692,11816.372,11799.692,11816.372,16.68,0,0,1668,True,0.01,7.45421768799e-10,0.0099999999984,0.0100000000002,100.0,2,"[1, 2]",,True,calibration
-1,-1,491,2936,0,normal_tightening,1,[0],True,1829,4522501,4524329,1,True,6744.678,6762.968,6744.678,6762.968,18.29,0,0,1828,True,0.0100054704595,0.000233826151775,0.00999999999658,0.0199999999995,99.9453253144,3,"[0, 1, 2]",,True,calibration
-1,-1,492,355,0,normal_tightening,1,[0],True,1861,557335,559195,1,True,2851.41,2870.02,2851.41,2870.02,18.61,0,0,1860,True,0.0100053763441,0.000231807109004,0.00999999999976,0.02,99.9462654487,3,"[0, 1, 2]",,True,calibration
-1,-1,493,669,0,normal_tightening,1,[0],True,1537,1040763,1042299,1,True,13903.589,13918.949,13903.589,13918.949,15.36,0,0,1536,True,0.01,0.0,0.00999999999658,0.0100000000039,100.0,3,"[0, 1, 2]",,True,calibration
-1,-1,494,1569,0,normal_tightening,1,[0],True,1514,2433296,2434809,1,True,2366.784,2381.914,2366.784,2381.914,15.13,0,0,1513,True,0.01,0.0,0.00999999999976,0.0100000000002,100.0,3,"[0, 1, 2]",,True,calibration
-1,-1,495,3672,0,normal_tightening,1,[0],True,1498,5575481,5576978,1,True,17900.55,17915.52,17900.55,17915.52,14.97,0,0,1497,True,0.01,6.98491930962e-10,0.00999999999476,0.0100000000057,100.0,3,"[0, 1, 2]",,True,calibration
-1,-1,496,1113,0,normal_tightening,1,[0],True,1641,1724388,1726028,1,True,4502.791,4519.191,4502.791,4519.191,16.4,0,0,1640,True,0.01,3.86105942348e-10,0.0099999999984,0.0100000000011,100.0,3,"[0, 1, 2]",,True,calibration
-1,-1,497,4034,0,normal_tightening,1,[0],True,1528,6152626,6154153,1,True,16115.56,16130.83,16115.56,16130.83,15.27,0,0,1527,True,0.01,2.85158136718e-10,0.00999999999476,0.0100000000057,100.0,3,"[0, 1, 2]",,True,calibration
-1,-1,498,3494,0,normal_tightening,1,[0],True,1273,5307230,5308502,1,True,1667.574,1680.294,1667.574,1680.294,12.72,0,0,1272,True,0.01,1.22097419595e-09,0.00999999999954,0.0100000000007,100.0,2,"[1, 2]",,True,calibration
-1,-1,499,2490,0,normal_tightening,1,[0],True,1515,3868097,3869611,1,True,9889.429,9904.589,9889.429,9904.589,15.16,0,0,1514,True,0.0100132100396,0.000363216039246,0.0099999999984,0.0200000000004,99.8680738786,2,"[1, 2]",,True,calibration
-1,-1,500,3156,0,normal_tightening,1,[0],True,1718,4815401,4817118,1,True,14550.765,14567.935,14550.765,14567.935,17.17,0,0,1717,True,0.01,9.59985336665e-10,0.00999999999476,0.0100000000057,100.0,2,"[1, 2]",,True,calibration
-1,-1,501,319,0,normal_tightening,1,[0],True,1743,503452,505194,1,True,2311.21,2328.63,2311.21,2328.63,17.42,0,0,1742,True,0.01,6.37632978038e-10,0.00999999999976,0.0100000000002,100.0,3,"[0, 1, 2]",,True,calibration
-1,-1,502,2586,0,normal_tightening,1,[0],True,1397,4024150,4025546,1,True,26599.8,26613.81,26599.8,26613.81,14.01,0,0,1396,True,0.0100358166189,0.000597397153409,0.0099999999984,0.0200000000004,99.6431120628,3,"[0, 1, 2]",,True,calibration
-1,-1,503,819,0,normal_tightening,1,[0],True,1581,1276930,1278510,1,True,853.72,869.52,853.72,869.52,15.8,0,0,1580,True,0.01,1.36260640699e-09,0.00999999999976,0.0100000000003,100.0,3,"[0, 1, 2]",,True,calibration
-1,-1,504,2073,0,normal_tightening,1,[0],True,1723,3205971,3207693,1,True,19434.717,19451.937,19434.717,19451.937,17.22,0,0,1722,True,0.01,0.0,0.0099999999984,0.010000000002,100.0,3,"[0, 1, 2]",,True,calibration
-1,-1,505,1035,0,normal_tightening,1,[0],True,1525,1605574,1607098,1,True,2432.864,2448.104,2432.864,2448.104,15.24,0,0,1524,True,0.01,0.0,0.00999999999976,0.0100000000002,100.0,2,"[1, 2]",,True,calibration
-1,-1,506,2692,0,normal_tightening,1,[0],True,1689,4193630,4195318,1,True,28296.67,28313.57,28296.67,28313.57,16.9,0,0,1688,True,0.0100118483412,0.000344010216625,0.0099999999984,0.0200000000004,99.8816568047,2,"[1, 2]",,True,calibration
-1,-1,507,1354,0,normal_tightening,1,[0],True,1263,2101631,2102893,1,True,8096.834,8109.624,8096.834,8109.624,12.79,0,0,1262,True,0.0101347068146,0.00170695877914,0.00999999999749,0.04,98.6708365911,3,"[0, 1, 2]",,True,calibration
-1,-1,508,3396,0,normal_tightening,1,[0],True,1523,5161517,5163039,1,True,12096.482,12111.752,12096.482,12111.752,15.27,0,0,1522,True,0.0100328515112,0.000677378723148,0.0099999999984,0.0299999999988,99.6725605763,3,"[0, 1, 2]",,True,calibration
-1,-1,509,4,0,normal_tightening,1,[0],True,1249,4903,6151,1,True,21232.13,21244.63,21232.13,21244.63,12.5,0,0,1248,True,0.010016025641,0.000565911653373,0.0099999999984,0.0300000000025,99.84,3,"[0, 1, 2]",,True,calibration
-1,-1,510,3636,0,normal_tightening,1,[0],True,1731,5519430,5521160,1,True,17340.04,17357.34,17340.04,17357.34,17.3,0,0,1730,True,0.01,0.0,0.0099999999984,0.010000000002,100.0,3,"[0, 1, 2]",,True,calibration
-1,-1,511,3856,0,normal_tightening,1,[0],True,1513,5864225,5865737,1,True,23242.603,23257.733,23242.603,23257.733,15.13,0,0,1512,True,0.0100066137566,0.000257087192149,0.0099999999984,0.0200000000004,99.9339061467,3,"[0, 1, 2]",,True,calibration
-1,-1,512,1587,0,normal_tightening,1,[0],True,1372,2460780,2462151,1,True,3256.765,3270.475,3256.765,3270.475,13.71,0,0,1371,True,0.01,0.0,0.00999999999976,0.0100000000002,100.0,2,"[1, 2]",,True,calibration
-1,-1,513,221,0,normal_tightening,1,[0],True,1717,346993,348709,1,True,20280.901,20298.061,20280.901,20298.061,17.16,0,0,1716,True,0.01,5.20625146455e-10,0.00999999999476,0.0100000000057,100.0,3,"[0, 1, 2]",,True,calibration
-1,-1,514,649,0,normal_tightening,1,[0],True,1337,1011105,1012441,1,True,13606.969,13620.329,13606.969,13620.329,13.36,0,0,1336,True,0.01,0.0,0.00999999999658,0.0100000000039,100.0,2,"[1, 2]",,True,calibration
-1,-1,515,3582,0,normal_tightening,1,[0],True,1729,5436422,5438150,1,True,3221.163,3238.443,3221.163,3238.443,17.28,0,0,1728,True,0.01,6.04911756551e-10,0.00999999999976,0.0100000000002,100.0,3,"[0, 1, 2]",,True,calibration
-1,-1,516,2562,0,normal_tightening,1,[0],True,1613,3983488,3985100,1,True,24184.144,24200.264,24184.144,24200.264,16.12,0,0,1612,True,0.01,1.16415321827e-10,0.0099999999984,0.010000000002,100.0,3,"[0, 1, 2]",,True,calibration
-1,-1,517,1444,0,normal_tightening,1,[0],True,1774,2245282,2247055,1,True,10098.305,10116.115,10098.305,10116.115,17.81,0,0,1773,True,0.0100451212634,0.000670206464816,0.0099999999984,0.0200000000004,99.5508141494,3,"[0, 1, 2]",,True,calibration
-1,-1,518,2540,0,normal_tightening,1,[0],True,1284,3947237,3948520,1,True,23819.824,23832.984,23819.824,23832.984,13.16,0,0,1283,True,0.0102572096648,0.00223608903273,0.0099999999984,0.0400000000009,97.4924012158,3,"[0, 1, 2]",,True,calibration
-1,-1,519,577,0,normal_tightening,1,[0],True,1306,902044,903349,1,True,7325.045,7338.095,7325.045,7338.095,13.05,0,0,1305,True,0.01,0.0,0.00999999999749,0.010000000002,100.0,3,"[0, 1, 2]",,True,calibration
-1,-1,520,1703,0,normal_tightening,1,[0],True,1523,2637237,2638759,1,True,14838.001,14853.221,14838.001,14853.221,15.22,0,0,1522,True,0.01,0.0,0.0099999999984,0.0100000000039,100.0,2,"[1, 2]",,True,calibration
-1,-1,521,2680,0,normal_tightening,1,[0],True,1367,4174243,4175609,1,True,28102.6,28116.28,28102.6,28116.28,13.68,0,0,1366,True,0.0100146412884,0.00054093567206,0.0099999999984,0.0299999999988,99.8538011696,3,"[0, 1, 2]",,True,calibration
-1,-1,522,655,0,normal_tightening,1,[0],True,1475,1019381,1020855,1,True,13689.729,13704.469,13689.729,13704.469,14.74,0,0,1474,True,0.01,0.0,0.00999999999658,0.0100000000039,100.0,3,"[0, 1, 2]",,True,calibration
-1,-1,523,3282,0,normal_tightening,1,[0],True,1603,4989522,4991124,1,True,10273.01,10289.49,10273.01,10289.49,16.48,0,0,1602,True,0.0102871410737,0.00207052845456,0.0099999999984,0.0400000000009,97.2087378641,3,"[0, 1, 2]",,True,calibration
-1,-1,524,3284,0,normal_tightening,1,[0],True,1565,4992909,4994473,1,True,10307.34,10322.99,10307.34,10322.99,15.65,0,0,1564,True,0.0100063938619,0.000252780017924,0.0099999999984,0.0200000000004,99.9361022364,3,"[0, 1, 2]",,True,calibration
-1,-1,525,2800,0,normal_tightening,1,[0],True,1749,4340236,4341984,1,True,9455.104,9472.584,9455.104,9472.584,17.48,0,0,1748,True,0.01,9.31322574615e-10,0.0099999999984,0.0100000000002,100.0,3,"[0, 1, 2]",,True,calibration
-1,-1,526,183,0,normal_tightening,1,[0],True,1703,287830,289532,1,True,19236.307,19253.347,19236.307,19253.347,17.04,0,0,1702,True,0.0100117508813,0.000342594118396,0.0099999999984,0.0200000000004,99.882629108,3,"[0, 1, 2]",,True,calibration
-1,-1,527,691,0,normal_tightening,1,[0],True,1523,1076798,1078320,1,True,14838.001,14853.221,14838.001,14853.221,15.22,0,0,1522,True,0.01,0.0,0.0099999999984,0.0100000000039,100.0,2,"[1, 2]",,True,calibration
-1,-1,528,347,0,normal_tightening,1,[0],True,1286,546239,547524,1,True,2740.38,2753.23,2740.38,2753.23,12.85,0,0,1285,True,0.01,0.0,0.00999999999976,0.0100000000002,100.0,3,"[0, 1, 2]",,True,calibration
-1,-1,529,1031,0,normal_tightening,1,[0],True,1514,1598966,1600479,1,True,2366.784,2381.914,2366.784,2381.914,15.13,0,0,1513,True,0.01,0.0,0.00999999999976,0.0100000000002,100.0,3,"[0, 1, 2]",,True,calibration
-1,-1,530,3526,0,normal_tightening,1,[0],True,1719,5353300,5355018,1,True,2128.284,2145.464,2128.284,2145.464,17.18,0,0,1718,True,0.01,5.82076609135e-10,0.00999999999976,0.0100000000002,100.0,3,"[0, 1, 2]",,True,calibration
-1,-1,531,2998,0,normal_tightening,1,[0],True,1714,4606046,4607759,1,True,7582.248,7599.398,7582.248,7599.398,17.15,0,0,1713,True,0.0100116754232,0.00034149365564,0.00999999999658,0.0200000000032,99.8833819242,3,"[0, 1, 2]",,True,calibration
-1,-1,532,1549,0,normal_tightening,1,[0],True,1380,2402830,2404209,1,True,2061.964,2075.754,2061.964,2075.754,13.79,0,0,1379,True,0.01,0.0,0.00999999999976,0.0100000000002,100.0,3,"[0, 1, 2]",,True,calibration
-1,-1,533,1406,0,normal_tightening,1,[0],True,1368,2183500,2184867,1,True,9440.605,9454.455,9440.605,9454.455,13.85,0,0,1367,True,0.0101316752012,0.0013184578076,0.0099999999984,0.0400000000009,98.7003610108,3,"[0, 1, 2]",,True,calibration
-1,-1,534,1745,0,normal_tightening,1,[0],True,1548,2700999,2702546,1,True,15770.674,15786.154,15770.674,15786.154,15.48,0,0,1547,True,0.0100064641241,0.000254164230797,0.00999999999658,0.0200000000004,99.9354005168,3,"[0, 1, 2]",,True,calibration
-1,-1,535,2384,0,normal_tightening,1,[0],True,1504,3694322,3695825,1,True,7399.725,7414.765,7399.725,7414.765,15.04,0,0,1503,True,0.0100066533599,0.000257855254503,0.00999999999749,0.0200000000004,99.9335106383,3,"[0, 1, 2]",,True,calibration
-1,-1,536,3996,0,normal_tightening,1,[0],True,1375,6090182,6091556,1,True,19355.761,19369.501,19355.761,19369.501,13.74,0,0,1374,True,0.01,9.31322574615e-10,0.00999999999476,0.0100000000057,100.0,3,"[0, 1, 2]",,True,calibration
-1,-1,537,3462,0,normal_tightening,1,[0],True,1700,5258896,5260595,1,True,1184.044,1201.034,1184.044,1201.034,16.99,0,0,1699,True,0.01,1.49538188459e-09,0.00999999999976,0.0100000000004,100.0,3,"[0, 1, 2]",,True,calibration
-1,-1,538,3986,0,normal_tightening,1,[0],True,1808,6074878,6076685,1,True,19202.711,19220.781,19202.711,19220.781,18.07,0,0,1807,True,0.01,3.68137571515e-10,0.00999999999476,0.0100000000057,100.0,3,"[0, 1, 2]",,True,calibration
-1,-1,539,3326,0,normal_tightening,1,[0],True,1323,5053843,5055165,1,True,10927.56,10941.03,10927.56,10941.03,13.47,0,0,1322,True,0.010189107413,0.00195500117946,0.0099999999984,0.0400000000009,98.1440237565,3,"[0, 1, 2]",,True,calibration
-1,-1,540,3768,0,normal_tightening,1,[0],True,1731,5726524,5728254,1,True,3474.929,3492.229,3474.929,3492.229,17.3,0,0,1730,True,0.01,5.93603997677e-10,0.00999999999885,0.0100000000011,100.0,3,"[0, 1, 2]",,True,calibration
-1,-1,541,651,0,normal_tightening,1,[0],True,1365,1013931,1015295,1,True,13635.229,13648.869,13635.229,13648.869,13.64,0,0,1364,True,0.01,0.0,0.00999999999658,0.0100000000039,100.0,3,"[0, 1, 2]",,True,calibration
-1,-1,542,3524,0,normal_tightening,1,[0],True,1730,5349892,5351621,1,True,2094.204,2111.494,2094.204,2111.494,17.29,0,0,1729,True,0.01,6.26915694114e-10,0.00999999999976,0.0100000000002,100.0,2,"[1, 2]",,True,calibration
-1,-1,543,3700,0,normal_tightening,1,[0],True,1704,5622185,5623888,1,True,18367.59,18384.62,18367.59,18384.62,17.03,0,0,1703,True,0.01,0.0,0.0099999999984,0.010000000002,100.0,3,"[0, 1, 2]",,True,calibration
-1,-1,544,2452,0,normal_tightening,1,[0],True,1395,3806504,3807898,1,True,9272.679,9286.619,9272.679,9286.619,13.94,0,0,1394,True,0.01,0.0,0.0099999999984,0.0100000000002,100.0,3,"[0, 1, 2]",,True,calibration
-1,-1,545,1362,0,normal_tightening,1,[0],True,1220,2112642,2113861,1,True,8207.664,8220.024,8207.664,8220.024,12.36,0,0,1219,True,0.0101394585726,0.0014817157545,0.0099999999984,0.0399999999991,98.6245954693,3,"[0, 1, 2]",,True,calibration
-1,-1,546,731,0,normal_tightening,1,[0],True,1645,1137069,1138713,1,True,15735.754,15752.204,15735.754,15752.204,16.45,0,0,1644,True,0.0100060827251,0.000246556790715,0.00999999999658,0.0199999999986,99.9392097264,2,"[1, 2]",,True,calibration
-1,-1,547,2466,0,normal_tightening,1,[0],True,1336,3827245,3828580,1,True,9480.329,9493.689,9480.329,9493.689,13.36,0,0,1335,True,0.0100074906367,0.000273587750837,0.0099999999984,0.0200000000004,99.9251497006,3,"[0, 1, 2]",,True,calibration
-1,-1,548,891,0,normal_tightening,1,[0],True,1228,1388143,1389370,1,True,2768.14,2780.41,2768.14,2780.41,12.27,0,0,1227,True,0.01,0.0,0.00999999999976,0.0100000000002,100.0,3,"[0, 1, 2]",,True,calibration
-1,-1,549,2009,0,normal_tightening,1,[0],True,1315,3108065,3109379,1,True,9078.612,9092.172,9078.612,9092.172,13.56,0,0,1314,True,0.0103196347032,0.00274010651846,0.0099999999984,0.0599999999995,96.9026548672,3,"[0, 1, 2]",,True,calibration
-1,-1,550,50,0,normal_tightening,1,[0],True,1752,73442,75193,1,True,21919.02,21936.53,21919.02,21936.53,17.51,0,0,1751,True,0.01,0.0,0.0099999999984,0.010000000002,100.0,3,"[0, 1, 2]",,True,calibration
-1,-1,551,1281,0,normal_tightening,1,[0],True,1877,1988902,1990778,1,True,10354.715,10373.475,10354.715,10373.475,18.76,0,0,1876,True,0.01,1.16415321827e-09,0.0099999999984,0.0100000000002,100.0,3,"[0, 1, 2]",,True,calibration
-1,-1,552,2296,0,normal_tightening,1,[0],True,1512,3557489,3559000,1,True,14952.18,14967.29,14952.18,14967.29,15.11,0,0,1511,True,0.01,0.0,0.00999999999476,0.0100000000057,100.0,3,"[0, 1, 2]",,True,calibration
-1,-1,553,2248,0,normal_tightening,1,[0],True,1571,3480370,3481940,1,True,14179.7,14195.4,14179.7,14195.4,15.7,0,0,1570,True,0.01,5.20625146455e-10,0.00999999999476,0.0100000000057,100.0,3,"[0, 1, 2]",,True,calibration
-1,-1,554,921,0,normal_tightening,1,[0],True,1824,1435084,1436907,1,True,3237.81,3256.07,3237.81,3256.07,18.26,0,0,1823,True,0.0100164563906,0.000523452350542,0.00999999999976,0.0299999999997,99.8357064622,3,"[0, 1, 2]",,True,calibration
-1,-1,555,16,0,normal_tightening,1,[0],True,1263,21636,22898,1,True,21400.02,21412.7,21400.02,21412.7,12.68,0,0,1262,True,0.0100475435816,0.000794766650978,0.0099999999984,0.0300000000025,99.5268138801,3,"[0, 1, 2]",,True,calibration
-1,-1,556,2041,0,normal_tightening,1,[0],True,1279,3157677,3158955,1,True,18951.547,18964.327,18951.547,18964.327,12.78,0,0,1278,True,0.01,3.95593885571e-05,0.00900000000183,0.0109999999986,100.0,3,"[0, 1, 2]",,True,calibration
-1,-1,557,297,0,normal_tightening,1,[0],True,1875,466603,468477,1,True,1941.31,1960.05,1941.31,1960.05,18.74,0,0,1874,True,0.01,1.56187543937e-09,0.00999999999999,0.0100000000002,100.0,3,"[0, 1, 2]",,True,calibration
-1,-1,558,1685,0,normal_tightening,1,[0],True,1647,2608021,2609667,1,True,13971.789,13988.279,13971.789,13988.279,16.49,0,0,1646,True,0.0100182260024,0.000550848908487,0.00999999999658,0.0299999999988,99.8180715585,3,"[0, 1, 2]",,True,calibration
-1,-1,559,1555,0,normal_tightening,1,[0],True,1573,2411763,2413335,1,True,2151.294,2167.014,2151.294,2167.014,15.72,0,0,1572,True,0.01,0.0,0.00999999999976,0.0100000000002,100.0,2,"[1, 2]",,True,calibration
-1,-1,560,2314,0,normal_tightening,1,[0],True,1289,3585019,3586307,1,True,15227.67,15240.55,15227.67,15240.55,12.88,0,0,1288,True,0.01,0.0,0.00999999999476,0.0100000000057,100.0,2,"[1, 2]",,True,calibration
-1,-1,561,72,0,normal_tightening,1,[0],True,1736,109970,111705,1,True,22284.45,22301.82,22284.45,22301.82,17.37,0,0,1735,True,0.0100115273775,0.000339324173606,0.0099999999984,0.0200000000004,99.8848589522,3,"[0, 1, 2]",,True,calibration
-1,-1,562,2450,0,normal_tightening,1,[0],True,1381,3803300,3804680,1,True,9240.639,9254.439,9240.639,9254.439,13.8,0,0,1380,True,0.01,0.0,0.0099999999984,0.0100000000002,100.0,3,"[0, 1, 2]",,True,calibration
-1,-1,563,855,0,normal_tightening,1,[0],True,1691,1332612,1334302,1,True,2211.15,2228.16,2211.15,2228.16,17.01,0,0,1690,True,0.0100650887574,0.000874639481672,0.00999999999976,0.0300000000002,99.3533215755,3,"[0, 1, 2]",,True,calibration
-1,-1,564,2474,0,normal_tightening,1,[0],True,1631,3840322,3841952,1,True,9611.329,9627.649,9611.329,9627.649,16.32,0,0,1630,True,0.0100122699387,0.000350069757473,0.0099999999984,0.0200000000004,99.8774509804,3,"[0, 1, 2]",,True,calibration
-1,-1,565,833,0,normal_tightening,1,[0],True,1470,1296642,1298111,1,True,1850.31,1865.0,1850.31,1865.0,14.69,0,0,1469,True,0.01,1.37744466381e-09,0.00999999999999,0.0100000000002,100.0,3,"[0, 1, 2]",,True,calibration
-1,-1,566,829,0,normal_tightening,1,[0],True,1321,1291008,1292328,1,True,1793.97,1807.17,1793.97,1807.17,13.2,0,0,1320,True,0.01,1.25922423629e-09,0.00999999999931,0.0100000000007,100.0,3,"[0, 1, 2]",,True,calibration
-1,-1,567,1205,0,normal_tightening,1,[0],True,1690,1865066,1866755,1,True,8555.964,8572.934,8555.964,8572.934,16.97,0,0,1689,True,0.0100473653049,0.000972143315665,0.0099999999984,0.0399999999991,99.5285798468,3,"[0, 1, 2]",,True,calibration
-1,-1,568,873,0,normal_tightening,1,[0],True,1683,1361562,1363244,1,True,2501.33,2518.52,2501.33,2518.52,17.19,0,0,1682,True,0.0102199762188,0.0016208013166,0.00999999999976,0.0300000000002,97.8475858057,3,"[0, 1, 2]",,True,calibration
-1,-1,569,793,0,normal_tightening,1,[0],True,1306,1235639,1236944,1,True,17169.837,17183.317,17169.837,17183.317,13.48,0,0,1305,True,0.0103295019157,0.00259062769598,0.00999999999476,0.0499999999993,96.8100890208,3,"[0, 1, 2]",,True,calibration
-1,-1,570,3196,0,normal_tightening,1,[0],True,1714,4866957,4868670,1,True,15075.395,15092.525,15075.395,15092.525,17.13,0,0,1713,True,0.01,9.3857033042e-10,0.00999999999476,0.0100000000057,100.0,3,"[0, 1, 2]",,True,calibration
-1,-1,571,677,0,normal_tightening,1,[0],True,1522,1054498,1056019,1,True,14040.989,14056.199,14040.989,14056.199,15.21,0,0,1521,True,0.01,0.0,0.00999999999658,0.0100000000039,100.0,3,"[0, 1, 2]",,True,calibration
-1,-1,572,575,0,normal_tightening,1,[0],True,1309,899229,900537,1,True,7296.775,7309.975,7296.775,7309.975,13.2,0,0,1308,True,0.0100917431193,0.00195300106746,0.00999999999749,0.0699999999997,99.0909090909,3,"[0, 1, 2]",,True,calibration
-1,-1,573,1593,0,normal_tightening,1,[0],True,1258,2469549,2470806,1,True,3344.455,3357.025,3344.455,3357.025,12.57,0,0,1257,True,0.01,0.0,0.00999999999976,0.0100000000002,100.0,3,"[0, 1, 2]",,True,calibration
-1,-1,574,3772,0,normal_tightening,1,[0],True,1462,5732743,5734204,1,True,19544.567,19559.177,19544.567,19559.177,14.61,0,0,1461,True,0.01,6.68755109252e-10,0.0099999999984,0.010000000002,100.0,3,"[0, 1, 2]",,True,calibration
-1,-1,575,865,0,normal_tightening,1,[0],True,1745,1349266,1351010,1,True,2378.05,2395.49,2378.05,2395.49,17.44,0,0,1744,True,0.01,6.26915694114e-10,0.00999999999976,0.0100000000002,100.0,3,"[0, 1, 2]",,True,calibration
-1,-1,576,1979,0,normal_tightening,1,[0],True,1358,3060987,3062344,1,True,7750.755,7764.435,7750.755,7764.435,13.68,0,0,1357,True,0.0100810611643,0.000975409998935,0.00999999999749,0.0299999999979,99.1959064328,2,"[1, 2]",,True,calibration
-1,-1,577,3386,0,normal_tightening,1,[0],True,1574,5144922,5146495,1,True,11928.392,11944.122,11928.392,11944.122,15.73,0,0,1573,True,0.01,3.08005990352e-10,0.0099999999984,0.0100000000002,100.0,3,"[0, 1, 2]",,True,calibration
-1,-1,578,2620,0,normal_tightening,1,[0],True,1542,4076877,4078418,1,True,27127.92,27143.33,27127.92,27143.33,15.41,0,0,1541,True,0.01,4.79992668333e-10,0.0099999999984,0.010000000002,100.0,3,"[0, 1, 2]",,True,calibration
-1,-1,579,1041,0,normal_tightening,1,[0],True,1462,1616960,1618421,1,True,3146.785,3161.395,3146.785,3161.395,14.61,0,0,1461,True,0.01,0.0,0.00999999999976,0.0100000000002,100.0,3,"[0, 1, 2]",,True,calibration
-1,-1,580,3802,0,normal_tightening,1,[0],True,1570,5779266,5780835,1,True,21528.965,21544.655,21528.965,21544.655,15.69,0,0,1569,True,0.01,3.49245965481e-10,0.0099999999984,0.010000000002,100.0,3,"[0, 1, 2]",,True,calibration
-1,-1,581,3846,0,normal_tightening,1,[0],True,1283,5847826,5849108,1,True,23078.573,23091.393,23078.573,23091.393,12.82,0,0,1282,True,0.01,1.06696404865e-09,0.0099999999984,0.010000000002,100.0,2,"[1, 2]",,True,calibration
-1,-1,582,1247,0,normal_tightening,1,[0],True,1838,1932924,1934761,1,True,9790.175,9808.765,9790.175,9808.765,18.59,0,0,1837,True,0.010119760479,0.00131439264754,0.0099999999984,0.0399999999991,98.8165680473,2,"[1, 2]",,True,calibration
-1,-1,583,237,0,normal_tightening,1,[0],True,1741,374048,375788,1,True,21038.288,21055.688,21038.288,21055.688,17.4,0,0,1740,True,0.01,0.0,0.00999999999476,0.010000000002,100.0,3,"[0, 1, 2]",,True,calibration
-1,-1,584,3346,0,normal_tightening,1,[0],True,1548,5084950,5086497,1,True,11320.752,11336.682,11320.752,11336.682,15.93,0,0,1547,True,0.0102973497091,0.00233895914589,0.0099999999984,0.0499999999993,97.1123666039,3,"[0, 1, 2]",,True,calibration
-1,-1,585,3470,0,normal_tightening,1,[0],True,1754,5271317,5273070,1,True,1308.324,1325.864,1308.324,1325.864,17.54,0,0,1753,True,0.0100057045066,0.000238772955355,0.00999999999976,0.02,99.9429874572,3,"[0, 1, 2]",,True,calibration
-1,-1,586,881,0,normal_tightening,1,[0],True,1311,1374603,1375913,1,True,2632.62,2645.74,2632.62,2645.74,13.12,0,0,1310,True,0.0100152671756,0.000390433949694,0.00999999999976,0.02,99.8475609756,3,"[0, 1, 2]",,True,calibration
-1,-1,587,2111,0,normal_tightening,1,[0],True,1747,3265171,3266917,1,True,20479.671,20497.161,20479.671,20497.161,17.49,0,0,1746,True,0.0100171821306,0.00041415707205,0.00999999999476,0.0200000000077,99.8284734134,3,"[0, 1, 2]",,True,calibration
-1,-1,588,1372,0,normal_tightening,1,[0],True,1730,2127026,2128755,1,True,8352.144,8369.514,8352.144,8369.514,17.37,0,0,1729,True,0.01004626952,0.00107452181472,0.0099999999984,0.0499999999993,99.5394358089,2,"[1, 2]",,True,calibration
-1,-1,589,3682,0,normal_tightening,1,[0],True,1717,5592601,5594317,1,True,18071.75,18088.91,18071.75,18088.91,17.16,0,0,1716,True,0.01,0.0,0.0099999999984,0.010000000002,100.0,3,"[0, 1, 2]",,True,calibration
-1,-1,590,2958,0,normal_tightening,1,[0],True,1213,4552317,4553529,1,True,7043.188,7055.368,7043.188,7055.368,12.18,0,0,1212,True,0.0100495049505,0.000701853805889,0.00999999999658,0.0200000000041,99.5073891626,3,"[0, 1, 2]",,True,calibration
-1,-1,591,3910,0,normal_tightening,1,[0],True,1371,5953955,5955325,1,True,2064.994,2078.694,2064.994,2078.694,13.7,0,0,1370,True,0.01,0.0,0.00999999999976,0.0100000000002,100.0,2,"[1, 2]",,True,calibration
-1,-1,592,593,0,normal_tightening,1,[0],True,1559,927062,928620,1,True,7575.695,7591.285,7575.695,7591.285,15.59,0,0,1558,True,0.0100064184852,0.000253265977635,0.00999999999749,0.0200000000004,99.9358563182,2,"[1, 2]",,True,calibration
-1,-1,593,3920,0,normal_tightening,1,[0],True,1330,5970109,5971438,1,True,2226.534,2239.824,2226.534,2239.824,13.29,0,0,1329,True,0.01,0.0,0.00999999999976,0.0100000000002,100.0,3,"[0, 1, 2]",,True,calibration
-1,-1,594,3322,0,normal_tightening,1,[0],True,1430,5047908,5049337,1,True,10866.32,10881.07,10866.32,10881.07,14.75,0,0,1429,True,0.010321903429,0.00231403126029,0.0099999999984,0.0400000000009,96.8813559322,3,"[0, 1, 2]",,True,calibration
-1,-1,595,56,0,normal_tightening,1,[0],True,1718,83011,84728,1,True,22014.76,22031.93,22014.76,22031.93,17.17,0,0,1717,True,0.01,0.0,0.0099999999984,0.010000000002,100.0,2,"[1, 2]",,True,calibration
-1,-1,596,3902,0,normal_tightening,1,[0],True,1621,5940331,5941951,1,True,1550.487,1566.687,1550.487,1566.687,16.2,0,0,1620,True,0.01,1.23751184586e-09,0.00999999999931,0.0100000000007,100.0,3,"[0, 1, 2]",,True,calibration
-1,-1,597,3696,0,normal_tightening,1,[0],True,1816,5615542,5617357,1,True,18301.16,18319.31,18301.16,18319.31,18.15,0,0,1815,True,0.01,0.0,0.0099999999984,0.010000000002,100.0,3,"[0, 1, 2]",,True,calibration
-1,-1,598,3884,0,normal_tightening,1,[0],True,1489,5910429,5911917,1,True,1251.467,1266.347,1251.467,1266.347,14.88,0,0,1488,True,0.01,1.3222238854e-09,0.00999999999954,0.0100000000004,100.0,3,"[0, 1, 2]",,True,calibration
-1,-1,599,715,0,normal_tightening,1,[0],True,1341,1112088,1113428,1,True,15485.674,15499.124,15485.674,15499.124,13.45,0,0,1340,True,0.0100373134328,0.000609706516294,0.00999999999658,0.0200000000004,99.6282527881,3,"[0, 1, 2]",,True,calibration
-1,-1,600,3216,0,normal_tightening,1,[0],True,1722,4896344,4898065,1,True,15371.145,15388.575,15371.145,15388.575,17.43,0,0,1721,True,0.0101278326554,0.00245492506379,0.00999999999476,0.0900000000001,98.7378083764,3,"[0, 1, 2]",,True,calibration
