seed,commissioning_n,selection_rank,sample_nr,label,label_name,unique_label_count,labels_json,has_single_label,row_count,first_global_row,last_global_row,contiguous_segment_count,rows_are_contiguous,first_timestamp,last_timestamp,minimum_timestamp,maximum_timestamp,duration_seconds,timestamp_decrease_count,timestamp_equal_count,positive_delta_count,timestamps_monotonic_nondecreasing,mean_positive_delta_seconds,std_positive_delta_seconds,minimum_positive_delta_seconds,maximum_positive_delta_seconds,estimated_sampling_rate_hz,runtime_state_count,runtime_states_json,exclusion_reason,protocol_eligible,partition
-1,-1,1,1,5,supplementary_operation,1,[5],True,2004,0,2003,1,True,21182.84,21202.91,21182.84,21202.91,20.07,0,0,2003,True,0.0100199700449,0.00054694777747,0.0099999999984,0.0299999999988,99.8006975585,3,"[0, 1, 2]",supplementary_operation,False,excluded
-1,-1,2,3,5,supplementary_operation,1,[5],True,1544,3359,4902,1,True,21216.63,21232.12,21216.63,21232.12,15.49,0,0,1543,True,0.0100388852884,0.00062236710893,0.0099999999984,0.0200000000004,99.6126533247,3,"[0, 1, 2]",supplementary_operation,False,excluded
-1,-1,3,5,5,supplementary_operation,1,[5],True,1520,6152,7671,1,True,21244.64,21259.83,21244.64,21259.83,15.19,0,0,1519,True,0.01,5.58308270214e-10,0.0099999999984,0.010000000002,100.0,3,"[0, 1, 2]",supplementary_operation,False,excluded
-1,-1,4,7,5,supplementary_operation,1,[5],True,1440,8849,10288,1,True,21271.61,21286.01,21271.61,21286.01,14.4,0,0,1439,True,0.0100069492703,0.000263523074729,0.0099999999984,0.0200000000004,99.9305555556,3,"[0, 1, 2]",supplementary_operation,False,excluded
-1,-1,5,9,5,supplementary_operation,1,[5],True,1427,11643,13069,1,True,21299.56,21313.82,21299.56,21313.82,14.26,0,0,1426,True,0.01,7.63386316167e-10,0.0099999999984,0.010000000002,100.0,3,"[0, 1, 2]",supplementary_operation,False,excluded
-1,-1,6,11,5,supplementary_operation,1,[5],True,1462,14459,15920,1,True,21327.73,21342.36,21327.73,21342.36,14.63,0,0,1461,True,0.0100136892539,0.000369736586904,0.0099999999984,0.0200000000004,99.8632946001,3,"[0, 1, 2]",supplementary_operation,False,excluded
-1,-1,7,13,5,supplementary_operation,1,[5],True,1540,17278,18817,1,True,21356.15,21371.54,21356.15,21371.54,15.39,0,0,1539,True,0.01,4.65661287308e-10,0.0099999999984,0.010000000002,100.0,3,"[0, 1, 2]",supplementary_operation,False,excluded
-1,-1,8,15,5,supplementary_operation,1,[5],True,1549,20087,21635,1,True,21384.31,21400.01,21384.31,21400.01,15.7,0,0,1548,True,0.010142118863,0.00133738093247,0.0099999999984,0.0300000000025,98.5987261147,3,"[0, 1, 2]",supplementary_operation,False,excluded
-1,-1,9,17,5,supplementary_operation,1,[5],True,1478,22899,24376,1,True,21412.71,21427.54,21412.71,21427.54,14.83,0,0,1477,True,0.0100406228842,0.000636064952313,0.0099999999984,0.0200000000004,99.5954146999,3,"[0, 1, 2]",supplementary_operation,False,excluded
-1,-1,10,19,5,supplementary_operation,1,[5],True,1479,25619,27097,1,True,21440.03,21454.82,21440.03,21454.82,14.79,0,0,1478,True,0.0100067658999,0.000260025424242,0.0099999999984,0.0200000000004,99.9323867478,3,"[0, 1, 2]",supplementary_operation,False,excluded
-1,-1,11,21,5,supplementary_operation,1,[5],True,1388,28292,29679,1,True,21466.93,21480.9,21466.93,21480.9,13.97,0,0,1387,True,0.0100720980534,0.00100208513488,0.0099999999984,0.0299999999988,99.2841803865,3,"[0, 1, 2]",supplementary_operation,False,excluded
-1,-1,12,23,5,supplementary_operation,1,[5],True,1397,31066,32462,1,True,21494.77,21508.74,21494.77,21508.74,13.97,0,0,1396,True,0.0100071633238,0.000267547985643,0.0099999999984,0.0200000000004,99.9284180386,3,"[0, 1, 2]",supplementary_operation,False,excluded
-1,-1,13,25,5,supplementary_operation,1,[5],True,1510,34141,35650,1,True,21525.53,21540.63,21525.53,21540.63,15.1,0,0,1509,True,0.0100066269052,0.000257342449832,0.0099999999984,0.0200000000004,99.9337748344,3,"[0, 1, 2]",supplementary_operation,False,excluded
-1,-1,14,27,5,supplementary_operation,1,[5],True,1512,37365,38876,1,True,21557.8,21572.93,21557.8,21572.93,15.13,0,0,1511,True,0.0100132362674,0.00036357595481,0.0099999999984,0.0200000000004,99.8678122934,3,"[0, 1, 2]",supplementary_operation,False,excluded
-1,-1,15,29,5,supplementary_operation,1,[5],True,1543,40173,41715,1,True,21585.9,21601.32,21585.9,21601.32,15.42,0,0,1542,True,0.01,4.79992668333e-10,0.0099999999984,0.010000000002,100.0,3,"[0, 1, 2]",supplementary_operation,False,excluded
-1,-1,16,31,5,supplementary_operation,1,[5],True,1431,43430,44860,1,True,21618.48,21632.78,21618.48,21632.78,14.3,0,0,1430,True,0.01,7.54457514082e-10,0.0099999999984,0.010000000002,100.0,3,"[0, 1, 2]",supplementary_operation,False,excluded
-1,-1,17,33,5,supplementary_operation,1,[5],True,1399,46261,47659,1,True,21646.8,21660.79,21646.8,21660.79,13.99,0,0,1398,True,0.0100071530758,0.000267356675135,0.0099999999984,0.0200000000004,99.9285203717,3,"[0, 1, 2]",supplementary_operation,False,excluded
-1,-1,18,35,5,supplementary_operation,1,[5],True,1541,49440,50980,1,True,21678.61,21694.01,21678.61,21694.01,15.4,0,0,1540,True,0.01,4.79992668333e-10,0.0099999999984,0.010000000002,100.0,3,"[0, 1, 2]",supplementary_operation,False,excluded
-1,-1,19,37,5,supplementary_operation,1,[5],True,1529,52722,54250,1,True,21711.43,21726.72,21711.43,21726.72,15.29,0,0,1528,True,0.0100065445026,0.000255738529888,0.0099999999984,0.0200000000004,99.9345977763,3,"[0, 1, 2]",supplementary_operation,False,excluded
-1,-1,20,39,5,supplementary_operation,1,[5],True,1491,55972,57462,1,True,21743.94,21758.84,21743.94,21758.84,14.9,0,0,1490,True,0.01,6.16011980703e-10,0.0099999999984,0.010000000002,100.0,3,"[0, 1, 2]",supplementary_operation,False,excluded
-1,-1,21,41,5,supplementary_operation,1,[5],True,1431,59329,60759,1,True,21777.52,21791.99,21777.52,21791.99,14.47,0,0,1430,True,0.0101188811189,0.00108382584784,0.0099999999984,0.0200000000004,98.8251554941,3,"[0, 1, 2]",supplementary_operation,False,excluded
-1,-1,22,43,5,supplementary_operation,1,[5],True,1407,62510,63916,1,True,21809.67,21823.73,21809.67,21823.73,14.06,0,0,1406,True,0.01,8.06549008735e-10,0.0099999999984,0.010000000002,100.0,3,"[0, 1, 2]",supplementary_operation,False,excluded
-1,-1,23,45,5,supplementary_operation,1,[5],True,1385,65659,67043,1,True,21841.17,21855.01,21841.17,21855.01,13.84,0,0,1384,True,0.01,8.71172497695e-10,0.0099999999984,0.010000000002,100.0,3,"[0, 1, 2]",supplementary_operation,False,excluded
-1,-1,24,47,5,supplementary_operation,1,[5],True,1489,68762,70250,1,True,21872.2,21887.09,21872.2,21887.09,14.89,0,0,1488,True,0.0100067204301,0.000259150799537,0.0099999999984,0.0200000000004,99.9328408328,3,"[0, 1, 2]",supplementary_operation,False,excluded
-1,-1,25,49,5,supplementary_operation,1,[5],True,1481,71961,73441,1,True,21904.21,21919.01,21904.21,21919.01,14.8,0,0,1480,True,0.01,6.58544507983e-10,0.0099999999984,0.010000000002,100.0,3,"[0, 1, 2]",supplementary_operation,False,excluded
-1,-1,26,51,5,supplementary_operation,1,[5],True,1441,75194,76634,1,True,21936.54,21950.95,21936.54,21950.95,14.41,0,0,1440,True,0.0100069444444,0.000263431621283,0.0099999999984,0.0199999999968,99.9306037474,3,"[0, 1, 2]",supplementary_operation,False,excluded
-1,-1,27,53,5,supplementary_operation,1,[5],True,1436,78400,79835,1,True,21968.61,21982.97,21968.61,21982.97,14.36,0,0,1435,True,0.0100069686411,0.000263889842922,0.0099999999984,0.0200000000004,99.930362117,2,"[1, 2]",supplementary_operation,False,excluded
-1,-1,28,55,5,supplementary_operation,1,[5],True,1413,81598,83010,1,True,22000.63,22014.75,22000.63,22014.75,14.12,0,0,1412,True,0.01,7.9810323664e-10,0.0099999999984,0.010000000002,100.0,3,"[0, 1, 2]",supplementary_operation,False,excluded
-1,-1,29,57,5,supplementary_operation,1,[5],True,1411,84729,86139,1,True,22031.94,22046.07,22031.94,22046.07,14.13,0,0,1410,True,0.0100212765957,0.000460774634653,0.0099999999984,0.0200000000004,99.7876857749,3,"[0, 1, 2]",supplementary_operation,False,excluded
-1,-1,30,59,5,supplementary_operation,1,[5],True,1334,87846,89179,1,True,22063.15,22076.48,22063.15,22076.48,13.33,0,0,1333,True,0.01,9.67018290297e-10,0.0099999999984,0.010000000002,100.0,3,"[0, 1, 2]",supplementary_operation,False,excluded
-1,-1,31,61,5,supplementary_operation,1,[5],True,1607,90898,92504,1,True,22093.67,22109.73,22093.67,22109.73,16.06,0,0,1606,True,0.01,2.01637252184e-10,0.0099999999984,0.010000000002,100.0,3,"[0, 1, 2]",supplementary_operation,False,excluded
-1,-1,32,63,5,supplementary_operation,1,[5],True,1598,94256,95853,1,True,22127.25,22143.25,22127.25,22143.25,16.0,0,0,1597,True,0.0100187852223,0.000433011937893,0.0099999999984,0.0200000000004,99.8125,3,"[0, 1, 2]",supplementary_operation,False,excluded
-1,-1,33,65,5,supplementary_operation,1,[5],True,1687,97601,99287,1,True,22160.73,22177.6,22160.73,22177.6,16.87,0,0,1686,True,0.0100059311981,0.00024346827693,0.0099999999984,0.0199999999968,99.9407231772,3,"[0, 1, 2]",supplementary_operation,False,excluded
-1,-1,34,67,5,supplementary_operation,1,[5],True,1700,101015,102714,1,True,22194.88,22211.87,22194.88,22211.87,16.99,0,0,1699,True,0.01,0.0,0.0099999999984,0.010000000002,100.0,3,"[0, 1, 2]",supplementary_operation,False,excluded
-1,-1,35,69,5,supplementary_operation,1,[5],True,1718,104836,106553,1,True,22233.09,22250.27,22233.09,22250.27,17.18,0,0,1717,True,0.0100058241118,0.000241261679418,0.0099999999984,0.0200000000004,99.9417927823,3,"[0, 1, 2]",supplementary_operation,False,excluded
-1,-1,36,71,5,supplementary_operation,1,[5],True,1719,108251,109969,1,True,22267.25,22284.44,22267.25,22284.44,17.19,0,0,1718,True,0.0100058207218,0.000241191494249,0.0099999999984,0.0200000000004,99.9418266434,2,"[1, 2]",supplementary_operation,False,excluded
-1,-1,37,73,5,supplementary_operation,1,[5],True,1672,111706,113377,1,True,22301.83,22318.55,22301.83,22318.55,16.72,0,0,1671,True,0.0100059844405,0.000244557950151,0.0099999999984,0.0199999999968,99.9401913876,3,"[0, 1, 2]",supplementary_operation,False,excluded
-1,-1,38,75,5,supplementary_operation,1,[5],True,1616,115074,116689,1,True,22335.54,22351.71,22335.54,22351.71,16.17,0,0,1615,True,0.0100123839009,0.0003516897045,0.0099999999984,0.0200000000004,99.876314162,3,"[0, 1, 2]",supplementary_operation,False,excluded
-1,-1,39,77,5,supplementary_operation,1,[5],True,1629,118406,120034,1,True,22368.91,22385.2,22368.91,22385.2,16.29,0,0,1628,True,0.0100061425061,0.000247764668685,0.0099999999984,0.0200000000004,99.9386126458,3,"[0, 1, 2]",supplementary_operation,False,excluded
-1,-1,40,79,5,supplementary_operation,1,[5],True,1578,121856,123433,1,True,22403.42,22419.38,22403.42,22419.38,15.96,0,0,1577,True,0.0101204819277,0.00109101025759,0.0099999999984,0.0200000000004,98.8095238095,3,"[0, 1, 2]",supplementary_operation,False,excluded
-1,-1,41,81,5,supplementary_operation,1,[5],True,1687,125154,126840,1,True,22436.77,22453.67,22436.77,22453.67,16.9,0,0,1686,True,0.0100237247924,0.000486502886247,0.0099999999984,0.0200000000004,99.7633136095,3,"[0, 1, 2]",supplementary_operation,False,excluded
-1,-1,42,83,5,supplementary_operation,1,[5],True,1702,128557,130258,1,True,22470.86,22487.89,22470.86,22487.89,17.03,0,0,1701,True,0.0100117577895,0.000342694688828,0.0099999999984,0.0200000000004,99.8825601879,2,"[1, 2]",supplementary_operation,False,excluded
-1,-1,43,85,5,supplementary_operation,1,[5],True,1716,131980,133695,1,True,22505.11,22522.26,22505.11,22522.26,17.15,0,0,1715,True,0.01,0.0,0.0099999999984,0.010000000002,100.0,3,"[0, 1, 2]",supplementary_operation,False,excluded
-1,-1,44,87,5,supplementary_operation,1,[5],True,1704,135470,137173,1,True,22540.01,22557.04,22540.01,22557.04,17.03,0,0,1703,True,0.01,0.0,0.0099999999984,0.010000000002,100.0,2,"[1, 2]",supplementary_operation,False,excluded
-1,-1,45,89,5,supplementary_operation,1,[5],True,1719,138939,140657,1,True,22574.7,22591.89,22574.7,22591.89,17.19,0,0,1718,True,0.0100058207218,0.000241191494161,0.0099999999984,0.0199999999968,99.9418266434,3,"[0, 1, 2]",supplementary_operation,False,excluded
-1,-1,46,91,5,supplementary_operation,1,[5],True,1705,142359,144063,1,True,22608.91,22625.95,22608.91,22625.95,17.04,0,0,1704,True,0.01,0.0,0.0099999999984,0.010000000002,100.0,3,"[0, 1, 2]",supplementary_operation,False,excluded
-1,-1,47,93,5,supplementary_operation,1,[5],True,1692,145788,147479,1,True,22643.23,22660.15,22643.23,22660.15,16.92,0,0,1691,True,0.0100059136606,0.000243108276576,0.0099999999984,0.0199999999968,99.9408983451,3,"[0, 1, 2]",supplementary_operation,False,excluded
-1,-1,48,95,5,supplementary_operation,1,[5],True,1674,149710,151383,1,True,22682.47,22699.21,22682.47,22699.21,16.74,0,0,1673,True,0.0100059772863,0.000244411814629,0.0099999999984,0.0199999999968,99.9402628435,3,"[0, 1, 2]",supplementary_operation,False,excluded
-1,-1,49,97,5,supplementary_operation,1,[5],True,1723,153211,154933,1,True,22717.5,22734.87,22717.5,22734.87,17.37,0,0,1722,True,0.0100871080139,0.00115241850364,0.0099999999984,0.0400000000009,99.1364421416,3,"[0, 1, 2]",supplementary_operation,False,excluded
-1,-1,50,99,5,supplementary_operation,1,[5],True,1622,157162,158783,1,True,22757.38,22773.63,22757.38,22773.63,16.25,0,0,1621,True,0.0100246761258,0.000496137427808,0.0099999999984,0.0200000000004,99.7538461538,3,"[0, 1, 2]",supplementary_operation,False,excluded
-1,-1,51,101,5,supplementary_operation,1,[5],True,1602,160649,162250,1,True,22792.36,22808.39,22792.36,22808.39,16.03,0,0,1601,True,0.0100124921924,0.000499687695161,0.0099999999984,0.0299999999988,99.8752339364,3,"[0, 1, 2]",supplementary_operation,False,excluded
-1,-1,52,103,5,supplementary_operation,1,[5],True,1609,163982,165590,1,True,22825.71,22841.81,22825.71,22841.81,16.1,0,0,1608,True,0.0100124378109,0.00049859955859,0.0099999999984,0.0300000000025,99.8757763975,3,"[0, 1, 2]",supplementary_operation,False,excluded
-1,-1,53,105,5,supplementary_operation,1,[5],True,1603,167321,168923,1,True,22859.13,22875.15,22859.13,22875.15,16.02,0,0,1602,True,0.01,2.01637252184e-10,0.0099999999984,0.010000000002,100.0,2,"[1, 2]",supplementary_operation,False,excluded
-1,-1,54,107,5,supplementary_operation,1,[5],True,1588,170676,172263,1,True,22892.71,22908.6,22892.71,22908.6,15.89,0,0,1587,True,0.0100126023945,0.000501885513654,0.0099999999984,0.0300000000025,99.8741346759,3,"[0, 1, 2]",supplementary_operation,False,excluded
-1,-1,55,109,5,supplementary_operation,1,[5],True,1605,174014,175618,1,True,22926.13,22942.26,22926.13,22942.26,16.13,0,0,1604,True,0.0100561097257,0.000826218636202,0.0099999999984,0.0299999999988,99.442033478,3,"[0, 1, 2]",supplementary_operation,False,excluded
-1,-1,56,111,5,supplementary_operation,1,[5],True,1649,177411,179059,1,True,22960.19,22976.68,22960.19,22976.68,16.49,0,0,1648,True,0.0100060679612,0.000246257571463,0.0099999999984,0.0200000000004,99.9393571862,3,"[0, 1, 2]",supplementary_operation,False,excluded
-1,-1,57,113,5,supplementary_operation,1,[5],True,1699,180766,182464,1,True,22993.76,23010.75,22993.76,23010.75,16.99,0,0,1698,True,0.0100058892815,0.000242606948379,0.0099999999984,0.0199999999968,99.9411418481,3,"[0, 1, 2]",supplementary_operation,False,excluded
-1,-1,58,115,5,supplementary_operation,1,[5],True,1701,184187,185887,1,True,23027.98,23044.99,23027.98,23044.99,17.01,0,0,1700,True,0.0100058823529,0.000242464280546,0.0099999999984,0.0200000000004,99.9412110523,2,"[1, 2]",supplementary_operation,False,excluded
-1,-1,59,117,5,supplementary_operation,1,[5],True,1632,187591,189222,1,True,23062.03,23078.34,23062.03,23078.34,16.31,0,0,1631,True,0.01,0.0,0.0099999999984,0.010000000002,100.0,2,"[1, 2]",supplementary_operation,False,excluded
-1,-1,60,119,5,supplementary_operation,1,[5],True,1580,190947,192526,1,True,23095.59,23111.39,23095.59,23111.39,15.8,0,0,1579,True,0.0100063331222,0.000251577252273,0.0099999999984,0.0200000000004,99.9367088608,3,"[0, 1, 2]",supplementary_operation,False,excluded
-1,-1,61,121,5,supplementary_operation,1,[5],True,1581,194225,195805,1,True,23128.38,23144.18,23128.38,23144.18,15.8,0,0,1580,True,0.01,3.49245965481e-10,0.0099999999984,0.010000000002,100.0,3,"[0, 1, 2]",supplementary_operation,False,excluded
-1,-1,62,123,5,supplementary_operation,1,[5],True,1574,197581,199154,1,True,23161.95,23177.68,23161.95,23177.68,15.73,0,0,1573,True,0.01,3.68137571515e-10,0.0099999999984,0.010000000002,100.0,3,"[0, 1, 2]",supplementary_operation,False,excluded
-1,-1,63,125,5,supplementary_operation,1,[5],True,1591,200912,202502,1,True,23195.27,23211.17,23195.27,23211.17,15.9,0,0,1590,True,0.01,2.60312573228e-10,0.0099999999984,0.010000000002,100.0,3,"[0, 1, 2]",supplementary_operation,False,excluded
-1,-1,64,127,5,supplementary_operation,1,[5],True,1606,204244,205849,1,True,23228.59,23244.65,23228.59,23244.65,16.06,0,0,1605,True,0.0100062305296,0.00024953251583,0.0099999999984,0.0200000000004,99.9377334994,3,"[0, 1, 2]",supplementary_operation,False,excluded
-1,-1,65,129,5,supplementary_operation,1,[5],True,1676,207605,209280,1,True,23262.21,23278.97,23262.21,23278.97,16.76,0,0,1675,True,0.0100059701493,0.000244265940852,0.0099999999984,0.0200000000004,99.9403341289,3,"[0, 1, 2]",supplementary_operation,False,excluded
-1,-1,66,131,5,supplementary_operation,1,[5],True,28,210983,211010,1,True,23296.01,23321.76,23296.01,23321.76,25.75,0,0,27,True,0.953703703704,4.81196360024,0.0099999999984,25.49,1.04854368932,3,"[0, 1, 2]",supplementary_operation,False,excluded
-1,-1,67,132,5,supplementary_operation,1,[5],True,1773,211011,212783,1,True,16282.077,16299.797,16282.077,16299.797,17.72,0,0,1772,True,0.01,9.09232729569e-10,0.0099999999984,0.010000000002,100.0,2,"[1, 2]",supplementary_operation,False,excluded
-1,-1,68,134,5,supplementary_operation,1,[5],True,1000,214472,215471,1,True,16316.707,16326.697,16316.707,16326.697,9.99,0,0,999,True,0.01,0.0,0.0099999999984,0.010000000002,100.0,3,"[0, 1, 2]",supplementary_operation,False,excluded
-1,-1,69,136,5,supplementary_operation,1,[5],True,1641,216923,218563,1,True,16341.247,16357.647,16341.247,16357.647,16.4,0,0,1640,True,0.01,6.04911756551e-10,0.0099999999984,0.010000000002,100.0,3,"[0, 1, 2]",supplementary_operation,False,excluded
-1,-1,70,138,5,supplementary_operation,1,[5],True,1616,220277,221892,1,True,16374.787,16390.937,16374.787,16390.937,16.15,0,0,1615,True,0.01,0.0,0.00999999999476,0.0100000000057,100.0,3,"[0, 1, 2]",supplementary_operation,False,excluded
-1,-1,71,140,5,supplementary_operation,1,[5],True,1564,223612,225175,1,True,16408.137,16423.767,16408.137,16423.767,15.63,0,0,1563,True,0.01,5.46036260182e-10,0.00999999999476,0.0100000000057,100.0,2,"[1, 2]",supplementary_operation,False,excluded
-1,-1,72,142,5,supplementary_operation,1,[5],True,1540,226891,228430,1,True,16440.927,16456.447,16440.927,16456.447,15.52,0,0,1539,True,0.0100844704353,0.00158964706963,0.00999999999476,0.0499999999993,99.162371134,3,"[0, 1, 2]",supplementary_operation,False,excluded
-1,-1,73,144,5,supplementary_operation,1,[5],True,13,230106,230118,1,True,16473.217,16473.337,16473.217,16473.337,0.119999999999,0,0,12,True,0.00999999999992,1.16415321827e-10,0.00999999999476,0.0100000000057,100.000000001,3,"[0, 1, 2]",supplementary_operation,False,excluded
-1,-1,74,146,5,supplementary_operation,1,[5],True,1893,232686,234578,1,True,18684.587,18703.507,18684.587,18703.507,18.92,0,0,1892,True,0.01,0.0,0.0099999999984,0.010000000002,100.0,3,"[0, 1, 2]",supplementary_operation,False,excluded
-1,-1,75,148,5,supplementary_operation,1,[5],True,1594,236222,237815,1,True,18719.947,18735.877,18719.947,18735.877,15.93,0,0,1593,True,0.01,3.54329336364e-05,0.0089999999982,0.0110000000022,100.0,3,"[0, 1, 2]",supplementary_operation,False,excluded
-1,-1,76,150,5,supplementary_operation,1,[5],True,1555,239509,241063,1,True,18752.837,18768.377,18752.837,18768.377,15.54,0,0,1554,True,0.01,4.19741412097e-10,0.0099999999984,0.010000000002,100.0,2,"[1, 2]",supplementary_operation,False,excluded
-1,-1,77,152,5,supplementary_operation,1,[5],True,1640,242709,244348,1,True,18784.837,18801.227,18784.837,18801.227,16.39,0,0,1639,True,0.01,0.0,0.0099999999984,0.010000000002,100.0,3,"[0, 1, 2]",supplementary_operation,False,excluded
-1,-1,78,154,5,supplementary_operation,1,[5],True,995,246001,246995,1,True,18817.757,18827.697,18817.757,18827.697,9.94,0,0,994,True,0.01,1.09207252036e-09,0.0099999999984,0.010000000002,100.0,3,"[0, 1, 2]",supplementary_operation,False,excluded
-1,-1,79,156,5,supplementary_operation,1,[5],True,1494,248512,250005,1,True,18842.867,18857.877,18842.867,18857.877,15.01,0,0,1493,True,0.0100535833892,0.000730042952125,0.0099999999984,0.0200000000004,99.4670219853,2,"[1, 2]",supplementary_operation,False,excluded
-1,-1,80,158,5,supplementary_operation,1,[5],True,1546,251743,253288,1,True,18875.267,18890.717,18875.267,18890.717,15.45,0,0,1545,True,0.01,4.65661287308e-10,0.0099999999984,0.010000000002,100.0,2,"[1, 2]",supplementary_operation,False,excluded
-1,-1,81,160,5,supplementary_operation,1,[5],True,1482,254999,256480,1,True,18907.837,18922.647,18907.837,18922.647,14.81,0,0,1481,True,0.01,6.26915694114e-10,0.0099999999984,0.010000000002,100.0,3,"[0, 1, 2]",supplementary_operation,False,excluded
-1,-1,82,162,5,supplementary_operation,1,[5],True,1580,257788,259367,1,True,18935.737,18951.537,18935.737,18951.537,15.8,0,0,1579,True,0.0100063331222,0.000251577252273,0.0099999999984,0.0200000000004,99.9367088608,3,"[0, 1, 2]",supplementary_operation,False,excluded
-1,-1,83,164,5,supplementary_operation,1,[5],True,1576,260647,262222,1,True,18964.337,18980.087,18964.337,18980.087,15.75,0,0,1575,True,0.01,3.49245965481e-10,0.0099999999984,0.010000000002,100.0,3,"[0, 1, 2]",supplementary_operation,False,excluded
-1,-1,84,166,5,supplementary_operation,1,[5],True,1473,263486,264958,1,True,18992.727,19007.457,18992.727,19007.457,14.73,0,0,1472,True,0.0100067934783,0.000260554468908,0.0099999999984,0.0200000000004,99.9321113374,3,"[0, 1, 2]",supplementary_operation,False,excluded
-1,-1,85,168,5,supplementary_operation,1,[5],True,1491,266193,267683,1,True,19019.807,19034.707,19019.807,19034.707,14.9,0,0,1490,True,0.01,6.26915694114e-10,0.0099999999984,0.010000000002,100.0,2,"[1, 2]",supplementary_operation,False,excluded
-1,-1,86,170,5,supplementary_operation,1,[5],True,1477,268903,270379,1,True,19046.907,19061.667,19046.907,19061.667,14.76,0,0,1476,True,0.01,3.68105087717e-05,0.0089999999982,0.0110000000022,100.0,3,"[0, 1, 2]",supplementary_operation,False,excluded
-1,-1,87,172,5,supplementary_operation,1,[5],True,1030,271607,272636,1,True,19073.957,19084.257,19073.957,19084.257,10.3,0,0,1029,True,0.010009718173,0.000314691788069,0.00900000000183,0.0199999999968,99.9029126214,3,"[0, 1, 2]",supplementary_operation,False,excluded
-1,-1,88,174,5,supplementary_operation,1,[5],True,1441,273934,275374,1,True,19097.237,19111.637,19097.237,19111.637,14.4,0,0,1440,True,0.01,7.4535599201e-05,0.00800000000163,0.0119999999988,100.0,3,"[0, 1, 2]",supplementary_operation,False,excluded
-1,-1,89,176,5,supplementary_operation,1,[5],True,1395,276752,278146,1,True,19125.417,19139.357,19125.417,19139.357,13.94,0,0,1394,True,0.01,8.47516335696e-10,0.0099999999984,0.010000000002,100.0,3,"[0, 1, 2]",supplementary_operation,False,excluded
-1,-1,90,178,5,supplementary_operation,1,[5],True,1421,279948,281368,1,True,19157.377,19171.577,19157.377,19171.577,14.2,0,0,1420,True,0.01,7.89567127722e-10,0.0099999999984,0.010000000002,100.0,3,"[0, 1, 2]",supplementary_operation,False,excluded
-1,-1,91,180,5,supplementary_operation,1,[5],True,1339,283060,284398,1,True,19188.537,19201.957,19188.537,19201.957,13.42,0,0,1338,True,0.0100298953662,0.00054594865078,0.0099999999984,0.0200000000004,99.7019374069,2,"[1, 2]",supplementary_operation,False,excluded
-1,-1,92,182,5,supplementary_operation,1,[5],True,1715,286115,287829,1,True,19219.137,19236.297,19219.137,19236.297,17.16,0,0,1714,True,0.0100116686114,0.000341394138599,0.0099999999984,0.0200000000004,99.8834498835,3,"[0, 1, 2]",supplementary_operation,False,excluded
-1,-1,93,184,5,supplementary_operation,1,[5],True,1710,289533,291242,1,True,19253.357,19270.447,19253.357,19270.447,17.09,0,0,1709,True,0.01,0.0,0.0099999999984,0.010000000002,100.0,3,"[0, 1, 2]",supplementary_operation,False,excluded
-1,-1,94,186,5,supplementary_operation,1,[5],True,1663,293054,294716,1,True,19288.567,19305.207,19288.567,19305.207,16.64,0,0,1662,True,0.0100120336943,0.000346687371637,0.0099999999984,0.0200000000004,99.8798076923,3,"[0, 1, 2]",supplementary_operation,False,excluded
-1,-1,95,188,5,supplementary_operation,1,[5],True,1601,296565,298165,1,True,19323.697,19339.727,19323.697,19339.727,16.03,0,0,1600,True,0.01001875,0.000432606562036,0.0099999999984,0.0200000000004,99.8128509046,3,"[0, 1, 2]",supplementary_operation,False,excluded
-1,-1,96,190,5,supplementary_operation,1,[5],True,1060,299921,300980,1,True,19357.287,19367.877,19357.287,19367.877,10.59,0,0,1059,True,0.01,4.34577281436e-05,0.0089999999982,0.0110000000022,100.0,3,"[0, 1, 2]",supplementary_operation,False,excluded
-1,-1,97,192,5,supplementary_operation,1,[5],True,1672,302671,304342,1,True,19384.787,19401.517,19384.787,19401.517,16.73,0,0,1671,True,0.0100119688809,0.000345753604459,0.0099999999984,0.0200000000004,99.8804542738,3,"[0, 1, 2]",supplementary_operation,False,excluded
-1,-1,98,194,5,supplementary_operation,1,[5],True,1638,306024,307661,1,True,19418.337,19434.707,19418.337,19434.707,16.37,0,0,1637,True,0.01,0.0,0.0099999999984,0.010000000002,100.0,2,"[1, 2]",supplementary_operation,False,excluded
-1,-1,99,196,5,supplementary_operation,1,[5],True,1614,309385,310998,1,True,19451.947,19468.087,19451.947,19468.087,16.14,0,0,1613,True,0.010006199628,0.00024891332797,0.0099999999984,0.0200000000004,99.9380421314,3,"[0, 1, 2]",supplementary_operation,False,excluded
-1,-1,100,198,5,supplementary_operation,1,[5],True,1613,312726,314338,1,True,19485.367,19501.487,19485.367,19501.487,16.12,0,0,1612,True,0.01,3.52234976269e-05,0.00900000000183,0.0109999999986,100.0,3,"[0, 1, 2]",supplementary_operation,False,excluded
-1,-1,101,200,5,supplementary_operation,1,[5],True,1616,316076,317691,1,True,19518.867,19535.017,19518.867,19535.017,16.15,0,0,1615,True,0.01,1.16415321827e-10,0.0099999999984,0.010000000002,100.0,3,"[0, 1, 2]",supplementary_operation,False,excluded
-1,-1,102,202,5,supplementary_operation,1,[5],True,1580,319514,321093,1,True,19553.247,19569.037,19553.247,19569.037,15.79,0,0,1579,True,0.01,3.08005990352e-10,0.0099999999984,0.010000000002,100.0,3,"[0, 1, 2]",supplementary_operation,False,excluded
-1,-1,103,204,5,supplementary_operation,1,[5],True,1408,322834,324241,1,True,19586.447,20053.211,19586.447,20053.211,466.764,0,0,1407,True,0.331744136461,12.0643325891,0.00999999999476,452.704,3.01437128827,3,"[0, 1, 2]",supplementary_operation,False,excluded
-1,-1,104,206,5,supplementary_operation,1,[5],True,1485,325932,327416,1,True,20070.171,20085.021,20070.171,20085.021,14.85,0,0,1484,True,0.0100067385445,0.00025949958915,0.00999999999476,0.0200000000004,99.9326599326,3,"[0, 1, 2]",supplementary_operation,False,excluded
-1,-1,105,208,5,supplementary_operation,1,[5],True,1480,329145,330624,1,True,20102.321,20117.151,20102.321,20117.151,14.83,0,0,1479,True,0.0100270453009,0.000636355297742,0.00999999999476,0.0299999999988,99.7302764666,3,"[0, 1, 2]",supplementary_operation,False,excluded
-1,-1,106,210,5,supplementary_operation,1,[5],True,1469,332004,333472,1,True,20130.951,20145.631,20130.951,20145.631,14.68,0,0,1468,True,0.01,8.23180634978e-10,0.00999999999476,0.0100000000057,100.0,3,"[0, 1, 2]",supplementary_operation,False,excluded
-1,-1,107,212,5,supplementary_operation,1,[5],True,1497,334680,336176,1,True,20157.711,20172.671,20157.711,20172.671,14.96,0,0,1496,True,0.01,7.89567127722e-10,0.00999999999476,0.0100000000057,100.0,3,"[0, 1, 2]",supplementary_operation,False,excluded
-1,-1,108,214,5,supplementary_operation,1,[5],True,1051,337410,338460,1,True,20185.011,20195.511,20185.011,20195.511,10.5,0,0,1050,True,0.01,1.01488524665e-09,0.00999999999476,0.0100000000057,100.0,3,"[0, 1, 2]",supplementary_operation,False,excluded
-1,-1,109,216,5,supplementary_operation,1,[5],True,1433,339512,340944,1,True,20206.031,20220.351,20206.031,20220.351,14.32,0,0,1432,True,0.00999999999999,8.55474410154e-10,0.00999999999476,0.0100000000057,100.0,3,"[0, 1, 2]",supplementary_operation,False,excluded
-1,-1,110,218,5,supplementary_operation,1,[5],True,1419,342434,343852,1,True,20235.251,20249.491,20235.251,20249.491,14.24,0,0,1418,True,0.0100423131171,0.000649107672712,0.00999999999476,0.0200000000004,99.5786516854,3,"[0, 1, 2]",supplementary_operation,False,excluded
-1,-1,111,220,5,supplementary_operation,1,[5],True,1426,345567,346992,1,True,20266.641,20280.891,20266.641,20280.891,14.25,0,0,1425,True,0.01,8.63359133608e-10,0.00999999999476,0.0100000000057,100.0,3,"[0, 1, 2]",supplementary_operation,False,excluded
-1,-1,112,222,5,supplementary_operation,1,[5],True,982,348710,349691,1,True,20298.071,20307.881,20298.071,20307.881,9.81,0,0,981,True,0.01,1.00818626092e-09,0.00999999999476,0.0100000000057,100.0,3,"[0, 1, 2]",supplementary_operation,False,excluded
-1,-1,113,224,5,supplementary_operation,1,[5],True,1679,351387,353065,1,True,20324.851,20341.641,20324.851,20341.641,16.79,0,0,1678,True,0.0100059594756,0.000244047618956,0.00999999999476,0.0200000000004,99.9404407385,3,"[0, 1, 2]",supplementary_operation,False,excluded
-1,-1,114,226,5,supplementary_operation,1,[5],True,1723,354756,356478,1,True,20358.551,20375.781,20358.551,20375.781,17.23,0,0,1722,True,0.0100058072009,0.000240911365026,0.00999999999476,0.0200000000077,99.9419616947,3,"[0, 1, 2]",supplementary_operation,False,excluded
-1,-1,115,228,5,supplementary_operation,1,[5],True,1698,358267,359964,1,True,20393.671,20410.641,20393.671,20410.641,16.97,0,0,1697,True,0.01,3.43300215485e-05,0.00900000000183,0.0109999999986,100.0,3,"[0, 1, 2]",supplementary_operation,False,excluded
-1,-1,116,230,5,supplementary_operation,1,[5],True,1721,361656,363376,1,True,20427.591,20444.811,20427.591,20444.811,17.22,0,0,1720,True,0.010011627907,0.000340798857916,0.00999999999476,0.0200000000004,99.8838559814,2,"[1, 2]",supplementary_operation,False,excluded
-1,-1,117,232,5,supplementary_operation,1,[5],True,1673,365189,366861,1,True,20462.941,20479.661,20462.941,20479.661,16.72,0,0,1672,True,0.01,5.58308270214e-10,0.00999999999476,0.0100000000057,100.0,3,"[0, 1, 2]",supplementary_operation,False,excluded
-1,-1,118,234,5,supplementary_operation,1,[5],True,1639,368609,370247,1,True,20497.171,20513.601,20497.171,20513.601,16.43,0,0,1638,True,0.0100305250305,0.00055165072985,0.00999999999476,0.0200000000004,99.6956786366,3,"[0, 1, 2]",supplementary_operation,False,excluded
-1,-1,119,236,5,supplementary_operation,1,[5],True,2082,371966,374047,1,True,20530.791,21038.278,20530.791,21038.278,507.487,0,0,2081,True,0.243866890918,10.6657520085,0.00999999999476,486.677,4.10059765078,3,"[0, 1, 2]",supplementary_operation,False,excluded
-1,-1,120,238,5,supplementary_operation,1,[5],True,1662,375789,377450,1,True,21055.698,21072.308,21055.698,21072.308,16.61,0,0,1661,True,0.01,3.47000564797e-05,0.00900000000183,0.0110000000022,100.0,3,"[0, 1, 2]",supplementary_operation,False,excluded
-1,-1,121,240,5,supplementary_operation,1,[5],True,974,379226,380199,1,True,21090.068,21099.798,21090.068,21099.798,9.73,0,0,973,True,0.01,1.06696404865e-09,0.00999999999476,0.010000000002,100.0,3,"[0, 1, 2]",supplementary_operation,False,excluded
-1,-1,122,242,5,supplementary_operation,1,[5],True,1617,382023,383639,1,True,21118.038,21134.198,21118.038,21134.198,16.16,0,0,1616,True,0.01,3.51798771794e-05,0.00900000000183,0.0109999999986,100.0,3,"[0, 1, 2]",supplementary_operation,False,excluded
-1,-1,123,244,5,supplementary_operation,1,[5],True,1469,385391,386859,1,True,21151.718,21166.398,21151.718,21166.398,14.68,0,0,1468,True,0.01,6.48173080155e-10,0.00999999999476,0.010000000002,100.0,3,"[0, 1, 2]",supplementary_operation,False,excluded
-1,-1,124,246,5,supplementary_operation,1,[5],True,1446,388600,390045,1,True,21183.818,21198.268,21183.818,21198.268,14.45,0,0,1445,True,0.01,7.08126757561e-10,0.00999999999476,0.010000000002,100.0,3,"[0, 1, 2]",supplementary_operation,False,excluded
-1,-1,125,248,5,supplementary_operation,1,[5],True,1027,391808,392834,1,True,21215.898,21226.158,21215.898,21226.158,10.26,0,0,1026,True,0.01,1.06696404865e-09,0.00999999999476,0.010000000002,100.0,3,"[0, 1, 2]",supplementary_operation,False,excluded
-1,-1,126,250,5,supplementary_operation,1,[5],True,1461,394344,395804,1,True,21241.258,21255.858,21241.258,21255.858,14.6,0,0,1460,True,0.01,6.78812141396e-10,0.00999999999476,0.010000000002,100.0,3,"[0, 1, 2]",supplementary_operation,False,excluded
-1,-1,127,252,5,supplementary_operation,1,[5],True,1407,397505,398911,1,True,21272.948,21287.108,21272.948,21287.108,14.16,0,0,1406,True,0.0100711237553,0.000841190489567,0.0089999999982,0.0200000000004,99.2937853107,3,"[0, 1, 2]",supplementary_operation,False,excluded
-1,-1,128,254,5,supplementary_operation,1,[5],True,1398,400646,402043,1,True,21304.458,21318.428,21304.458,21318.428,13.97,0,0,1397,True,0.01,8.23180634978e-10,0.00999999999476,0.010000000002,100.0,3,"[0, 1, 2]",supplementary_operation,False,excluded
-1,-1,129,256,5,supplementary_operation,1,[5],True,1410,403768,405177,1,True,21335.678,21349.878,21335.678,21349.878,14.2,0,0,1409,True,0.0100780695529,0.0011586109096,0.00999999999476,0.0299999999988,99.2253521127,3,"[0, 1, 2]",supplementary_operation,False,excluded
-1,-1,130,258,5,supplementary_operation,1,[5],True,1032,406888,407919,1,True,21367.018,21377.328,21367.018,21377.328,10.31,0,0,1031,True,0.01,1.07959128165e-09,0.00999999999476,0.010000000002,100.0,3,"[0, 1, 2]",supplementary_operation,False,excluded
-1,-1,131,260,5,supplementary_operation,1,[5],True,1689,409392,411080,1,True,21392.058,21408.938,21392.058,21408.938,16.88,0,0,1688,True,0.01,3.44214195455e-05,0.0089999999982,0.0109999999986,100.0,2,"[1, 2]",supplementary_operation,False,excluded
-1,-1,132,262,5,supplementary_operation,1,[5],True,1704,412881,414584,1,True,21426.948,21443.978,21426.948,21443.978,17.03,0,0,1703,True,0.01,0.0,0.00999999999476,0.010000000002,100.0,3,"[0, 1, 2]",supplementary_operation,False,excluded
-1,-1,133,264,5,supplementary_operation,1,[5],True,1650,416809,418458,1,True,21466.228,21482.718,21466.228,21482.718,16.49,0,0,1649,True,0.01,0.0,0.00999999999476,0.010000000002,100.0,3,"[0, 1, 2]",supplementary_operation,False,excluded
-1,-1,134,266,5,supplementary_operation,1,[5],True,1617,420623,422239,1,True,21504.368,21520.528,21504.368,21520.528,16.16,0,0,1616,True,0.01,3.51798773075e-05,0.0089999999982,0.0110000000022,100.0,3,"[0, 1, 2]",supplementary_operation,False,excluded
-1,-1,135,268,5,supplementary_operation,1,[5],True,1614,423957,425570,1,True,21537.708,21553.878,21537.708,21553.878,16.17,0,0,1613,True,0.0100247985121,0.000498608142921,0.0089999999982,0.0200000000004,99.7526283241,3,"[0, 1, 2]",supplementary_operation,False,excluded
-1,-1,136,270,5,supplementary_operation,1,[5],True,1450,427296,428745,1,True,21571.178,21585.668,21571.178,21585.668,14.49,0,0,1449,True,0.01,7.43037616274e-05,0.00800000000163,0.0119999999988,100.0,3,"[0, 1, 2]",supplementary_operation,False,excluded
-1,-1,137,272,5,supplementary_operation,1,[5],True,1444,430497,431940,1,True,21603.188,21617.618,21603.188,21617.618,14.43,0,0,1443,True,0.01,3.7229039567e-05,0.0089999999982,0.0109999999986,100.0,3,"[0, 1, 2]",supplementary_operation,False,excluded
-1,-1,138,274,5,supplementary_operation,1,[5],True,1430,433718,435147,1,True,21635.398,21649.708,21635.398,21649.708,14.31,0,0,1429,True,0.0100139958013,0.000373847736525,0.00999999999476,0.0200000000004,99.8602375961,3,"[0, 1, 2]",supplementary_operation,False,excluded
-1,-1,139,276,5,supplementary_operation,1,[5],True,1039,436885,437923,1,True,21667.308,21677.788,21667.308,21677.788,10.48,0,0,1038,True,0.0100963391137,0.00151751688732,0.00999999999476,0.0499999999956,99.0458015268,3,"[0, 1, 2]",supplementary_operation,False,excluded
-1,-1,140,278,5,supplementary_operation,1,[5],True,1621,439408,441028,1,True,1669.13,1685.38,1669.13,1685.38,16.25,0,0,1620,True,0.0100308641975,0.000554697554186,0.00999999999931,0.02,99.6923076923,3,"[0, 1, 2]",supplementary_operation,False,excluded
-1,-1,141,280,5,supplementary_operation,1,[5],True,1088,442313,443400,1,True,1698.28,1709.15,1698.28,1709.15,10.87,0,0,1087,True,0.01,1.01488524665e-09,0.00999999999931,0.0100000000007,100.0,3,"[0, 1, 2]",supplementary_operation,False,excluded
-1,-1,142,282,5,supplementary_operation,1,[5],True,1542,444797,446338,1,True,1723.13,1738.57,1723.13,1738.57,15.44,0,0,1541,True,0.010019467878,0.000569285196612,0.00999999999931,0.03,99.8056994819,3,"[0, 1, 2]",supplementary_operation,False,excluded
-1,-1,143,284,5,supplementary_operation,1,[5],True,1544,447589,449132,1,True,1751.09,1766.52,1751.09,1766.52,15.43,0,0,1543,True,0.01,1.3375102185e-09,0.00999999999931,0.0100000000007,100.0,3,"[0, 1, 2]",supplementary_operation,False,excluded
-1,-1,144,286,5,supplementary_operation,1,[5],True,1514,450363,451876,1,True,1778.83,1793.96,1778.83,1793.96,15.13,0,0,1513,True,0.01,1.3222238854e-09,0.00999999999931,0.0100000000007,100.0,3,"[0, 1, 2]",supplementary_operation,False,excluded
-1,-1,145,288,5,supplementary_operation,1,[5],True,1474,453198,454671,1,True,1807.18,1821.91,1807.18,1821.91,14.73,0,0,1473,True,0.01,1.37251640234e-09,0.00999999999999,0.0100000000002,100.0,2,"[1, 2]",supplementary_operation,False,excluded
-1,-1,146,290,5,supplementary_operation,1,[5],True,1505,456006,457510,1,True,1835.26,1850.3,1835.26,1850.3,15.04,0,0,1504,True,0.01,1.39698386192e-09,0.00999999999999,0.0100000000002,100.0,3,"[0, 1, 2]",supplementary_operation,False,excluded
-1,-1,147,292,5,supplementary_operation,1,[5],True,1430,458981,460410,1,True,1865.01,1879.32,1865.01,1879.32,14.31,0,0,1429,True,0.0100139958013,0.000528885755856,0.00999999999999,0.0300000000002,99.8602375961,3,"[0, 1, 2]",supplementary_operation,False,excluded
-1,-1,148,294,5,supplementary_operation,1,[5],True,1472,461795,463266,1,True,1893.17,1907.9,1893.17,1907.9,14.73,0,0,1471,True,0.0100135961931,0.00052128591469,0.00999999999999,0.03,99.8642226748,2,"[1, 2]",supplementary_operation,False,excluded
-1,-1,149,296,5,supplementary_operation,1,[5],True,1480,465123,466602,1,True,1926.5,1941.3,1926.5,1941.3,14.8,0,0,1479,True,0.0100067613252,0.000259937563042,0.00999999999999,0.02,99.9324324324,3,"[0, 1, 2]",supplementary_operation,False,excluded
-1,-1,150,298,5,supplementary_operation,1,[5],True,1391,468478,469868,1,True,1960.06,1973.96,1960.06,1973.96,13.9,0,0,1390,True,0.01,1.31193404896e-09,0.00999999999999,0.0100000000002,100.0,3,"[0, 1, 2]",supplementary_operation,False,excluded
-1,-1,151,300,5,supplementary_operation,1,[5],True,1324,471587,472910,1,True,1991.22,2004.45,1991.22,2004.45,13.23,0,0,1323,True,0.01,1.25922423629e-09,0.00999999999999,0.0100000000002,100.0,3,"[0, 1, 2]",supplementary_operation,False,excluded
-1,-1,152,302,5,supplementary_operation,1,[5],True,1708,474655,476362,1,True,2021.94,2039.05,2021.94,2039.05,17.11,0,0,1707,True,0.0100234329233,0.00048350814955,0.00999999999999,0.02,99.7662185856,3,"[0, 1, 2]",supplementary_operation,False,excluded
-1,-1,153,304,5,supplementary_operation,1,[5],True,1762,478216,479977,1,True,2057.64,2075.25,2057.64,2075.25,17.61,0,0,1761,True,0.01,6.58544507983e-10,0.00999999999976,0.0100000000002,100.0,3,"[0, 1, 2]",supplementary_operation,False,excluded
-1,-1,154,306,5,supplementary_operation,1,[5],True,1726,482355,484080,1,True,2099.04,2116.48,2099.04,2116.48,17.44,0,0,1725,True,0.0101101449275,0.00157499895813,0.00999999999976,0.0599999999999,98.9105504587,3,"[0, 1, 2]",supplementary_operation,False,excluded
-1,-1,155,308,5,supplementary_operation,1,[5],True,1708,485831,487538,1,True,2133.99,2151.06,2133.99,2151.06,17.07,0,0,1707,True,0.01,5.70316273436e-10,0.00999999999976,0.0100000000002,100.0,3,"[0, 1, 2]",supplementary_operation,False,excluded
-1,-1,156,310,5,supplementary_operation,1,[5],True,1036,489258,490293,1,True,2168.29,2178.65,2168.29,2178.65,10.36,0,0,1035,True,0.0100096618357,0.000310684737985,0.00999999999976,0.02,99.9034749035,3,"[0, 1, 2]",supplementary_operation,False,excluded
-1,-1,157,312,5,supplementary_operation,1,[5],True,1668,491813,493480,1,True,2194.02,2211.14,2194.02,2211.14,17.12,0,0,1667,True,0.0102699460108,0.00216013456544,0.00999999999976,0.0599999999999,97.3714953271,3,"[0, 1, 2]",supplementary_operation,False,excluded
-1,-1,158,314,5,supplementary_operation,1,[5],True,1633,495172,496804,1,True,2228.17,2244.51,2228.17,2244.51,16.34,0,0,1632,True,0.010012254902,0.000349855451559,0.00999999999976,0.02,99.8776009792,3,"[0, 1, 2]",supplementary_operation,False,excluded
-1,-1,159,316,5,supplementary_operation,1,[5],True,1604,498528,500131,1,True,2261.77,2277.8,2261.77,2277.8,16.03,0,0,1603,True,0.01,2.01637252184e-10,0.00999999999976,0.0100000000002,100.0,2,"[1, 2]",supplementary_operation,False,excluded
-1,-1,160,318,5,supplementary_operation,1,[5],True,1577,501875,503451,1,True,2295.27,2311.2,2295.27,2311.2,15.93,0,0,1576,True,0.0101078680203,0.00109267938872,0.00999999999976,0.0300000000002,98.9328311362,2,"[1, 2]",supplementary_operation,False,excluded
-1,-1,161,320,5,supplementary_operation,1,[5],True,1613,505195,506807,1,True,2328.64,2344.76,2328.64,2344.76,16.12,0,0,1612,True,0.01,3.08005990352e-10,0.00999999999976,0.0100000000002,100.0,3,"[0, 1, 2]",supplementary_operation,False,excluded
-1,-1,162,322,5,supplementary_operation,1,[5],True,1590,508545,510134,1,True,2362.15,2378.04,2362.15,2378.04,15.89,0,0,1589,True,0.01,0.0,0.00999999999976,0.0100000000002,100.0,3,"[0, 1, 2]",supplementary_operation,False,excluded
-1,-1,163,324,5,supplementary_operation,1,[5],True,1584,511880,513463,1,True,2395.5,2411.33,2395.5,2411.33,15.83,0,0,1583,True,0.01,0.0,0.00999999999976,0.0100000000002,100.0,2,"[1, 2]",supplementary_operation,False,excluded
-1,-1,164,326,5,supplementary_operation,1,[5],True,1124,515234,516357,1,True,2429.05,2440.28,2429.05,2440.28,11.23,0,0,1123,True,0.01,0.0,0.00999999999976,0.0100000000002,100.0,3,"[0, 1, 2]",supplementary_operation,False,excluded
-1,-1,165,328,5,supplementary_operation,1,[5],True,1044,518051,519094,1,True,2457.22,2467.77,2457.22,2467.77,10.55,0,0,1043,True,0.0101150527325,0.00144777863109,0.00999999999976,0.0400000000004,98.8625592417,3,"[0, 1, 2]",supplementary_operation,False,excluded
-1,-1,166,330,5,supplementary_operation,1,[5],True,1594,520837,522430,1,True,2485.21,2501.32,2485.21,2501.32,16.11,0,0,1593,True,0.0101129943503,0.00116973259158,0.00999999999976,0.0300000000002,98.8826815642,3,"[0, 1, 2]",supplementary_operation,False,excluded
-1,-1,167,332,5,supplementary_operation,1,[5],True,1616,524114,525729,1,True,2518.53,2534.68,2518.53,2534.68,16.15,0,0,1615,True,0.01,2.85158136718e-10,0.00999999999976,0.0100000000002,100.0,3,"[0, 1, 2]",supplementary_operation,False,excluded
-1,-1,168,334,5,supplementary_operation,1,[5],True,1493,527468,528960,1,True,2552.08,2567.04,2552.08,2567.04,14.96,0,0,1492,True,0.0100268096515,0.000818243563647,0.00999999999976,0.04,99.7326203209,3,"[0, 1, 2]",supplementary_operation,False,excluded
-1,-1,169,336,5,supplementary_operation,1,[5],True,1544,530635,532178,1,True,2584.25,2599.68,2584.25,2599.68,15.43,0,0,1543,True,0.01,0.0,0.00999999999976,0.0100000000002,100.0,3,"[0, 1, 2]",supplementary_operation,False,excluded
-1,-1,170,338,5,supplementary_operation,1,[5],True,1544,533928,535471,1,True,2617.18,2632.61,2617.18,2632.61,15.43,0,0,1543,True,0.01,0.0,0.00999999999976,0.0100000000002,100.0,3,"[0, 1, 2]",supplementary_operation,False,excluded
-1,-1,171,340,5,supplementary_operation,1,[5],True,1019,536783,537801,1,True,2645.75,2655.93,2645.75,2655.93,10.18,0,0,1018,True,0.01,0.0,0.00999999999976,0.0100000000002,100.0,3,"[0, 1, 2]",supplementary_operation,False,excluded
-1,-1,172,342,5,supplementary_operation,1,[5],True,1591,539064,540654,1,True,2668.56,2684.46,2668.56,2684.46,15.9,0,0,1590,True,0.01,1.16415321827e-10,0.00999999999976,0.0100000000002,100.0,3,"[0, 1, 2]",supplementary_operation,False,excluded
-1,-1,173,344,5,supplementary_operation,1,[5],True,1499,541967,543465,1,True,2697.59,2712.57,2697.59,2712.57,14.98,0,0,1498,True,0.01,0.0,0.00999999999976,0.0100000000002,100.0,3,"[0, 1, 2]",supplementary_operation,False,excluded
-1,-1,174,346,5,supplementary_operation,1,[5],True,1493,544746,546238,1,True,2725.45,2740.37,2725.45,2740.37,14.92,0,0,1492,True,0.01,0.0,0.00999999999976,0.0100000000002,100.0,3,"[0, 1, 2]",supplementary_operation,False,excluded
-1,-1,175,348,5,supplementary_operation,1,[5],True,1487,547525,549011,1,True,2753.24,2768.13,2753.24,2768.13,14.89,0,0,1486,True,0.0100201884253,0.000579712154887,0.00999999999976,0.0299999999997,99.7985224983,3,"[0, 1, 2]",supplementary_operation,False,excluded
-1,-1,176,350,5,supplementary_operation,1,[5],True,1473,550240,551712,1,True,2780.42,2795.14,2780.42,2795.14,14.72,0,0,1472,True,0.01,0.0,0.00999999999976,0.0100000000002,100.0,3,"[0, 1, 2]",supplementary_operation,False,excluded
-1,-1,177,352,5,supplementary_operation,1,[5],True,1433,553070,554502,1,True,2808.72,2823.04,2808.72,2823.04,14.32,0,0,1432,True,0.01,0.0,0.00999999999976,0.0100000000002,100.0,3,"[0, 1, 2]",supplementary_operation,False,excluded
-1,-1,178,354,5,supplementary_operation,1,[5],True,1461,555874,557334,1,True,2836.78,2851.4,2836.78,2851.4,14.62,0,0,1460,True,0.0100136986301,0.000369863013697,0.00999999999976,0.02,99.8632010944,3,"[0, 1, 2]",supplementary_operation,False,excluded
-1,-1,179,356,5,supplementary_operation,1,[5],True,1029,559196,560224,1,True,2870.03,2880.31,2870.03,2880.31,10.28,0,0,1028,True,0.01,0.0,0.00999999999976,0.0100000000002,100.0,3,"[0, 1, 2]",supplementary_operation,False,excluded
-1,-1,180,358,5,supplementary_operation,1,[5],True,1369,562008,563376,1,True,2898.16,2911.84,2898.16,2911.84,13.68,0,0,1368,True,0.01,0.0,0.00999999999976,0.0100000000002,100.0,3,"[0, 1, 2]",supplementary_operation,False,excluded
-1,-1,181,360,5,supplementary_operation,1,[5],True,1739,565080,566818,1,True,2928.89,2946.29,2928.89,2946.29,17.4,0,0,1738,True,0.0100115074799,0.000339031527334,0.00999999999976,0.02,99.8850574713,3,"[0, 1, 2]",supplementary_operation,False,excluded
-1,-1,182,362,5,supplementary_operation,1,[5],True,1717,568579,570295,1,True,2963.9,2981.06,2963.9,2981.06,17.16,0,0,1716,True,0.01,5.82076609135e-10,0.00999999999976,0.0100000000002,100.0,3,"[0, 1, 2]",supplementary_operation,False,excluded
-1,-1,183,364,5,supplementary_operation,1,[5],True,1680,572163,573842,1,True,2999.74,3016.53,2999.74,3016.53,16.79,0,0,1679,True,0.01,4.79992668333e-10,0.00999999999976,0.0100000000002,100.0,3,"[0, 1, 2]",supplementary_operation,False,excluded
-1,-1,184,366,5,supplementary_operation,1,[5],True,1666,575635,577300,1,True,3034.46,3051.11,3034.46,3051.11,16.65,0,0,1665,True,0.01,4.79992668333e-10,0.00999999999976,0.0100000000002,100.0,3,"[0, 1, 2]",supplementary_operation,False,excluded
-1,-1,185,368,5,supplementary_operation,1,[5],True,1034,579037,580070,1,True,3068.5,3078.83,3068.5,3078.83,10.33,0,0,1033,True,0.01,0.0,0.00999999999976,0.0100000000002,100.0,3,"[0, 1, 2]",supplementary_operation,False,excluded
-1,-1,186,370,5,supplementary_operation,1,[5],True,995,581915,582909,1,True,3097.28,3107.22,3097.28,3107.22,9.94,0,0,994,True,0.01,0.0,0.00999999999976,0.0100000000002,100.0,3,"[0, 1, 2]",supplementary_operation,False,excluded
-1,-1,187,372,5,supplementary_operation,1,[5],True,1707,584664,586370,1,True,3124.77,3141.95,3124.77,3141.95,17.18,0,0,1706,True,0.0100703399766,0.00108045602884,0.00999999999976,0.0400000000004,99.3015133877,3,"[0, 1, 2]",supplementary_operation,False,excluded
-1,-1,188,374,5,supplementary_operation,1,[5],True,1673,588160,589832,1,True,3159.85,3176.57,3159.85,3176.57,16.72,0,0,1672,True,0.01,4.79992668333e-10,0.00999999999976,0.0100000000002,100.0,3,"[0, 1, 2]",supplementary_operation,False,excluded
-1,-1,189,376,5,supplementary_operation,1,[5],True,1006,591571,592576,1,True,3193.97,3204.02,3193.97,3204.02,10.05,0,0,1005,True,0.01,0.0,0.00999999999976,0.0100000000002,100.0,3,"[0, 1, 2]",supplementary_operation,False,excluded
-1,-1,190,378,5,supplementary_operation,1,[5],True,1628,594325,595952,1,True,3221.53,3237.8,3221.53,3237.8,16.27,0,0,1627,True,0.01,3.49245965481e-10,0.00999999999976,0.0100000000002,100.0,3,"[0, 1, 2]",supplementary_operation,False,excluded
-1,-1,191,380,5,supplementary_operation,1,[5],True,1098,597777,598874,1,True,3256.08,3267.06,3256.08,3267.06,10.98,0,0,1097,True,0.0100091157703,0.000301785694752,0.00999999999976,0.02,99.9089253188,3,"[0, 1, 2]",supplementary_operation,False,excluded
-1,-1,192,382,5,supplementary_operation,1,[5],True,1607,600603,602209,1,True,3284.35,3300.42,3284.35,3300.42,16.07,0,0,1606,True,0.0100062266501,0.000249454864558,0.00999999999976,0.02,99.9377722464,3,"[0, 1, 2]",supplementary_operation,False,excluded
-1,-1,193,384,5,supplementary_operation,1,[5],True,1012,603956,604967,1,True,3317.9,3328.01,3317.9,3328.01,10.11,0,0,1011,True,0.01,0.0,0.00999999999976,0.0100000000002,100.0,3,"[0, 1, 2]",supplementary_operation,False,excluded
-1,-1,194,386,5,supplementary_operation,1,[5],True,1547,606663,608209,1,True,3344.97,3360.43,3344.97,3360.43,15.46,0,0,1546,True,0.01,0.0,0.00999999999976,0.0100000000002,100.0,3,"[0, 1, 2]",supplementary_operation,False,excluded
-1,-1,195,388,5,supplementary_operation,1,[5],True,1206,609958,611163,1,True,3377.92,3987.067,3377.92,3987.067,609.147,0,0,1205,True,0.505516182573,16.2870321535,0.00999999999976,564.717,1.97817603961,3,"[0, 1, 2]",supplementary_operation,False,excluded
-1,-1,196,390,5,supplementary_operation,1,[5],True,1520,612545,614064,1,True,4000.887,4016.097,4000.887,4016.097,15.21,0,0,1519,True,0.0100131665569,0.000512989064884,0.00999999999976,0.0300000000002,99.8685075608,3,"[0, 1, 2]",supplementary_operation,False,excluded
-1,-1,197,392,5,supplementary_operation,1,[5],True,1478,615343,616820,1,True,4028.907,4043.697,4028.907,4043.697,14.79,0,0,1477,True,0.0100135409614,0.000367731228543,0.00999999999976,0.02,99.8647734956,3,"[0, 1, 2]",supplementary_operation,False,excluded
-1,-1,198,394,5,supplementary_operation,1,[5],True,1455,618135,619589,1,True,4056.847,4071.387,4056.847,4071.387,14.54,0,0,1454,True,0.01,0.0,0.00999999999976,0.0100000000002,100.0,3,"[0, 1, 2]",supplementary_operation,False,excluded
-1,-1,199,396,5,supplementary_operation,1,[5],True,1407,620968,622374,1,True,4085.177,4099.237,4085.177,4099.237,14.06,0,0,1406,True,0.01,0.0,0.0099999999984,0.0100000000029,100.0,3,"[0, 1, 2]",supplementary_operation,False,excluded
-1,-1,200,398,5,supplementary_operation,1,[5],True,1070,623767,624836,1,True,4113.167,4123.857,4113.167,4123.857,10.69,0,0,1069,True,0.01,0.0,0.0099999999984,0.0100000000029,100.0,3,"[0, 1, 2]",supplementary_operation,False,excluded
-1,-1,201,400,5,supplementary_operation,1,[5],True,999,626648,627646,1,True,4141.977,4151.957,4141.977,4151.957,9.98,0,0,998,True,0.01,0.0,0.0099999999984,0.0100000000029,100.0,3,"[0, 1, 2]",supplementary_operation,False,excluded
-1,-1,202,402,5,supplementary_operation,1,[5],True,1421,629358,630778,1,True,4169.077,4183.277,4169.077,4183.277,14.2,0,0,1420,True,0.01,0.0,0.0099999999984,0.0100000000029,100.0,3,"[0, 1, 2]",supplementary_operation,False,excluded
-1,-1,203,404,5,supplementary_operation,1,[5],True,1708,632493,634200,1,True,4200.427,4217.497,4200.427,4217.497,17.07,0,0,1707,True,0.01,8.71172497695e-10,0.0099999999984,0.0100000000029,100.0,3,"[0, 1, 2]",supplementary_operation,False,excluded
-1,-1,204,406,5,supplementary_operation,1,[5],True,2105,635927,638031,1,True,4234.767,4530.864,4234.767,4530.864,296.097,0,0,2104,True,0.140730513308,5.99423012916,0.0099999999984,275.027,7.10577952495,3,"[0, 1, 2]",supplementary_operation,False,excluded
-1,-1,205,408,5,supplementary_operation,1,[5],True,1720,639732,641451,1,True,4547.874,4565.064,4547.874,4565.064,17.19,0,0,1719,True,0.01,9.87816761974e-10,0.0099999999984,0.0100000000029,100.0,3,"[0, 1, 2]",supplementary_operation,False,excluded
-1,-1,206,410,5,supplementary_operation,1,[5],True,1695,643313,645007,1,True,4583.684,4600.624,4583.684,4600.624,16.94,0,0,1694,True,0.01,9.52900477205e-10,0.0099999999984,0.0100000000029,100.0,3,"[0, 1, 2]",supplementary_operation,False,excluded
-1,-1,207,412,5,supplementary_operation,1,[5],True,1058,646697,647754,1,True,4617.524,4628.094,4617.524,4628.094,10.57,0,0,1057,True,0.01,0.0,0.0099999999984,0.0100000000029,100.0,3,"[0, 1, 2]",supplementary_operation,False,excluded
-1,-1,208,414,5,supplementary_operation,1,[5],True,2066,649550,651615,1,True,4646.054,5031.127,4646.054,5031.127,385.073,0,0,2065,True,0.186476029056,8.0175295539,0.0099999999984,364.433,5.36261955525,3,"[0, 1, 2]",supplementary_operation,False,excluded
-1,-1,209,416,5,supplementary_operation,1,[5],True,1665,653376,655040,1,True,5048.737,5065.377,5048.737,5065.377,16.64,0,0,1664,True,0.01,9.09232729569e-10,0.0099999999984,0.0100000000029,100.0,3,"[0, 1, 2]",supplementary_operation,False,excluded
-1,-1,210,418,5,supplementary_operation,1,[5],True,1651,656882,658532,1,True,5083.797,5100.297,5083.797,5100.297,16.5,0,0,1650,True,0.01,8.78916405522e-10,0.0099999999984,0.0100000000029,100.0,3,"[0, 1, 2]",supplementary_operation,False,excluded
-1,-1,211,420,5,supplementary_operation,1,[5],True,1628,660237,661864,1,True,5117.347,5133.617,5117.347,5133.617,16.27,0,0,1627,True,0.01,8.55474410154e-10,0.0099999999984,0.0100000000029,100.0,3,"[0, 1, 2]",supplementary_operation,False,excluded
-1,-1,212,422,5,supplementary_operation,1,[5],True,1456,663592,665047,1,True,5150.897,5165.447,5150.897,5165.447,14.55,0,0,1455,True,0.01,6.58544507983e-10,0.0099999999984,0.0100000000029,100.0,3,"[0, 1, 2]",supplementary_operation,False,excluded
-1,-1,213,424,5,supplementary_operation,1,[5],True,1540,666802,668341,1,True,5182.997,5198.387,5182.997,5198.387,15.39,0,0,1539,True,0.01,7.63386316167e-10,0.0099999999984,0.0100000000029,100.0,3,"[0, 1, 2]",supplementary_operation,False,excluded
-1,-1,214,426,5,supplementary_operation,1,[5],True,1062,670213,671274,1,True,5217.107,5227.717,5217.107,5227.717,10.61,0,0,1061,True,0.01,1.16415321827e-10,0.0099999999984,0.0100000000029,100.0,3,"[0, 1, 2]",supplementary_operation,False,excluded
-1,-1,215,428,5,supplementary_operation,1,[5],True,1395,673132,674526,1,True,5246.297,5845.864,5246.297,5845.864,599.567,0,0,1394,True,0.430105451937,15.6787563743,0.00999999999749,585.607,2.32501121643,3,"[0, 1, 2]",supplementary_operation,False,excluded
-1,-1,216,430,5,supplementary_operation,1,[5],True,1437,676303,677739,1,True,5863.644,5878.004,5863.644,5878.004,14.36,0,0,1436,True,0.01,5.93603997677e-10,0.00999999999749,0.0100000000039,100.0,3,"[0, 1, 2]",supplementary_operation,False,excluded
-1,-1,217,432,5,supplementary_operation,1,[5],True,1412,679518,680929,1,True,5895.824,5909.934,5895.824,5909.934,14.11,0,0,1411,True,0.01,5.46036260182e-10,0.00999999999749,0.0100000000039,100.0,3,"[0, 1, 2]",supplementary_operation,False,excluded
-1,-1,218,434,5,supplementary_operation,1,[5],True,1428,682647,684074,1,True,5927.124,5941.394,5927.124,5941.394,14.27,0,0,1427,True,0.01,6.04911756551e-10,0.00999999999749,0.0100000000039,100.0,3,"[0, 1, 2]",supplementary_operation,False,excluded
-1,-1,219,436,5,supplementary_operation,1,[5],True,1724,685844,687567,1,True,5959.094,5976.324,5959.094,5976.324,17.23,0,0,1723,True,0.01,1.03472201355e-09,0.00999999999749,0.0100000000039,100.0,3,"[0, 1, 2]",supplementary_operation,False,excluded
-1,-1,220,438,5,supplementary_operation,1,[5],True,1721,689325,691045,1,True,5993.904,6011.134,5993.904,6011.134,17.23,0,0,1720,True,0.0100174418605,0.000538881671531,0.00999999999749,0.0299999999997,99.8258850842,3,"[0, 1, 2]",supplementary_operation,False,excluded
-1,-1,221,440,5,supplementary_operation,1,[5],True,1679,692906,694584,1,True,6029.744,6046.524,6029.744,6046.524,16.78,0,0,1678,True,0.01,9.87816761974e-10,0.00999999999749,0.0100000000039,100.0,3,"[0, 1, 2]",supplementary_operation,False,excluded
-1,-1,222,442,5,supplementary_operation,1,[5],True,1089,696390,697478,1,True,6064.584,6075.474,6064.584,6075.474,10.89,0,0,1088,True,0.0100091911765,0.000303030175019,0.00999999999749,0.0199999999995,99.9081726354,3,"[0, 1, 2]",supplementary_operation,False,excluded
-1,-1,223,444,5,supplementary_operation,1,[5],True,1676,699224,700899,1,True,6092.934,6109.744,6092.934,6109.744,16.81,0,0,1675,True,0.0100358208955,0.000597432689627,0.00999999999749,0.0200000000013,99.6430696014,3,"[0, 1, 2]",supplementary_operation,False,excluded
-1,-1,224,446,5,supplementary_operation,1,[5],True,1676,702618,704293,1,True,6127.074,6143.824,6127.074,6143.824,16.75,0,0,1675,True,0.01,9.80932937606e-10,0.00999999999749,0.0100000000039,100.0,3,"[0, 1, 2]",supplementary_operation,False,excluded
-1,-1,225,448,5,supplementary_operation,1,[5],True,1474,706021,707494,1,True,6161.104,6175.844,6161.104,6175.844,14.74,0,0,1473,True,0.0100067888663,0.000260466070525,0.00999999999749,0.0200000000004,99.9321573948,3,"[0, 1, 2]",supplementary_operation,False,excluded
-1,-1,226,450,5,supplementary_operation,1,[5],True,1373,709191,710563,1,True,6193.384,6207.914,6193.384,6207.914,14.53,0,0,1372,True,0.0105903790087,0.00339586794476,0.00999999999749,0.0599999999986,94.4253269098,3,"[0, 1, 2]",supplementary_operation,False,excluded
-1,-1,227,452,5,supplementary_operation,1,[5],True,1423,712305,713727,1,True,6225.474,6239.804,6225.474,6239.804,14.33,0,0,1422,True,0.0100773558368,0.000876113259182,0.00999999999749,0.0200000000041,99.2323796232,3,"[0, 1, 2]",supplementary_operation,False,excluded
-1,-1,228,454,5,supplementary_operation,1,[5],True,1691,715498,717188,1,True,6257.534,6274.434,6257.534,6274.434,16.9,0,0,1690,True,0.01,9.94652945702e-10,0.00999999999749,0.0100000000039,100.0,3,"[0, 1, 2]",supplementary_operation,False,excluded
-1,-1,229,456,5,supplementary_operation,1,[5],True,1186,719000,720185,1,True,4389.003,4400.853,4389.003,4400.853,11.85,0,0,1185,True,0.01,0.0,0.0099999999984,0.0100000000011,100.0,3,"[0, 1, 2]",supplementary_operation,False,excluded
-1,-1,230,458,5,supplementary_operation,1,[5],True,1302,721858,723159,1,True,4417.583,4430.593,4417.583,4430.593,13.01,0,0,1301,True,0.01,0.0,0.0099999999984,0.0100000000011,100.0,3,"[0, 1, 2]",supplementary_operation,False,excluded
-1,-1,231,460,5,supplementary_operation,1,[5],True,1239,724695,725933,1,True,4445.953,4458.333,4445.953,4458.333,12.38,0,0,1238,True,0.01,0.0,0.0099999999984,0.0100000000011,100.0,3,"[0, 1, 2]",supplementary_operation,False,excluded
-1,-1,232,462,5,supplementary_operation,1,[5],True,1254,727332,728585,1,True,4472.323,4484.853,4472.323,4484.853,12.53,0,0,1253,True,0.01,0.0,0.0099999999984,0.0100000000011,100.0,3,"[0, 1, 2]",supplementary_operation,False,excluded
-1,-1,233,464,5,supplementary_operation,1,[5],True,1375,729956,731330,1,True,4498.563,4512.333,4498.563,4512.333,13.77,0,0,1374,True,0.0100218340611,0.000602846823576,0.0099999999984,0.0299999999997,99.7821350763,3,"[0, 1, 2]",supplementary_operation,False,excluded
-1,-1,234,466,5,supplementary_operation,1,[5],True,1387,732780,734166,1,True,4526.983,4541.063,4526.983,4541.063,14.08,0,0,1386,True,0.0101587301587,0.00227367762258,0.0099999999984,0.0599999999995,98.4375,3,"[0, 1, 2]",supplementary_operation,False,excluded
-1,-1,235,468,5,supplementary_operation,1,[5],True,1453,735456,736908,1,True,4554.073,4568.673,4554.073,4568.673,14.6,0,0,1452,True,0.0100550964187,0.00104828085898,0.0099999999984,0.04,99.4520547945,3,"[0, 1, 2]",supplementary_operation,False,excluded
-1,-1,236,470,5,supplementary_operation,1,[5],True,1418,738232,739649,1,True,4582.023,4596.253,4582.023,4596.253,14.23,0,0,1417,True,0.0100423429781,0.000839001414918,0.0099999999984,0.0299999999997,99.5783555868,3,"[0, 1, 2]",supplementary_operation,False,excluded
-1,-1,237,472,5,supplementary_operation,1,[5],True,1772,740910,742681,1,True,4609.103,4626.863,4609.103,4626.863,17.76,0,0,1771,True,0.0100282326369,0.000628060375489,0.0099999999984,0.0300000000016,99.7184684685,3,"[0, 1, 2]",supplementary_operation,False,excluded
-1,-1,238,474,5,supplementary_operation,1,[5],True,1001,744072,745072,1,True,4640.863,4650.873,4640.863,4650.873,10.01,0,0,1000,True,0.01001,0.000316069612569,0.0099999999984,0.0199999999995,99.9000999001,3,"[0, 1, 2]",supplementary_operation,False,excluded
-1,-1,239,476,5,supplementary_operation,1,[5],True,1835,746345,748179,1,True,4663.603,4681.943,4663.603,4681.943,18.34,0,0,1834,True,0.01,7.72211884697e-10,0.0099999999984,0.0100000000011,100.0,2,"[1, 2]",supplementary_operation,False,excluded
-1,-1,240,478,5,supplementary_operation,1,[5],True,1791,749422,751212,1,True,4694.373,4712.533,4694.373,4712.533,18.16,0,0,1790,True,0.0101452513966,0.00291041614609,0.0099999999984,0.119999999999,98.5682819383,3,"[0, 1, 2]",supplementary_operation,False,excluded
-1,-1,241,480,5,supplementary_operation,1,[5],True,1756,752340,754095,1,True,4724.033,4741.683,4724.033,4741.683,17.65,0,0,1755,True,0.010056980057,0.00111817464047,0.0099999999984,0.0499999999984,99.433427762,3,"[0, 1, 2]",supplementary_operation,False,excluded
-1,-1,242,482,5,supplementary_operation,1,[5],True,1803,755693,757495,1,True,4757.773,4775.913,4757.773,4775.913,18.14,0,0,1802,True,0.0100665926748,0.00124474675916,0.0099999999984,0.0500000000002,99.3384785006,3,"[0, 1, 2]",supplementary_operation,False,excluded
-1,-1,243,484,5,supplementary_operation,1,[5],True,1776,759037,760812,1,True,4791.543,4809.293,4791.543,4809.293,17.75,0,0,1775,True,0.01,6.88722331903e-10,0.0099999999984,0.0100000000011,100.0,3,"[0, 1, 2]",supplementary_operation,False,excluded
-1,-1,244,486,5,supplementary_operation,1,[5],True,1774,762389,764162,1,True,4825.063,4842.873,4825.063,4842.873,17.81,0,0,1773,True,0.0100451212634,0.00167870278303,0.0099999999984,0.079999999999,99.5508141494,3,"[0, 1, 2]",supplementary_operation,False,excluded
-1,-1,245,488,5,supplementary_operation,1,[5],True,1797,765682,767478,1,True,4858.073,4876.033,4858.073,4876.033,17.96,0,0,1796,True,0.01,7.08126757561e-10,0.0099999999984,0.0100000000011,100.0,3,"[0, 1, 2]",supplementary_operation,False,excluded
-1,-1,246,490,5,supplementary_operation,1,[5],True,1363,768946,770308,1,True,4890.713,4904.333,4890.713,4904.333,13.62,0,0,1362,True,0.01,0.0,0.0099999999984,0.0100000000011,100.0,3,"[0, 1, 2]",supplementary_operation,False,excluded
-1,-1,247,492,5,supplementary_operation,1,[5],True,1417,771968,773384,1,True,4920.933,6037.345,4920.933,6037.345,1116.412,0,0,1416,True,0.788426553672,29.280608003,0.00999999999749,1102.222,1.26834896078,3,"[0, 1, 2]",supplementary_operation,False,excluded
-1,-1,248,494,5,supplementary_operation,1,[5],True,1776,774883,776658,1,True,6052.335,6070.165,6052.335,6070.165,17.83,0,0,1775,True,0.0100450704225,0.000749232232841,0.00999999999749,0.0299999999997,99.5513180034,3,"[0, 1, 2]",supplementary_operation,False,excluded
-1,-1,249,496,5,supplementary_operation,1,[5],True,1821,778246,780066,1,True,6086.085,6104.335,6086.085,6104.335,18.25,0,0,1820,True,0.0100274725275,0.00061956488347,0.00999999999749,0.0299999999979,99.7260273973,3,"[0, 1, 2]",supplementary_operation,False,excluded
-1,-1,250,498,5,supplementary_operation,1,[5],True,1849,781663,783511,1,True,6120.305,6138.785,6120.305,6138.785,18.48,0,0,1848,True,0.01,9.80932937606e-10,0.00999999999749,0.0100000000029,100.0,3,"[0, 1, 2]",supplementary_operation,False,excluded
-1,-1,251,500,5,supplementary_operation,1,[5],True,1788,785047,786834,1,True,6154.185,6172.145,6154.185,6172.145,17.96,0,0,1787,True,0.0100503637381,0.000851433914683,0.00999999999749,0.0300000000016,99.4988864143,3,"[0, 1, 2]",supplementary_operation,False,excluded
-1,-1,252,502,5,supplementary_operation,1,[5],True,1758,788259,790016,1,True,6186.405,6204.075,6186.405,6204.075,17.67,0,0,1757,True,0.0100569151964,0.000824465291402,0.00999999999749,0.0299999999997,99.4340690436,3,"[0, 1, 2]",supplementary_operation,False,excluded
-1,-1,253,504,5,supplementary_operation,1,[5],True,1797,791544,793340,1,True,6219.475,6237.475,6219.475,6237.475,18.0,0,0,1796,True,0.0100222717149,0.000471403351648,0.00999999999749,0.0200000000004,99.7777777778,3,"[0, 1, 2]",supplementary_operation,False,excluded
-1,-1,254,506,5,supplementary_operation,1,[5],True,1436,794797,796232,1,True,6252.065,6266.475,6252.065,6266.475,14.41,0,0,1435,True,0.0100418118467,0.000645267569627,0.00999999999749,0.0200000000023,99.5836224844,3,"[0, 1, 2]",supplementary_operation,False,excluded
-1,-1,255,508,5,supplementary_operation,1,[5],True,1785,797559,799343,1,True,6279.745,6297.595,6279.745,6297.595,17.85,0,0,1784,True,0.0100056053812,0.000236690496993,0.00999999999749,0.0200000000004,99.943977591,3,"[0, 1, 2]",supplementary_operation,False,excluded
-1,-1,256,510,5,supplementary_operation,1,[5],True,1013,800808,801820,1,True,6312.245,6322.365,6312.245,6322.365,10.12,0,0,1012,True,0.01,0.0,0.00999999999749,0.0100000000029,100.0,3,"[0, 1, 2]",supplementary_operation,False,excluded
-1,-1,257,512,5,supplementary_operation,1,[5],True,1846,803305,805150,1,True,6337.225,6355.675,6337.225,6355.675,18.45,0,0,1845,True,0.01,9.67018290297e-10,0.00999999999749,0.0100000000029,100.0,3,"[0, 1, 2]",supplementary_operation,False,excluded
-1,-1,258,514,5,supplementary_operation,1,[5],True,1826,806519,808344,1,True,6369.365,6387.615,6369.365,6387.615,18.25,0,0,1825,True,0.01,9.4576254541e-10,0.00999999999749,0.0100000000029,100.0,2,"[1, 2]",supplementary_operation,False,excluded
-1,-1,259,516,5,supplementary_operation,1,[5],True,1394,809745,811138,1,True,6401.635,6415.565,6401.635,6415.565,13.93,0,0,1393,True,0.01,0.0,0.00999999999749,0.0100000000029,100.0,3,"[0, 1, 2]",supplementary_operation,False,excluded
-1,-1,260,518,5,supplementary_operation,1,[5],True,1383,812537,813919,1,True,6429.565,6443.385,6429.565,6443.385,13.82,0,0,1382,True,0.01,0.0,0.00999999999749,0.0100000000029,100.0,2,"[1, 2]",supplementary_operation,False,excluded
-1,-1,261,520,5,supplementary_operation,1,[5],True,1406,815432,816837,1,True,6458.515,6472.565,6458.515,6472.565,14.05,0,0,1405,True,0.01,0.0,0.00999999999749,0.0100000000029,100.0,3,"[0, 1, 2]",supplementary_operation,False,excluded
-1,-1,262,522,5,supplementary_operation,1,[5],True,1359,818256,819614,1,True,6486.755,6500.335,6486.755,6500.335,13.58,0,0,1358,True,0.01,0.0,0.00999999999749,0.0100000000029,100.0,3,"[0, 1, 2]",supplementary_operation,False,excluded
-1,-1,263,524,5,supplementary_operation,1,[5],True,1351,821168,822518,1,True,6515.875,6529.375,6515.875,6529.375,13.5,0,0,1350,True,0.01,0.0,0.00999999999749,0.0100000000029,100.0,3,"[0, 1, 2]",supplementary_operation,False,excluded
-1,-1,264,526,5,supplementary_operation,1,[5],True,1302,824004,825305,1,True,6544.235,6557.245,6544.235,6557.245,13.01,0,0,1301,True,0.01,0.0,0.00999999999749,0.0100000000029,100.0,3,"[0, 1, 2]",supplementary_operation,False,excluded
-1,-1,265,528,5,supplementary_operation,1,[5],True,1042,826778,827819,1,True,6571.975,6582.425,6571.975,6582.425,10.45,0,0,1041,True,0.0100384245917,0.00097935608653,0.00999999999749,0.04,99.6172248804,3,"[0, 1, 2]",supplementary_operation,False,excluded
-1,-1,266,530,5,supplementary_operation,1,[5],True,1445,828872,830316,1,True,6592.955,6607.395,6592.955,6607.395,14.44,0,0,1444,True,0.01,0.0,0.00999999999749,0.0100000000029,100.0,3,"[0, 1, 2]",supplementary_operation,False,excluded
-1,-1,267,532,5,supplementary_operation,1,[5],True,1853,831767,833619,1,True,6621.905,6640.425,6621.905,6640.425,18.52,0,0,1852,True,0.01,9.87816761974e-10,0.00999999999749,0.0100000000029,100.0,3,"[0, 1, 2]",supplementary_operation,False,excluded
-1,-1,268,534,5,supplementary_operation,1,[5],True,1839,834901,836739,1,True,6653.245,6671.625,6653.245,6671.625,18.38,0,0,1838,True,0.01,9.59985336665e-10,0.00999999999749,0.0100000000029,100.0,3,"[0, 1, 2]",supplementary_operation,False,excluded
-1,-1,269,536,5,supplementary_operation,1,[5],True,1870,838035,839904,1,True,6684.585,6703.275,6684.585,6703.275,18.69,0,0,1869,True,0.01,9.94652945702e-10,0.00999999999749,0.0100000000029,100.0,3,"[0, 1, 2]",supplementary_operation,False,excluded
-1,-1,270,538,5,supplementary_operation,1,[5],True,1844,841128,842971,1,True,6715.515,6733.945,6715.515,6733.945,18.43,0,0,1843,True,0.01,9.67018290297e-10,0.00999999999749,0.0100000000029,100.0,3,"[0, 1, 2]",supplementary_operation,False,excluded
-1,-1,271,540,5,supplementary_operation,1,[5],True,1854,844517,846370,1,True,6749.405,6767.935,6749.405,6767.935,18.53,0,0,1853,True,0.01,9.74000462487e-10,0.00999999999749,0.0100000000029,100.0,2,"[1, 2]",supplementary_operation,False,excluded
-1,-1,272,542,5,supplementary_operation,1,[5],True,1854,847931,849784,1,True,6783.545,6802.075,6783.545,6802.075,18.53,0,0,1853,True,0.01,9.67018290297e-10,0.00999999999749,0.0100000000029,100.0,3,"[0, 1, 2]",supplementary_operation,False,excluded
-1,-1,273,544,5,supplementary_operation,1,[5],True,1809,851478,853286,1,True,6819.015,6837.105,6819.015,6837.105,18.09,0,0,1808,True,0.0100055309735,0.000235115169335,0.00999999999749,0.0200000000004,99.9447208402,3,"[0, 1, 2]",supplementary_operation,False,excluded
-1,-1,274,546,5,supplementary_operation,1,[5],True,1107,854806,855912,1,True,6852.305,6863.375,6852.305,6863.375,11.07,0,0,1106,True,0.0100090415913,0.000300556422021,0.00999999999749,0.0199999999995,99.9096657633,2,"[1, 2]",supplementary_operation,False,excluded
-1,-1,275,548,5,supplementary_operation,1,[5],True,1786,857466,859251,1,True,6878.915,6896.775,6878.915,6896.775,17.86,0,0,1785,True,0.0100056022409,0.00023662422502,0.00999999999749,0.0200000000004,99.9440089586,3,"[0, 1, 2]",supplementary_operation,False,excluded
-1,-1,276,550,5,supplementary_operation,1,[5],True,1820,860818,862637,1,True,6912.445,6930.635,6912.445,6930.635,18.19,0,0,1819,True,0.01,9.16655160721e-10,0.00999999999749,0.0100000000029,100.0,3,"[0, 1, 2]",supplementary_operation,False,excluded
-1,-1,277,552,5,supplementary_operation,1,[5],True,1815,864162,865976,1,True,6945.885,6964.075,6945.885,6964.075,18.19,0,0,1814,True,0.0100275633958,0.000703833349524,0.00999999999749,0.0300000000025,99.7251236943,3,"[0, 1, 2]",supplementary_operation,False,excluded
-1,-1,278,554,5,supplementary_operation,1,[5],True,1868,867503,869370,1,True,6979.375,6998.045,6979.375,6998.045,18.67,0,0,1867,True,0.01,9.74000462487e-10,0.00999999999749,0.0100000000029,100.0,3,"[0, 1, 2]",supplementary_operation,False,excluded
-1,-1,279,556,5,supplementary_operation,1,[5],True,1764,870894,872657,1,True,7013.305,7030.935,7013.305,7030.935,17.63,0,0,1763,True,0.01,8.63359133608e-10,0.00999999999749,0.0100000000029,100.0,3,"[0, 1, 2]",supplementary_operation,False,excluded
-1,-1,280,558,5,supplementary_operation,1,[5],True,1821,874156,875976,1,True,7045.935,7064.135,7045.935,7064.135,18.2,0,0,1820,True,0.01,9.16655160721e-10,0.00999999999749,0.0100000000029,100.0,3,"[0, 1, 2]",supplementary_operation,False,excluded
-1,-1,281,560,5,supplementary_operation,1,[5],True,1823,877502,879324,1,True,7079.395,7097.635,7079.395,7097.635,18.24,0,0,1822,True,0.0100109769484,0.00033113288977,0.00999999999749,0.0200000000004,99.8903508772,3,"[0, 1, 2]",supplementary_operation,False,excluded
-1,-1,282,562,5,supplementary_operation,1,[5],True,1810,880848,882657,1,True,7112.875,7130.965,7112.875,7130.965,18.09,0,0,1809,True,0.01,9.01749205358e-10,0.00999999999749,0.0100000000029,100.0,3,"[0, 1, 2]",supplementary_operation,False,excluded
-1,-1,283,564,5,supplementary_operation,1,[5],True,1031,884036,885066,1,True,7144.755,7155.055,7144.755,7155.055,10.3,0,0,1030,True,0.01,0.0,0.00999999999749,0.0100000000029,100.0,3,"[0, 1, 2]",supplementary_operation,False,excluded
-1,-1,284,566,5,supplementary_operation,1,[5],True,1856,886312,888167,1,True,7167.515,7186.065,7167.515,7186.065,18.55,0,0,1855,True,0.01,9.59985336665e-10,0.00999999999749,0.0100000000029,100.0,3,"[0, 1, 2]",supplementary_operation,False,excluded
-1,-1,285,568,5,supplementary_operation,1,[5],True,1384,889566,890949,1,True,7200.055,7213.885,7200.055,7213.885,13.83,0,0,1383,True,0.01,0.0,0.00999999999749,0.0100000000029,100.0,2,"[1, 2]",supplementary_operation,False,excluded
-1,-1,286,570,5,supplementary_operation,1,[5],True,1339,892367,893705,1,True,7228.065,7241.445,7228.065,7241.445,13.38,0,0,1338,True,0.01,0.0,0.00999999999749,0.010000000002,100.0,3,"[0, 1, 2]",supplementary_operation,False,excluded
-1,-1,287,572,5,supplementary_operation,1,[5],True,1373,895055,896427,1,True,7254.995,7268.715,7254.995,7268.715,13.72,0,0,1372,True,0.01,0.0,0.00999999999749,0.010000000002,100.0,3,"[0, 1, 2]",supplementary_operation,False,excluded
-1,-1,288,574,5,supplementary_operation,1,[5],True,1387,897842,899228,1,True,7282.865,7296.765,7282.865,7296.765,13.9,0,0,1386,True,0.0100288600289,0.000657318439958,0.00999999999749,0.0299999999979,99.7122302158,3,"[0, 1, 2]",supplementary_operation,False,excluded
-1,-1,289,576,5,supplementary_operation,1,[5],True,1506,900538,902043,1,True,7309.985,7325.035,7309.985,7325.035,15.05,0,0,1505,True,0.01,0.0,0.00999999999749,0.010000000002,100.0,3,"[0, 1, 2]",supplementary_operation,False,excluded
-1,-1,290,578,5,supplementary_operation,1,[5],True,1860,903350,905209,1,True,7338.105,7356.705,7338.105,7356.705,18.6,0,0,1859,True,0.0100053792361,0.000231869414323,0.00999999999749,0.0199999999995,99.9462365591,3,"[0, 1, 2]",supplementary_operation,False,excluded
-1,-1,291,580,5,supplementary_operation,1,[5],True,1810,906617,908426,1,True,7370.865,7389.075,7370.865,7389.075,18.21,0,0,1809,True,0.0100663349917,0.00155816645398,0.00999999999749,0.0600000000022,99.3410214168,2,"[1, 2]",supplementary_operation,False,excluded
-1,-1,292,582,5,supplementary_operation,1,[5],True,937,909753,910689,1,True,7402.345,7411.705,7402.345,7411.705,9.36,0,0,936,True,0.01,0.0,0.00999999999749,0.010000000002,100.0,3,"[0, 1, 2]",supplementary_operation,False,excluded
-1,-1,293,584,5,supplementary_operation,1,[5],True,1812,912090,913901,1,True,7425.805,7443.915,7425.805,7443.915,18.11,0,0,1811,True,0.01,7.45421768799e-10,0.00999999999749,0.010000000002,100.0,3,"[0, 1, 2]",supplementary_operation,False,excluded
-1,-1,294,586,5,supplementary_operation,1,[5],True,1462,915474,916935,1,True,7459.645,7474.255,7459.645,7474.255,14.61,0,0,1461,True,0.01,0.0,0.00999999999749,0.010000000002,100.0,3,"[0, 1, 2]",supplementary_operation,False,excluded
-1,-1,295,588,5,supplementary_operation,1,[5],True,1808,918210,920017,1,True,7487.085,7505.165,7487.085,7505.165,18.08,0,0,1807,True,0.0100055340343,0.000235180181031,0.00999999999749,0.0199999999977,99.9446902655,2,"[1, 2]",supplementary_operation,False,excluded
-1,-1,296,590,5,supplementary_operation,1,[5],True,1791,921715,923505,1,True,7522.145,7540.095,7522.145,7540.095,17.95,0,0,1790,True,0.0100279329609,0.000527777754968,0.00999999999749,0.0200000000023,99.721448468,3,"[0, 1, 2]",supplementary_operation,False,excluded
-1,-1,297,592,5,supplementary_operation,1,[5],True,1856,925206,927061,1,True,7557.135,7575.685,7557.135,7575.685,18.55,0,0,1855,True,0.01,8.23180634978e-10,0.00999999999749,0.010000000002,100.0,3,"[0, 1, 2]",supplementary_operation,False,excluded
-1,-1,298,594,5,supplementary_operation,1,[5],True,1456,928621,930076,1,True,7591.295,7605.865,7591.295,7605.865,14.57,0,0,1455,True,0.0100137457045,0.000370497098884,0.00999999999749,0.0200000000023,99.8627316404,3,"[0, 1, 2]",supplementary_operation,False,excluded
-1,-1,299,596,5,supplementary_operation,1,[5],True,1407,931438,932844,1,True,7619.545,7633.695,7619.545,7633.695,14.15,0,0,1406,True,0.0100640113798,0.000882192638765,0.00999999999749,0.0299999999997,99.3639575972,3,"[0, 1, 2]",supplementary_operation,False,excluded
-1,-1,300,598,5,supplementary_operation,1,[5],True,1446,934099,935544,1,True,7646.335,7660.805,7646.335,7660.805,14.47,0,0,1445,True,0.0100138408304,0.00052595155711,0.00999999999749,0.0300000000007,99.8617829993,2,"[1, 2]",supplementary_operation,False,excluded
-1,-1,301,600,5,supplementary_operation,1,[5],True,1014,936754,937767,1,True,7672.965,7683.155,7672.965,7683.155,10.19,0,0,1013,True,0.0100592300099,0.000886693448083,0.00999999999749,0.0299999999997,99.4111874386,2,"[1, 2]",supplementary_operation,False,excluded
-1,-1,302,602,5,supplementary_operation,1,[5],True,1853,939275,941127,1,True,7698.285,7717.075,7698.285,7717.075,18.79,0,0,1852,True,0.0101457883369,0.00174828474241,0.00999999999749,0.0400000000009,98.5630654604,2,"[1, 2]",supplementary_operation,False,excluded
-1,-1,303,604,5,supplementary_operation,1,[5],True,1850,942629,944478,1,True,7732.135,7750.745,7732.135,7750.745,18.61,0,0,1849,True,0.0100648999459,0.000867729239284,0.00999999999749,0.0299999999997,99.3551853842,3,"[0, 1, 2]",supplementary_operation,False,excluded
-1,-1,304,606,5,supplementary_operation,1,[5],True,1825,945837,947661,1,True,7764.445,7782.705,7764.445,7782.705,18.26,0,0,1824,True,0.0100109649123,0.00033095149721,0.00999999999749,0.0200000000023,99.8904709748,3,"[0, 1, 2]",supplementary_operation,False,excluded
-1,-1,305,608,5,supplementary_operation,1,[5],True,2372,949039,951410,1,True,7796.485,8668.952,7796.485,8668.952,872.467,0,0,2371,True,0.367974272459,17.422821077,0.00999999999749,848.557,2.71758129534,3,"[0, 1, 2]",supplementary_operation,False,excluded
-1,-1,306,610,5,supplementary_operation,1,[5],True,1778,952750,954527,1,True,8682.522,8700.902,8682.522,8700.902,18.38,0,0,1777,True,0.0103432751829,0.00260843639501,0.0099999999984,0.0900000000001,96.6811751904,2,"[1, 2]",supplementary_operation,False,excluded
-1,-1,307,612,5,supplementary_operation,1,[5],True,1804,955890,957693,1,True,8714.702,8733.092,8714.702,8733.092,18.39,0,0,1803,True,0.0101996672213,0.00139885853954,0.0099999999984,0.0200000000004,98.0424143556,3,"[0, 1, 2]",supplementary_operation,False,excluded
-1,-1,308,614,5,supplementary_operation,1,[5],True,1767,959022,960788,1,True,8746.562,8765.122,8746.562,8765.122,18.56,0,0,1766,True,0.0105096262741,0.00306048282572,0.0099999999984,0.0600000000013,95.150862069,3,"[0, 1, 2]",supplementary_operation,False,excluded
-1,-1,309,616,5,supplementary_operation,1,[5],True,1815,962040,963854,1,True,8777.842,8796.562,8777.842,8796.562,18.72,0,0,1814,True,0.0103197353914,0.00227814426126,0.0099999999984,0.0499999999993,96.9017094017,3,"[0, 1, 2]",supplementary_operation,False,excluded
-1,-1,310,618,5,supplementary_operation,1,[5],True,1045,965170,966214,1,True,8809.872,8820.312,8809.872,8820.312,10.44,0,0,1044,True,0.01,0.0,0.0099999999984,0.0100000000002,100.0,3,"[0, 1, 2]",supplementary_operation,False,excluded
-1,-1,311,620,5,supplementary_operation,1,[5],True,1863,967880,969742,1,True,8836.982,8855.762,8836.982,8855.762,18.78,0,0,1862,True,0.0100859291085,0.00173208977406,0.0099999999984,0.0700000000015,99.148029819,3,"[0, 1, 2]",supplementary_operation,False,excluded
-1,-1,312,622,5,supplementary_operation,1,[5],True,1433,971307,972739,1,True,8871.932,8886.362,8871.932,8886.362,14.43,0,0,1432,True,0.0100768156425,0.00126500775037,0.0099999999984,0.0400000000009,99.2376992377,3,"[0, 1, 2]",supplementary_operation,False,excluded
-1,-1,313,624,5,supplementary_operation,1,[5],True,1404,974007,975410,1,True,8899.462,8913.652,8899.462,8913.652,14.19,0,0,1403,True,0.01011404134,0.00112692486338,0.0099999999984,0.0300000000007,98.8724453841,3,"[0, 1, 2]",supplementary_operation,False,excluded
-1,-1,314,626,5,supplementary_operation,1,[5],True,1846,976652,978497,1,True,8926.392,8944.862,8926.392,8944.862,18.47,0,0,1845,True,0.0100108401084,0.000329064698914,0.0099999999984,0.0200000000004,99.8917162967,3,"[0, 1, 2]",supplementary_operation,False,excluded
-1,-1,315,628,5,supplementary_operation,1,[5],True,1859,980001,981859,1,True,8960.152,8978.892,8960.152,8978.892,18.74,0,0,1858,True,0.0100861141012,0.00122457385742,0.0099999999984,0.0400000000009,99.1462113127,3,"[0, 1, 2]",supplementary_operation,False,excluded
-1,-1,316,630,5,supplementary_operation,1,[5],True,1836,983399,985234,1,True,8994.472,9013.072,8994.472,9013.072,18.6,0,0,1835,True,0.010136239782,0.00148854665592,0.0099999999984,0.0400000000009,98.6559139785,3,"[0, 1, 2]",supplementary_operation,False,excluded
-1,-1,317,632,5,supplementary_operation,1,[5],True,1826,986645,988470,1,True,9027.992,9046.752,9027.992,9046.752,18.76,0,0,1825,True,0.0102794520548,0.00260215710853,0.0099999999984,0.0799999999999,97.2814498934,3,"[0, 1, 2]",supplementary_operation,False,excluded
-1,-1,318,634,5,supplementary_operation,1,[5],True,1760,989797,991556,1,True,9060.382,9078.602,9060.382,9078.602,18.22,0,0,1759,True,0.0103581580443,0.00294678599763,0.0099999999984,0.0700000000015,96.5422612514,3,"[0, 1, 2]",supplementary_operation,False,excluded
-1,-1,319,636,5,supplementary_operation,1,[5],True,993,992872,993864,1,True,9092.182,9102.622,9092.182,9102.622,10.44,0,0,992,True,0.0105241935484,0.00387914961931,0.0099999999984,0.0799999999999,95.0191570881,3,"[0, 1, 2]",supplementary_operation,False,excluded
-1,-1,320,638,5,supplementary_operation,1,[5],True,1897,995392,997288,1,True,13449.539,13468.539,13449.539,13468.539,19.0,0,0,1896,True,0.0100210970464,0.000725934621714,0.00999999999658,0.0400000000009,99.7894736842,3,"[0, 1, 2]",supplementary_operation,False,excluded
-1,-1,321,640,5,supplementary_operation,1,[5],True,1364,998651,1000014,1,True,13482.209,13495.859,13482.209,13495.859,13.65,0,0,1363,True,0.0100146735143,0.00038277908907,0.00999999999658,0.0200000000004,99.8534798535,3,"[0, 1, 2]",supplementary_operation,False,excluded
-1,-1,322,642,5,supplementary_operation,1,[5],True,1313,1001602,1002914,1,True,13511.739,13524.879,13511.739,13524.879,13.14,0,0,1312,True,0.0100152439024,0.000390136704006,0.00999999999658,0.0200000000004,99.8477929985,3,"[0, 1, 2]",supplementary_operation,False,excluded
-1,-1,323,644,5,supplementary_operation,1,[5],True,1324,1004350,1005673,1,True,13539.409,13552.639,13539.409,13552.639,13.23,0,0,1323,True,0.01,0.0,0.00999999999658,0.0100000000039,100.0,3,"[0, 1, 2]",supplementary_operation,False,excluded
-1,-1,324,646,5,supplementary_operation,1,[5],True,1058,1007130,1008187,1,True,13567.209,13577.779,13567.209,13577.779,10.57,0,0,1057,True,0.01,0.0,0.00999999999658,0.0100000000039,100.0,3,"[0, 1, 2]",supplementary_operation,False,excluded
-1,-1,325,648,5,supplementary_operation,1,[5],True,1434,1009671,1011104,1,True,13592.629,13606.959,13592.629,13606.959,14.33,0,0,1433,True,0.01,0.0,0.00999999999658,0.0100000000039,100.0,3,"[0, 1, 2]",supplementary_operation,False,excluded
-1,-1,326,650,5,supplementary_operation,1,[5],True,1489,1012442,1013930,1,True,13620.339,13635.219,13620.339,13635.219,14.88,0,0,1488,True,0.01,0.0,0.00999999999658,0.0100000000039,100.0,3,"[0, 1, 2]",supplementary_operation,False,excluded
-1,-1,327,652,5,supplementary_operation,1,[5],True,1019,1015296,1016314,1,True,13648.879,13659.059,13648.879,13659.059,10.18,0,0,1018,True,0.01,0.0,0.00999999999658,0.0100000000039,100.0,3,"[0, 1, 2]",supplementary_operation,False,excluded
-1,-1,328,654,5,supplementary_operation,1,[5],True,1870,1017511,1019380,1,True,13671.029,13689.719,13671.029,13689.719,18.69,0,0,1869,True,0.01,9.59985336665e-10,0.00999999999658,0.0100000000039,100.0,3,"[0, 1, 2]",supplementary_operation,False,excluded
-1,-1,329,656,5,supplementary_operation,1,[5],True,1849,1020856,1022704,1,True,13704.479,13722.969,13704.479,13722.969,18.49,0,0,1848,True,0.0100054112554,0.000232558105498,0.00999999999658,0.0200000000004,99.9459167117,3,"[0, 1, 2]",supplementary_operation,False,excluded
-1,-1,330,658,5,supplementary_operation,1,[5],True,1864,1024000,1025863,1,True,13735.929,13754.559,13735.929,13754.559,18.63,0,0,1863,True,0.01,9.59985336665e-10,0.00999999999658,0.0100000000039,100.0,3,"[0, 1, 2]",supplementary_operation,False,excluded
-1,-1,331,660,5,supplementary_operation,1,[5],True,1896,1027108,1029003,1,True,13767.009,13785.959,13767.009,13785.959,18.95,0,0,1895,True,0.01,1.00818626092e-09,0.00999999999658,0.0100000000039,100.0,3,"[0, 1, 2]",supplementary_operation,False,excluded
-1,-1,332,662,5,supplementary_operation,1,[5],True,1022,1030223,1031244,1,True,13798.159,13808.369,13798.159,13808.369,10.21,0,0,1021,True,0.01,0.0,0.00999999999658,0.0100000000039,100.0,3,"[0, 1, 2]",supplementary_operation,False,excluded
-1,-1,333,664,5,supplementary_operation,1,[5],True,1055,1032838,1033892,1,True,13824.319,13834.859,13824.319,13834.859,10.54,0,0,1054,True,0.01,0.0,0.00999999999658,0.0100000000039,100.0,3,"[0, 1, 2]",supplementary_operation,False,excluded
-1,-1,334,666,5,supplementary_operation,1,[5],True,1804,1035468,1037271,1,True,13850.619,13868.649,13850.619,13868.649,18.03,0,0,1803,True,0.01,8.55474410154e-10,0.00999999999658,0.0100000000039,100.0,3,"[0, 1, 2]",supplementary_operation,False,excluded
-1,-1,335,668,5,supplementary_operation,1,[5],True,1814,1038949,1040762,1,True,13885.449,13903.579,13885.449,13903.579,18.13,0,0,1813,True,0.01,8.71172497695e-10,0.00999999999658,0.0100000000039,100.0,3,"[0, 1, 2]",supplementary_operation,False,excluded
-1,-1,336,670,5,supplementary_operation,1,[5],True,1843,1042300,1044142,1,True,13918.959,13937.379,13918.959,13937.379,18.42,0,0,1842,True,0.01,9.16655160721e-10,0.00999999999658,0.0100000000039,100.0,3,"[0, 1, 2]",supplementary_operation,False,excluded
-1,-1,337,672,5,supplementary_operation,1,[5],True,1811,1045771,1047581,1,True,13953.669,13971.779,13953.669,13971.779,18.11,0,0,1810,True,0.0100055248619,0.000234985307395,0.00999999999658,0.0200000000004,99.9447818885,3,"[0, 1, 2]",supplementary_operation,False,excluded
-1,-1,338,674,5,supplementary_operation,1,[5],True,1837,1049229,1051065,1,True,13988.289,14006.649,13988.289,14006.649,18.36,0,0,1836,True,0.01,9.09232729569e-10,0.00999999999658,0.0100000000039,100.0,3,"[0, 1, 2]",supplementary_operation,False,excluded
-1,-1,339,676,5,supplementary_operation,1,[5],True,1884,1052614,1054497,1,True,14022.149,14040.979,14022.149,14040.979,18.83,0,0,1883,True,0.01,9.74000462487e-10,0.00999999999658,0.0100000000039,100.0,3,"[0, 1, 2]",supplementary_operation,False,excluded
-1,-1,340,678,5,supplementary_operation,1,[5],True,1074,1056020,1057093,1,True,14056.209,14066.959,14056.209,14066.959,10.75,0,0,1073,True,0.010018639329,0.000431330343516,0.00999999999658,0.0200000000004,99.8139534884,2,"[1, 2]",supplementary_operation,False,excluded
-1,-1,341,680,5,supplementary_operation,1,[5],True,1868,1058696,1060563,1,True,14082.989,14101.719,14082.989,14101.719,18.73,0,0,1867,True,0.0100321371184,0.000565984442692,0.00999999999658,0.0200000000041,99.6796583022,3,"[0, 1, 2]",supplementary_operation,False,excluded
-1,-1,342,682,5,supplementary_operation,1,[5],True,1342,1062115,1063456,1,True,14117.669,14704.431,14117.669,14704.431,586.762,0,0,1341,True,0.437555555556,15.6500104212,0.00999999999658,573.322,2.28542407313,2,"[1, 2]",supplementary_operation,False,excluded
-1,-1,343,684,5,supplementary_operation,1,[5],True,1786,1065049,1066834,1,True,14720.441,14738.331,14720.441,14738.331,17.89,0,0,1785,True,0.0100224089636,0.000472850371899,0.0099999999984,0.0200000000023,99.776411403,3,"[0, 1, 2]",supplementary_operation,False,excluded
-1,-1,344,686,5,supplementary_operation,1,[5],True,1847,1068257,1070103,1,True,14752.561,14771.031,14752.561,14771.031,18.47,0,0,1846,True,0.0100054171181,0.000232683982664,0.0099999999984,0.0200000000023,99.9458581484,3,"[0, 1, 2]",supplementary_operation,False,excluded
-1,-1,345,688,5,supplementary_operation,1,[5],True,1834,1071630,1073463,1,True,14786.321,14804.651,14786.321,14804.651,18.33,0,0,1833,True,0.01,7.36275143029e-10,0.0099999999984,0.0100000000039,100.0,3,"[0, 1, 2]",supplementary_operation,False,excluded
-1,-1,346,690,5,supplementary_operation,1,[5],True,1826,1074972,1076797,1,True,14819.741,14837.991,14819.741,14837.991,18.25,0,0,1825,True,0.01,7.27013451792e-10,0.0099999999984,0.0100000000039,100.0,3,"[0, 1, 2]",supplementary_operation,False,excluded
-1,-1,347,692,5,supplementary_operation,1,[5],True,1009,1078321,1079329,1,True,14853.231,14863.311,14853.231,14863.311,10.08,0,0,1008,True,0.01,0.0,0.0099999999984,0.0100000000039,100.0,3,"[0, 1, 2]",supplementary_operation,False,excluded
-1,-1,348,694,5,supplementary_operation,1,[5],True,1831,1080620,1082450,1,True,14876.221,14894.521,14876.221,14894.521,18.3,0,0,1830,True,0.01,7.36275143029e-10,0.0099999999984,0.0100000000039,100.0,3,"[0, 1, 2]",supplementary_operation,False,excluded
-1,-1,349,696,5,supplementary_operation,1,[5],True,2356,1083823,1086178,1,True,14908.251,15226.414,14908.251,15226.414,318.163,0,0,2355,True,0.135101061571,6.06842141895,0.00999999999658,294.563,7.40186633895,3,"[0, 1, 2]",supplementary_operation,False,excluded
-1,-1,350,698,5,supplementary_operation,1,[5],True,1462,1088157,1089618,1,True,15246.204,15260.814,15246.204,15260.814,14.61,0,0,1461,True,0.01,0.0,0.00999999999658,0.0100000000039,100.0,3,"[0, 1, 2]",supplementary_operation,False,excluded
-1,-1,351,700,5,supplementary_operation,1,[5],True,1438,1091031,1092468,1,True,15274.954,15289.364,15274.954,15289.364,14.41,0,0,1437,True,0.010027835769,0.000526861328596,0.00999999999658,0.0200000000004,99.7224149896,3,"[0, 1, 2]",supplementary_operation,False,excluded
-1,-1,352,702,5,supplementary_operation,1,[5],True,1425,1093964,1095388,1,True,15304.364,15318.654,15304.364,15318.654,14.29,0,0,1424,True,0.0100351123595,0.000591515610626,0.00999999999658,0.0200000000004,99.6501049685,3,"[0, 1, 2]",supplementary_operation,False,excluded
-1,-1,353,704,5,supplementary_operation,1,[5],True,1023,1096877,1097899,1,True,15333.544,15343.764,15333.544,15343.764,10.22,0,0,1022,True,0.01,0.0,0.00999999999658,0.0100000000039,100.0,3,"[0, 1, 2]",supplementary_operation,False,excluded
-1,-1,354,706,5,supplementary_operation,1,[5],True,1050,1099261,1100310,1,True,15357.384,15367.874,15357.384,15367.874,10.49,0,0,1049,True,0.01,0.0,0.00999999999658,0.0100000000039,100.0,3,"[0, 1, 2]",supplementary_operation,False,excluded
-1,-1,355,708,5,supplementary_operation,1,[5],True,1338,1101809,1103146,1,True,15382.864,15396.234,15382.864,15396.234,13.37,0,0,1337,True,0.01,0.0,0.00999999999658,0.0100000000039,100.0,2,"[1, 2]",supplementary_operation,False,excluded
-1,-1,356,710,5,supplementary_operation,1,[5],True,1393,1104564,1105956,1,True,15410.414,15424.334,15410.414,15424.334,13.92,0,0,1392,True,0.01,0.0,0.00999999999658,0.0100000000039,100.0,3,"[0, 1, 2]",supplementary_operation,False,excluded
-1,-1,357,712,5,supplementary_operation,1,[5],True,1472,1107445,1108916,1,True,15439.224,15453.934,15439.224,15453.934,14.71,0,0,1471,True,0.01,0.0,0.00999999999658,0.0100000000039,100.0,3,"[0, 1, 2]",supplementary_operation,False,excluded
-1,-1,358,714,5,supplementary_operation,1,[5],True,1829,1110259,1112087,1,True,15467.364,15485.664,15467.364,15485.664,18.3,0,0,1828,True,0.010010940919,0.000330589604575,0.00999999999658,0.0200000000004,99.8907103825,3,"[0, 1, 2]",supplementary_operation,False,excluded
-1,-1,359,716,5,supplementary_operation,1,[5],True,1829,1113429,1115257,1,True,15499.134,15517.454,15499.134,15517.454,18.32,0,0,1828,True,0.0100218818381,0.000467268194837,0.00999999999658,0.0200000000004,99.7816593886,3,"[0, 1, 2]",supplementary_operation,False,excluded
-1,-1,360,718,5,supplementary_operation,1,[5],True,1844,1116649,1118492,1,True,15531.504,15549.954,15531.504,15549.954,18.45,0,0,1843,True,0.0100108518719,0.000329243005005,0.00999999999658,0.0200000000004,99.891598916,3,"[0, 1, 2]",supplementary_operation,False,excluded
-1,-1,361,720,5,supplementary_operation,1,[5],True,1834,1119793,1121626,1,True,15562.964,15581.294,15562.964,15581.294,18.33,0,0,1833,True,0.01,9.09232729569e-10,0.00999999999658,0.0100000000039,100.0,3,"[0, 1, 2]",supplementary_operation,False,excluded
-1,-1,362,722,5,supplementary_operation,1,[5],True,1785,1123211,1124995,1,True,15597.154,15614.994,15597.154,15614.994,17.84,0,0,1784,True,0.01,8.14907252789e-10,0.00999999999658,0.0100000000039,100.0,3,"[0, 1, 2]",supplementary_operation,False,excluded
-1,-1,363,724,5,supplementary_operation,1,[5],True,1126,1126599,1127724,1,True,15631.044,15642.294,15631.044,15642.294,11.25,0,0,1125,True,0.01,0.0,0.00999999999658,0.0100000000039,100.0,3,"[0, 1, 2]",supplementary_operation,False,excluded
-1,-1,364,726,5,supplementary_operation,1,[5],True,1868,1129299,1131166,1,True,15658.044,15676.714,15658.044,15676.714,18.67,0,0,1867,True,0.01,9.67018290297e-10,0.00999999999658,0.0100000000039,100.0,3,"[0, 1, 2]",supplementary_operation,False,excluded
-1,-1,365,728,5,supplementary_operation,1,[5],True,960,1132701,1133660,1,True,15692.064,15701.654,15692.064,15701.654,9.59,0,0,959,True,0.01,0.0,0.00999999999658,0.0100000000039,100.0,3,"[0, 1, 2]",supplementary_operation,False,excluded
-1,-1,366,730,5,supplementary_operation,1,[5],True,1861,1135208,1137068,1,True,15717.144,15735.744,15717.144,15735.744,18.6,0,0,1860,True,0.01,9.4576254541e-10,0.00999999999658,0.0100000000039,100.0,3,"[0, 1, 2]",supplementary_operation,False,excluded
-1,-1,367,732,5,supplementary_operation,1,[5],True,1846,1138714,1140559,1,True,15752.214,15770.664,15752.214,15770.664,18.45,0,0,1845,True,0.01,9.16655160721e-10,0.00999999999658,0.0100000000039,100.0,3,"[0, 1, 2]",supplementary_operation,False,excluded
-1,-1,368,734,5,supplementary_operation,1,[5],True,1887,1142108,1143994,1,True,15786.164,15805.024,15786.164,15805.024,18.86,0,0,1886,True,0.01,9.87816761974e-10,0.00999999999658,0.0100000000039,100.0,3,"[0, 1, 2]",supplementary_operation,False,excluded
-1,-1,369,736,5,supplementary_operation,1,[5],True,1037,1145519,1146555,1,True,15820.284,15830.644,15820.284,15830.644,10.36,0,0,1036,True,0.01,0.0,0.00999999999658,0.0100000000039,100.0,2,"[1, 2]",supplementary_operation,False,excluded
-1,-1,370,738,5,supplementary_operation,1,[5],True,1810,1148061,1149870,1,True,15845.704,15863.824,15845.704,15863.824,18.12,0,0,1809,True,0.0100165837479,0.000406893669932,0.00999999999658,0.0200000000041,99.8344370861,3,"[0, 1, 2]",supplementary_operation,False,excluded
-1,-1,371,740,5,supplementary_operation,1,[5],True,1807,1151479,1153285,1,True,15879.944,15898.084,15879.944,15898.084,18.14,0,0,1806,True,0.0100442967885,0.000742797179969,0.00999999999658,0.0300000000007,99.558985667,3,"[0, 1, 2]",supplementary_operation,False,excluded
-1,-1,372,742,5,supplementary_operation,1,[5],True,1093,1154810,1155902,1,True,15913.334,15924.254,15913.334,15924.254,10.92,0,0,1092,True,0.01,0.0,0.00999999999658,0.0100000000039,100.0,2,"[1, 2]",supplementary_operation,False,excluded
-1,-1,373,744,5,supplementary_operation,1,[5],True,1851,1157364,1159214,1,True,15938.884,15957.384,15938.884,15957.384,18.5,0,0,1850,True,0.01,9.31322574615e-10,0.00999999999658,0.0100000000039,100.0,3,"[0, 1, 2]",supplementary_operation,False,excluded
-1,-1,374,746,5,supplementary_operation,1,[5],True,1045,1160613,1161657,1,True,15971.374,15981.834,15971.374,15981.834,10.46,0,0,1044,True,0.0100191570881,0.000618687941034,0.00999999999658,0.0299999999988,99.8087954111,2,"[1, 2]",supplementary_operation,False,excluded
-1,-1,375,748,5,supplementary_operation,1,[5],True,1821,1163169,1164989,1,True,15996.954,16015.164,15996.954,16015.164,18.21,0,0,1820,True,0.0100054945055,0.000234339209993,0.00999999999658,0.0199999999986,99.9450851181,2,"[1, 2]",supplementary_operation,False,excluded
-1,-1,376,750,5,supplementary_operation,1,[5],True,1421,1166418,1167838,1,True,16029.454,16043.664,16029.454,16043.664,14.21,0,0,1420,True,0.0100070422535,0.00026527898872,0.00999999999658,0.0199999999986,99.9296270232,2,"[1, 2]",supplementary_operation,False,excluded
-1,-1,377,752,5,supplementary_operation,1,[5],True,1779,1169255,1171033,1,True,16057.834,16196.38,16057.834,16196.38,138.546,0,0,1778,True,0.0779223847019,2.85991173663,0.00999999999476,120.636,12.8332828086,3,"[0, 1, 2]",supplementary_operation,False,excluded
-1,-1,378,754,5,supplementary_operation,1,[5],True,1095,1172446,1173540,1,True,16210.51,16221.46,16210.51,16221.46,10.95,0,0,1094,True,0.0100091407678,0.00030219881637,0.00999999999476,0.0200000000004,99.9086757991,3,"[0, 1, 2]",supplementary_operation,False,excluded
-1,-1,379,756,5,supplementary_operation,1,[5],True,1058,1175051,1176108,1,True,16236.59,16247.16,16236.59,16247.16,10.57,0,0,1057,True,0.01,0.0,0.00999999999476,0.0100000000057,100.0,3,"[0, 1, 2]",supplementary_operation,False,excluded
-1,-1,380,758,5,supplementary_operation,1,[5],True,1557,1177983,1179539,1,True,16265.91,16281.47,16265.91,16281.47,15.56,0,0,1556,True,0.01,4.65661287308e-10,0.00999999999476,0.0100000000057,100.0,3,"[0, 1, 2]",supplementary_operation,False,excluded
-1,-1,381,760,5,supplementary_operation,1,[5],True,1816,1180887,1182702,1,True,16294.95,16313.1,16294.95,16313.1,18.15,0,0,1815,True,0.01,1.06696404865e-09,0.00999999999476,0.0100000000057,100.0,3,"[0, 1, 2]",supplementary_operation,False,excluded
-1,-1,382,762,5,supplementary_operation,1,[5],True,1857,1184034,1185890,1,True,16326.42,16344.98,16326.42,16344.98,18.56,0,0,1856,True,0.01,1.12868842143e-09,0.00999999999476,0.0100000000057,100.0,3,"[0, 1, 2]",supplementary_operation,False,excluded
-1,-1,383,764,5,supplementary_operation,1,[5],True,1841,1187232,1189072,1,True,16358.4,16376.83,16358.4,16376.83,18.43,0,0,1840,True,0.0100163043478,0.000403457118562,0.00999999999476,0.0200000000059,99.8372219208,2,"[1, 2]",supplementary_operation,False,excluded
-1,-1,384,766,5,supplementary_operation,1,[5],True,1884,1190353,1192236,1,True,16389.68,16408.53,16389.68,16408.53,18.85,0,0,1883,True,0.0100106213489,0.000325730987272,0.0099999999984,0.0200000000004,99.8938992043,2,"[1, 2]",supplementary_operation,False,excluded
-1,-1,385,768,5,supplementary_operation,1,[5],True,1848,1193852,1195699,1,True,16424.69,16443.17,16424.69,16443.17,18.48,0,0,1847,True,0.0100054141852,0.000232621018514,0.0099999999984,0.0200000000004,99.9458874459,2,"[1, 2]",supplementary_operation,False,excluded
-1,-1,386,770,5,supplementary_operation,1,[5],True,1803,1197277,1199079,1,True,16458.98,16477.02,16458.98,16477.02,18.04,0,0,1802,True,0.0100110987791,0.000332963373982,0.0099999999984,0.0200000000004,99.889135255,3,"[0, 1, 2]",supplementary_operation,False,excluded
-1,-1,387,772,5,supplementary_operation,1,[5],True,1764,1200653,1202416,1,True,16492.76,16510.39,16492.76,16510.39,17.63,0,0,1763,True,0.01,0.0,0.0099999999984,0.010000000002,100.0,2,"[1, 2]",supplementary_operation,False,excluded
-1,-1,388,774,5,supplementary_operation,1,[5],True,1838,1204111,1205948,1,True,16527.36,16545.83,16527.36,16545.83,18.47,0,0,1837,True,0.0100544365814,0.000735800565698,0.0099999999984,0.0200000000004,99.4585814835,3,"[0, 1, 2]",supplementary_operation,False,excluded
-1,-1,389,776,5,supplementary_operation,1,[5],True,1839,1207552,1209390,1,True,16561.96,16580.34,16561.96,16580.34,18.38,0,0,1838,True,0.01,0.0,0.0099999999984,0.010000000002,100.0,3,"[0, 1, 2]",supplementary_operation,False,excluded
-1,-1,390,778,5,supplementary_operation,1,[5],True,1082,1211095,1212176,1,True,16597.4,16608.21,16597.4,16608.21,10.81,0,0,1081,True,0.01,1.11053139136e-09,0.0099999999984,0.010000000002,100.0,3,"[0, 1, 2]",supplementary_operation,False,excluded
-1,-1,391,780,5,supplementary_operation,1,[5],True,1818,1213723,1215540,1,True,16623.68,16641.85,16623.68,16641.85,18.17,0,0,1817,True,0.01,0.0,0.0099999999984,0.010000000002,100.0,3,"[0, 1, 2]",supplementary_operation,False,excluded
-1,-1,392,782,5,supplementary_operation,1,[5],True,1848,1217085,1218932,1,True,16657.3,16675.77,16657.3,16675.77,18.47,0,0,1847,True,0.01,0.0,0.0099999999984,0.010000000002,100.0,2,"[1, 2]",supplementary_operation,False,excluded
-1,-1,393,784,5,supplementary_operation,1,[5],True,2355,1220495,1222849,1,True,16691.4,17039.887,16691.4,17039.887,348.487,0,0,2354,True,0.148040356839,6.69293230708,0.00999999999476,324.807,6.75491481748,3,"[0, 1, 2]",supplementary_operation,False,excluded
-1,-1,394,786,5,supplementary_operation,1,[5],True,1781,1224366,1226146,1,True,17055.117,17073.067,17055.117,17073.067,17.95,0,0,1780,True,0.0100842696629,0.00131699341589,0.00999999999476,0.0400000000009,99.1643454039,3,"[0, 1, 2]",supplementary_operation,False,excluded
-1,-1,395,788,5,supplementary_operation,1,[5],True,1880,1227523,1229402,1,True,17086.837,17105.787,17086.837,17105.787,18.95,0,0,1879,True,0.0100851516764,0.00121774526458,0.00999999999476,0.0399999999972,99.1556728232,3,"[0, 1, 2]",supplementary_operation,False,excluded
-1,-1,396,790,5,supplementary_operation,1,[5],True,1808,1230713,1232520,1,True,17119.677,17137.917,17119.677,17137.917,18.24,0,0,1807,True,0.0100940785833,0.00126333652295,0.00999999999476,0.0400000000009,99.0679824562,3,"[0, 1, 2]",supplementary_operation,False,excluded
-1,-1,397,792,5,supplementary_operation,1,[5],True,1795,1233844,1235638,1,True,17151.277,17169.817,17151.277,17169.817,18.54,0,0,1794,True,0.0103344481605,0.00213785375445,0.00999999999476,0.0400000000009,96.7637540453,3,"[0, 1, 2]",supplementary_operation,False,excluded
-1,-1,398,794,5,supplementary_operation,1,[5],True,1827,1236945,1238771,1,True,17183.327,17201.837,17183.327,17201.837,18.51,0,0,1826,True,0.0101369112815,0.0015984953528,0.00999999999476,0.0400000000009,98.6493787142,2,"[1, 2]",supplementary_operation,False,excluded
-1,-1,399,796,5,supplementary_operation,1,[5],True,938,1240104,1241041,1,True,17215.427,17225.247,17215.427,17225.247,9.82,0,0,937,True,0.0104802561366,0.00300903739051,0.00999999999476,0.0400000000045,95.417515275,3,"[0, 1, 2]",supplementary_operation,False,excluded
-1,-1,400,798,5,supplementary_operation,1,[5],True,1822,1242134,1243955,1,True,17236.177,17254.757,17236.177,17254.757,18.58,0,0,1821,True,0.0102031850632,0.00209924302226,0.00999999999476,0.0599999999977,98.0086114101,3,"[0, 1, 2]",supplementary_operation,False,excluded
-1,-1,401,800,5,supplementary_operation,1,[5],True,1802,1245259,1247060,1,True,17268.017,17286.637,17268.017,17286.637,18.62,0,0,1801,True,0.0103387007218,0.00239068530189,0.00999999999476,0.0499999999993,96.723952739,2,"[1, 2]",supplementary_operation,False,excluded
-1,-1,402,802,5,supplementary_operation,1,[5],True,1822,1248801,1250622,1,True,17304.047,17322.257,17304.047,17322.257,18.21,0,0,1821,True,0.01,0.0,0.00999999999476,0.0100000000057,100.0,3,"[0, 1, 2]",supplementary_operation,False,excluded
-1,-1,403,804,5,supplementary_operation,1,[5],True,1833,1252266,1254098,1,True,17338.707,17357.037,17338.707,17357.037,18.33,0,0,1832,True,0.0100054585153,0.000233570883232,0.00999999999476,0.0200000000041,99.9454446263,2,"[1, 2]",supplementary_operation,False,excluded
-1,-1,404,806,5,supplementary_operation,1,[5],True,1801,1255709,1257509,1,True,17373.397,17391.657,17373.397,17391.657,18.26,0,0,1800,True,0.0101444444444,0.00175790981389,0.00999999999476,0.0600000000013,98.5761226725,2,"[1, 2]",supplementary_operation,False,excluded
-1,-1,405,808,5,supplementary_operation,1,[5],True,1789,1259053,1260841,1,True,17407.137,17425.647,17407.137,17425.647,18.51,0,0,1788,True,0.0103523489933,0.00292314111708,0.00999999999476,0.0600000000049,96.5964343598,3,"[0, 1, 2]",supplementary_operation,False,excluded
-1,-1,406,810,5,supplementary_operation,1,[5],True,1877,1262425,1264301,1,True,17441.487,17460.257,17441.487,17460.257,18.77,0,0,1876,True,0.0100053304904,0.000230817005283,0.00999999999476,0.0200000000004,99.946723495,3,"[0, 1, 2]",supplementary_operation,False,excluded
-1,-1,407,812,5,supplementary_operation,1,[5],True,1388,1265834,1267221,1,True,17475.587,756.44,742.54,17475.717,16733.177,1,0,1386,False,0.0101226551227,0.00116439129666,0.0099999999984,0.0299999999997,98.7883107626,3,"[0, 1, 2]",nonmonotonic_timestamps;supplementary_operation,False,excluded
-1,-1,408,814,5,supplementary_operation,1,[5],True,1868,1268568,1270435,1,True,770.04,788.76,770.04,788.76,18.72,0,0,1867,True,0.010026780932,0.000611731827979,0.00999999999976,0.0300000000003,99.7329059829,3,"[0, 1, 2]",supplementary_operation,False,excluded
-1,-1,409,816,5,supplementary_operation,1,[5],True,1862,1271810,1273671,1,True,802.52,821.13,802.52,821.13,18.61,0,0,1861,True,0.01,1.5044175069e-09,0.00999999999976,0.0100000000003,100.0,3,"[0, 1, 2]",supplementary_operation,False,excluded
-1,-1,410,818,5,supplementary_operation,1,[5],True,1861,1275069,1276929,1,True,835.11,853.71,835.11,853.71,18.6,0,0,1860,True,0.01,1.5044175069e-09,0.00999999999976,0.0100000000003,100.0,3,"[0, 1, 2]",supplementary_operation,False,excluded
-1,-1,411,820,5,supplementary_operation,1,[5],True,1649,1278511,1280159,1,True,869.53,1685.38,869.53,1685.38,815.85,0,0,1648,True,0.49505461165,19.048250665,0.00999999999931,773.09,2.01997916284,3,"[0, 1, 2]",supplementary_operation,False,excluded
-1,-1,412,822,5,supplementary_operation,1,[5],True,1088,1281444,1282531,1,True,1698.28,1709.15,1698.28,1709.15,10.87,0,0,1087,True,0.01,1.01488524665e-09,0.00999999999931,0.0100000000007,100.0,3,"[0, 1, 2]",supplementary_operation,False,excluded
-1,-1,413,824,5,supplementary_operation,1,[5],True,1542,1283928,1285469,1,True,1723.13,1738.57,1723.13,1738.57,15.44,0,0,1541,True,0.010019467878,0.000569285196612,0.00999999999931,0.03,99.8056994819,3,"[0, 1, 2]",supplementary_operation,False,excluded
-1,-1,414,826,5,supplementary_operation,1,[5],True,1544,1286720,1288263,1,True,1751.09,1766.52,1751.09,1766.52,15.43,0,0,1543,True,0.01,1.3375102185e-09,0.00999999999931,0.0100000000007,100.0,3,"[0, 1, 2]",supplementary_operation,False,excluded
-1,-1,415,828,5,supplementary_operation,1,[5],True,1514,1289494,1291007,1,True,1778.83,1793.96,1778.83,1793.96,15.13,0,0,1513,True,0.01,1.3222238854e-09,0.00999999999931,0.0100000000007,100.0,3,"[0, 1, 2]",supplementary_operation,False,excluded
-1,-1,416,830,5,supplementary_operation,1,[5],True,1474,1292329,1293802,1,True,1807.18,1821.91,1807.18,1821.91,14.73,0,0,1473,True,0.01,1.37251640234e-09,0.00999999999999,0.0100000000002,100.0,2,"[1, 2]",supplementary_operation,False,excluded
-1,-1,417,832,5,supplementary_operation,1,[5],True,1505,1295137,1296641,1,True,1835.26,1850.3,1835.26,1850.3,15.04,0,0,1504,True,0.01,1.39698386192e-09,0.00999999999999,0.0100000000002,100.0,3,"[0, 1, 2]",supplementary_operation,False,excluded
-1,-1,418,834,5,supplementary_operation,1,[5],True,1430,1298112,1299541,1,True,1865.01,1879.32,1865.01,1879.32,14.31,0,0,1429,True,0.0100139958013,0.000528885755856,0.00999999999999,0.0300000000002,99.8602375961,3,"[0, 1, 2]",supplementary_operation,False,excluded
-1,-1,419,836,5,supplementary_operation,1,[5],True,1472,1300926,1302397,1,True,1893.17,1907.9,1893.17,1907.9,14.73,0,0,1471,True,0.0100135961931,0.00052128591469,0.00999999999999,0.03,99.8642226748,2,"[1, 2]",supplementary_operation,False,excluded
-1,-1,420,838,5,supplementary_operation,1,[5],True,1480,1304254,1305733,1,True,1926.5,1941.3,1926.5,1941.3,14.8,0,0,1479,True,0.0100067613252,0.000259937563042,0.00999999999999,0.02,99.9324324324,3,"[0, 1, 2]",supplementary_operation,False,excluded
-1,-1,421,840,5,supplementary_operation,1,[5],True,1391,1307609,1308999,1,True,1960.06,1973.96,1960.06,1973.96,13.9,0,0,1390,True,0.01,1.31193404896e-09,0.00999999999999,0.0100000000002,100.0,3,"[0, 1, 2]",supplementary_operation,False,excluded
-1,-1,422,842,5,supplementary_operation,1,[5],True,1324,1310718,1312041,1,True,1991.22,2004.45,1991.22,2004.45,13.23,0,0,1323,True,0.01,1.25922423629e-09,0.00999999999999,0.0100000000002,100.0,3,"[0, 1, 2]",supplementary_operation,False,excluded
-1,-1,423,844,5,supplementary_operation,1,[5],True,1708,1313786,1315493,1,True,2021.94,2039.05,2021.94,2039.05,17.11,0,0,1707,True,0.0100234329233,0.00048350814955,0.00999999999999,0.02,99.7662185856,3,"[0, 1, 2]",supplementary_operation,False,excluded
-1,-1,424,846,5,supplementary_operation,1,[5],True,1762,1317347,1319108,1,True,2057.64,2075.25,2057.64,2075.25,17.61,0,0,1761,True,0.01,6.58544507983e-10,0.00999999999976,0.0100000000002,100.0,3,"[0, 1, 2]",supplementary_operation,False,excluded
-1,-1,425,848,5,supplementary_operation,1,[5],True,1726,1321486,1323211,1,True,2099.04,2116.48,2099.04,2116.48,17.44,0,0,1725,True,0.0101101449275,0.00157499895813,0.00999999999976,0.0599999999999,98.9105504587,3,"[0, 1, 2]",supplementary_operation,False,excluded
-1,-1,426,850,5,supplementary_operation,1,[5],True,1708,1324962,1326669,1,True,2133.99,2151.06,2133.99,2151.06,17.07,0,0,1707,True,0.01,5.70316273436e-10,0.00999999999976,0.0100000000002,100.0,3,"[0, 1, 2]",supplementary_operation,False,excluded
-1,-1,427,852,5,supplementary_operation,1,[5],True,1036,1328389,1329424,1,True,2168.29,2178.65,2168.29,2178.65,10.36,0,0,1035,True,0.0100096618357,0.000310684737985,0.00999999999976,0.02,99.9034749035,3,"[0, 1, 2]",supplementary_operation,False,excluded
-1,-1,428,854,5,supplementary_operation,1,[5],True,1668,1330944,1332611,1,True,2194.02,2211.14,2194.02,2211.14,17.12,0,0,1667,True,0.0102699460108,0.00216013456544,0.00999999999976,0.0599999999999,97.3714953271,3,"[0, 1, 2]",supplementary_operation,False,excluded
-1,-1,429,856,5,supplementary_operation,1,[5],True,1633,1334303,1335935,1,True,2228.17,2244.51,2228.17,2244.51,16.34,0,0,1632,True,0.010012254902,0.000349855451559,0.00999999999976,0.02,99.8776009792,3,"[0, 1, 2]",supplementary_operation,False,excluded
-1,-1,430,858,5,supplementary_operation,1,[5],True,1604,1337659,1339262,1,True,2261.77,2277.8,2261.77,2277.8,16.03,0,0,1603,True,0.01,2.01637252184e-10,0.00999999999976,0.0100000000002,100.0,2,"[1, 2]",supplementary_operation,False,excluded
-1,-1,431,860,5,supplementary_operation,1,[5],True,1577,1341006,1342582,1,True,2295.27,2311.2,2295.27,2311.2,15.93,0,0,1576,True,0.0101078680203,0.00109267938872,0.00999999999976,0.0300000000002,98.9328311362,2,"[1, 2]",supplementary_operation,False,excluded
-1,-1,432,862,5,supplementary_operation,1,[5],True,1613,1344326,1345938,1,True,2328.64,2344.76,2328.64,2344.76,16.12,0,0,1612,True,0.01,3.08005990352e-10,0.00999999999976,0.0100000000002,100.0,3,"[0, 1, 2]",supplementary_operation,False,excluded
-1,-1,433,864,5,supplementary_operation,1,[5],True,1590,1347676,1349265,1,True,2362.15,2378.04,2362.15,2378.04,15.89,0,0,1589,True,0.01,0.0,0.00999999999976,0.0100000000002,100.0,3,"[0, 1, 2]",supplementary_operation,False,excluded
-1,-1,434,866,5,supplementary_operation,1,[5],True,1584,1351011,1352594,1,True,2395.5,2411.33,2395.5,2411.33,15.83,0,0,1583,True,0.01,0.0,0.00999999999976,0.0100000000002,100.0,2,"[1, 2]",supplementary_operation,False,excluded
-1,-1,435,868,5,supplementary_operation,1,[5],True,1124,1354365,1355488,1,True,2429.05,2440.28,2429.05,2440.28,11.23,0,0,1123,True,0.01,0.0,0.00999999999976,0.0100000000002,100.0,3,"[0, 1, 2]",supplementary_operation,False,excluded
-1,-1,436,870,5,supplementary_operation,1,[5],True,1044,1357182,1358225,1,True,2457.22,2467.77,2457.22,2467.77,10.55,0,0,1043,True,0.0101150527325,0.00144777863109,0.00999999999976,0.0400000000004,98.8625592417,3,"[0, 1, 2]",supplementary_operation,False,excluded
-1,-1,437,872,5,supplementary_operation,1,[5],True,1594,1359968,1361561,1,True,2485.21,2501.32,2485.21,2501.32,16.11,0,0,1593,True,0.0101129943503,0.00116973259158,0.00999999999976,0.0300000000002,98.8826815642,3,"[0, 1, 2]",supplementary_operation,False,excluded
-1,-1,438,874,5,supplementary_operation,1,[5],True,1616,1363245,1364860,1,True,2518.53,2534.68,2518.53,2534.68,16.15,0,0,1615,True,0.01,2.85158136718e-10,0.00999999999976,0.0100000000002,100.0,3,"[0, 1, 2]",supplementary_operation,False,excluded
-1,-1,439,876,5,supplementary_operation,1,[5],True,1493,1366599,1368091,1,True,2552.08,2567.04,2552.08,2567.04,14.96,0,0,1492,True,0.0100268096515,0.000818243563647,0.00999999999976,0.04,99.7326203209,3,"[0, 1, 2]",supplementary_operation,False,excluded
-1,-1,440,878,5,supplementary_operation,1,[5],True,1544,1369766,1371309,1,True,2584.25,2599.68,2584.25,2599.68,15.43,0,0,1543,True,0.01,0.0,0.00999999999976,0.0100000000002,100.0,3,"[0, 1, 2]",supplementary_operation,False,excluded
-1,-1,441,880,5,supplementary_operation,1,[5],True,1544,1373059,1374602,1,True,2617.18,2632.61,2617.18,2632.61,15.43,0,0,1543,True,0.01,0.0,0.00999999999976,0.0100000000002,100.0,3,"[0, 1, 2]",supplementary_operation,False,excluded
-1,-1,442,882,5,supplementary_operation,1,[5],True,1019,1375914,1376932,1,True,2645.75,2655.93,2645.75,2655.93,10.18,0,0,1018,True,0.01,0.0,0.00999999999976,0.0100000000002,100.0,3,"[0, 1, 2]",supplementary_operation,False,excluded
-1,-1,443,884,5,supplementary_operation,1,[5],True,1591,1378195,1379785,1,True,2668.56,2684.46,2668.56,2684.46,15.9,0,0,1590,True,0.01,1.16415321827e-10,0.00999999999976,0.0100000000002,100.0,3,"[0, 1, 2]",supplementary_operation,False,excluded
-1,-1,444,886,5,supplementary_operation,1,[5],True,1499,1381098,1382596,1,True,2697.59,2712.57,2697.59,2712.57,14.98,0,0,1498,True,0.01,0.0,0.00999999999976,0.0100000000002,100.0,3,"[0, 1, 2]",supplementary_operation,False,excluded
-1,-1,445,888,5,supplementary_operation,1,[5],True,1493,1383877,1385369,1,True,2725.45,2740.37,2725.45,2740.37,14.92,0,0,1492,True,0.01,0.0,0.00999999999976,0.0100000000002,100.0,3,"[0, 1, 2]",supplementary_operation,False,excluded
-1,-1,446,890,5,supplementary_operation,1,[5],True,1487,1386656,1388142,1,True,2753.24,2768.13,2753.24,2768.13,14.89,0,0,1486,True,0.0100201884253,0.000579712154887,0.00999999999976,0.0299999999997,99.7985224983,3,"[0, 1, 2]",supplementary_operation,False,excluded
-1,-1,447,892,5,supplementary_operation,1,[5],True,1473,1389371,1390843,1,True,2780.42,2795.14,2780.42,2795.14,14.72,0,0,1472,True,0.01,0.0,0.00999999999976,0.0100000000002,100.0,3,"[0, 1, 2]",supplementary_operation,False,excluded
-1,-1,448,894,5,supplementary_operation,1,[5],True,1433,1392201,1393633,1,True,2808.72,2823.04,2808.72,2823.04,14.32,0,0,1432,True,0.01,0.0,0.00999999999976,0.0100000000002,100.0,3,"[0, 1, 2]",supplementary_operation,False,excluded
-1,-1,449,896,5,supplementary_operation,1,[5],True,1461,1395005,1396465,1,True,2836.78,2851.4,2836.78,2851.4,14.62,0,0,1460,True,0.0100136986301,0.000369863013697,0.00999999999976,0.02,99.8632010944,3,"[0, 1, 2]",supplementary_operation,False,excluded
-1,-1,450,898,5,supplementary_operation,1,[5],True,1029,1398327,1399355,1,True,2870.03,2880.31,2870.03,2880.31,10.28,0,0,1028,True,0.01,0.0,0.00999999999976,0.0100000000002,100.0,3,"[0, 1, 2]",supplementary_operation,False,excluded
-1,-1,451,900,5,supplementary_operation,1,[5],True,1369,1401139,1402507,1,True,2898.16,2911.84,2898.16,2911.84,13.68,0,0,1368,True,0.01,0.0,0.00999999999976,0.0100000000002,100.0,3,"[0, 1, 2]",supplementary_operation,False,excluded
-1,-1,452,902,5,supplementary_operation,1,[5],True,1739,1404211,1405949,1,True,2928.89,2946.29,2928.89,2946.29,17.4,0,0,1738,True,0.0100115074799,0.000339031527334,0.00999999999976,0.02,99.8850574713,3,"[0, 1, 2]",supplementary_operation,False,excluded
-1,-1,453,904,5,supplementary_operation,1,[5],True,1717,1407710,1409426,1,True,2963.9,2981.06,2963.9,2981.06,17.16,0,0,1716,True,0.01,5.82076609135e-10,0.00999999999976,0.0100000000002,100.0,3,"[0, 1, 2]",supplementary_operation,False,excluded
-1,-1,454,906,5,supplementary_operation,1,[5],True,1680,1411294,1412973,1,True,2999.74,3016.53,2999.74,3016.53,16.79,0,0,1679,True,0.01,4.79992668333e-10,0.00999999999976,0.0100000000002,100.0,3,"[0, 1, 2]",supplementary_operation,False,excluded
-1,-1,455,908,5,supplementary_operation,1,[5],True,1666,1414766,1416431,1,True,3034.46,3051.11,3034.46,3051.11,16.65,0,0,1665,True,0.01,4.79992668333e-10,0.00999999999976,0.0100000000002,100.0,3,"[0, 1, 2]",supplementary_operation,False,excluded
-1,-1,456,910,5,supplementary_operation,1,[5],True,1034,1418168,1419201,1,True,3068.5,3078.83,3068.5,3078.83,10.33,0,0,1033,True,0.01,0.0,0.00999999999976,0.0100000000002,100.0,3,"[0, 1, 2]",supplementary_operation,False,excluded
-1,-1,457,912,5,supplementary_operation,1,[5],True,995,1421046,1422040,1,True,3097.28,3107.22,3097.28,3107.22,9.94,0,0,994,True,0.01,0.0,0.00999999999976,0.0100000000002,100.0,3,"[0, 1, 2]",supplementary_operation,False,excluded
-1,-1,458,914,5,supplementary_operation,1,[5],True,1707,1423795,1425501,1,True,3124.77,3141.95,3124.77,3141.95,17.18,0,0,1706,True,0.0100703399766,0.00108045602884,0.00999999999976,0.0400000000004,99.3015133877,3,"[0, 1, 2]",supplementary_operation,False,excluded
-1,-1,459,916,5,supplementary_operation,1,[5],True,1673,1427291,1428963,1,True,3159.85,3176.57,3159.85,3176.57,16.72,0,0,1672,True,0.01,4.79992668333e-10,0.00999999999976,0.0100000000002,100.0,3,"[0, 1, 2]",supplementary_operation,False,excluded
-1,-1,460,918,5,supplementary_operation,1,[5],True,1006,1430702,1431707,1,True,3193.97,3204.02,3193.97,3204.02,10.05,0,0,1005,True,0.01,0.0,0.00999999999976,0.0100000000002,100.0,3,"[0, 1, 2]",supplementary_operation,False,excluded
-1,-1,461,920,5,supplementary_operation,1,[5],True,1628,1433456,1435083,1,True,3221.53,3237.8,3221.53,3237.8,16.27,0,0,1627,True,0.01,3.49245965481e-10,0.00999999999976,0.0100000000002,100.0,3,"[0, 1, 2]",supplementary_operation,False,excluded
-1,-1,462,922,5,supplementary_operation,1,[5],True,1098,1436908,1438005,1,True,3256.08,3267.06,3256.08,3267.06,10.98,0,0,1097,True,0.0100091157703,0.000301785694752,0.00999999999976,0.02,99.9089253188,3,"[0, 1, 2]",supplementary_operation,False,excluded
-1,-1,463,924,5,supplementary_operation,1,[5],True,1607,1439734,1441340,1,True,3284.35,3300.42,3284.35,3300.42,16.07,0,0,1606,True,0.0100062266501,0.000249454864558,0.00999999999976,0.02,99.9377722464,3,"[0, 1, 2]",supplementary_operation,False,excluded
-1,-1,464,926,5,supplementary_operation,1,[5],True,1012,1443087,1444098,1,True,3317.9,3328.01,3317.9,3328.01,10.11,0,0,1011,True,0.01,0.0,0.00999999999976,0.0100000000002,100.0,3,"[0, 1, 2]",supplementary_operation,False,excluded
-1,-1,465,928,5,supplementary_operation,1,[5],True,1547,1445794,1447340,1,True,3344.97,3360.43,3344.97,3360.43,15.46,0,0,1546,True,0.01,0.0,0.00999999999976,0.0100000000002,100.0,3,"[0, 1, 2]",supplementary_operation,False,excluded
-1,-1,466,930,5,supplementary_operation,1,[5],True,1535,1449089,1450623,1,True,3377.92,3393.26,3377.92,3393.26,15.34,0,0,1534,True,0.01,0.0,0.00999999999976,0.0100000000002,100.0,3,"[0, 1, 2]",supplementary_operation,False,excluded
-1,-1,467,932,5,supplementary_operation,1,[5],True,1410,1452341,1453750,1,True,899.814,913.914,899.814,913.914,14.1,0,0,1409,True,0.0100070972321,0.000266311753577,0.00999999999976,0.02,99.9290780142,3,"[0, 1, 2]",supplementary_operation,False,excluded
-1,-1,468,934,5,supplementary_operation,1,[5],True,1448,1455394,1456841,1,True,930.384,944.854,930.384,944.854,14.47,0,0,1447,True,0.01,1.45402690358e-09,0.00999999999999,0.0100000000001,100.0,3,"[0, 1, 2]",supplementary_operation,False,excluded
-1,-1,469,936,5,supplementary_operation,1,[5],True,1320,1458378,1459697,1,True,960.224,973.414,960.224,973.414,13.19,0,0,1319,True,0.01,1.36260640699e-09,0.00999999999999,0.0100000000001,100.0,2,"[1, 2]",supplementary_operation,False,excluded
-1,-1,470,938,5,supplementary_operation,1,[5],True,1259,1461223,1462481,1,True,988.674,1001.254,988.674,1001.254,12.58,0,0,1258,True,0.01,1.31193404896e-09,0.00999999999999,0.0100000000001,100.0,2,"[1, 2]",supplementary_operation,False,excluded
-1,-1,471,940,5,supplementary_operation,1,[5],True,1019,1463872,1464890,1,True,1015.164,1025.344,1015.164,1025.344,10.18,0,0,1018,True,0.01,9.94652945702e-10,0.00999999999976,0.0100000000004,100.0,3,"[0, 1, 2]",supplementary_operation,False,excluded
-1,-1,472,942,5,supplementary_operation,1,[5],True,1388,1466450,1467837,1,True,1040.944,1054.814,1040.944,1054.814,13.87,0,0,1387,True,0.01,1.30675874654e-09,0.00999999999976,0.0100000000004,100.0,2,"[1, 2]",supplementary_operation,False,excluded
-1,-1,473,944,5,supplementary_operation,1,[5],True,1459,1469189,1470647,1,True,1068.334,1082.914,1068.334,1082.914,14.58,0,0,1458,True,0.01,1.36260640699e-09,0.00999999999976,0.0100000000004,100.0,2,"[1, 2]",supplementary_operation,False,excluded
-1,-1,474,946,5,supplementary_operation,1,[5],True,1444,1471985,1473428,1,True,1096.294,1110.724,1096.294,1110.724,14.43,0,0,1443,True,0.01,1.35762428279e-09,0.00999999999976,0.0100000000004,100.0,3,"[0, 1, 2]",supplementary_operation,False,excluded
-1,-1,475,948,5,supplementary_operation,1,[5],True,1051,1474759,1475809,1,True,1124.034,1134.534,1124.034,1134.534,10.5,0,0,1050,True,0.01,9.74000462487e-10,0.00999999999976,0.0100000000004,100.0,3,"[0, 1, 2]",supplementary_operation,False,excluded
-1,-1,476,950,5,supplementary_operation,1,[5],True,1876,1477127,1479002,1,True,1147.714,1166.464,1147.714,1166.464,18.75,0,0,1875,True,0.01,1.56620797318e-09,0.00999999999976,0.0100000000004,100.0,3,"[0, 1, 2]",supplementary_operation,False,excluded
-1,-1,477,952,5,supplementary_operation,1,[5],True,1812,1480355,1482166,1,True,1179.994,1198.104,1179.994,1198.104,18.11,0,0,1811,True,0.01,1.54880512222e-09,0.00999999999976,0.0100000000004,100.0,3,"[0, 1, 2]",supplementary_operation,False,excluded
-1,-1,478,954,5,supplementary_operation,1,[5],True,1802,1483428,1485229,1,True,1210.724,1228.734,1210.724,1228.734,18.01,0,0,1801,True,0.01,1.54002995176e-09,0.00999999999976,0.0100000000004,100.0,3,"[0, 1, 2]",supplementary_operation,False,excluded
-1,-1,479,956,5,supplementary_operation,1,[5],True,1076,1486387,1487462,1,True,1240.314,1251.064,1240.314,1251.064,10.75,0,0,1075,True,0.01,1.00818626092e-09,0.00999999999976,0.0100000000004,100.0,3,"[0, 1, 2]",supplementary_operation,False,excluded
-1,-1,480,958,5,supplementary_operation,1,[5],True,1846,1488785,1490630,1,True,1264.294,1282.744,1264.294,1282.744,18.45,0,0,1845,True,0.01,1.55753085393e-09,0.00999999999976,0.0100000000004,100.0,3,"[0, 1, 2]",supplementary_operation,False,excluded
-1,-1,481,960,5,supplementary_operation,1,[5],True,1818,1492236,1494053,1,True,1298.804,1316.994,1298.804,1316.994,18.19,0,0,1817,True,0.0100110071547,0.000331587679281,0.00999999999976,0.02,99.8900494777,3,"[0, 1, 2]",supplementary_operation,False,excluded
-1,-1,482,962,5,supplementary_operation,1,[5],True,1838,1495642,1497479,1,True,1332.894,1351.264,1332.894,1351.264,18.37,0,0,1837,True,0.01,1.54880512222e-09,0.00999999999976,0.0100000000004,100.0,3,"[0, 1, 2]",supplementary_operation,False,excluded
-1,-1,483,964,5,supplementary_operation,1,[5],True,1048,1499020,1500067,1,True,1366.674,1377.164,1366.674,1377.164,10.49,0,0,1047,True,0.0100191021968,0.000617801781439,0.00999999999954,0.0300000000004,99.8093422307,3,"[0, 1, 2]",supplementary_operation,False,excluded
-1,-1,484,966,5,supplementary_operation,1,[5],True,1755,1501631,1503385,1,True,1392.804,1410.354,1392.804,1410.354,17.55,0,0,1754,True,0.0100057012543,0.000238704919222,0.00999999999954,0.02,99.943019943,2,"[1, 2]",supplementary_operation,False,excluded
-1,-1,485,968,5,supplementary_operation,1,[5],True,1848,1504878,1506725,1,True,1425.294,1443.764,1425.294,1443.764,18.47,0,0,1847,True,0.01,1.44467615127e-09,0.00999999999954,0.0100000000007,100.0,3,"[0, 1, 2]",supplementary_operation,False,excluded
-1,-1,486,970,5,supplementary_operation,1,[5],True,1769,1508238,1510006,1,True,1458.904,1476.624,1458.904,1476.624,17.72,0,0,1768,True,0.0100226244344,0.000751730666328,0.00999999999954,0.04,99.7742663657,2,"[1, 2]",supplementary_operation,False,excluded
-1,-1,487,972,5,supplementary_operation,1,[5],True,1069,1511455,1512523,1,True,1491.124,1501.814,1491.124,1501.814,10.69,0,0,1068,True,0.0100093632959,0.000305851741032,0.00999999999954,0.02,99.9064546305,3,"[0, 1, 2]",supplementary_operation,False,excluded
-1,-1,488,974,5,supplementary_operation,1,[5],True,1818,1513978,1515795,1,True,1516.374,1534.544,1516.374,1534.544,18.17,0,0,1817,True,0.01,1.43053542444e-09,0.00999999999954,0.0100000000007,100.0,3,"[0, 1, 2]",supplementary_operation,False,excluded
-1,-1,489,976,5,supplementary_operation,1,[5],True,1810,1517342,1519151,1,True,1550.024,1568.114,1550.024,1568.114,18.09,0,0,1809,True,0.01,1.42579068359e-09,0.00999999999954,0.0100000000007,100.0,3,"[0, 1, 2]",supplementary_operation,False,excluded
-1,-1,490,978,5,supplementary_operation,1,[5],True,1760,1520561,1522320,1,True,1582.214,1599.804,1582.214,1599.804,17.59,0,0,1759,True,0.01,1.41625351512e-09,0.00999999999954,0.0100000000007,100.0,3,"[0, 1, 2]",supplementary_operation,False,excluded
-1,-1,491,980,5,supplementary_operation,1,[5],True,1004,1523891,1524894,1,True,1615.514,1625.544,1615.514,1625.544,10.03,0,0,1003,True,0.01,9.01749205358e-10,0.00999999999954,0.0100000000007,100.0,2,"[1, 2]",supplementary_operation,False,excluded
-1,-1,492,982,5,supplementary_operation,1,[5],True,1426,1526380,1527805,1,True,1640.404,1654.654,1640.404,1654.654,14.25,0,0,1425,True,0.01,1.29110837663e-09,0.00999999999954,0.0100000000007,100.0,3,"[0, 1, 2]",supplementary_operation,False,excluded
-1,-1,493,984,5,supplementary_operation,1,[5],True,1787,1529272,1531058,1,True,1669.324,1687.184,1669.324,1687.184,17.86,0,0,1786,True,0.01,1.42579068359e-09,0.00999999999954,0.0100000000007,100.0,3,"[0, 1, 2]",supplementary_operation,False,excluded
-1,-1,494,986,5,supplementary_operation,1,[5],True,1779,1532552,1534330,1,True,1702.124,1720.244,1702.124,1720.244,18.12,0,0,1778,True,0.0101912260967,0.00159706267343,0.00999999999954,0.0300000000007,98.1236203091,3,"[0, 1, 2]",supplementary_operation,False,excluded
-1,-1,495,988,5,supplementary_operation,1,[5],True,988,1535831,1536818,1,True,1735.264,1745.134,1735.264,1745.134,9.87,0,0,987,True,0.01,8.63359133608e-10,0.00999999999954,0.0100000000007,100.0,3,"[0, 1, 2]",supplementary_operation,False,excluded
-1,-1,496,990,5,supplementary_operation,1,[5],True,1835,1538200,1540034,1,True,1758.954,1777.294,1758.954,1777.294,18.34,0,0,1834,True,0.01,1.439978005e-09,0.00999999999954,0.0100000000007,100.0,3,"[0, 1, 2]",supplementary_operation,False,excluded
-1,-1,497,992,5,supplementary_operation,1,[5],True,1446,1541527,1542972,1,True,1792.224,1806.674,1792.224,1806.674,14.45,0,0,1445,True,0.01,1.3375102185e-09,0.00999999999954,0.0100000000004,100.0,3,"[0, 1, 2]",supplementary_operation,False,excluded
-1,-1,498,994,5,supplementary_operation,1,[5],True,1424,1544439,1545862,1,True,1821.344,1835.574,1821.344,1835.574,14.23,0,0,1423,True,0.01,1.35262380804e-09,0.00999999999999,0.0100000000002,100.0,3,"[0, 1, 2]",supplementary_operation,False,excluded
-1,-1,499,996,5,supplementary_operation,1,[5],True,1004,1547332,1548335,1,True,1850.274,1860.304,1850.274,1860.304,10.03,0,0,1003,True,0.01,9.01749205358e-10,0.00999999999999,0.0100000000002,100.0,3,"[0, 1, 2]",supplementary_operation,False,excluded
-1,-1,500,998,5,supplementary_operation,1,[5],True,1342,1549800,1551141,1,True,1874.954,1888.364,1874.954,1888.364,13.41,0,0,1341,True,0.01,1.27526595608e-09,0.00999999999999,0.0100000000002,100.0,3,"[0, 1, 2]",supplementary_operation,False,excluded
-1,-1,501,1000,5,supplementary_operation,1,[5],True,1337,1552583,1553919,1,True,1902.784,1916.144,1902.784,1916.144,13.36,0,0,1336,True,0.01,1.26994123154e-09,0.00999999999999,0.0100000000002,100.0,3,"[0, 1, 2]",supplementary_operation,False,excluded
-1,-1,502,1002,5,supplementary_operation,1,[5],True,1369,1555467,1556835,1,True,1931.624,1945.304,1931.624,1945.304,13.68,0,0,1368,True,0.01,1.30156286614e-09,0.00999999999999,0.0100000000002,100.0,3,"[0, 1, 2]",supplementary_operation,False,excluded
-1,-1,503,1004,5,supplementary_operation,1,[5],True,1023,1558190,1559212,1,True,1958.854,1969.074,1958.854,1969.074,10.22,0,0,1022,True,0.01,9.31322574615e-10,0.00999999999999,0.0100000000002,100.0,2,"[1, 2]",supplementary_operation,False,excluded
-1,-1,504,1006,5,supplementary_operation,1,[5],True,1486,1560659,1562144,1,True,1983.554,1998.404,1983.554,1998.404,14.85,0,0,1485,True,0.01,1.38235535555e-09,0.00999999999999,0.0100000000002,100.0,3,"[0, 1, 2]",supplementary_operation,False,excluded
-1,-1,505,1008,5,supplementary_operation,1,[5],True,1853,1563461,1565313,1,True,2011.574,2030.094,2011.574,2030.094,18.52,0,0,1852,True,0.01,1.56187543937e-09,0.00999999999999,0.0100000000002,100.0,3,"[0, 1, 2]",supplementary_operation,False,excluded
-1,-1,506,1010,5,supplementary_operation,1,[5],True,1842,1566658,1568499,1,True,2043.544,2061.954,2043.544,2061.954,18.41,0,0,1841,True,0.01,7.08126757561e-10,0.00999999999976,0.0100000000002,100.0,3,"[0, 1, 2]",supplementary_operation,False,excluded
-1,-1,507,1012,5,supplementary_operation,1,[5],True,1022,1569880,1570901,1,True,2075.764,2085.974,2075.764,2085.974,10.21,0,0,1021,True,0.01,0.0,0.00999999999976,0.0100000000002,100.0,3,"[0, 1, 2]",supplementary_operation,False,excluded
-1,-1,508,1014,5,supplementary_operation,1,[5],True,1845,1572173,1574017,1,True,2098.694,2117.134,2098.694,2117.134,18.44,0,0,1844,True,0.01,7.9810323664e-10,0.00999999999976,0.0100000000002,100.0,3,"[0, 1, 2]",supplementary_operation,False,excluded
-1,-1,509,1016,5,supplementary_operation,1,[5],True,1845,1575588,1577432,1,True,2132.844,2151.284,2132.844,2151.284,18.44,0,0,1844,True,0.01,7.9810323664e-10,0.00999999999976,0.0100000000002,100.0,3,"[0, 1, 2]",supplementary_operation,False,excluded
-1,-1,510,1018,5,supplementary_operation,1,[5],True,1432,1579006,1580437,1,True,2167.024,2181.334,2167.024,2181.334,14.31,0,0,1431,True,0.01,0.0,0.00999999999976,0.0100000000002,100.0,2,"[1, 2]",supplementary_operation,False,excluded
-1,-1,511,1020,5,supplementary_operation,1,[5],True,1048,1581750,1582797,1,True,2194.604,2205.084,2194.604,2205.084,10.48,0,0,1047,True,0.0100095510984,0.00030890089071,0.00999999999976,0.02,99.9045801527,3,"[0, 1, 2]",supplementary_operation,False,excluded
-1,-1,512,1022,5,supplementary_operation,1,[5],True,1820,1584309,1586128,1,True,2220.204,2238.394,2220.204,2238.394,18.19,0,0,1819,True,0.01,7.72211884697e-10,0.00999999999976,0.0100000000002,100.0,3,"[0, 1, 2]",supplementary_operation,False,excluded
-1,-1,513,1024,5,supplementary_operation,1,[5],True,1834,1587700,1589533,1,True,2254.114,2272.444,2254.114,2272.444,18.33,0,0,1833,True,0.01,7.80937719683e-10,0.00999999999976,0.0100000000002,100.0,3,"[0, 1, 2]",supplementary_operation,False,excluded
-1,-1,514,1026,5,supplementary_operation,1,[5],True,1870,1591104,1592973,1,True,2288.154,2306.844,2288.154,2306.844,18.69,0,0,1869,True,0.01,8.23180634978e-10,0.00999999999976,0.0100000000002,100.0,3,"[0, 1, 2]",supplementary_operation,False,excluded
-1,-1,515,1028,5,supplementary_operation,1,[5],True,1055,1594507,1595561,1,True,2322.184,2332.724,2322.184,2332.724,10.54,0,0,1054,True,0.01,0.0,0.00999999999976,0.0100000000002,100.0,3,"[0, 1, 2]",supplementary_operation,False,excluded
-1,-1,516,1030,5,supplementary_operation,1,[5],True,1822,1597144,1598965,1,True,2348.554,2366.774,2348.554,2366.774,18.22,0,0,1821,True,0.0100054914882,0.000234274893001,0.00999999999976,0.02,99.945115258,3,"[0, 1, 2]",supplementary_operation,False,excluded
-1,-1,517,1032,5,supplementary_operation,1,[5],True,1762,1600480,1602241,1,True,2381.924,2399.534,2381.924,2399.534,17.61,0,0,1761,True,0.01,6.58544507983e-10,0.00999999999976,0.0100000000002,100.0,3,"[0, 1, 2]",supplementary_operation,False,excluded
-1,-1,518,1034,5,supplementary_operation,1,[5],True,1820,1603754,1605573,1,True,2414.664,2432.854,2414.664,2432.854,18.19,0,0,1819,True,0.01,7.72211884697e-10,0.00999999999976,0.0100000000002,100.0,3,"[0, 1, 2]",supplementary_operation,False,excluded
-1,-1,519,1036,5,supplementary_operation,1,[5],True,1048,1607099,1608146,1,True,2448.114,2474.514,2448.114,2474.514,26.4,0,0,1047,True,0.0252148997135,0.492079118905,0.00999999999976,15.94,39.6590909091,3,"[0, 1, 2]",supplementary_operation,False,excluded
-1,-1,520,1038,5,supplementary_operation,1,[5],True,2364,1611247,1613610,1,True,3089.515,3113.285,3089.515,3113.285,23.77,0,0,2363,True,0.0100592467203,0.000870765968836,0.00999999999976,0.0300000000002,99.411022297,3,"[0, 1, 2]",supplementary_operation,False,excluded
-1,-1,521,1040,5,supplementary_operation,1,[5],True,1885,1615075,1616959,1,True,3127.935,3146.775,3127.935,3146.775,18.84,0,0,1884,True,0.01,8.47516335696e-10,0.00999999999976,0.0100000000002,100.0,2,"[1, 2]",supplementary_operation,False,excluded
-1,-1,522,1042,5,supplementary_operation,1,[5],True,1072,1618422,1619493,1,True,3161.405,3172.115,3161.405,3172.115,10.71,0,0,1071,True,0.01,0.0,0.00999999999976,0.0100000000002,100.0,3,"[0, 1, 2]",supplementary_operation,False,excluded
-1,-1,523,1044,5,supplementary_operation,1,[5],True,1386,1620949,1622334,1,True,3186.675,3200.525,3186.675,3200.525,13.85,0,0,1385,True,0.01,0.0,0.00999999999976,0.0100000000002,100.0,3,"[0, 1, 2]",supplementary_operation,False,excluded
-1,-1,524,1046,5,supplementary_operation,1,[5],True,1373,1623762,1625134,1,True,3214.805,3228.525,3214.805,3228.525,13.72,0,0,1372,True,0.01,0.0,0.00999999999976,0.0100000000002,100.0,3,"[0, 1, 2]",supplementary_operation,False,excluded
-1,-1,525,1048,5,supplementary_operation,1,[5],True,1409,1626549,1627957,1,True,3242.675,3256.755,3242.675,3256.755,14.08,0,0,1408,True,0.01,0.0,0.00999999999976,0.0100000000002,100.0,3,"[0, 1, 2]",supplementary_operation,False,excluded
-1,-1,526,1050,5,supplementary_operation,1,[5],True,1106,1629330,1630435,1,True,3270.485,3281.535,3270.485,3281.535,11.05,0,0,1105,True,0.01,0.0,0.00999999999976,0.0100000000002,100.0,3,"[0, 1, 2]",supplementary_operation,False,excluded
-1,-1,527,1052,5,supplementary_operation,1,[5],True,1826,1631750,1633575,1,True,3294.685,3312.935,3294.685,3312.935,18.25,0,0,1825,True,0.01,7.63386316167e-10,0.00999999999976,0.0100000000002,100.0,3,"[0, 1, 2]",supplementary_operation,False,excluded
-1,-1,528,1054,5,supplementary_operation,1,[5],True,1855,1634872,1636726,1,True,3325.905,3344.445,3325.905,3344.445,18.54,0,0,1854,True,0.01,7.9810323664e-10,0.00999999999976,0.0100000000002,100.0,2,"[1, 2]",supplementary_operation,False,excluded
-1,-1,529,1056,5,supplementary_operation,1,[5],True,1806,1637985,1639790,1,True,3357.035,3375.085,3357.035,3375.085,18.05,0,0,1805,True,0.01,7.45421768799e-10,0.00999999999976,0.0100000000002,100.0,2,"[1, 2]",supplementary_operation,False,excluded
-1,-1,530,1058,5,supplementary_operation,1,[5],True,1036,1641073,1642108,1,True,3387.915,3398.265,3387.915,3398.265,10.35,0,0,1035,True,0.01,0.0,0.00999999999976,0.0100000000002,100.0,3,"[0, 1, 2]",supplementary_operation,False,excluded
-1,-1,531,1060,5,supplementary_operation,1,[5],True,1870,1643712,1645581,1,True,3414.305,3432.995,3414.305,3432.995,18.69,0,0,1869,True,0.01,8.23180634978e-10,0.00999999999976,0.0100000000002,100.0,3,"[0, 1, 2]",supplementary_operation,False,excluded
-1,-1,532,1062,5,supplementary_operation,1,[5],True,1867,1647202,1649068,1,True,3449.205,3467.865,3449.205,3467.865,18.66,0,0,1866,True,0.01,8.14907252789e-10,0.00999999999976,0.0100000000002,100.0,3,"[0, 1, 2]",supplementary_operation,False,excluded
-1,-1,533,1064,5,supplementary_operation,1,[5],True,1843,1650698,1652540,1,True,3484.165,3502.585,3484.165,3502.585,18.42,0,0,1842,True,0.01,7.80937719683e-10,0.00999999999976,0.0100000000002,100.0,2,"[1, 2]",supplementary_operation,False,excluded
-1,-1,534,1066,5,supplementary_operation,1,[5],True,1007,1654110,1655116,1,True,3518.285,3528.345,3518.285,3528.345,10.06,0,0,1006,True,0.01,0.0,0.00999999999976,0.0100000000002,100.0,2,"[1, 2]",supplementary_operation,False,excluded
-1,-1,535,1068,5,supplementary_operation,1,[5],True,1482,1656649,1658130,1,True,3543.675,3558.485,3543.675,3558.485,14.81,0,0,1481,True,0.01,0.0,0.00999999999976,0.0100000000002,100.0,3,"[0, 1, 2]",supplementary_operation,False,excluded
-1,-1,536,1070,5,supplementary_operation,1,[5],True,1466,1659387,1660852,1,True,3571.055,3585.705,3571.055,3585.705,14.65,0,0,1465,True,0.01,0.0,0.00999999999976,0.0100000000002,100.0,3,"[0, 1, 2]",supplementary_operation,False,excluded
-1,-1,537,1072,5,supplementary_operation,1,[5],True,1376,1662207,1663582,1,True,3599.255,3613.005,3599.255,3613.005,13.75,0,0,1375,True,0.01,0.0,0.00999999999976,0.0100000000002,100.0,3,"[0, 1, 2]",supplementary_operation,False,excluded
-1,-1,538,1074,5,supplementary_operation,1,[5],True,994,1664847,1665840,1,True,3625.655,3635.585,3625.655,3635.585,9.93,0,0,993,True,0.01,0.0,0.00999999999976,0.0100000000002,100.0,2,"[1, 2]",supplementary_operation,False,excluded
-1,-1,539,1076,5,supplementary_operation,1,[5],True,1199,1667879,1669077,1,True,3655.975,3949.591,3655.975,3949.591,293.616,0,0,1198,True,0.245088480801,8.13322882885,0.00999999999976,281.636,4.08015911939,3,"[0, 1, 2]",supplementary_operation,False,excluded
-1,-1,540,1078,5,supplementary_operation,1,[5],True,1815,1670599,1672413,1,True,3964.811,3982.981,3964.811,3982.981,18.17,0,0,1814,True,0.0100165380375,0.00052474798849,0.00999999999976,0.0300000000002,99.8348926802,3,"[0, 1, 2]",supplementary_operation,False,excluded
-1,-1,541,1080,5,supplementary_operation,1,[5],True,1819,1673942,1675760,1,True,3998.271,4016.451,3998.271,4016.451,18.18,0,0,1818,True,0.01,7.72211884697e-10,0.00999999999976,0.0100000000002,100.0,3,"[0, 1, 2]",supplementary_operation,False,excluded
-1,-1,542,1082,5,supplementary_operation,1,[5],True,1852,1677125,1678976,1,True,4030.101,4048.621,4030.101,4048.621,18.52,0,0,1851,True,0.0100054024851,0.00023236967226,0.00999999999976,0.02,99.9460043197,3,"[0, 1, 2]",supplementary_operation,False,excluded
-1,-1,543,1084,5,supplementary_operation,1,[5],True,1066,1680368,1681433,1,True,4062.541,4073.191,4062.541,4073.191,10.65,0,0,1065,True,0.01,0.0,0.00999999999976,0.0100000000002,100.0,2,"[1, 2]",supplementary_operation,False,excluded
-1,-1,544,1086,5,supplementary_operation,1,[5],True,1841,1682763,1684603,1,True,4086.491,4104.891,4086.491,4104.891,18.4,0,0,1840,True,0.01,7.89567127722e-10,0.0099999999984,0.0100000000011,100.0,3,"[0, 1, 2]",supplementary_operation,False,excluded
-1,-1,545,1088,5,supplementary_operation,1,[5],True,1844,1685979,1687822,1,True,4118.651,4137.081,4118.651,4137.081,18.43,0,0,1843,True,0.01,7.89567127722e-10,0.0099999999984,0.0100000000011,100.0,3,"[0, 1, 2]",supplementary_operation,False,excluded
-1,-1,546,1090,5,supplementary_operation,1,[5],True,1845,1689163,1691007,1,True,4150.491,4168.931,4150.491,4168.931,18.44,0,0,1844,True,0.01,7.89567127722e-10,0.0099999999984,0.0100000000011,100.0,3,"[0, 1, 2]",supplementary_operation,False,excluded
-1,-1,547,1092,5,supplementary_operation,1,[5],True,1058,1692274,1693331,1,True,4181.601,4192.171,4181.601,4192.171,10.57,0,0,1057,True,0.01,0.0,0.0099999999984,0.0100000000011,100.0,3,"[0, 1, 2]",supplementary_operation,False,excluded
-1,-1,548,1094,5,supplementary_operation,1,[5],True,1866,1694779,1696644,1,True,4206.651,4225.311,4206.651,4225.311,18.66,0,0,1865,True,0.0100053619303,0.000231496333984,0.0099999999984,0.0199999999995,99.9464094319,3,"[0, 1, 2]",supplementary_operation,False,excluded
-1,-1,549,1096,5,supplementary_operation,1,[5],True,1829,1698308,1700136,1,True,4241.951,4260.231,4241.951,4260.231,18.28,0,0,1828,True,0.01,7.63386316167e-10,0.0099999999984,0.0100000000011,100.0,3,"[0, 1, 2]",supplementary_operation,False,excluded
-1,-1,550,1098,5,supplementary_operation,1,[5],True,1435,1701706,1703140,1,True,4275.931,4290.271,4275.931,4290.271,14.34,0,0,1434,True,0.01,0.0,0.0099999999984,0.0100000000011,100.0,3,"[0, 1, 2]",supplementary_operation,False,excluded
-1,-1,551,1100,5,supplementary_operation,1,[5],True,1022,1704430,1705451,1,True,4303.171,4313.381,4303.171,4313.381,10.21,0,0,1021,True,0.01,0.0,0.0099999999984,0.0100000000011,100.0,2,"[1, 2]",supplementary_operation,False,excluded
-1,-1,552,1102,5,supplementary_operation,1,[5],True,1823,1707037,1708859,1,True,4329.271,4347.491,4329.271,4347.491,18.22,0,0,1822,True,0.01,7.72211884697e-10,0.0099999999984,0.0100000000011,100.0,3,"[0, 1, 2]",supplementary_operation,False,excluded
-1,-1,553,1104,5,supplementary_operation,1,[5],True,1886,1710392,1712277,1,True,4362.821,4381.681,4362.821,4381.681,18.86,0,0,1885,True,0.0100053050398,0.000230265617159,0.0099999999984,0.0200000000013,99.9469777306,3,"[0, 1, 2]",supplementary_operation,False,excluded
-1,-1,554,1106,5,supplementary_operation,1,[5],True,1834,1713794,1715627,1,True,4396.851,4415.181,4396.851,4415.181,18.33,0,0,1833,True,0.01,7.80937719683e-10,0.0099999999984,0.0100000000011,100.0,3,"[0, 1, 2]",supplementary_operation,False,excluded
-1,-1,555,1108,5,supplementary_operation,1,[5],True,996,1716994,1717989,1,True,4428.851,4438.801,4428.851,4438.801,9.95,0,0,995,True,0.01,0.0,0.0099999999984,0.0100000000011,100.0,3,"[0, 1, 2]",supplementary_operation,False,excluded
-1,-1,556,1110,5,supplementary_operation,1,[5],True,1851,1719332,1721182,1,True,4452.231,4470.731,4452.231,4470.731,18.5,0,0,1850,True,0.01,7.9810323664e-10,0.0099999999984,0.0100000000011,100.0,3,"[0, 1, 2]",supplementary_operation,False,excluded
-1,-1,557,1112,5,supplementary_operation,1,[5],True,1842,1722546,1724387,1,True,4484.371,4502.781,4484.371,4502.781,18.41,0,0,1841,True,0.01,7.9810323664e-10,0.0099999999984,0.0100000000011,100.0,3,"[0, 1, 2]",supplementary_operation,False,excluded
-1,-1,558,1114,5,supplementary_operation,1,[5],True,1771,1726029,1727799,1,True,6732.565,6750.275,6732.565,6750.275,17.71,0,0,1770,True,0.0100056497175,0.000237624190306,0.00999999999749,0.0199999999986,99.9435347261,3,"[0, 1, 2]",supplementary_operation,False,excluded
-1,-1,559,1116,5,supplementary_operation,1,[5],True,1527,1729222,1730748,1,True,6764.505,6779.765,6764.505,6779.765,15.26,0,0,1526,True,0.01,4.35586248847e-10,0.00999999999749,0.0100000000029,100.0,2,"[1, 2]",supplementary_operation,False,excluded
-1,-1,560,1118,5,supplementary_operation,1,[5],True,1010,1731997,1733006,1,True,6792.255,6802.345,6792.255,6802.345,10.09,0,0,1009,True,0.01,0.0,0.00999999999749,0.0100000000029,100.0,3,"[0, 1, 2]",supplementary_operation,False,excluded
-1,-1,561,1120,5,supplementary_operation,1,[5],True,1545,1734477,1736021,1,True,6817.055,6832.495,6817.055,6832.495,15.44,0,0,1544,True,0.01,4.79992668333e-10,0.00999999999749,0.0100000000029,100.0,2,"[1, 2]",supplementary_operation,False,excluded
-1,-1,562,1122,5,supplementary_operation,1,[5],True,1517,1737217,1738733,1,True,6844.455,6859.615,6844.455,6859.615,15.16,0,0,1516,True,0.01,2.85158136718e-10,0.00999999999749,0.0100000000029,100.0,3,"[0, 1, 2]",supplementary_operation,False,excluded
-1,-1,563,1124,5,supplementary_operation,1,[5],True,1443,1740037,1741479,1,True,6872.655,6887.075,6872.655,6887.075,14.42,0,0,1442,True,0.01,0.0,0.00999999999749,0.0100000000029,100.0,3,"[0, 1, 2]",supplementary_operation,False,excluded
-1,-1,564,1126,5,supplementary_operation,1,[5],True,1423,1742845,1744267,1,True,6900.735,6914.965,6900.735,6914.965,14.23,0,0,1422,True,0.0100070323488,0.000265092501042,0.00999999999749,0.0199999999995,99.9297259311,3,"[0, 1, 2]",supplementary_operation,False,excluded
-1,-1,565,1128,5,supplementary_operation,1,[5],True,1449,1745737,1747185,1,True,6929.685,6944.165,6929.685,6944.165,14.48,0,0,1448,True,0.01,0.0,0.00999999999749,0.0100000000029,100.0,3,"[0, 1, 2]",supplementary_operation,False,excluded
-1,-1,566,1130,5,supplementary_operation,1,[5],True,1383,1748530,1749912,1,True,6957.915,6972.025,6957.915,6972.025,14.11,0,0,1382,True,0.0102098408104,0.00198386147254,0.00999999999749,0.04,97.9447200567,3,"[0, 1, 2]",supplementary_operation,False,excluded
-1,-1,567,1132,5,supplementary_operation,1,[5],True,1408,1751648,1753055,1,True,6989.605,7003.935,6989.605,7003.935,14.33,0,0,1407,True,0.010184790334,0.00205675590593,0.00999999999749,0.0400000000009,98.1856245638,3,"[0, 1, 2]",supplementary_operation,False,excluded
-1,-1,568,1134,5,supplementary_operation,1,[5],True,1363,1754811,1756173,1,True,7445.184,7458.804,7445.184,7458.804,13.62,0,0,1362,True,0.01,0.0,0.00999999999749,0.0100000000039,100.0,3,"[0, 1, 2]",supplementary_operation,False,excluded
-1,-1,569,1136,5,supplementary_operation,1,[5],True,1018,1757931,1758948,1,True,7476.384,7486.554,7476.384,7486.554,10.17,0,0,1017,True,0.01,0.0,0.00999999999749,0.0100000000039,100.0,3,"[0, 1, 2]",supplementary_operation,False,excluded
-1,-1,570,1138,5,supplementary_operation,1,[5],True,1082,1760614,1761695,1,True,7503.224,7514.034,7503.224,7514.034,10.81,0,0,1081,True,0.01,0.0,0.00999999999749,0.0100000000039,100.0,3,"[0, 1, 2]",supplementary_operation,False,excluded
-1,-1,571,1140,5,supplementary_operation,1,[5],True,1717,1763333,1765049,1,True,7530.454,7547.664,7530.454,7547.664,17.21,0,0,1716,True,0.0100291375291,0.000638025400941,0.00999999999749,0.0299999999961,99.7094712377,3,"[0, 1, 2]",supplementary_operation,False,excluded
-1,-1,572,1142,5,supplementary_operation,1,[5],True,1627,1766745,1768371,1,True,7564.624,7580.884,7564.624,7580.884,16.26,0,0,1626,True,0.01,0.0,0.00999999999749,0.0100000000039,100.0,3,"[0, 1, 2]",supplementary_operation,False,excluded
-1,-1,573,1144,5,supplementary_operation,1,[5],True,1024,1770114,1771137,1,True,7598.314,7608.544,7598.314,7608.544,10.23,0,0,1023,True,0.01,0.0,0.00999999999749,0.0100000000039,100.0,3,"[0, 1, 2]",supplementary_operation,False,excluded
-1,-1,574,1146,5,supplementary_operation,1,[5],True,1638,1772793,1774430,1,True,7625.184,7641.554,7625.184,7641.554,16.37,0,0,1637,True,0.01,0.0,0.00999999999749,0.0100000000039,100.0,3,"[0, 1, 2]",supplementary_operation,False,excluded
-1,-1,575,1148,5,supplementary_operation,1,[5],True,1672,1776243,1777914,1,True,7659.754,7676.464,7659.754,7676.464,16.71,0,0,1671,True,0.01,0.0,0.00999999999749,0.0100000000039,100.0,3,"[0, 1, 2]",supplementary_operation,False,excluded
-1,-1,576,1150,5,supplementary_operation,1,[5],True,1614,1779623,1781236,1,True,7693.744,7709.874,7693.744,7709.874,16.13,0,0,1613,True,0.01,0.0,0.00999999999749,0.0100000000039,100.0,2,"[1, 2]",supplementary_operation,False,excluded
-1,-1,577,1152,5,supplementary_operation,1,[5],True,1586,1782970,1784555,1,True,7727.214,7743.064,7727.214,7743.064,15.85,0,0,1585,True,0.01,0.0,0.00999999999749,0.0100000000039,100.0,3,"[0, 1, 2]",supplementary_operation,False,excluded
-1,-1,578,1154,5,supplementary_operation,1,[5],True,1591,1786307,1787897,1,True,7760.584,7776.604,7760.584,7776.604,16.02,0,0,1590,True,0.0100754716981,0.0011190020813,0.00999999999749,0.0399999999981,99.2509363296,3,"[0, 1, 2]",supplementary_operation,False,excluded
-1,-1,579,1156,5,supplementary_operation,1,[5],True,982,1789713,1790694,1,True,7794.984,7804.794,7794.984,7804.794,9.81,0,0,981,True,0.01,0.0,0.00999999999749,0.0100000000039,100.0,3,"[0, 1, 2]",supplementary_operation,False,excluded
-1,-1,580,1158,5,supplementary_operation,1,[5],True,1518,1792336,1793853,1,True,7821.574,7836.894,7821.574,7836.894,15.32,0,0,1517,True,0.0100988793672,0.00155860426688,0.00999999999749,0.0499999999984,99.0208877285,3,"[0, 1, 2]",supplementary_operation,False,excluded
-1,-1,581,1160,5,supplementary_operation,1,[5],True,1607,1795538,1797144,1,True,7853.814,7869.954,7853.814,7869.954,16.14,0,0,1606,True,0.0100498132005,0.000996886480466,0.00999999999749,0.04,99.5043370508,2,"[1, 2]",supplementary_operation,False,excluded
-1,-1,582,1162,5,supplementary_operation,1,[5],True,1601,1798821,1800421,1,True,7886.724,7902.814,7886.724,7902.814,16.09,0,0,1600,True,0.01005625,0.000899631000841,0.00999999999749,0.0300000000025,99.4406463642,3,"[0, 1, 2]",supplementary_operation,False,excluded
-1,-1,583,1164,5,supplementary_operation,1,[5],True,1571,1802375,1803945,1,True,7922.384,7938.244,7922.384,7938.244,15.86,0,0,1570,True,0.010101910828,0.00106588507754,0.00999999999749,0.0299999999961,98.9911727617,3,"[0, 1, 2]",supplementary_operation,False,excluded
-1,-1,584,1166,5,supplementary_operation,1,[5],True,1583,1805673,1807255,1,True,7955.524,7971.524,7955.524,7971.524,16.0,0,0,1582,True,0.0101137800253,0.00207012333368,0.00999999999749,0.0799999999999,98.875,2,"[1, 2]",supplementary_operation,False,excluded
-1,-1,585,1168,5,supplementary_operation,1,[5],True,1466,1808927,1810392,1,True,7988.424,8003.204,7988.424,8003.204,14.78,0,0,1465,True,0.0100887372014,0.0012498366211,0.00999999999749,0.0400000000018,99.1204330176,3,"[0, 1, 2]",supplementary_operation,False,excluded
-1,-1,586,1170,5,supplementary_operation,1,[5],True,1489,1812118,1813606,1,True,8020.464,8035.344,8020.464,8035.344,14.88,0,0,1488,True,0.01,0.0,0.00999999999749,0.0100000000039,100.0,3,"[0, 1, 2]",supplementary_operation,False,excluded
-1,-1,587,1172,5,supplementary_operation,1,[5],True,1566,1815319,1816884,1,True,8052.474,8068.124,8052.474,8068.124,15.65,0,0,1565,True,0.01,0.0,0.00999999999749,0.0100000000039,100.0,3,"[0, 1, 2]",supplementary_operation,False,excluded
-1,-1,588,1174,5,supplementary_operation,1,[5],True,1541,1818208,1819748,1,True,8081.364,8096.824,8081.364,8096.824,15.46,0,0,1540,True,0.010038961039,0.000804880542005,0.00999999999749,0.0300000000025,99.6119016818,3,"[0, 1, 2]",supplementary_operation,False,excluded
-1,-1,589,1176,5,supplementary_operation,1,[5],True,1549,1821012,1822560,1,True,8109.634,8125.384,8109.634,8125.384,15.75,0,0,1548,True,0.0101744186047,0.00177057979972,0.00999999999749,0.04,98.2857142857,3,"[0, 1, 2]",supplementary_operation,False,excluded
-1,-1,590,1178,5,supplementary_operation,1,[5],True,1474,1823827,1825300,1,True,8138.074,8152.874,8138.074,8152.874,14.8,0,0,1473,True,0.0100475220638,0.000862853951688,0.00999999999749,0.0299999999997,99.527027027,2,"[1, 2]",supplementary_operation,False,excluded
-1,-1,591,1180,5,supplementary_operation,1,[5],True,1466,1826594,1828059,1,True,8166.004,8180.654,8166.004,8180.654,14.65,0,0,1465,True,0.01,0.0,0.00999999999749,0.0100000000039,100.0,3,"[0, 1, 2]",supplementary_operation,False,excluded
-1,-1,592,1182,5,supplementary_operation,1,[5],True,1483,1829277,1830759,1,True,8192.834,8207.654,8192.834,8207.654,14.82,0,0,1482,True,0.01,0.0,0.0099999999984,0.010000000002,100.0,3,"[0, 1, 2]",supplementary_operation,False,excluded
-1,-1,593,1184,5,supplementary_operation,1,[5],True,1396,1831980,1833375,1,True,8220.034,8234.194,8220.034,8234.194,14.16,0,0,1395,True,0.0101505376344,0.00190610923066,0.0099999999984,0.0600000000013,98.5169491525,3,"[0, 1, 2]",supplementary_operation,False,excluded
-1,-1,594,1186,5,supplementary_operation,1,[5],True,1431,1834704,1836134,1,True,8247.554,8261.954,8247.554,8261.954,14.4,0,0,1430,True,0.0100699300699,0.00123837446833,0.0099999999984,0.0400000000009,99.3055555556,3,"[0, 1, 2]",supplementary_operation,False,excluded
-1,-1,595,1188,5,supplementary_operation,1,[5],True,1396,1837509,1838904,1,True,8275.704,8289.654,8275.704,8289.654,13.95,0,0,1395,True,0.01,0.0,0.0099999999984,0.010000000002,100.0,3,"[0, 1, 2]",supplementary_operation,False,excluded
-1,-1,596,1190,5,supplementary_operation,1,[5],True,1427,1840616,1842042,1,True,8306.834,8321.094,8306.834,8321.094,14.26,0,0,1426,True,0.01,0.0,0.0099999999984,0.010000000002,100.0,2,"[1, 2]",supplementary_operation,False,excluded
-1,-1,597,1192,5,supplementary_operation,1,[5],True,1352,1843792,1845143,1,True,8338.614,8352.134,8338.614,8352.134,13.52,0,0,1351,True,0.0100074019245,0.000271964072118,0.0099999999984,0.0200000000004,99.926035503,3,"[0, 1, 2]",supplementary_operation,False,excluded
-1,-1,598,1194,5,supplementary_operation,1,[5],True,1599,1846874,1848472,1,True,8369.524,8386.704,8369.524,8386.704,17.18,0,0,1598,True,0.0107509386733,0.00643144621145,0.0099999999984,0.090000000002,93.0151338766,2,"[1, 2]",supplementary_operation,False,excluded
-1,-1,599,1196,5,supplementary_operation,1,[5],True,1703,1850054,1851756,1,True,8404.894,8422.054,8404.894,8422.054,17.16,0,0,1702,True,0.0100822561692,0.00108088947362,0.0099999999984,0.0300000000007,99.1841491842,3,"[0, 1, 2]",supplementary_operation,False,excluded
-1,-1,600,1198,5,supplementary_operation,1,[5],True,1083,1853419,1854501,1,True,8439.084,8449.924,8439.084,8449.924,10.84,0,0,1082,True,0.0100184842884,0.000429536045769,0.0099999999984,0.0200000000004,99.815498155,3,"[0, 1, 2]",supplementary_operation,False,excluded
-1,-1,601,1200,5,supplementary_operation,1,[5],True,1627,1856471,1858097,1,True,8469.654,8486.024,8469.654,8486.024,16.37,0,0,1626,True,0.0100676506765,0.000958087997499,0.0099999999984,0.0299999999988,99.3280390959,2,"[1, 2]",supplementary_operation,False,excluded
-1,-1,602,1202,5,supplementary_operation,1,[5],True,1687,1859842,1861528,1,True,8503.494,8520.554,8503.494,8520.554,17.06,0,0,1686,True,0.010118623962,0.0015357107789,0.0099999999984,0.0400000000009,98.8276670574,2,"[1, 2]",supplementary_operation,False,excluded
-1,-1,603,1204,5,supplementary_operation,1,[5],True,1715,1863351,1865065,1,True,8538.784,8555.954,8538.784,8555.954,17.17,0,0,1714,True,0.0100175029172,0.000539823057817,0.0099999999984,0.0299999999988,99.8252766453,2,"[1, 2]",supplementary_operation,False,excluded
-1,-1,604,1206,5,supplementary_operation,1,[5],True,1718,1866756,1868473,1,True,8572.944,8590.194,8572.944,8590.194,17.25,0,0,1717,True,0.0100465928946,0.00096420277631,0.0099999999984,0.0399999999991,99.5362318841,3,"[0, 1, 2]",supplementary_operation,False,excluded
-1,-1,605,1208,5,supplementary_operation,1,[5],True,1682,1870239,1871920,1,True,8607.864,8624.674,8607.864,8624.674,16.81,0,0,1681,True,0.01,6.48173080155e-10,0.0099999999984,0.010000000002,100.0,3,"[0, 1, 2]",supplementary_operation,False,excluded
-1,-1,606,1210,5,supplementary_operation,1,[5],True,2064,1873625,1875688,1,True,8641.724,9180.695,8641.724,9180.695,538.971,0,0,2063,True,0.261255937954,11.4080224365,0.0099999999984,518.291,3.82766419715,3,"[0, 1, 2]",supplementary_operation,False,excluded
-1,-1,607,1212,5,supplementary_operation,1,[5],True,1656,1877381,1879036,1,True,9197.645,9214.195,9197.645,9214.195,16.55,0,0,1655,True,0.01,6.98491930962e-10,0.0099999999984,0.0100000000002,100.0,3,"[0, 1, 2]",supplementary_operation,False,excluded
-1,-1,608,1214,5,supplementary_operation,1,[5],True,1583,1880853,1882435,1,True,9232.365,9248.295,9232.365,9248.295,15.93,0,0,1582,True,0.0100695322377,0.000903830678228,0.0099999999984,0.0299999999988,99.3094789705,3,"[0, 1, 2]",supplementary_operation,False,excluded
-1,-1,609,1216,5,supplementary_operation,1,[5],True,1593,1884147,1885739,1,True,9265.645,9281.605,9265.645,9281.605,15.96,0,0,1592,True,0.0100251256281,0.000500624594099,0.0099999999984,0.0200000000004,99.7493734336,3,"[0, 1, 2]",supplementary_operation,False,excluded
-1,-1,610,1218,5,supplementary_operation,1,[5],True,1515,1887502,1889016,1,True,9299.245,9314.385,9299.245,9314.385,15.14,0,0,1514,True,0.01,0.0,0.0099999999984,0.0100000000002,100.0,2,"[1, 2]",supplementary_operation,False,excluded
-1,-1,611,1220,5,supplementary_operation,1,[5],True,1551,1890756,1892306,1,True,9331.805,9347.305,9331.805,9347.305,15.5,0,0,1550,True,0.01,0.0,0.0099999999984,0.0100000000002,100.0,3,"[0, 1, 2]",supplementary_operation,False,excluded
-1,-1,612,1222,5,supplementary_operation,1,[5],True,1555,1894033,1895587,1,True,9364.575,9380.115,9364.575,9380.115,15.54,0,0,1554,True,0.01,0.0,0.0099999999984,0.0100000000002,100.0,3,"[0, 1, 2]",supplementary_operation,False,excluded
-1,-1,613,1224,5,supplementary_operation,1,[5],True,1572,1897302,1898873,1,True,9397.265,9412.975,9397.265,9412.975,15.71,0,0,1571,True,0.01,3.08005990352e-10,0.0099999999984,0.0100000000002,100.0,3,"[0, 1, 2]",supplementary_operation,False,excluded
-1,-1,614,1226,5,supplementary_operation,1,[5],True,1452,1900166,1901617,1,True,9425.915,9440.595,9425.915,9440.595,14.68,0,0,1451,True,0.0101171605789,0.00140886303061,0.0099999999984,0.0400000000009,98.8419618529,3,"[0, 1, 2]",supplementary_operation,False,excluded
-1,-1,615,1228,5,supplementary_operation,1,[5],True,1447,1902986,1904432,1,True,9454.465,9469.075,9454.465,9469.075,14.61,0,0,1446,True,0.0101037344398,0.00131078087284,0.0099999999984,0.0400000000009,98.9733059548,3,"[0, 1, 2]",supplementary_operation,False,excluded
-1,-1,616,1230,5,supplementary_operation,1,[5],True,1420,1905703,1907122,1,True,9481.785,9495.975,9481.785,9495.975,14.19,0,0,1419,True,0.01,0.0,0.0099999999984,0.0100000000002,100.0,2,"[1, 2]",supplementary_operation,False,excluded
-1,-1,617,1232,5,supplementary_operation,1,[5],True,1420,1908589,1910008,1,True,9510.645,9525.185,9510.645,9525.185,14.54,0,0,1419,True,0.0102466525722,0.00184181935047,0.0099999999984,0.0399999999991,97.5928473178,3,"[0, 1, 2]",supplementary_operation,False,excluded
-1,-1,618,1234,5,supplementary_operation,1,[5],True,1390,1911487,1912876,1,True,9540.185,9554.445,9540.185,9554.445,14.26,0,0,1389,True,0.0102663786897,0.00185923644981,0.0099999999984,0.0400000000009,97.4053295933,3,"[0, 1, 2]",supplementary_operation,False,excluded
-1,-1,619,1236,5,supplementary_operation,1,[5],True,1391,1914503,1915893,1,True,9571.055,9585.165,9571.055,9585.165,14.11,0,0,1390,True,0.0101510791367,0.00148572908761,0.0099999999984,0.0399999999991,98.5116938342,2,"[1, 2]",supplementary_operation,False,excluded
-1,-1,620,1238,5,supplementary_operation,1,[5],True,1422,1917665,1919086,1,True,9602.915,9617.205,9602.915,9617.205,14.29,0,0,1421,True,0.0100562983814,0.000748207395354,0.0099999999984,0.0200000000004,99.4401679496,2,"[1, 2]",supplementary_operation,False,excluded
-1,-1,621,1240,5,supplementary_operation,1,[5],True,1693,1920821,1922513,1,True,9634.835,9652.055,9634.835,9652.055,17.22,0,0,1692,True,0.0101773049645,0.0018105953775,0.0099999999984,0.0400000000009,98.2578397212,3,"[0, 1, 2]",supplementary_operation,False,excluded
-1,-1,622,1242,5,supplementary_operation,1,[5],True,1695,1924270,1925964,1,True,9702.815,9720.105,9702.815,9720.105,17.29,0,0,1694,True,0.0102066115702,0.0016528187705,0.0099999999984,0.0400000000009,97.975708502,2,"[1, 2]",supplementary_operation,False,excluded
-1,-1,623,1244,5,supplementary_operation,1,[5],True,1694,1927759,1929452,1,True,9738.055,9755.285,9738.055,9755.285,17.23,0,0,1693,True,0.0101772002363,0.00131931892996,0.0099999999984,0.0200000000004,98.2588508416,2,"[1, 2]",supplementary_operation,False,excluded
-1,-1,624,1246,5,supplementary_operation,1,[5],True,1673,1931251,1932923,1,True,9773.275,9790.165,9773.275,9790.165,16.89,0,0,1672,True,0.0101016746411,0.00131305446499,0.0099999999984,0.0399999999991,98.9934872706,3,"[0, 1, 2]",supplementary_operation,False,excluded
-1,-1,625,1248,5,supplementary_operation,1,[5],True,1668,1934762,1936429,1,True,9808.775,9825.625,9808.775,9825.625,16.85,0,0,1667,True,0.0101079784043,0.00129151257501,0.0099999999984,0.0399999999991,98.9317507418,2,"[1, 2]",supplementary_operation,False,excluded
-1,-1,626,1250,5,supplementary_operation,1,[5],True,1580,1938164,1939743,1,True,9843.285,9859.435,9843.285,9859.435,16.15,0,0,1579,True,0.0102279924003,0.00200030439986,0.0099999999984,0.0400000000009,97.7708978328,3,"[0, 1, 2]",supplementary_operation,False,excluded
-1,-1,627,1252,5,supplementary_operation,1,[5],True,1597,1941456,1943052,1,True,9876.785,9892.965,9876.785,9892.965,16.18,0,0,1596,True,0.0101378446115,0.00140925916511,0.0099999999984,0.0400000000009,98.6402966625,3,"[0, 1, 2]",supplementary_operation,False,excluded
-1,-1,628,1254,5,supplementary_operation,1,[5],True,1620,1944729,1946348,1,True,9910.155,9926.465,9910.155,9926.465,16.31,0,0,1619,True,0.0100741198271,0.00116334420841,0.0099999999984,0.0399999999991,99.2642550582,3,"[0, 1, 2]",supplementary_operation,False,excluded
-1,-1,629,1256,5,supplementary_operation,1,[5],True,1631,1948598,1950228,1,True,9949.165,9965.585,9949.165,9965.585,16.42,0,0,1630,True,0.0100736196319,0.00104827221099,0.0099999999984,0.0400000000009,99.2691839221,3,"[0, 1, 2]",supplementary_operation,False,excluded
-1,-1,630,1258,5,supplementary_operation,1,[5],True,1432,1952337,1953768,1,True,9986.955,10001.615,9986.955,10001.615,14.66,0,0,1431,True,0.0102445842068,0.00187192944996,0.0099999999984,0.0400000000009,97.6125511596,2,"[1, 2]",supplementary_operation,False,excluded
-1,-1,631,1260,5,supplementary_operation,1,[5],True,1494,1955496,1956989,1,True,10018.965,10033.935,10018.965,10033.935,14.97,0,0,1493,True,0.0100267916946,0.000633370052736,0.0099999999984,0.0299999999988,99.7327989312,3,"[0, 1, 2]",supplementary_operation,False,excluded
-1,-1,632,1262,5,supplementary_operation,1,[5],True,1487,1958716,1960202,1,True,10051.335,10066.225,10051.335,10066.225,14.89,0,0,1486,True,0.0100201884253,0.00044886153826,0.0099999999984,0.0200000000004,99.7985224983,3,"[0, 1, 2]",supplementary_operation,False,excluded
-1,-1,633,1264,5,supplementary_operation,1,[5],True,1464,1961936,1963399,1,True,10083.585,10098.295,10083.585,10098.295,14.71,0,0,1463,True,0.0100546821599,0.000976702442132,0.0099999999984,0.0400000000009,99.4561522774,3,"[0, 1, 2]",supplementary_operation,False,excluded
-1,-1,634,1266,5,supplementary_operation,1,[5],True,1401,1965174,1966574,1,True,10116.125,10130.215,10116.125,10130.215,14.09,0,0,1400,True,0.0100642857143,0.000884071056328,0.0099999999984,0.0299999999988,99.3612491128,3,"[0, 1, 2]",supplementary_operation,False,excluded
-1,-1,635,1268,5,supplementary_operation,1,[5],True,1423,1968278,1969700,1,True,10147.275,10161.525,10147.275,10161.525,14.25,0,0,1422,True,0.0100210970464,0.000458830446636,0.0099999999984,0.0200000000004,99.7894736842,3,"[0, 1, 2]",supplementary_operation,False,excluded
-1,-1,636,1270,5,supplementary_operation,1,[5],True,1395,1971381,1972775,1,True,10178.455,10192.545,10178.455,10192.545,14.09,0,0,1394,True,0.0101076040172,0.00103172745806,0.0099999999984,0.0200000000004,98.9354151881,3,"[0, 1, 2]",supplementary_operation,False,excluded
-1,-1,637,1272,5,supplementary_operation,1,[5],True,1700,1974489,1976188,1,True,10210.055,10227.295,10210.055,10227.295,17.24,0,0,1699,True,0.0101471453796,0.00125200572575,0.0099999999984,0.0300000000007,98.5498839907,3,"[0, 1, 2]",supplementary_operation,False,excluded
-1,-1,638,1274,5,supplementary_operation,1,[5],True,1023,1977901,1978923,1,True,10244.465,10254.725,10244.465,10254.725,10.26,0,0,1022,True,0.0100391389432,0.000624385758649,0.0099999999984,0.0200000000004,99.6101364522,3,"[0, 1, 2]",supplementary_operation,False,excluded
-1,-1,639,1276,5,supplementary_operation,1,[5],True,1691,1980397,1982087,1,True,10269.515,10286.485,10269.515,10286.485,16.97,0,0,1690,True,0.0100414201183,0.000642250385131,0.0099999999984,0.0200000000004,99.5875073659,3,"[0, 1, 2]",supplementary_operation,False,excluded
-1,-1,640,1278,5,supplementary_operation,1,[5],True,1666,1983832,1985497,1,True,10303.935,10320.595,10303.935,10320.595,16.66,0,0,1665,True,0.010006006006,0.000244997934554,0.0099999999984,0.0199999999986,99.9399759904,3,"[0, 1, 2]",supplementary_operation,False,excluded
-1,-1,641,1280,5,supplementary_operation,1,[5],True,1666,1987236,1988901,1,True,10338.005,10354.705,10338.005,10354.705,16.7,0,0,1665,True,0.01003003003,0.000547173187941,0.0099999999984,0.0200000000004,99.7005988024,3,"[0, 1, 2]",supplementary_operation,False,excluded
-1,-1,642,1282,5,supplementary_operation,1,[5],True,1664,1990779,1992442,1,True,10373.485,10390.115,10373.485,10390.115,16.63,0,0,1663,True,0.01,7.27013451792e-10,0.0099999999984,0.0100000000002,100.0,2,"[1, 2]",supplementary_operation,False,excluded
-1,-1,643,1284,5,supplementary_operation,1,[5],True,1026,1994176,1995201,1,True,10407.465,10417.715,10407.465,10417.715,10.25,0,0,1025,True,0.01,0.0,0.0099999999984,0.0100000000002,100.0,3,"[0, 1, 2]",supplementary_operation,False,excluded
-1,-1,644,1286,5,supplementary_operation,1,[5],True,1513,1996688,1998200,1,True,10432.595,10447.715,10432.595,10447.715,15.12,0,0,1512,True,0.01,0.0,0.0099999999984,0.0100000000002,100.0,3,"[0, 1, 2]",supplementary_operation,False,excluded
-1,-1,645,1288,5,supplementary_operation,1,[5],True,1436,1999949,2001384,1,True,10465.215,10479.565,10465.215,10479.565,14.35,0,0,1435,True,0.01,0.0,0.0099999999984,0.0100000000002,100.0,2,"[1, 2]",supplementary_operation,False,excluded
-1,-1,646,1290,5,supplementary_operation,1,[5],True,1682,2003107,2004788,1,True,10496.795,10513.605,10496.795,10513.605,16.81,0,0,1681,True,0.01,7.72211884697e-10,0.0099999999984,0.0100000000002,100.0,3,"[0, 1, 2]",supplementary_operation,False,excluded
-1,-1,647,1291,5,supplementary_operation,1,[5],True,1771,2004789,2006559,1,True,6732.565,6750.275,6732.565,6750.275,17.71,0,0,1770,True,0.0100056497175,0.000237624190306,0.00999999999749,0.0199999999986,99.9435347261,3,"[0, 1, 2]",supplementary_operation,False,excluded
-1,-1,648,1293,5,supplementary_operation,1,[5],True,1527,2007982,2009508,1,True,6764.505,6779.765,6764.505,6779.765,15.26,0,0,1526,True,0.01,4.35586248847e-10,0.00999999999749,0.0100000000029,100.0,2,"[1, 2]",supplementary_operation,False,excluded
-1,-1,649,1295,5,supplementary_operation,1,[5],True,1010,2010757,2011766,1,True,6792.255,6802.345,6792.255,6802.345,10.09,0,0,1009,True,0.01,0.0,0.00999999999749,0.0100000000029,100.0,3,"[0, 1, 2]",supplementary_operation,False,excluded
-1,-1,650,1297,5,supplementary_operation,1,[5],True,1545,2013237,2014781,1,True,6817.055,6832.495,6817.055,6832.495,15.44,0,0,1544,True,0.01,4.79992668333e-10,0.00999999999749,0.0100000000029,100.0,2,"[1, 2]",supplementary_operation,False,excluded
-1,-1,651,1299,5,supplementary_operation,1,[5],True,1517,2015977,2017493,1,True,6844.455,6859.615,6844.455,6859.615,15.16,0,0,1516,True,0.01,2.85158136718e-10,0.00999999999749,0.0100000000029,100.0,3,"[0, 1, 2]",supplementary_operation,False,excluded
-1,-1,652,1301,5,supplementary_operation,1,[5],True,1443,2018797,2020239,1,True,6872.655,6887.075,6872.655,6887.075,14.42,0,0,1442,True,0.01,0.0,0.00999999999749,0.0100000000029,100.0,3,"[0, 1, 2]",supplementary_operation,False,excluded
-1,-1,653,1303,5,supplementary_operation,1,[5],True,1423,2021605,2023027,1,True,6900.735,6914.965,6900.735,6914.965,14.23,0,0,1422,True,0.0100070323488,0.000265092501042,0.00999999999749,0.0199999999995,99.9297259311,3,"[0, 1, 2]",supplementary_operation,False,excluded
-1,-1,654,1305,5,supplementary_operation,1,[5],True,1449,2024497,2025945,1,True,6929.685,6944.165,6929.685,6944.165,14.48,0,0,1448,True,0.01,0.0,0.00999999999749,0.0100000000029,100.0,3,"[0, 1, 2]",supplementary_operation,False,excluded
-1,-1,655,1307,5,supplementary_operation,1,[5],True,1383,2027290,2028672,1,True,6957.915,6972.025,6957.915,6972.025,14.11,0,0,1382,True,0.0102098408104,0.00198386147254,0.00999999999749,0.04,97.9447200567,3,"[0, 1, 2]",supplementary_operation,False,excluded
-1,-1,656,1309,5,supplementary_operation,1,[5],True,1408,2030408,2031815,1,True,6989.605,7003.935,6989.605,7003.935,14.33,0,0,1407,True,0.010184790334,0.00205675590593,0.00999999999749,0.0400000000009,98.1856245638,3,"[0, 1, 2]",supplementary_operation,False,excluded
-1,-1,657,1311,5,supplementary_operation,1,[5],True,1266,2033571,2034836,1,True,7021.645,7426.614,7021.645,7426.614,404.969,0,0,1265,True,0.320133596838,11.0261108161,0.00999999999749,392.329,3.12369588783,3,"[0, 1, 2]",supplementary_operation,False,excluded
-1,-1,658,1313,5,supplementary_operation,1,[5],True,1363,2036693,2038055,1,True,7445.184,7458.804,7445.184,7458.804,13.62,0,0,1362,True,0.01,0.0,0.00999999999749,0.0100000000039,100.0,3,"[0, 1, 2]",supplementary_operation,False,excluded
-1,-1,659,1315,5,supplementary_operation,1,[5],True,1018,2039813,2040830,1,True,7476.384,7486.554,7476.384,7486.554,10.17,0,0,1017,True,0.01,0.0,0.00999999999749,0.0100000000039,100.0,3,"[0, 1, 2]",supplementary_operation,False,excluded
-1,-1,660,1317,5,supplementary_operation,1,[5],True,1082,2042496,2043577,1,True,7503.224,7514.034,7503.224,7514.034,10.81,0,0,1081,True,0.01,0.0,0.00999999999749,0.0100000000039,100.0,3,"[0, 1, 2]",supplementary_operation,False,excluded
-1,-1,661,1319,5,supplementary_operation,1,[5],True,1717,2045215,2046931,1,True,7530.454,7547.664,7530.454,7547.664,17.21,0,0,1716,True,0.0100291375291,0.000638025400941,0.00999999999749,0.0299999999961,99.7094712377,3,"[0, 1, 2]",supplementary_operation,False,excluded
-1,-1,662,1321,5,supplementary_operation,1,[5],True,1627,2048627,2050253,1,True,7564.624,7580.884,7564.624,7580.884,16.26,0,0,1626,True,0.01,0.0,0.00999999999749,0.0100000000039,100.0,3,"[0, 1, 2]",supplementary_operation,False,excluded
-1,-1,663,1323,5,supplementary_operation,1,[5],True,1024,2051996,2053019,1,True,7598.314,7608.544,7598.314,7608.544,10.23,0,0,1023,True,0.01,0.0,0.00999999999749,0.0100000000039,100.0,3,"[0, 1, 2]",supplementary_operation,False,excluded
-1,-1,664,1325,5,supplementary_operation,1,[5],True,1638,2054675,2056312,1,True,7625.184,7641.554,7625.184,7641.554,16.37,0,0,1637,True,0.01,0.0,0.00999999999749,0.0100000000039,100.0,3,"[0, 1, 2]",supplementary_operation,False,excluded
-1,-1,665,1327,5,supplementary_operation,1,[5],True,1672,2058125,2059796,1,True,7659.754,7676.464,7659.754,7676.464,16.71,0,0,1671,True,0.01,0.0,0.00999999999749,0.0100000000039,100.0,3,"[0, 1, 2]",supplementary_operation,False,excluded
-1,-1,666,1329,5,supplementary_operation,1,[5],True,1614,2061505,2063118,1,True,7693.744,7709.874,7693.744,7709.874,16.13,0,0,1613,True,0.01,0.0,0.00999999999749,0.0100000000039,100.0,2,"[1, 2]",supplementary_operation,False,excluded
-1,-1,667,1331,5,supplementary_operation,1,[5],True,1586,2064852,2066437,1,True,7727.214,7743.064,7727.214,7743.064,15.85,0,0,1585,True,0.01,0.0,0.00999999999749,0.0100000000039,100.0,3,"[0, 1, 2]",supplementary_operation,False,excluded
-1,-1,668,1333,5,supplementary_operation,1,[5],True,1591,2068189,2069779,1,True,7760.584,7776.604,7760.584,7776.604,16.02,0,0,1590,True,0.0100754716981,0.0011190020813,0.00999999999749,0.0399999999981,99.2509363296,3,"[0, 1, 2]",supplementary_operation,False,excluded
-1,-1,669,1335,5,supplementary_operation,1,[5],True,982,2071595,2072576,1,True,7794.984,7804.794,7794.984,7804.794,9.81,0,0,981,True,0.01,0.0,0.00999999999749,0.0100000000039,100.0,3,"[0, 1, 2]",supplementary_operation,False,excluded
-1,-1,670,1337,5,supplementary_operation,1,[5],True,1518,2074218,2075735,1,True,7821.574,7836.894,7821.574,7836.894,15.32,0,0,1517,True,0.0100988793672,0.00155860426688,0.00999999999749,0.0499999999984,99.0208877285,3,"[0, 1, 2]",supplementary_operation,False,excluded
-1,-1,671,1339,5,supplementary_operation,1,[5],True,1607,2077420,2079026,1,True,7853.814,7869.954,7853.814,7869.954,16.14,0,0,1606,True,0.0100498132005,0.000996886480466,0.00999999999749,0.04,99.5043370508,2,"[1, 2]",supplementary_operation,False,excluded
-1,-1,672,1341,5,supplementary_operation,1,[5],True,1601,2080703,2082303,1,True,7886.724,7902.814,7886.724,7902.814,16.09,0,0,1600,True,0.01005625,0.000899631000841,0.00999999999749,0.0300000000025,99.4406463642,3,"[0, 1, 2]",supplementary_operation,False,excluded
-1,-1,673,1343,5,supplementary_operation,1,[5],True,1571,2084257,2085827,1,True,7922.384,7938.244,7922.384,7938.244,15.86,0,0,1570,True,0.010101910828,0.00106588507754,0.00999999999749,0.0299999999961,98.9911727617,3,"[0, 1, 2]",supplementary_operation,False,excluded
-1,-1,674,1345,5,supplementary_operation,1,[5],True,1583,2087555,2089137,1,True,7955.524,7971.524,7955.524,7971.524,16.0,0,0,1582,True,0.0101137800253,0.00207012333368,0.00999999999749,0.0799999999999,98.875,2,"[1, 2]",supplementary_operation,False,excluded
-1,-1,675,1347,5,supplementary_operation,1,[5],True,1466,2090809,2092274,1,True,7988.424,8003.204,7988.424,8003.204,14.78,0,0,1465,True,0.0100887372014,0.0012498366211,0.00999999999749,0.0400000000018,99.1204330176,3,"[0, 1, 2]",supplementary_operation,False,excluded
-1,-1,676,1349,5,supplementary_operation,1,[5],True,1489,2094000,2095488,1,True,8020.464,8035.344,8020.464,8035.344,14.88,0,0,1488,True,0.01,0.0,0.00999999999749,0.0100000000039,100.0,3,"[0, 1, 2]",supplementary_operation,False,excluded
-1,-1,677,1351,5,supplementary_operation,1,[5],True,1566,2097201,2098766,1,True,8052.474,8068.124,8052.474,8068.124,15.65,0,0,1565,True,0.01,0.0,0.00999999999749,0.0100000000039,100.0,3,"[0, 1, 2]",supplementary_operation,False,excluded
-1,-1,678,1353,5,supplementary_operation,1,[5],True,1541,2100090,2101630,1,True,8081.364,8096.824,8081.364,8096.824,15.46,0,0,1540,True,0.010038961039,0.000804880542005,0.00999999999749,0.0300000000025,99.6119016818,3,"[0, 1, 2]",supplementary_operation,False,excluded
-1,-1,679,1355,5,supplementary_operation,1,[5],True,1549,2102894,2104442,1,True,8109.634,8125.384,8109.634,8125.384,15.75,0,0,1548,True,0.0101744186047,0.00177057979972,0.00999999999749,0.04,98.2857142857,3,"[0, 1, 2]",supplementary_operation,False,excluded
-1,-1,680,1357,5,supplementary_operation,1,[5],True,1474,2105709,2107182,1,True,8138.074,8152.874,8138.074,8152.874,14.8,0,0,1473,True,0.0100475220638,0.000862853951688,0.00999999999749,0.0299999999997,99.527027027,2,"[1, 2]",supplementary_operation,False,excluded
-1,-1,681,1359,5,supplementary_operation,1,[5],True,1466,2108476,2109941,1,True,8166.004,8180.654,8166.004,8180.654,14.65,0,0,1465,True,0.01,0.0,0.00999999999749,0.0100000000039,100.0,3,"[0, 1, 2]",supplementary_operation,False,excluded
-1,-1,682,1361,5,supplementary_operation,1,[5],True,1483,2111159,2112641,1,True,8192.834,8207.654,8192.834,8207.654,14.82,0,0,1482,True,0.01,0.0,0.0099999999984,0.010000000002,100.0,3,"[0, 1, 2]",supplementary_operation,False,excluded
-1,-1,683,1363,5,supplementary_operation,1,[5],True,1396,2113862,2115257,1,True,8220.034,8234.194,8220.034,8234.194,14.16,0,0,1395,True,0.0101505376344,0.00190610923066,0.0099999999984,0.0600000000013,98.5169491525,3,"[0, 1, 2]",supplementary_operation,False,excluded
-1,-1,684,1365,5,supplementary_operation,1,[5],True,1431,2116586,2118016,1,True,8247.554,8261.954,8247.554,8261.954,14.4,0,0,1430,True,0.0100699300699,0.00123837446833,0.0099999999984,0.0400000000009,99.3055555556,3,"[0, 1, 2]",supplementary_operation,False,excluded
-1,-1,685,1367,5,supplementary_operation,1,[5],True,1396,2119391,2120786,1,True,8275.704,8289.654,8275.704,8289.654,13.95,0,0,1395,True,0.01,0.0,0.0099999999984,0.010000000002,100.0,3,"[0, 1, 2]",supplementary_operation,False,excluded
-1,-1,686,1369,5,supplementary_operation,1,[5],True,1427,2122498,2123924,1,True,8306.834,8321.094,8306.834,8321.094,14.26,0,0,1426,True,0.01,0.0,0.0099999999984,0.010000000002,100.0,2,"[1, 2]",supplementary_operation,False,excluded
-1,-1,687,1371,5,supplementary_operation,1,[5],True,1352,2125674,2127025,1,True,8338.614,8352.134,8338.614,8352.134,13.52,0,0,1351,True,0.0100074019245,0.000271964072118,0.0099999999984,0.0200000000004,99.926035503,3,"[0, 1, 2]",supplementary_operation,False,excluded
-1,-1,688,1373,5,supplementary_operation,1,[5],True,1599,2128756,2130354,1,True,8369.524,8386.704,8369.524,8386.704,17.18,0,0,1598,True,0.0107509386733,0.00643144621145,0.0099999999984,0.090000000002,93.0151338766,2,"[1, 2]",supplementary_operation,False,excluded
-1,-1,689,1375,5,supplementary_operation,1,[5],True,1703,2131936,2133638,1,True,8404.894,8422.054,8404.894,8422.054,17.16,0,0,1702,True,0.0100822561692,0.00108088947362,0.0099999999984,0.0300000000007,99.1841491842,3,"[0, 1, 2]",supplementary_operation,False,excluded
-1,-1,690,1377,5,supplementary_operation,1,[5],True,1083,2135301,2136383,1,True,8439.084,8449.924,8439.084,8449.924,10.84,0,0,1082,True,0.0100184842884,0.000429536045769,0.0099999999984,0.0200000000004,99.815498155,3,"[0, 1, 2]",supplementary_operation,False,excluded
-1,-1,691,1379,5,supplementary_operation,1,[5],True,1627,2138353,2139979,1,True,8469.654,8486.024,8469.654,8486.024,16.37,0,0,1626,True,0.0100676506765,0.000958087997499,0.0099999999984,0.0299999999988,99.3280390959,2,"[1, 2]",supplementary_operation,False,excluded
-1,-1,692,1381,5,supplementary_operation,1,[5],True,1687,2141724,2143410,1,True,8503.494,8520.554,8503.494,8520.554,17.06,0,0,1686,True,0.010118623962,0.0015357107789,0.0099999999984,0.0400000000009,98.8276670574,2,"[1, 2]",supplementary_operation,False,excluded
-1,-1,693,1383,5,supplementary_operation,1,[5],True,1715,2145233,2146947,1,True,8538.784,8555.954,8538.784,8555.954,17.17,0,0,1714,True,0.0100175029172,0.000539823057817,0.0099999999984,0.0299999999988,99.8252766453,2,"[1, 2]",supplementary_operation,False,excluded
-1,-1,694,1385,5,supplementary_operation,1,[5],True,1718,2148638,2150355,1,True,8572.944,8590.194,8572.944,8590.194,17.25,0,0,1717,True,0.0100465928946,0.00096420277631,0.0099999999984,0.0399999999991,99.5362318841,3,"[0, 1, 2]",supplementary_operation,False,excluded
-1,-1,695,1387,5,supplementary_operation,1,[5],True,1682,2152121,2153802,1,True,8607.864,8624.674,8607.864,8624.674,16.81,0,0,1681,True,0.01,6.48173080155e-10,0.0099999999984,0.010000000002,100.0,3,"[0, 1, 2]",supplementary_operation,False,excluded
-1,-1,696,1389,5,supplementary_operation,1,[5],True,2064,2155507,2157570,1,True,8641.724,9180.695,8641.724,9180.695,538.971,0,0,2063,True,0.261255937954,11.4080224365,0.0099999999984,518.291,3.82766419715,3,"[0, 1, 2]",supplementary_operation,False,excluded
-1,-1,697,1391,5,supplementary_operation,1,[5],True,1656,2159263,2160918,1,True,9197.645,9214.195,9197.645,9214.195,16.55,0,0,1655,True,0.01,6.98491930962e-10,0.0099999999984,0.0100000000002,100.0,3,"[0, 1, 2]",supplementary_operation,False,excluded
-1,-1,698,1393,5,supplementary_operation,1,[5],True,1583,2162735,2164317,1,True,9232.365,9248.295,9232.365,9248.295,15.93,0,0,1582,True,0.0100695322377,0.000903830678228,0.0099999999984,0.0299999999988,99.3094789705,3,"[0, 1, 2]",supplementary_operation,False,excluded
-1,-1,699,1395,5,supplementary_operation,1,[5],True,1593,2166029,2167621,1,True,9265.645,9281.605,9265.645,9281.605,15.96,0,0,1592,True,0.0100251256281,0.000500624594099,0.0099999999984,0.0200000000004,99.7493734336,3,"[0, 1, 2]",supplementary_operation,False,excluded
-1,-1,700,1397,5,supplementary_operation,1,[5],True,1515,2169384,2170898,1,True,9299.245,9314.385,9299.245,9314.385,15.14,0,0,1514,True,0.01,0.0,0.0099999999984,0.0100000000002,100.0,2,"[1, 2]",supplementary_operation,False,excluded
-1,-1,701,1399,5,supplementary_operation,1,[5],True,1551,2172638,2174188,1,True,9331.805,9347.305,9331.805,9347.305,15.5,0,0,1550,True,0.01,0.0,0.0099999999984,0.0100000000002,100.0,3,"[0, 1, 2]",supplementary_operation,False,excluded
-1,-1,702,1401,5,supplementary_operation,1,[5],True,1555,2175915,2177469,1,True,9364.575,9380.115,9364.575,9380.115,15.54,0,0,1554,True,0.01,0.0,0.0099999999984,0.0100000000002,100.0,3,"[0, 1, 2]",supplementary_operation,False,excluded
-1,-1,703,1403,5,supplementary_operation,1,[5],True,1572,2179184,2180755,1,True,9397.265,9412.975,9397.265,9412.975,15.71,0,0,1571,True,0.01,3.08005990352e-10,0.0099999999984,0.0100000000002,100.0,3,"[0, 1, 2]",supplementary_operation,False,excluded
-1,-1,704,1405,5,supplementary_operation,1,[5],True,1452,2182048,2183499,1,True,9425.915,9440.595,9425.915,9440.595,14.68,0,0,1451,True,0.0101171605789,0.00140886303061,0.0099999999984,0.0400000000009,98.8419618529,3,"[0, 1, 2]",supplementary_operation,False,excluded
-1,-1,705,1407,5,supplementary_operation,1,[5],True,1447,2184868,2186314,1,True,9454.465,9469.075,9454.465,9469.075,14.61,0,0,1446,True,0.0101037344398,0.00131078087284,0.0099999999984,0.0400000000009,98.9733059548,3,"[0, 1, 2]",supplementary_operation,False,excluded
-1,-1,706,1409,5,supplementary_operation,1,[5],True,1420,2187585,2189004,1,True,9481.785,9495.975,9481.785,9495.975,14.19,0,0,1419,True,0.01,0.0,0.0099999999984,0.0100000000002,100.0,2,"[1, 2]",supplementary_operation,False,excluded
-1,-1,707,1411,5,supplementary_operation,1,[5],True,1420,2190471,2191890,1,True,9510.645,9525.185,9510.645,9525.185,14.54,0,0,1419,True,0.0102466525722,0.00184181935047,0.0099999999984,0.0399999999991,97.5928473178,3,"[0, 1, 2]",supplementary_operation,False,excluded
-1,-1,708,1413,5,supplementary_operation,1,[5],True,1390,2193369,2194758,1,True,9540.185,9554.445,9540.185,9554.445,14.26,0,0,1389,True,0.0102663786897,0.00185923644981,0.0099999999984,0.0400000000009,97.4053295933,3,"[0, 1, 2]",supplementary_operation,False,excluded
-1,-1,709,1415,5,supplementary_operation,1,[5],True,1391,2196385,2197775,1,True,9571.055,9585.165,9571.055,9585.165,14.11,0,0,1390,True,0.0101510791367,0.00148572908761,0.0099999999984,0.0399999999991,98.5116938342,2,"[1, 2]",supplementary_operation,False,excluded
-1,-1,710,1417,5,supplementary_operation,1,[5],True,1422,2199547,2200968,1,True,9602.915,9617.205,9602.915,9617.205,14.29,0,0,1421,True,0.0100562983814,0.000748207395354,0.0099999999984,0.0200000000004,99.4401679496,2,"[1, 2]",supplementary_operation,False,excluded
-1,-1,711,1419,5,supplementary_operation,1,[5],True,1693,2202703,2204395,1,True,9634.835,9652.055,9634.835,9652.055,17.22,0,0,1692,True,0.0101773049645,0.0018105953775,0.0099999999984,0.0400000000009,98.2578397212,3,"[0, 1, 2]",supplementary_operation,False,excluded
-1,-1,712,1421,5,supplementary_operation,1,[5],True,1695,2206152,2207846,1,True,9702.815,9720.105,9702.815,9720.105,17.29,0,0,1694,True,0.0102066115702,0.0016528187705,0.0099999999984,0.0400000000009,97.975708502,2,"[1, 2]",supplementary_operation,False,excluded
-1,-1,713,1423,5,supplementary_operation,1,[5],True,1694,2209641,2211334,1,True,9738.055,9755.285,9738.055,9755.285,17.23,0,0,1693,True,0.0101772002363,0.00131931892996,0.0099999999984,0.0200000000004,98.2588508416,2,"[1, 2]",supplementary_operation,False,excluded
-1,-1,714,1425,5,supplementary_operation,1,[5],True,1673,2213133,2214805,1,True,9773.275,9790.165,9773.275,9790.165,16.89,0,0,1672,True,0.0101016746411,0.00131305446499,0.0099999999984,0.0399999999991,98.9934872706,3,"[0, 1, 2]",supplementary_operation,False,excluded
-1,-1,715,1427,5,supplementary_operation,1,[5],True,1668,2216644,2218311,1,True,9808.775,9825.625,9808.775,9825.625,16.85,0,0,1667,True,0.0101079784043,0.00129151257501,0.0099999999984,0.0399999999991,98.9317507418,2,"[1, 2]",supplementary_operation,False,excluded
-1,-1,716,1429,5,supplementary_operation,1,[5],True,1580,2220046,2221625,1,True,9843.285,9859.435,9843.285,9859.435,16.15,0,0,1579,True,0.0102279924003,0.00200030439986,0.0099999999984,0.0400000000009,97.7708978328,3,"[0, 1, 2]",supplementary_operation,False,excluded
-1,-1,717,1431,5,supplementary_operation,1,[5],True,1597,2223338,2224934,1,True,9876.785,9892.965,9876.785,9892.965,16.18,0,0,1596,True,0.0101378446115,0.00140925916511,0.0099999999984,0.0400000000009,98.6402966625,3,"[0, 1, 2]",supplementary_operation,False,excluded
-1,-1,718,1433,5,supplementary_operation,1,[5],True,1620,2226611,2228230,1,True,9910.155,9926.465,9910.155,9926.465,16.31,0,0,1619,True,0.0100741198271,0.00116334420841,0.0099999999984,0.0399999999991,99.2642550582,3,"[0, 1, 2]",supplementary_operation,False,excluded
-1,-1,719,1435,5,supplementary_operation,1,[5],True,1631,2230480,2232110,1,True,9949.165,9965.585,9949.165,9965.585,16.42,0,0,1630,True,0.0100736196319,0.00104827221099,0.0099999999984,0.0400000000009,99.2691839221,3,"[0, 1, 2]",supplementary_operation,False,excluded
-1,-1,720,1437,5,supplementary_operation,1,[5],True,1432,2234219,2235650,1,True,9986.955,10001.615,9986.955,10001.615,14.66,0,0,1431,True,0.0102445842068,0.00187192944996,0.0099999999984,0.0400000000009,97.6125511596,2,"[1, 2]",supplementary_operation,False,excluded
-1,-1,721,1439,5,supplementary_operation,1,[5],True,1494,2237378,2238871,1,True,10018.965,10033.935,10018.965,10033.935,14.97,0,0,1493,True,0.0100267916946,0.000633370052736,0.0099999999984,0.0299999999988,99.7327989312,3,"[0, 1, 2]",supplementary_operation,False,excluded
-1,-1,722,1441,5,supplementary_operation,1,[5],True,1487,2240598,2242084,1,True,10051.335,10066.225,10051.335,10066.225,14.89,0,0,1486,True,0.0100201884253,0.00044886153826,0.0099999999984,0.0200000000004,99.7985224983,3,"[0, 1, 2]",supplementary_operation,False,excluded
-1,-1,723,1443,5,supplementary_operation,1,[5],True,1464,2243818,2245281,1,True,10083.585,10098.295,10083.585,10098.295,14.71,0,0,1463,True,0.0100546821599,0.000976702442132,0.0099999999984,0.0400000000009,99.4561522774,3,"[0, 1, 2]",supplementary_operation,False,excluded
-1,-1,724,1445,5,supplementary_operation,1,[5],True,1401,2247056,2248456,1,True,10116.125,10130.215,10116.125,10130.215,14.09,0,0,1400,True,0.0100642857143,0.000884071056328,0.0099999999984,0.0299999999988,99.3612491128,3,"[0, 1, 2]",supplementary_operation,False,excluded
-1,-1,725,1447,5,supplementary_operation,1,[5],True,1423,2250160,2251582,1,True,10147.275,10161.525,10147.275,10161.525,14.25,0,0,1422,True,0.0100210970464,0.000458830446636,0.0099999999984,0.0200000000004,99.7894736842,3,"[0, 1, 2]",supplementary_operation,False,excluded
-1,-1,726,1449,5,supplementary_operation,1,[5],True,1395,2253263,2254657,1,True,10178.455,10192.545,10178.455,10192.545,14.09,0,0,1394,True,0.0101076040172,0.00103172745806,0.0099999999984,0.0200000000004,98.9354151881,3,"[0, 1, 2]",supplementary_operation,False,excluded
-1,-1,727,1451,5,supplementary_operation,1,[5],True,1700,2256371,2258070,1,True,10210.055,10227.295,10210.055,10227.295,17.24,0,0,1699,True,0.0101471453796,0.00125200572575,0.0099999999984,0.0300000000007,98.5498839907,3,"[0, 1, 2]",supplementary_operation,False,excluded
-1,-1,728,1453,5,supplementary_operation,1,[5],True,1023,2259783,2260805,1,True,10244.465,10254.725,10244.465,10254.725,10.26,0,0,1022,True,0.0100391389432,0.000624385758649,0.0099999999984,0.0200000000004,99.6101364522,3,"[0, 1, 2]",supplementary_operation,False,excluded
-1,-1,729,1455,5,supplementary_operation,1,[5],True,1691,2262279,2263969,1,True,10269.515,10286.485,10269.515,10286.485,16.97,0,0,1690,True,0.0100414201183,0.000642250385131,0.0099999999984,0.0200000000004,99.5875073659,3,"[0, 1, 2]",supplementary_operation,False,excluded
-1,-1,730,1457,5,supplementary_operation,1,[5],True,1666,2265714,2267379,1,True,10303.935,10320.595,10303.935,10320.595,16.66,0,0,1665,True,0.010006006006,0.000244997934554,0.0099999999984,0.0199999999986,99.9399759904,3,"[0, 1, 2]",supplementary_operation,False,excluded
-1,-1,731,1459,5,supplementary_operation,1,[5],True,1666,2269118,2270783,1,True,10338.005,10354.705,10338.005,10354.705,16.7,0,0,1665,True,0.01003003003,0.000547173187941,0.0099999999984,0.0200000000004,99.7005988024,3,"[0, 1, 2]",supplementary_operation,False,excluded
-1,-1,732,1461,5,supplementary_operation,1,[5],True,1664,2272661,2274324,1,True,10373.485,10390.115,10373.485,10390.115,16.63,0,0,1663,True,0.01,7.27013451792e-10,0.0099999999984,0.0100000000002,100.0,2,"[1, 2]",supplementary_operation,False,excluded
-1,-1,733,1463,5,supplementary_operation,1,[5],True,1026,2276058,2277083,1,True,10407.465,10417.715,10407.465,10417.715,10.25,0,0,1025,True,0.01,0.0,0.0099999999984,0.0100000000002,100.0,3,"[0, 1, 2]",supplementary_operation,False,excluded
-1,-1,734,1465,5,supplementary_operation,1,[5],True,1513,2278570,2280082,1,True,10432.595,10447.715,10432.595,10447.715,15.12,0,0,1512,True,0.01,0.0,0.0099999999984,0.0100000000002,100.0,3,"[0, 1, 2]",supplementary_operation,False,excluded
-1,-1,735,1467,5,supplementary_operation,1,[5],True,1436,2281831,2283266,1,True,10465.215,10479.565,10465.215,10479.565,14.35,0,0,1435,True,0.01,0.0,0.0099999999984,0.0100000000002,100.0,2,"[1, 2]",supplementary_operation,False,excluded
-1,-1,736,1469,5,supplementary_operation,1,[5],True,1682,2284989,2286670,1,True,10496.795,10513.605,10496.795,10513.605,16.81,0,0,1681,True,0.01,7.72211884697e-10,0.0099999999984,0.0100000000002,100.0,3,"[0, 1, 2]",supplementary_operation,False,excluded
-1,-1,737,1470,5,supplementary_operation,1,[5],True,1410,2286671,2288080,1,True,899.814,913.914,899.814,913.914,14.1,0,0,1409,True,0.0100070972321,0.000266311753577,0.00999999999976,0.02,99.9290780142,3,"[0, 1, 2]",supplementary_operation,False,excluded
-1,-1,738,1472,5,supplementary_operation,1,[5],True,1448,2289724,2291171,1,True,930.384,944.854,930.384,944.854,14.47,0,0,1447,True,0.01,1.45402690358e-09,0.00999999999999,0.0100000000001,100.0,3,"[0, 1, 2]",supplementary_operation,False,excluded
-1,-1,739,1474,5,supplementary_operation,1,[5],True,1320,2292708,2294027,1,True,960.224,973.414,960.224,973.414,13.19,0,0,1319,True,0.01,1.36260640699e-09,0.00999999999999,0.0100000000001,100.0,2,"[1, 2]",supplementary_operation,False,excluded
-1,-1,740,1476,5,supplementary_operation,1,[5],True,1259,2295553,2296811,1,True,988.674,1001.254,988.674,1001.254,12.58,0,0,1258,True,0.01,1.31193404896e-09,0.00999999999999,0.0100000000001,100.0,2,"[1, 2]",supplementary_operation,False,excluded
-1,-1,741,1478,5,supplementary_operation,1,[5],True,1019,2298202,2299220,1,True,1015.164,1025.344,1015.164,1025.344,10.18,0,0,1018,True,0.01,9.94652945702e-10,0.00999999999976,0.0100000000004,100.0,3,"[0, 1, 2]",supplementary_operation,False,excluded
-1,-1,742,1480,5,supplementary_operation,1,[5],True,1388,2300780,2302167,1,True,1040.944,1054.814,1040.944,1054.814,13.87,0,0,1387,True,0.01,1.30675874654e-09,0.00999999999976,0.0100000000004,100.0,2,"[1, 2]",supplementary_operation,False,excluded
-1,-1,743,1482,5,supplementary_operation,1,[5],True,1459,2303519,2304977,1,True,1068.334,1082.914,1068.334,1082.914,14.58,0,0,1458,True,0.01,1.36260640699e-09,0.00999999999976,0.0100000000004,100.0,2,"[1, 2]",supplementary_operation,False,excluded
-1,-1,744,1484,5,supplementary_operation,1,[5],True,1444,2306315,2307758,1,True,1096.294,1110.724,1096.294,1110.724,14.43,0,0,1443,True,0.01,1.35762428279e-09,0.00999999999976,0.0100000000004,100.0,3,"[0, 1, 2]",supplementary_operation,False,excluded
-1,-1,745,1486,5,supplementary_operation,1,[5],True,1051,2309089,2310139,1,True,1124.034,1134.534,1124.034,1134.534,10.5,0,0,1050,True,0.01,9.74000462487e-10,0.00999999999976,0.0100000000004,100.0,3,"[0, 1, 2]",supplementary_operation,False,excluded
-1,-1,746,1488,5,supplementary_operation,1,[5],True,1876,2311457,2313332,1,True,1147.714,1166.464,1147.714,1166.464,18.75,0,0,1875,True,0.01,1.56620797318e-09,0.00999999999976,0.0100000000004,100.0,3,"[0, 1, 2]",supplementary_operation,False,excluded
-1,-1,747,1490,5,supplementary_operation,1,[5],True,1812,2314685,2316496,1,True,1179.994,1198.104,1179.994,1198.104,18.11,0,0,1811,True,0.01,1.54880512222e-09,0.00999999999976,0.0100000000004,100.0,3,"[0, 1, 2]",supplementary_operation,False,excluded
-1,-1,748,1492,5,supplementary_operation,1,[5],True,1802,2317758,2319559,1,True,1210.724,1228.734,1210.724,1228.734,18.01,0,0,1801,True,0.01,1.54002995176e-09,0.00999999999976,0.0100000000004,100.0,3,"[0, 1, 2]",supplementary_operation,False,excluded
-1,-1,749,1494,5,supplementary_operation,1,[5],True,1076,2320717,2321792,1,True,1240.314,1251.064,1240.314,1251.064,10.75,0,0,1075,True,0.01,1.00818626092e-09,0.00999999999976,0.0100000000004,100.0,3,"[0, 1, 2]",supplementary_operation,False,excluded
-1,-1,750,1496,5,supplementary_operation,1,[5],True,1846,2323115,2324960,1,True,1264.294,1282.744,1264.294,1282.744,18.45,0,0,1845,True,0.01,1.55753085393e-09,0.00999999999976,0.0100000000004,100.0,3,"[0, 1, 2]",supplementary_operation,False,excluded
-1,-1,751,1498,5,supplementary_operation,1,[5],True,1818,2326566,2328383,1,True,1298.804,1316.994,1298.804,1316.994,18.19,0,0,1817,True,0.0100110071547,0.000331587679281,0.00999999999976,0.02,99.8900494777,3,"[0, 1, 2]",supplementary_operation,False,excluded
-1,-1,752,1500,5,supplementary_operation,1,[5],True,1838,2329972,2331809,1,True,1332.894,1351.264,1332.894,1351.264,18.37,0,0,1837,True,0.01,1.54880512222e-09,0.00999999999976,0.0100000000004,100.0,3,"[0, 1, 2]",supplementary_operation,False,excluded
-1,-1,753,1502,5,supplementary_operation,1,[5],True,1048,2333350,2334397,1,True,1366.674,1377.164,1366.674,1377.164,10.49,0,0,1047,True,0.0100191021968,0.000617801781439,0.00999999999954,0.0300000000004,99.8093422307,3,"[0, 1, 2]",supplementary_operation,False,excluded
-1,-1,754,1504,5,supplementary_operation,1,[5],True,1755,2335961,2337715,1,True,1392.804,1410.354,1392.804,1410.354,17.55,0,0,1754,True,0.0100057012543,0.000238704919222,0.00999999999954,0.02,99.943019943,2,"[1, 2]",supplementary_operation,False,excluded
-1,-1,755,1506,5,supplementary_operation,1,[5],True,1848,2339208,2341055,1,True,1425.294,1443.764,1425.294,1443.764,18.47,0,0,1847,True,0.01,1.44467615127e-09,0.00999999999954,0.0100000000007,100.0,3,"[0, 1, 2]",supplementary_operation,False,excluded
-1,-1,756,1508,5,supplementary_operation,1,[5],True,1769,2342568,2344336,1,True,1458.904,1476.624,1458.904,1476.624,17.72,0,0,1768,True,0.0100226244344,0.000751730666328,0.00999999999954,0.04,99.7742663657,2,"[1, 2]",supplementary_operation,False,excluded
-1,-1,757,1510,5,supplementary_operation,1,[5],True,1069,2345785,2346853,1,True,1491.124,1501.814,1491.124,1501.814,10.69,0,0,1068,True,0.0100093632959,0.000305851741032,0.00999999999954,0.02,99.9064546305,3,"[0, 1, 2]",supplementary_operation,False,excluded
-1,-1,758,1512,5,supplementary_operation,1,[5],True,1818,2348308,2350125,1,True,1516.374,1534.544,1516.374,1534.544,18.17,0,0,1817,True,0.01,1.43053542444e-09,0.00999999999954,0.0100000000007,100.0,3,"[0, 1, 2]",supplementary_operation,False,excluded
-1,-1,759,1514,5,supplementary_operation,1,[5],True,1810,2351672,2353481,1,True,1550.024,1568.114,1550.024,1568.114,18.09,0,0,1809,True,0.01,1.42579068359e-09,0.00999999999954,0.0100000000007,100.0,3,"[0, 1, 2]",supplementary_operation,False,excluded
-1,-1,760,1516,5,supplementary_operation,1,[5],True,1760,2354891,2356650,1,True,1582.214,1599.804,1582.214,1599.804,17.59,0,0,1759,True,0.01,1.41625351512e-09,0.00999999999954,0.0100000000007,100.0,3,"[0, 1, 2]",supplementary_operation,False,excluded
-1,-1,761,1518,5,supplementary_operation,1,[5],True,1004,2358221,2359224,1,True,1615.514,1625.544,1615.514,1625.544,10.03,0,0,1003,True,0.01,9.01749205358e-10,0.00999999999954,0.0100000000007,100.0,2,"[1, 2]",supplementary_operation,False,excluded
-1,-1,762,1520,5,supplementary_operation,1,[5],True,1426,2360710,2362135,1,True,1640.404,1654.654,1640.404,1654.654,14.25,0,0,1425,True,0.01,1.29110837663e-09,0.00999999999954,0.0100000000007,100.0,3,"[0, 1, 2]",supplementary_operation,False,excluded
-1,-1,763,1522,5,supplementary_operation,1,[5],True,1787,2363602,2365388,1,True,1669.324,1687.184,1669.324,1687.184,17.86,0,0,1786,True,0.01,1.42579068359e-09,0.00999999999954,0.0100000000007,100.0,3,"[0, 1, 2]",supplementary_operation,False,excluded
-1,-1,764,1524,5,supplementary_operation,1,[5],True,1779,2366882,2368660,1,True,1702.124,1720.244,1702.124,1720.244,18.12,0,0,1778,True,0.0101912260967,0.00159706267343,0.00999999999954,0.0300000000007,98.1236203091,3,"[0, 1, 2]",supplementary_operation,False,excluded
-1,-1,765,1526,5,supplementary_operation,1,[5],True,988,2370161,2371148,1,True,1735.264,1745.134,1735.264,1745.134,9.87,0,0,987,True,0.01,8.63359133608e-10,0.00999999999954,0.0100000000007,100.0,3,"[0, 1, 2]",supplementary_operation,False,excluded
-1,-1,766,1528,5,supplementary_operation,1,[5],True,1835,2372530,2374364,1,True,1758.954,1777.294,1758.954,1777.294,18.34,0,0,1834,True,0.01,1.439978005e-09,0.00999999999954,0.0100000000007,100.0,3,"[0, 1, 2]",supplementary_operation,False,excluded
-1,-1,767,1530,5,supplementary_operation,1,[5],True,1446,2375857,2377302,1,True,1792.224,1806.674,1792.224,1806.674,14.45,0,0,1445,True,0.01,1.3375102185e-09,0.00999999999954,0.0100000000004,100.0,3,"[0, 1, 2]",supplementary_operation,False,excluded
-1,-1,768,1532,5,supplementary_operation,1,[5],True,1424,2378769,2380192,1,True,1821.344,1835.574,1821.344,1835.574,14.23,0,0,1423,True,0.01,1.35262380804e-09,0.00999999999999,0.0100000000002,100.0,3,"[0, 1, 2]",supplementary_operation,False,excluded
-1,-1,769,1534,5,supplementary_operation,1,[5],True,1004,2381662,2382665,1,True,1850.274,1860.304,1850.274,1860.304,10.03,0,0,1003,True,0.01,9.01749205358e-10,0.00999999999999,0.0100000000002,100.0,3,"[0, 1, 2]",supplementary_operation,False,excluded
-1,-1,770,1536,5,supplementary_operation,1,[5],True,1342,2384130,2385471,1,True,1874.954,1888.364,1874.954,1888.364,13.41,0,0,1341,True,0.01,1.27526595608e-09,0.00999999999999,0.0100000000002,100.0,3,"[0, 1, 2]",supplementary_operation,False,excluded
-1,-1,771,1538,5,supplementary_operation,1,[5],True,1337,2386913,2388249,1,True,1902.784,1916.144,1902.784,1916.144,13.36,0,0,1336,True,0.01,1.26994123154e-09,0.00999999999999,0.0100000000002,100.0,3,"[0, 1, 2]",supplementary_operation,False,excluded
-1,-1,772,1540,5,supplementary_operation,1,[5],True,1369,2389797,2391165,1,True,1931.624,1945.304,1931.624,1945.304,13.68,0,0,1368,True,0.01,1.30156286614e-09,0.00999999999999,0.0100000000002,100.0,3,"[0, 1, 2]",supplementary_operation,False,excluded
-1,-1,773,1542,5,supplementary_operation,1,[5],True,1023,2392520,2393542,1,True,1958.854,1969.074,1958.854,1969.074,10.22,0,0,1022,True,0.01,9.31322574615e-10,0.00999999999999,0.0100000000002,100.0,2,"[1, 2]",supplementary_operation,False,excluded
-1,-1,774,1544,5,supplementary_operation,1,[5],True,1486,2394989,2396474,1,True,1983.554,1998.404,1983.554,1998.404,14.85,0,0,1485,True,0.01,1.38235535555e-09,0.00999999999999,0.0100000000002,100.0,3,"[0, 1, 2]",supplementary_operation,False,excluded
-1,-1,775,1546,5,supplementary_operation,1,[5],True,1853,2397791,2399643,1,True,2011.574,2030.094,2011.574,2030.094,18.52,0,0,1852,True,0.01,1.56187543937e-09,0.00999999999999,0.0100000000002,100.0,3,"[0, 1, 2]",supplementary_operation,False,excluded
-1,-1,776,1548,5,supplementary_operation,1,[5],True,1842,2400988,2402829,1,True,2043.544,2061.954,2043.544,2061.954,18.41,0,0,1841,True,0.01,7.08126757561e-10,0.00999999999976,0.0100000000002,100.0,3,"[0, 1, 2]",supplementary_operation,False,excluded
-1,-1,777,1550,5,supplementary_operation,1,[5],True,1022,2404210,2405231,1,True,2075.764,2085.974,2075.764,2085.974,10.21,0,0,1021,True,0.01,0.0,0.00999999999976,0.0100000000002,100.0,3,"[0, 1, 2]",supplementary_operation,False,excluded
-1,-1,778,1552,5,supplementary_operation,1,[5],True,1845,2406503,2408347,1,True,2098.694,2117.134,2098.694,2117.134,18.44,0,0,1844,True,0.01,7.9810323664e-10,0.00999999999976,0.0100000000002,100.0,3,"[0, 1, 2]",supplementary_operation,False,excluded
-1,-1,779,1554,5,supplementary_operation,1,[5],True,1845,2409918,2411762,1,True,2132.844,2151.284,2132.844,2151.284,18.44,0,0,1844,True,0.01,7.9810323664e-10,0.00999999999976,0.0100000000002,100.0,3,"[0, 1, 2]",supplementary_operation,False,excluded
-1,-1,780,1556,5,supplementary_operation,1,[5],True,1432,2413336,2414767,1,True,2167.024,2181.334,2167.024,2181.334,14.31,0,0,1431,True,0.01,0.0,0.00999999999976,0.0100000000002,100.0,2,"[1, 2]",supplementary_operation,False,excluded
-1,-1,781,1558,5,supplementary_operation,1,[5],True,1048,2416080,2417127,1,True,2194.604,2205.084,2194.604,2205.084,10.48,0,0,1047,True,0.0100095510984,0.00030890089071,0.00999999999976,0.02,99.9045801527,3,"[0, 1, 2]",supplementary_operation,False,excluded
-1,-1,782,1560,5,supplementary_operation,1,[5],True,1820,2418639,2420458,1,True,2220.204,2238.394,2220.204,2238.394,18.19,0,0,1819,True,0.01,7.72211884697e-10,0.00999999999976,0.0100000000002,100.0,3,"[0, 1, 2]",supplementary_operation,False,excluded
-1,-1,783,1562,5,supplementary_operation,1,[5],True,1834,2422030,2423863,1,True,2254.114,2272.444,2254.114,2272.444,18.33,0,0,1833,True,0.01,7.80937719683e-10,0.00999999999976,0.0100000000002,100.0,3,"[0, 1, 2]",supplementary_operation,False,excluded
-1,-1,784,1564,5,supplementary_operation,1,[5],True,1870,2425434,2427303,1,True,2288.154,2306.844,2288.154,2306.844,18.69,0,0,1869,True,0.01,8.23180634978e-10,0.00999999999976,0.0100000000002,100.0,3,"[0, 1, 2]",supplementary_operation,False,excluded
-1,-1,785,1566,5,supplementary_operation,1,[5],True,1055,2428837,2429891,1,True,2322.184,2332.724,2322.184,2332.724,10.54,0,0,1054,True,0.01,0.0,0.00999999999976,0.0100000000002,100.0,3,"[0, 1, 2]",supplementary_operation,False,excluded
-1,-1,786,1568,5,supplementary_operation,1,[5],True,1822,2431474,2433295,1,True,2348.554,2366.774,2348.554,2366.774,18.22,0,0,1821,True,0.0100054914882,0.000234274893001,0.00999999999976,0.02,99.945115258,3,"[0, 1, 2]",supplementary_operation,False,excluded
-1,-1,787,1570,5,supplementary_operation,1,[5],True,1762,2434810,2436571,1,True,2381.924,2399.534,2381.924,2399.534,17.61,0,0,1761,True,0.01,6.58544507983e-10,0.00999999999976,0.0100000000002,100.0,3,"[0, 1, 2]",supplementary_operation,False,excluded
-1,-1,788,1572,5,supplementary_operation,1,[5],True,1820,2438084,2439903,1,True,2414.664,2432.854,2414.664,2432.854,18.19,0,0,1819,True,0.01,7.72211884697e-10,0.00999999999976,0.0100000000002,100.0,3,"[0, 1, 2]",supplementary_operation,False,excluded
-1,-1,789,1574,5,supplementary_operation,1,[5],True,1036,2441429,2442464,1,True,2448.114,2458.464,2448.114,2458.464,10.35,0,0,1035,True,0.01,0.0,0.00999999999976,0.0100000000002,100.0,3,"[0, 1, 2]",supplementary_operation,False,excluded
-1,-1,790,1576,5,supplementary_operation,1,[5],True,2376,2444057,2446432,1,True,2474.404,3113.285,2474.404,3113.285,638.881,0,0,2375,True,0.269002526316,12.6166908898,0.00999999999976,615.001,3.71743720662,3,"[0, 1, 2]",supplementary_operation,False,excluded
-1,-1,791,1578,5,supplementary_operation,1,[5],True,1885,2447897,2449781,1,True,3127.935,3146.775,3127.935,3146.775,18.84,0,0,1884,True,0.01,8.47516335696e-10,0.00999999999976,0.0100000000002,100.0,2,"[1, 2]",supplementary_operation,False,excluded
-1,-1,792,1580,5,supplementary_operation,1,[5],True,1072,2451244,2452315,1,True,3161.405,3172.115,3161.405,3172.115,10.71,0,0,1071,True,0.01,0.0,0.00999999999976,0.0100000000002,100.0,3,"[0, 1, 2]",supplementary_operation,False,excluded
-1,-1,793,1582,5,supplementary_operation,1,[5],True,1386,2453771,2455156,1,True,3186.675,3200.525,3186.675,3200.525,13.85,0,0,1385,True,0.01,0.0,0.00999999999976,0.0100000000002,100.0,3,"[0, 1, 2]",supplementary_operation,False,excluded
-1,-1,794,1584,5,supplementary_operation,1,[5],True,1373,2456584,2457956,1,True,3214.805,3228.525,3214.805,3228.525,13.72,0,0,1372,True,0.01,0.0,0.00999999999976,0.0100000000002,100.0,3,"[0, 1, 2]",supplementary_operation,False,excluded
-1,-1,795,1586,5,supplementary_operation,1,[5],True,1409,2459371,2460779,1,True,3242.675,3256.755,3242.675,3256.755,14.08,0,0,1408,True,0.01,0.0,0.00999999999976,0.0100000000002,100.0,3,"[0, 1, 2]",supplementary_operation,False,excluded
-1,-1,796,1588,5,supplementary_operation,1,[5],True,1106,2462152,2463257,1,True,3270.485,3281.535,3270.485,3281.535,11.05,0,0,1105,True,0.01,0.0,0.00999999999976,0.0100000000002,100.0,3,"[0, 1, 2]",supplementary_operation,False,excluded
-1,-1,797,1590,5,supplementary_operation,1,[5],True,1826,2464572,2466397,1,True,3294.685,3312.935,3294.685,3312.935,18.25,0,0,1825,True,0.01,7.63386316167e-10,0.00999999999976,0.0100000000002,100.0,3,"[0, 1, 2]",supplementary_operation,False,excluded
-1,-1,798,1592,5,supplementary_operation,1,[5],True,1855,2467694,2469548,1,True,3325.905,3344.445,3325.905,3344.445,18.54,0,0,1854,True,0.01,7.9810323664e-10,0.00999999999976,0.0100000000002,100.0,2,"[1, 2]",supplementary_operation,False,excluded
-1,-1,799,1594,5,supplementary_operation,1,[5],True,1806,2470807,2472612,1,True,3357.035,3375.085,3357.035,3375.085,18.05,0,0,1805,True,0.01,7.45421768799e-10,0.00999999999976,0.0100000000002,100.0,2,"[1, 2]",supplementary_operation,False,excluded
-1,-1,800,1596,5,supplementary_operation,1,[5],True,1036,2473895,2474930,1,True,3387.915,3398.265,3387.915,3398.265,10.35,0,0,1035,True,0.01,0.0,0.00999999999976,0.0100000000002,100.0,3,"[0, 1, 2]",supplementary_operation,False,excluded
-1,-1,801,1598,5,supplementary_operation,1,[5],True,1870,2476534,2478403,1,True,3414.305,3432.995,3414.305,3432.995,18.69,0,0,1869,True,0.01,8.23180634978e-10,0.00999999999976,0.0100000000002,100.0,3,"[0, 1, 2]",supplementary_operation,False,excluded
-1,-1,802,1600,5,supplementary_operation,1,[5],True,1867,2480024,2481890,1,True,3449.205,3467.865,3449.205,3467.865,18.66,0,0,1866,True,0.01,8.14907252789e-10,0.00999999999976,0.0100000000002,100.0,3,"[0, 1, 2]",supplementary_operation,False,excluded
-1,-1,803,1602,5,supplementary_operation,1,[5],True,1843,2483520,2485362,1,True,3484.165,3502.585,3484.165,3502.585,18.42,0,0,1842,True,0.01,7.80937719683e-10,0.00999999999976,0.0100000000002,100.0,2,"[1, 2]",supplementary_operation,False,excluded
-1,-1,804,1604,5,supplementary_operation,1,[5],True,1007,2486932,2487938,1,True,3518.285,3528.345,3518.285,3528.345,10.06,0,0,1006,True,0.01,0.0,0.00999999999976,0.0100000000002,100.0,2,"[1, 2]",supplementary_operation,False,excluded
-1,-1,805,1606,5,supplementary_operation,1,[5],True,1482,2489471,2490952,1,True,3543.675,3558.485,3543.675,3558.485,14.81,0,0,1481,True,0.01,0.0,0.00999999999976,0.0100000000002,100.0,3,"[0, 1, 2]",supplementary_operation,False,excluded
-1,-1,806,1608,5,supplementary_operation,1,[5],True,1466,2492209,2493674,1,True,3571.055,3585.705,3571.055,3585.705,14.65,0,0,1465,True,0.01,0.0,0.00999999999976,0.0100000000002,100.0,3,"[0, 1, 2]",supplementary_operation,False,excluded
-1,-1,807,1610,5,supplementary_operation,1,[5],True,1376,2495029,2496404,1,True,3599.255,3613.005,3599.255,3613.005,13.75,0,0,1375,True,0.01,0.0,0.00999999999976,0.0100000000002,100.0,3,"[0, 1, 2]",supplementary_operation,False,excluded
-1,-1,808,1612,5,supplementary_operation,1,[5],True,1211,2497669,2498879,1,True,3625.655,3949.591,3625.655,3949.591,323.936,0,0,1210,True,0.267715702479,8.13851565965,0.00999999999976,281.636,3.73530573941,3,"[0, 1, 2]",supplementary_operation,False,excluded
-1,-1,809,1614,5,supplementary_operation,1,[5],True,1815,2500401,2502215,1,True,3964.811,3982.981,3964.811,3982.981,18.17,0,0,1814,True,0.0100165380375,0.00052474798849,0.00999999999976,0.0300000000002,99.8348926802,3,"[0, 1, 2]",supplementary_operation,False,excluded
-1,-1,810,1616,5,supplementary_operation,1,[5],True,1819,2503744,2505562,1,True,3998.271,4016.451,3998.271,4016.451,18.18,0,0,1818,True,0.01,7.72211884697e-10,0.00999999999976,0.0100000000002,100.0,3,"[0, 1, 2]",supplementary_operation,False,excluded
-1,-1,811,1618,5,supplementary_operation,1,[5],True,1852,2506927,2508778,1,True,4030.101,4048.621,4030.101,4048.621,18.52,0,0,1851,True,0.0100054024851,0.00023236967226,0.00999999999976,0.02,99.9460043197,3,"[0, 1, 2]",supplementary_operation,False,excluded
-1,-1,812,1620,5,supplementary_operation,1,[5],True,1066,2510170,2511235,1,True,4062.541,4073.191,4062.541,4073.191,10.65,0,0,1065,True,0.01,0.0,0.00999999999976,0.0100000000002,100.0,2,"[1, 2]",supplementary_operation,False,excluded
-1,-1,813,1622,5,supplementary_operation,1,[5],True,1841,2512565,2514405,1,True,4086.491,4104.891,4086.491,4104.891,18.4,0,0,1840,True,0.01,7.89567127722e-10,0.0099999999984,0.0100000000011,100.0,3,"[0, 1, 2]",supplementary_operation,False,excluded
-1,-1,814,1624,5,supplementary_operation,1,[5],True,1844,2515781,2517624,1,True,4118.651,4137.081,4118.651,4137.081,18.43,0,0,1843,True,0.01,7.89567127722e-10,0.0099999999984,0.0100000000011,100.0,3,"[0, 1, 2]",supplementary_operation,False,excluded
-1,-1,815,1626,5,supplementary_operation,1,[5],True,1845,2518965,2520809,1,True,4150.491,4168.931,4150.491,4168.931,18.44,0,0,1844,True,0.01,7.89567127722e-10,0.0099999999984,0.0100000000011,100.0,3,"[0, 1, 2]",supplementary_operation,False,excluded
-1,-1,816,1628,5,supplementary_operation,1,[5],True,1058,2522076,2523133,1,True,4181.601,4192.171,4181.601,4192.171,10.57,0,0,1057,True,0.01,0.0,0.0099999999984,0.0100000000011,100.0,3,"[0, 1, 2]",supplementary_operation,False,excluded
-1,-1,817,1630,5,supplementary_operation,1,[5],True,1866,2524581,2526446,1,True,4206.651,4225.311,4206.651,4225.311,18.66,0,0,1865,True,0.0100053619303,0.000231496333984,0.0099999999984,0.0199999999995,99.9464094319,3,"[0, 1, 2]",supplementary_operation,False,excluded
-1,-1,818,1632,5,supplementary_operation,1,[5],True,1829,2528110,2529938,1,True,4241.951,4260.231,4241.951,4260.231,18.28,0,0,1828,True,0.01,7.63386316167e-10,0.0099999999984,0.0100000000011,100.0,3,"[0, 1, 2]",supplementary_operation,False,excluded
-1,-1,819,1634,5,supplementary_operation,1,[5],True,1435,2531508,2532942,1,True,4275.931,4290.271,4275.931,4290.271,14.34,0,0,1434,True,0.01,0.0,0.0099999999984,0.0100000000011,100.0,3,"[0, 1, 2]",supplementary_operation,False,excluded
-1,-1,820,1636,5,supplementary_operation,1,[5],True,1022,2534232,2535253,1,True,4303.171,4313.381,4303.171,4313.381,10.21,0,0,1021,True,0.01,0.0,0.0099999999984,0.0100000000011,100.0,2,"[1, 2]",supplementary_operation,False,excluded
-1,-1,821,1638,5,supplementary_operation,1,[5],True,1823,2536839,2538661,1,True,4329.271,4347.491,4329.271,4347.491,18.22,0,0,1822,True,0.01,7.72211884697e-10,0.0099999999984,0.0100000000011,100.0,3,"[0, 1, 2]",supplementary_operation,False,excluded
-1,-1,822,1640,5,supplementary_operation,1,[5],True,1886,2540194,2542079,1,True,4362.821,4381.681,4362.821,4381.681,18.86,0,0,1885,True,0.0100053050398,0.000230265617159,0.0099999999984,0.0200000000013,99.9469777306,3,"[0, 1, 2]",supplementary_operation,False,excluded
-1,-1,823,1642,5,supplementary_operation,1,[5],True,1834,2543596,2545429,1,True,4396.851,4415.181,4396.851,4415.181,18.33,0,0,1833,True,0.01,7.80937719683e-10,0.0099999999984,0.0100000000011,100.0,3,"[0, 1, 2]",supplementary_operation,False,excluded
-1,-1,824,1644,5,supplementary_operation,1,[5],True,996,2546796,2547791,1,True,4428.851,4438.801,4428.851,4438.801,9.95,0,0,995,True,0.01,0.0,0.0099999999984,0.0100000000011,100.0,3,"[0, 1, 2]",supplementary_operation,False,excluded
-1,-1,825,1646,5,supplementary_operation,1,[5],True,1851,2549134,2550984,1,True,4452.231,4470.731,4452.231,4470.731,18.5,0,0,1850,True,0.01,7.9810323664e-10,0.0099999999984,0.0100000000011,100.0,3,"[0, 1, 2]",supplementary_operation,False,excluded
-1,-1,826,1648,5,supplementary_operation,1,[5],True,1842,2552348,2554189,1,True,4484.371,4502.781,4484.371,4502.781,18.41,0,0,1841,True,0.01,7.9810323664e-10,0.0099999999984,0.0100000000011,100.0,3,"[0, 1, 2]",supplementary_operation,False,excluded
-1,-1,827,1650,5,supplementary_operation,1,[5],True,1897,2555831,2557727,1,True,13449.539,13468.539,13449.539,13468.539,19.0,0,0,1896,True,0.0100210970464,0.000725934621714,0.00999999999658,0.0400000000009,99.7894736842,3,"[0, 1, 2]",supplementary_operation,False,excluded
-1,-1,828,1652,5,supplementary_operation,1,[5],True,1364,2559090,2560453,1,True,13482.209,13495.859,13482.209,13495.859,13.65,0,0,1363,True,0.0100146735143,0.00038277908907,0.00999999999658,0.0200000000004,99.8534798535,3,"[0, 1, 2]",supplementary_operation,False,excluded
-1,-1,829,1654,5,supplementary_operation,1,[5],True,1313,2562041,2563353,1,True,13511.739,13524.879,13511.739,13524.879,13.14,0,0,1312,True,0.0100152439024,0.000390136704006,0.00999999999658,0.0200000000004,99.8477929985,3,"[0, 1, 2]",supplementary_operation,False,excluded
-1,-1,830,1656,5,supplementary_operation,1,[5],True,1324,2564789,2566112,1,True,13539.409,13552.639,13539.409,13552.639,13.23,0,0,1323,True,0.01,0.0,0.00999999999658,0.0100000000039,100.0,3,"[0, 1, 2]",supplementary_operation,False,excluded
-1,-1,831,1658,5,supplementary_operation,1,[5],True,1058,2567569,2568626,1,True,13567.209,13577.779,13567.209,13577.779,10.57,0,0,1057,True,0.01,0.0,0.00999999999658,0.0100000000039,100.0,3,"[0, 1, 2]",supplementary_operation,False,excluded
-1,-1,832,1660,5,supplementary_operation,1,[5],True,1434,2570110,2571543,1,True,13592.629,13606.959,13592.629,13606.959,14.33,0,0,1433,True,0.01,0.0,0.00999999999658,0.0100000000039,100.0,3,"[0, 1, 2]",supplementary_operation,False,excluded
-1,-1,833,1662,5,supplementary_operation,1,[5],True,1489,2572881,2574369,1,True,13620.339,13635.219,13620.339,13635.219,14.88,0,0,1488,True,0.01,0.0,0.00999999999658,0.0100000000039,100.0,3,"[0, 1, 2]",supplementary_operation,False,excluded
-1,-1,834,1664,5,supplementary_operation,1,[5],True,1019,2575735,2576753,1,True,13648.879,13659.059,13648.879,13659.059,10.18,0,0,1018,True,0.01,0.0,0.00999999999658,0.0100000000039,100.0,3,"[0, 1, 2]",supplementary_operation,False,excluded
-1,-1,835,1666,5,supplementary_operation,1,[5],True,1870,2577950,2579819,1,True,13671.029,13689.719,13671.029,13689.719,18.69,0,0,1869,True,0.01,9.59985336665e-10,0.00999999999658,0.0100000000039,100.0,3,"[0, 1, 2]",supplementary_operation,False,excluded
-1,-1,836,1668,5,supplementary_operation,1,[5],True,1849,2581295,2583143,1,True,13704.479,13722.969,13704.479,13722.969,18.49,0,0,1848,True,0.0100054112554,0.000232558105498,0.00999999999658,0.0200000000004,99.9459167117,3,"[0, 1, 2]",supplementary_operation,False,excluded
-1,-1,837,1670,5,supplementary_operation,1,[5],True,1864,2584439,2586302,1,True,13735.929,13754.559,13735.929,13754.559,18.63,0,0,1863,True,0.01,9.59985336665e-10,0.00999999999658,0.0100000000039,100.0,3,"[0, 1, 2]",supplementary_operation,False,excluded
-1,-1,838,1672,5,supplementary_operation,1,[5],True,1896,2587547,2589442,1,True,13767.009,13785.959,13767.009,13785.959,18.95,0,0,1895,True,0.01,1.00818626092e-09,0.00999999999658,0.0100000000039,100.0,3,"[0, 1, 2]",supplementary_operation,False,excluded
-1,-1,839,1674,5,supplementary_operation,1,[5],True,1022,2590662,2591683,1,True,13798.159,13808.369,13798.159,13808.369,10.21,0,0,1021,True,0.01,0.0,0.00999999999658,0.0100000000039,100.0,3,"[0, 1, 2]",supplementary_operation,False,excluded
-1,-1,840,1676,5,supplementary_operation,1,[5],True,1055,2593277,2594331,1,True,13824.319,13834.859,13824.319,13834.859,10.54,0,0,1054,True,0.01,0.0,0.00999999999658,0.0100000000039,100.0,3,"[0, 1, 2]",supplementary_operation,False,excluded
-1,-1,841,1678,5,supplementary_operation,1,[5],True,1804,2595907,2597710,1,True,13850.619,13868.649,13850.619,13868.649,18.03,0,0,1803,True,0.01,8.55474410154e-10,0.00999999999658,0.0100000000039,100.0,3,"[0, 1, 2]",supplementary_operation,False,excluded
-1,-1,842,1680,5,supplementary_operation,1,[5],True,1814,2599388,2601201,1,True,13885.449,13903.579,13885.449,13903.579,18.13,0,0,1813,True,0.01,8.71172497695e-10,0.00999999999658,0.0100000000039,100.0,3,"[0, 1, 2]",supplementary_operation,False,excluded
-1,-1,843,1682,5,supplementary_operation,1,[5],True,1843,2602739,2604581,1,True,13918.959,13937.379,13918.959,13937.379,18.42,0,0,1842,True,0.01,9.16655160721e-10,0.00999999999658,0.0100000000039,100.0,3,"[0, 1, 2]",supplementary_operation,False,excluded
-1,-1,844,1684,5,supplementary_operation,1,[5],True,1811,2606210,2608020,1,True,13953.669,13971.779,13953.669,13971.779,18.11,0,0,1810,True,0.0100055248619,0.000234985307395,0.00999999999658,0.0200000000004,99.9447818885,3,"[0, 1, 2]",supplementary_operation,False,excluded
-1,-1,845,1686,5,supplementary_operation,1,[5],True,1837,2609668,2611504,1,True,13988.289,14006.649,13988.289,14006.649,18.36,0,0,1836,True,0.01,9.09232729569e-10,0.00999999999658,0.0100000000039,100.0,3,"[0, 1, 2]",supplementary_operation,False,excluded
-1,-1,846,1688,5,supplementary_operation,1,[5],True,1884,2613053,2614936,1,True,14022.149,14040.979,14022.149,14040.979,18.83,0,0,1883,True,0.01,9.74000462487e-10,0.00999999999658,0.0100000000039,100.0,3,"[0, 1, 2]",supplementary_operation,False,excluded
-1,-1,847,1690,5,supplementary_operation,1,[5],True,1074,2616459,2617532,1,True,14056.209,14066.959,14056.209,14066.959,10.75,0,0,1073,True,0.010018639329,0.000431330343516,0.00999999999658,0.0200000000004,99.8139534884,2,"[1, 2]",supplementary_operation,False,excluded
-1,-1,848,1692,5,supplementary_operation,1,[5],True,1868,2619135,2621002,1,True,14082.989,14101.719,14082.989,14101.719,18.73,0,0,1867,True,0.0100321371184,0.000565984442692,0.00999999999658,0.0200000000041,99.6796583022,3,"[0, 1, 2]",supplementary_operation,False,excluded
-1,-1,849,1694,5,supplementary_operation,1,[5],True,1342,2622554,2623895,1,True,14117.669,14704.431,14117.669,14704.431,586.762,0,0,1341,True,0.437555555556,15.6500104212,0.00999999999658,573.322,2.28542407313,2,"[1, 2]",supplementary_operation,False,excluded
-1,-1,850,1696,5,supplementary_operation,1,[5],True,1786,2625488,2627273,1,True,14720.441,14738.331,14720.441,14738.331,17.89,0,0,1785,True,0.0100224089636,0.000472850371899,0.0099999999984,0.0200000000023,99.776411403,3,"[0, 1, 2]",supplementary_operation,False,excluded
-1,-1,851,1698,5,supplementary_operation,1,[5],True,1847,2628696,2630542,1,True,14752.561,14771.031,14752.561,14771.031,18.47,0,0,1846,True,0.0100054171181,0.000232683982664,0.0099999999984,0.0200000000023,99.9458581484,3,"[0, 1, 2]",supplementary_operation,False,excluded
-1,-1,852,1700,5,supplementary_operation,1,[5],True,1834,2632069,2633902,1,True,14786.321,14804.651,14786.321,14804.651,18.33,0,0,1833,True,0.01,7.36275143029e-10,0.0099999999984,0.0100000000039,100.0,3,"[0, 1, 2]",supplementary_operation,False,excluded
-1,-1,853,1702,5,supplementary_operation,1,[5],True,1826,2635411,2637236,1,True,14819.741,14837.991,14819.741,14837.991,18.25,0,0,1825,True,0.01,7.27013451792e-10,0.0099999999984,0.0100000000039,100.0,3,"[0, 1, 2]",supplementary_operation,False,excluded
-1,-1,854,1704,5,supplementary_operation,1,[5],True,1009,2638760,2639768,1,True,14853.231,14863.311,14853.231,14863.311,10.08,0,0,1008,True,0.01,0.0,0.0099999999984,0.0100000000039,100.0,3,"[0, 1, 2]",supplementary_operation,False,excluded
-1,-1,855,1706,5,supplementary_operation,1,[5],True,1831,2641059,2642889,1,True,14876.221,14894.521,14876.221,14894.521,18.3,0,0,1830,True,0.01,7.36275143029e-10,0.0099999999984,0.0100000000039,100.0,3,"[0, 1, 2]",supplementary_operation,False,excluded
-1,-1,856,1708,5,supplementary_operation,1,[5],True,2356,2644262,2646617,1,True,14908.251,15226.414,14908.251,15226.414,318.163,0,0,2355,True,0.135101061571,6.06842141895,0.00999999999658,294.563,7.40186633895,3,"[0, 1, 2]",supplementary_operation,False,excluded
-1,-1,857,1710,5,supplementary_operation,1,[5],True,1462,2648596,2650057,1,True,15246.204,15260.814,15246.204,15260.814,14.61,0,0,1461,True,0.01,0.0,0.00999999999658,0.0100000000039,100.0,3,"[0, 1, 2]",supplementary_operation,False,excluded
-1,-1,858,1712,5,supplementary_operation,1,[5],True,1438,2651470,2652907,1,True,15274.954,15289.364,15274.954,15289.364,14.41,0,0,1437,True,0.010027835769,0.000526861328596,0.00999999999658,0.0200000000004,99.7224149896,3,"[0, 1, 2]",supplementary_operation,False,excluded
-1,-1,859,1714,5,supplementary_operation,1,[5],True,1425,2654403,2655827,1,True,15304.364,15318.654,15304.364,15318.654,14.29,0,0,1424,True,0.0100351123595,0.000591515610626,0.00999999999658,0.0200000000004,99.6501049685,3,"[0, 1, 2]",supplementary_operation,False,excluded
-1,-1,860,1716,5,supplementary_operation,1,[5],True,1023,2657316,2658338,1,True,15333.544,15343.764,15333.544,15343.764,10.22,0,0,1022,True,0.01,0.0,0.00999999999658,0.0100000000039,100.0,3,"[0, 1, 2]",supplementary_operation,False,excluded
-1,-1,861,1718,5,supplementary_operation,1,[5],True,1050,2659700,2660749,1,True,15357.384,15367.874,15357.384,15367.874,10.49,0,0,1049,True,0.01,0.0,0.00999999999658,0.0100000000039,100.0,3,"[0, 1, 2]",supplementary_operation,False,excluded
-1,-1,862,1720,5,supplementary_operation,1,[5],True,1338,2662248,2663585,1,True,15382.864,15396.234,15382.864,15396.234,13.37,0,0,1337,True,0.01,0.0,0.00999999999658,0.0100000000039,100.0,2,"[1, 2]",supplementary_operation,False,excluded
-1,-1,863,1722,5,supplementary_operation,1,[5],True,1393,2665003,2666395,1,True,15410.414,15424.334,15410.414,15424.334,13.92,0,0,1392,True,0.01,0.0,0.00999999999658,0.0100000000039,100.0,3,"[0, 1, 2]",supplementary_operation,False,excluded
-1,-1,864,1724,5,supplementary_operation,1,[5],True,1472,2667884,2669355,1,True,15439.224,15453.934,15439.224,15453.934,14.71,0,0,1471,True,0.01,0.0,0.00999999999658,0.0100000000039,100.0,3,"[0, 1, 2]",supplementary_operation,False,excluded
-1,-1,865,1726,5,supplementary_operation,1,[5],True,1829,2670698,2672526,1,True,15467.364,15485.664,15467.364,15485.664,18.3,0,0,1828,True,0.010010940919,0.000330589604575,0.00999999999658,0.0200000000004,99.8907103825,3,"[0, 1, 2]",supplementary_operation,False,excluded
-1,-1,866,1728,5,supplementary_operation,1,[5],True,1829,2673868,2675696,1,True,15499.134,15517.454,15499.134,15517.454,18.32,0,0,1828,True,0.0100218818381,0.000467268194837,0.00999999999658,0.0200000000004,99.7816593886,3,"[0, 1, 2]",supplementary_operation,False,excluded
-1,-1,867,1730,5,supplementary_operation,1,[5],True,1844,2677088,2678931,1,True,15531.504,15549.954,15531.504,15549.954,18.45,0,0,1843,True,0.0100108518719,0.000329243005005,0.00999999999658,0.0200000000004,99.891598916,3,"[0, 1, 2]",supplementary_operation,False,excluded
-1,-1,868,1732,5,supplementary_operation,1,[5],True,1834,2680232,2682065,1,True,15562.964,15581.294,15562.964,15581.294,18.33,0,0,1833,True,0.01,9.09232729569e-10,0.00999999999658,0.0100000000039,100.0,3,"[0, 1, 2]",supplementary_operation,False,excluded
-1,-1,869,1734,5,supplementary_operation,1,[5],True,1785,2683650,2685434,1,True,15597.154,15614.994,15597.154,15614.994,17.84,0,0,1784,True,0.01,8.14907252789e-10,0.00999999999658,0.0100000000039,100.0,3,"[0, 1, 2]",supplementary_operation,False,excluded
-1,-1,870,1736,5,supplementary_operation,1,[5],True,1126,2687038,2688163,1,True,15631.044,15642.294,15631.044,15642.294,11.25,0,0,1125,True,0.01,0.0,0.00999999999658,0.0100000000039,100.0,3,"[0, 1, 2]",supplementary_operation,False,excluded
-1,-1,871,1738,5,supplementary_operation,1,[5],True,1868,2689738,2691605,1,True,15658.044,15676.714,15658.044,15676.714,18.67,0,0,1867,True,0.01,9.67018290297e-10,0.00999999999658,0.0100000000039,100.0,3,"[0, 1, 2]",supplementary_operation,False,excluded
-1,-1,872,1740,5,supplementary_operation,1,[5],True,960,2693140,2694099,1,True,15692.064,15701.654,15692.064,15701.654,9.59,0,0,959,True,0.01,0.0,0.00999999999658,0.0100000000039,100.0,3,"[0, 1, 2]",supplementary_operation,False,excluded
-1,-1,873,1742,5,supplementary_operation,1,[5],True,1861,2695647,2697507,1,True,15717.144,15735.744,15717.144,15735.744,18.6,0,0,1860,True,0.01,9.4576254541e-10,0.00999999999658,0.0100000000039,100.0,3,"[0, 1, 2]",supplementary_operation,False,excluded
-1,-1,874,1744,5,supplementary_operation,1,[5],True,1846,2699153,2700998,1,True,15752.214,15770.664,15752.214,15770.664,18.45,0,0,1845,True,0.01,9.16655160721e-10,0.00999999999658,0.0100000000039,100.0,3,"[0, 1, 2]",supplementary_operation,False,excluded
-1,-1,875,1746,5,supplementary_operation,1,[5],True,1887,2702547,2704433,1,True,15786.164,15805.024,15786.164,15805.024,18.86,0,0,1886,True,0.01,9.87816761974e-10,0.00999999999658,0.0100000000039,100.0,3,"[0, 1, 2]",supplementary_operation,False,excluded
-1,-1,876,1748,5,supplementary_operation,1,[5],True,1037,2705958,2706994,1,True,15820.284,15830.644,15820.284,15830.644,10.36,0,0,1036,True,0.01,0.0,0.00999999999658,0.0100000000039,100.0,2,"[1, 2]",supplementary_operation,False,excluded
-1,-1,877,1750,5,supplementary_operation,1,[5],True,1810,2708500,2710309,1,True,15845.704,15863.824,15845.704,15863.824,18.12,0,0,1809,True,0.0100165837479,0.000406893669932,0.00999999999658,0.0200000000041,99.8344370861,3,"[0, 1, 2]",supplementary_operation,False,excluded
-1,-1,878,1752,5,supplementary_operation,1,[5],True,1807,2711918,2713724,1,True,15879.944,15898.084,15879.944,15898.084,18.14,0,0,1806,True,0.0100442967885,0.000742797179969,0.00999999999658,0.0300000000007,99.558985667,3,"[0, 1, 2]",supplementary_operation,False,excluded
-1,-1,879,1754,5,supplementary_operation,1,[5],True,1093,2715249,2716341,1,True,15913.334,15924.254,15913.334,15924.254,10.92,0,0,1092,True,0.01,0.0,0.00999999999658,0.0100000000039,100.0,2,"[1, 2]",supplementary_operation,False,excluded
-1,-1,880,1756,5,supplementary_operation,1,[5],True,1851,2717803,2719653,1,True,15938.884,15957.384,15938.884,15957.384,18.5,0,0,1850,True,0.01,9.31322574615e-10,0.00999999999658,0.0100000000039,100.0,3,"[0, 1, 2]",supplementary_operation,False,excluded
-1,-1,881,1758,5,supplementary_operation,1,[5],True,1045,2721052,2722096,1,True,15971.374,15981.834,15971.374,15981.834,10.46,0,0,1044,True,0.0100191570881,0.000618687941034,0.00999999999658,0.0299999999988,99.8087954111,2,"[1, 2]",supplementary_operation,False,excluded
-1,-1,882,1760,5,supplementary_operation,1,[5],True,1821,2723608,2725428,1,True,15996.954,16015.164,15996.954,16015.164,18.21,0,0,1820,True,0.0100054945055,0.000234339209993,0.00999999999658,0.0199999999986,99.9450851181,2,"[1, 2]",supplementary_operation,False,excluded
-1,-1,883,1762,5,supplementary_operation,1,[5],True,1421,2726857,2728277,1,True,16029.454,16043.664,16029.454,16043.664,14.21,0,0,1420,True,0.0100070422535,0.00026527898872,0.00999999999658,0.0199999999986,99.9296270232,2,"[1, 2]",supplementary_operation,False,excluded
-1,-1,884,1764,5,supplementary_operation,1,[5],True,1779,2729694,2731472,1,True,16057.834,16196.38,16057.834,16196.38,138.546,0,0,1778,True,0.0779223847019,2.85991173663,0.00999999999476,120.636,12.8332828086,3,"[0, 1, 2]",supplementary_operation,False,excluded
-1,-1,885,1766,5,supplementary_operation,1,[5],True,1095,2732885,2733979,1,True,16210.51,16221.46,16210.51,16221.46,10.95,0,0,1094,True,0.0100091407678,0.00030219881637,0.00999999999476,0.0200000000004,99.9086757991,3,"[0, 1, 2]",supplementary_operation,False,excluded
-1,-1,886,1768,5,supplementary_operation,1,[5],True,1058,2735490,2736547,1,True,16236.59,16247.16,16236.59,16247.16,10.57,0,0,1057,True,0.01,0.0,0.00999999999476,0.0100000000057,100.0,3,"[0, 1, 2]",supplementary_operation,False,excluded
-1,-1,887,1770,5,supplementary_operation,1,[5],True,1557,2738422,2739978,1,True,16265.91,16281.47,16265.91,16281.47,15.56,0,0,1556,True,0.01,4.65661287308e-10,0.00999999999476,0.0100000000057,100.0,3,"[0, 1, 2]",supplementary_operation,False,excluded
-1,-1,888,1772,5,supplementary_operation,1,[5],True,1816,2741326,2743141,1,True,16294.95,16313.1,16294.95,16313.1,18.15,0,0,1815,True,0.01,1.06696404865e-09,0.00999999999476,0.0100000000057,100.0,3,"[0, 1, 2]",supplementary_operation,False,excluded
-1,-1,889,1774,5,supplementary_operation,1,[5],True,1857,2744473,2746329,1,True,16326.42,16344.98,16326.42,16344.98,18.56,0,0,1856,True,0.01,1.12868842143e-09,0.00999999999476,0.0100000000057,100.0,3,"[0, 1, 2]",supplementary_operation,False,excluded
-1,-1,890,1776,5,supplementary_operation,1,[5],True,1841,2747671,2749511,1,True,16358.4,16376.83,16358.4,16376.83,18.43,0,0,1840,True,0.0100163043478,0.000403457118562,0.00999999999476,0.0200000000059,99.8372219208,2,"[1, 2]",supplementary_operation,False,excluded
-1,-1,891,1778,5,supplementary_operation,1,[5],True,1884,2750792,2752675,1,True,16389.68,16408.53,16389.68,16408.53,18.85,0,0,1883,True,0.0100106213489,0.000325730987272,0.0099999999984,0.0200000000004,99.8938992043,2,"[1, 2]",supplementary_operation,False,excluded
-1,-1,892,1780,5,supplementary_operation,1,[5],True,1848,2754291,2756138,1,True,16424.69,16443.17,16424.69,16443.17,18.48,0,0,1847,True,0.0100054141852,0.000232621018514,0.0099999999984,0.0200000000004,99.9458874459,2,"[1, 2]",supplementary_operation,False,excluded
-1,-1,893,1782,5,supplementary_operation,1,[5],True,1803,2757716,2759518,1,True,16458.98,16477.02,16458.98,16477.02,18.04,0,0,1802,True,0.0100110987791,0.000332963373982,0.0099999999984,0.0200000000004,99.889135255,3,"[0, 1, 2]",supplementary_operation,False,excluded
-1,-1,894,1784,5,supplementary_operation,1,[5],True,1764,2761092,2762855,1,True,16492.76,16510.39,16492.76,16510.39,17.63,0,0,1763,True,0.01,0.0,0.0099999999984,0.010000000002,100.0,2,"[1, 2]",supplementary_operation,False,excluded
-1,-1,895,1786,5,supplementary_operation,1,[5],True,1838,2764550,2766387,1,True,16527.36,16545.83,16527.36,16545.83,18.47,0,0,1837,True,0.0100544365814,0.000735800565698,0.0099999999984,0.0200000000004,99.4585814835,3,"[0, 1, 2]",supplementary_operation,False,excluded
-1,-1,896,1788,5,supplementary_operation,1,[5],True,1839,2767991,2769829,1,True,16561.96,16580.34,16561.96,16580.34,18.38,0,0,1838,True,0.01,0.0,0.0099999999984,0.010000000002,100.0,3,"[0, 1, 2]",supplementary_operation,False,excluded
-1,-1,897,1790,5,supplementary_operation,1,[5],True,1082,2771534,2772615,1,True,16597.4,16608.21,16597.4,16608.21,10.81,0,0,1081,True,0.01,1.11053139136e-09,0.0099999999984,0.010000000002,100.0,3,"[0, 1, 2]",supplementary_operation,False,excluded
-1,-1,898,1792,5,supplementary_operation,1,[5],True,1818,2774162,2775979,1,True,16623.68,16641.85,16623.68,16641.85,18.17,0,0,1817,True,0.01,0.0,0.0099999999984,0.010000000002,100.0,3,"[0, 1, 2]",supplementary_operation,False,excluded
-1,-1,899,1794,5,supplementary_operation,1,[5],True,1848,2777524,2779371,1,True,16657.3,16675.77,16657.3,16675.77,18.47,0,0,1847,True,0.01,0.0,0.0099999999984,0.010000000002,100.0,2,"[1, 2]",supplementary_operation,False,excluded
-1,-1,900,1796,5,supplementary_operation,1,[5],True,2355,2780934,2783288,1,True,16691.4,17039.887,16691.4,17039.887,348.487,0,0,2354,True,0.148040356839,6.69293230708,0.00999999999476,324.807,6.75491481748,3,"[0, 1, 2]",supplementary_operation,False,excluded
-1,-1,901,1798,5,supplementary_operation,1,[5],True,1781,2784805,2786585,1,True,17055.117,17073.067,17055.117,17073.067,17.95,0,0,1780,True,0.0100842696629,0.00131699341589,0.00999999999476,0.0400000000009,99.1643454039,3,"[0, 1, 2]",supplementary_operation,False,excluded
-1,-1,902,1800,5,supplementary_operation,1,[5],True,1880,2787962,2789841,1,True,17086.837,17105.787,17086.837,17105.787,18.95,0,0,1879,True,0.0100851516764,0.00121774526458,0.00999999999476,0.0399999999972,99.1556728232,3,"[0, 1, 2]",supplementary_operation,False,excluded
-1,-1,903,1802,5,supplementary_operation,1,[5],True,1808,2791152,2792959,1,True,17119.677,17137.917,17119.677,17137.917,18.24,0,0,1807,True,0.0100940785833,0.00126333652295,0.00999999999476,0.0400000000009,99.0679824562,3,"[0, 1, 2]",supplementary_operation,False,excluded
-1,-1,904,1804,5,supplementary_operation,1,[5],True,1795,2794283,2796077,1,True,17151.277,17169.817,17151.277,17169.817,18.54,0,0,1794,True,0.0103344481605,0.00213785375445,0.00999999999476,0.0400000000009,96.7637540453,3,"[0, 1, 2]",supplementary_operation,False,excluded
-1,-1,905,1806,5,supplementary_operation,1,[5],True,1827,2797384,2799210,1,True,17183.327,17201.837,17183.327,17201.837,18.51,0,0,1826,True,0.0101369112815,0.0015984953528,0.00999999999476,0.0400000000009,98.6493787142,2,"[1, 2]",supplementary_operation,False,excluded
-1,-1,906,1808,5,supplementary_operation,1,[5],True,938,2800543,2801480,1,True,17215.427,17225.247,17215.427,17225.247,9.82,0,0,937,True,0.0104802561366,0.00300903739051,0.00999999999476,0.0400000000045,95.417515275,3,"[0, 1, 2]",supplementary_operation,False,excluded
-1,-1,907,1810,5,supplementary_operation,1,[5],True,1822,2802573,2804394,1,True,17236.177,17254.757,17236.177,17254.757,18.58,0,0,1821,True,0.0102031850632,0.00209924302226,0.00999999999476,0.0599999999977,98.0086114101,3,"[0, 1, 2]",supplementary_operation,False,excluded
-1,-1,908,1812,5,supplementary_operation,1,[5],True,1802,2805698,2807499,1,True,17268.017,17286.637,17268.017,17286.637,18.62,0,0,1801,True,0.0103387007218,0.00239068530189,0.00999999999476,0.0499999999993,96.723952739,2,"[1, 2]",supplementary_operation,False,excluded
-1,-1,909,1814,5,supplementary_operation,1,[5],True,1822,2809240,2811061,1,True,17304.047,17322.257,17304.047,17322.257,18.21,0,0,1821,True,0.01,0.0,0.00999999999476,0.0100000000057,100.0,3,"[0, 1, 2]",supplementary_operation,False,excluded
-1,-1,910,1816,5,supplementary_operation,1,[5],True,1833,2812705,2814537,1,True,17338.707,17357.037,17338.707,17357.037,18.33,0,0,1832,True,0.0100054585153,0.000233570883232,0.00999999999476,0.0200000000041,99.9454446263,2,"[1, 2]",supplementary_operation,False,excluded
-1,-1,911,1818,5,supplementary_operation,1,[5],True,1801,2816148,2817948,1,True,17373.397,17391.657,17373.397,17391.657,18.26,0,0,1800,True,0.0101444444444,0.00175790981389,0.00999999999476,0.0600000000013,98.5761226725,2,"[1, 2]",supplementary_operation,False,excluded
-1,-1,912,1820,5,supplementary_operation,1,[5],True,1789,2819492,2821280,1,True,17407.137,17425.647,17407.137,17425.647,18.51,0,0,1788,True,0.0103523489933,0.00292314111708,0.00999999999476,0.0600000000049,96.5964343598,3,"[0, 1, 2]",supplementary_operation,False,excluded
-1,-1,913,1822,5,supplementary_operation,1,[5],True,1877,2822864,2824740,1,True,17441.487,17460.257,17441.487,17460.257,18.77,0,0,1876,True,0.0100053304904,0.000230817005283,0.00999999999476,0.0200000000004,99.946723495,3,"[0, 1, 2]",supplementary_operation,False,excluded
-1,-1,914,1824,5,supplementary_operation,1,[5],True,1388,2826273,2827660,1,True,17475.587,756.44,742.54,17475.717,16733.177,1,0,1386,False,0.0101226551227,0.00116439129666,0.0099999999984,0.0299999999997,98.7883107626,3,"[0, 1, 2]",nonmonotonic_timestamps;supplementary_operation,False,excluded
-1,-1,915,1826,5,supplementary_operation,1,[5],True,1868,2829007,2830874,1,True,770.04,788.76,770.04,788.76,18.72,0,0,1867,True,0.010026780932,0.000611731827979,0.00999999999976,0.0300000000003,99.7329059829,3,"[0, 1, 2]",supplementary_operation,False,excluded
-1,-1,916,1828,5,supplementary_operation,1,[5],True,1862,2832249,2834110,1,True,802.52,821.13,802.52,821.13,18.61,0,0,1861,True,0.01,1.5044175069e-09,0.00999999999976,0.0100000000003,100.0,3,"[0, 1, 2]",supplementary_operation,False,excluded
-1,-1,917,1830,5,supplementary_operation,1,[5],True,1186,2835508,2836693,1,True,4389.003,4400.853,4389.003,4400.853,11.85,0,0,1185,True,0.01,0.0,0.0099999999984,0.0100000000011,100.0,3,"[0, 1, 2]",supplementary_operation,False,excluded
-1,-1,918,1832,5,supplementary_operation,1,[5],True,1302,2838366,2839667,1,True,4417.583,4430.593,4417.583,4430.593,13.01,0,0,1301,True,0.01,0.0,0.0099999999984,0.0100000000011,100.0,3,"[0, 1, 2]",supplementary_operation,False,excluded
-1,-1,919,1834,5,supplementary_operation,1,[5],True,1239,2841203,2842441,1,True,4445.953,4458.333,4445.953,4458.333,12.38,0,0,1238,True,0.01,0.0,0.0099999999984,0.0100000000011,100.0,3,"[0, 1, 2]",supplementary_operation,False,excluded
-1,-1,920,1836,5,supplementary_operation,1,[5],True,1254,2843840,2845093,1,True,4472.323,4484.853,4472.323,4484.853,12.53,0,0,1253,True,0.01,0.0,0.0099999999984,0.0100000000011,100.0,3,"[0, 1, 2]",supplementary_operation,False,excluded
-1,-1,921,1838,5,supplementary_operation,1,[5],True,1375,2846464,2847838,1,True,4498.563,4512.333,4498.563,4512.333,13.77,0,0,1374,True,0.0100218340611,0.000602846823576,0.0099999999984,0.0299999999997,99.7821350763,3,"[0, 1, 2]",supplementary_operation,False,excluded
-1,-1,922,1840,5,supplementary_operation,1,[5],True,1387,2849288,2850674,1,True,4526.983,4541.063,4526.983,4541.063,14.08,0,0,1386,True,0.0101587301587,0.00227367762258,0.0099999999984,0.0599999999995,98.4375,3,"[0, 1, 2]",supplementary_operation,False,excluded
-1,-1,923,1842,5,supplementary_operation,1,[5],True,1453,2851964,2853416,1,True,4554.073,4568.673,4554.073,4568.673,14.6,0,0,1452,True,0.0100550964187,0.00104828085898,0.0099999999984,0.04,99.4520547945,3,"[0, 1, 2]",supplementary_operation,False,excluded
-1,-1,924,1844,5,supplementary_operation,1,[5],True,1418,2854740,2856157,1,True,4582.023,4596.253,4582.023,4596.253,14.23,0,0,1417,True,0.0100423429781,0.000839001414918,0.0099999999984,0.0299999999997,99.5783555868,3,"[0, 1, 2]",supplementary_operation,False,excluded
-1,-1,925,1846,5,supplementary_operation,1,[5],True,1772,2857418,2859189,1,True,4609.103,4626.863,4609.103,4626.863,17.76,0,0,1771,True,0.0100282326369,0.000628060375489,0.0099999999984,0.0300000000016,99.7184684685,3,"[0, 1, 2]",supplementary_operation,False,excluded
-1,-1,926,1848,5,supplementary_operation,1,[5],True,1001,2860580,2861580,1,True,4640.863,4650.873,4640.863,4650.873,10.01,0,0,1000,True,0.01001,0.000316069612569,0.0099999999984,0.0199999999995,99.9000999001,3,"[0, 1, 2]",supplementary_operation,False,excluded
-1,-1,927,1850,5,supplementary_operation,1,[5],True,1835,2862853,2864687,1,True,4663.603,4681.943,4663.603,4681.943,18.34,0,0,1834,True,0.01,7.72211884697e-10,0.0099999999984,0.0100000000011,100.0,2,"[1, 2]",supplementary_operation,False,excluded
-1,-1,928,1852,5,supplementary_operation,1,[5],True,1791,2865930,2867720,1,True,4694.373,4712.533,4694.373,4712.533,18.16,0,0,1790,True,0.0101452513966,0.00291041614609,0.0099999999984,0.119999999999,98.5682819383,3,"[0, 1, 2]",supplementary_operation,False,excluded
-1,-1,929,1854,5,supplementary_operation,1,[5],True,1756,2868848,2870603,1,True,4724.033,4741.683,4724.033,4741.683,17.65,0,0,1755,True,0.010056980057,0.00111817464047,0.0099999999984,0.0499999999984,99.433427762,3,"[0, 1, 2]",supplementary_operation,False,excluded
-1,-1,930,1856,5,supplementary_operation,1,[5],True,1803,2872201,2874003,1,True,4757.773,4775.913,4757.773,4775.913,18.14,0,0,1802,True,0.0100665926748,0.00124474675916,0.0099999999984,0.0500000000002,99.3384785006,3,"[0, 1, 2]",supplementary_operation,False,excluded
-1,-1,931,1858,5,supplementary_operation,1,[5],True,1776,2875545,2877320,1,True,4791.543,4809.293,4791.543,4809.293,17.75,0,0,1775,True,0.01,6.88722331903e-10,0.0099999999984,0.0100000000011,100.0,3,"[0, 1, 2]",supplementary_operation,False,excluded
-1,-1,932,1860,5,supplementary_operation,1,[5],True,1774,2878897,2880670,1,True,4825.063,4842.873,4825.063,4842.873,17.81,0,0,1773,True,0.0100451212634,0.00167870278303,0.0099999999984,0.079999999999,99.5508141494,3,"[0, 1, 2]",supplementary_operation,False,excluded
-1,-1,933,1862,5,supplementary_operation,1,[5],True,1797,2882190,2883986,1,True,4858.073,4876.033,4858.073,4876.033,17.96,0,0,1796,True,0.01,7.08126757561e-10,0.0099999999984,0.0100000000011,100.0,3,"[0, 1, 2]",supplementary_operation,False,excluded
-1,-1,934,1864,5,supplementary_operation,1,[5],True,1363,2885454,2886816,1,True,4890.713,4904.333,4890.713,4904.333,13.62,0,0,1362,True,0.01,0.0,0.0099999999984,0.0100000000011,100.0,3,"[0, 1, 2]",supplementary_operation,False,excluded
-1,-1,935,1866,5,supplementary_operation,1,[5],True,1417,2888476,2889892,1,True,4920.933,6037.345,4920.933,6037.345,1116.412,0,0,1416,True,0.788426553672,29.280608003,0.00999999999749,1102.222,1.26834896078,3,"[0, 1, 2]",supplementary_operation,False,excluded
-1,-1,936,1868,5,supplementary_operation,1,[5],True,1776,2891391,2893166,1,True,6052.335,6070.165,6052.335,6070.165,17.83,0,0,1775,True,0.0100450704225,0.000749232232841,0.00999999999749,0.0299999999997,99.5513180034,3,"[0, 1, 2]",supplementary_operation,False,excluded
-1,-1,937,1870,5,supplementary_operation,1,[5],True,1821,2894754,2896574,1,True,6086.085,6104.335,6086.085,6104.335,18.25,0,0,1820,True,0.0100274725275,0.00061956488347,0.00999999999749,0.0299999999979,99.7260273973,3,"[0, 1, 2]",supplementary_operation,False,excluded
-1,-1,938,1872,5,supplementary_operation,1,[5],True,1849,2898171,2900019,1,True,6120.305,6138.785,6120.305,6138.785,18.48,0,0,1848,True,0.01,9.80932937606e-10,0.00999999999749,0.0100000000029,100.0,3,"[0, 1, 2]",supplementary_operation,False,excluded
-1,-1,939,1874,5,supplementary_operation,1,[5],True,1788,2901555,2903342,1,True,6154.185,6172.145,6154.185,6172.145,17.96,0,0,1787,True,0.0100503637381,0.000851433914683,0.00999999999749,0.0300000000016,99.4988864143,3,"[0, 1, 2]",supplementary_operation,False,excluded
-1,-1,940,1876,5,supplementary_operation,1,[5],True,1758,2904767,2906524,1,True,6186.405,6204.075,6186.405,6204.075,17.67,0,0,1757,True,0.0100569151964,0.000824465291402,0.00999999999749,0.0299999999997,99.4340690436,3,"[0, 1, 2]",supplementary_operation,False,excluded
-1,-1,941,1878,5,supplementary_operation,1,[5],True,1797,2908052,2909848,1,True,6219.475,6237.475,6219.475,6237.475,18.0,0,0,1796,True,0.0100222717149,0.000471403351648,0.00999999999749,0.0200000000004,99.7777777778,3,"[0, 1, 2]",supplementary_operation,False,excluded
-1,-1,942,1880,5,supplementary_operation,1,[5],True,1436,2911305,2912740,1,True,6252.065,6266.475,6252.065,6266.475,14.41,0,0,1435,True,0.0100418118467,0.000645267569627,0.00999999999749,0.0200000000023,99.5836224844,3,"[0, 1, 2]",supplementary_operation,False,excluded
-1,-1,943,1882,5,supplementary_operation,1,[5],True,1785,2914067,2915851,1,True,6279.745,6297.595,6279.745,6297.595,17.85,0,0,1784,True,0.0100056053812,0.000236690496993,0.00999999999749,0.0200000000004,99.943977591,3,"[0, 1, 2]",supplementary_operation,False,excluded
-1,-1,944,1884,5,supplementary_operation,1,[5],True,1013,2917316,2918328,1,True,6312.245,6322.365,6312.245,6322.365,10.12,0,0,1012,True,0.01,0.0,0.00999999999749,0.0100000000029,100.0,3,"[0, 1, 2]",supplementary_operation,False,excluded
-1,-1,945,1886,5,supplementary_operation,1,[5],True,1846,2919813,2921658,1,True,6337.225,6355.675,6337.225,6355.675,18.45,0,0,1845,True,0.01,9.67018290297e-10,0.00999999999749,0.0100000000029,100.0,3,"[0, 1, 2]",supplementary_operation,False,excluded
-1,-1,946,1888,5,supplementary_operation,1,[5],True,1826,2923027,2924852,1,True,6369.365,6387.615,6369.365,6387.615,18.25,0,0,1825,True,0.01,9.4576254541e-10,0.00999999999749,0.0100000000029,100.0,2,"[1, 2]",supplementary_operation,False,excluded
-1,-1,947,1890,5,supplementary_operation,1,[5],True,1394,2926253,2927646,1,True,6401.635,6415.565,6401.635,6415.565,13.93,0,0,1393,True,0.01,0.0,0.00999999999749,0.0100000000029,100.0,3,"[0, 1, 2]",supplementary_operation,False,excluded
-1,-1,948,1892,5,supplementary_operation,1,[5],True,1383,2929045,2930427,1,True,6429.565,6443.385,6429.565,6443.385,13.82,0,0,1382,True,0.01,0.0,0.00999999999749,0.0100000000029,100.0,2,"[1, 2]",supplementary_operation,False,excluded
-1,-1,949,1894,5,supplementary_operation,1,[5],True,1406,2931940,2933345,1,True,6458.515,6472.565,6458.515,6472.565,14.05,0,0,1405,True,0.01,0.0,0.00999999999749,0.0100000000029,100.0,3,"[0, 1, 2]",supplementary_operation,False,excluded
-1,-1,950,1896,5,supplementary_operation,1,[5],True,1359,2934764,2936122,1,True,6486.755,6500.335,6486.755,6500.335,13.58,0,0,1358,True,0.01,0.0,0.00999999999749,0.0100000000029,100.0,3,"[0, 1, 2]",supplementary_operation,False,excluded
-1,-1,951,1898,5,supplementary_operation,1,[5],True,1351,2937676,2939026,1,True,6515.875,6529.375,6515.875,6529.375,13.5,0,0,1350,True,0.01,0.0,0.00999999999749,0.0100000000029,100.0,3,"[0, 1, 2]",supplementary_operation,False,excluded
-1,-1,952,1900,5,supplementary_operation,1,[5],True,1302,2940512,2941813,1,True,6544.235,6557.245,6544.235,6557.245,13.01,0,0,1301,True,0.01,0.0,0.00999999999749,0.0100000000029,100.0,3,"[0, 1, 2]",supplementary_operation,False,excluded
-1,-1,953,1902,5,supplementary_operation,1,[5],True,1042,2943286,2944327,1,True,6571.975,6582.425,6571.975,6582.425,10.45,0,0,1041,True,0.0100384245917,0.00097935608653,0.00999999999749,0.04,99.6172248804,3,"[0, 1, 2]",supplementary_operation,False,excluded
-1,-1,954,1904,5,supplementary_operation,1,[5],True,1445,2945380,2946824,1,True,6592.955,6607.395,6592.955,6607.395,14.44,0,0,1444,True,0.01,0.0,0.00999999999749,0.0100000000029,100.0,3,"[0, 1, 2]",supplementary_operation,False,excluded
-1,-1,955,1906,5,supplementary_operation,1,[5],True,1853,2948275,2950127,1,True,6621.905,6640.425,6621.905,6640.425,18.52,0,0,1852,True,0.01,9.87816761974e-10,0.00999999999749,0.0100000000029,100.0,3,"[0, 1, 2]",supplementary_operation,False,excluded
-1,-1,956,1908,5,supplementary_operation,1,[5],True,1839,2951409,2953247,1,True,6653.245,6671.625,6653.245,6671.625,18.38,0,0,1838,True,0.01,9.59985336665e-10,0.00999999999749,0.0100000000029,100.0,3,"[0, 1, 2]",supplementary_operation,False,excluded
-1,-1,957,1910,5,supplementary_operation,1,[5],True,1870,2954543,2956412,1,True,6684.585,6703.275,6684.585,6703.275,18.69,0,0,1869,True,0.01,9.94652945702e-10,0.00999999999749,0.0100000000029,100.0,3,"[0, 1, 2]",supplementary_operation,False,excluded
-1,-1,958,1912,5,supplementary_operation,1,[5],True,1844,2957636,2959479,1,True,6715.515,6733.945,6715.515,6733.945,18.43,0,0,1843,True,0.01,9.67018290297e-10,0.00999999999749,0.0100000000029,100.0,3,"[0, 1, 2]",supplementary_operation,False,excluded
-1,-1,959,1914,5,supplementary_operation,1,[5],True,1854,2961025,2962878,1,True,6749.405,6767.935,6749.405,6767.935,18.53,0,0,1853,True,0.01,9.74000462487e-10,0.00999999999749,0.0100000000029,100.0,2,"[1, 2]",supplementary_operation,False,excluded
-1,-1,960,1916,5,supplementary_operation,1,[5],True,1854,2964439,2966292,1,True,6783.545,6802.075,6783.545,6802.075,18.53,0,0,1853,True,0.01,9.67018290297e-10,0.00999999999749,0.0100000000029,100.0,3,"[0, 1, 2]",supplementary_operation,False,excluded
-1,-1,961,1918,5,supplementary_operation,1,[5],True,1809,2967986,2969794,1,True,6819.015,6837.105,6819.015,6837.105,18.09,0,0,1808,True,0.0100055309735,0.000235115169335,0.00999999999749,0.0200000000004,99.9447208402,3,"[0, 1, 2]",supplementary_operation,False,excluded
-1,-1,962,1920,5,supplementary_operation,1,[5],True,1107,2971314,2972420,1,True,6852.305,6863.375,6852.305,6863.375,11.07,0,0,1106,True,0.0100090415913,0.000300556422021,0.00999999999749,0.0199999999995,99.9096657633,2,"[1, 2]",supplementary_operation,False,excluded
-1,-1,963,1922,5,supplementary_operation,1,[5],True,1786,2973974,2975759,1,True,6878.915,6896.775,6878.915,6896.775,17.86,0,0,1785,True,0.0100056022409,0.00023662422502,0.00999999999749,0.0200000000004,99.9440089586,3,"[0, 1, 2]",supplementary_operation,False,excluded
-1,-1,964,1924,5,supplementary_operation,1,[5],True,1820,2977326,2979145,1,True,6912.445,6930.635,6912.445,6930.635,18.19,0,0,1819,True,0.01,9.16655160721e-10,0.00999999999749,0.0100000000029,100.0,3,"[0, 1, 2]",supplementary_operation,False,excluded
-1,-1,965,1926,5,supplementary_operation,1,[5],True,1815,2980670,2982484,1,True,6945.885,6964.075,6945.885,6964.075,18.19,0,0,1814,True,0.0100275633958,0.000703833349524,0.00999999999749,0.0300000000025,99.7251236943,3,"[0, 1, 2]",supplementary_operation,False,excluded
-1,-1,966,1928,5,supplementary_operation,1,[5],True,1868,2984011,2985878,1,True,6979.375,6998.045,6979.375,6998.045,18.67,0,0,1867,True,0.01,9.74000462487e-10,0.00999999999749,0.0100000000029,100.0,3,"[0, 1, 2]",supplementary_operation,False,excluded
-1,-1,967,1930,5,supplementary_operation,1,[5],True,1764,2987402,2989165,1,True,7013.305,7030.935,7013.305,7030.935,17.63,0,0,1763,True,0.01,8.63359133608e-10,0.00999999999749,0.0100000000029,100.0,3,"[0, 1, 2]",supplementary_operation,False,excluded
-1,-1,968,1932,5,supplementary_operation,1,[5],True,1821,2990664,2992484,1,True,7045.935,7064.135,7045.935,7064.135,18.2,0,0,1820,True,0.01,9.16655160721e-10,0.00999999999749,0.0100000000029,100.0,3,"[0, 1, 2]",supplementary_operation,False,excluded
-1,-1,969,1934,5,supplementary_operation,1,[5],True,1823,2994010,2995832,1,True,7079.395,7097.635,7079.395,7097.635,18.24,0,0,1822,True,0.0100109769484,0.00033113288977,0.00999999999749,0.0200000000004,99.8903508772,3,"[0, 1, 2]",supplementary_operation,False,excluded
-1,-1,970,1936,5,supplementary_operation,1,[5],True,1810,2997356,2999165,1,True,7112.875,7130.965,7112.875,7130.965,18.09,0,0,1809,True,0.01,9.01749205358e-10,0.00999999999749,0.0100000000029,100.0,3,"[0, 1, 2]",supplementary_operation,False,excluded
-1,-1,971,1938,5,supplementary_operation,1,[5],True,1031,3000544,3001574,1,True,7144.755,7155.055,7144.755,7155.055,10.3,0,0,1030,True,0.01,0.0,0.00999999999749,0.0100000000029,100.0,3,"[0, 1, 2]",supplementary_operation,False,excluded
-1,-1,972,1940,5,supplementary_operation,1,[5],True,1856,3002820,3004675,1,True,7167.515,7186.065,7167.515,7186.065,18.55,0,0,1855,True,0.01,9.59985336665e-10,0.00999999999749,0.0100000000029,100.0,3,"[0, 1, 2]",supplementary_operation,False,excluded
-1,-1,973,1942,5,supplementary_operation,1,[5],True,1384,3006074,3007457,1,True,7200.055,7213.885,7200.055,7213.885,13.83,0,0,1383,True,0.01,0.0,0.00999999999749,0.0100000000029,100.0,2,"[1, 2]",supplementary_operation,False,excluded
-1,-1,974,1944,5,supplementary_operation,1,[5],True,1339,3008875,3010213,1,True,7228.065,7241.445,7228.065,7241.445,13.38,0,0,1338,True,0.01,0.0,0.00999999999749,0.010000000002,100.0,3,"[0, 1, 2]",supplementary_operation,False,excluded
-1,-1,975,1946,5,supplementary_operation,1,[5],True,1373,3011563,3012935,1,True,7254.995,7268.715,7254.995,7268.715,13.72,0,0,1372,True,0.01,0.0,0.00999999999749,0.010000000002,100.0,3,"[0, 1, 2]",supplementary_operation,False,excluded
-1,-1,976,1948,5,supplementary_operation,1,[5],True,1387,3014350,3015736,1,True,7282.865,7296.765,7282.865,7296.765,13.9,0,0,1386,True,0.0100288600289,0.000657318439958,0.00999999999749,0.0299999999979,99.7122302158,3,"[0, 1, 2]",supplementary_operation,False,excluded
-1,-1,977,1950,5,supplementary_operation,1,[5],True,1506,3017046,3018551,1,True,7309.985,7325.035,7309.985,7325.035,15.05,0,0,1505,True,0.01,0.0,0.00999999999749,0.010000000002,100.0,3,"[0, 1, 2]",supplementary_operation,False,excluded
-1,-1,978,1952,5,supplementary_operation,1,[5],True,1860,3019858,3021717,1,True,7338.105,7356.705,7338.105,7356.705,18.6,0,0,1859,True,0.0100053792361,0.000231869414323,0.00999999999749,0.0199999999995,99.9462365591,3,"[0, 1, 2]",supplementary_operation,False,excluded
-1,-1,979,1954,5,supplementary_operation,1,[5],True,1810,3023125,3024934,1,True,7370.865,7389.075,7370.865,7389.075,18.21,0,0,1809,True,0.0100663349917,0.00155816645398,0.00999999999749,0.0600000000022,99.3410214168,2,"[1, 2]",supplementary_operation,False,excluded
-1,-1,980,1956,5,supplementary_operation,1,[5],True,937,3026261,3027197,1,True,7402.345,7411.705,7402.345,7411.705,9.36,0,0,936,True,0.01,0.0,0.00999999999749,0.010000000002,100.0,3,"[0, 1, 2]",supplementary_operation,False,excluded
-1,-1,981,1958,5,supplementary_operation,1,[5],True,1812,3028598,3030409,1,True,7425.805,7443.915,7425.805,7443.915,18.11,0,0,1811,True,0.01,7.45421768799e-10,0.00999999999749,0.010000000002,100.0,3,"[0, 1, 2]",supplementary_operation,False,excluded
-1,-1,982,1960,5,supplementary_operation,1,[5],True,1462,3031982,3033443,1,True,7459.645,7474.255,7459.645,7474.255,14.61,0,0,1461,True,0.01,0.0,0.00999999999749,0.010000000002,100.0,3,"[0, 1, 2]",supplementary_operation,False,excluded
-1,-1,983,1962,5,supplementary_operation,1,[5],True,1808,3034718,3036525,1,True,7487.085,7505.165,7487.085,7505.165,18.08,0,0,1807,True,0.0100055340343,0.000235180181031,0.00999999999749,0.0199999999977,99.9446902655,2,"[1, 2]",supplementary_operation,False,excluded
-1,-1,984,1964,5,supplementary_operation,1,[5],True,1791,3038223,3040013,1,True,7522.145,7540.095,7522.145,7540.095,17.95,0,0,1790,True,0.0100279329609,0.000527777754968,0.00999999999749,0.0200000000023,99.721448468,3,"[0, 1, 2]",supplementary_operation,False,excluded
-1,-1,985,1966,5,supplementary_operation,1,[5],True,1856,3041714,3043569,1,True,7557.135,7575.685,7557.135,7575.685,18.55,0,0,1855,True,0.01,8.23180634978e-10,0.00999999999749,0.010000000002,100.0,3,"[0, 1, 2]",supplementary_operation,False,excluded
-1,-1,986,1968,5,supplementary_operation,1,[5],True,1456,3045129,3046584,1,True,7591.295,7605.865,7591.295,7605.865,14.57,0,0,1455,True,0.0100137457045,0.000370497098884,0.00999999999749,0.0200000000023,99.8627316404,3,"[0, 1, 2]",supplementary_operation,False,excluded
-1,-1,987,1970,5,supplementary_operation,1,[5],True,1407,3047946,3049352,1,True,7619.545,7633.695,7619.545,7633.695,14.15,0,0,1406,True,0.0100640113798,0.000882192638765,0.00999999999749,0.0299999999997,99.3639575972,3,"[0, 1, 2]",supplementary_operation,False,excluded
-1,-1,988,1972,5,supplementary_operation,1,[5],True,1446,3050607,3052052,1,True,7646.335,7660.805,7646.335,7660.805,14.47,0,0,1445,True,0.0100138408304,0.00052595155711,0.00999999999749,0.0300000000007,99.8617829993,2,"[1, 2]",supplementary_operation,False,excluded
-1,-1,989,1974,5,supplementary_operation,1,[5],True,1014,3053262,3054275,1,True,7672.965,7683.155,7672.965,7683.155,10.19,0,0,1013,True,0.0100592300099,0.000886693448083,0.00999999999749,0.0299999999997,99.4111874386,2,"[1, 2]",supplementary_operation,False,excluded
-1,-1,990,1976,5,supplementary_operation,1,[5],True,1853,3055783,3057635,1,True,7698.285,7717.075,7698.285,7717.075,18.79,0,0,1852,True,0.0101457883369,0.00174828474241,0.00999999999749,0.0400000000009,98.5630654604,2,"[1, 2]",supplementary_operation,False,excluded
-1,-1,991,1978,5,supplementary_operation,1,[5],True,1850,3059137,3060986,1,True,7732.135,7750.745,7732.135,7750.745,18.61,0,0,1849,True,0.0100648999459,0.000867729239284,0.00999999999749,0.0299999999997,99.3551853842,3,"[0, 1, 2]",supplementary_operation,False,excluded
-1,-1,992,1980,5,supplementary_operation,1,[5],True,1825,3062345,3064169,1,True,7764.445,7782.705,7764.445,7782.705,18.26,0,0,1824,True,0.0100109649123,0.00033095149721,0.00999999999749,0.0200000000023,99.8904709748,3,"[0, 1, 2]",supplementary_operation,False,excluded
-1,-1,993,1982,5,supplementary_operation,1,[5],True,2372,3065547,3067918,1,True,7796.485,8668.952,7796.485,8668.952,872.467,0,0,2371,True,0.367974272459,17.422821077,0.00999999999749,848.557,2.71758129534,3,"[0, 1, 2]",supplementary_operation,False,excluded
-1,-1,994,1984,5,supplementary_operation,1,[5],True,1778,3069258,3071035,1,True,8682.522,8700.902,8682.522,8700.902,18.38,0,0,1777,True,0.0103432751829,0.00260843639501,0.0099999999984,0.0900000000001,96.6811751904,2,"[1, 2]",supplementary_operation,False,excluded
-1,-1,995,1986,5,supplementary_operation,1,[5],True,1804,3072398,3074201,1,True,8714.702,8733.092,8714.702,8733.092,18.39,0,0,1803,True,0.0101996672213,0.00139885853954,0.0099999999984,0.0200000000004,98.0424143556,3,"[0, 1, 2]",supplementary_operation,False,excluded
-1,-1,996,1988,5,supplementary_operation,1,[5],True,1767,3075530,3077296,1,True,8746.562,8765.122,8746.562,8765.122,18.56,0,0,1766,True,0.0105096262741,0.00306048282572,0.0099999999984,0.0600000000013,95.150862069,3,"[0, 1, 2]",supplementary_operation,False,excluded
-1,-1,997,1990,5,supplementary_operation,1,[5],True,1815,3078548,3080362,1,True,8777.842,8796.562,8777.842,8796.562,18.72,0,0,1814,True,0.0103197353914,0.00227814426126,0.0099999999984,0.0499999999993,96.9017094017,3,"[0, 1, 2]",supplementary_operation,False,excluded
-1,-1,998,1992,5,supplementary_operation,1,[5],True,1045,3081678,3082722,1,True,8809.872,8820.312,8809.872,8820.312,10.44,0,0,1044,True,0.01,0.0,0.0099999999984,0.0100000000002,100.0,3,"[0, 1, 2]",supplementary_operation,False,excluded
-1,-1,999,1994,5,supplementary_operation,1,[5],True,1863,3084388,3086250,1,True,8836.982,8855.762,8836.982,8855.762,18.78,0,0,1862,True,0.0100859291085,0.00173208977406,0.0099999999984,0.0700000000015,99.148029819,3,"[0, 1, 2]",supplementary_operation,False,excluded
-1,-1,1000,1996,5,supplementary_operation,1,[5],True,1433,3087815,3089247,1,True,8871.932,8886.362,8871.932,8886.362,14.43,0,0,1432,True,0.0100768156425,0.00126500775037,0.0099999999984,0.0400000000009,99.2376992377,3,"[0, 1, 2]",supplementary_operation,False,excluded
-1,-1,1001,1998,5,supplementary_operation,1,[5],True,1404,3090515,3091918,1,True,8899.462,8913.652,8899.462,8913.652,14.19,0,0,1403,True,0.01011404134,0.00112692486338,0.0099999999984,0.0300000000007,98.8724453841,3,"[0, 1, 2]",supplementary_operation,False,excluded
-1,-1,1002,2000,5,supplementary_operation,1,[5],True,1846,3093160,3095005,1,True,8926.392,8944.862,8926.392,8944.862,18.47,0,0,1845,True,0.0100108401084,0.000329064698914,0.0099999999984,0.0200000000004,99.8917162967,3,"[0, 1, 2]",supplementary_operation,False,excluded
-1,-1,1003,2002,5,supplementary_operation,1,[5],True,1859,3096509,3098367,1,True,8960.152,8978.892,8960.152,8978.892,18.74,0,0,1858,True,0.0100861141012,0.00122457385742,0.0099999999984,0.0400000000009,99.1462113127,3,"[0, 1, 2]",supplementary_operation,False,excluded
-1,-1,1004,2004,5,supplementary_operation,1,[5],True,1836,3099907,3101742,1,True,8994.472,9013.072,8994.472,9013.072,18.6,0,0,1835,True,0.010136239782,0.00148854665592,0.0099999999984,0.0400000000009,98.6559139785,3,"[0, 1, 2]",supplementary_operation,False,excluded
-1,-1,1005,2006,5,supplementary_operation,1,[5],True,1826,3103153,3104978,1,True,9027.992,9046.752,9027.992,9046.752,18.76,0,0,1825,True,0.0102794520548,0.00260215710853,0.0099999999984,0.0799999999999,97.2814498934,3,"[0, 1, 2]",supplementary_operation,False,excluded
-1,-1,1006,2008,5,supplementary_operation,1,[5],True,1760,3106305,3108064,1,True,9060.382,9078.602,9060.382,9078.602,18.22,0,0,1759,True,0.0103581580443,0.00294678599763,0.0099999999984,0.0700000000015,96.5422612514,3,"[0, 1, 2]",supplementary_operation,False,excluded
-1,-1,1007,2010,5,supplementary_operation,1,[5],True,993,3109380,3110372,1,True,9092.182,9102.622,9092.182,9102.622,10.44,0,0,992,True,0.0105241935484,0.00387914961931,0.0099999999984,0.0799999999999,95.0191570881,3,"[0, 1, 2]",supplementary_operation,False,excluded
-1,-1,1008,2012,5,supplementary_operation,1,[5],True,1773,3111900,3113672,1,True,16282.077,16299.797,16282.077,16299.797,17.72,0,0,1772,True,0.01,9.09232729569e-10,0.0099999999984,0.010000000002,100.0,2,"[1, 2]",supplementary_operation,False,excluded
-1,-1,1009,2014,5,supplementary_operation,1,[5],True,1000,3115361,3116360,1,True,16316.707,16326.697,16316.707,16326.697,9.99,0,0,999,True,0.01,0.0,0.0099999999984,0.010000000002,100.0,3,"[0, 1, 2]",supplementary_operation,False,excluded
-1,-1,1010,2016,5,supplementary_operation,1,[5],True,1641,3117812,3119452,1,True,16341.247,16357.647,16341.247,16357.647,16.4,0,0,1640,True,0.01,6.04911756551e-10,0.0099999999984,0.010000000002,100.0,3,"[0, 1, 2]",supplementary_operation,False,excluded
-1,-1,1011,2018,5,supplementary_operation,1,[5],True,1616,3121166,3122781,1,True,16374.787,16390.937,16374.787,16390.937,16.15,0,0,1615,True,0.01,0.0,0.00999999999476,0.0100000000057,100.0,3,"[0, 1, 2]",supplementary_operation,False,excluded
-1,-1,1012,2020,5,supplementary_operation,1,[5],True,1564,3124501,3126064,1,True,16408.137,16423.767,16408.137,16423.767,15.63,0,0,1563,True,0.01,5.46036260182e-10,0.00999999999476,0.0100000000057,100.0,2,"[1, 2]",supplementary_operation,False,excluded
-1,-1,1013,2022,5,supplementary_operation,1,[5],True,1540,3127780,3129319,1,True,16440.927,16456.447,16440.927,16456.447,15.52,0,0,1539,True,0.0100844704353,0.00158964706963,0.00999999999476,0.0499999999993,99.162371134,3,"[0, 1, 2]",supplementary_operation,False,excluded
-1,-1,1014,2024,5,supplementary_operation,1,[5],True,1893,3130995,3132887,1,True,18684.587,18703.507,18684.587,18703.507,18.92,0,0,1892,True,0.01,0.0,0.0099999999984,0.010000000002,100.0,3,"[0, 1, 2]",supplementary_operation,False,excluded
-1,-1,1015,2026,5,supplementary_operation,1,[5],True,1594,3134531,3136124,1,True,18719.947,18735.877,18719.947,18735.877,15.93,0,0,1593,True,0.01,3.54329336364e-05,0.0089999999982,0.0110000000022,100.0,3,"[0, 1, 2]",supplementary_operation,False,excluded
-1,-1,1016,2028,5,supplementary_operation,1,[5],True,1555,3137818,3139372,1,True,18752.837,18768.377,18752.837,18768.377,15.54,0,0,1554,True,0.01,4.19741412097e-10,0.0099999999984,0.010000000002,100.0,2,"[1, 2]",supplementary_operation,False,excluded
-1,-1,1017,2030,5,supplementary_operation,1,[5],True,1640,3141018,3142657,1,True,18784.837,18801.227,18784.837,18801.227,16.39,0,0,1639,True,0.01,0.0,0.0099999999984,0.010000000002,100.0,3,"[0, 1, 2]",supplementary_operation,False,excluded
-1,-1,1018,2032,5,supplementary_operation,1,[5],True,995,3144310,3145304,1,True,18817.757,18827.697,18817.757,18827.697,9.94,0,0,994,True,0.01,1.09207252036e-09,0.0099999999984,0.010000000002,100.0,3,"[0, 1, 2]",supplementary_operation,False,excluded
-1,-1,1019,2034,5,supplementary_operation,1,[5],True,1494,3146821,3148314,1,True,18842.867,18857.877,18842.867,18857.877,15.01,0,0,1493,True,0.0100535833892,0.000730042952125,0.0099999999984,0.0200000000004,99.4670219853,2,"[1, 2]",supplementary_operation,False,excluded
-1,-1,1020,2036,5,supplementary_operation,1,[5],True,1546,3150052,3151597,1,True,18875.267,18890.717,18875.267,18890.717,15.45,0,0,1545,True,0.01,4.65661287308e-10,0.0099999999984,0.010000000002,100.0,2,"[1, 2]",supplementary_operation,False,excluded
-1,-1,1021,2038,5,supplementary_operation,1,[5],True,1482,3153308,3154789,1,True,18907.837,18922.647,18907.837,18922.647,14.81,0,0,1481,True,0.01,6.26915694114e-10,0.0099999999984,0.010000000002,100.0,3,"[0, 1, 2]",supplementary_operation,False,excluded
-1,-1,1022,2040,5,supplementary_operation,1,[5],True,1580,3156097,3157676,1,True,18935.737,18951.537,18935.737,18951.537,15.8,0,0,1579,True,0.0100063331222,0.000251577252273,0.0099999999984,0.0200000000004,99.9367088608,3,"[0, 1, 2]",supplementary_operation,False,excluded
-1,-1,1023,2042,5,supplementary_operation,1,[5],True,1576,3158956,3160531,1,True,18964.337,18980.087,18964.337,18980.087,15.75,0,0,1575,True,0.01,3.49245965481e-10,0.0099999999984,0.010000000002,100.0,3,"[0, 1, 2]",supplementary_operation,False,excluded
-1,-1,1024,2044,5,supplementary_operation,1,[5],True,1473,3161795,3163267,1,True,18992.727,19007.457,18992.727,19007.457,14.73,0,0,1472,True,0.0100067934783,0.000260554468908,0.0099999999984,0.0200000000004,99.9321113374,3,"[0, 1, 2]",supplementary_operation,False,excluded
-1,-1,1025,2046,5,supplementary_operation,1,[5],True,1491,3164502,3165992,1,True,19019.807,19034.707,19019.807,19034.707,14.9,0,0,1490,True,0.01,6.26915694114e-10,0.0099999999984,0.010000000002,100.0,2,"[1, 2]",supplementary_operation,False,excluded
-1,-1,1026,2048,5,supplementary_operation,1,[5],True,1477,3167212,3168688,1,True,19046.907,19061.667,19046.907,19061.667,14.76,0,0,1476,True,0.01,3.68105087717e-05,0.0089999999982,0.0110000000022,100.0,3,"[0, 1, 2]",supplementary_operation,False,excluded
-1,-1,1027,2050,5,supplementary_operation,1,[5],True,1030,3169916,3170945,1,True,19073.957,19084.257,19073.957,19084.257,10.3,0,0,1029,True,0.010009718173,0.000314691788069,0.00900000000183,0.0199999999968,99.9029126214,3,"[0, 1, 2]",supplementary_operation,False,excluded
-1,-1,1028,2052,5,supplementary_operation,1,[5],True,1441,3172243,3173683,1,True,19097.237,19111.637,19097.237,19111.637,14.4,0,0,1440,True,0.01,7.4535599201e-05,0.00800000000163,0.0119999999988,100.0,3,"[0, 1, 2]",supplementary_operation,False,excluded
-1,-1,1029,2054,5,supplementary_operation,1,[5],True,1395,3175061,3176455,1,True,19125.417,19139.357,19125.417,19139.357,13.94,0,0,1394,True,0.01,8.47516335696e-10,0.0099999999984,0.010000000002,100.0,3,"[0, 1, 2]",supplementary_operation,False,excluded
-1,-1,1030,2056,5,supplementary_operation,1,[5],True,1421,3178257,3179677,1,True,19157.377,19171.577,19157.377,19171.577,14.2,0,0,1420,True,0.01,7.89567127722e-10,0.0099999999984,0.010000000002,100.0,3,"[0, 1, 2]",supplementary_operation,False,excluded
-1,-1,1031,2058,5,supplementary_operation,1,[5],True,1339,3181369,3182707,1,True,19188.537,19201.957,19188.537,19201.957,13.42,0,0,1338,True,0.0100298953662,0.00054594865078,0.0099999999984,0.0200000000004,99.7019374069,2,"[1, 2]",supplementary_operation,False,excluded
-1,-1,1032,2060,5,supplementary_operation,1,[5],True,1715,3184424,3186138,1,True,19219.137,19236.297,19219.137,19236.297,17.16,0,0,1714,True,0.0100116686114,0.000341394138599,0.0099999999984,0.0200000000004,99.8834498835,3,"[0, 1, 2]",supplementary_operation,False,excluded
-1,-1,1033,2062,5,supplementary_operation,1,[5],True,1710,3187842,3189551,1,True,19253.357,19270.447,19253.357,19270.447,17.09,0,0,1709,True,0.01,0.0,0.0099999999984,0.010000000002,100.0,3,"[0, 1, 2]",supplementary_operation,False,excluded
-1,-1,1034,2064,5,supplementary_operation,1,[5],True,1663,3191363,3193025,1,True,19288.567,19305.207,19288.567,19305.207,16.64,0,0,1662,True,0.0100120336943,0.000346687371637,0.0099999999984,0.0200000000004,99.8798076923,3,"[0, 1, 2]",supplementary_operation,False,excluded
-1,-1,1035,2066,5,supplementary_operation,1,[5],True,1601,3194874,3196474,1,True,19323.697,19339.727,19323.697,19339.727,16.03,0,0,1600,True,0.01001875,0.000432606562036,0.0099999999984,0.0200000000004,99.8128509046,3,"[0, 1, 2]",supplementary_operation,False,excluded
-1,-1,1036,2068,5,supplementary_operation,1,[5],True,1060,3198230,3199289,1,True,19357.287,19367.877,19357.287,19367.877,10.59,0,0,1059,True,0.01,4.34577281436e-05,0.0089999999982,0.0110000000022,100.0,3,"[0, 1, 2]",supplementary_operation,False,excluded
-1,-1,1037,2070,5,supplementary_operation,1,[5],True,1672,3200980,3202651,1,True,19384.787,19401.517,19384.787,19401.517,16.73,0,0,1671,True,0.0100119688809,0.000345753604459,0.0099999999984,0.0200000000004,99.8804542738,3,"[0, 1, 2]",supplementary_operation,False,excluded
-1,-1,1038,2072,5,supplementary_operation,1,[5],True,1638,3204333,3205970,1,True,19418.337,19434.707,19418.337,19434.707,16.37,0,0,1637,True,0.01,0.0,0.0099999999984,0.010000000002,100.0,2,"[1, 2]",supplementary_operation,False,excluded
-1,-1,1039,2074,5,supplementary_operation,1,[5],True,1614,3207694,3209307,1,True,19451.947,19468.087,19451.947,19468.087,16.14,0,0,1613,True,0.010006199628,0.00024891332797,0.0099999999984,0.0200000000004,99.9380421314,3,"[0, 1, 2]",supplementary_operation,False,excluded
-1,-1,1040,2076,5,supplementary_operation,1,[5],True,1613,3211035,3212647,1,True,19485.367,19501.487,19485.367,19501.487,16.12,0,0,1612,True,0.01,3.52234976269e-05,0.00900000000183,0.0109999999986,100.0,3,"[0, 1, 2]",supplementary_operation,False,excluded
-1,-1,1041,2078,5,supplementary_operation,1,[5],True,1616,3214385,3216000,1,True,19518.867,19535.017,19518.867,19535.017,16.15,0,0,1615,True,0.01,1.16415321827e-10,0.0099999999984,0.010000000002,100.0,3,"[0, 1, 2]",supplementary_operation,False,excluded
-1,-1,1042,2080,5,supplementary_operation,1,[5],True,1580,3217823,3219402,1,True,19553.247,19569.037,19553.247,19569.037,15.79,0,0,1579,True,0.01,3.08005990352e-10,0.0099999999984,0.010000000002,100.0,3,"[0, 1, 2]",supplementary_operation,False,excluded
-1,-1,1043,2082,5,supplementary_operation,1,[5],True,1408,3221143,3222550,1,True,19586.447,20053.211,19586.447,20053.211,466.764,0,0,1407,True,0.331744136461,12.0643325891,0.00999999999476,452.704,3.01437128827,3,"[0, 1, 2]",supplementary_operation,False,excluded
-1,-1,1044,2084,5,supplementary_operation,1,[5],True,1485,3224241,3225725,1,True,20070.171,20085.021,20070.171,20085.021,14.85,0,0,1484,True,0.0100067385445,0.00025949958915,0.00999999999476,0.0200000000004,99.9326599326,3,"[0, 1, 2]",supplementary_operation,False,excluded
-1,-1,1045,2086,5,supplementary_operation,1,[5],True,1480,3227454,3228933,1,True,20102.321,20117.151,20102.321,20117.151,14.83,0,0,1479,True,0.0100270453009,0.000636355297742,0.00999999999476,0.0299999999988,99.7302764666,3,"[0, 1, 2]",supplementary_operation,False,excluded
-1,-1,1046,2088,5,supplementary_operation,1,[5],True,1469,3230313,3231781,1,True,20130.951,20145.631,20130.951,20145.631,14.68,0,0,1468,True,0.01,8.23180634978e-10,0.00999999999476,0.0100000000057,100.0,3,"[0, 1, 2]",supplementary_operation,False,excluded
-1,-1,1047,2090,5,supplementary_operation,1,[5],True,1497,3232989,3234485,1,True,20157.711,20172.671,20157.711,20172.671,14.96,0,0,1496,True,0.01,7.89567127722e-10,0.00999999999476,0.0100000000057,100.0,3,"[0, 1, 2]",supplementary_operation,False,excluded
-1,-1,1048,2092,5,supplementary_operation,1,[5],True,1051,3235719,3236769,1,True,20185.011,20195.511,20185.011,20195.511,10.5,0,0,1050,True,0.01,1.01488524665e-09,0.00999999999476,0.0100000000057,100.0,3,"[0, 1, 2]",supplementary_operation,False,excluded
-1,-1,1049,2094,5,supplementary_operation,1,[5],True,1433,3237821,3239253,1,True,20206.031,20220.351,20206.031,20220.351,14.32,0,0,1432,True,0.00999999999999,8.55474410154e-10,0.00999999999476,0.0100000000057,100.0,3,"[0, 1, 2]",supplementary_operation,False,excluded
-1,-1,1050,2096,5,supplementary_operation,1,[5],True,1419,3240743,3242161,1,True,20235.251,20249.491,20235.251,20249.491,14.24,0,0,1418,True,0.0100423131171,0.000649107672712,0.00999999999476,0.0200000000004,99.5786516854,3,"[0, 1, 2]",supplementary_operation,False,excluded
-1,-1,1051,2098,5,supplementary_operation,1,[5],True,1426,3243876,3245301,1,True,20266.641,20280.891,20266.641,20280.891,14.25,0,0,1425,True,0.01,8.63359133608e-10,0.00999999999476,0.0100000000057,100.0,3,"[0, 1, 2]",supplementary_operation,False,excluded
-1,-1,1052,2100,5,supplementary_operation,1,[5],True,982,3247019,3248000,1,True,20298.071,20307.881,20298.071,20307.881,9.81,0,0,981,True,0.01,1.00818626092e-09,0.00999999999476,0.0100000000057,100.0,3,"[0, 1, 2]",supplementary_operation,False,excluded
-1,-1,1053,2102,5,supplementary_operation,1,[5],True,1679,3249696,3251374,1,True,20324.851,20341.641,20324.851,20341.641,16.79,0,0,1678,True,0.0100059594756,0.000244047618956,0.00999999999476,0.0200000000004,99.9404407385,3,"[0, 1, 2]",supplementary_operation,False,excluded
-1,-1,1054,2104,5,supplementary_operation,1,[5],True,1723,3253065,3254787,1,True,20358.551,20375.781,20358.551,20375.781,17.23,0,0,1722,True,0.0100058072009,0.000240911365026,0.00999999999476,0.0200000000077,99.9419616947,3,"[0, 1, 2]",supplementary_operation,False,excluded
-1,-1,1055,2106,5,supplementary_operation,1,[5],True,1698,3256576,3258273,1,True,20393.671,20410.641,20393.671,20410.641,16.97,0,0,1697,True,0.01,3.43300215485e-05,0.00900000000183,0.0109999999986,100.0,3,"[0, 1, 2]",supplementary_operation,False,excluded
-1,-1,1056,2108,5,supplementary_operation,1,[5],True,1721,3259965,3261685,1,True,20427.591,20444.811,20427.591,20444.811,17.22,0,0,1720,True,0.010011627907,0.000340798857916,0.00999999999476,0.0200000000004,99.8838559814,2,"[1, 2]",supplementary_operation,False,excluded
-1,-1,1057,2110,5,supplementary_operation,1,[5],True,1673,3263498,3265170,1,True,20462.941,20479.661,20462.941,20479.661,16.72,0,0,1672,True,0.01,5.58308270214e-10,0.00999999999476,0.0100000000057,100.0,3,"[0, 1, 2]",supplementary_operation,False,excluded
-1,-1,1058,2112,5,supplementary_operation,1,[5],True,1639,3266918,3268556,1,True,20497.171,20513.601,20497.171,20513.601,16.43,0,0,1638,True,0.0100305250305,0.00055165072985,0.00999999999476,0.0200000000004,99.6956786366,3,"[0, 1, 2]",supplementary_operation,False,excluded
-1,-1,1059,2114,5,supplementary_operation,1,[5],True,2082,3270275,3272356,1,True,20530.791,21038.278,20530.791,21038.278,507.487,0,0,2081,True,0.243866890918,10.6657520085,0.00999999999476,486.677,4.10059765078,3,"[0, 1, 2]",supplementary_operation,False,excluded
-1,-1,1060,2116,5,supplementary_operation,1,[5],True,1662,3274098,3275759,1,True,21055.698,21072.308,21055.698,21072.308,16.61,0,0,1661,True,0.01,3.47000564797e-05,0.00900000000183,0.0110000000022,100.0,3,"[0, 1, 2]",supplementary_operation,False,excluded
-1,-1,1061,2118,5,supplementary_operation,1,[5],True,974,3277535,3278508,1,True,21090.068,21099.798,21090.068,21099.798,9.73,0,0,973,True,0.01,1.06696404865e-09,0.00999999999476,0.010000000002,100.0,3,"[0, 1, 2]",supplementary_operation,False,excluded
-1,-1,1062,2120,5,supplementary_operation,1,[5],True,1617,3280332,3281948,1,True,21118.038,21134.198,21118.038,21134.198,16.16,0,0,1616,True,0.01,3.51798771794e-05,0.00900000000183,0.0109999999986,100.0,3,"[0, 1, 2]",supplementary_operation,False,excluded
-1,-1,1063,2122,5,supplementary_operation,1,[5],True,1469,3283700,3285168,1,True,21151.718,21166.398,21151.718,21166.398,14.68,0,0,1468,True,0.01,6.48173080155e-10,0.00999999999476,0.010000000002,100.0,3,"[0, 1, 2]",supplementary_operation,False,excluded
-1,-1,1064,2124,5,supplementary_operation,1,[5],True,1446,3286909,3288354,1,True,21183.818,21198.268,21183.818,21198.268,14.45,0,0,1445,True,0.01,7.08126757561e-10,0.00999999999476,0.010000000002,100.0,3,"[0, 1, 2]",supplementary_operation,False,excluded
-1,-1,1065,2126,5,supplementary_operation,1,[5],True,1027,3290117,3291143,1,True,21215.898,21226.158,21215.898,21226.158,10.26,0,0,1026,True,0.01,1.06696404865e-09,0.00999999999476,0.010000000002,100.0,3,"[0, 1, 2]",supplementary_operation,False,excluded
-1,-1,1066,2128,5,supplementary_operation,1,[5],True,1461,3292653,3294113,1,True,21241.258,21255.858,21241.258,21255.858,14.6,0,0,1460,True,0.01,6.78812141396e-10,0.00999999999476,0.010000000002,100.0,3,"[0, 1, 2]",supplementary_operation,False,excluded
-1,-1,1067,2130,5,supplementary_operation,1,[5],True,1407,3295814,3297220,1,True,21272.948,21287.108,21272.948,21287.108,14.16,0,0,1406,True,0.0100711237553,0.000841190489567,0.0089999999982,0.0200000000004,99.2937853107,3,"[0, 1, 2]",supplementary_operation,False,excluded
-1,-1,1068,2132,5,supplementary_operation,1,[5],True,1398,3298955,3300352,1,True,21304.458,21318.428,21304.458,21318.428,13.97,0,0,1397,True,0.01,8.23180634978e-10,0.00999999999476,0.010000000002,100.0,3,"[0, 1, 2]",supplementary_operation,False,excluded
-1,-1,1069,2134,5,supplementary_operation,1,[5],True,1410,3302077,3303486,1,True,21335.678,21349.878,21335.678,21349.878,14.2,0,0,1409,True,0.0100780695529,0.0011586109096,0.00999999999476,0.0299999999988,99.2253521127,3,"[0, 1, 2]",supplementary_operation,False,excluded
-1,-1,1070,2136,5,supplementary_operation,1,[5],True,1032,3305197,3306228,1,True,21367.018,21377.328,21367.018,21377.328,10.31,0,0,1031,True,0.01,1.07959128165e-09,0.00999999999476,0.010000000002,100.0,3,"[0, 1, 2]",supplementary_operation,False,excluded
-1,-1,1071,2138,5,supplementary_operation,1,[5],True,1689,3307701,3309389,1,True,21392.058,21408.938,21392.058,21408.938,16.88,0,0,1688,True,0.01,3.44214195455e-05,0.0089999999982,0.0109999999986,100.0,2,"[1, 2]",supplementary_operation,False,excluded
-1,-1,1072,2140,5,supplementary_operation,1,[5],True,1704,3311190,3312893,1,True,21426.948,21443.978,21426.948,21443.978,17.03,0,0,1703,True,0.01,0.0,0.00999999999476,0.010000000002,100.0,3,"[0, 1, 2]",supplementary_operation,False,excluded
-1,-1,1073,2142,5,supplementary_operation,1,[5],True,1650,3315118,3316767,1,True,21466.228,21482.718,21466.228,21482.718,16.49,0,0,1649,True,0.01,0.0,0.00999999999476,0.010000000002,100.0,3,"[0, 1, 2]",supplementary_operation,False,excluded
-1,-1,1074,2144,5,supplementary_operation,1,[5],True,1617,3318932,3320548,1,True,21504.368,21520.528,21504.368,21520.528,16.16,0,0,1616,True,0.01,3.51798773075e-05,0.0089999999982,0.0110000000022,100.0,3,"[0, 1, 2]",supplementary_operation,False,excluded
-1,-1,1075,2146,5,supplementary_operation,1,[5],True,1614,3322266,3323879,1,True,21537.708,21553.878,21537.708,21553.878,16.17,0,0,1613,True,0.0100247985121,0.000498608142921,0.0089999999982,0.0200000000004,99.7526283241,3,"[0, 1, 2]",supplementary_operation,False,excluded
-1,-1,1076,2148,5,supplementary_operation,1,[5],True,1450,3325605,3327054,1,True,21571.178,21585.668,21571.178,21585.668,14.49,0,0,1449,True,0.01,7.43037616274e-05,0.00800000000163,0.0119999999988,100.0,3,"[0, 1, 2]",supplementary_operation,False,excluded
-1,-1,1077,2150,5,supplementary_operation,1,[5],True,1444,3328806,3330249,1,True,21603.188,21617.618,21603.188,21617.618,14.43,0,0,1443,True,0.01,3.7229039567e-05,0.0089999999982,0.0109999999986,100.0,3,"[0, 1, 2]",supplementary_operation,False,excluded
-1,-1,1078,2152,5,supplementary_operation,1,[5],True,1430,3332027,3333456,1,True,21635.398,21649.708,21635.398,21649.708,14.31,0,0,1429,True,0.0100139958013,0.000373847736525,0.00999999999476,0.0200000000004,99.8602375961,3,"[0, 1, 2]",supplementary_operation,False,excluded
-1,-1,1079,2154,5,supplementary_operation,1,[5],True,1039,3335194,3336232,1,True,21667.308,21677.788,21667.308,21677.788,10.48,0,0,1038,True,0.0100963391137,0.00151751688732,0.00999999999476,0.0499999999956,99.0458015268,3,"[0, 1, 2]",supplementary_operation,False,excluded
-1,-1,1080,2155,5,supplementary_operation,1,[5],True,1486,3336233,3337718,1,True,12511.621,12526.471,12511.621,12526.471,14.85,0,0,1485,True,0.01,0.0,0.0099999999984,0.0100000000039,100.0,3,"[0, 1, 2]",supplementary_operation,False,excluded
-1,-1,1081,2157,5,supplementary_operation,1,[5],True,1381,3339061,3340441,1,True,12539.921,12553.721,12539.921,12553.721,13.8,0,0,1380,True,0.01,0.0,0.0099999999984,0.0100000000039,100.0,3,"[0, 1, 2]",supplementary_operation,False,excluded
-1,-1,1082,2159,5,supplementary_operation,1,[5],True,1046,3342024,3343069,1,True,12569.551,12580.011,12569.551,12580.011,10.46,0,0,1045,True,0.010009569378,0.000309196065494,0.0099999999984,0.0200000000004,99.9043977055,3,"[0, 1, 2]",supplementary_operation,False,excluded
-1,-1,1083,2161,5,supplementary_operation,1,[5],True,1240,3344545,3345784,1,True,12595.021,12607.781,12595.021,12607.781,12.76,0,0,1239,True,0.0102986279257,0.00295097248958,0.0099999999984,0.0699999999997,97.1003134796,3,"[0, 1, 2]",supplementary_operation,False,excluded
-1,-1,1084,2163,5,supplementary_operation,1,[5],True,1332,3347136,3348467,1,True,12621.541,12635.391,12621.541,12635.391,13.85,0,0,1331,True,0.0104057099925,0.00433226642585,0.0099999999984,0.0799999999999,96.1010830325,3,"[0, 1, 2]",supplementary_operation,False,excluded
-1,-1,1085,2165,5,supplementary_operation,1,[5],True,1423,3349842,3351264,1,True,12649.271,12663.491,12649.271,12663.491,14.22,0,0,1422,True,0.01,0.0,0.0099999999984,0.0100000000039,100.0,3,"[0, 1, 2]",supplementary_operation,False,excluded
-1,-1,1086,2167,5,supplementary_operation,1,[5],True,1478,3352584,3354061,1,True,12676.921,12691.691,12676.921,12691.691,14.77,0,0,1477,True,0.01,0.0,0.0099999999984,0.0100000000039,100.0,3,"[0, 1, 2]",supplementary_operation,False,excluded
-1,-1,1087,2169,5,supplementary_operation,1,[5],True,1467,3355368,3356834,1,True,12704.761,12719.421,12704.761,12719.421,14.66,0,0,1466,True,0.01,0.0,0.0099999999984,0.0100000000039,100.0,2,"[1, 2]",supplementary_operation,False,excluded
-1,-1,1088,2171,5,supplementary_operation,1,[5],True,1835,3358163,3359997,1,True,12732.711,12751.051,12732.711,12751.051,18.34,0,0,1834,True,0.01,8.39482824193e-10,0.0099999999984,0.0100000000039,100.0,3,"[0, 1, 2]",supplementary_operation,False,excluded
-1,-1,1089,2173,5,supplementary_operation,1,[5],True,1847,3361291,3363137,1,True,12763.991,12782.451,12763.991,12782.451,18.46,0,0,1846,True,0.01,8.55474410154e-10,0.0099999999984,0.0100000000039,100.0,3,"[0, 1, 2]",supplementary_operation,False,excluded
-1,-1,1090,2175,5,supplementary_operation,1,[5],True,1840,3364409,3366248,1,True,12795.291,12813.801,12795.291,12813.801,18.51,0,0,1839,True,0.0100652528548,0.00109180786,0.0099999999984,0.0399999999991,99.3517017828,3,"[0, 1, 2]",supplementary_operation,False,excluded
-1,-1,1091,2177,5,supplementary_operation,1,[5],True,1797,3367522,3369318,1,True,12826.541,12844.501,12826.541,12844.501,17.96,0,0,1796,True,0.01,7.89567127722e-10,0.0099999999984,0.0100000000039,100.0,2,"[1, 2]",supplementary_operation,False,excluded
-1,-1,1092,2179,5,supplementary_operation,1,[5],True,1844,3370541,3372384,1,True,12856.731,12875.161,12856.731,12875.161,18.43,0,0,1843,True,0.01,8.47516335696e-10,0.0099999999984,0.0100000000039,100.0,3,"[0, 1, 2]",supplementary_operation,False,excluded
-1,-1,1093,2181,5,supplementary_operation,1,[5],True,1832,3373970,3375801,1,True,12891.021,12909.331,12891.021,12909.331,18.31,0,0,1831,True,0.01,8.23180634978e-10,0.0099999999984,0.0100000000039,100.0,3,"[0, 1, 2]",supplementary_operation,False,excluded
-1,-1,1094,2183,5,supplementary_operation,1,[5],True,1832,3377373,3379204,1,True,12925.051,12943.361,12925.051,12943.361,18.31,0,0,1831,True,0.01,8.39482824193e-10,0.0099999999984,0.0100000000039,100.0,2,"[1, 2]",supplementary_operation,False,excluded
-1,-1,1095,2185,5,supplementary_operation,1,[5],True,1830,3380791,3382620,1,True,12959.231,12977.521,12959.231,12977.521,18.29,0,0,1829,True,0.01,8.31371688813e-10,0.0099999999984,0.0100000000039,100.0,3,"[0, 1, 2]",supplementary_operation,False,excluded
-1,-1,1096,2187,5,supplementary_operation,1,[5],True,1806,3384167,3385972,1,True,12992.991,13011.041,12992.991,13011.041,18.05,0,0,1805,True,0.01,7.89567127722e-10,0.0099999999984,0.0100000000039,100.0,3,"[0, 1, 2]",supplementary_operation,False,excluded
-1,-1,1097,2189,5,supplementary_operation,1,[5],True,1769,3387615,3389383,1,True,13027.471,13045.151,13027.471,13045.151,17.68,0,0,1768,True,0.01,7.54457514082e-10,0.0099999999984,0.0100000000039,100.0,3,"[0, 1, 2]",supplementary_operation,False,excluded
-1,-1,1098,2191,5,supplementary_operation,1,[5],True,1835,3391044,3392878,1,True,13061.761,13080.101,13061.761,13080.101,18.34,0,0,1834,True,0.01,8.31371688813e-10,0.0099999999984,0.0100000000039,100.0,3,"[0, 1, 2]",supplementary_operation,False,excluded
-1,-1,1099,2193,5,supplementary_operation,1,[5],True,1810,3394499,3396308,1,True,13096.401,13114.491,13096.401,13114.491,18.09,0,0,1809,True,0.01,8.06549008735e-10,0.0099999999984,0.0100000000039,100.0,3,"[0, 1, 2]",supplementary_operation,False,excluded
-1,-1,1100,2195,5,supplementary_operation,1,[5],True,1841,3397807,3399647,1,True,13129.481,13147.881,13129.481,13147.881,18.4,0,0,1840,True,0.01,8.47516335696e-10,0.0099999999984,0.0100000000039,100.0,3,"[0, 1, 2]",supplementary_operation,False,excluded
-1,-1,1101,2197,5,supplementary_operation,1,[5],True,1854,3401159,3403012,1,True,13163.001,13181.531,13163.001,13181.531,18.53,0,0,1853,True,0.01,8.55474410154e-10,0.0099999999984,0.0100000000039,100.0,3,"[0, 1, 2]",supplementary_operation,False,excluded
-1,-1,1102,2199,5,supplementary_operation,1,[5],True,1820,3404501,3406320,1,True,13196.421,13214.611,13196.421,13214.611,18.19,0,0,1819,True,0.01,8.31371688813e-10,0.0099999999984,0.0100000000039,100.0,2,"[1, 2]",supplementary_operation,False,excluded
-1,-1,1103,2201,5,supplementary_operation,1,[5],True,1763,3407749,3409511,1,True,13228.921,13246.551,13228.921,13246.551,17.63,0,0,1762,True,0.0100056753689,0.000238162715814,0.0099999999984,0.0200000000023,99.9432785026,3,"[0, 1, 2]",supplementary_operation,False,excluded
-1,-1,1104,2203,5,supplementary_operation,1,[5],True,1838,3410940,3412777,1,True,13261.051,13279.451,13261.051,13279.451,18.4,0,0,1837,True,0.0100163309744,0.000403785888087,0.0099999999984,0.0200000000023,99.8369565217,3,"[0, 1, 2]",supplementary_operation,False,excluded
-1,-1,1105,2205,5,supplementary_operation,1,[5],True,1795,3414314,3416108,1,True,13294.851,13312.791,13294.851,13312.791,17.94,0,0,1794,True,0.01,7.89567127722e-10,0.0099999999984,0.0100000000039,100.0,2,"[1, 2]",supplementary_operation,False,excluded
-1,-1,1106,2207,5,supplementary_operation,1,[5],True,1796,3417716,3419511,1,True,13328.871,13346.821,13328.871,13346.821,17.95,0,0,1795,True,0.01,7.80937719683e-10,0.0099999999984,0.0100000000039,100.0,3,"[0, 1, 2]",supplementary_operation,False,excluded
-1,-1,1107,2209,5,supplementary_operation,1,[5],True,1821,3420984,3422804,1,True,13361.551,13379.751,13361.551,13379.751,18.2,0,0,1820,True,0.01,8.31371688813e-10,0.0099999999984,0.0100000000039,100.0,3,"[0, 1, 2]",supplementary_operation,False,excluded
-1,-1,1108,2211,5,supplementary_operation,1,[5],True,1782,3424244,3426025,1,True,13394.161,13412.001,13394.161,13412.001,17.84,0,0,1781,True,0.0100168444694,0.000410074332163,0.0099999999984,0.0200000000023,99.831838565,2,"[1, 2]",supplementary_operation,False,excluded
-1,-1,1109,2213,5,supplementary_operation,1,[5],True,1796,3427426,3429221,1,True,13426.011,13443.971,13426.011,13443.971,17.96,0,0,1795,True,0.0100055710306,0.000235964552486,0.0099999999984,0.0200000000004,99.9443207127,3,"[0, 1, 2]",supplementary_operation,False,excluded
-1,-1,1110,2215,5,supplementary_operation,1,[5],True,1398,3430625,3432022,1,True,13458.011,13471.981,13458.011,13471.981,13.97,0,0,1397,True,0.01,0.0,0.0099999999984,0.0100000000039,100.0,3,"[0, 1, 2]",supplementary_operation,False,excluded
-1,-1,1111,2217,5,supplementary_operation,1,[5],True,995,3433398,3434392,1,True,13485.751,13495.701,13485.751,13495.701,9.95,0,0,994,True,0.0100100603622,0.000317021152115,0.0099999999984,0.0200000000023,99.8994974874,3,"[0, 1, 2]",supplementary_operation,False,excluded
-1,-1,1112,2219,5,supplementary_operation,1,[5],True,1383,3435830,3437212,1,True,13510.081,13524.041,13510.081,13524.041,13.96,0,0,1382,True,0.0101013024602,0.00113674887909,0.0099999999984,0.0300000000025,98.9971346705,3,"[0, 1, 2]",supplementary_operation,False,excluded
-1,-1,1113,2221,5,supplementary_operation,1,[5],True,1344,3438636,3439979,1,True,13538.281,13551.711,13538.281,13551.711,13.43,0,0,1343,True,0.01,0.0,0.0099999999984,0.0100000000039,100.0,3,"[0, 1, 2]",supplementary_operation,False,excluded
-1,-1,1114,2223,5,supplementary_operation,1,[5],True,986,3441536,3442521,1,True,13567.281,13577.131,13567.281,13577.131,9.85,0,0,985,True,0.01,0.0,0.0099999999984,0.0100000000039,100.0,3,"[0, 1, 2]",supplementary_operation,False,excluded
-1,-1,1115,2225,5,supplementary_operation,1,[5],True,1338,3443981,3445318,1,True,13591.731,13605.111,13591.731,13605.111,13.38,0,0,1337,True,0.0100074794316,0.0002733831994,0.0099999999984,0.0199999999986,99.9252615845,3,"[0, 1, 2]",supplementary_operation,False,excluded
-1,-1,1116,2227,5,supplementary_operation,1,[5],True,1405,3446652,3448056,1,True,13618.461,13856.53,13618.461,13856.53,238.069,0,0,1404,True,0.169564814815,5.9759611843,0.00999999999476,224.009,5.89744989898,3,"[0, 1, 2]",supplementary_operation,False,excluded
-1,-1,1117,2229,5,supplementary_operation,1,[5],True,1493,3449447,3450939,1,True,13870.44,13885.36,13870.44,13885.36,14.92,0,0,1492,True,0.01,0.0,0.00999999999476,0.0100000000057,100.0,3,"[0, 1, 2]",supplementary_operation,False,excluded
-1,-1,1118,2231,5,supplementary_operation,1,[5],True,1837,3452269,3454105,1,True,13898.68,13917.05,13898.68,13917.05,18.37,0,0,1836,True,0.0100054466231,0.000233316448712,0.00999999999476,0.0200000000004,99.9455634186,3,"[0, 1, 2]",supplementary_operation,False,excluded
-1,-1,1119,2233,5,supplementary_operation,1,[5],True,1842,3455391,3457232,1,True,13929.91,13948.32,13929.91,13948.32,18.41,0,0,1841,True,0.01,1.18148647774e-09,0.00999999999476,0.0100000000057,100.0,2,"[1, 2]",supplementary_operation,False,excluded
-1,-1,1120,2235,5,supplementary_operation,1,[5],True,1853,3458601,3460453,1,True,13962.01,13980.53,13962.01,13980.53,18.52,0,0,1852,True,0.01,1.18720799535e-09,0.00999999999476,0.0100000000057,100.0,3,"[0, 1, 2]",supplementary_operation,False,excluded
-1,-1,1121,2237,5,supplementary_operation,1,[5],True,1822,3461696,3463517,1,True,13992.96,14011.17,13992.96,14011.17,18.21,0,0,1821,True,0.01,1.15245288897e-09,0.00999999999476,0.0100000000057,100.0,3,"[0, 1, 2]",supplementary_operation,False,excluded
-1,-1,1122,2239,5,supplementary_operation,1,[5],True,1857,3465065,3466921,1,True,14026.65,14045.21,14026.65,14045.21,18.56,0,0,1856,True,0.01,1.19290207116e-09,0.00999999999476,0.0100000000057,100.0,3,"[0, 1, 2]",supplementary_operation,False,excluded
-1,-1,1123,2241,5,supplementary_operation,1,[5],True,1811,3468473,3470283,1,True,14060.73,14078.83,14060.73,14078.83,18.1,0,0,1810,True,0.01,1.12266870693e-09,0.00999999999476,0.0100000000057,100.0,3,"[0, 1, 2]",supplementary_operation,False,excluded
-1,-1,1124,2243,5,supplementary_operation,1,[5],True,1853,3471839,3473691,1,True,14094.39,14112.91,14094.39,14112.91,18.52,0,0,1852,True,0.01,1.18720799535e-09,0.00999999999476,0.0100000000057,100.0,2,"[1, 2]",supplementary_operation,False,excluded
-1,-1,1125,2245,5,supplementary_operation,1,[5],True,1793,3475226,3477018,1,True,14128.26,14146.18,14128.26,14146.18,17.92,0,0,1792,True,0.01,1.09207252036e-09,0.00999999999476,0.0100000000057,100.0,3,"[0, 1, 2]",supplementary_operation,False,excluded
-1,-1,1126,2247,5,supplementary_operation,1,[5],True,1777,3478593,3480369,1,True,14161.93,14179.69,14161.93,14179.69,17.76,0,0,1776,True,0.01,1.07959128165e-09,0.00999999999476,0.0100000000057,100.0,3,"[0, 1, 2]",supplementary_operation,False,excluded
-1,-1,1127,2249,5,supplementary_operation,1,[5],True,1876,3481941,3483816,1,True,14195.41,14214.16,14195.41,14214.16,18.75,0,0,1875,True,0.01,1.22097419595e-09,0.00999999999476,0.0100000000057,100.0,3,"[0, 1, 2]",supplementary_operation,False,excluded
-1,-1,1128,2251,5,supplementary_operation,1,[5],True,1806,3485344,3487149,1,True,14229.44,14247.49,14229.44,14247.49,18.05,0,0,1805,True,0.01,1.11053139136e-09,0.00999999999476,0.0100000000057,100.0,3,"[0, 1, 2]",supplementary_operation,False,excluded
-1,-1,1129,2253,5,supplementary_operation,1,[5],True,1867,3488695,3490561,1,True,14262.95,14281.61,14262.95,14281.61,18.66,0,0,1866,True,0.01,1.2098235131e-09,0.00999999999476,0.0100000000057,100.0,3,"[0, 1, 2]",supplementary_operation,False,excluded
-1,-1,1130,2255,5,supplementary_operation,1,[5],True,1793,3492068,3493860,1,True,14296.68,14314.6,14296.68,14314.6,17.92,0,0,1792,True,0.01,1.0982599496e-09,0.00999999999476,0.0100000000057,100.0,3,"[0, 1, 2]",supplementary_operation,False,excluded
-1,-1,1131,2257,5,supplementary_operation,1,[5],True,1794,3495369,3497162,1,True,14329.69,14347.62,14329.69,14347.62,17.93,0,0,1793,True,0.01,1.10441271454e-09,0.00999999999476,0.0100000000057,100.0,3,"[0, 1, 2]",supplementary_operation,False,excluded
-1,-1,1132,2259,5,supplementary_operation,1,[5],True,1842,3498621,3500462,1,True,14362.21,14380.62,14362.21,14380.62,18.41,0,0,1841,True,0.01,1.17573711769e-09,0.00999999999476,0.0100000000057,100.0,3,"[0, 1, 2]",supplementary_operation,False,excluded
-1,-1,1133,2261,5,supplementary_operation,1,[5],True,1832,3501971,3503802,1,True,14395.71,14414.02,14395.71,14414.02,18.31,0,0,1831,True,0.01,1.15831782705e-09,0.00999999999476,0.0100000000057,100.0,3,"[0, 1, 2]",supplementary_operation,False,excluded
-1,-1,1134,2263,5,supplementary_operation,1,[5],True,1831,3505167,3506997,1,True,14427.67,14445.97,14427.67,14445.97,18.3,0,0,1830,True,0.01,1.15245288897e-09,0.00999999999476,0.0100000000057,100.0,3,"[0, 1, 2]",supplementary_operation,False,excluded
-1,-1,1135,2265,5,supplementary_operation,1,[5],True,1814,3508533,3510346,1,True,14461.33,14479.49,14461.33,14479.49,18.16,0,0,1813,True,0.0100165471594,0.000406445304505,0.00999999999476,0.0200000000004,99.8348017621,3,"[0, 1, 2]",supplementary_operation,False,excluded
-1,-1,1136,2267,5,supplementary_operation,1,[5],True,1359,3511759,3513117,1,True,14493.69,14507.27,14493.69,14507.27,13.58,0,0,1358,True,0.01,0.0,0.00999999999476,0.0100000000057,100.0,3,"[0, 1, 2]",supplementary_operation,False,excluded
-1,-1,1137,2269,5,supplementary_operation,1,[5],True,1088,3514675,3515762,1,True,14522.86,14533.76,14522.86,14533.76,10.9,0,0,1087,True,0.010027598896,0.000524621064549,0.00999999999476,0.0200000000004,99.7247706422,3,"[0, 1, 2]",supplementary_operation,False,excluded
-1,-1,1138,2271,5,supplementary_operation,1,[5],True,1388,3517148,3518535,1,True,14547.62,14561.53,14547.62,14561.53,13.91,0,0,1387,True,0.0100288392213,0.00107365597502,0.00999999999476,0.0499999999956,99.7124370956,3,"[0, 1, 2]",supplementary_operation,False,excluded
-1,-1,1139,2273,5,supplementary_operation,1,[5],True,1383,3519954,3521336,1,True,14575.72,14589.74,14575.72,14589.74,14.02,0,0,1382,True,0.0101447178003,0.00130983600567,0.00999999999476,0.0300000000007,98.5734664765,3,"[0, 1, 2]",supplementary_operation,False,excluded
-1,-1,1140,2275,5,supplementary_operation,1,[5],True,1459,3522645,3524103,1,True,14603.16,14617.81,14603.16,14617.81,14.65,0,0,1458,True,0.0100480109739,0.000784205902249,0.00999999999476,0.0300000000007,99.5221843003,3,"[0, 1, 2]",supplementary_operation,False,excluded
-1,-1,1141,2277,5,supplementary_operation,1,[5],True,1800,3525426,3527225,1,True,14631.04,14649.03,14631.04,14649.03,17.99,0,0,1799,True,0.01,1.10441271454e-09,0.00999999999476,0.0100000000057,100.0,3,"[0, 1, 2]",supplementary_operation,False,excluded
-1,-1,1142,2279,5,supplementary_operation,1,[5],True,1871,3528546,3530416,1,True,14662.24,14680.94,14662.24,14680.94,18.7,0,0,1870,True,0.01,1.22097419595e-09,0.00999999999476,0.0100000000057,100.0,3,"[0, 1, 2]",supplementary_operation,False,excluded
-1,-1,1143,2281,5,supplementary_operation,1,[5],True,1876,3531886,3533761,1,True,14695.65,14714.41,14695.65,14714.41,18.76,0,0,1875,True,0.0100053333333,0.000230878515447,0.00999999999476,0.0200000000004,99.9466950959,3,"[0, 1, 2]",supplementary_operation,False,excluded
-1,-1,1144,2283,5,supplementary_operation,1,[5],True,1823,3535028,3536850,1,True,14727.08,14745.3,14727.08,14745.3,18.22,0,0,1822,True,0.01,1.14063254687e-09,0.00999999999476,0.0100000000057,100.0,3,"[0, 1, 2]",supplementary_operation,False,excluded
-1,-1,1145,2285,5,supplementary_operation,1,[5],True,1815,3538553,3540367,1,True,14762.35,14780.5,14762.35,14780.5,18.15,0,0,1814,True,0.0100055126792,0.000234726227753,0.00999999999476,0.0200000000004,99.9449035813,3,"[0, 1, 2]",supplementary_operation,False,excluded
-1,-1,1146,2287,5,supplementary_operation,1,[5],True,1831,3541940,3543770,1,True,14796.23,14814.54,14796.23,14814.54,18.31,0,0,1830,True,0.0100054644809,0.000233698412913,0.00999999999476,0.0200000000004,99.9453850355,3,"[0, 1, 2]",supplementary_operation,False,excluded
-1,-1,1147,2289,5,supplementary_operation,1,[5],True,1822,3545348,3547169,1,True,14830.61,14848.85,14830.61,14848.85,18.24,0,0,1821,True,0.0100164744646,0.000405553002469,0.00999999999476,0.0200000000004,99.8355263158,3,"[0, 1, 2]",supplementary_operation,False,excluded
-1,-1,1148,2291,5,supplementary_operation,1,[5],True,1851,3548786,3550636,1,True,14865.04,14883.58,14865.04,14883.58,18.54,0,0,1850,True,0.0100216216216,0.000464487590464,0.00999999999476,0.0200000000004,99.7842502697,3,"[0, 1, 2]",supplementary_operation,False,excluded
-1,-1,1149,2293,5,supplementary_operation,1,[5],True,1872,3552203,3554074,1,True,14899.29,14918.0,14899.29,14918.0,18.71,0,0,1871,True,0.01,1.21541164221e-09,0.00999999999476,0.0100000000057,100.0,3,"[0, 1, 2]",supplementary_operation,False,excluded
-1,-1,1150,2295,5,supplementary_operation,1,[5],True,1877,3555612,3557488,1,True,14933.39,14952.17,14933.39,14952.17,18.78,0,0,1876,True,0.0100106609808,0.000461634010647,0.00999999999476,0.0300000000043,99.8935037274,2,"[1, 2]",supplementary_operation,False,excluded
-1,-1,1151,2297,5,supplementary_operation,1,[5],True,1828,3559001,3560828,1,True,14967.3,14985.57,14967.3,14985.57,18.27,0,0,1827,True,0.01,1.14655795062e-09,0.00999999999476,0.0100000000057,100.0,3,"[0, 1, 2]",supplementary_operation,False,excluded
-1,-1,1152,2299,5,supplementary_operation,1,[5],True,1805,3562364,3564168,1,True,15000.94,15018.98,15000.94,15018.98,18.04,0,0,1804,True,0.01,1.11053139136e-09,0.00999999999476,0.0100000000057,100.0,3,"[0, 1, 2]",supplementary_operation,False,excluded
-1,-1,1153,2301,5,supplementary_operation,1,[5],True,1813,3565691,3567503,1,True,15034.21,15052.4,15034.21,15052.4,18.19,0,0,1812,True,0.0100386313466,0.000620339491585,0.00999999999476,0.0200000000004,99.6151731721,3,"[0, 1, 2]",supplementary_operation,False,excluded
-1,-1,1154,2303,5,supplementary_operation,1,[5],True,998,3569036,3570033,1,True,15067.73,15077.71,15067.73,15077.71,9.98,0,0,997,True,0.0100100300903,0.000316544309702,0.00999999999476,0.0200000000004,99.8997995992,2,"[1, 2]",supplementary_operation,False,excluded
-1,-1,1155,2305,5,supplementary_operation,1,[5],True,1856,3571362,3573217,1,True,15091.0,15109.55,15091.0,15109.55,18.55,0,0,1855,True,0.01,1.19290207116e-09,0.00999999999476,0.0100000000057,100.0,3,"[0, 1, 2]",supplementary_operation,False,excluded
-1,-1,1156,2307,5,supplementary_operation,1,[5],True,1783,3574595,3576377,1,True,15123.33,15141.15,15123.33,15141.15,17.82,0,0,1782,True,0.01,1.07329623509e-09,0.00999999999476,0.0100000000057,100.0,2,"[1, 2]",supplementary_operation,False,excluded
-1,-1,1157,2309,5,supplementary_operation,1,[5],True,1044,3577714,3578757,1,True,15154.52,15164.95,15154.52,15164.95,10.43,0,0,1043,True,0.01,0.0,0.00999999999476,0.0100000000057,100.0,3,"[0, 1, 2]",supplementary_operation,False,excluded
-1,-1,1158,2311,5,supplementary_operation,1,[5],True,1821,3580077,3581897,1,True,15178.18,15196.45,15178.18,15196.45,18.27,0,0,1820,True,0.0100384615385,0.000618979882282,0.00999999999476,0.0200000000004,99.6168582375,2,"[1, 2]",supplementary_operation,False,excluded
-1,-1,1159,2313,5,supplementary_operation,1,[5],True,1837,3583182,3585018,1,True,15209.3,15227.66,15209.3,15227.66,18.36,0,0,1836,True,0.01,1.16415321827e-09,0.00999999999476,0.0100000000057,100.0,2,"[1, 2]",supplementary_operation,False,excluded
-1,-1,1160,2315,5,supplementary_operation,1,[5],True,1831,3586308,3588138,1,True,15240.56,15258.87,15240.56,15258.87,18.31,0,0,1830,True,0.0100054644809,0.00023369841287,0.00999999999476,0.0199999999986,99.9453850355,3,"[0, 1, 2]",supplementary_operation,False,excluded
-1,-1,1161,2317,5,supplementary_operation,1,[5],True,1873,3589448,3591320,1,True,15271.97,15290.69,15271.97,15290.69,18.72,0,0,1872,True,0.01,1.15245288897e-09,0.00999999999476,0.0100000000057,100.0,2,"[1, 2]",supplementary_operation,False,excluded
-1,-1,1162,2319,5,supplementary_operation,1,[5],True,1855,3593029,3594883,1,True,15307.79,15326.34,15307.79,15326.34,18.55,0,0,1854,True,0.0100053937433,0.000232181696345,0.00999999999476,0.0200000000004,99.9460916442,2,"[1, 2]",supplementary_operation,False,excluded
-1,-1,1163,2321,5,supplementary_operation,1,[5],True,1047,3596501,3597547,1,True,15342.52,15352.98,15342.52,15352.98,10.46,0,0,1046,True,0.01,0.0,0.00999999999476,0.0100000000057,100.0,3,"[0, 1, 2]",supplementary_operation,False,excluded
-1,-1,1164,2323,5,supplementary_operation,1,[5],True,1815,3599051,3600865,1,True,15368.06,15386.24,15368.06,15386.24,18.18,0,0,1814,True,0.0100220507166,0.000742146671526,0.00999999999476,0.0399999999991,99.7799779978,3,"[0, 1, 2]",supplementary_operation,False,excluded
-1,-1,1165,2325,5,supplementary_operation,1,[5],True,1801,3602397,3604197,1,True,15401.56,15419.56,15401.56,15419.56,18.0,0,0,1800,True,0.01,1.04125029291e-09,0.00999999999476,0.0100000000057,100.0,3,"[0, 1, 2]",supplementary_operation,False,excluded
-1,-1,1166,2327,5,supplementary_operation,1,[5],True,1809,3605738,3607546,1,True,15434.99,15453.07,15434.99,15453.07,18.08,0,0,1808,True,0.01,1.04773789644e-09,0.00999999999476,0.0100000000057,100.0,3,"[0, 1, 2]",supplementary_operation,False,excluded
-1,-1,1167,2329,5,supplementary_operation,1,[5],True,1799,3609210,3611008,1,True,15469.72,15487.71,15469.72,15487.71,17.99,0,0,1798,True,0.0100055617353,0.000235767724086,0.00999999999476,0.0200000000004,99.9444135631,3,"[0, 1, 2]",supplementary_operation,False,excluded
-1,-1,1168,2331,5,supplementary_operation,1,[5],True,1773,3612380,3614152,1,True,15501.59,15519.63,15501.59,15519.63,18.04,0,0,1772,True,0.0101805869074,0.00137336239232,0.00999999999476,0.0300000000007,98.2261640798,3,"[0, 1, 2]",supplementary_operation,False,excluded
-1,-1,1169,2333,5,supplementary_operation,1,[5],True,1797,3615448,3617244,1,True,15532.82,15550.96,15532.82,15550.96,18.14,0,0,1796,True,0.0101002227171,0.00105049567024,0.00999999999476,0.0300000000007,99.0077177508,3,"[0, 1, 2]",supplementary_operation,False,excluded
-1,-1,1170,2335,5,supplementary_operation,1,[5],True,1020,3618548,3619567,1,True,15564.2,15574.39,15564.2,15574.39,10.19,0,0,1019,True,0.01,0.0,0.00999999999476,0.0100000000057,100.0,3,"[0, 1, 2]",supplementary_operation,False,excluded
-1,-1,1171,2337,5,supplementary_operation,1,[5],True,1776,3620923,3622698,1,True,6122.138,6139.908,6122.138,6139.908,17.77,0,0,1775,True,0.0100112676056,0.000335483378741,0.00999999999658,0.0200000000013,99.8874507597,3,"[0, 1, 2]",supplementary_operation,False,excluded
-1,-1,1172,2339,5,supplementary_operation,1,[5],True,1367,3624050,3625416,1,True,6153.518,6167.178,6153.518,6167.178,13.66,0,0,1366,True,0.01,6.88722331903e-10,0.00999999999658,0.0100000000039,100.0,3,"[0, 1, 2]",supplementary_operation,False,excluded
-1,-1,1173,2341,5,supplementary_operation,1,[5],True,1303,3626852,3628154,1,True,6181.568,6194.608,6181.568,6194.608,13.04,0,0,1302,True,0.0100153609831,0.000391629762877,0.00999999999658,0.0199999999986,99.8466257669,3,"[0, 1, 2]",supplementary_operation,False,excluded
-1,-1,1174,2343,5,supplementary_operation,1,[5],True,1316,3629549,3630864,1,True,6208.588,6221.748,6208.588,6221.748,13.16,0,0,1315,True,0.0100076045627,0.000275658843567,0.00999999999658,0.0200000000023,99.9240121581,2,"[1, 2]",supplementary_operation,False,excluded
-1,-1,1175,2345,5,supplementary_operation,1,[5],True,1387,3632254,3633640,1,True,6235.658,6249.548,6235.658,6249.548,13.89,0,0,1386,True,0.0100216450216,0.000600234832278,0.00999999999658,0.0300000000016,99.7840172786,2,"[1, 2]",supplementary_operation,False,excluded
-1,-1,1176,2347,5,supplementary_operation,1,[5],True,1474,3634989,3636462,1,True,6263.058,6277.788,6263.058,6277.788,14.73,0,0,1473,True,0.01,6.58544507983e-10,0.00999999999658,0.0100000000039,100.0,3,"[0, 1, 2]",supplementary_operation,False,excluded
-1,-1,1177,2349,5,supplementary_operation,1,[5],True,1476,3637794,3639269,1,True,6291.108,6305.868,6291.108,6305.868,14.76,0,0,1475,True,0.010006779661,0.000260289543435,0.00999999999658,0.0200000000041,99.9322493225,3,"[0, 1, 2]",supplementary_operation,False,excluded
-1,-1,1178,2351,5,supplementary_operation,1,[5],True,1502,3640742,3642243,1,True,6320.608,6335.618,6320.608,6335.618,15.01,0,0,1501,True,0.01,6.37632978038e-10,0.00999999999658,0.0100000000039,100.0,3,"[0, 1, 2]",supplementary_operation,False,excluded
-1,-1,1179,2353,5,supplementary_operation,1,[5],True,1826,3643576,3645401,1,True,6348.978,6367.248,6348.978,6367.248,18.27,0,0,1825,True,0.0100109589041,0.000330860912645,0.00999999999658,0.0200000000023,99.890530925,3,"[0, 1, 2]",supplementary_operation,False,excluded
-1,-1,1180,2355,5,supplementary_operation,1,[5],True,1842,3646802,3648643,1,True,6381.258,6399.668,6381.258,6399.668,18.41,0,0,1841,True,0.01,6.16011980703e-10,0.00999999999658,0.0100000000039,100.0,2,"[1, 2]",supplementary_operation,False,excluded
-1,-1,1181,2357,5,supplementary_operation,1,[5],True,1858,3649961,3651818,1,True,6412.918,6431.538,6412.918,6431.538,18.62,0,0,1857,True,0.0100269251481,0.000518195443137,0.00999999999658,0.0200000000041,99.731471536,3,"[0, 1, 2]",supplementary_operation,False,excluded
-1,-1,1182,2359,5,supplementary_operation,1,[5],True,1876,3653223,3655098,1,True,6445.588,6464.358,6445.588,6464.358,18.77,0,0,1875,True,0.0100106666667,0.000461757030883,0.00999999999658,0.0300000000007,99.8934469899,2,"[1, 2]",supplementary_operation,False,excluded
-1,-1,1183,2361,5,supplementary_operation,1,[5],True,1846,3656306,3658151,1,True,6476.468,6494.918,6476.468,6494.918,18.45,0,0,1845,True,0.01,6.04911756551e-10,0.00999999999658,0.0100000000039,100.0,2,"[1, 2]",supplementary_operation,False,excluded
-1,-1,1184,2363,5,supplementary_operation,1,[5],True,1874,3659851,3661724,1,True,6511.928,6530.668,6511.928,6530.668,18.74,0,0,1873,True,0.0100053390283,0.000231001683394,0.00999999999658,0.0199999999986,99.946638207,3,"[0, 1, 2]",supplementary_operation,False,excluded
-1,-1,1185,2365,5,supplementary_operation,1,[5],True,1850,3663335,3665184,1,True,6546.808,6565.298,6546.808,6565.298,18.49,0,0,1849,True,0.01,6.26915694114e-10,0.00999999999658,0.0100000000039,100.0,3,"[0, 1, 2]",supplementary_operation,False,excluded
-1,-1,1186,2367,5,supplementary_operation,1,[5],True,1816,3666847,3668662,1,True,6581.928,6600.088,6581.928,6600.088,18.16,0,0,1815,True,0.0100055096419,0.00023466159169,0.00999999999658,0.0200000000032,99.9449339207,3,"[0, 1, 2]",supplementary_operation,False,excluded
-1,-1,1187,2369,5,supplementary_operation,1,[5],True,1863,3670210,3672072,1,True,6615.578,6634.208,6615.578,6634.208,18.63,0,0,1862,True,0.0100053705693,0.000231682648905,0.00999999999658,0.0200000000013,99.9463231347,3,"[0, 1, 2]",supplementary_operation,False,excluded
-1,-1,1188,2371,5,supplementary_operation,1,[5],True,1842,3673725,3675566,1,True,6650.738,6669.158,6650.738,6669.158,18.42,0,0,1841,True,0.0100054318305,0.000232999571848,0.00999999999658,0.0199999999995,99.9457111835,3,"[0, 1, 2]",supplementary_operation,False,excluded
-1,-1,1189,2373,5,supplementary_operation,1,[5],True,1455,3677108,3678562,1,True,6684.578,6699.148,6684.578,6699.148,14.57,0,0,1454,True,0.0100206327373,0.000453763884455,0.00999999999658,0.0199999999995,99.7940974605,2,"[1, 2]",supplementary_operation,False,excluded
-1,-1,1190,2375,5,supplementary_operation,1,[5],True,1869,3679813,3681681,1,True,6711.688,6730.378,6711.688,6730.378,18.69,0,0,1868,True,0.0100053533191,0.000231310467938,0.00999999999658,0.0200000000023,99.9464954521,3,"[0, 1, 2]",supplementary_operation,False,excluded
-1,-1,1191,2377,5,supplementary_operation,1,[5],True,1812,3683211,3685022,1,True,6745.688,6763.808,6745.688,6763.808,18.12,0,0,1811,True,0.0100055218112,0.000234920457086,0.00999999999658,0.0200000000013,99.944812362,3,"[0, 1, 2]",supplementary_operation,False,excluded
-1,-1,1192,2379,5,supplementary_operation,1,[5],True,13,3686506,3686518,1,True,6778.668,6778.788,6778.668,6778.788,0.12,0,0,12,True,0.00999999999999,0.0,0.00999999999749,0.0100000000039,100.0,1,[1],supplementary_operation,False,excluded
-1,-1,1193,2381,5,supplementary_operation,1,[5],True,1950,3688960,3690909,1,True,7346.025,7365.535,7346.025,7365.535,19.51,0,0,1949,True,0.0100102616727,0.000320174053648,0.00999999999749,0.0200000000023,99.8974884675,3,"[0, 1, 2]",supplementary_operation,False,excluded
-1,-1,1194,2383,5,supplementary_operation,1,[5],True,1885,3692437,3694321,1,True,7380.815,7399.715,7380.815,7399.715,18.9,0,0,1884,True,0.0100318471338,0.000563433312506,0.00999999999749,0.0200000000023,99.6825396826,3,"[0, 1, 2]",supplementary_operation,False,excluded
-1,-1,1195,2385,5,supplementary_operation,1,[5],True,1830,3695826,3697655,1,True,7414.775,7433.075,7414.775,7433.075,18.3,0,0,1829,True,0.0100054674686,0.000233762256221,0.00999999999749,0.0200000000023,99.9453551913,3,"[0, 1, 2]",supplementary_operation,False,excluded
-1,-1,1196,2387,5,supplementary_operation,1,[5],True,1886,3699282,3701167,1,True,7449.355,7468.215,7449.355,7468.215,18.86,0,0,1885,True,0.0100053050398,0.000230265617076,0.00999999999749,0.0199999999977,99.9469777307,2,"[1, 2]",supplementary_operation,False,excluded
-1,-1,1197,2389,5,supplementary_operation,1,[5],True,1835,3702666,3704500,1,True,7483.225,7501.575,7483.225,7501.575,18.35,0,0,1834,True,0.0100054525627,0.00023344356198,0.00999999999749,0.0200000000023,99.9455040872,3,"[0, 1, 2]",supplementary_operation,False,excluded
-1,-1,1198,2391,5,supplementary_operation,1,[5],True,1828,3705997,3707824,1,True,7516.555,7534.825,7516.555,7534.825,18.27,0,0,1827,True,0.01,7.54457514082e-10,0.00999999999749,0.010000000002,100.0,3,"[0, 1, 2]",supplementary_operation,False,excluded
-1,-1,1199,2393,5,supplementary_operation,1,[5],True,1788,3709387,3711174,1,True,7550.465,7568.345,7550.465,7568.345,17.88,0,0,1787,True,0.0100055959709,0.000236491847903,0.00999999999749,0.0200000000004,99.9440715884,3,"[0, 1, 2]",supplementary_operation,False,excluded
-1,-1,1200,2395,5,supplementary_operation,1,[5],True,1860,3712675,3714534,1,True,7583.355,7601.955,7583.355,7601.955,18.6,0,0,1859,True,0.0100053792361,0.000231869414387,0.00999999999749,0.0200000000023,99.9462365591,3,"[0, 1, 2]",supplementary_operation,False,excluded
-1,-1,1201,2397,5,supplementary_operation,1,[5],True,1835,3716181,3718015,1,True,7618.435,7636.785,7618.435,7636.785,18.35,0,0,1834,True,0.0100054525627,0.000233443561916,0.00999999999749,0.0199999999995,99.9455040872,3,"[0, 1, 2]",supplementary_operation,False,excluded
-1,-1,1202,2399,5,supplementary_operation,1,[5],True,1820,3719530,3721349,1,True,7651.945,7670.135,7651.945,7670.135,18.19,0,0,1819,True,0.01,6.48173080155e-10,0.00999999999749,0.010000000002,100.0,3,"[0, 1, 2]",supplementary_operation,False,excluded
-1,-1,1203,2401,5,supplementary_operation,1,[5],True,1838,3722862,3724699,1,True,7685.265,7703.645,7685.265,7703.645,18.38,0,0,1837,True,0.0100054436581,0.000233252969851,0.00999999999749,0.0199999999977,99.9455930359,2,"[1, 2]",supplementary_operation,False,excluded
-1,-1,1204,2403,5,supplementary_operation,1,[5],True,1844,3726193,3728036,1,True,7718.585,7737.025,7718.585,7737.025,18.44,0,0,1843,True,0.010005425936,0.00023287318219,0.00999999999749,0.0200000000023,99.9457700651,3,"[0, 1, 2]",supplementary_operation,False,excluded
-1,-1,1205,2405,5,supplementary_operation,1,[5],True,1396,3729439,3730834,1,True,7751.075,7765.025,7751.075,7765.025,13.95,0,0,1395,True,0.01,0.0,0.00999999999749,0.010000000002,100.0,3,"[0, 1, 2]",supplementary_operation,False,excluded
-1,-1,1206,2407,5,supplementary_operation,1,[5],True,1427,3732248,3733674,1,True,7779.175,7793.435,7779.175,7793.435,14.26,0,0,1426,True,0.01,0.0,0.00999999999749,0.010000000002,100.0,3,"[0, 1, 2]",supplementary_operation,False,excluded
-1,-1,1207,2409,5,supplementary_operation,1,[5],True,1370,3735107,3736476,1,True,7807.775,7821.485,7807.775,7821.485,13.71,0,0,1369,True,0.0100146092038,0.000381940583233,0.00999999999749,0.0200000000004,99.8541210795,3,"[0, 1, 2]",supplementary_operation,False,excluded
-1,-1,1208,2411,5,supplementary_operation,1,[5],True,1400,3738056,3739455,1,True,7837.295,7851.325,7837.295,7851.325,14.03,0,0,1399,True,0.0100285918513,0.000844972655892,0.00999999999749,0.0400000000018,99.71489665,3,"[0, 1, 2]",supplementary_operation,False,excluded
-1,-1,1209,2413,5,supplementary_operation,1,[5],True,1360,3740989,3742348,1,True,7866.675,7880.275,7866.675,7880.275,13.6,0,0,1359,True,0.0100073583517,0.000271162998922,0.00999999999749,0.0200000000023,99.9264705882,3,"[0, 1, 2]",supplementary_operation,False,excluded
-1,-1,1210,2415,5,supplementary_operation,1,[5],True,1342,3743717,3745058,1,True,7893.995,7907.435,7893.995,7907.435,13.44,0,0,1341,True,0.0100223713647,0.000472454408983,0.00999999999749,0.0200000000023,99.7767857143,3,"[0, 1, 2]",supplementary_operation,False,excluded
-1,-1,1211,2417,5,supplementary_operation,1,[5],True,1497,3746420,3747916,1,True,8236.969,8251.939,8236.969,8251.939,14.97,0,0,1496,True,0.010006684492,0.00025845741885,0.0099999999984,0.0200000000004,99.9331997328,3,"[0, 1, 2]",supplementary_operation,False,excluded
-1,-1,1212,2419,5,supplementary_operation,1,[5],True,1855,3749367,3751221,1,True,8266.459,8285.019,8266.459,8285.019,18.56,0,0,1854,True,0.0100107874865,0.000328265891133,0.0099999999984,0.0200000000004,99.8922413793,3,"[0, 1, 2]",supplementary_operation,False,excluded
-1,-1,1213,2421,5,supplementary_operation,1,[5],True,1814,3752531,3754344,1,True,8298.129,8316.259,8298.129,8316.259,18.13,0,0,1813,True,0.01,8.31371688813e-10,0.0099999999984,0.010000000002,100.0,3,"[0, 1, 2]",supplementary_operation,False,excluded
-1,-1,1214,2423,5,supplementary_operation,1,[5],True,1874,3755626,3757499,1,True,8329.079,8347.809,8329.079,8347.809,18.73,0,0,1873,True,0.01,9.09232729569e-10,0.0099999999984,0.010000000002,100.0,2,"[1, 2]",supplementary_operation,False,excluded
-1,-1,1215,2425,5,supplementary_operation,1,[5],True,1838,3758721,3760558,1,True,8360.049,8378.429,8360.049,8378.429,18.38,0,0,1837,True,0.0100054436581,0.000233252969915,0.0099999999984,0.0200000000004,99.9455930359,3,"[0, 1, 2]",supplementary_operation,False,excluded
-1,-1,1216,2427,5,supplementary_operation,1,[5],True,1861,3762197,3764057,1,True,8394.839,8413.439,8394.839,8413.439,18.6,0,0,1860,True,0.01,8.94203054238e-10,0.0099999999984,0.010000000002,100.0,3,"[0, 1, 2]",supplementary_operation,False,excluded
-1,-1,1217,2429,5,supplementary_operation,1,[5],True,1861,3765798,3767658,1,True,8430.849,8449.489,8430.849,8449.489,18.64,0,0,1860,True,0.0100215053763,0.000567554547066,0.0099999999984,0.0299999999988,99.7854077253,3,"[0, 1, 2]",supplementary_operation,False,excluded
-1,-1,1218,2431,5,supplementary_operation,1,[5],True,1863,3769216,3771078,1,True,8465.089,8483.709,8465.089,8483.709,18.62,0,0,1862,True,0.01,8.8659267708e-10,0.0099999999984,0.010000000002,100.0,2,"[1, 2]",supplementary_operation,False,excluded
-1,-1,1219,2433,5,supplementary_operation,1,[5],True,1857,3772567,3774423,1,True,8498.599,8517.169,8498.599,8517.169,18.57,0,0,1856,True,0.010005387931,0.000232056632203,0.0099999999984,0.0200000000004,99.9461497038,3,"[0, 1, 2]",supplementary_operation,False,excluded
-1,-1,1220,2435,5,supplementary_operation,1,[5],True,1849,3775983,3777831,1,True,8532.779,8551.279,8532.779,8551.279,18.5,0,0,1848,True,0.0100108225108,0.000328797782131,0.0099999999984,0.0200000000023,99.8918918919,3,"[0, 1, 2]",supplementary_operation,False,excluded
-1,-1,1221,2437,5,supplementary_operation,1,[5],True,1881,3779397,3781277,1,True,8566.939,8585.749,8566.939,8585.749,18.81,0,0,1880,True,0.0100053191489,0.000230571455307,0.0099999999984,0.0199999999986,99.9468367889,2,"[1, 2]",supplementary_operation,False,excluded
-1,-1,1222,2439,5,supplementary_operation,1,[5],True,1883,3782869,3784751,1,True,8601.709,8620.549,8601.709,8620.549,18.84,0,0,1882,True,0.0100106269926,0.000325817422263,0.0099999999984,0.0200000000004,99.8938428875,3,"[0, 1, 2]",supplementary_operation,False,excluded
-1,-1,1223,2441,5,supplementary_operation,1,[5],True,1816,3786263,3788078,1,True,8635.669,8653.829,8635.669,8653.829,18.16,0,0,1815,True,0.0100055096419,0.000234661591669,0.0099999999984,0.0200000000023,99.9449339207,3,"[0, 1, 2]",supplementary_operation,False,excluded
-1,-1,1224,2443,5,supplementary_operation,1,[5],True,1783,3789603,3791385,1,True,8669.079,8686.909,8669.079,8686.909,17.83,0,0,1782,True,0.0100056116723,0.00023682320816,0.0099999999984,0.0200000000004,99.9439147504,2,"[1, 2]",supplementary_operation,False,excluded
-1,-1,1225,2445,5,supplementary_operation,1,[5],True,1802,3792966,3794767,1,True,8702.719,8720.739,8702.719,8720.739,18.02,0,0,1801,True,0.0100055524708,0.000235571387414,0.0099999999984,0.0200000000004,99.9445061043,2,"[1, 2]",supplementary_operation,False,excluded
-1,-1,1226,2447,5,supplementary_operation,1,[5],True,1839,3796426,3798264,1,True,8737.339,8755.749,8737.339,8755.749,18.41,0,0,1838,True,0.0100163220892,0.000403676208951,0.0099999999984,0.0200000000004,99.8370450842,3,"[0, 1, 2]",supplementary_operation,False,excluded
-1,-1,1227,2449,5,supplementary_operation,1,[5],True,3444,3799856,3803299,1,True,8771.729,9240.629,8771.729,9240.629,468.9,0,0,3443,True,0.136189369736,7.19491467726,0.0099999999984,422.07,7.34271699723,3,"[0, 1, 2]",supplementary_operation,False,excluded
-1,-1,1228,2451,5,supplementary_operation,1,[5],True,1823,3804681,3806503,1,True,9254.449,9272.669,9254.449,9272.669,18.22,0,0,1822,True,0.01,1.07329623509e-09,0.0099999999984,0.0100000000002,100.0,2,"[1, 2]",supplementary_operation,False,excluded
-1,-1,1229,2453,5,supplementary_operation,1,[5],True,1801,3807899,3809699,1,True,9286.629,9304.659,9286.629,9304.659,18.03,0,0,1800,True,0.0100166666667,0.000526782687643,0.0099999999984,0.0300000000007,99.8336106489,3,"[0, 1, 2]",supplementary_operation,False,excluded
-1,-1,1230,2455,5,supplementary_operation,1,[5],True,1360,3811106,3812465,1,True,9318.739,9332.409,9318.739,9332.409,13.67,0,0,1359,True,0.0100588668138,0.00085578611294,0.0099999999984,0.0299999999988,99.4147768837,3,"[0, 1, 2]",supplementary_operation,False,excluded
-1,-1,1231,2457,5,supplementary_operation,1,[5],True,1398,3813985,3815382,1,True,9347.639,9361.639,9347.639,9361.639,14.0,0,0,1397,True,0.0100214745884,0.000597870093587,0.0099999999984,0.0300000000007,99.7857142857,3,"[0, 1, 2]",supplementary_operation,False,excluded
-1,-1,1232,2459,5,supplementary_operation,1,[5],True,1377,3816922,3818298,1,True,9377.049,9390.809,9377.049,9390.809,13.76,0,0,1376,True,0.01,0.0,0.0099999999984,0.0100000000002,100.0,3,"[0, 1, 2]",supplementary_operation,False,excluded
-1,-1,1233,2461,5,supplementary_operation,1,[5],True,1472,3819712,3821183,1,True,9404.959,9419.689,9404.959,9419.689,14.73,0,0,1471,True,0.0100135961931,0.000368479408115,0.0099999999984,0.0200000000004,99.8642226748,3,"[0, 1, 2]",supplementary_operation,False,excluded
-1,-1,1234,2463,5,supplementary_operation,1,[5],True,1463,3822681,3824143,1,True,9434.669,9449.299,9434.669,9449.299,14.63,0,0,1462,True,0.0100068399453,0.000261443431661,0.0099999999984,0.0200000000004,99.9316473001,3,"[0, 1, 2]",supplementary_operation,False,excluded
-1,-1,1235,2465,5,supplementary_operation,1,[5],True,1838,3825407,3827244,1,True,9461.949,9480.319,9461.949,9480.319,18.37,0,0,1837,True,0.01,1.10441271454e-09,0.0099999999984,0.0100000000002,100.0,3,"[0, 1, 2]",supplementary_operation,False,excluded
-1,-1,1236,2467,5,supplementary_operation,1,[5],True,1863,3828581,3830443,1,True,9493.699,9512.329,9493.699,9512.329,18.63,0,0,1862,True,0.0100053705693,0.000231682648886,0.0099999999984,0.0200000000004,99.9463231347,2,"[1, 2]",supplementary_operation,False,excluded
-1,-1,1237,2469,5,supplementary_operation,1,[5],True,1851,3831921,3833771,1,True,9527.109,9545.719,9527.109,9545.719,18.61,0,0,1850,True,0.0100594594595,0.000956756756782,0.0099999999984,0.0300000000007,99.4089199355,3,"[0, 1, 2]",supplementary_operation,False,excluded
-1,-1,1238,2471,5,supplementary_operation,1,[5],True,1837,3835055,3836891,1,True,9558.609,9576.969,9558.609,9576.969,18.36,0,0,1836,True,0.01,1.0982599496e-09,0.0099999999984,0.0100000000002,100.0,3,"[0, 1, 2]",supplementary_operation,False,excluded
-1,-1,1239,2473,5,supplementary_operation,1,[5],True,1867,3838455,3840321,1,True,9592.619,9611.319,9592.619,9611.319,18.7,0,0,1866,True,0.0100214362272,0.000731741873025,0.0099999999984,0.0399999999991,99.7860962567,3,"[0, 1, 2]",supplementary_operation,False,excluded
-1,-1,1240,2475,5,supplementary_operation,1,[5],True,1858,3841953,3843810,1,True,9627.659,9646.229,9627.659,9646.229,18.57,0,0,1857,True,0.01,1.12266870693e-09,0.0099999999984,0.0100000000002,100.0,2,"[1, 2]",supplementary_operation,False,excluded
-1,-1,1241,2477,5,supplementary_operation,1,[5],True,1851,3845571,3847421,1,True,9663.849,9682.359,9663.849,9682.359,18.51,0,0,1850,True,0.0100054054054,0.000232432432445,0.0099999999984,0.0200000000004,99.9459751486,3,"[0, 1, 2]",supplementary_operation,False,excluded
-1,-1,1242,2479,5,supplementary_operation,1,[5],True,1875,3849129,3851003,1,True,9699.449,9718.199,9699.449,9718.199,18.75,0,0,1874,True,0.0100053361793,0.000230940074809,0.0099999999984,0.0200000000004,99.9466666667,2,"[1, 2]",supplementary_operation,False,excluded
-1,-1,1243,2481,5,supplementary_operation,1,[5],True,1836,3852572,3854407,1,True,9733.899,9752.259,9733.899,9752.259,18.36,0,0,1835,True,0.0100054495913,0.000233379979363,0.0099999999984,0.0200000000004,99.9455337691,3,"[0, 1, 2]",supplementary_operation,False,excluded
-1,-1,1244,2483,5,supplementary_operation,1,[5],True,1863,3856155,3858017,1,True,9769.749,9788.379,9769.749,9788.379,18.63,0,0,1862,True,0.0100053705693,0.000231682648886,0.0099999999984,0.0200000000004,99.9463231347,3,"[0, 1, 2]",supplementary_operation,False,excluded
-1,-1,1245,2485,5,supplementary_operation,1,[5],True,1797,3859554,3861350,1,True,9803.749,9821.889,9803.749,9821.889,18.14,0,0,1796,True,0.0101002227171,0.0011516328852,0.0099999999984,0.0300000000007,99.0077177508,2,"[1, 2]",supplementary_operation,False,excluded
-1,-1,1246,2487,5,supplementary_operation,1,[5],True,1870,3862894,3864763,1,True,9837.349,9856.039,9837.349,9856.039,18.69,0,0,1869,True,0.01,1.15245288897e-09,0.0099999999984,0.0100000000002,100.0,3,"[0, 1, 2]",supplementary_operation,False,excluded
-1,-1,1247,2489,5,supplementary_operation,1,[5],True,1836,3866261,3868096,1,True,9871.059,9889.419,9871.059,9889.419,18.36,0,0,1835,True,0.0100054495913,0.000233379979363,0.0099999999984,0.0200000000004,99.9455337691,3,"[0, 1, 2]",supplementary_operation,False,excluded
-1,-1,1248,2491,5,supplementary_operation,1,[5],True,1839,3869612,3871450,1,True,9904.599,9923.029,9904.599,9923.029,18.43,0,0,1838,True,0.010027203482,0.000616529576902,0.0099999999984,0.0299999999988,99.7287032013,3,"[0, 1, 2]",supplementary_operation,False,excluded
-1,-1,1249,2493,5,supplementary_operation,1,[5],True,1883,3872832,3874714,1,True,9936.849,9955.679,9936.849,9955.679,18.83,0,0,1882,True,0.0100053134963,0.000230448973894,0.0099999999984,0.0200000000004,99.9468932554,2,"[1, 2]",supplementary_operation,False,excluded
-1,-1,1250,2495,5,supplementary_operation,1,[5],True,1844,3876092,3877935,1,True,9969.459,9987.899,9969.459,9987.899,18.44,0,0,1843,True,0.010005425936,0.000232873182149,0.0099999999984,0.0200000000004,99.9457700651,2,"[1, 2]",supplementary_operation,False,excluded
-1,-1,1251,2497,5,supplementary_operation,1,[5],True,1891,3879250,3881140,1,True,10001.049,10019.949,10001.049,10019.949,18.9,0,0,1890,True,0.01,1.18148647774e-09,0.0099999999984,0.0100000000002,100.0,3,"[0, 1, 2]",supplementary_operation,False,excluded
-1,-1,1252,2499,5,supplementary_operation,1,[5],True,1846,3882485,3884330,1,True,10033.399,10051.849,10033.399,10051.849,18.45,0,0,1845,True,0.01,1.11661654043e-09,0.0099999999984,0.0100000000002,100.0,3,"[0, 1, 2]",supplementary_operation,False,excluded
-1,-1,1253,2501,5,supplementary_operation,1,[5],True,1838,3885684,3887521,1,True,10065.409,10083.909,10065.409,10083.909,18.5,0,0,1837,True,0.0100707675558,0.00106684589425,0.0099999999984,0.0300000000007,99.2972972973,2,"[1, 2]",supplementary_operation,False,excluded
-1,-1,1254,2503,5,supplementary_operation,1,[5],True,1865,3888751,3890615,1,True,10096.499,10115.189,10096.499,10115.189,18.69,0,0,1864,True,0.0100268240343,0.000612222959256,0.0099999999984,0.0299999999988,99.7324772606,3,"[0, 1, 2]",supplementary_operation,False,excluded
-1,-1,1255,2505,5,supplementary_operation,1,[5],True,1818,3891943,3893760,1,True,10128.469,10146.669,10128.469,10146.669,18.2,0,0,1817,True,0.010016510732,0.00040599841808,0.0099999999984,0.0200000000004,99.8351648352,3,"[0, 1, 2]",supplementary_operation,False,excluded
-1,-1,1256,2507,5,supplementary_operation,1,[5],True,1821,3895406,3897226,1,True,10163.149,10181.349,10163.149,10181.349,18.2,0,0,1820,True,0.01,1.07959128165e-09,0.0099999999984,0.0100000000002,100.0,2,"[1, 2]",supplementary_operation,False,excluded
-1,-1,1257,2509,5,supplementary_operation,1,[5],True,1855,3898795,3900649,1,True,10197.059,10215.619,10197.059,10215.619,18.56,0,0,1854,True,0.0100107874865,0.000328265891164,0.0099999999984,0.0200000000004,99.8922413793,3,"[0, 1, 2]",supplementary_operation,False,excluded
-1,-1,1258,2511,5,supplementary_operation,1,[5],True,1855,3902284,3904138,1,True,10231.969,10250.539,10231.969,10250.539,18.57,0,0,1854,True,0.0100161812298,0.000696545089019,0.0099999999984,0.0400000000009,99.8384491115,3,"[0, 1, 2]",supplementary_operation,False,excluded
-1,-1,1259,2513,5,supplementary_operation,1,[5],True,1831,3905650,3907480,1,True,10265.679,10283.979,10265.679,10283.979,18.3,0,0,1830,True,0.01,1.07959128165e-09,0.0099999999984,0.0100000000002,100.0,3,"[0, 1, 2]",supplementary_operation,False,excluded
-1,-1,1260,2515,5,supplementary_operation,1,[5],True,1811,3909005,3910815,1,True,10299.239,10317.359,10299.239,10317.359,18.12,0,0,1810,True,0.0100110497238,0.000332227544229,0.0099999999984,0.0199999999986,99.8896247241,3,"[0, 1, 2]",supplementary_operation,False,excluded
-1,-1,1261,2517,5,supplementary_operation,1,[5],True,1827,3912489,3914315,1,True,10334.109,10352.369,10334.109,10352.369,18.26,0,0,1826,True,0.01,1.07959128165e-09,0.0099999999984,0.0100000000002,100.0,3,"[0, 1, 2]",supplementary_operation,False,excluded
-1,-1,1262,2519,5,supplementary_operation,1,[5],True,1843,3915664,3917506,1,True,10365.859,10384.309,10365.859,10384.309,18.45,0,0,1842,True,0.010016286645,0.000520748334357,0.0099999999984,0.0300000000007,99.837398374,3,"[0, 1, 2]",supplementary_operation,False,excluded
-1,-1,1263,2521,5,supplementary_operation,1,[5],True,1877,3918844,3920720,1,True,10397.709,10416.509,10397.709,10416.509,18.8,0,0,1876,True,0.0100213219616,0.000565132549271,0.0099999999984,0.0299999999988,99.7872340426,3,"[0, 1, 2]",supplementary_operation,False,excluded
-1,-1,1264,2523,5,supplementary_operation,1,[5],True,1843,3922074,3923916,1,True,10430.049,10448.479,10430.049,10448.479,18.43,0,0,1842,True,0.0100054288816,0.000232936351293,0.0099999999984,0.0200000000004,99.9457406403,3,"[0, 1, 2]",supplementary_operation,False,excluded
-1,-1,1265,2525,5,supplementary_operation,1,[5],True,1715,3925533,3927247,1,True,10464.659,23619.824,10464.659,23619.824,13155.165,0,0,1714,True,7.67512543757,316.41026037,0.0099999999984,13103.345,0.130291030177,3,"[0, 1, 2]",supplementary_operation,False,excluded
-1,-1,1266,2527,5,supplementary_operation,1,[5],True,1364,3928611,3929974,1,True,23633.494,23647.134,23633.494,23647.134,13.64,0,0,1363,True,0.0100073367572,0.000270765107677,0.0099999999984,0.0200000000004,99.926686217,3,"[0, 1, 2]",supplementary_operation,False,excluded
-1,-1,1267,2529,5,supplementary_operation,1,[5],True,1311,3931565,3932875,1,True,23663.054,23676.154,23663.054,23676.154,13.1,0,0,1310,True,0.01,1.00818626092e-09,0.0099999999984,0.010000000002,100.0,3,"[0, 1, 2]",supplementary_operation,False,excluded
-1,-1,1268,2531,5,supplementary_operation,1,[5],True,1323,3934417,3935739,1,True,23691.584,23704.804,23691.584,23704.804,13.22,0,0,1322,True,0.01,9.80932937606e-10,0.0099999999984,0.010000000002,100.0,3,"[0, 1, 2]",supplementary_operation,False,excluded
-1,-1,1269,2533,5,supplementary_operation,1,[5],True,1362,3937275,3938636,1,True,23720.164,23733.784,23720.164,23733.784,13.62,0,0,1361,True,0.0100073475386,0.000270963834173,0.0099999999984,0.0200000000004,99.9265785609,3,"[0, 1, 2]",supplementary_operation,False,excluded
-1,-1,1270,2535,5,supplementary_operation,1,[5],True,1457,3939995,3941451,1,True,23747.374,23761.934,23747.374,23761.934,14.56,0,0,1456,True,0.01,6.98491930962e-10,0.0099999999984,0.010000000002,100.0,3,"[0, 1, 2]",supplementary_operation,False,excluded
-1,-1,1271,2537,5,supplementary_operation,1,[5],True,1535,3942800,3944334,1,True,23775.424,23790.764,23775.424,23790.764,15.34,0,0,1534,True,0.01,4.79992668333e-10,0.0099999999984,0.010000000002,100.0,3,"[0, 1, 2]",supplementary_operation,False,excluded
-1,-1,1272,2539,5,supplementary_operation,1,[5],True,1514,3945723,3947236,1,True,23804.684,23819.814,23804.684,23819.814,15.13,0,0,1513,True,0.01,5.58308270214e-10,0.0099999999984,0.010000000002,100.0,3,"[0, 1, 2]",supplementary_operation,False,excluded
-1,-1,1273,2541,5,supplementary_operation,1,[5],True,1807,3948521,3950327,1,True,23832.994,23851.544,23832.994,23851.544,18.55,0,0,1806,True,0.0102713178295,0.0022032712847,0.0099999999984,0.0599999999977,97.358490566,3,"[0, 1, 2]",supplementary_operation,False,excluded
-1,-1,1274,2543,5,supplementary_operation,1,[5],True,1850,3951780,3953629,1,True,23866.404,23885.044,23866.404,23885.044,18.64,0,0,1849,True,0.0100811249324,0.00101044605119,0.0099999999984,0.0300000000025,99.19527897,3,"[0, 1, 2]",supplementary_operation,False,excluded
-1,-1,1275,2545,5,supplementary_operation,1,[5],True,1844,3954921,3956764,1,True,23898.004,23916.474,23898.004,23916.474,18.47,0,0,1843,True,0.0100217037439,0.000465366937456,0.0099999999984,0.0200000000004,99.7834325934,3,"[0, 1, 2]",supplementary_operation,False,excluded
-1,-1,1276,2547,5,supplementary_operation,1,[5],True,1824,3957999,3959822,1,True,23928.984,23947.234,23928.984,23947.234,18.25,0,0,1823,True,0.010010970927,0.000331042156171,0.0099999999984,0.0200000000004,99.8904109589,3,"[0, 1, 2]",supplementary_operation,False,excluded
-1,-1,1277,2549,5,supplementary_operation,1,[5],True,1836,3961178,3963013,1,True,23960.804,23979.154,23960.804,23979.154,18.35,0,0,1835,True,0.01,0.0,0.0099999999984,0.010000000002,100.0,3,"[0, 1, 2]",supplementary_operation,False,excluded
-1,-1,1278,2551,5,supplementary_operation,1,[5],True,1846,3964599,3966444,1,True,23995.034,24013.494,23995.034,24013.494,18.46,0,0,1845,True,0.0100054200542,0.00023274699788,0.0099999999984,0.0200000000004,99.9458288191,2,"[1, 2]",supplementary_operation,False,excluded
-1,-1,1279,2553,5,supplementary_operation,1,[5],True,1831,3968023,3969853,1,True,24029.304,24047.604,24029.304,24047.604,18.3,0,0,1830,True,0.01,0.0,0.0099999999984,0.010000000002,100.0,3,"[0, 1, 2]",supplementary_operation,False,excluded
-1,-1,1280,2555,5,supplementary_operation,1,[5],True,1867,3971451,3973317,1,True,24063.664,24082.334,24063.664,24082.334,18.67,0,0,1866,True,0.0100053590568,0.000231434328859,0.0099999999984,0.0200000000004,99.9464381361,2,"[1, 2]",supplementary_operation,False,excluded
-1,-1,1281,2557,5,supplementary_operation,1,[5],True,1843,3974813,3976655,1,True,24097.294,24115.754,24097.294,24115.754,18.46,0,0,1842,True,0.0100217155266,0.000570316872371,0.0099999999984,0.0299999999988,99.7833152763,3,"[0, 1, 2]",supplementary_operation,False,excluded
-1,-1,1282,2559,5,supplementary_operation,1,[5],True,1801,3978187,3979987,1,True,24131.114,24149.124,24131.114,24149.124,18.01,0,0,1800,True,0.0100055555556,0.000235636778459,0.0099999999984,0.0200000000004,99.9444752915,3,"[0, 1, 2]",supplementary_operation,False,excluded
-1,-1,1283,2561,5,supplementary_operation,1,[5],True,1864,3981624,3983487,1,True,24165.504,24184.134,24165.504,24184.134,18.63,0,0,1863,True,0.01,0.0,0.0099999999984,0.010000000002,100.0,2,"[1, 2]",supplementary_operation,False,excluded
-1,-1,1284,2563,5,supplementary_operation,1,[5],True,1860,3985101,3986960,1,True,24200.274,24218.874,24200.274,24218.874,18.6,0,0,1859,True,0.0100053792361,0.000231869414342,0.0099999999984,0.0200000000004,99.9462365591,3,"[0, 1, 2]",supplementary_operation,False,excluded
-1,-1,1285,2565,5,supplementary_operation,1,[5],True,1864,3988450,3990313,1,True,24233.814,24252.454,24233.814,24252.454,18.64,0,0,1863,True,0.0100053676865,0.000231620493948,0.0099999999984,0.0200000000004,99.9463519313,3,"[0, 1, 2]",supplementary_operation,False,excluded
-1,-1,1286,2567,5,supplementary_operation,1,[5],True,1827,3991828,3993654,1,True,24267.604,24285.904,24267.604,24285.904,18.3,0,0,1826,True,0.010021905805,0.000467523460489,0.0099999999984,0.0200000000004,99.781420765,3,"[0, 1, 2]",supplementary_operation,False,excluded
-1,-1,1287,2569,5,supplementary_operation,1,[5],True,1821,3995166,3996986,1,True,24301.144,24319.344,24301.144,24319.344,18.2,0,0,1820,True,0.01,0.0,0.0099999999984,0.010000000002,100.0,3,"[0, 1, 2]",supplementary_operation,False,excluded
-1,-1,1288,2571,5,supplementary_operation,1,[5],True,1833,3998474,4000306,1,True,24334.224,24352.554,24334.224,24352.554,18.33,0,0,1832,True,0.0100054585153,0.000233570883146,0.0099999999984,0.0200000000004,99.9454446263,3,"[0, 1, 2]",supplementary_operation,False,excluded
-1,-1,1289,2573,5,supplementary_operation,1,[5],True,1844,4001887,4003730,1,True,24368.374,24386.804,24368.374,24386.804,18.43,0,0,1843,True,0.01,0.0,0.0099999999984,0.010000000002,100.0,3,"[0, 1, 2]",supplementary_operation,False,excluded
-1,-1,1290,2575,5,supplementary_operation,1,[5],True,1814,4005252,4007065,1,True,24402.024,24420.154,24402.024,24420.154,18.13,0,0,1813,True,0.01,0.0,0.0099999999984,0.010000000002,100.0,2,"[1, 2]",supplementary_operation,False,excluded
-1,-1,1291,2577,5,supplementary_operation,1,[5],True,2359,4008731,4011089,1,True,24436.814,24885.544,24436.814,24885.544,448.73,0,0,2358,True,0.190301102629,8.75342820244,0.0099999999984,425.16,5.25483029884,3,"[0, 1, 2]",supplementary_operation,False,excluded
-1,-1,1292,2579,5,supplementary_operation,1,[5],True,1813,4012577,4014389,1,True,24900.424,24918.564,24900.424,24918.564,18.14,0,0,1812,True,0.0100110375276,0.000332044347779,0.0099999999984,0.0200000000004,99.8897464168,3,"[0, 1, 2]",supplementary_operation,False,excluded
-1,-1,1293,2581,5,supplementary_operation,1,[5],True,1830,4015889,4017718,1,True,24933.574,24951.944,24933.574,24951.944,18.37,0,0,1829,True,0.0100437397485,0.000659912357365,0.0099999999984,0.0200000000004,99.5645073489,3,"[0, 1, 2]",supplementary_operation,False,excluded
-1,-1,1294,2583,5,supplementary_operation,1,[5],True,1862,4019127,4020988,1,True,24966.034,24984.664,24966.034,24984.664,18.63,0,0,1861,True,0.0100107469103,0.000327648602198,0.0099999999984,0.0200000000004,99.8926462695,3,"[0, 1, 2]",supplementary_operation,False,excluded
-1,-1,1295,2585,5,supplementary_operation,1,[5],True,1753,4022397,4024149,1,True,24998.754,26599.79,24998.754,26599.79,1601.036,0,0,1752,True,0.913833333333,37.8196674822,0.0099999999984,1583.476,1.09429144629,3,"[0, 1, 2]",supplementary_operation,False,excluded
-1,-1,1296,2587,5,supplementary_operation,1,[5],True,1356,4025547,4026902,1,True,26613.82,26627.39,26613.82,26627.39,13.57,0,0,1355,True,0.0100147601476,0.000383905735919,0.0099999999984,0.0200000000004,99.8526160649,2,"[1, 2]",supplementary_operation,False,excluded
-1,-1,1297,2589,5,supplementary_operation,1,[5],True,1383,4028350,4029732,1,True,26641.88,26655.97,26641.88,26655.97,14.09,0,0,1382,True,0.0101953690304,0.00166848076033,0.0099999999984,0.0400000000009,98.0837473385,3,"[0, 1, 2]",supplementary_operation,False,excluded
-1,-1,1298,2591,5,supplementary_operation,1,[5],True,1377,4031107,4032483,1,True,26669.95,26683.76,26669.95,26683.76,13.81,0,0,1376,True,0.0100363372093,0.000712320530023,0.0099999999984,0.0300000000025,99.6379435192,3,"[0, 1, 2]",supplementary_operation,False,excluded
-1,-1,1299,2593,5,supplementary_operation,1,[5],True,1352,4034049,4035400,1,True,26699.45,26712.97,26699.45,26712.97,13.52,0,0,1351,True,0.0100074019245,0.000271964072121,0.0099999999984,0.0200000000004,99.926035503,2,"[1, 2]",supplementary_operation,False,excluded
-1,-1,1300,2595,5,supplementary_operation,1,[5],True,1330,4036772,4038101,1,True,26726.69,26739.98,26726.69,26739.98,13.29,0,0,1329,True,0.01,9.67018290297e-10,0.0099999999984,0.010000000002,100.0,3,"[0, 1, 2]",supplementary_operation,False,excluded
-1,-1,1301,2597,5,supplementary_operation,1,[5],True,1429,4039460,4040888,1,True,26753.57,26767.86,26753.57,26767.86,14.29,0,0,1428,True,0.0100070028011,0.000264535388914,0.0099999999984,0.0200000000004,99.9300209937,3,"[0, 1, 2]",supplementary_operation,False,excluded
-1,-1,1302,2599,5,supplementary_operation,1,[5],True,1461,4042215,4043675,1,True,26781.13,26795.74,26781.13,26795.74,14.61,0,0,1460,True,0.0100068493151,0.000261622318571,0.0099999999984,0.0200000000004,99.9315537303,3,"[0, 1, 2]",supplementary_operation,False,excluded
-1,-1,1303,2601,5,supplementary_operation,1,[5],True,1877,4045111,4046987,1,True,26810.13,26828.89,26810.13,26828.89,18.76,0,0,1876,True,0.01,0.0,0.0099999999984,0.010000000002,100.0,2,"[1, 2]",supplementary_operation,False,excluded
-1,-1,1304,2603,5,supplementary_operation,1,[5],True,1786,4048299,4050084,1,True,26842.01,26859.89,26842.01,26859.89,17.88,0,0,1785,True,0.0100168067227,0.00052898920487,0.0099999999984,0.0299999999988,99.8322147651,3,"[0, 1, 2]",supplementary_operation,False,excluded
-1,-1,1305,2605,5,supplementary_operation,1,[5],True,1825,4051348,4053172,1,True,26872.53,26890.77,26872.53,26890.77,18.24,0,0,1824,True,0.01,0.0,0.0099999999984,0.010000000002,100.0,2,"[1, 2]",supplementary_operation,False,excluded
-1,-1,1306,2607,5,supplementary_operation,1,[5],True,1858,4054389,4056246,1,True,26902.94,26921.51,26902.94,26921.51,18.57,0,0,1857,True,0.01,0.0,0.0099999999984,0.010000000002,100.0,3,"[0, 1, 2]",supplementary_operation,False,excluded
-1,-1,1307,2609,5,supplementary_operation,1,[5],True,1830,4057773,4059602,1,True,26936.8,26955.1,26936.8,26955.1,18.3,0,0,1829,True,0.0100054674686,0.000233762256176,0.0099999999984,0.0200000000004,99.9453551913,3,"[0, 1, 2]",supplementary_operation,False,excluded
-1,-1,1308,2611,5,supplementary_operation,1,[5],True,1853,4061230,4063082,1,True,26971.38,26989.91,26971.38,26989.91,18.53,0,0,1852,True,0.010005399568,0.000232306962906,0.0099999999984,0.0200000000004,99.9460334593,3,"[0, 1, 2]",supplementary_operation,False,excluded
-1,-1,1309,2613,5,supplementary_operation,1,[5],True,1858,4064633,4066490,1,True,27005.42,27023.99,27005.42,27023.99,18.57,0,0,1857,True,0.01,0.0,0.0099999999984,0.010000000002,100.0,3,"[0, 1, 2]",supplementary_operation,False,excluded
-1,-1,1310,2615,5,supplementary_operation,1,[5],True,1844,4068050,4069893,1,True,27039.59,27058.03,27039.59,27058.03,18.44,0,0,1843,True,0.010005425936,0.000232873182145,0.0099999999984,0.0200000000004,99.9457700651,3,"[0, 1, 2]",supplementary_operation,False,excluded
-1,-1,1311,2617,5,supplementary_operation,1,[5],True,1824,4071549,4073372,1,True,27074.63,27092.86,27074.63,27092.86,18.23,0,0,1823,True,0.01,0.0,0.0099999999984,0.010000000002,100.0,3,"[0, 1, 2]",supplementary_operation,False,excluded
-1,-1,1312,2619,5,supplementary_operation,1,[5],True,1847,4075030,4076876,1,True,27109.45,27127.91,27109.45,27127.91,18.46,0,0,1846,True,0.01,0.0,0.0099999999984,0.010000000002,100.0,3,"[0, 1, 2]",supplementary_operation,False,excluded
-1,-1,1313,2621,5,supplementary_operation,1,[5],True,1889,4078419,4080307,1,True,27143.34,27162.22,27143.34,27162.22,18.88,0,0,1888,True,0.01,0.0,0.0099999999984,0.010000000002,100.0,3,"[0, 1, 2]",supplementary_operation,False,excluded
-1,-1,1314,2623,5,supplementary_operation,1,[5],True,1867,4081833,4083699,1,True,27177.48,27196.22,27177.48,27196.22,18.74,0,0,1866,True,0.0100428724544,0.000730799311175,0.0099999999984,0.0299999999988,99.5731056563,2,"[1, 2]",supplementary_operation,False,excluded
-1,-1,1315,2625,5,supplementary_operation,1,[5],True,1786,4085228,4087013,1,True,27211.57,27229.43,27211.57,27229.43,17.86,0,0,1785,True,0.0100056022409,0.000236624225017,0.0099999999984,0.0200000000004,99.9440089586,3,"[0, 1, 2]",supplementary_operation,False,excluded
-1,-1,1316,2627,5,supplementary_operation,1,[5],True,1853,4088662,4090514,1,True,27245.92,27264.44,27245.92,27264.44,18.52,0,0,1852,True,0.01,0.0,0.0099999999984,0.010000000002,100.0,3,"[0, 1, 2]",supplementary_operation,False,excluded
-1,-1,1317,2629,5,supplementary_operation,1,[5],True,1824,4092043,4093866,1,True,27279.73,27297.96,27279.73,27297.96,18.23,0,0,1823,True,0.01,0.0,0.0099999999984,0.010000000002,100.0,3,"[0, 1, 2]",supplementary_operation,False,excluded
-1,-1,1318,2631,5,supplementary_operation,1,[5],True,1811,4095477,4097287,1,True,27314.07,27332.17,27314.07,27332.17,18.1,0,0,1810,True,0.01,0.0,0.0099999999984,0.010000000002,100.0,3,"[0, 1, 2]",supplementary_operation,False,excluded
-1,-1,1319,2633,5,supplementary_operation,1,[5],True,1826,4098658,4100483,1,True,27345.94,27364.24,27345.94,27364.24,18.3,0,0,1825,True,0.0100273972603,0.000522706411758,0.0099999999984,0.0200000000004,99.7267759563,3,"[0, 1, 2]",supplementary_operation,False,excluded
-1,-1,1320,2635,5,supplementary_operation,1,[5],True,1824,4101882,4103705,1,True,27378.24,27396.47,27378.24,27396.47,18.23,0,0,1823,True,0.01,0.0,0.0099999999984,0.010000000002,100.0,3,"[0, 1, 2]",supplementary_operation,False,excluded
-1,-1,1321,2637,5,supplementary_operation,1,[5],True,1368,4105110,4106477,1,True,27410.53,27424.2,27410.53,27424.2,13.67,0,0,1367,True,0.01,8.8659267708e-10,0.0099999999984,0.010000000002,100.0,3,"[0, 1, 2]",supplementary_operation,False,excluded
-1,-1,1322,2639,5,supplementary_operation,1,[5],True,1350,4107891,4109240,1,True,27438.34,27451.83,27438.34,27451.83,13.49,0,0,1349,True,0.01,9.31322574615e-10,0.0099999999984,0.010000000002,100.0,3,"[0, 1, 2]",supplementary_operation,False,excluded
-1,-1,1323,2641,5,supplementary_operation,1,[5],True,1344,4110766,4112109,1,True,27467.09,27480.52,27467.09,27480.52,13.43,0,0,1343,True,0.01,9.4576254541e-10,0.0099999999984,0.010000000002,100.0,3,"[0, 1, 2]",supplementary_operation,False,excluded
-1,-1,1324,2643,5,supplementary_operation,1,[5],True,1438,4113485,4114922,1,True,27494.28,27508.66,27494.28,27508.66,14.38,0,0,1437,True,0.0100069589422,0.000263706267535,0.0099999999984,0.0200000000004,99.9304589708,2,"[1, 2]",supplementary_operation,False,excluded
-1,-1,1325,2645,5,supplementary_operation,1,[5],True,1517,4116418,4117934,1,True,27523.62,27538.78,27523.62,27538.78,15.16,0,0,1516,True,0.01,5.33482024325e-10,0.0099999999984,0.010000000002,100.0,3,"[0, 1, 2]",supplementary_operation,False,excluded
-1,-1,1326,2647,5,supplementary_operation,1,[5],True,1851,4119252,4121102,1,True,27551.96,27570.46,27551.96,27570.46,18.5,0,0,1850,True,0.01,0.0,0.0099999999984,0.010000000002,100.0,3,"[0, 1, 2]",supplementary_operation,False,excluded
-1,-1,1327,2649,5,supplementary_operation,1,[5],True,1865,4122386,4124250,1,True,27583.31,27601.98,27583.31,27601.98,18.67,0,0,1864,True,0.0100160944206,0.000400855554592,0.0099999999984,0.0200000000004,99.8393144082,3,"[0, 1, 2]",supplementary_operation,False,excluded
-1,-1,1328,2651,5,supplementary_operation,1,[5],True,1871,4125722,4127592,1,True,27616.7,27635.4,27616.7,27635.4,18.7,0,0,1870,True,0.01,0.0,0.0099999999984,0.010000000002,100.0,3,"[0, 1, 2]",supplementary_operation,False,excluded
-1,-1,1329,2653,5,supplementary_operation,1,[5],True,1849,4128806,4130654,1,True,27647.55,27666.09,27647.55,27666.09,18.54,0,0,1848,True,0.0100324675325,0.00065715012914,0.0099999999984,0.0299999999988,99.6763754045,3,"[0, 1, 2]",supplementary_operation,False,excluded
-1,-1,1330,2655,5,supplementary_operation,1,[5],True,1826,4132237,4134062,1,True,27681.93,27700.21,27681.93,27700.21,18.28,0,0,1825,True,0.0100164383562,0.000405109049645,0.0099999999984,0.0200000000004,99.8358862144,3,"[0, 1, 2]",supplementary_operation,False,excluded
-1,-1,1331,2657,5,supplementary_operation,1,[5],True,1835,4135687,4137521,1,True,27716.59,27734.99,27716.59,27734.99,18.4,0,0,1834,True,0.0100327153762,0.000571037184827,0.0099999999984,0.0200000000004,99.6739130435,3,"[0, 1, 2]",supplementary_operation,False,excluded
-1,-1,1332,2659,5,supplementary_operation,1,[5],True,1804,4139119,4140922,1,True,27751.01,27769.05,27751.01,27769.05,18.04,0,0,1803,True,0.0100055463117,0.000235440768471,0.0099999999984,0.0200000000004,99.9445676275,2,"[1, 2]",supplementary_operation,False,excluded
-1,-1,1333,2661,5,supplementary_operation,1,[5],True,1829,4142473,4144301,1,True,27784.57,27802.86,27784.57,27802.86,18.29,0,0,1828,True,0.0100054704595,0.000233826151709,0.0099999999984,0.0199999999968,99.9453253144,2,"[1, 2]",supplementary_operation,False,excluded
-1,-1,1334,2663,5,supplementary_operation,1,[5],True,1859,4145925,4147783,1,True,27819.11,27837.7,27819.11,27837.7,18.59,0,0,1858,True,0.0100053821313,0.000231931769938,0.0099999999984,0.0200000000004,99.9462076385,3,"[0, 1, 2]",supplementary_operation,False,excluded
-1,-1,1335,2665,5,supplementary_operation,1,[5],True,1860,4149318,4151177,1,True,27853.05,27871.64,27853.05,27871.64,18.59,0,0,1859,True,0.01,0.0,0.0099999999984,0.010000000002,100.0,3,"[0, 1, 2]",supplementary_operation,False,excluded
-1,-1,1336,2667,5,supplementary_operation,1,[5],True,1815,4152726,4154540,1,True,27887.13,27905.28,27887.13,27905.28,18.15,0,0,1814,True,0.0100055126792,0.000234726227664,0.0099999999984,0.0199999999968,99.9449035813,3,"[0, 1, 2]",supplementary_operation,False,excluded
-1,-1,1337,2669,5,supplementary_operation,1,[5],True,1820,4156078,4157897,1,True,27920.66,27938.88,27920.66,27938.88,18.22,0,0,1819,True,0.0100164925783,0.000524027003675,0.0099999999984,0.0300000000025,99.8353457739,3,"[0, 1, 2]",supplementary_operation,False,excluded
-1,-1,1338,2671,5,supplementary_operation,1,[5],True,1829,4159427,4161255,1,True,27954.19,27972.53,27954.19,27972.53,18.34,0,0,1828,True,0.0100328227571,0.000738896892965,0.0099999999984,0.0299999999988,99.6728462377,2,"[1, 2]",supplementary_operation,False,excluded
-1,-1,1339,2673,5,supplementary_operation,1,[5],True,1833,4162751,4164583,1,True,27987.51,28005.84,27987.51,28005.84,18.33,0,0,1832,True,0.0100054585153,0.000233570883146,0.0099999999984,0.0200000000004,99.9454446263,3,"[0, 1, 2]",supplementary_operation,False,excluded
-1,-1,1340,2675,5,supplementary_operation,1,[5],True,1817,4165960,4167776,1,True,28019.62,28037.78,28019.62,28037.78,18.16,0,0,1816,True,0.01,0.0,0.0099999999984,0.010000000002,100.0,3,"[0, 1, 2]",supplementary_operation,False,excluded
-1,-1,1341,2677,5,supplementary_operation,1,[5],True,1884,4169172,4171055,1,True,28051.75,28070.61,28051.75,28070.61,18.86,0,0,1883,True,0.0100159320234,0.000398831298014,0.0099999999984,0.0200000000004,99.8409331919,3,"[0, 1, 2]",supplementary_operation,False,excluded
-1,-1,1342,2679,5,supplementary_operation,1,[5],True,1836,4172407,4174242,1,True,28084.13,28102.59,28084.13,28102.59,18.46,0,0,1835,True,0.0100599455041,0.00101578978131,0.0099999999984,0.0400000000009,99.4041170098,3,"[0, 1, 2]",supplementary_operation,False,excluded
-1,-1,1343,2681,5,supplementary_operation,1,[5],True,1839,4175610,4177448,1,True,28116.29,28134.69,28116.29,28134.69,18.4,0,0,1838,True,0.0100108813928,0.000329690041527,0.0099999999984,0.0200000000004,99.8913043478,3,"[0, 1, 2]",supplementary_operation,False,excluded
-1,-1,1344,2683,5,supplementary_operation,1,[5],True,1842,4178803,4180644,1,True,28148.27,28166.72,28148.27,28166.72,18.45,0,0,1841,True,0.0100217273221,0.000736689199104,0.0099999999984,0.0399999999972,99.783197832,3,"[0, 1, 2]",supplementary_operation,False,excluded
-1,-1,1345,2685,5,supplementary_operation,1,[5],True,1809,4181894,4183702,1,True,28179.24,28197.32,28179.24,28197.32,18.08,0,0,1808,True,0.01,0.0,0.0099999999984,0.010000000002,100.0,3,"[0, 1, 2]",supplementary_operation,False,excluded
-1,-1,1346,2687,5,supplementary_operation,1,[5],True,1835,4185008,4186842,1,True,28210.38,28228.73,28210.38,28228.73,18.35,0,0,1834,True,0.0100054525627,0.000233443561935,0.0099999999984,0.0200000000004,99.9455040872,3,"[0, 1, 2]",supplementary_operation,False,excluded
-1,-1,1347,2689,5,supplementary_operation,1,[5],True,1818,4188376,4190193,1,True,28244.07,28262.27,28244.07,28262.27,18.2,0,0,1817,True,0.010016510732,0.000405998418102,0.0099999999984,0.0200000000004,99.8351648352,3,"[0, 1, 2]",supplementary_operation,False,excluded
-1,-1,1348,2691,5,supplementary_operation,1,[5],True,1870,4191760,4193629,1,True,28277.96,28296.66,28277.96,28296.66,18.7,0,0,1869,True,0.0100053504548,0.00023124861194,0.0099999999984,0.0200000000004,99.9465240642,3,"[0, 1, 2]",supplementary_operation,False,excluded
-1,-1,1349,2693,5,supplementary_operation,1,[5],True,1854,4195319,4197172,1,True,28313.58,28332.13,28313.58,28332.13,18.55,0,0,1853,True,0.0100107933081,0.000328354360406,0.0099999999984,0.0200000000004,99.8921832884,2,"[1, 2]",supplementary_operation,False,excluded
-1,-1,1350,2695,5,supplementary_operation,1,[5],True,1874,4198714,4200587,1,True,28347.55,28366.3,28347.55,28366.3,18.75,0,0,1873,True,0.0100106780566,0.000326598446189,0.0099999999984,0.0200000000004,99.8933333333,3,"[0, 1, 2]",supplementary_operation,False,excluded
-1,-1,1351,2697,5,supplementary_operation,1,[5],True,1859,4202079,4203937,1,True,28381.25,28399.83,28381.25,28399.83,18.58,0,0,1858,True,0.01,0.0,0.0099999999984,0.010000000002,100.0,3,"[0, 1, 2]",supplementary_operation,False,excluded
-1,-1,1352,2699,5,supplementary_operation,1,[5],True,1834,4205583,4207416,1,True,28416.38,28434.73,28416.38,28434.73,18.35,0,0,1833,True,0.0100109110747,0.000330138903836,0.0099999999984,0.0200000000004,99.8910081744,3,"[0, 1, 2]",supplementary_operation,False,excluded
-1,-1,1353,2701,5,supplementary_operation,1,[5],True,1853,4208754,4210606,1,True,28448.12,28466.64,28448.12,28466.64,18.52,0,0,1852,True,0.01,0.0,0.0099999999984,0.010000000002,100.0,2,"[1, 2]",supplementary_operation,False,excluded
-1,-1,1354,2703,5,supplementary_operation,1,[5],True,1826,4211981,4213806,1,True,28480.39,28498.65,28480.39,28498.65,18.26,0,0,1825,True,0.0100054794521,0.000234018153478,0.0099999999984,0.0200000000004,99.9452354874,3,"[0, 1, 2]",supplementary_operation,False,excluded
-1,-1,1355,2705,5,supplementary_operation,1,[5],True,931,4215135,4216065,1,True,8204.064,8213.364,8204.064,8213.364,9.3,0,0,930,True,0.01,0.0,0.0099999999984,0.010000000002,100.0,3,"[0, 1, 2]",supplementary_operation,False,excluded
-1,-1,1356,2707,5,supplementary_operation,1,[5],True,1545,4216978,4218522,1,True,8222.494,8237.934,8222.494,8237.934,15.44,0,0,1544,True,0.01,1.64636126996e-10,0.0099999999984,0.010000000002,100.0,3,"[0, 1, 2]",supplementary_operation,False,excluded
-1,-1,1357,2709,5,supplementary_operation,1,[5],True,790,4219788,4220577,1,True,8250.594,8258.484,8250.594,8258.484,7.89,0,0,789,True,0.01,0.0,0.0099999999984,0.010000000002,100.0,3,"[0, 1, 2]",supplementary_operation,False,excluded
-1,-1,1358,2711,5,supplementary_operation,1,[5],True,1506,4221473,4222978,1,True,8267.444,8282.494,8267.444,8282.494,15.05,0,0,1505,True,0.01,0.0,0.0099999999984,0.010000000002,100.0,3,"[0, 1, 2]",supplementary_operation,False,excluded
-1,-1,1359,2713,5,supplementary_operation,1,[5],True,752,4224225,4224976,1,True,8294.964,8302.484,8294.964,8302.484,7.52,0,0,751,True,0.0100133155792,0.000364662155479,0.0099999999984,0.0200000000004,99.8670212766,3,"[0, 1, 2]",supplementary_operation,False,excluded
-1,-1,1360,2715,5,supplementary_operation,1,[5],True,1432,4225953,4227384,1,True,8312.254,8326.564,8312.254,8326.564,14.31,0,0,1431,True,0.01,0.0,0.0099999999984,0.010000000002,100.0,3,"[0, 1, 2]",supplementary_operation,False,excluded
-1,-1,1361,2717,5,supplementary_operation,1,[5],True,714,4228730,4229443,1,True,8340.024,8347.154,8340.024,8347.154,7.13,0,0,713,True,0.01,4.79992668333e-10,0.0099999999984,0.010000000002,100.0,3,"[0, 1, 2]",supplementary_operation,False,excluded
-1,-1,1362,2719,5,supplementary_operation,1,[5],True,1422,4230599,4232020,1,True,8358.714,8372.924,8358.714,8372.924,14.21,0,0,1421,True,0.01,0.0,0.0099999999984,0.010000000002,100.0,2,"[1, 2]",supplementary_operation,False,excluded
-1,-1,1363,2721,5,supplementary_operation,1,[5],True,695,4233517,4234211,1,True,8387.894,8394.834,8387.894,8394.834,6.94,0,0,694,True,0.01,5.58308270214e-10,0.0099999999984,0.010000000002,100.0,3,"[0, 1, 2]",supplementary_operation,False,excluded
-1,-1,1364,2723,5,supplementary_operation,1,[5],True,1386,4235645,4237030,1,True,8409.174,8423.024,8409.174,8423.024,13.85,0,0,1385,True,0.01,0.0,0.0099999999984,0.010000000002,100.0,3,"[0, 1, 2]",supplementary_operation,False,excluded
-1,-1,1365,2725,5,supplementary_operation,1,[5],True,645,4238748,4239392,1,True,8440.204,8446.644,8440.204,8446.644,6.44,0,0,644,True,0.01,7.1763224003e-10,0.0099999999984,0.010000000002,100.0,3,"[0, 1, 2]",supplementary_operation,False,excluded
-1,-1,1366,2727,5,supplementary_operation,1,[5],True,1338,4240805,4242142,1,True,8460.774,8474.144,8460.774,8474.144,13.37,0,0,1337,True,0.01,0.0,0.0099999999984,0.010000000002,100.0,3,"[0, 1, 2]",supplementary_operation,False,excluded
-1,-1,1367,2729,5,supplementary_operation,1,[5],True,966,4243893,4244858,1,True,8491.654,8501.304,8491.654,8501.304,9.65,0,0,965,True,0.01,0.0,0.0099999999984,0.010000000002,100.0,3,"[0, 1, 2]",supplementary_operation,False,excluded
-1,-1,1368,2731,5,supplementary_operation,1,[5],True,1684,4246282,4247965,1,True,8515.544,8532.374,8515.544,8532.374,16.83,0,0,1683,True,0.01,6.37632978038e-10,0.0099999999984,0.010000000002,100.0,3,"[0, 1, 2]",supplementary_operation,False,excluded
-1,-1,1369,2733,5,supplementary_operation,1,[5],True,966,4249681,4250646,1,True,8549.534,8559.184,8549.534,8559.184,9.65,0,0,965,True,0.01,0.0,0.0099999999984,0.010000000002,100.0,3,"[0, 1, 2]",supplementary_operation,False,excluded
-1,-1,1370,2735,5,supplementary_operation,1,[5],True,1647,4252060,4253706,1,True,8573.324,8589.784,8573.324,8589.784,16.46,0,0,1646,True,0.01,5.58308270214e-10,0.0099999999984,0.010000000002,100.0,3,"[0, 1, 2]",supplementary_operation,False,excluded
-1,-1,1371,2737,5,supplementary_operation,1,[5],True,888,4256096,4256983,1,True,8613.684,8622.554,8613.684,8622.554,8.87,0,0,887,True,0.01,0.0,0.0099999999984,0.010000000002,100.0,3,"[0, 1, 2]",supplementary_operation,False,excluded
-1,-1,1372,2739,5,supplementary_operation,1,[5],True,1647,4258398,4260044,1,True,8636.704,8653.164,8636.704,8653.164,16.46,0,0,1646,True,0.01,5.70316273436e-10,0.0099999999984,0.010000000002,100.0,2,"[1, 2]",supplementary_operation,False,excluded
-1,-1,1373,2741,5,supplementary_operation,1,[5],True,891,4261903,4262793,1,True,8671.754,8680.664,8671.754,8680.664,8.91,0,0,890,True,0.0100112359551,0.000335012393568,0.0099999999984,0.0199999999986,99.8877665544,3,"[0, 1, 2]",supplementary_operation,False,excluded
-1,-1,1374,2743,5,supplementary_operation,1,[5],True,1617,4264207,4265823,1,True,8694.814,8710.974,8694.814,8710.974,16.16,0,0,1616,True,0.01,4.79992668333e-10,0.0099999999984,0.010000000002,100.0,3,"[0, 1, 2]",supplementary_operation,False,excluded
-1,-1,1375,2745,5,supplementary_operation,1,[5],True,884,4267587,4268470,1,True,8728.614,8737.444,8728.614,8737.444,8.83,0,0,883,True,0.01,0.0,0.0099999999984,0.010000000002,100.0,3,"[0, 1, 2]",supplementary_operation,False,excluded
-1,-1,1376,2747,5,supplementary_operation,1,[5],True,1615,4269907,4271521,1,True,8751.814,8767.954,8751.814,8767.954,16.14,0,0,1614,True,0.01,4.79992668333e-10,0.0099999999984,0.010000000002,100.0,3,"[0, 1, 2]",supplementary_operation,False,excluded
-1,-1,1377,2749,5,supplementary_operation,1,[5],True,824,4273232,4274055,1,True,8785.064,8793.294,8785.064,8793.294,8.23,0,0,823,True,0.01,0.0,0.0099999999984,0.010000000002,100.0,3,"[0, 1, 2]",supplementary_operation,False,excluded
-1,-1,1378,2751,5,supplementary_operation,1,[5],True,1589,4275496,4277084,1,True,8807.704,8823.584,8807.704,8823.584,15.88,0,0,1588,True,0.01,4.19741412097e-10,0.0099999999984,0.010000000002,100.0,3,"[0, 1, 2]",supplementary_operation,False,excluded
-1,-1,1379,2753,5,supplementary_operation,1,[5],True,871,4278771,4279641,1,True,8840.454,8849.154,8840.454,8849.154,8.7,0,0,870,True,0.01,0.0,0.0099999999984,0.010000000002,100.0,3,"[0, 1, 2]",supplementary_operation,False,excluded
-1,-1,1380,2755,5,supplementary_operation,1,[5],True,1562,4281030,4282591,1,True,8863.044,8878.654,8863.044,8878.654,15.61,0,0,1561,True,0.01,3.08005990352e-10,0.0099999999984,0.010000000002,100.0,3,"[0, 1, 2]",supplementary_operation,False,excluded
-1,-1,1381,2757,5,supplementary_operation,1,[5],True,859,4284271,4285129,1,True,8895.454,8904.034,8895.454,8904.034,8.58,0,0,858,True,0.01,0.0,0.0099999999984,0.010000000002,100.0,3,"[0, 1, 2]",supplementary_operation,False,excluded
-1,-1,1382,2759,5,supplementary_operation,1,[5],True,1552,4286545,4288096,1,True,8918.194,8933.704,8918.194,8933.704,15.51,0,0,1551,True,0.01,2.60312573228e-10,0.0099999999984,0.010000000002,100.0,3,"[0, 1, 2]",supplementary_operation,False,excluded
-1,-1,1383,2761,5,supplementary_operation,1,[5],True,764,4289776,4290539,1,True,8950.504,8958.134,8950.504,8958.134,7.63,0,0,763,True,0.01,2.32830643654e-10,0.0099999999984,0.010000000002,100.0,3,"[0, 1, 2]",supplementary_operation,False,excluded
-1,-1,1384,2763,5,supplementary_operation,1,[5],True,1514,4292110,4293623,1,True,8973.844,8988.974,8973.844,8988.974,15.13,0,0,1513,True,0.01,0.0,0.0099999999984,0.010000000002,100.0,3,"[0, 1, 2]",supplementary_operation,False,excluded
-1,-1,1385,2765,5,supplementary_operation,1,[5],True,799,4295349,4296147,1,True,9006.234,9014.214,9006.234,9014.214,7.98,0,0,798,True,0.01,0.0,0.0099999999984,0.010000000002,100.0,3,"[0, 1, 2]",supplementary_operation,False,excluded
-1,-1,1386,2767,5,supplementary_operation,1,[5],True,1526,4297195,4298720,1,True,9024.694,9039.944,9024.694,9039.944,15.25,0,0,1525,True,0.01,0.0,0.0099999999984,0.0100000000002,100.0,3,"[0, 1, 2]",supplementary_operation,False,excluded
-1,-1,1387,2769,5,supplementary_operation,1,[5],True,826,4300026,4300851,1,True,9053.004,9061.254,9053.004,9061.254,8.25,0,0,825,True,0.01,0.0,0.0099999999984,0.0100000000002,100.0,3,"[0, 1, 2]",supplementary_operation,False,excluded
-1,-1,1388,2771,5,supplementary_operation,1,[5],True,1526,4301978,4303503,1,True,9072.524,9087.774,9072.524,9087.774,15.25,0,0,1525,True,0.01,0.0,0.0099999999984,0.0100000000002,100.0,3,"[0, 1, 2]",supplementary_operation,False,excluded
-1,-1,1389,2773,5,supplementary_operation,1,[5],True,752,4304790,4305541,1,True,9100.644,9108.154,9100.644,9108.154,7.51,0,0,751,True,0.01,0.0,0.0099999999984,0.0100000000002,100.0,3,"[0, 1, 2]",supplementary_operation,False,excluded
-1,-1,1390,2775,5,supplementary_operation,1,[5],True,1456,4306460,4307915,1,True,9117.344,9131.894,9117.344,9131.894,14.55,0,0,1455,True,0.01,0.0,0.0099999999984,0.0100000000002,100.0,3,"[0, 1, 2]",supplementary_operation,False,excluded
-1,-1,1391,2777,5,supplementary_operation,1,[5],True,708,4309156,4309863,1,True,9144.304,9151.374,9144.304,9151.374,7.07,0,0,707,True,0.01,0.0,0.0099999999984,0.0100000000002,100.0,3,"[0, 1, 2]",supplementary_operation,False,excluded
-1,-1,1392,2779,5,supplementary_operation,1,[5],True,1447,4310900,4312346,1,True,9161.744,9176.204,9161.744,9176.204,14.46,0,0,1446,True,0.01,0.0,0.0099999999984,0.0100000000002,100.0,3,"[0, 1, 2]",supplementary_operation,False,excluded
-1,-1,1393,2781,5,supplementary_operation,1,[5],True,678,4313830,4314507,1,True,9191.044,9197.814,9191.044,9197.814,6.77,0,0,677,True,0.01,4.03274504367e-10,0.0099999999984,0.0100000000002,100.0,3,"[0, 1, 2]",supplementary_operation,False,excluded
-1,-1,1394,2783,5,supplementary_operation,1,[5],True,1406,4315882,4317287,1,True,9211.564,9225.614,9211.564,9225.614,14.05,0,0,1405,True,0.01,0.0,0.0099999999984,0.0100000000002,100.0,3,"[0, 1, 2]",supplementary_operation,False,excluded
-1,-1,1395,2785,5,supplementary_operation,1,[5],True,642,4318987,4319628,1,True,9242.614,9249.024,9242.614,9249.024,6.41,0,0,641,True,0.01,6.58544507983e-10,0.0099999999984,0.0100000000002,100.0,3,"[0, 1, 2]",supplementary_operation,False,excluded
-1,-1,1396,2787,5,supplementary_operation,1,[5],True,1666,4321037,4322702,1,True,9263.114,9279.764,9263.114,9279.764,16.65,0,0,1665,True,0.01,7.1763224003e-10,0.0099999999984,0.0100000000002,100.0,2,"[1, 2]",supplementary_operation,False,excluded
-1,-1,1397,2789,5,supplementary_operation,1,[5],True,945,4324436,4325380,1,True,9297.104,9306.544,9297.104,9306.544,9.44,0,0,944,True,0.01,0.0,0.0099999999984,0.0100000000002,100.0,3,"[0, 1, 2]",supplementary_operation,False,excluded
-1,-1,1398,2791,5,supplementary_operation,1,[5],True,1650,4326832,4328481,1,True,9321.064,9337.554,9321.064,9337.554,16.49,0,0,1649,True,0.01,6.68755109252e-10,0.0099999999984,0.0100000000002,100.0,3,"[0, 1, 2]",supplementary_operation,False,excluded
-1,-1,1399,2793,5,supplementary_operation,1,[5],True,873,4330338,4331210,1,True,9356.124,9364.844,9356.124,9364.844,8.72,0,0,872,True,0.01,0.0,0.0099999999984,0.0100000000002,100.0,3,"[0, 1, 2]",supplementary_operation,False,excluded
-1,-1,1400,2795,5,supplementary_operation,1,[5],True,1679,4332603,4334281,1,True,9378.774,9395.554,9378.774,9395.554,16.78,0,0,1678,True,0.01,7.63386316167e-10,0.0099999999984,0.0100000000002,100.0,3,"[0, 1, 2]",supplementary_operation,False,excluded
-1,-1,1401,2797,5,supplementary_operation,1,[5],True,943,4336174,4337116,1,True,9414.484,9423.904,9414.484,9423.904,9.42,0,0,942,True,0.01,0.0,0.0099999999984,0.0100000000002,100.0,3,"[0, 1, 2]",supplementary_operation,False,excluded
-1,-1,1402,2799,5,supplementary_operation,1,[5],True,1711,4338525,4340235,1,True,9437.994,9455.094,9437.994,9455.094,17.1,0,0,1710,True,0.01,8.39482824193e-10,0.0099999999984,0.0100000000002,100.0,2,"[1, 2]",supplementary_operation,False,excluded
-1,-1,1403,2801,5,supplementary_operation,1,[5],True,923,4341985,4342907,1,True,9472.594,9481.814,9472.594,9481.814,9.22,0,0,922,True,0.01,0.0,0.0099999999984,0.0100000000002,100.0,3,"[0, 1, 2]",supplementary_operation,False,excluded
-1,-1,1404,2803,5,supplementary_operation,1,[5],True,1586,4344418,4346003,1,True,9496.924,9512.774,9496.924,9512.774,15.85,0,0,1585,True,0.01,3.68137571515e-10,0.0099999999984,0.0100000000002,100.0,2,"[1, 2]",supplementary_operation,False,excluded
-1,-1,1405,2805,5,supplementary_operation,1,[5],True,873,4347909,4348781,1,True,9531.834,9540.554,9531.834,9540.554,8.72,0,0,872,True,0.01,0.0,0.0099999999984,0.0100000000002,100.0,3,"[0, 1, 2]",supplementary_operation,False,excluded
-1,-1,1406,2807,5,supplementary_operation,1,[5],True,1572,4350423,4351994,1,True,9556.974,9572.684,9556.974,9572.684,15.71,0,0,1571,True,0.01,3.08005990352e-10,0.0099999999984,0.0100000000002,100.0,3,"[0, 1, 2]",supplementary_operation,False,excluded
-1,-1,1407,2809,5,supplementary_operation,1,[5],True,884,4353757,4354640,1,True,9590.314,9599.144,9590.314,9599.144,8.83,0,0,883,True,0.01,0.0,0.0099999999984,0.0100000000002,100.0,3,"[0, 1, 2]",supplementary_operation,False,excluded
-1,-1,1408,2811,5,supplementary_operation,1,[5],True,1458,4356176,4357633,1,True,9614.504,9629.074,9614.504,9629.074,14.57,0,0,1457,True,0.01,0.0,0.0099999999984,0.0100000000002,100.0,3,"[0, 1, 2]",supplementary_operation,False,excluded
-1,-1,1409,2813,5,supplementary_operation,1,[5],True,776,4359515,4360290,1,True,9647.894,9655.644,9647.894,9655.644,7.75,0,0,775,True,0.01,0.0,0.0099999999984,0.0100000000002,100.0,3,"[0, 1, 2]",supplementary_operation,False,excluded
-1,-1,1410,2815,5,supplementary_operation,1,[5],True,1533,4361706,4363238,1,True,9669.804,9685.124,9669.804,9685.124,15.32,0,0,1532,True,0.01,0.0,0.0099999999984,0.0100000000002,100.0,3,"[0, 1, 2]",supplementary_operation,False,excluded
-1,-1,1411,2817,5,supplementary_operation,1,[5],True,798,4365054,4365851,1,True,9703.284,9711.254,9703.284,9711.254,7.97,0,0,797,True,0.01,0.0,0.0099999999984,0.0100000000002,100.0,3,"[0, 1, 2]",supplementary_operation,False,excluded
-1,-1,1412,2819,5,supplementary_operation,1,[5],True,1468,4366828,4368295,1,True,9721.024,9735.694,9721.024,9735.694,14.67,0,0,1467,True,0.01,0.0,0.0099999999984,0.0100000000002,100.0,3,"[0, 1, 2]",supplementary_operation,False,excluded
-1,-1,1413,2821,5,supplementary_operation,1,[5],True,754,4369513,4370266,1,True,9747.874,9755.404,9747.874,9755.404,7.53,0,0,753,True,0.01,0.0,0.0099999999984,0.0100000000002,100.0,3,"[0, 1, 2]",supplementary_operation,False,excluded
-1,-1,1414,2823,5,supplementary_operation,1,[5],True,1423,4371363,4372785,1,True,9766.374,9780.594,9766.374,9780.594,14.22,0,0,1422,True,0.01,0.0,0.0099999999984,0.0100000000002,100.0,3,"[0, 1, 2]",supplementary_operation,False,excluded
-1,-1,1415,2825,5,supplementary_operation,1,[5],True,681,4374064,4374744,1,True,9793.384,9800.184,9793.384,9800.184,6.8,0,0,680,True,0.01,3.86105942348e-10,0.0099999999984,0.0100000000002,100.0,3,"[0, 1, 2]",supplementary_operation,False,excluded
-1,-1,1416,2827,5,supplementary_operation,1,[5],True,1373,4375913,4377285,1,True,9811.874,9825.594,9811.874,9825.594,13.72,0,0,1372,True,0.01,0.0,0.0099999999984,0.0100000000002,100.0,3,"[0, 1, 2]",supplementary_operation,False,excluded
-1,-1,1417,2829,5,supplementary_operation,1,[5],True,666,4379014,4379679,1,True,9842.884,9849.534,9842.884,9849.534,6.65,0,0,665,True,0.01,4.93908380987e-10,0.0099999999984,0.0100000000002,100.0,3,"[0, 1, 2]",supplementary_operation,False,excluded
-1,-1,1418,2831,5,supplementary_operation,1,[5],True,1381,4381126,4382506,1,True,9864.004,9877.804,9864.004,9877.804,13.8,0,0,1380,True,0.01,0.0,0.0099999999984,0.0100000000002,100.0,2,"[1, 2]",supplementary_operation,False,excluded
-1,-1,1419,2833,5,supplementary_operation,1,[5],True,969,4384217,4385185,1,True,9894.914,9904.594,9894.914,9904.594,9.68,0,0,968,True,0.01,0.0,0.0099999999984,0.0100000000002,100.0,3,"[0, 1, 2]",supplementary_operation,False,excluded
-1,-1,1420,2835,5,supplementary_operation,1,[5],True,1660,4386705,4388364,1,True,9919.794,9936.384,9919.794,9936.384,16.59,0,0,1659,True,0.01,7.1763224003e-10,0.0099999999984,0.0100000000002,100.0,3,"[0, 1, 2]",supplementary_operation,False,excluded
-1,-1,1421,2837,5,supplementary_operation,1,[5],True,964,4390174,4391137,1,True,9954.484,9964.114,9954.484,9964.114,9.63,0,0,963,True,0.01,0.0,0.0099999999984,0.0100000000002,100.0,3,"[0, 1, 2]",supplementary_operation,False,excluded
-1,-1,1422,2839,5,supplementary_operation,1,[5],True,1675,4392548,4394222,1,True,9978.224,9994.964,9978.224,9994.964,16.74,0,0,1674,True,0.01,7.45421768799e-10,0.0099999999984,0.0100000000002,100.0,3,"[0, 1, 2]",supplementary_operation,False,excluded
-1,-1,1423,2841,5,supplementary_operation,1,[5],True,944,4395924,4396867,1,True,10011.984,10021.414,10011.984,10021.414,9.43,0,0,943,True,0.01,0.0,0.0099999999984,0.0100000000002,100.0,3,"[0, 1, 2]",supplementary_operation,False,excluded
-1,-1,1424,2843,5,supplementary_operation,1,[5],True,1637,4398283,4399919,1,True,10035.574,10051.934,10035.574,10051.934,16.36,0,0,1636,True,0.01,6.26915694114e-10,0.0099999999984,0.0100000000002,100.0,2,"[1, 2]",supplementary_operation,False,excluded
-1,-1,1425,2845,5,supplementary_operation,1,[5],True,896,4401644,4402539,1,True,10069.184,10078.134,10069.184,10078.134,8.95,0,0,895,True,0.01,0.0,0.0099999999984,0.0100000000002,100.0,3,"[0, 1, 2]",supplementary_operation,False,excluded
-1,-1,1426,2847,5,supplementary_operation,1,[5],True,1634,4403974,4405607,1,True,10092.484,10108.814,10092.484,10108.814,16.33,0,0,1633,True,0.01,6.26915694114e-10,0.0099999999984,0.0100000000002,100.0,3,"[0, 1, 2]",supplementary_operation,False,excluded
-1,-1,1427,2849,5,supplementary_operation,1,[5],True,896,4407337,4408232,1,True,10126.114,10135.064,10126.114,10135.064,8.95,0,0,895,True,0.01,0.0,0.0099999999984,0.0100000000002,100.0,3,"[0, 1, 2]",supplementary_operation,False,excluded
-1,-1,1428,2851,5,supplementary_operation,1,[5],True,1599,4409709,4411307,1,True,10149.834,10165.814,10149.834,10165.814,15.98,0,0,1598,True,0.01,4.79992668333e-10,0.0099999999984,0.0100000000002,100.0,3,"[0, 1, 2]",supplementary_operation,False,excluded
-1,-1,1429,2853,5,supplementary_operation,1,[5],True,738,4413066,4413803,1,True,10183.404,10190.774,10183.404,10190.774,7.37,0,0,737,True,0.01,0.0,0.0099999999984,0.0100000000002,100.0,3,"[0, 1, 2]",supplementary_operation,False,excluded
-1,-1,1430,2855,5,supplementary_operation,1,[5],True,1527,4415239,4416765,1,True,10205.134,10220.394,10205.134,10220.394,15.26,0,0,1526,True,0.01,0.0,0.0099999999984,0.0100000000002,100.0,3,"[0, 1, 2]",supplementary_operation,False,excluded
-1,-1,1431,2857,5,supplementary_operation,1,[5],True,728,4418636,4419363,1,True,10239.104,10246.374,10239.104,10246.374,7.27,0,0,727,True,0.01,0.0,0.0099999999984,0.0100000000002,100.0,3,"[0, 1, 2]",supplementary_operation,False,excluded
-1,-1,1432,2859,5,supplementary_operation,1,[5],True,1463,4420772,4422234,1,True,10260.464,10275.084,10260.464,10275.084,14.62,0,0,1462,True,0.01,0.0,0.0099999999984,0.0100000000002,100.0,2,"[1, 2]",supplementary_operation,False,excluded
-1,-1,1433,2861,5,supplementary_operation,1,[5],True,709,4424143,4424851,1,True,10294.174,10301.254,10294.174,10301.254,7.08,0,0,708,True,0.01,0.0,0.0099999999984,0.0100000000002,100.0,3,"[0, 1, 2]",supplementary_operation,False,excluded
-1,-1,1434,2863,5,supplementary_operation,1,[5],True,1430,4426277,4427706,1,True,10315.514,10329.804,10315.514,10329.804,14.29,0,0,1429,True,0.01,0.0,0.0099999999984,0.0100000000002,100.0,3,"[0, 1, 2]",supplementary_operation,False,excluded
-1,-1,1435,2865,5,supplementary_operation,1,[5],True,680,4429433,4430112,1,True,10347.074,10353.864,10347.074,10353.864,6.79,0,0,679,True,0.01,4.03274504367e-10,0.0099999999984,0.0100000000002,100.0,3,"[0, 1, 2]",supplementary_operation,False,excluded
-1,-1,1436,2867,5,supplementary_operation,1,[5],True,1675,4431549,4433223,1,True,10368.234,10384.974,10368.234,10384.974,16.74,0,0,1674,True,0.01,7.45421768799e-10,0.0099999999984,0.0100000000002,100.0,3,"[0, 1, 2]",supplementary_operation,False,excluded
-1,-1,1437,2869,5,supplementary_operation,1,[5],True,943,4434935,4435877,1,True,10402.094,10411.514,10402.094,10411.514,9.42,0,0,942,True,0.01,0.0,0.0099999999984,0.0100000000002,100.0,3,"[0, 1, 2]",supplementary_operation,False,excluded
-1,-1,1438,2871,5,supplementary_operation,1,[5],True,1683,4437252,4438934,1,True,10425.264,10442.084,10425.264,10442.084,16.82,0,0,1682,True,0.01,7.72211884697e-10,0.0099999999984,0.0100000000002,100.0,3,"[0, 1, 2]",supplementary_operation,False,excluded
-1,-1,1439,2873,5,supplementary_operation,1,[5],True,920,4440656,4441575,1,True,10459.304,10468.494,10459.304,10468.494,9.19,0,0,919,True,0.01,0.0,0.0099999999984,0.0100000000002,100.0,3,"[0, 1, 2]",supplementary_operation,False,excluded
-1,-1,1440,2875,5,supplementary_operation,1,[5],True,1638,4442976,4444613,1,True,10482.504,10498.874,10482.504,10498.874,16.37,0,0,1637,True,0.01,4.65661287308e-10,0.0099999999984,0.0100000000039,100.0,2,"[1, 2]",supplementary_operation,False,excluded
-1,-1,1441,2877,5,supplementary_operation,1,[5],True,901,4446351,4447251,1,True,10516.254,10525.254,10516.254,10525.254,9.0,0,0,900,True,0.01,0.0,0.0099999999984,0.0100000000039,100.0,3,"[0, 1, 2]",supplementary_operation,False,excluded
-1,-1,1442,2879,5,supplementary_operation,1,[5],True,1466,4448687,4450152,1,True,10539.614,10554.264,10539.614,10554.264,14.65,0,0,1465,True,0.01,0.0,0.0099999999984,0.0100000000039,100.0,3,"[0, 1, 2]",supplementary_operation,False,excluded
-1,-1,1443,2881,5,supplementary_operation,1,[5],True,718,4451924,4452641,1,True,10571.984,10579.154,10571.984,10579.154,7.17,0,0,717,True,0.01,3.49245965481e-10,0.0099999999984,0.0100000000039,100.0,3,"[0, 1, 2]",supplementary_operation,False,excluded
-1,-1,1444,2883,5,supplementary_operation,1,[5],True,1415,4454162,4455576,1,True,10594.364,10608.504,10594.364,10608.504,14.14,0,0,1414,True,0.01,0.0,0.0099999999984,0.0100000000039,100.0,3,"[0, 1, 2]",supplementary_operation,False,excluded
-1,-1,1445,2885,5,supplementary_operation,1,[5],True,942,4457277,4458218,1,True,10625.514,10634.924,10625.514,10634.924,9.41,0,0,941,True,0.01,0.0,0.0099999999984,0.0100000000039,100.0,3,"[0, 1, 2]",supplementary_operation,False,excluded
-1,-1,1446,2887,5,supplementary_operation,1,[5],True,1884,4459617,4461500,1,True,6110.398,6129.228,6110.398,6129.228,18.83,0,0,1883,True,0.01,5.82076609135e-10,0.00999999999658,0.0100000000039,100.0,3,"[0, 1, 2]",supplementary_operation,False,excluded
-1,-1,1447,2889,5,supplementary_operation,1,[5],True,816,4462864,4463679,1,True,6142.868,6151.138,6142.868,6151.138,8.27,0,0,815,True,0.0101472392638,0.00184767513954,0.00999999999658,0.0500000000011,98.5489721886,3,"[0, 1, 2]",supplementary_operation,False,excluded
-1,-1,1448,2891,5,supplementary_operation,1,[5],True,806,4464580,4465385,1,True,6160.148,6168.198,6160.148,6168.198,8.05,0,0,805,True,0.01,3.08005990352e-10,0.00999999999658,0.0100000000039,100.0,3,"[0, 1, 2]",supplementary_operation,False,excluded
-1,-1,1449,2893,5,supplementary_operation,1,[5],True,788,4466284,4467071,1,True,6177.228,6185.128,6177.228,6185.128,7.9,0,0,787,True,0.0100381194409,0.000616231545343,0.00999999999658,0.0200000000041,99.6202531645,3,"[0, 1, 2]",supplementary_operation,False,excluded
-1,-1,1450,2895,5,supplementary_operation,1,[5],True,1488,4467938,4469425,1,True,6193.808,6208.698,6193.808,6208.698,14.89,0,0,1487,True,0.0100134498991,0.000373762024809,0.00800000000072,0.0200000000041,99.8656816656,3,"[0, 1, 2]",supplementary_operation,False,excluded
-1,-1,1451,2897,5,supplementary_operation,1,[5],True,733,4470708,4471440,1,True,6221.728,6229.058,6221.728,6229.058,7.33,0,0,732,True,0.0100136612022,0.00037303838119,0.00899999999729,0.0199999999995,99.863574352,3,"[0, 1, 2]",supplementary_operation,False,excluded
-1,-1,1452,2899,5,supplementary_operation,1,[5],True,723,4472431,4473153,1,True,6239.048,6246.338,6239.048,6246.338,7.29,0,0,722,True,0.0100969529086,0.00200180434428,0.00999999999658,0.060000000004,99.0397805213,3,"[0, 1, 2]",supplementary_operation,False,excluded
-1,-1,1453,2901,5,supplementary_operation,1,[5],True,1445,4474227,4475671,1,True,6257.078,6271.568,6257.078,6271.568,14.49,0,0,1444,True,0.0100346260388,0.000788713975629,0.00999999999658,0.0299999999988,99.6549344376,3,"[0, 1, 2]",supplementary_operation,False,excluded
-1,-1,1454,2903,5,supplementary_operation,1,[5],True,1372,4477028,4478399,1,True,6285.248,6299.478,6285.248,6299.478,14.23,0,0,1371,True,0.0103792851933,0.00272904411196,0.0079999999989,0.0599999999995,96.3457484188,3,"[0, 1, 2]",supplementary_operation,False,excluded
-1,-1,1455,2905,5,supplementary_operation,1,[5],True,683,4480229,4480911,1,True,6317.928,6324.848,6317.928,6324.848,6.92,0,0,682,True,0.010146627566,0.00120198835961,0.00999999999658,0.0200000000013,98.5549132948,3,"[0, 1, 2]",supplementary_operation,False,excluded
-1,-1,1456,2907,5,supplementary_operation,1,[5],True,647,4482306,4482952,1,True,6339.018,6345.538,6339.018,6345.538,6.52,0,0,646,True,0.010092879257,0.00175796605515,0.00900000000001,0.0499999999993,99.0797546012,3,"[0, 1, 2]",supplementary_operation,False,excluded
-1,-1,1457,2909,5,supplementary_operation,1,[5],True,592,4484363,4484954,1,True,6359.728,6365.638,6359.728,6365.638,5.91,0,0,591,True,0.01,5.81729726472e-05,0.00900000000001,0.0109999999977,100.0,3,"[0, 1, 2]",supplementary_operation,False,excluded
-1,-1,1458,2911,5,supplementary_operation,1,[5],True,959,4486470,4487428,1,True,6380.838,6390.478,6380.838,6390.478,9.64,0,0,958,True,0.0100626304802,0.000912818807067,0.00900000000001,0.0300000000016,99.377593361,3,"[0, 1, 2]",supplementary_operation,False,excluded
-1,-1,1459,2913,5,supplementary_operation,1,[5],True,1645,4488800,4490444,1,True,6404.218,6420.688,6404.218,6420.688,16.47,0,0,1644,True,0.0100182481752,0.00055118350582,0.00999999999658,0.0299999999997,99.8178506375,3,"[0, 1, 2]",supplementary_operation,False,excluded
-1,-1,1460,2915,5,supplementary_operation,1,[5],True,1674,4492146,4493819,1,True,6437.898,6454.648,6437.898,6454.648,16.75,0,0,1673,True,0.0100119545726,0.000345547123255,0.00999999999658,0.0199999999986,99.8805970149,2,"[1, 2]",supplementary_operation,False,excluded
-1,-1,1461,2917,5,supplementary_operation,1,[5],True,903,4495506,4496408,1,True,6471.608,6480.648,6471.608,6480.648,9.04,0,0,902,True,0.010022172949,0.000470359277908,0.00999999999658,0.0199999999995,99.7787610619,3,"[0, 1, 2]",supplementary_operation,False,excluded
-1,-1,1462,2919,5,supplementary_operation,1,[5],True,1591,4497811,4499401,1,True,6494.798,6510.748,6494.798,6510.748,15.95,0,0,1590,True,0.0100314465409,0.000564365103766,0.0079999999989,0.0200000000004,99.6865203762,3,"[0, 1, 2]",supplementary_operation,False,excluded
-1,-1,1463,2921,5,supplementary_operation,1,[5],True,916,4501784,4502699,1,True,6534.748,6543.898,6534.748,6543.898,9.15,0,0,915,True,0.01,4.67524582118e-05,0.00900000000183,0.0110000000013,100.0,3,"[0, 1, 2]",supplementary_operation,False,excluded
-1,-1,1464,2923,5,supplementary_operation,1,[5],True,905,4504058,4504962,1,True,6557.488,6566.538,6557.488,6566.538,9.05,0,0,904,True,0.0100110619469,0.000335722343339,0.00900000000092,0.0200000000041,99.8895027624,3,"[0, 1, 2]",supplementary_operation,False,excluded
-1,-1,1465,2925,5,supplementary_operation,1,[5],True,1580,4506382,4507961,1,True,6580.738,6596.578,6580.738,6596.578,15.84,0,0,1579,True,0.0100316656111,0.000665068301092,0.00999999999658,0.0300000000007,99.6843434343,3,"[0, 1, 2]",supplementary_operation,False,excluded
-1,-1,1466,2927,5,supplementary_operation,1,[5],True,1630,4509637,4511266,1,True,6613.358,6629.658,6613.358,6629.658,16.3,0,0,1629,True,0.0100061387354,0.000247688655674,0.00999999999658,0.0200000000013,99.9386503067,3,"[0, 1, 2]",supplementary_operation,False,excluded
-1,-1,1467,2929,5,supplementary_operation,1,[5],True,708,4513036,4513743,1,True,6648.048,6656.918,6648.048,6656.918,8.87,0,0,707,True,0.0125459688826,0.00744781524508,0.00999999999658,0.0600000000004,79.7068771139,3,"[0, 1, 2]",supplementary_operation,False,excluded
-1,-1,1468,2931,5,supplementary_operation,1,[5],True,827,4515174,4516000,1,True,6671.248,6679.528,6671.248,6679.528,8.28,0,0,826,True,0.0100242130751,0.000493928927239,0.00900000000001,0.0200000000041,99.7584541063,3,"[0, 1, 2]",supplementary_operation,False,excluded
-1,-1,1469,2933,5,supplementary_operation,1,[5],True,1559,4517635,4519193,1,True,6695.958,6711.548,6695.958,6711.548,15.59,0,0,1558,True,0.0100064184852,0.000253265977613,0.00999999999658,0.0199999999995,99.9358563182,3,"[0, 1, 2]",supplementary_operation,False,excluded
-1,-1,1470,2935,5,supplementary_operation,1,[5],True,1608,4520893,4522500,1,True,6728.558,6744.668,6728.558,6744.668,16.11,0,0,1607,True,0.0100248911014,0.000498288518268,0.00999999999658,0.0200000000041,99.7517070143,3,"[0, 1, 2]",supplementary_operation,False,excluded
-1,-1,1471,2937,5,supplementary_operation,1,[5],True,862,4524330,4525191,1,True,6762.978,6771.608,6762.978,6771.608,8.63,0,0,861,True,0.0100232288037,0.000493318215423,0.0079999999989,0.0199999999995,99.7682502897,3,"[0, 1, 2]",supplementary_operation,False,excluded
-1,-1,1472,2939,5,supplementary_operation,1,[5],True,1583,4526685,4528267,1,True,6786.568,6802.398,6786.568,6802.398,15.83,0,0,1582,True,0.0100063211125,0.000251338752974,0.00999999999658,0.0200000000041,99.936828806,3,"[0, 1, 2]",supplementary_operation,False,excluded
-1,-1,1473,2941,5,supplementary_operation,1,[5],True,864,4530000,4530863,1,True,6819.748,6828.408,6819.748,6828.408,8.66,0,0,863,True,0.0100347624565,0.000596394270129,0.0079999999989,0.0200000000023,99.6535796767,3,"[0, 1, 2]",supplementary_operation,False,excluded
-1,-1,1474,2943,5,supplementary_operation,1,[5],True,1499,4532694,4534192,1,True,6846.768,6861.748,6846.768,6861.748,14.98,0,0,1498,True,0.01,6.58544507983e-10,0.00999999999658,0.0100000000039,100.0,2,"[1, 2]",supplementary_operation,False,excluded
-1,-1,1475,2945,5,supplementary_operation,1,[5],True,1492,4535909,4537400,1,True,6878.928,6893.878,6878.928,6893.878,14.95,0,0,1491,True,0.0100268276325,0.000517258738677,0.00999999999658,0.0200000000032,99.7324414716,3,"[0, 1, 2]",supplementary_operation,False,excluded
-1,-1,1476,2947,5,supplementary_operation,1,[5],True,1489,4539099,4540587,1,True,6910.908,6925.808,6910.908,6925.808,14.9,0,0,1488,True,0.0100134408602,0.000366371321803,0.00999999999658,0.0200000000013,99.8657718121,3,"[0, 1, 2]",supplementary_operation,False,excluded
-1,-1,1477,2949,5,supplementary_operation,1,[5],True,1551,4541914,4543464,1,True,6939.108,6954.618,6939.108,6954.618,15.51,0,0,1550,True,0.0100064516129,0.000253918305227,0.00999999999658,0.0200000000004,99.9355254674,3,"[0, 1, 2]",supplementary_operation,False,excluded
-1,-1,1478,2951,5,supplementary_operation,1,[5],True,816,4544732,4545547,1,True,6967.338,6975.488,6967.338,6975.488,8.15,0,0,815,True,0.01,3.68137571515e-10,0.00999999999658,0.0100000000039,100.0,3,"[0, 1, 2]",supplementary_operation,False,excluded
-1,-1,1479,2953,5,supplementary_operation,1,[5],True,780,4546507,4547286,1,True,6985.088,6992.878,6985.088,6992.878,7.79,0,0,779,True,0.01,2.60312573228e-10,0.00999999999658,0.0100000000039,100.0,3,"[0, 1, 2]",supplementary_operation,False,excluded
-1,-1,1480,2955,5,supplementary_operation,1,[5],True,1417,4548212,4549628,1,True,7002.138,7016.298,7002.138,7016.298,14.16,0,0,1416,True,0.01,6.78812141396e-10,0.00999999999658,0.0100000000039,100.0,3,"[0, 1, 2]",supplementary_operation,False,excluded
-1,-1,1481,2957,5,supplementary_operation,1,[5],True,1466,4550851,4552316,1,True,7028.528,7043.178,7028.528,7043.178,14.65,0,0,1465,True,0.01,6.58544507983e-10,0.00999999999658,0.0100000000039,100.0,2,"[1, 2]",supplementary_operation,False,excluded
-1,-1,1482,2959,5,supplementary_operation,1,[5],True,1414,4553530,4554943,1,True,7055.378,7069.508,7055.378,7069.508,14.13,0,0,1413,True,0.01,6.78812141396e-10,0.00999999999658,0.0100000000039,100.0,2,"[1, 2]",supplementary_operation,False,excluded
-1,-1,1483,2961,5,supplementary_operation,1,[5],True,703,4556379,4557081,1,True,7083.878,7090.898,7083.878,7090.898,7.02,0,0,702,True,0.01,0.0,0.00999999999658,0.0100000000039,100.0,3,"[0, 1, 2]",supplementary_operation,False,excluded
-1,-1,1484,2963,5,supplementary_operation,1,[5],True,697,4558100,4558796,1,True,7101.088,7108.048,7101.088,7108.048,6.96,0,0,696,True,0.01,0.0,0.00999999999658,0.0100000000039,100.0,3,"[0, 1, 2]",supplementary_operation,False,excluded
-1,-1,1485,2965,5,supplementary_operation,1,[5],True,690,4560194,4560883,1,True,7122.028,7128.918,7122.028,7128.918,6.89,0,0,689,True,0.01,0.0,0.00999999999658,0.0100000000039,99.9999999999,3,"[0, 1, 2]",supplementary_operation,False,excluded
-1,-1,1486,2967,5,supplementary_operation,1,[5],True,639,4562291,4562929,1,True,7143.008,7149.388,7143.008,7149.388,6.38,0,0,638,True,0.01,0.0,0.00999999999658,0.0100000000039,100.0,3,"[0, 1, 2]",supplementary_operation,False,excluded
-1,-1,1487,2969,5,supplementary_operation,1,[5],True,1604,4564386,4565989,1,True,7163.958,7180.108,7163.958,7180.108,16.15,0,0,1603,True,0.0100748596382,0.00131951541312,0.00999999999658,0.04,99.2569659443,3,"[0, 1, 2]",supplementary_operation,False,excluded
-1,-1,1488,2971,5,supplementary_operation,1,[5],True,1681,4567718,4569398,1,True,7197.428,7214.228,7197.428,7214.228,16.8,0,0,1680,True,0.01,0.0,0.00999999999658,0.0100000000039,100.0,3,"[0, 1, 2]",supplementary_operation,False,excluded
-1,-1,1489,2973,5,supplementary_operation,1,[5],True,1679,4571146,4572824,1,True,7231.988,7248.858,7231.988,7248.858,16.87,0,0,1678,True,0.0100536352801,0.00135858477005,0.00900000000001,0.0600000000031,99.4665085951,3,"[0, 1, 2]",supplementary_operation,False,excluded
-1,-1,1490,2975,5,supplementary_operation,1,[5],True,1615,4574650,4576264,1,True,7267.468,7283.618,7267.468,7283.618,16.15,0,0,1614,True,0.0100061957869,0.000248836253122,0.00999999999658,0.0199999999995,99.9380804954,3,"[0, 1, 2]",supplementary_operation,False,excluded
-1,-1,1491,2977,5,supplementary_operation,1,[5],True,958,4577976,4578933,1,True,7300.828,7310.398,7300.828,7310.398,9.57,0,0,957,True,0.01,0.0,0.00999999999658,0.0100000000039,100.0,3,"[0, 1, 2]",supplementary_operation,False,excluded
-1,-1,1492,2979,5,supplementary_operation,1,[5],True,1657,4580309,4581965,1,True,7324.178,7340.788,7324.178,7340.788,16.61,0,0,1656,True,0.0100301932367,0.000814456614126,0.00999999999658,0.0400000000009,99.6989765202,2,"[1, 2]",supplementary_operation,False,excluded
-1,-1,1493,2981,5,supplementary_operation,1,[5],True,1658,4583678,4585335,1,True,7357.918,7374.498,7357.918,7374.498,16.58,0,0,1657,True,0.010006035003,0.000255228547143,0.00799999999981,0.0199999999959,99.9396863691,3,"[0, 1, 2]",supplementary_operation,False,excluded
-1,-1,1494,2983,5,supplementary_operation,1,[5],True,928,4587106,4588033,1,True,7392.278,7401.558,7392.278,7401.558,9.28,0,0,927,True,0.0100107874865,0.000328265891013,0.00999999999658,0.0199999999959,99.8922413793,3,"[0, 1, 2]",supplementary_operation,False,excluded
-1,-1,1495,2985,5,supplementary_operation,1,[5],True,888,4589432,4590319,1,True,7415.648,7424.518,7415.648,7424.518,8.87,0,0,887,True,0.01,0.0,0.00999999999658,0.0100000000039,100.0,3,"[0, 1, 2]",supplementary_operation,False,excluded
-1,-1,1496,2987,5,supplementary_operation,1,[5],True,1630,4591711,4593340,1,True,7438.458,7454.748,7438.458,7454.748,16.29,0,0,1629,True,0.01,0.0,0.00999999999658,0.0100000000039,100.0,2,"[1, 2]",supplementary_operation,False,excluded
-1,-1,1497,2989,5,supplementary_operation,1,[5],True,886,4595069,4595954,1,True,7472.048,7480.908,7472.048,7480.908,8.86,0,0,885,True,0.010011299435,0.000335956355733,0.00999999999658,0.0199999999959,99.8871331829,3,"[0, 1, 2]",supplementary_operation,False,excluded
-1,-1,1498,2991,5,supplementary_operation,1,[5],True,879,4597389,4598267,1,True,7495.528,7504.388,7495.528,7504.388,8.86,0,0,878,True,0.0100911161731,0.00134770145427,0.00900000000092,0.0399999999981,99.0970654627,3,"[0, 1, 2]",supplementary_operation,False,excluded
-1,-1,1499,2993,5,supplementary_operation,1,[5],True,1050,4599716,4600765,1,True,7518.878,7529.368,7518.878,7529.368,10.49,0,0,1049,True,0.01,4.36643754695e-05,0.00900000000001,0.0109999999959,100.0,2,"[1, 2]",supplementary_operation,False,excluded
-1,-1,1500,2995,5,supplementary_operation,1,[5],True,779,4602358,4603136,1,True,7545.358,7553.138,7545.358,7553.138,7.78,0,0,778,True,0.01,0.0,0.00999999999658,0.0100000000039,100.0,3,"[0, 1, 2]",supplementary_operation,False,excluded
-1,-1,1501,2997,5,supplementary_operation,1,[5],True,1510,4604536,4606045,1,True,7567.148,7582.238,7567.148,7582.238,15.09,0,0,1509,True,0.01,0.0,0.00999999999658,0.0100000000039,100.0,3,"[0, 1, 2]",supplementary_operation,False,excluded
-1,-1,1502,2999,5,supplementary_operation,1,[5],True,794,4607760,4608553,1,True,7599.408,7607.338,7599.408,7607.338,7.93,0,0,793,True,0.01,0.000100440392188,0.00799999999981,0.0119999999997,100.0,3,"[0, 1, 2]",supplementary_operation,False,excluded
-1,-1,1503,3001,5,supplementary_operation,1,[5],True,746,4609590,4610335,1,True,7618.048,7625.498,7618.048,7625.498,7.45,0,0,745,True,0.01,0.0,0.00999999999658,0.0100000000039,100.0,3,"[0, 1, 2]",supplementary_operation,False,excluded
-1,-1,1504,3003,5,supplementary_operation,1,[5],True,1435,4611270,4612704,1,True,7634.848,7649.188,7634.848,7649.188,14.34,0,0,1434,True,0.01,0.0,0.00999999999658,0.0100000000039,100.0,3,"[0, 1, 2]",supplementary_operation,False,excluded
-1,-1,1505,3005,5,supplementary_operation,1,[5],True,1408,4613923,4615330,1,True,7661.378,7675.788,7661.378,7675.788,14.41,0,0,1407,True,0.0102416488984,0.00218508209852,0.00999999999658,0.0499999999993,97.6405274115,3,"[0, 1, 2]",supplementary_operation,False,excluded
-1,-1,1506,3007,5,supplementary_operation,1,[5],True,688,4616807,4617494,1,True,7690.578,7697.448,7690.578,7697.448,6.87,0,0,687,True,0.01,0.0,0.00999999999658,0.0100000000039,100.0,3,"[0, 1, 2]",supplementary_operation,False,excluded
-1,-1,1507,3009,5,supplementary_operation,1,[5],True,1428,4618530,4619957,1,True,7707.808,7722.078,7707.808,7722.078,14.27,0,0,1427,True,0.01,0.0,0.00999999999658,0.0100000000039,100.0,3,"[0, 1, 2]",supplementary_operation,False,excluded
-1,-1,1508,3011,5,supplementary_operation,1,[5],True,1406,4621686,4623091,1,True,7739.378,7753.448,7739.378,7753.448,14.07,0,0,1405,True,0.0100142348754,0.000533380612029,0.00999999999658,0.0300000000025,99.8578535892,2,"[1, 2]",supplementary_operation,False,excluded
-1,-1,1509,3013,5,supplementary_operation,1,[5],True,1354,4624742,4626095,1,True,7770.718,7784.248,7770.718,7784.248,13.53,0,0,1353,True,0.01,0.0,0.00999999999658,0.0100000000039,100.0,2,"[1, 2]",supplementary_operation,False,excluded
-1,-1,1510,3015,5,supplementary_operation,1,[5],True,1585,4627829,4629413,1,True,7801.588,7817.988,7801.588,7817.988,16.4,0,0,1584,True,0.0103535353535,0.00288697223985,0.00999999999658,0.0500000000038,96.5853658537,2,"[1, 2]",supplementary_operation,False,excluded
-1,-1,1511,3017,5,supplementary_operation,1,[5],True,1673,4631113,4632785,1,True,7834.988,7851.828,7834.988,7851.828,16.84,0,0,1672,True,0.0100717703349,0.0010350864906,0.00999999999658,0.0300000000034,99.2874109264,3,"[0, 1, 2]",supplementary_operation,False,excluded
-1,-1,1512,3019,5,supplementary_operation,1,[5],True,950,4634529,4635478,1,True,7869.748,7879.328,7869.748,7879.328,9.58,0,0,949,True,0.0100948366702,0.0013350525576,0.00999999999658,0.04,99.0605427975,3,"[0, 1, 2]",supplementary_operation,False,excluded
-1,-1,1513,3021,5,supplementary_operation,1,[5],True,959,4636857,4637815,1,True,7893.578,7903.158,7893.578,7903.158,9.58,0,0,958,True,0.01,4.56911662487e-05,0.00900000000183,0.0110000000022,100.0,3,"[0, 1, 2]",supplementary_operation,False,excluded
-1,-1,1514,3023,5,supplementary_operation,1,[5],True,931,4639208,4640138,1,True,7917.098,7926.608,7917.098,7926.608,9.51,0,0,930,True,0.0102258064516,0.00168885678876,0.00999999999658,0.04,97.7917981073,3,"[0, 1, 2]",supplementary_operation,False,excluded
-1,-1,1515,3025,5,supplementary_operation,1,[5],True,926,4641566,4642491,1,True,7940.888,7950.138,7940.888,7950.138,9.25,0,0,925,True,0.01,2.32830643654e-10,0.00999999999658,0.0100000000039,100.0,3,"[0, 1, 2]",supplementary_operation,False,excluded
-1,-1,1516,3027,5,supplementary_operation,1,[5],True,1644,4643929,4645572,1,True,7964.518,7980.948,7964.518,7980.948,16.43,0,0,1643,True,0.01,3.48896180501e-05,0.00900000000001,0.0109999999959,100.0,3,"[0, 1, 2]",supplementary_operation,False,excluded
-1,-1,1517,3029,5,supplementary_operation,1,[5],True,1682,4647296,4648977,1,True,7998.438,8015.258,7998.438,8015.258,16.82,0,0,1681,True,0.01000594884,0.000243829881301,0.00999999999658,0.0199999999959,99.9405469679,3,"[0, 1, 2]",supplementary_operation,False,excluded
-1,-1,1518,3031,5,supplementary_operation,1,[5],True,913,4650688,4651600,1,True,8032.378,8041.498,8032.378,8041.498,9.12,0,0,912,True,0.01,3.08005990352e-10,0.00999999999658,0.0100000000039,100.0,3,"[0, 1, 2]",supplementary_operation,False,excluded
-1,-1,1519,3033,5,supplementary_operation,1,[5],True,1624,4653251,4654874,1,True,8058.008,8074.328,8058.008,8074.328,16.32,0,0,1623,True,0.0100554528651,0.00113614486959,0.00999999999658,0.050000000002,99.4485294118,3,"[0, 1, 2]",supplementary_operation,False,excluded
-1,-1,1520,3035,5,supplementary_operation,1,[5],True,742,4656618,4657359,1,True,8091.868,8099.368,8091.868,8099.368,7.5,0,0,741,True,0.0101214574899,0.00204175998617,0.00999999999658,0.060000000004,98.8,3,"[0, 1, 2]",supplementary_operation,False,excluded
-1,-1,1521,3037,5,supplementary_operation,1,[5],True,1488,4658794,4660281,1,True,8113.768,8128.638,8113.768,8128.638,14.87,0,0,1487,True,0.01,0.0,0.00999999999658,0.0100000000039,100.0,3,"[0, 1, 2]",supplementary_operation,False,excluded
-1,-1,1522,3039,5,supplementary_operation,1,[5],True,1450,4662163,4663612,1,True,8147.508,8161.998,8147.508,8161.998,14.49,0,0,1449,True,0.01,0.0,0.00999999999658,0.0100000000039,100.0,3,"[0, 1, 2]",supplementary_operation,False,excluded
-1,-1,1523,3041,5,supplementary_operation,1,[5],True,1437,4665373,4666809,1,True,8179.608,8193.968,8179.608,8193.968,14.36,0,0,1436,True,0.01,7.9810323664e-10,0.00999999999658,0.0100000000039,100.0,3,"[0, 1, 2]",supplementary_operation,False,excluded
-1,-1,1524,3043,5,supplementary_operation,1,[5],True,694,4668684,4669377,1,True,8212.918,8219.898,8212.918,8219.898,6.98,0,0,693,True,0.0100721500722,0.00125781395855,0.0099999999984,0.0399999999991,99.2836676218,3,"[0, 1, 2]",supplementary_operation,False,excluded
-1,-1,1525,3045,5,supplementary_operation,1,[5],True,1400,4670952,4672351,1,True,8235.988,8249.988,8235.988,8249.988,14.0,0,0,1399,True,0.0100071479628,0.000269922447158,0.00900000000001,0.0199999999986,99.9285714286,2,"[1, 2]",supplementary_operation,False,excluded
-1,-1,1526,3047,5,supplementary_operation,1,[5],True,692,4674083,4674774,1,True,8267.328,8274.288,8267.328,8274.288,6.96,0,0,691,True,0.0100723589001,0.000847557190417,0.0099999999984,0.0200000000023,99.2816091954,3,"[0, 1, 2]",supplementary_operation,False,excluded
-1,-1,1527,3049,5,supplementary_operation,1,[5],True,1664,4676203,4677866,1,True,8288.688,8305.338,8288.688,8305.338,16.65,0,0,1663,True,0.0100120264582,0.000346583245917,0.0099999999984,0.0199999999986,99.8798798799,3,"[0, 1, 2]",supplementary_operation,False,excluded
-1,-1,1528,3051,5,supplementary_operation,1,[5],True,1731,4679570,4681300,1,True,8322.638,8339.938,8322.638,8339.938,17.3,0,0,1730,True,0.01,7.08126757561e-10,0.0099999999984,0.010000000002,100.0,3,"[0, 1, 2]",supplementary_operation,False,excluded
-1,-1,1529,3053,5,supplementary_operation,1,[5],True,954,4682993,4683946,1,True,8356.968,8366.568,8356.968,8366.568,9.6,0,0,953,True,0.010073452256,0.00133437022811,0.00900000000001,0.0400000000009,99.2708333333,3,"[0, 1, 2]",supplementary_operation,False,excluded
-1,-1,1530,3055,5,supplementary_operation,1,[5],True,928,4685403,4686330,1,True,8381.258,8390.638,8381.258,8390.638,9.38,0,0,927,True,0.0101186623517,0.0017025100897,0.0099999999984,0.0500000000011,98.8272921109,3,"[0, 1, 2]",supplementary_operation,False,excluded
-1,-1,1531,3057,5,supplementary_operation,1,[5],True,908,4687720,4688627,1,True,8405.018,8414.188,8405.018,8414.188,9.17,0,0,907,True,0.0101102535832,0.00181533788722,0.0099999999984,0.0500000000011,98.9094874591,3,"[0, 1, 2]",supplementary_operation,False,excluded
-1,-1,1532,3059,5,supplementary_operation,1,[5],True,880,4690009,4690888,1,True,8428.328,8437.318,8428.328,8437.318,8.99,0,0,879,True,0.0102275312856,0.00246857236814,0.00900000000001,0.0600000000013,97.7753058954,3,"[0, 1, 2]",supplementary_operation,False,excluded
-1,-1,1533,3061,5,supplementary_operation,1,[5],True,1462,4692413,4693874,1,True,8452.718,8467.368,8452.718,8467.368,14.65,0,0,1461,True,0.0100273785079,0.000522527985847,0.0099999999984,0.0200000000004,99.7269624573,3,"[0, 1, 2]",supplementary_operation,False,excluded
-1,-1,1534,3063,5,supplementary_operation,1,[5],True,733,4695654,4696386,1,True,8485.248,8492.568,8485.248,8492.568,7.32,0,0,732,True,0.01,3.86105942348e-10,0.0099999999984,0.010000000002,100.0,3,"[0, 1, 2]",supplementary_operation,False,excluded
-1,-1,1535,3065,5,supplementary_operation,1,[5],True,1361,4697810,4699170,1,True,8506.848,8520.448,8506.848,8520.448,13.6,0,0,1360,True,0.01,0.0,0.0099999999984,0.010000000002,100.0,3,"[0, 1, 2]",supplementary_operation,False,excluded
-1,-1,1536,3067,5,supplementary_operation,1,[5],True,951,4700883,4701833,1,True,8537.578,8547.098,8537.578,8547.098,9.52,0,0,950,True,0.0100210526316,0.000458348232717,0.0099999999984,0.0199999999986,99.7899159664,3,"[0, 1, 2]",supplementary_operation,False,excluded
-1,-1,1537,3069,5,supplementary_operation,1,[5],True,1223,4703247,4704469,1,True,12754.454,12766.674,12754.454,12766.674,12.22,0,0,1222,True,0.01,0.0,0.0099999999984,0.010000000002,100.0,3,"[0, 1, 2]",supplementary_operation,False,excluded
-1,-1,1538,3071,5,supplementary_operation,1,[5],True,1459,4705445,4706903,1,True,12776.484,12791.344,12776.484,12791.344,14.86,0,0,1458,True,0.0101920438957,0.00276493670308,0.0099999999984,0.0799999999999,98.1157469717,3,"[0, 1, 2]",supplementary_operation,False,excluded
-1,-1,1539,3073,5,supplementary_operation,1,[5],True,786,4708237,4709022,1,True,12804.684,12812.634,12804.684,12812.634,7.95,0,0,785,True,0.010127388535,0.00181545423295,0.0099999999984,0.0499999999993,98.7421383648,3,"[0, 1, 2]",supplementary_operation,False,excluded
-1,-1,1540,3075,5,supplementary_operation,1,[5],True,1478,4709875,4711352,1,True,12821.374,12836.564,12821.374,12836.564,15.19,0,0,1477,True,0.0102843601896,0.0031526894431,0.0099999999984,0.0799999999999,97.2350230415,3,"[0, 1, 2]",supplementary_operation,False,excluded
-1,-1,1541,3077,5,supplementary_operation,1,[5],True,714,4712528,4713241,1,True,12848.324,12855.914,12848.324,12855.914,7.59,0,0,713,True,0.0106451612903,0.00460246074292,0.0099999999984,0.0600000000013,93.9393939394,3,"[0, 1, 2]",supplementary_operation,False,excluded
-1,-1,1542,3079,5,supplementary_operation,1,[5],True,1352,4714455,4715806,1,True,12868.554,12882.614,12868.554,12882.614,14.06,0,0,1351,True,0.0104071058475,0.00393094460972,0.0099999999984,0.0699999999997,96.0881934566,3,"[0, 1, 2]",supplementary_operation,False,excluded
-1,-1,1543,3081,5,supplementary_operation,1,[5],True,716,4717071,4717786,1,True,12895.624,12902.774,12895.624,12902.774,7.15,0,0,715,True,0.01,0.0,0.0099999999984,0.010000000002,100.0,3,"[0, 1, 2]",supplementary_operation,False,excluded
-1,-1,1544,3083,5,supplementary_operation,1,[5],True,1375,4718843,4720217,1,True,12913.344,12927.084,12913.344,12927.084,13.74,0,0,1374,True,0.01,0.0,0.0099999999984,0.010000000002,100.0,3,"[0, 1, 2]",supplementary_operation,False,excluded
-1,-1,1545,3085,5,supplementary_operation,1,[5],True,677,4721536,4722212,1,True,12940.274,12947.114,12940.274,12947.114,6.84,0,0,676,True,0.0101183431953,0.00153390312386,0.0099999999984,0.0399999999991,98.8304093567,3,"[0, 1, 2]",supplementary_operation,False,excluded
-1,-1,1546,3087,5,supplementary_operation,1,[5],True,1382,4723676,4725057,1,True,12961.754,12975.564,12961.754,12975.564,13.81,0,0,1381,True,0.01,0.0,0.0099999999984,0.010000000002,100.0,3,"[0, 1, 2]",supplementary_operation,False,excluded
-1,-1,1547,3089,5,supplementary_operation,1,[5],True,633,4726829,4727461,1,True,12993.394,12999.714,12993.394,12999.714,6.32,0,0,632,True,0.01,6.98491930962e-10,0.0099999999984,0.010000000002,100.0,3,"[0, 1, 2]",supplementary_operation,False,excluded
-1,-1,1548,3091,5,supplementary_operation,1,[5],True,1241,4728863,4730103,1,True,13013.734,13026.134,13013.734,13026.134,12.4,0,0,1240,True,0.01,0.0,0.0099999999984,0.010000000002,100.0,3,"[0, 1, 2]",supplementary_operation,False,excluded
-1,-1,1549,3093,5,supplementary_operation,1,[5],True,930,4731797,4732726,1,True,13043.164,13052.744,13043.164,13052.744,9.58,0,0,929,True,0.0103121636168,0.00328244712842,0.0099999999984,0.0599999999995,96.9728601253,3,"[0, 1, 2]",supplementary_operation,False,excluded
-1,-1,1550,3095,5,supplementary_operation,1,[5],True,2061,4734101,4736161,1,True,13066.764,13433.948,13066.764,13433.948,367.184,0,0,2060,True,0.178244660194,7.63430422783,0.0099999999984,346.594,5.61026624254,3,"[0, 1, 2]",supplementary_operation,False,excluded
-1,-1,1551,3097,5,supplementary_operation,1,[5],True,938,4737952,4738889,1,True,13451.978,13461.418,13451.978,13461.418,9.44,0,0,937,True,0.0100747065101,0.00163171951788,0.0099999999984,0.0499999999993,99.2584745763,3,"[0, 1, 2]",supplementary_operation,False,excluded
-1,-1,1552,3099,5,supplementary_operation,1,[5],True,1602,4740287,4741888,1,True,13475.398,13491.408,13475.398,13491.408,16.01,0,0,1601,True,0.01,4.93908380987e-10,0.0099999999984,0.0100000000002,100.0,3,"[0, 1, 2]",supplementary_operation,False,excluded
-1,-1,1553,3101,5,supplementary_operation,1,[5],True,867,4743649,4744515,1,True,13509.018,13517.788,13509.018,13517.788,8.77,0,0,866,True,0.0101270207852,0.00211833187282,0.0099999999984,0.0599999999995,98.7457240593,3,"[0, 1, 2]",supplementary_operation,False,excluded
-1,-1,1554,3103,5,supplementary_operation,1,[5],True,1612,4745886,4747497,1,True,13531.628,13547.868,13531.628,13547.868,16.24,0,0,1611,True,0.0100806952204,0.00163175913603,0.0099999999984,0.0500000000011,99.1995073892,3,"[0, 1, 2]",supplementary_operation,False,excluded
-1,-1,1555,3105,5,supplementary_operation,1,[5],True,885,4749227,4750111,1,True,13565.168,13574.008,13565.168,13574.008,8.84,0,0,884,True,0.01,0.0,0.0099999999984,0.0100000000002,100.0,3,"[0, 1, 2]",supplementary_operation,False,excluded
-1,-1,1556,3107,5,supplementary_operation,1,[5],True,1551,4751537,4753087,1,True,13588.368,13603.868,13588.368,13603.868,15.5,0,0,1550,True,0.01,0.0,0.0099999999984,0.0100000000002,100.0,3,"[0, 1, 2]",supplementary_operation,False,excluded
-1,-1,1557,3109,5,supplementary_operation,1,[5],True,875,4754786,4755660,1,True,13620.928,13629.768,13620.928,13629.768,8.84,0,0,874,True,0.010114416476,0.00165314980971,0.0099999999984,0.0499999999993,98.8687782805,3,"[0, 1, 2]",supplementary_operation,False,excluded
-1,-1,1558,3111,5,supplementary_operation,1,[5],True,1550,4757032,4758581,1,True,13644.038,13659.528,13644.038,13659.528,15.49,0,0,1549,True,0.01,0.0,0.0099999999984,0.0100000000002,100.0,3,"[0, 1, 2]",supplementary_operation,False,excluded
-1,-1,1559,3113,5,supplementary_operation,1,[5],True,817,4760271,4761087,1,True,13676.468,13684.708,13676.468,13684.708,8.24,0,0,816,True,0.0100980392157,0.00203888571991,0.0099999999984,0.0599999999995,99.0291262136,3,"[0, 1, 2]",supplementary_operation,False,excluded
-1,-1,1560,3115,5,supplementary_operation,1,[5],True,1469,4762471,4763939,1,True,13698.868,13713.708,13698.868,13713.708,14.84,0,0,1468,True,0.0101089918256,0.00187892392455,0.0099999999984,0.0499999999993,98.9218328841,3,"[0, 1, 2]",supplementary_operation,False,excluded
-1,-1,1561,3117,5,supplementary_operation,1,[5],True,851,4765563,4766413,1,True,13730.058,13738.788,13730.058,13738.788,8.73,0,0,850,True,0.0102705882353,0.00311311546349,0.0099999999984,0.0599999999995,97.3654066438,3,"[0, 1, 2]",supplementary_operation,False,excluded
-1,-1,1562,3119,5,supplementary_operation,1,[5],True,1523,4768390,4769912,1,True,13758.558,13773.918,13758.558,13773.918,15.36,0,0,1522,True,0.0100919842313,0.00130377048671,0.0099999999984,0.0399999999991,99.0885416667,3,"[0, 1, 2]",supplementary_operation,False,excluded
-1,-1,1563,3121,5,supplementary_operation,1,[5],True,874,4771546,4772419,1,True,13790.758,13799.488,13790.758,13799.488,8.73,0,0,873,True,0.01,0.0,0.0099999999984,0.0100000000002,100.0,3,"[0, 1, 2]",supplementary_operation,False,excluded
-1,-1,1564,3123,5,supplementary_operation,1,[5],True,1590,4774126,4775715,1,True,13816.618,13832.688,13816.618,13832.688,16.07,0,0,1589,True,0.0101132787917,0.00224093303769,0.0099999999984,0.0799999999999,98.8799004356,2,"[1, 2]",supplementary_operation,False,excluded
-1,-1,1565,3125,5,supplementary_operation,1,[5],True,766,4777375,4778140,1,True,13849.588,13857.348,13849.588,13857.348,7.76,0,0,765,True,0.0101437908497,0.00308574267424,0.0099999999984,0.0900000000001,98.5824742268,3,"[0, 1, 2]",supplementary_operation,False,excluded
-1,-1,1566,3127,5,supplementary_operation,1,[5],True,1468,4779591,4781058,1,True,13871.858,13886.528,13871.858,13886.528,14.67,0,0,1467,True,0.01,0.0,0.0099999999984,0.0100000000002,100.0,2,"[1, 2]",supplementary_operation,False,excluded
-1,-1,1567,3129,5,supplementary_operation,1,[5],True,790,4782771,4783560,1,True,13903.658,13911.548,13903.658,13911.548,7.89,0,0,789,True,0.01,0.0,0.0099999999984,0.0100000000002,100.0,3,"[0, 1, 2]",supplementary_operation,False,excluded
-1,-1,1568,3131,5,supplementary_operation,1,[5],True,1523,4784669,4786191,1,True,13922.798,13938.168,13922.798,13938.168,15.37,0,0,1522,True,0.0100985545335,0.00151323917008,0.0099999999984,0.0400000000009,99.0240728692,3,"[0, 1, 2]",supplementary_operation,False,excluded
-1,-1,1569,3133,5,supplementary_operation,1,[5],True,801,4787468,4788268,1,True,13950.938,13958.978,13950.938,13958.978,8.04,0,0,800,True,0.01005,0.000864580823295,0.0099999999984,0.0300000000007,99.5024875622,3,"[0, 1, 2]",supplementary_operation,False,excluded
-1,-1,1570,3135,5,supplementary_operation,1,[5],True,1493,4789225,4790717,1,True,13968.648,13983.678,13968.648,13983.678,15.03,0,0,1492,True,0.0100737265416,0.00173512252821,0.0099999999984,0.0599999999995,99.2681304059,3,"[0, 1, 2]",supplementary_operation,False,excluded
-1,-1,1571,3137,5,supplementary_operation,1,[5],True,729,4791916,4792644,1,True,13996.218,14003.738,13996.218,14003.738,7.52,0,0,728,True,0.0103296703297,0.00308329403225,0.0099999999984,0.0499999999993,96.8085106383,3,"[0, 1, 2]",supplementary_operation,False,excluded
-1,-1,1572,3139,5,supplementary_operation,1,[5],True,1412,4793584,4794995,1,True,14013.378,14028.038,14013.378,14028.038,14.66,0,0,1411,True,0.010389794472,0.00371615251833,0.0099999999984,0.0799999999999,96.2482946794,3,"[0, 1, 2]",supplementary_operation,False,excluded
-1,-1,1573,3141,5,supplementary_operation,1,[5],True,708,4796197,4796904,1,True,14040.498,14047.568,14040.498,14047.568,7.07,0,0,707,True,0.01,0.0,0.0099999999984,0.0100000000002,100.0,3,"[0, 1, 2]",supplementary_operation,False,excluded
-1,-1,1574,3143,5,supplementary_operation,1,[5],True,1355,4797831,4799185,1,True,14056.998,14071.038,14056.998,14071.038,14.04,0,0,1354,True,0.0103692762186,0.00388301626073,0.0099999999984,0.0799999999999,96.4387464387,3,"[0, 1, 2]",supplementary_operation,False,excluded
-1,-1,1575,3145,5,supplementary_operation,1,[5],True,668,4800485,4801152,1,True,14084.228,14091.048,14084.228,14091.048,6.82,0,0,667,True,0.0102248875562,0.00258767313886,0.0099999999984,0.0599999999995,97.8005865102,3,"[0, 1, 2]",supplementary_operation,False,excluded
-1,-1,1576,3147,5,supplementary_operation,1,[5],True,1397,4802494,4803890,1,True,14104.978,14119.088,14104.978,14119.088,14.11,0,0,1396,True,0.0101074498567,0.00237644278624,0.0099999999984,0.0900000000001,98.9369241673,3,"[0, 1, 2]",supplementary_operation,False,excluded
-1,-1,1577,3149,5,supplementary_operation,1,[5],True,628,4805563,4806190,1,True,14136.008,14142.338,14136.008,14142.338,6.33,0,0,627,True,0.0100956937799,0.0013801153208,0.0099999999984,0.0300000000007,99.0521327014,3,"[0, 1, 2]",supplementary_operation,False,excluded
-1,-1,1578,3151,5,supplementary_operation,1,[5],True,1642,4807531,4809172,1,True,14156.668,14173.268,14156.668,14173.268,16.6,0,0,1641,True,0.0101157830591,0.00189260745026,0.0099999999984,0.0500000000011,98.8554216867,3,"[0, 1, 2]",supplementary_operation,False,excluded
-1,-1,1579,3153,5,supplementary_operation,1,[5],True,928,4810854,4811781,1,True,14190.588,14199.978,14190.588,14199.978,9.39,0,0,927,True,0.0101294498382,0.002582921675,0.0099999999984,0.0699999999997,98.7220447284,3,"[0, 1, 2]",supplementary_operation,False,excluded
-1,-1,1580,3155,5,supplementary_operation,1,[5],True,2160,4813241,4815400,1,True,14214.578,14550.755,14214.578,14550.755,336.177,0,0,2159,True,0.155709587772,6.76711170224,0.00999999999476,314.517,6.4222121085,3,"[0, 1, 2]",supplementary_operation,False,excluded
-1,-1,1581,3157,5,supplementary_operation,1,[5],True,858,4817119,4817976,1,True,14567.945,14576.965,14567.945,14576.965,9.02,0,0,857,True,0.0105250875146,0.00448824610667,0.00999999999476,0.0900000000001,95.0110864745,3,"[0, 1, 2]",supplementary_operation,False,excluded
-1,-1,1582,3159,5,supplementary_operation,1,[5],True,1657,4819362,4821018,1,True,14590.995,14607.665,14590.995,14607.665,16.67,0,0,1656,True,0.0100664251208,0.00153318627933,0.00999999999476,0.0599999999995,99.3401319736,2,"[1, 2]",supplementary_operation,False,excluded
-1,-1,1583,3161,5,supplementary_operation,1,[5],True,886,4822805,4823690,1,True,14626.095,14635.495,14626.095,14635.495,9.4,0,0,885,True,0.0106214689266,0.00419283651823,0.00999999999476,0.0600000000013,94.1489361702,3,"[0, 1, 2]",supplementary_operation,False,excluded
-1,-1,1584,3163,5,supplementary_operation,1,[5],True,1629,4825054,4826682,1,True,14649.425,14666.075,14649.425,14666.075,16.65,0,0,1628,True,0.0102272727273,0.00235330144629,0.00999999999476,0.0499999999993,97.7777777778,3,"[0, 1, 2]",supplementary_operation,False,excluded
-1,-1,1585,3165,5,supplementary_operation,1,[5],True,870,4828367,4829236,1,True,14683.395,14692.685,14683.395,14692.685,9.29,0,0,869,True,0.0106904487917,0.0046494775837,0.00999999999476,0.0600000000013,93.5414424112,3,"[0, 1, 2]",supplementary_operation,False,excluded
-1,-1,1586,3167,5,supplementary_operation,1,[5],True,1590,4830609,4832198,1,True,14706.915,14723.115,14706.915,14723.115,16.2,0,0,1589,True,0.0101950912524,0.00288651753089,0.00999999999476,0.0700000000015,98.0864197531,3,"[0, 1, 2]",supplementary_operation,False,excluded
-1,-1,1587,3169,5,supplementary_operation,1,[5],True,876,4833938,4834813,1,True,14740.515,14749.475,14740.515,14749.475,8.96,0,0,875,True,0.01024,0.00271495330131,0.00999999999476,0.0599999999995,97.65625,3,"[0, 1, 2]",supplementary_operation,False,excluded
-1,-1,1588,3171,5,supplementary_operation,1,[5],True,1623,4836226,4837848,1,True,14763.735,14780.025,14763.735,14780.025,16.29,0,0,1622,True,0.0100431565968,0.00082238227161,0.00999999999476,0.0300000000007,99.5702885206,3,"[0, 1, 2]",supplementary_operation,False,excluded
-1,-1,1589,3173,5,supplementary_operation,1,[5],True,873,4839456,4840328,1,True,14796.815,14805.605,14796.815,14805.605,8.79,0,0,872,True,0.0100802752294,0.00147392502184,0.00999999999476,0.0399999999991,99.2036405006,3,"[0, 1, 2]",supplementary_operation,False,excluded
-1,-1,1590,3175,5,supplementary_operation,1,[5],True,1066,4841768,4842833,1,True,14820.105,14830.985,14820.105,14830.985,10.88,0,0,1065,True,0.0102159624413,0.00301020621293,0.00999999999476,0.0900000000001,97.8860294118,3,"[0, 1, 2]",supplementary_operation,False,excluded
-1,-1,1591,3177,5,supplementary_operation,1,[5],True,747,4844251,4844997,1,True,14845.305,14853.235,14845.305,14853.235,7.93000000001,0,0,746,True,0.0106300268097,0.004573482168,0.00999999999476,0.0599999999995,94.0731399747,3,"[0, 1, 2]",supplementary_operation,False,excluded
-1,-1,1592,3179,5,supplementary_operation,1,[5],True,1481,4846420,4847900,1,True,14867.705,14882.595,14867.705,14882.595,14.89,0,0,1480,True,0.0100608108108,0.00166330163096,0.00999999999476,0.0699999999997,99.395567495,3,"[0, 1, 2]",supplementary_operation,False,excluded
-1,-1,1593,3181,5,supplementary_operation,1,[5],True,778,4849622,4850399,1,True,14899.905,14907.675,14899.905,14907.675,7.77,0,0,777,True,0.01,0.0,0.00999999999476,0.0100000000057,100.0,3,"[0, 1, 2]",supplementary_operation,False,excluded
-1,-1,1594,3183,5,supplementary_operation,1,[5],True,1488,4851344,4852831,1,True,14917.395,14932.535,14917.395,14932.535,15.14,0,0,1487,True,0.0101815736382,0.00291679909467,0.00999999999476,0.0700000000015,98.2166446499,3,"[0, 1, 2]",supplementary_operation,False,excluded
-1,-1,1595,3185,5,supplementary_operation,1,[5],True,750,4854199,4854948,1,True,14946.225,14953.725,14946.225,14953.725,7.5,0,0,749,True,0.0100133511348,0.000365148046242,0.00999999999476,0.0200000000004,99.8666666667,3,"[0, 1, 2]",supplementary_operation,False,excluded
-1,-1,1596,3187,5,supplementary_operation,1,[5],True,1446,4855893,4857338,1,True,14963.175,14977.625,14963.175,14977.625,14.45,0,0,1445,True,0.01,0.0,0.00999999999476,0.0100000000057,100.0,3,"[0, 1, 2]",supplementary_operation,False,excluded
-1,-1,1597,3189,5,supplementary_operation,1,[5],True,675,4858784,4859458,1,True,14992.315,14999.225,14992.315,14999.225,6.91,0,0,674,True,0.0102522255193,0.00332625596226,0.00999999999476,0.0699999999997,97.5397973951,3,"[0, 1, 2]",supplementary_operation,False,excluded
-1,-1,1598,3191,5,supplementary_operation,1,[5],True,1394,4860463,4861856,1,True,15009.715,15023.905,15009.715,15023.905,14.19,0,0,1393,True,0.0101866475233,0.00323204873299,0.00999999999476,0.110000000001,98.1677237491,3,"[0, 1, 2]",supplementary_operation,False,excluded
-1,-1,1599,3193,5,supplementary_operation,1,[5],True,641,4863561,4864201,1,True,15040.955,15047.675,15040.955,15047.675,6.72,0,0,640,True,0.0105,0.00458257569499,0.00999999999476,0.0699999999997,95.2380952381,3,"[0, 1, 2]",supplementary_operation,False,excluded
-1,-1,1600,3195,5,supplementary_operation,1,[5],True,1370,4865587,4866956,1,True,15061.585,15075.385,15061.585,15075.385,13.8,0,0,1369,True,0.0100803506209,0.00159692029931,0.00999999999476,0.0499999999993,99.2028985507,3,"[0, 1, 2]",supplementary_operation,False,excluded
-1,-1,1601,3197,5,supplementary_operation,1,[5],True,957,4868671,4869627,1,True,15092.535,15102.095,15092.535,15102.095,9.56,0,0,956,True,0.01,0.0,0.00999999999476,0.0100000000057,100.0,3,"[0, 1, 2]",supplementary_operation,False,excluded
-1,-1,1602,3199,5,supplementary_operation,1,[5],True,1712,4871080,4872791,1,True,15116.795,15133.905,15116.795,15133.905,17.11,0,0,1711,True,0.01,9.3857033042e-10,0.00999999999476,0.0100000000057,100.0,3,"[0, 1, 2]",supplementary_operation,False,excluded
-1,-1,1603,3201,5,supplementary_operation,1,[5],True,976,4875049,4876024,1,True,15156.555,15166.305,15156.555,15166.305,9.75,0,0,975,True,0.01,0.0,0.00999999999476,0.0100000000057,100.0,3,"[0, 1, 2]",supplementary_operation,False,excluded
-1,-1,1604,3203,5,supplementary_operation,1,[5],True,1648,4877508,4879155,1,True,15181.595,15198.165,15181.595,15198.165,16.57,0,0,1647,True,0.0100607164542,0.00180969666979,0.00999999999476,0.0799999999999,99.3964996982,3,"[0, 1, 2]",supplementary_operation,False,excluded
-1,-1,1605,3205,5,supplementary_operation,1,[5],True,914,4880984,4881897,1,True,15216.645,15225.995,15216.645,15225.995,9.35,0,0,913,True,0.0102409638554,0.00339882525153,0.00999999999476,0.0699999999997,97.6470588235,3,"[0, 1, 2]",supplementary_operation,False,excluded
-1,-1,1606,3207,5,supplementary_operation,1,[5],True,1631,4883314,4884944,1,True,15240.165,15256.465,15240.165,15256.465,16.3,0,0,1630,True,0.01,7.1763224003e-10,0.00999999999476,0.0100000000057,100.0,3,"[0, 1, 2]",supplementary_operation,False,excluded
-1,-1,1607,3209,5,supplementary_operation,1,[5],True,923,4886646,4887568,1,True,15273.725,15282.945,15273.725,15282.945,9.22,0,0,922,True,0.01,0.0,0.00999999999476,0.0100000000057,100.0,3,"[0, 1, 2]",supplementary_operation,False,excluded
-1,-1,1608,3211,5,supplementary_operation,1,[5],True,1603,4889020,4890622,1,True,15297.465,15313.545,15297.465,15313.545,16.08,0,0,1602,True,0.0100374531835,0.00105933600177,0.00999999999476,0.0499999999993,99.6268656716,3,"[0, 1, 2]",supplementary_operation,False,excluded
-1,-1,1609,3213,5,supplementary_operation,1,[5],True,889,4892461,4893349,1,True,15331.945,15340.825,15331.945,15340.825,8.88,0,0,888,True,0.01,0.0,0.00999999999476,0.0100000000057,100.0,3,"[0, 1, 2]",supplementary_operation,False,excluded
-1,-1,1610,3215,5,supplementary_operation,1,[5],True,1603,4894741,4896343,1,True,15354.945,15371.135,15354.945,15371.135,16.19,0,0,1602,True,0.0101061173533,0.00194845565302,0.00999999999476,0.0500000000011,98.9499691167,3,"[0, 1, 2]",supplementary_operation,False,excluded
-1,-1,1611,3217,5,supplementary_operation,1,[5],True,733,4898066,4898798,1,True,15388.585,15395.995,15388.585,15395.995,7.41,0,0,732,True,0.0101229508197,0.00151897579559,0.00999999999476,0.0400000000009,98.7854251012,3,"[0, 1, 2]",supplementary_operation,False,excluded
-1,-1,1612,3219,5,supplementary_operation,1,[5],True,1450,4900147,4901596,1,True,15410.265,15425.005,15410.265,15425.005,14.74,0,0,1449,True,0.0101725327812,0.00232857645916,0.00999999999476,0.0699999999997,98.3039348711,3,"[0, 1, 2]",supplementary_operation,False,excluded
-1,-1,1613,3221,5,supplementary_operation,1,[5],True,700,4903404,4904103,1,True,15443.585,15450.865,15443.585,15450.865,7.28,0,0,699,True,0.0104148783977,0.00377850354988,0.00999999999476,0.0799999999999,96.0164835165,3,"[0, 1, 2]",supplementary_operation,False,excluded
-1,-1,1614,3223,5,supplementary_operation,1,[5],True,1442,4905472,4906913,1,True,15464.915,15479.695,15464.915,15479.695,14.78,0,0,1441,True,0.0102567661346,0.00347540146708,0.00999999999476,0.0999999999985,97.4966170501,3,"[0, 1, 2]",supplementary_operation,False,excluded
-1,-1,1615,3225,5,supplementary_operation,1,[5],True,694,4908677,4909370,1,True,15497.335,15504.265,15497.335,15504.265,6.93,0,0,693,True,0.01,3.08005990352e-10,0.00999999999476,0.0100000000057,100.0,3,"[0, 1, 2]",supplementary_operation,False,excluded
-1,-1,1616,3227,5,supplementary_operation,1,[5],True,1402,4910871,4912272,1,True,15519.495,15533.665,15519.495,15533.665,14.17,0,0,1401,True,0.0101142041399,0.00155363940072,0.00999999999476,0.0400000000009,98.8708539167,3,"[0, 1, 2]",supplementary_operation,False,excluded
-1,-1,1617,3229,5,supplementary_operation,1,[5],True,679,4913980,4914658,1,True,15550.925,15557.715,15550.925,15557.715,6.79,0,0,678,True,0.0100147492625,0.000383764360821,0.00999999999476,0.0200000000004,99.852724595,3,"[0, 1, 2]",supplementary_operation,False,excluded
-1,-1,1618,3231,5,supplementary_operation,1,[5],True,1666,4916086,4917751,1,True,15572.025,15588.675,15572.025,15588.675,16.65,0,0,1665,True,0.01,7.89567127722e-10,0.00999999999476,0.0100000000057,100.0,3,"[0, 1, 2]",supplementary_operation,False,excluded
-1,-1,1619,3233,5,supplementary_operation,1,[5],True,968,4919459,4920426,1,True,15605.755,15615.425,15605.755,15615.425,9.67,0,0,967,True,0.01,0.0,0.00999999999476,0.0100000000057,100.0,3,"[0, 1, 2]",supplementary_operation,False,excluded
-1,-1,1620,3235,5,supplementary_operation,1,[5],True,1648,4921856,4923503,1,True,15629.725,15646.305,15629.725,15646.305,16.58,0,0,1647,True,0.0100667880996,0.00137030997546,0.00999999999476,0.0500000000011,99.3365500603,2,"[1, 2]",supplementary_operation,False,excluded
-1,-1,1621,3237,5,supplementary_operation,1,[5],True,908,4925645,4926552,1,True,15668.115,15677.385,15668.115,15677.385,9.27,0,0,907,True,0.0102205071665,0.00233753197869,0.00999999999476,0.0400000000009,97.8425026969,3,"[0, 1, 2]",supplementary_operation,False,excluded
-1,-1,1622,3239,5,supplementary_operation,1,[5],True,1628,4927967,4929594,1,True,15691.705,15708.145,15691.705,15708.145,16.44,0,0,1627,True,0.0101044867855,0.00202659594307,0.00999999999476,0.0599999999995,98.9659367397,3,"[0, 1, 2]",supplementary_operation,False,excluded
-1,-1,1623,3241,5,supplementary_operation,1,[5],True,895,4931336,4932230,1,True,15725.565,15734.515,15725.565,15734.515,8.95,0,0,894,True,0.0100111856823,0.000334262926132,0.00999999999476,0.0200000000004,99.8882681564,3,"[0, 1, 2]",supplementary_operation,False,excluded
-1,-1,1624,3243,5,supplementary_operation,1,[5],True,1462,4933681,4935142,1,True,15749.035,15763.645,15749.035,15763.645,14.61,0,0,1461,True,0.01,0.0,0.00999999999476,0.0100000000057,100.0,3,"[0, 1, 2]",supplementary_operation,False,excluded
-1,-1,1625,3245,5,supplementary_operation,1,[5],True,719,4936897,4937615,1,True,15781.195,15788.375,15781.195,15788.375,7.18,0,0,718,True,0.01,0.0,0.00999999999476,0.0100000000057,100.0,3,"[0, 1, 2]",supplementary_operation,False,excluded
-1,-1,1626,3247,5,supplementary_operation,1,[5],True,1470,4939030,4940499,1,True,15802.525,15817.215,15802.525,15817.215,14.69,0,0,1469,True,0.01,0.0,0.00999999999476,0.0100000000057,100.0,3,"[0, 1, 2]",supplementary_operation,False,excluded
-1,-1,1627,3249,5,supplementary_operation,1,[5],True,947,4942256,4943202,1,True,15834.785,15844.245,15834.785,15844.245,9.46,0,0,946,True,0.01,0.0,0.00999999999476,0.0100000000057,100.0,3,"[0, 1, 2]",supplementary_operation,False,excluded
-1,-1,1628,3251,5,supplementary_operation,1,[5],True,949,4944602,4945550,1,True,9718.83,9728.31,9718.83,9728.31,9.48,0,0,948,True,0.01,0.0,0.0099999999984,0.0100000000002,100.0,3,"[0, 1, 2]",supplementary_operation,False,excluded
-1,-1,1629,3253,5,supplementary_operation,1,[5],True,1341,4946742,4948082,1,True,9740.32,9753.73,9740.32,9753.73,13.41,0,0,1340,True,0.0100074626866,0.000273077230759,0.0099999999984,0.0199999999986,99.9254287845,3,"[0, 1, 2]",supplementary_operation,False,excluded
-1,-1,1630,3255,5,supplementary_operation,1,[5],True,1293,4949658,4950950,1,True,9769.7,9783.07,9769.7,9783.07,13.37,0,0,1292,True,0.0103482972136,0.00218056186379,0.0099999999984,0.0400000000009,96.6342557966,3,"[0, 1, 2]",supplementary_operation,False,excluded
-1,-1,1631,3257,5,supplementary_operation,1,[5],True,1320,4952393,4953712,1,True,9797.56,9810.77,9797.56,9810.77,13.21,0,0,1319,True,0.0100151630023,0.000550481724324,0.0099999999984,0.0299999999988,99.8485995458,3,"[0, 1, 2]",supplementary_operation,False,excluded
-1,-1,1632,3259,5,supplementary_operation,1,[5],True,1282,4955162,4956443,1,True,9825.27,9839.02,9825.27,9839.02,13.75,0,0,1281,True,0.0107338017174,0.0033188866941,0.0099999999984,0.0499999999993,93.1636363636,3,"[0, 1, 2]",supplementary_operation,False,excluded
-1,-1,1633,3261,5,supplementary_operation,1,[5],True,722,4957811,4958532,1,True,9853.04,9860.28,9853.04,9860.28,7.24,0,0,721,True,0.0100416088766,0.000643706040853,0.0099999999984,0.0200000000004,99.5856353591,3,"[0, 1, 2]",supplementary_operation,False,excluded
-1,-1,1634,3263,5,supplementary_operation,1,[5],True,1429,4959544,4960972,1,True,9870.74,9885.37,9870.74,9885.37,14.63,0,0,1428,True,0.0102450980392,0.00187386112679,0.0099999999984,0.0399999999991,97.6076555024,3,"[0, 1, 2]",supplementary_operation,False,excluded
-1,-1,1635,3265,5,supplementary_operation,1,[5],True,1437,4962260,4963696,1,True,9898.63,9913.25,9898.63,9913.25,14.62,0,0,1436,True,0.0101810584958,0.00143399941123,0.0099999999984,0.0300000000007,98.2216142271,3,"[0, 1, 2]",supplementary_operation,False,excluded
-1,-1,1636,3267,5,supplementary_operation,1,[5],True,1806,4964957,4966762,1,True,9926.54,9945.03,9926.54,9945.03,18.49,0,0,1805,True,0.010243767313,0.00174443990207,0.0099999999984,0.0300000000007,97.6203353164,3,"[0, 1, 2]",supplementary_operation,False,excluded
-1,-1,1637,3269,5,supplementary_operation,1,[5],True,1791,4968222,4970012,1,True,9959.88,9978.46,9959.88,9978.46,18.58,0,0,1790,True,0.0103798882682,0.00242676831544,0.0099999999984,0.0599999999995,96.3401506997,3,"[0, 1, 2]",supplementary_operation,False,excluded
-1,-1,1638,3271,5,supplementary_operation,1,[5],True,1130,4971327,4972456,1,True,9991.81,10003.12,9991.81,10003.12,11.31,0,0,1129,True,0.0100177147919,0.000420516473727,0.0099999999984,0.0200000000004,99.8231653404,3,"[0, 1, 2]",supplementary_operation,False,excluded
-1,-1,1639,3273,5,supplementary_operation,1,[5],True,1884,4973451,4975334,1,True,10013.09,10032.03,10013.09,10032.03,18.94,0,0,1883,True,0.010058417419,0.000762077158359,0.0099999999984,0.0200000000004,99.419218585,3,"[0, 1, 2]",supplementary_operation,False,excluded
-1,-1,1640,3275,5,supplementary_operation,1,[5],True,1727,4976553,4978279,1,True,10044.22,10062.66,10044.22,10062.66,18.44,0,0,1726,True,0.0106836616454,0.00321075821021,0.0099999999984,0.0400000000009,93.600867679,3,"[0, 1, 2]",supplementary_operation,False,excluded
-1,-1,1641,3277,5,supplementary_operation,1,[5],True,3795,4979918,4983712,1,True,10079.12,10213.93,10079.12,10213.93,134.81,0,0,3794,True,0.0355324196099,1.32336795127,0.0099999999984,79.87,28.1433128106,3,"[0, 1, 2]",supplementary_operation,False,excluded
-1,-1,1642,3279,5,supplementary_operation,1,[5],True,1087,4985393,4986479,1,True,10230.88,10242.07,10230.88,10242.07,11.19,0,0,1086,True,0.0103038674033,0.0022707451168,0.0099999999984,0.0399999999991,97.0509383378,3,"[0, 1, 2]",supplementary_operation,False,excluded
-1,-1,1643,3281,5,supplementary_operation,1,[5],True,1823,4987699,4989521,1,True,10254.59,10273.0,10254.59,10273.0,18.41,0,0,1822,True,0.0101042810099,0.0014212181136,0.0099999999984,0.0399999999991,98.9679521999,3,"[0, 1, 2]",supplementary_operation,False,excluded
-1,-1,1644,3283,5,supplementary_operation,1,[5],True,1784,4991125,4992908,1,True,10289.5,10307.33,10289.5,10307.33,17.83,0,0,1783,True,0.01,1.00818626092e-09,0.0099999999984,0.0100000000002,100.0,3,"[0, 1, 2]",supplementary_operation,False,excluded
-1,-1,1645,3285,5,supplementary_operation,1,[5],True,1826,4994474,4996299,1,True,10323.0,10341.68,10323.0,10341.68,18.68,0,0,1825,True,0.0102356164384,0.00193010538878,0.0099999999984,0.0400000000009,97.6980728051,3,"[0, 1, 2]",supplementary_operation,False,excluded
-1,-1,1646,3287,5,supplementary_operation,1,[5],True,1876,4997800,4999675,1,True,10356.94,10375.7,10356.94,10375.7,18.76,0,0,1875,True,0.0100053333333,0.000230878515405,0.0099999999984,0.0199999999986,99.9466950959,3,"[0, 1, 2]",supplementary_operation,False,excluded
-1,-1,1647,3289,5,supplementary_operation,1,[5],True,1072,5001175,5002246,1,True,10390.86,10402.21,10390.86,10402.21,11.35,0,0,1071,True,0.0105975723623,0.00302765863261,0.0099999999984,0.0400000000009,94.3612334802,3,"[0, 1, 2]",supplementary_operation,False,excluded
-1,-1,1648,3291,5,supplementary_operation,1,[5],True,1825,5003413,5005237,1,True,10414.46,10432.95,10414.46,10432.95,18.49,0,0,1824,True,0.0101370614035,0.0016332843232,0.0099999999984,0.0499999999993,98.6479177934,2,"[1, 2]",supplementary_operation,False,excluded
-1,-1,1649,3293,5,supplementary_operation,1,[5],True,1763,5006735,5008497,1,True,10448.03,10466.23,10448.03,10466.23,18.2,0,0,1762,True,0.0103291713961,0.00228615243519,0.0099999999984,0.0400000000009,96.8131868132,3,"[0, 1, 2]",supplementary_operation,False,excluded
-1,-1,1650,3295,5,supplementary_operation,1,[5],True,1775,5009969,5011743,1,True,10481.33,10499.62,10481.33,10499.62,18.29,0,0,1774,True,0.0103100338219,0.00231770322762,0.0099999999984,0.0400000000009,96.9928922909,3,"[0, 1, 2]",supplementary_operation,False,excluded
-1,-1,1651,3297,5,supplementary_operation,1,[5],True,1763,5013181,5014943,1,True,10514.44,10532.45,10514.44,10532.45,18.01,0,0,1762,True,0.0102213393871,0.00205122781522,0.0099999999984,0.0400000000009,97.8345363687,2,"[1, 2]",supplementary_operation,False,excluded
-1,-1,1652,3299,5,supplementary_operation,1,[5],True,1063,5016442,5017504,1,True,10547.77,10558.72,10547.77,10558.72,10.95,0,0,1062,True,0.0103107344633,0.00208063839868,0.0099999999984,0.0400000000009,96.9863013699,3,"[0, 1, 2]",supplementary_operation,False,excluded
-1,-1,1653,3301,5,supplementary_operation,1,[5],True,1793,5018638,5020430,1,True,10570.42,10588.76,10570.42,10588.76,18.34,0,0,1792,True,0.010234375,0.00172001779539,0.0099999999984,0.0399999999991,97.7099236641,2,"[1, 2]",supplementary_operation,False,excluded
-1,-1,1654,3303,5,supplementary_operation,1,[5],True,1827,5021966,5023792,1,True,10604.12,10622.38,10604.12,10622.38,18.26,0,0,1826,True,0.01,1.07329623509e-09,0.0099999999984,0.0100000000002,100.0,3,"[0, 1, 2]",supplementary_operation,False,excluded
-1,-1,1655,3305,5,supplementary_operation,1,[5],True,1840,5025294,5027133,1,True,10637.41,10655.83,10637.41,10655.83,18.42,0,0,1839,True,0.0100163132137,0.000699378502759,0.0099999999984,0.0399999999991,99.8371335505,2,"[1, 2]",supplementary_operation,False,excluded
-1,-1,1656,3307,5,supplementary_operation,1,[5],True,1825,5028528,5030352,1,True,10669.79,10688.05,10669.79,10688.05,18.26,0,0,1824,True,0.0100109649123,0.000330951497227,0.0099999999984,0.0200000000004,99.8904709748,3,"[0, 1, 2]",supplementary_operation,False,excluded
-1,-1,1657,3309,5,supplementary_operation,1,[5],True,721,5031746,5032466,1,True,10702.01,10709.21,10702.01,10709.21,7.2,0,0,720,True,0.01,0.0,0.0099999999984,0.0100000000002,100.0,3,"[0, 1, 2]",supplementary_operation,False,excluded
-1,-1,1658,3311,5,supplementary_operation,1,[5],True,1406,5033587,5034992,1,True,10720.44,10734.49,10720.44,10734.49,14.05,0,0,1405,True,0.01,0.0,0.0099999999984,0.0100000000002,100.0,3,"[0, 1, 2]",supplementary_operation,False,excluded
-1,-1,1659,3313,5,supplementary_operation,1,[5],True,1404,5036439,5037842,1,True,10749.52,10763.78,10749.52,10763.78,14.26,0,0,1403,True,0.0101639344262,0.00152486987677,0.0099999999984,0.0399999999991,98.3870967742,3,"[0, 1, 2]",supplementary_operation,False,excluded
-1,-1,1660,3315,5,supplementary_operation,1,[5],True,1334,5039211,5040544,1,True,10778.0,10791.44,10778.0,10791.44,13.44,0,0,1333,True,0.0100825206302,0.00105757820796,0.0099999999984,0.0300000000007,99.181547619,3,"[0, 1, 2]",supplementary_operation,False,excluded
-1,-1,1661,3317,5,supplementary_operation,1,[5],True,1336,5041956,5043291,1,True,10805.72,10819.26,10805.72,10819.26,13.54,0,0,1335,True,0.0101423220974,0.00156577601624,0.0099999999984,0.0400000000009,98.5967503693,3,"[0, 1, 2]",supplementary_operation,False,excluded
-1,-1,1662,3319,5,supplementary_operation,1,[5],True,584,5044811,5045394,1,True,10834.73,10840.84,10834.73,10840.84,6.11,0,0,583,True,0.0104802744425,0.00317189716998,0.0099999999984,0.0400000000009,95.4173486088,3,"[0, 1, 2]",supplementary_operation,False,excluded
-1,-1,1663,3321,5,supplementary_operation,1,[5],True,1422,5046486,5047907,1,True,10851.97,10866.31,10851.97,10866.31,14.34,0,0,1421,True,0.0100914848698,0.00121221410278,0.0099999999984,0.0400000000009,99.0934449093,3,"[0, 1, 2]",supplementary_operation,False,excluded
-1,-1,1664,3323,5,supplementary_operation,1,[5],True,1402,5049338,5050739,1,True,10881.08,10895.72,10881.08,10895.72,14.64,0,0,1401,True,0.0104496788009,0.00275280693236,0.0099999999984,0.0400000000009,95.6967213115,3,"[0, 1, 2]",supplementary_operation,False,excluded
-1,-1,1665,3325,5,supplementary_operation,1,[5],True,1802,5052041,5053842,1,True,10909.18,10927.55,10909.18,10927.55,18.37,0,0,1801,True,0.0101998889506,0.00201714472365,0.0099999999984,0.0500000000011,98.0402830702,3,"[0, 1, 2]",supplementary_operation,False,excluded
-1,-1,1666,3327,5,supplementary_operation,1,[5],True,1790,5055166,5056955,1,True,10941.04,10959.27,10941.04,10959.27,18.23,0,0,1789,True,0.0101900503074,0.00199711682842,0.0099999999984,0.0400000000009,98.1349424026,3,"[0, 1, 2]",supplementary_operation,False,excluded
-1,-1,1667,3329,5,supplementary_operation,1,[5],True,1085,5058216,5059300,1,True,10972.28,10983.43,10972.28,10983.43,11.15,0,0,1084,True,0.0102859778598,0.00250669709316,0.0099999999984,0.0599999999995,97.2197309417,3,"[0, 1, 2]",supplementary_operation,False,excluded
-1,-1,1668,3331,5,supplementary_operation,1,[5],True,1751,5060281,5062031,1,True,10993.26,11011.54,10993.26,11011.54,18.28,0,0,1750,True,0.0104457142857,0.00312156946397,0.0099999999984,0.0500000000011,95.7330415755,3,"[0, 1, 2]",supplementary_operation,False,excluded
-1,-1,1669,3333,5,supplementary_operation,1,[5],True,1800,5063525,5065324,1,True,11027.5,11045.89,11027.5,11045.89,18.39,0,0,1799,True,0.0102223457476,0.00184307391523,0.0099999999984,0.0500000000011,97.8249048396,3,"[0, 1, 2]",supplementary_operation,False,excluded
-1,-1,1670,3335,5,supplementary_operation,1,[5],True,1813,5066901,5068713,1,True,11062.15,11080.65,11062.15,11080.65,18.5,0,0,1812,True,0.0102097130243,0.00183783949289,0.0099999999984,0.0400000000009,97.9459459459,3,"[0, 1, 2]",supplementary_operation,False,excluded
-1,-1,1671,3337,5,supplementary_operation,1,[5],True,1850,5070272,5072121,1,True,11096.25,11114.77,11096.25,11114.77,18.52,0,0,1849,True,0.0100162249865,0.000519762629586,0.0099999999984,0.0299999999988,99.838012959,3,"[0, 1, 2]",supplementary_operation,False,excluded
-1,-1,1672,3339,5,supplementary_operation,1,[5],True,1579,5073593,5075171,1,True,11130.19,11219.342,11130.19,11219.342,89.152,0,0,1578,True,0.0564968314322,1.84192484501,0.0099999999984,73.202,17.7001076813,3,"[0, 1, 2]",supplementary_operation,False,excluded
-1,-1,1673,3341,5,supplementary_operation,1,[5],True,1787,5076458,5078244,1,True,11232.362,11250.832,11232.362,11250.832,18.47,0,0,1786,True,0.0103415453527,0.00258036097967,0.0099999999984,0.0499999999993,96.6973470493,3,"[0, 1, 2]",supplementary_operation,False,excluded
-1,-1,1674,3343,5,supplementary_operation,1,[5],True,1791,5079827,5081617,1,True,11267.242,11285.852,11267.242,11285.852,18.61,0,0,1790,True,0.0103966480447,0.00271745648907,0.0099999999984,0.0500000000011,96.1848468565,3,"[0, 1, 2]",supplementary_operation,False,excluded
-1,-1,1675,3345,5,supplementary_operation,1,[5],True,1828,5083122,5084949,1,True,11301.662,11320.742,11301.662,11320.742,19.08,0,0,1827,True,0.0104433497537,0.00304508061998,0.0099999999984,0.0599999999995,95.7547169811,3,"[0, 1, 2]",supplementary_operation,False,excluded
-1,-1,1676,3347,5,supplementary_operation,1,[5],True,1813,5086498,5088310,1,True,11336.692,11355.522,11336.692,11355.522,18.83,0,0,1812,True,0.0103918322296,0.00263925610769,0.0099999999984,0.0500000000011,96.2294211365,3,"[0, 1, 2]",supplementary_operation,False,excluded
-1,-1,1677,3349,5,supplementary_operation,1,[5],True,1102,5089755,5090856,1,True,11370.932,11381.942,11370.932,11381.942,11.01,0,0,1101,True,0.01,0.0,0.0099999999984,0.0100000000002,100.0,3,"[0, 1, 2]",supplementary_operation,False,excluded
-1,-1,1678,3351,5,supplementary_operation,1,[5],True,1855,5092038,5093892,1,True,11393.862,11412.402,11393.862,11412.402,18.54,0,0,1854,True,0.01,1.13467620043e-09,0.0099999999984,0.0100000000002,100.0,3,"[0, 1, 2]",supplementary_operation,False,excluded
-1,-1,1679,3353,5,supplementary_operation,1,[5],True,1818,5095536,5097353,1,True,11428.952,11447.182,11428.952,11447.182,18.23,0,0,1817,True,0.010033021464,0.000811996836148,0.0099999999984,0.0399999999991,99.6708721887,3,"[0, 1, 2]",supplementary_operation,False,excluded
-1,-1,1680,3355,5,supplementary_operation,1,[5],True,1808,5098861,5100668,1,True,11462.352,11480.542,11462.352,11480.542,18.19,0,0,1807,True,0.0100664084117,0.00124302837056,0.0099999999984,0.0400000000009,99.3402968664,3,"[0, 1, 2]",supplementary_operation,False,excluded
-1,-1,1681,3357,5,supplementary_operation,1,[5],True,1806,5102731,5104536,1,True,11501.262,11519.672,11501.262,11519.672,18.41,0,0,1805,True,0.0101994459834,0.00193068234547,0.0099999999984,0.0400000000009,98.0445410103,3,"[0, 1, 2]",supplementary_operation,False,excluded
-1,-1,1682,3359,5,supplementary_operation,1,[5],True,1082,5106057,5107138,1,True,11535.162,11546.092,11535.162,11546.092,10.93,0,0,1081,True,0.0101110083256,0.00135566069208,0.0099999999984,0.0400000000009,98.9021043001,3,"[0, 1, 2]",supplementary_operation,False,excluded
-1,-1,1683,3361,5,supplementary_operation,1,[5],True,1370,5108225,5109594,1,True,11557.042,11571.052,11557.042,11571.052,14.01,0,0,1369,True,0.0102337472608,0.00249545984767,0.0099999999984,0.0599999999995,97.715917202,3,"[0, 1, 2]",supplementary_operation,False,excluded
-1,-1,1684,3363,5,supplementary_operation,1,[5],True,1363,5111126,5112488,1,True,11586.602,11600.222,11586.602,11600.222,13.62,0,0,1362,True,0.01,0.0,0.0099999999984,0.0100000000002,100.0,3,"[0, 1, 2]",supplementary_operation,False,excluded
-1,-1,1685,3365,5,supplementary_operation,1,[5],True,1336,5113891,5115226,1,True,11614.302,11627.992,11614.302,11627.992,13.69,0,0,1335,True,0.0102546816479,0.00252528905747,0.0099999999984,0.0499999999993,97.5164353543,3,"[0, 1, 2]",supplementary_operation,False,excluded
-1,-1,1686,3367,5,supplementary_operation,1,[5],True,1414,5116564,5117977,1,True,11641.452,11655.752,11641.452,11655.752,14.3,0,0,1413,True,0.0101203113942,0.0016569882601,0.0099999999984,0.0500000000011,98.8111888112,3,"[0, 1, 2]",supplementary_operation,False,excluded
-1,-1,1687,3369,5,supplementary_operation,1,[5],True,751,5119319,5120069,1,True,11669.172,11676.672,11669.172,11676.672,7.5,0,0,750,True,0.01,0.0,0.0099999999984,0.0100000000002,100.0,3,"[0, 1, 2]",supplementary_operation,False,excluded
-1,-1,1688,3371,5,supplementary_operation,1,[5],True,1782,5121071,5122852,1,True,11686.692,11704.722,11686.692,11704.722,18.03,0,0,1781,True,0.0101235261089,0.00167097362845,0.0099999999984,0.0400000000009,98.7798114254,3,"[0, 1, 2]",supplementary_operation,False,excluded
-1,-1,1689,3373,5,supplementary_operation,1,[5],True,1860,5124135,5125994,1,True,11717.552,11736.142,11717.552,11736.142,18.59,0,0,1859,True,0.01,1.13467620043e-09,0.0099999999984,0.0100000000002,100.0,3,"[0, 1, 2]",supplementary_operation,False,excluded
-1,-1,1690,3375,5,supplementary_operation,1,[5],True,1851,5127253,5129103,1,True,11748.902,11767.482,11748.902,11767.482,18.58,0,0,1850,True,0.0100432432432,0.00108964178108,0.0099999999984,0.0400000000009,99.5694294941,2,"[1, 2]",supplementary_operation,False,excluded
-1,-1,1691,3377,5,supplementary_operation,1,[5],True,1855,5130437,5132291,1,True,11781.102,11799.682,11781.102,11799.682,18.58,0,0,1854,True,0.010021574973,0.000734104111347,0.0099999999984,0.0399999999991,99.784714747,3,"[0, 1, 2]",supplementary_operation,False,excluded
-1,-1,1692,3379,5,supplementary_operation,1,[5],True,1107,5133961,5135067,1,True,11816.382,11827.542,11816.382,11827.542,11.16,0,0,1106,True,0.0100904159132,0.00147030843004,0.0099999999984,0.0400000000009,99.1039426523,3,"[0, 1, 2]",supplementary_operation,False,excluded
-1,-1,1693,3381,5,supplementary_operation,1,[5],True,1799,5136301,5138099,1,True,11840.002,11858.172,11840.002,11858.172,18.17,0,0,1798,True,0.01010567297,0.00122086106662,0.0099999999984,0.0399999999991,98.9543203082,2,"[1, 2]",supplementary_operation,False,excluded
-1,-1,1694,3383,5,supplementary_operation,1,[5],True,1782,5139863,5141644,1,True,11876.002,11894.412,11876.002,11894.412,18.41,0,0,1781,True,0.010336889388,0.00224769722668,0.0099999999984,0.0500000000011,96.7409016839,2,"[1, 2]",supplementary_operation,False,excluded
-1,-1,1695,3385,5,supplementary_operation,1,[5],True,1783,5143139,5144921,1,True,11910.022,11928.382,11910.022,11928.382,18.36,0,0,1782,True,0.010303030303,0.00204280287028,0.0099999999984,0.0400000000009,97.0588235294,3,"[0, 1, 2]",supplementary_operation,False,excluded
-1,-1,1696,3387,5,supplementary_operation,1,[5],True,1832,5146496,5148327,1,True,11944.132,11962.742,11944.132,11962.742,18.61,0,0,1831,True,0.0101638448935,0.00139258521208,0.0099999999984,0.0300000000007,98.3879634605,3,"[0, 1, 2]",supplementary_operation,False,excluded
-1,-1,1697,3389,5,supplementary_operation,1,[5],True,1122,5150005,5151126,1,True,11979.642,11990.892,11979.642,11990.892,11.25,0,0,1121,True,0.0100356824264,0.000730727829286,0.0099999999984,0.0299999999988,99.6444444444,3,"[0, 1, 2]",supplementary_operation,False,excluded
-1,-1,1698,3391,5,supplementary_operation,1,[5],True,1808,5152905,5154712,1,True,12008.872,12027.282,12008.872,12027.282,18.41,0,0,1807,True,0.0101881571666,0.00181246171471,0.0099999999984,0.0400000000009,98.1531776209,2,"[1, 2]",supplementary_operation,False,excluded
-1,-1,1699,3393,5,supplementary_operation,1,[5],True,1856,5156267,5158122,1,True,12042.952,12061.612,12042.952,12061.612,18.66,0,0,1855,True,0.0100592991914,0.000897278631671,0.0099999999984,0.0300000000007,99.4105037513,2,"[1, 2]",supplementary_operation,False,excluded
-1,-1,1700,3395,5,supplementary_operation,1,[5],True,1815,5159702,5161516,1,True,12077.932,12096.472,12077.932,12096.472,18.54,0,0,1814,True,0.0102205071665,0.00180526565547,0.0099999999984,0.0400000000009,97.8425026969,2,"[1, 2]",supplementary_operation,False,excluded
-1,-1,1701,3397,5,supplementary_operation,1,[5],True,1838,5163040,5164877,1,True,12111.762,12130.172,12111.762,12130.172,18.41,0,0,1837,True,0.0100217746326,0.000466124651706,0.0099999999984,0.0200000000004,99.7827267789,3,"[0, 1, 2]",supplementary_operation,False,excluded
-1,-1,1702,3399,5,supplementary_operation,1,[5],True,1139,5166262,5167400,1,True,12144.032,12155.462,12144.032,12155.462,11.43,0,0,1138,True,0.0100439367311,0.00122144112476,0.0099999999984,0.0499999999993,99.5625546807,3,"[0, 1, 2]",supplementary_operation,False,excluded
-1,-1,1703,3401,5,supplementary_operation,1,[5],True,1785,5168490,5170274,1,True,12166.692,12184.982,12166.692,12184.982,18.29,0,0,1784,True,0.0102522421525,0.00203479968817,0.0099999999984,0.0400000000009,97.5396391471,3,"[0, 1, 2]",supplementary_operation,False,excluded
-1,-1,1704,3403,5,supplementary_operation,1,[5],True,1805,5171595,5173399,1,True,12198.662,12217.152,12198.662,12217.152,18.49,0,0,1804,True,0.0102494456763,0.00193974497229,0.0099999999984,0.0500000000011,97.5662520281,3,"[0, 1, 2]",supplementary_operation,False,excluded
-1,-1,1705,3405,5,supplementary_operation,1,[5],True,1827,5174734,5176560,1,True,12230.782,12249.162,12230.782,12249.162,18.38,0,0,1826,True,0.0100657174151,0.000873146263633,0.0099999999984,0.0300000000007,99.3471164309,3,"[0, 1, 2]",supplementary_operation,False,excluded
-1,-1,1706,3407,5,supplementary_operation,1,[5],True,1799,5177885,5179683,1,True,12262.752,12281.112,12262.752,12281.112,18.36,0,0,1798,True,0.0102113459399,0.00172007846763,0.0099999999984,0.0399999999991,97.9302832244,3,"[0, 1, 2]",supplementary_operation,False,excluded
-1,-1,1707,3409,5,supplementary_operation,1,[5],True,1126,5181006,5182131,1,True,12294.532,12305.872,12294.532,12305.872,11.34,0,0,1125,True,0.01008,0.000890842298091,0.0099999999984,0.0200000000004,99.2063492063,3,"[0, 1, 2]",supplementary_operation,False,excluded
-1,-1,1708,3411,5,supplementary_operation,1,[5],True,1774,5183121,5184894,1,True,12315.862,12334.042,12315.862,12334.042,18.18,0,0,1773,True,0.0102538071066,0.00217479106774,0.0099999999984,0.0400000000009,97.5247524752,3,"[0, 1, 2]",supplementary_operation,False,excluded
-1,-1,1709,3413,5,supplementary_operation,1,[5],True,1766,5186468,5188233,1,True,12349.902,12368.332,12349.902,12368.332,18.43,0,0,1765,True,0.0104419263456,0.00263505432645,0.0099999999984,0.0499999999993,95.7677699403,3,"[0, 1, 2]",supplementary_operation,False,excluded
-1,-1,1710,3415,5,supplementary_operation,1,[5],True,1421,5189865,5191285,1,True,12384.812,12399.092,12384.812,12399.092,14.28,0,0,1420,True,0.0100563380282,0.000837288109747,0.0099999999984,0.0300000000007,99.4397759104,3,"[0, 1, 2]",supplementary_operation,False,excluded
-1,-1,1711,3417,5,supplementary_operation,1,[5],True,1717,5192576,5194292,1,True,12412.112,12430.332,12412.112,12430.332,18.22,0,0,1716,True,0.0106177156177,0.0029903907336,0.0099999999984,0.0400000000009,94.1822173436,3,"[0, 1, 2]",supplementary_operation,False,excluded
-1,-1,1712,3419,5,supplementary_operation,1,[5],True,1123,5195790,5196912,1,True,12445.712,12456.962,12445.712,12456.962,11.25,0,0,1122,True,0.0100267379679,0.000516395933599,0.0099999999984,0.0200000000004,99.7333333333,3,"[0, 1, 2]",supplementary_operation,False,excluded
-1,-1,1713,3421,5,supplementary_operation,1,[5],True,1856,5198218,5200073,1,True,12470.232,12488.982,12470.232,12488.982,18.75,0,0,1855,True,0.0101078167116,0.00130898546293,0.0099999999984,0.0400000000009,98.9333333333,3,"[0, 1, 2]",supplementary_operation,False,excluded
-1,-1,1714,3423,5,supplementary_operation,1,[5],True,1841,5201600,5203440,1,True,12504.832,12523.892,12504.832,12523.892,19.06,0,0,1840,True,0.0103586956522,0.00205406025131,0.0099999999984,0.0300000000007,96.537250787,3,"[0, 1, 2]",supplementary_operation,False,excluded
-1,-1,1715,3425,5,supplementary_operation,1,[5],True,1785,5204780,5206564,1,True,12537.302,12555.842,12537.302,12555.842,18.54,0,0,1784,True,0.0103923766816,0.00245192981593,0.0099999999984,0.0400000000009,96.2243797195,3,"[0, 1, 2]",supplementary_operation,False,excluded
-1,-1,1716,3427,5,supplementary_operation,1,[5],True,1880,5207923,5209802,1,True,12569.472,12588.412,12569.472,12588.412,18.94,0,0,1879,True,0.0100798296966,0.00105415509893,0.0099999999984,0.0400000000009,99.2080253432,3,"[0, 1, 2]",supplementary_operation,False,excluded
-1,-1,1717,3429,5,supplementary_operation,1,[5],True,1074,5211175,5212248,1,True,12602.182,12613.402,12602.182,12613.402,11.22,0,0,1073,True,0.0104566635601,0.00256803689072,0.0099999999984,0.0400000000009,95.632798574,3,"[0, 1, 2]",supplementary_operation,False,excluded
-1,-1,1718,3431,5,supplementary_operation,1,[5],True,1809,5213553,5215361,1,True,696.604,714.684,696.604,714.684,18.08,0,0,1808,True,0.01,1.63396690595e-09,0.00999999999976,0.0100000000001,100.0,3,"[0, 1, 2]",supplementary_operation,False,excluded
-1,-1,1719,3433,5,supplementary_operation,1,[5],True,1590,5216820,5218409,1,True,729.284,745.174,729.284,745.174,15.89,0,0,1589,True,0.01,1.47255028606e-09,0.00999999999976,0.0100000000002,100.0,3,"[0, 1, 2]",supplementary_operation,False,excluded
-1,-1,1720,3435,5,supplementary_operation,1,[5],True,1567,5219684,5221250,1,True,757.924,773.604,757.924,773.604,15.68,0,0,1566,True,0.0100127713921,0.000357142565882,0.00999999999976,0.0200000000001,99.8724489796,3,"[0, 1, 2]",supplementary_operation,False,excluded
-1,-1,1721,3437,5,supplementary_operation,1,[5],True,1529,5222506,5224034,1,True,786.174,801.454,786.174,801.454,15.28,0,0,1528,True,0.01,1.439978005e-09,0.00999999999976,0.0100000000002,100.0,3,"[0, 1, 2]",supplementary_operation,False,excluded
-1,-1,1722,3439,5,supplementary_operation,1,[5],True,1497,5225310,5226806,1,True,814.214,829.174,814.214,829.174,14.96,0,0,1496,True,0.01,1.42579068359e-09,0.00999999999976,0.0100000000002,100.0,3,"[0, 1, 2]",supplementary_operation,False,excluded
-1,-1,1723,3441,5,supplementary_operation,1,[5],True,1460,5228116,5229575,1,True,842.274,856.864,842.274,856.864,14.59,0,0,1459,True,0.01,1.31193404896e-09,0.00999999999976,0.0100000000002,100.0,3,"[0, 1, 2]",supplementary_operation,False,excluded
-1,-1,1724,3443,5,supplementary_operation,1,[5],True,742,5231014,5231755,1,True,871.264,878.674,871.264,878.674,7.41,0,0,741,True,0.01,0.0,0.00999999999976,0.0100000000002,100.0,3,"[0, 1, 2]",supplementary_operation,False,excluded
-1,-1,1725,3445,5,supplementary_operation,1,[5],True,1440,5232855,5234294,1,True,889.674,904.064,889.674,904.064,14.39,0,0,1439,True,0.01,1.34256698595e-09,0.00999999999976,0.0100000000002,100.0,3,"[0, 1, 2]",supplementary_operation,False,excluded
-1,-1,1726,3447,5,supplementary_operation,1,[5],True,1457,5235758,5237214,1,True,918.704,933.264,918.704,933.264,14.56,0,0,1456,True,0.01,1.45402690358e-09,0.00999999999999,0.0100000000001,100.0,3,"[0, 1, 2]",supplementary_operation,False,excluded
-1,-1,1727,3449,5,supplementary_operation,1,[5],True,1438,5239064,5240501,1,True,951.764,966.134,951.764,966.134,14.37,0,0,1437,True,0.01,1.44467615127e-09,0.00999999999999,0.0100000000001,100.0,3,"[0, 1, 2]",supplementary_operation,False,excluded
-1,-1,1728,3451,5,supplementary_operation,1,[5],True,639,5242278,5242916,1,True,983.904,990.284,983.904,990.284,6.38,0,0,638,True,0.01,0.0,0.00999999999999,0.0100000000001,100.0,3,"[0, 1, 2]",supplementary_operation,False,excluded
-1,-1,1729,3453,5,supplementary_operation,1,[5],True,1328,5244330,5245657,1,True,1004.424,1017.694,1004.424,1017.694,13.27,0,0,1327,True,0.01,1.37251640234e-09,0.00999999999999,0.0100000000001,100.0,3,"[0, 1, 2]",supplementary_operation,False,excluded
-1,-1,1730,3455,5,supplementary_operation,1,[5],True,1723,5247411,5249133,1,True,1035.234,1052.454,1035.234,1052.454,17.22,0,0,1722,True,0.01,1.50891502816e-09,0.00999999999976,0.0100000000004,100.0,3,"[0, 1, 2]",supplementary_operation,False,excluded
-1,-1,1731,3457,5,supplementary_operation,1,[5],True,1715,5250898,5252612,1,True,1070.104,1087.244,1070.104,1087.244,17.14,0,0,1714,True,0.01,1.5044175069e-09,0.00999999999976,0.0100000000004,100.0,3,"[0, 1, 2]",supplementary_operation,False,excluded
-1,-1,1732,3459,5,supplementary_operation,1,[5],True,963,5254926,5255888,1,True,1110.664,1120.284,1110.664,1120.284,9.62,0,0,962,True,0.01,8.31371688813e-10,0.00999999999976,0.0100000000004,100.0,3,"[0, 1, 2]",supplementary_operation,False,excluded
-1,-1,1733,3461,5,supplementary_operation,1,[5],True,1592,5257304,5258895,1,True,1168.124,1184.034,1168.124,1184.034,15.91,0,0,1591,True,0.01,1.44935906841e-09,0.00999999999976,0.0100000000004,100.0,3,"[0, 1, 2]",supplementary_operation,False,excluded
-1,-1,1734,3463,5,supplementary_operation,1,[5],True,1643,5260596,5262238,1,True,1201.044,1217.464,1201.044,1217.464,16.42,0,0,1642,True,0.01,1.4771448379e-09,0.00999999999976,0.0100000000004,100.0,2,"[1, 2]",supplementary_operation,False,excluded
-1,-1,1735,3465,5,supplementary_operation,1,[5],True,917,5263953,5264869,1,True,1234.664,1243.824,1234.664,1243.824,9.16,0,0,916,True,0.01,7.1763224003e-10,0.00999999999976,0.0100000000004,100.0,3,"[0, 1, 2]",supplementary_operation,False,excluded
-1,-1,1736,3467,5,supplementary_operation,1,[5],True,1649,5266333,5267981,1,True,1258.464,1274.954,1258.464,1274.954,16.49,0,0,1648,True,0.0100060679612,0.000246257571457,0.00999999999976,0.02,99.9393571862,3,"[0, 1, 2]",supplementary_operation,False,excluded
-1,-1,1737,3469,5,supplementary_operation,1,[5],True,1589,5269728,5271316,1,True,1292.424,1308.314,1292.424,1308.314,15.89,0,0,1588,True,0.0100062972292,0.000250863781968,0.00999999999976,0.0200000000004,99.9370673379,3,"[0, 1, 2]",supplementary_operation,False,excluded
-1,-1,1738,3471,5,supplementary_operation,1,[5],True,1598,5273071,5274668,1,True,1325.874,1341.874,1325.874,1341.874,16.0,0,0,1597,True,0.0100187852223,0.000433011937872,0.00999999999976,0.02,99.8125,3,"[0, 1, 2]",supplementary_operation,False,excluded
-1,-1,1739,3473,5,supplementary_operation,1,[5],True,863,5276435,5277297,1,True,1359.544,1368.164,1359.544,1368.164,8.62,0,0,862,True,0.01,5.33482024325e-10,0.00999999999976,0.0100000000004,100.0,3,"[0, 1, 2]",supplementary_operation,False,excluded
-1,-1,1740,3475,5,supplementary_operation,1,[5],True,1565,5278734,5280298,1,True,1382.534,1398.194,1382.534,1398.194,15.66,0,0,1564,True,0.0100127877238,0.000357370552751,0.00999999999954,0.02,99.8722860792,3,"[0, 1, 2]",supplementary_operation,False,excluded
-1,-1,1741,3477,5,supplementary_operation,1,[5],True,1687,5282249,5283935,1,True,1417.724,1434.584,1417.724,1434.584,16.86,0,0,1686,True,0.01,1.3921247729e-09,0.00999999999954,0.0100000000007,100.0,3,"[0, 1, 2]",supplementary_operation,False,excluded
-1,-1,1742,3479,5,supplementary_operation,1,[5],True,1213,5285650,5286862,1,True,1451.734,1463.874,1451.734,1463.874,12.14,0,0,1212,True,0.0100165016502,0.00040588692661,0.00999999999954,0.02,99.8352553542,3,"[0, 1, 2]",supplementary_operation,False,excluded
-1,-1,1743,3481,5,supplementary_operation,1,[5],True,883,5288364,5289246,1,True,1478.894,1487.714,1478.894,1487.714,8.82,0,0,882,True,0.01,6.26915694114e-10,0.00999999999954,0.0100000000007,100.0,3,"[0, 1, 2]",supplementary_operation,False,excluded
-1,-1,1744,3483,5,supplementary_operation,1,[5],True,1594,5290810,5292403,1,True,1503.374,1519.304,1503.374,1519.304,15.93,0,0,1593,True,0.01,1.35762428279e-09,0.00999999999954,0.0100000000007,100.0,3,"[0, 1, 2]",supplementary_operation,False,excluded
-1,-1,1745,3485,5,supplementary_operation,1,[5],True,1530,5294155,5295684,1,True,1536.824,1552.114,1536.824,1552.114,15.29,0,0,1529,True,0.01,1.34256698595e-09,0.00999999999954,0.0100000000007,100.0,3,"[0, 1, 2]",supplementary_operation,False,excluded
-1,-1,1746,3487,5,supplementary_operation,1,[5],True,1487,5297429,5298915,1,True,1569.564,1584.424,1569.564,1584.424,14.86,0,0,1486,True,0.01,1.32733889052e-09,0.00999999999954,0.0100000000007,100.0,3,"[0, 1, 2]",supplementary_operation,False,excluded
-1,-1,1747,3489,5,supplementary_operation,1,[5],True,808,5300648,5301455,1,True,1601.754,1609.824,1601.754,1609.824,8.07,0,0,807,True,0.01,1.16415321827e-10,0.00999999999954,0.0100000000007,100.0,3,"[0, 1, 2]",supplementary_operation,False,excluded
-1,-1,1748,3491,5,supplementary_operation,1,[5],True,1527,5302768,5304294,1,True,1622.954,1638.214,1622.954,1638.214,15.26,0,0,1526,True,0.01,1.3375102185e-09,0.00999999999954,0.0100000000007,100.0,3,"[0, 1, 2]",supplementary_operation,False,excluded
-1,-1,1749,3493,5,supplementary_operation,1,[5],True,1567,5305663,5307229,1,True,1651.904,1667.564,1651.904,1667.564,15.66,0,0,1566,True,0.01,1.35762428279e-09,0.00999999999954,0.0100000000007,100.0,3,"[0, 1, 2]",supplementary_operation,False,excluded
-1,-1,1750,3495,5,supplementary_operation,1,[5],True,1486,5308503,5309988,1,True,1680.304,1695.154,1680.304,1695.154,14.85,0,0,1485,True,0.01,1.31193404896e-09,0.00999999999954,0.0100000000007,100.0,3,"[0, 1, 2]",supplementary_operation,False,excluded
-1,-1,1751,3497,5,supplementary_operation,1,[5],True,767,5311273,5312039,1,True,1708.004,1715.664,1708.004,1715.664,7.66,0,0,766,True,0.01,0.0,0.00999999999954,0.0100000000007,100.0,3,"[0, 1, 2]",supplementary_operation,False,excluded
-1,-1,1752,3499,5,supplementary_operation,1,[5],True,1436,5312972,5314407,1,True,1724.994,1739.344,1724.994,1739.344,14.35,0,0,1435,True,0.01,1.29110837663e-09,0.00999999999954,0.0100000000007,100.0,3,"[0, 1, 2]",supplementary_operation,False,excluded
-1,-1,1753,3501,5,supplementary_operation,1,[5],True,1406,5315638,5317043,1,True,1751.654,1765.704,1751.654,1765.704,14.05,0,0,1405,True,0.01,1.28584925751e-09,0.00999999999954,0.0100000000007,100.0,2,"[1, 2]",supplementary_operation,False,excluded
-1,-1,1754,3503,5,supplementary_operation,1,[5],True,1426,5318394,5319819,1,True,1779.214,1793.464,1779.214,1793.464,14.25,0,0,1425,True,0.01,1.29634616031e-09,0.00999999999954,0.0100000000007,100.0,3,"[0, 1, 2]",supplementary_operation,False,excluded
-1,-1,1755,3505,5,supplementary_operation,1,[5],True,688,5321202,5321889,1,True,1807.294,1814.164,1807.294,1814.164,6.87,0,0,687,True,0.01,0.0,0.00999999999999,0.0100000000002,100.0,3,"[0, 1, 2]",supplementary_operation,False,excluded
-1,-1,1756,3507,5,supplementary_operation,1,[5],True,1405,5323405,5324809,1,True,1829.324,1843.364,1829.324,1843.364,14.04,0,0,1404,True,0.01,1.33243426008e-09,0.00999999999999,0.0100000000002,100.0,2,"[1, 2]",supplementary_operation,False,excluded
-1,-1,1757,3509,5,supplementary_operation,1,[5],True,1342,5326590,5327931,1,True,1861.174,1874.584,1861.174,1874.584,13.41,0,0,1341,True,0.01,1.2805685401e-09,0.00999999999999,0.0100000000002,100.0,2,"[1, 2]",supplementary_operation,False,excluded
-1,-1,1758,3511,5,supplementary_operation,1,[5],True,1716,5329661,5331376,1,True,1891.884,1909.034,1891.884,1909.034,17.15,0,0,1715,True,0.01,1.5044175069e-09,0.00999999999999,0.0100000000002,100.0,3,"[0, 1, 2]",supplementary_operation,False,excluded
-1,-1,1759,3513,5,supplementary_operation,1,[5],True,960,5333098,5334057,1,True,1926.254,1935.854,1926.254,1935.854,9.6,0,0,959,True,0.0100104275287,0.000322748436717,0.00999999999999,0.02,99.8958333333,3,"[0, 1, 2]",supplementary_operation,False,excluded
-1,-1,1760,3515,5,supplementary_operation,1,[5],True,1657,5335488,5337144,1,True,1950.164,1966.724,1950.164,1966.724,16.56,0,0,1656,True,0.01,1.4771448379e-09,0.00999999999999,0.0100000000002,100.0,3,"[0, 1, 2]",supplementary_operation,False,excluded
-1,-1,1761,3517,5,supplementary_operation,1,[5],True,1630,5338973,5340602,1,True,1985.014,2001.304,1985.014,2001.304,16.29,0,0,1629,True,0.01,1.46331790485e-09,0.00999999999999,0.0100000000002,100.0,3,"[0, 1, 2]",supplementary_operation,False,excluded
-1,-1,1762,3519,5,supplementary_operation,1,[5],True,1714,5342346,5344059,1,True,2018.744,2035.874,2018.744,2035.874,17.13,0,0,1713,True,0.01,1.49990649972e-09,0.00999999999999,0.0100000000002,100.0,3,"[0, 1, 2]",supplementary_operation,False,excluded
-1,-1,1763,3521,5,supplementary_operation,1,[5],True,954,5345883,5346836,1,True,2054.114,2063.644,2054.114,2063.644,9.53,0,0,953,True,0.01,0.0,0.00999999999976,0.0100000000002,100.0,3,"[0, 1, 2]",supplementary_operation,False,excluded
-1,-1,1764,3523,5,supplementary_operation,1,[5],True,1678,5348214,5349891,1,True,2077.424,2094.194,2077.424,2094.194,16.77,0,0,1677,True,0.01,4.79992668333e-10,0.00999999999976,0.0100000000002,100.0,3,"[0, 1, 2]",supplementary_operation,False,excluded
-1,-1,1765,3525,5,supplementary_operation,1,[5],True,1678,5351622,5353299,1,True,2111.504,2128.274,2111.504,2128.274,16.77,0,0,1677,True,0.01,4.79992668333e-10,0.00999999999976,0.0100000000002,100.0,3,"[0, 1, 2]",supplementary_operation,False,excluded
-1,-1,1766,3527,5,supplementary_operation,1,[5],True,1605,5355019,5356623,1,True,2145.474,2161.514,2145.474,2161.514,16.04,0,0,1604,True,0.01,2.01637252184e-10,0.00999999999976,0.0100000000002,100.0,2,"[1, 2]",supplementary_operation,False,excluded
-1,-1,1767,3529,5,supplementary_operation,1,[5],True,877,5358382,5359258,1,True,2179.104,2187.864,2179.104,2187.864,8.76,0,0,876,True,0.01,0.0,0.00999999999976,0.0100000000002,100.0,3,"[0, 1, 2]",supplementary_operation,False,excluded
-1,-1,1768,3531,5,supplementary_operation,1,[5],True,1581,5360735,5362315,1,True,2202.634,2218.434,2202.634,2218.434,15.8,0,0,1580,True,0.01,0.0,0.00999999999976,0.0100000000002,100.0,2,"[1, 2]",supplementary_operation,False,excluded
-1,-1,1769,3533,5,supplementary_operation,1,[5],True,1594,5364074,5365667,1,True,2236.024,2251.954,2236.024,2251.954,15.93,0,0,1593,True,0.01,0.0,0.00999999999976,0.0100000000002,100.0,3,"[0, 1, 2]",supplementary_operation,False,excluded
-1,-1,1770,3535,5,supplementary_operation,1,[5],True,1449,5367423,5368871,1,True,2269.524,2284.004,2269.524,2284.004,14.48,0,0,1448,True,0.01,0.0,0.00999999999976,0.0100000000002,100.0,3,"[0, 1, 2]",supplementary_operation,False,excluded
-1,-1,1771,3537,5,supplementary_operation,1,[5],True,778,5370629,5371406,1,True,2301.594,2309.374,2301.594,2309.374,7.78,0,0,777,True,0.0100128700129,0.000358517072771,0.00999999999976,0.02,99.8714652956,3,"[0, 1, 2]",supplementary_operation,False,excluded
-1,-1,1772,3539,5,supplementary_operation,1,[5],True,1505,5372822,5374326,1,True,2323.544,2338.594,2323.544,2338.594,15.05,0,0,1504,True,0.0100066489362,0.000257769574134,0.00999999999976,0.02,99.9335548173,3,"[0, 1, 2]",supplementary_operation,False,excluded
-1,-1,1773,3541,5,supplementary_operation,1,[5],True,1496,5376154,5377649,1,True,2356.894,2371.854,2356.894,2371.854,14.96,0,0,1495,True,0.0100066889632,0.000258543787157,0.00999999999976,0.02,99.9331550802,3,"[0, 1, 2]",supplementary_operation,False,excluded
-1,-1,1774,3543,5,supplementary_operation,1,[5],True,1479,5378954,5380432,1,True,2384.914,2399.694,2384.914,2399.694,14.78,0,0,1478,True,0.01,0.0,0.00999999999976,0.0100000000002,100.0,3,"[0, 1, 2]",supplementary_operation,False,excluded
-1,-1,1775,3545,5,supplementary_operation,1,[5],True,756,5381651,5382406,1,True,2411.884,2419.434,2411.884,2419.434,7.55,0,0,755,True,0.01,0.0,0.00999999999976,0.0100000000002,100.0,3,"[0, 1, 2]",supplementary_operation,False,excluded
-1,-1,1776,3547,5,supplementary_operation,1,[5],True,1415,5383513,5384927,1,True,2430.504,2444.664,2430.504,2444.664,14.16,0,0,1414,True,0.0100141442716,0.000375822638063,0.00999999999976,0.02,99.8587570621,3,"[0, 1, 2]",supplementary_operation,False,excluded
-1,-1,1777,3549,5,supplementary_operation,1,[5],True,1426,5386422,5387847,1,True,2459.624,2473.874,2459.624,2473.874,14.25,0,0,1425,True,0.01,0.0,0.00999999999976,0.0100000000002,100.0,3,"[0, 1, 2]",supplementary_operation,False,excluded
-1,-1,1778,3551,5,supplementary_operation,1,[5],True,1397,5389226,5390622,1,True,2487.664,2501.634,2487.664,2501.634,13.97,0,0,1396,True,0.0100071633238,0.000267547985629,0.00999999999976,0.02,99.9284180387,3,"[0, 1, 2]",supplementary_operation,False,excluded
-1,-1,1779,3553,5,supplementary_operation,1,[5],True,674,5392272,5392945,1,True,2518.154,2524.894,2518.154,2524.894,6.74,0,0,673,True,0.010014858841,0.000385185182668,0.00999999999976,0.02,99.8516320475,3,"[0, 1, 2]",supplementary_operation,False,excluded
-1,-1,1780,3555,5,supplementary_operation,1,[5],True,1369,5394379,5395747,1,True,2539.254,2552.934,2539.254,2552.934,13.68,0,0,1368,True,0.01,0.0,0.00999999999976,0.0100000000002,100.0,3,"[0, 1, 2]",supplementary_operation,False,excluded
-1,-1,1781,3557,5,supplementary_operation,1,[5],True,1708,5397466,5399173,1,True,2570.134,2587.224,2570.134,2587.224,17.09,0,0,1707,True,0.0100117164616,0.000342092590994,0.00999999999976,0.02,99.8829724985,2,"[1, 2]",supplementary_operation,False,excluded
-1,-1,1782,3559,5,supplementary_operation,1,[5],True,1684,5400852,5402535,1,True,2604.014,2620.844,2604.014,2620.844,16.83,0,0,1683,True,0.01,5.07442623323e-10,0.00999999999976,0.0100000000002,100.0,3,"[0, 1, 2]",supplementary_operation,False,excluded
-1,-1,1783,3561,5,supplementary_operation,1,[5],True,963,5404405,5405367,1,True,2639.554,2649.174,2639.554,2649.174,9.62,0,0,962,True,0.01,6.04911756551e-10,0.00999999999931,0.0100000000007,100.0,3,"[0, 1, 2]",supplementary_operation,False,excluded
-1,-1,1784,3563,5,supplementary_operation,1,[5],True,1681,5406752,5408432,1,True,2663.034,2679.834,2663.034,2679.834,16.8,0,0,1680,True,0.01,0.0,0.00999999999931,0.0100000000007,100.0,3,"[0, 1, 2]",supplementary_operation,False,excluded
-1,-1,1785,3565,5,supplementary_operation,1,[5],True,1661,5410262,5411922,1,True,2698.144,2714.744,2698.144,2714.744,16.6,0,0,1660,True,0.01,0.0,0.00999999999931,0.0100000000007,100.0,3,"[0, 1, 2]",supplementary_operation,False,excluded
-1,-1,1786,3567,5,supplementary_operation,1,[5],True,1633,5413618,5415250,1,True,2731.704,2748.024,2731.704,2748.024,16.32,0,0,1632,True,0.01,0.0,0.00999999999931,0.0100000000007,100.0,3,"[0, 1, 2]",supplementary_operation,False,excluded
-1,-1,1787,3569,5,supplementary_operation,1,[5],True,929,5416972,5417900,1,True,2765.254,2774.534,2765.254,2774.534,9.28,0,0,928,True,0.01,5.70316273436e-10,0.00999999999931,0.0100000000007,100.0,3,"[0, 1, 2]",supplementary_operation,False,excluded
-1,-1,1788,3571,5,supplementary_operation,1,[5],True,1247,5419426,5420672,1,True,2789.804,2802.264,2789.804,2802.264,12.46,0,0,1246,True,0.01,8.94203054238e-10,0.00999999999931,0.0100000000007,100.0,3,"[0, 1, 2]",supplementary_operation,False,excluded
-1,-1,1789,3573,5,supplementary_operation,1,[5],True,1644,5422160,5423803,1,True,2817.144,2833.574,2817.144,2833.574,16.43,0,0,1643,True,0.01,0.0,0.00999999999931,0.0100000000007,100.0,3,"[0, 1, 2]",supplementary_operation,False,excluded
-1,-1,1790,3575,5,supplementary_operation,1,[5],True,2200,5425535,5427734,1,True,2850.894,3134.273,2850.894,3134.273,283.379,0,0,2199,True,0.128867212369,5.5726183349,0.00999999999931,261.389,7.75992575314,3,"[0, 1, 2]",supplementary_operation,False,excluded
-1,-1,1791,3577,5,supplementary_operation,1,[5],True,756,5429480,5430235,1,True,3151.733,3159.283,3151.733,3159.283,7.55,0,0,755,True,0.01,0.0,0.00999999999976,0.0100000000002,100.0,3,"[0, 1, 2]",supplementary_operation,False,excluded
-1,-1,1792,3579,5,supplementary_operation,1,[5],True,1512,5431711,5433222,1,True,3174.043,3189.153,3174.043,3189.153,15.11,0,0,1511,True,0.01,0.0,0.00999999999976,0.0100000000002,100.0,3,"[0, 1, 2]",supplementary_operation,False,excluded
-1,-1,1793,3581,5,supplementary_operation,1,[5],True,1435,5434987,5436421,1,True,3206.813,3221.153,3206.813,3221.153,14.34,0,0,1434,True,0.01,0.0,0.00999999999976,0.0100000000002,100.0,2,"[1, 2]",supplementary_operation,False,excluded
-1,-1,1794,3583,5,supplementary_operation,1,[5],True,1420,5438151,5439570,1,True,3238.453,3252.643,3238.453,3252.643,14.19,0,0,1419,True,0.01,0.0,0.00999999999976,0.0100000000002,100.0,3,"[0, 1, 2]",supplementary_operation,False,excluded
-1,-1,1795,3585,5,supplementary_operation,1,[5],True,715,5441274,5441988,1,True,3269.683,3276.823,3269.683,3276.823,7.14,0,0,714,True,0.01,0.0,0.00999999999976,0.0100000000002,100.0,3,"[0, 1, 2]",supplementary_operation,False,excluded
-1,-1,1796,3587,5,supplementary_operation,1,[5],True,1353,5443391,5444743,1,True,3290.853,3304.373,3290.853,3304.373,13.52,0,0,1352,True,0.01,0.0,0.00999999999976,0.0100000000002,100.0,3,"[0, 1, 2]",supplementary_operation,False,excluded
-1,-1,1797,3589,5,supplementary_operation,1,[5],True,1394,5446447,5447840,1,True,3321.413,3335.343,3321.413,3335.343,13.93,0,0,1393,True,0.01,0.0,0.00999999999976,0.0100000000002,100.0,3,"[0, 1, 2]",supplementary_operation,False,excluded
-1,-1,1798,3591,5,supplementary_operation,1,[5],True,1672,5449587,5451258,1,True,3352.813,3369.523,3352.813,3369.523,16.71,0,0,1671,True,0.01,4.65661287308e-10,0.00999999999976,0.0100000000002,100.0,3,"[0, 1, 2]",supplementary_operation,False,excluded
-1,-1,1799,3593,5,supplementary_operation,1,[5],True,959,5453057,5454015,1,True,3387.513,3397.093,3387.513,3397.093,9.58,0,0,958,True,0.01,0.0,0.00999999999976,0.0100000000002,100.0,3,"[0, 1, 2]",supplementary_operation,False,excluded
-1,-1,1800,3595,5,supplementary_operation,1,[5],True,1674,5455429,5457102,1,True,3411.233,3427.963,3411.233,3427.963,16.73,0,0,1673,True,0.01,4.93908380987e-10,0.00999999999976,0.0100000000002,100.0,3,"[0, 1, 2]",supplementary_operation,False,excluded
-1,-1,1801,3597,5,supplementary_operation,1,[5],True,1687,5458822,5460508,1,True,3445.163,3462.023,3445.163,3462.023,16.86,0,0,1686,True,0.01,5.07442623323e-10,0.00999999999976,0.0100000000002,100.0,3,"[0, 1, 2]",supplementary_operation,False,excluded
-1,-1,1802,3599,5,supplementary_operation,1,[5],True,1648,5462331,5463978,1,True,3480.253,3496.723,3480.253,3496.723,16.47,0,0,1647,True,0.01,4.03274504367e-10,0.00999999999976,0.0100000000002,100.0,3,"[0, 1, 2]",supplementary_operation,False,excluded
-1,-1,1803,3601,5,supplementary_operation,1,[5],True,901,5465715,5466615,1,True,3514.093,3523.093,3514.093,3523.093,9.0,0,0,900,True,0.01,0.0,0.00999999999976,0.0100000000002,100.0,3,"[0, 1, 2]",supplementary_operation,False,excluded
-1,-1,1804,3603,5,supplementary_operation,1,[5],True,1448,5468080,5469527,1,True,3537.743,3552.213,3537.743,3552.213,14.47,0,0,1447,True,0.01,0.0,0.00999999999976,0.0100000000002,100.0,3,"[0, 1, 2]",supplementary_operation,False,excluded
-1,-1,1805,3605,5,supplementary_operation,1,[5],True,1482,5471254,5472735,1,True,3569.483,3584.293,3569.483,3584.293,14.81,0,0,1481,True,0.01,0.0,0.00999999999976,0.0100000000002,100.0,2,"[1, 2]",supplementary_operation,False,excluded
-1,-1,1806,3607,5,supplementary_operation,1,[5],True,1413,5474453,5475865,1,True,3601.473,3615.593,3601.473,3615.593,14.12,0,0,1412,True,0.01,0.0,0.00999999999976,0.0100000000002,100.0,3,"[0, 1, 2]",supplementary_operation,False,excluded
-1,-1,1807,3609,5,supplementary_operation,1,[5],True,962,5477602,5478563,1,True,3632.963,3642.573,3632.963,3642.573,9.61,0,0,961,True,0.01,0.0,0.00999999999976,0.0100000000002,100.0,3,"[0, 1, 2]",supplementary_operation,False,excluded
-1,-1,1808,3611,5,supplementary_operation,1,[5],True,1652,5480025,5481676,1,True,16945.92,16962.49,16945.92,16962.49,16.57,0,0,1651,True,0.0100363416111,0.000601743632032,0.0099999999984,0.0200000000004,99.637899819,3,"[0, 1, 2]",supplementary_operation,False,excluded
-1,-1,1809,3613,5,supplementary_operation,1,[5],True,1545,5483049,5484593,1,True,16976.22,16991.66,16976.22,16991.66,15.44,0,0,1544,True,0.01,4.50874602679e-10,0.0099999999984,0.010000000002,100.0,3,"[0, 1, 2]",supplementary_operation,False,excluded
-1,-1,1810,3615,5,supplementary_operation,1,[5],True,1521,5485778,5487298,1,True,17003.51,17018.72,17003.51,17018.72,15.21,0,0,1520,True,0.0100065789474,0.000256410200838,0.0099999999984,0.0199999999968,99.9342537804,3,"[0, 1, 2]",supplementary_operation,False,excluded
-1,-1,1811,3617,5,supplementary_operation,1,[5],True,1445,5488598,5490042,1,True,17031.72,17046.16,17031.72,17046.16,14.44,0,0,1444,True,0.01,7.36275143029e-10,0.0099999999984,0.010000000002,100.0,3,"[0, 1, 2]",supplementary_operation,False,excluded
-1,-1,1812,3619,5,supplementary_operation,1,[5],True,1411,5491424,5492834,1,True,17059.98,17074.08,17059.98,17074.08,14.1,0,0,1410,True,0.01,8.06549008735e-10,0.0099999999984,0.010000000002,100.0,2,"[1, 2]",supplementary_operation,False,excluded
-1,-1,1813,3621,5,supplementary_operation,1,[5],True,1367,5494519,5495885,1,True,17090.93,17104.59,17090.93,17104.59,13.66,0,0,1366,True,0.01,9.09232729569e-10,0.0099999999984,0.010000000002,100.0,3,"[0, 1, 2]",supplementary_operation,False,excluded
-1,-1,1814,3623,5,supplementary_operation,1,[5],True,1691,5497701,5499391,1,True,17122.75,17139.65,17122.75,17139.65,16.9,0,0,1690,True,0.01,0.0,0.0099999999984,0.010000000002,100.0,3,"[0, 1, 2]",supplementary_operation,False,excluded
-1,-1,1815,3625,5,supplementary_operation,1,[5],True,1673,5501079,5502751,1,True,17156.53,17173.25,17156.53,17173.25,16.72,0,0,1672,True,0.01,0.0,0.0099999999984,0.010000000002,100.0,3,"[0, 1, 2]",supplementary_operation,False,excluded
-1,-1,1816,3627,5,supplementary_operation,1,[5],True,1606,5504457,5506062,1,True,17190.31,17206.36,17190.31,17206.36,16.05,0,0,1605,True,0.01,2.01637252184e-10,0.0099999999984,0.010000000002,100.0,3,"[0, 1, 2]",supplementary_operation,False,excluded
-1,-1,1817,3629,5,supplementary_operation,1,[5],True,1614,5507781,5509394,1,True,17223.55,17239.68,17223.55,17239.68,16.13,0,0,1613,True,0.01,1.16415321827e-10,0.0099999999984,0.010000000002,100.0,2,"[1, 2]",supplementary_operation,False,excluded
-1,-1,1818,3631,5,supplementary_operation,1,[5],True,1604,5511141,5512744,1,True,17257.15,17273.18,17257.15,17273.18,16.03,0,0,1603,True,0.01,1.64636126996e-10,0.0099999999984,0.010000000002,100.0,3,"[0, 1, 2]",supplementary_operation,False,excluded
-1,-1,1819,3633,5,supplementary_operation,1,[5],True,1579,5514490,5516068,1,True,17290.64,17306.42,17290.64,17306.42,15.78,0,0,1578,True,0.01,3.29272253991e-10,0.0099999999984,0.010000000002,100.0,3,"[0, 1, 2]",supplementary_operation,False,excluded
-1,-1,1820,3635,5,supplementary_operation,1,[5],True,1606,5517824,5519429,1,True,17323.98,17340.03,17323.98,17340.03,16.05,0,0,1605,True,0.01,1.64636126996e-10,0.0099999999984,0.010000000002,100.0,3,"[0, 1, 2]",supplementary_operation,False,excluded
-1,-1,1821,3637,5,supplementary_operation,1,[5],True,1605,5521161,5522765,1,True,17357.35,17373.39,17357.35,17373.39,16.04,0,0,1604,True,0.01,1.64636126996e-10,0.0099999999984,0.010000000002,100.0,2,"[1, 2]",supplementary_operation,False,excluded
-1,-1,1822,3639,5,supplementary_operation,1,[5],True,1473,5524439,5525911,1,True,17390.13,17404.85,17390.13,17404.85,14.72,0,0,1472,True,0.01,6.68755109252e-10,0.0099999999984,0.010000000002,100.0,3,"[0, 1, 2]",supplementary_operation,False,excluded
-1,-1,1823,3641,5,supplementary_operation,1,[5],True,1494,5527642,5529135,1,True,17422.16,17437.09,17422.16,17437.09,14.93,0,0,1493,True,0.01,6.16011980703e-10,0.0099999999984,0.010000000002,100.0,3,"[0, 1, 2]",supplementary_operation,False,excluded
-1,-1,1824,3643,5,supplementary_operation,1,[5],True,1559,5530454,5532012,1,True,17450.28,17465.86,17450.28,17465.86,15.58,0,0,1558,True,0.01,4.03274504367e-10,0.0099999999984,0.010000000002,100.0,2,"[1, 2]",supplementary_operation,False,excluded
-1,-1,1825,3645,5,supplementary_operation,1,[5],True,1484,5533269,5534752,1,True,17478.43,17493.26,17478.43,17493.26,14.83,0,0,1483,True,0.01,6.26915694114e-10,0.0099999999984,0.010000000002,100.0,3,"[0, 1, 2]",supplementary_operation,False,excluded
-1,-1,1826,3647,5,supplementary_operation,1,[5],True,1400,5535980,5537379,1,True,17505.54,17519.53,17505.54,17519.53,13.99,0,0,1399,True,0.01,8.39482824193e-10,0.0099999999984,0.010000000002,100.0,3,"[0, 1, 2]",supplementary_operation,False,excluded
-1,-1,1827,3649,5,supplementary_operation,1,[5],True,1411,5538667,5540077,1,True,17532.41,17546.51,17532.41,17546.51,14.1,0,0,1410,True,0.01,8.06549008735e-10,0.0099999999984,0.010000000002,100.0,2,"[1, 2]",supplementary_operation,False,excluded
-1,-1,1828,3651,5,supplementary_operation,1,[5],True,1341,5541786,5543126,1,True,17563.6,17577.0,17563.6,17577.0,13.4,0,0,1340,True,0.01,9.4576254541e-10,0.0099999999984,0.010000000002,100.0,3,"[0, 1, 2]",supplementary_operation,False,excluded
-1,-1,1829,3653,5,supplementary_operation,1,[5],True,1703,5544856,5546558,1,True,17594.3,17611.32,17594.3,17611.32,17.02,0,0,1702,True,0.01,0.0,0.0099999999984,0.010000000002,100.0,3,"[0, 1, 2]",supplementary_operation,False,excluded
-1,-1,1830,3655,5,supplementary_operation,1,[5],True,1646,5548370,5550015,1,True,17629.44,17645.89,17629.44,17645.89,16.45,0,0,1645,True,0.01,0.0,0.0099999999984,0.010000000002,100.0,3,"[0, 1, 2]",supplementary_operation,False,excluded
-1,-1,1831,3657,5,supplementary_operation,1,[5],True,1687,5551839,5553525,1,True,17664.13,17680.99,17664.13,17680.99,16.86,0,0,1686,True,0.01,0.0,0.0099999999984,0.010000000002,100.0,3,"[0, 1, 2]",supplementary_operation,False,excluded
-1,-1,1832,3659,5,supplementary_operation,1,[5],True,1637,5555218,5556854,1,True,17697.92,17714.28,17697.92,17714.28,16.36,0,0,1636,True,0.01,3.86105942348e-10,0.00999999999476,0.0100000000057,100.0,3,"[0, 1, 2]",supplementary_operation,False,excluded
-1,-1,1833,3661,5,supplementary_operation,1,[5],True,1664,5558586,5560249,1,True,17731.6,17748.23,17731.6,17748.23,16.63,0,0,1663,True,0.01,3.29272253991e-10,0.00999999999476,0.0100000000057,100.0,3,"[0, 1, 2]",supplementary_operation,False,excluded
-1,-1,1834,3663,5,supplementary_operation,1,[5],True,1606,5561979,5563584,1,True,17765.53,17781.58,17765.53,17781.58,16.05,0,0,1605,True,0.01,4.65661287308e-10,0.00999999999476,0.0100000000057,100.0,3,"[0, 1, 2]",supplementary_operation,False,excluded
-1,-1,1835,3665,5,supplementary_operation,1,[5],True,1557,5565348,5566904,1,True,17799.22,17814.78,17799.22,17814.78,15.56,0,0,1556,True,0.01,5.82076609135e-10,0.00999999999476,0.0100000000057,100.0,3,"[0, 1, 2]",supplementary_operation,False,excluded
-1,-1,1836,3667,5,supplementary_operation,1,[5],True,1494,5568619,5570112,1,True,17831.93,17846.86,17831.93,17846.86,14.93,0,0,1493,True,0.01,6.98491930962e-10,0.00999999999476,0.0100000000057,100.0,3,"[0, 1, 2]",supplementary_operation,False,excluded
-1,-1,1837,3669,5,supplementary_operation,1,[5],True,1487,5571383,5572869,1,True,17859.57,17874.43,17859.57,17874.43,14.86,0,0,1486,True,0.01,7.08126757561e-10,0.00999999999476,0.0100000000057,100.0,3,"[0, 1, 2]",supplementary_operation,False,excluded
-1,-1,1838,3671,5,supplementary_operation,1,[5],True,1391,5574090,5575480,1,True,17886.64,17900.54,17886.64,17900.54,13.9,0,0,1390,True,0.01,8.71172497695e-10,0.00999999999476,0.0100000000057,100.0,3,"[0, 1, 2]",supplementary_operation,False,excluded
-1,-1,1839,3673,5,supplementary_operation,1,[5],True,1421,5576979,5578399,1,True,17915.53,17929.73,17915.53,17929.73,14.2,0,0,1420,True,0.01,8.39482824193e-10,0.00999999999476,0.0100000000057,100.0,2,"[1, 2]",supplementary_operation,False,excluded
-1,-1,1840,3675,5,supplementary_operation,1,[5],True,1716,5580101,5581816,1,True,17946.75,17963.9,17946.75,17963.9,17.15,0,0,1715,True,0.01,1.64636126996e-10,0.00999999999476,0.0100000000057,100.0,3,"[0, 1, 2]",supplementary_operation,False,excluded
-1,-1,1841,3677,5,supplementary_operation,1,[5],True,1714,5583521,5585234,1,True,17980.95,17998.08,17980.95,17998.08,17.13,0,0,1713,True,0.01,1.64636126996e-10,0.00999999999476,0.0100000000057,100.0,3,"[0, 1, 2]",supplementary_operation,False,excluded
-1,-1,1842,3679,5,supplementary_operation,1,[5],True,1698,5587447,5589144,1,True,18020.21,18037.18,18020.21,18037.18,16.97,0,0,1697,True,0.01,0.0,0.0099999999984,0.010000000002,100.0,2,"[1, 2]",supplementary_operation,False,excluded
-1,-1,1843,3681,5,supplementary_operation,1,[5],True,1645,5590956,5592600,1,True,18055.3,18071.74,18055.3,18071.74,16.44,0,0,1644,True,0.01,0.0,0.0099999999984,0.010000000002,100.0,3,"[0, 1, 2]",supplementary_operation,False,excluded
-1,-1,1844,3683,5,supplementary_operation,1,[5],True,1605,5594318,5595922,1,True,18088.92,18104.96,18088.92,18104.96,16.04,0,0,1604,True,0.01,1.64636126996e-10,0.0099999999984,0.010000000002,100.0,3,"[0, 1, 2]",supplementary_operation,False,excluded
-1,-1,1845,3685,5,supplementary_operation,1,[5],True,1460,5597746,5599205,1,True,18123.2,18137.79,18123.2,18137.79,14.59,0,0,1459,True,0.01,6.98491930962e-10,0.0099999999984,0.010000000002,100.0,3,"[0, 1, 2]",supplementary_operation,False,excluded
-1,-1,1846,3687,5,supplementary_operation,1,[5],True,1449,5600946,5602394,1,True,18155.2,18169.68,18155.2,18169.68,14.48,0,0,1448,True,0.01,7.1763224003e-10,0.0099999999984,0.010000000002,100.0,3,"[0, 1, 2]",supplementary_operation,False,excluded
-1,-1,1847,3689,5,supplementary_operation,1,[5],True,1400,5604172,5605571,1,True,18187.46,18201.45,18187.46,18201.45,13.99,0,0,1399,True,0.01,8.39482824193e-10,0.0099999999984,0.010000000002,100.0,3,"[0, 1, 2]",supplementary_operation,False,excluded
-1,-1,1848,3691,5,supplementary_operation,1,[5],True,1409,5607304,5608712,1,True,18218.78,18232.86,18218.78,18232.86,14.08,0,0,1408,True,0.01,8.06549008735e-10,0.0099999999984,0.010000000002,100.0,3,"[0, 1, 2]",supplementary_operation,False,excluded
-1,-1,1849,3693,5,supplementary_operation,1,[5],True,1667,5610407,5612073,1,True,18249.81,18266.47,18249.81,18266.47,16.66,0,0,1666,True,0.01,0.0,0.0099999999984,0.010000000002,100.0,3,"[0, 1, 2]",supplementary_operation,False,excluded
-1,-1,1850,3695,5,supplementary_operation,1,[5],True,1675,5613867,5615541,1,True,18284.41,18301.15,18284.41,18301.15,16.74,0,0,1674,True,0.01,0.0,0.0099999999984,0.010000000002,100.0,3,"[0, 1, 2]",supplementary_operation,False,excluded
-1,-1,1851,3697,5,supplementary_operation,1,[5],True,1666,5617358,5619023,1,True,18319.32,18335.97,18319.32,18335.97,16.65,0,0,1665,True,0.01,0.0,0.0099999999984,0.010000000002,100.0,3,"[0, 1, 2]",supplementary_operation,False,excluded
-1,-1,1852,3699,5,supplementary_operation,1,[5],True,1446,5620739,5622184,1,True,18353.13,18367.58,18353.13,18367.58,14.45,0,0,1445,True,0.01,7.27013451792e-10,0.0099999999984,0.010000000002,100.0,3,"[0, 1, 2]",supplementary_operation,False,excluded
-1,-1,1853,3701,5,supplementary_operation,1,[5],True,1653,5623889,5625541,1,True,18384.63,1912.568,1896.288,18419.78,16523.492,1,0,1651,False,0.0311508176862,0.859150275863,0.0099999999984,34.93,32.1018860587,3,"[0, 1, 2]",nonmonotonic_timestamps;supplementary_operation,False,excluded
-1,-1,1854,3703,5,supplementary_operation,1,[5],True,1346,5626997,5628342,1,True,1927.128,1940.578,1927.128,1940.578,13.45,0,0,1345,True,0.01,1.28584925751e-09,0.00999999999999,0.0100000000002,100.0,3,"[0, 1, 2]",supplementary_operation,False,excluded
-1,-1,1855,3705,5,supplementary_operation,1,[5],True,1311,5629779,5631089,1,True,1954.958,1968.058,1954.958,1968.058,13.1,0,0,1310,True,0.01,1.2484152446e-09,0.00999999999999,0.0100000000002,100.0,3,"[0, 1, 2]",supplementary_operation,False,excluded
-1,-1,1856,3707,5,supplementary_operation,1,[5],True,1320,5632557,5633876,1,True,1982.738,1995.928,1982.738,1995.928,13.19,0,0,1319,True,0.01,1.25922423629e-09,0.00999999999999,0.0100000000002,100.0,3,"[0, 1, 2]",supplementary_operation,False,excluded
-1,-1,1857,3709,5,supplementary_operation,1,[5],True,1370,5635349,5636718,1,True,2010.658,2024.348,2010.658,2024.348,13.69,0,0,1369,True,0.01,1.29634616031e-09,0.00999999999999,0.0100000000002,100.0,3,"[0, 1, 2]",supplementary_operation,False,excluded
-1,-1,1858,3711,5,supplementary_operation,1,[5],True,1479,5638118,5639596,1,True,2038.348,2053.138,2038.348,2053.138,14.79,0,0,1478,True,0.0100067658999,0.00026002542423,0.00999999999976,0.02,99.9323867478,3,"[0, 1, 2]",supplementary_operation,False,excluded
-1,-1,1859,3713,5,supplementary_operation,1,[5],True,1470,5640940,5642409,1,True,2066.598,2081.288,2066.598,2081.288,14.69,0,0,1469,True,0.01,0.0,0.00999999999976,0.0100000000002,100.0,3,"[0, 1, 2]",supplementary_operation,False,excluded
-1,-1,1860,3715,5,supplementary_operation,1,[5],True,1506,5643741,5645246,1,True,2094.608,2109.658,2094.608,2109.658,15.05,0,0,1505,True,0.01,0.0,0.00999999999976,0.0100000000002,100.0,3,"[0, 1, 2]",supplementary_operation,False,excluded
-1,-1,1861,3717,5,supplementary_operation,1,[5],True,1863,5646585,5648447,1,True,2123.048,2141.668,2123.048,2141.668,18.62,0,0,1862,True,0.01,8.14907252789e-10,0.00999999999976,0.0100000000002,100.0,3,"[0, 1, 2]",supplementary_operation,False,excluded
-1,-1,1862,3719,5,supplementary_operation,1,[5],True,1846,5649787,5651632,1,True,2155.068,2173.518,2155.068,2173.518,18.45,0,0,1845,True,0.01,7.9810323664e-10,0.00999999999976,0.0100000000002,100.0,3,"[0, 1, 2]",supplementary_operation,False,excluded
-1,-1,1863,3721,5,supplementary_operation,1,[5],True,1830,5653081,5654910,1,True,2188.008,2206.298,2188.008,2206.298,18.29,0,0,1829,True,0.01,7.80937719683e-10,0.00999999999976,0.0100000000002,100.0,3,"[0, 1, 2]",supplementary_operation,False,excluded
-1,-1,1864,3723,5,supplementary_operation,1,[5],True,1402,5656163,5657564,1,True,2218.828,2232.838,2218.828,2232.838,14.01,0,0,1401,True,0.01,0.0,0.00999999999976,0.0100000000002,100.0,3,"[0, 1, 2]",supplementary_operation,False,excluded
-1,-1,1865,3725,5,supplementary_operation,1,[5],True,1855,5658479,5660333,1,True,2241.988,2260.598,2241.988,2260.598,18.61,0,0,1854,True,0.0100377562028,0.000613299679762,0.00999999999976,0.02,99.6238581408,2,"[1, 2]",supplementary_operation,False,excluded
-1,-1,1866,3727,5,supplementary_operation,1,[5],True,1833,5662011,5663843,1,True,2277.378,2295.698,2277.378,2295.698,18.32,0,0,1832,True,0.01,7.80937719683e-10,0.00999999999976,0.0100000000002,100.0,3,"[0, 1, 2]",supplementary_operation,False,excluded
-1,-1,1867,3729,5,supplementary_operation,1,[5],True,1827,5665484,5667310,1,True,2312.118,2330.378,2312.118,2330.378,18.26,0,0,1826,True,0.01,7.72211884697e-10,0.00999999999976,0.0100000000002,100.0,3,"[0, 1, 2]",supplementary_operation,False,excluded
-1,-1,1868,3731,5,supplementary_operation,1,[5],True,1835,5668879,5670713,1,True,2346.068,2364.408,2346.068,2364.408,18.34,0,0,1834,True,0.01,7.72211884697e-10,0.00999999999976,0.0100000000002,100.0,3,"[0, 1, 2]",supplementary_operation,False,excluded
-1,-1,1869,3733,5,supplementary_operation,1,[5],True,1795,5672275,5674069,1,True,2380.028,2397.978,2380.028,2397.978,17.95,0,0,1794,True,0.010005574136,0.00023603027157,0.00999999999976,0.02,99.9442896936,3,"[0, 1, 2]",supplementary_operation,False,excluded
-1,-1,1870,3735,5,supplementary_operation,1,[5],True,1826,5675734,5677559,1,True,2414.628,2432.878,2414.628,2432.878,18.25,0,0,1825,True,0.01,7.63386316167e-10,0.00999999999976,0.0100000000002,100.0,3,"[0, 1, 2]",supplementary_operation,False,excluded
-1,-1,1871,3737,5,supplementary_operation,1,[5],True,1681,5679139,5680819,1,True,2448.728,3017.529,2448.728,3017.529,568.801,0,0,1680,True,0.33857202381,13.4627045029,0.00999999999885,551.981,2.95358130524,3,"[0, 1, 2]",supplementary_operation,False,excluded
-1,-1,1872,3739,5,supplementary_operation,1,[5],True,1529,5682058,5683586,1,True,3029.919,3045.199,3029.919,3045.199,15.28,0,0,1528,True,0.01,0.0,0.00999999999885,0.0100000000011,100.0,3,"[0, 1, 2]",supplementary_operation,False,excluded
-1,-1,1873,3741,5,supplementary_operation,1,[5],True,1510,5684863,5686372,1,True,3057.969,3073.069,3057.969,3073.069,15.1,0,0,1509,True,0.0100066269052,0.000257342449819,0.00999999999885,0.02,99.9337748344,3,"[0, 1, 2]",supplementary_operation,False,excluded
-1,-1,1874,3743,5,supplementary_operation,1,[5],True,1503,5687703,5689205,1,True,3086.439,3101.489,3086.439,3101.489,15.05,0,0,1502,True,0.0100199733688,0.000446469207171,0.00999999999885,0.02,99.8006644518,3,"[0, 1, 2]",supplementary_operation,False,excluded
-1,-1,1875,3745,5,supplementary_operation,1,[5],True,1524,5690391,5691914,1,True,3113.349,3128.579,3113.349,3128.579,15.23,0,0,1523,True,0.01,0.0,0.00999999999885,0.0100000000011,100.0,3,"[0, 1, 2]",supplementary_operation,False,excluded
-1,-1,1876,3747,5,supplementary_operation,1,[5],True,1439,5693310,5694748,1,True,3142.539,3156.919,3142.539,3156.919,14.38,0,0,1438,True,0.01,0.0,0.00999999999885,0.0100000000011,100.0,3,"[0, 1, 2]",supplementary_operation,False,excluded
-1,-1,1877,3749,5,supplementary_operation,1,[5],True,1443,5696098,5697540,1,True,3170.419,3184.839,3170.419,3184.839,14.42,0,0,1442,True,0.01,0.0,0.00999999999885,0.0100000000011,100.0,3,"[0, 1, 2]",supplementary_operation,False,excluded
-1,-1,1878,3751,5,supplementary_operation,1,[5],True,1451,5698986,5700436,1,True,3199.339,3213.889,3199.339,3213.889,14.55,0,0,1450,True,0.0100344827586,0.00058620689655,0.00999999999885,0.02,99.6563573883,3,"[0, 1, 2]",supplementary_operation,False,excluded
-1,-1,1879,3753,5,supplementary_operation,1,[5],True,1422,5701806,5703227,1,True,3227.589,3241.799,3227.589,3241.799,14.21,0,0,1421,True,0.01,0.0,0.00999999999885,0.0100000000011,100.0,3,"[0, 1, 2]",supplementary_operation,False,excluded
-1,-1,1880,3755,5,supplementary_operation,1,[5],True,1412,5705072,5706483,1,True,3260.249,3274.359,3260.249,3274.359,14.11,0,0,1411,True,0.01,0.0,0.00999999999885,0.0100000000011,100.0,3,"[0, 1, 2]",supplementary_operation,False,excluded
-1,-1,1881,3757,5,supplementary_operation,1,[5],True,1392,5708212,5709603,1,True,3291.649,3305.569,3291.649,3305.569,13.92,0,0,1391,True,0.0100071890726,0.000268028064446,0.00999999999885,0.02,99.9281609195,2,"[1, 2]",supplementary_operation,False,excluded
-1,-1,1882,3759,5,supplementary_operation,1,[5],True,1304,5711328,5712631,1,True,3322.829,3335.859,3322.829,3335.859,13.03,0,0,1303,True,0.01,0.0,0.00999999999885,0.0100000000011,100.0,3,"[0, 1, 2]",supplementary_operation,False,excluded
-1,-1,1883,3761,5,supplementary_operation,1,[5],True,1715,5714393,5716107,1,True,3353.499,3370.659,3353.499,3370.659,17.16,0,0,1714,True,0.0100116686114,0.000341394138584,0.00999999999885,0.02,99.8834498835,3,"[0, 1, 2]",supplementary_operation,False,excluded
-1,-1,1884,3763,5,supplementary_operation,1,[5],True,1739,5717791,5719529,1,True,3387.519,3404.919,3387.519,3404.919,17.4,0,0,1738,True,0.0100115074799,0.000339031527349,0.00999999999885,0.0200000000009,99.8850574713,3,"[0, 1, 2]",supplementary_operation,False,excluded
-1,-1,1885,3765,5,supplementary_operation,1,[5],True,1708,5721419,5723126,1,True,3423.839,3440.949,3423.839,3440.949,17.11,0,0,1707,True,0.0100234329233,0.000483508149553,0.00999999999885,0.0200000000004,99.7662185856,3,"[0, 1, 2]",supplementary_operation,False,excluded
-1,-1,1886,3767,5,supplementary_operation,1,[5],True,1689,5724835,5726523,1,True,3458.039,3474.919,3458.039,3474.919,16.88,0,0,1688,True,0.01,5.07442623323e-10,0.00999999999885,0.0100000000011,100.0,3,"[0, 1, 2]",supplementary_operation,False,excluded
-1,-1,1887,3769,5,supplementary_operation,1,[5],True,1688,5728255,5729942,1,True,19499.687,19516.557,19499.687,19516.557,16.87,0,0,1687,True,0.01,0.0,0.0099999999984,0.010000000002,100.0,3,"[0, 1, 2]",supplementary_operation,False,excluded
-1,-1,1888,3771,5,supplementary_operation,1,[5],True,1341,5731402,5732742,1,True,19531.157,19544.557,19531.157,19544.557,13.4,0,0,1340,True,0.01,9.4576254541e-10,0.0099999999984,0.010000000002,100.0,3,"[0, 1, 2]",supplementary_operation,False,excluded
-1,-1,1889,3773,5,supplementary_operation,1,[5],True,1301,5734205,5735505,1,True,19559.187,19572.187,19559.187,19572.187,13.0,0,0,1300,True,0.01,1.03472201355e-09,0.0099999999984,0.010000000002,100.0,3,"[0, 1, 2]",supplementary_operation,False,excluded
-1,-1,1890,3775,5,supplementary_operation,1,[5],True,1330,5736962,5738291,1,True,19586.757,19600.047,19586.757,19600.047,13.29,0,0,1329,True,0.01,9.67018290297e-10,0.0099999999984,0.010000000002,100.0,3,"[0, 1, 2]",supplementary_operation,False,excluded
-1,-1,1891,3777,5,supplementary_operation,1,[5],True,1376,5739673,5741048,1,True,19613.867,19627.617,19613.867,19627.617,13.75,0,0,1375,True,0.01,8.78916405522e-10,0.0099999999984,0.010000000002,100.0,3,"[0, 1, 2]",supplementary_operation,False,excluded
-1,-1,1892,3779,5,supplementary_operation,1,[5],True,1414,5742583,5743996,1,True,19642.967,19657.097,19642.967,19657.097,14.13,0,0,1413,True,0.01,8.06549008735e-10,0.0099999999984,0.010000000002,100.0,3,"[0, 1, 2]",supplementary_operation,False,excluded
-1,-1,1893,3781,5,supplementary_operation,1,[5],True,1460,5745360,5746819,1,True,19670.737,19685.327,19670.737,19685.327,14.59,0,0,1459,True,0.01,6.98491930962e-10,0.0099999999984,0.010000000002,100.0,3,"[0, 1, 2]",supplementary_operation,False,excluded
-1,-1,1894,3783,5,supplementary_operation,1,[5],True,1516,5748155,5749670,1,True,19698.687,19713.837,19698.687,19713.837,15.15,0,0,1515,True,0.01,5.33482024325e-10,0.0099999999984,0.010000000002,100.0,3,"[0, 1, 2]",supplementary_operation,False,excluded
-1,-1,1895,3785,5,supplementary_operation,1,[5],True,1834,5750999,5752832,1,True,19727.127,19745.457,19727.127,19745.457,18.33,0,0,1833,True,0.01,0.0,0.0099999999984,0.010000000002,100.0,3,"[0, 1, 2]",supplementary_operation,False,excluded
-1,-1,1896,3787,5,supplementary_operation,1,[5],True,1878,5754112,5755989,1,True,19758.257,19777.027,19758.257,19777.027,18.77,0,0,1877,True,0.01,0.0,0.0099999999984,0.010000000002,100.0,3,"[0, 1, 2]",supplementary_operation,False,excluded
-1,-1,1897,3789,5,supplementary_operation,1,[5],True,1867,5757313,5759179,1,True,19790.267,19808.927,19790.267,19808.927,18.66,0,0,1866,True,0.01,0.0,0.0099999999984,0.010000000002,100.0,3,"[0, 1, 2]",supplementary_operation,False,excluded
-1,-1,1898,3791,5,supplementary_operation,1,[5],True,1838,5760569,5762406,1,True,19822.827,19841.197,19822.827,19841.197,18.37,0,0,1837,True,0.01,0.0,0.0099999999984,0.010000000002,100.0,2,"[1, 2]",supplementary_operation,False,excluded
-1,-1,1899,3793,5,supplementary_operation,1,[5],True,1871,5763614,5765484,1,True,19853.277,19871.977,19853.277,19871.977,18.7,0,0,1870,True,0.01,0.0,0.0099999999984,0.010000000002,100.0,3,"[0, 1, 2]",supplementary_operation,False,excluded
-1,-1,1900,3795,5,supplementary_operation,1,[5],True,1856,5767164,5769019,1,True,19888.777,19907.327,19888.777,19907.327,18.55,0,0,1855,True,0.01,0.0,0.0099999999984,0.010000000002,100.0,3,"[0, 1, 2]",supplementary_operation,False,excluded
-1,-1,1901,3797,5,supplementary_operation,1,[5],True,1804,5770653,5772456,1,True,21442.835,21460.865,21442.835,21460.865,18.03,0,0,1803,True,0.01,0.0,0.0099999999984,0.010000000002,100.0,3,"[0, 1, 2]",supplementary_operation,False,excluded
-1,-1,1902,3799,5,supplementary_operation,1,[5],True,1798,5773995,5775792,1,True,21476.255,21494.225,21476.255,21494.225,17.97,0,0,1797,True,0.01,0.0,0.0099999999984,0.010000000002,100.0,3,"[0, 1, 2]",supplementary_operation,False,excluded
-1,-1,1903,3801,5,supplementary_operation,1,[5],True,1792,5777474,5779265,1,True,21511.045,21528.955,21511.045,21528.955,17.91,0,0,1791,True,0.01,0.0,0.0099999999984,0.010000000002,100.0,3,"[0, 1, 2]",supplementary_operation,False,excluded
-1,-1,1904,3803,5,supplementary_operation,1,[5],True,1877,5780836,5782712,1,True,21544.665,21563.425,21544.665,21563.425,18.76,0,0,1876,True,0.01,0.0,0.0099999999984,0.010000000002,100.0,3,"[0, 1, 2]",supplementary_operation,False,excluded
-1,-1,1905,3805,5,supplementary_operation,1,[5],True,1844,5784220,5786063,1,True,21578.505,21596.935,21578.505,21596.935,18.43,0,0,1843,True,0.01,0.0,0.0099999999984,0.010000000002,100.0,3,"[0, 1, 2]",supplementary_operation,False,excluded
-1,-1,1906,3807,5,supplementary_operation,1,[5],True,1816,5787564,5789379,1,True,21611.945,21630.095,21611.945,21630.095,18.15,0,0,1815,True,0.01,0.0,0.0099999999984,0.010000000002,100.0,2,"[1, 2]",supplementary_operation,False,excluded
-1,-1,1907,3809,5,supplementary_operation,1,[5],True,1836,5790913,5792748,1,True,21645.435,21663.785,21645.435,21663.785,18.35,0,0,1835,True,0.01,0.0,0.0099999999984,0.010000000002,100.0,2,"[1, 2]",supplementary_operation,False,excluded
-1,-1,1908,3811,5,supplementary_operation,1,[5],True,1817,5794244,5796060,1,True,21678.745,21696.905,21678.745,21696.905,18.16,0,0,1816,True,0.01,0.0,0.0099999999984,0.010000000002,100.0,3,"[0, 1, 2]",supplementary_operation,False,excluded
-1,-1,1909,3813,5,supplementary_operation,1,[5],True,1843,5797642,5799484,1,True,21712.735,21731.155,21712.735,21731.155,18.42,0,0,1842,True,0.01,0.0,0.0099999999984,0.010000000002,100.0,3,"[0, 1, 2]",supplementary_operation,False,excluded
-1,-1,1910,3815,5,supplementary_operation,1,[5],True,1794,5801051,5802844,1,True,21746.825,21764.755,21746.825,21764.755,17.93,0,0,1793,True,0.01,0.0,0.0099999999984,0.010000000002,100.0,3,"[0, 1, 2]",supplementary_operation,False,excluded
-1,-1,1911,3817,5,supplementary_operation,1,[5],True,1821,5804363,5806183,1,True,21779.945,21798.145,21779.945,21798.145,18.2,0,0,1820,True,0.01,0.0,0.0099999999984,0.010000000002,100.0,3,"[0, 1, 2]",supplementary_operation,False,excluded
-1,-1,1912,3819,5,supplementary_operation,1,[5],True,1821,5807710,5809530,1,True,21813.425,21831.625,21813.425,21831.625,18.2,0,0,1820,True,0.01,0.0,0.0099999999984,0.010000000002,100.0,3,"[0, 1, 2]",supplementary_operation,False,excluded
-1,-1,1913,3821,5,supplementary_operation,1,[5],True,1813,5811139,5812951,1,True,21847.715,21865.835,21847.715,21865.835,18.12,0,0,1812,True,0.01,0.0,0.0099999999984,0.010000000002,100.0,3,"[0, 1, 2]",supplementary_operation,False,excluded
-1,-1,1914,3823,5,supplementary_operation,1,[5],True,1430,5814444,5815873,1,True,21880.765,21895.055,21880.765,21895.055,14.29,0,0,1429,True,0.01,7.63386316167e-10,0.0099999999984,0.010000000002,100.0,3,"[0, 1, 2]",supplementary_operation,False,excluded
-1,-1,1915,3825,5,supplementary_operation,1,[5],True,1803,5816984,5818786,1,True,22770.143,22788.163,22770.143,22788.163,18.02,0,0,1802,True,0.01,0.0,0.0099999999984,0.010000000002,100.0,3,"[0, 1, 2]",supplementary_operation,False,excluded
-1,-1,1916,3827,5,supplementary_operation,1,[5],True,1408,5820187,5821594,1,True,22802.173,22816.243,22802.173,22816.243,14.07,0,0,1407,True,0.01,8.06549008735e-10,0.0099999999984,0.010000000002,100.0,3,"[0, 1, 2]",supplementary_operation,False,excluded
-1,-1,1917,3829,5,supplementary_operation,1,[5],True,1407,5823077,5824483,1,True,22831.073,22845.133,22831.073,22845.133,14.06,0,0,1406,True,0.01,8.23180634978e-10,0.0099999999984,0.010000000002,100.0,3,"[0, 1, 2]",supplementary_operation,False,excluded
-1,-1,1918,3831,5,supplementary_operation,1,[5],True,1372,5825920,5827291,1,True,22859.503,22873.213,22859.503,22873.213,13.71,0,0,1371,True,0.01,8.8659267708e-10,0.0099999999984,0.010000000002,100.0,3,"[0, 1, 2]",supplementary_operation,False,excluded
-1,-1,1919,3833,5,supplementary_operation,1,[5],True,1341,5828715,5830055,1,True,22887.453,22900.853,22887.453,22900.853,13.4,0,0,1340,True,0.01,9.4576254541e-10,0.0099999999984,0.010000000002,100.0,3,"[0, 1, 2]",supplementary_operation,False,excluded
-1,-1,1920,3835,5,supplementary_operation,1,[5],True,1384,5831599,5832982,1,True,22916.293,22930.123,22916.293,22930.123,13.83,0,0,1383,True,0.01,8.55474410154e-10,0.0099999999984,0.010000000002,100.0,3,"[0, 1, 2]",supplementary_operation,False,excluded
-1,-1,1921,3837,5,supplementary_operation,1,[5],True,1349,5834397,5835745,1,True,22944.273,22957.753,22944.273,22957.753,13.48,0,0,1348,True,0.01,9.31322574615e-10,0.0099999999984,0.010000000002,100.0,3,"[0, 1, 2]",supplementary_operation,False,excluded
-1,-1,1922,3839,5,supplementary_operation,1,[5],True,1491,5837089,5838579,1,True,22971.193,22986.093,22971.193,22986.093,14.9,0,0,1490,True,0.01,3.66371653517e-05,0.0089999999982,0.0110000000022,100.0,3,"[0, 1, 2]",supplementary_operation,False,excluded
-1,-1,1923,3841,5,supplementary_operation,1,[5],True,1471,5839930,5841400,1,True,22999.603,23014.303,22999.603,23014.303,14.7,0,0,1470,True,0.01,6.68755109252e-10,0.0099999999984,0.010000000002,100.0,3,"[0, 1, 2]",supplementary_operation,False,excluded
-1,-1,1924,3843,5,supplementary_operation,1,[5],True,1853,5842852,5844704,1,True,23028.823,23047.353,23028.823,23047.353,18.53,0,0,1852,True,0.010005399568,0.000232306962906,0.0099999999984,0.0200000000004,99.9460334593,3,"[0, 1, 2]",supplementary_operation,False,excluded
-1,-1,1925,3845,5,supplementary_operation,1,[5],True,1841,5845985,5847825,1,True,23060.163,23078.563,23060.163,23078.563,18.4,0,0,1840,True,0.01,0.0,0.0099999999984,0.010000000002,100.0,3,"[0, 1, 2]",supplementary_operation,False,excluded
-1,-1,1926,3847,5,supplementary_operation,1,[5],True,1878,5849109,5850986,1,True,23091.403,23110.173,23091.403,23110.173,18.77,0,0,1877,True,0.01,0.0,0.0099999999984,0.010000000002,100.0,2,"[1, 2]",supplementary_operation,False,excluded
-1,-1,1927,3849,5,supplementary_operation,1,[5],True,1817,5852218,5854034,1,True,23122.493,23140.673,23122.493,23140.673,18.18,0,0,1816,True,0.0100110132159,0.000331678862208,0.0099999999984,0.0200000000004,99.8899889989,3,"[0, 1, 2]",supplementary_operation,False,excluded
-1,-1,1928,3851,5,supplementary_operation,1,[5],True,1880,5855587,5857466,1,True,23156.213,23175.003,23156.213,23175.003,18.79,0,0,1879,True,0.01,0.0,0.0099999999984,0.010000000002,100.0,3,"[0, 1, 2]",supplementary_operation,False,excluded
-1,-1,1929,3853,5,supplementary_operation,1,[5],True,1853,5859008,5860860,1,True,23190.423,23208.943,23190.423,23208.943,18.52,0,0,1852,True,0.01,0.0,0.0099999999984,0.010000000002,100.0,3,"[0, 1, 2]",supplementary_operation,False,excluded
-1,-1,1930,3855,5,supplementary_operation,1,[5],True,1802,5862423,5864224,1,True,23224.573,23242.593,23224.573,23242.593,18.02,0,0,1801,True,0.0100055524708,0.000235571387412,0.0099999999984,0.0200000000004,99.9445061043,3,"[0, 1, 2]",supplementary_operation,False,excluded
-1,-1,1931,3857,5,supplementary_operation,1,[5],True,1813,5865738,5867550,1,True,23257.743,23275.863,23257.743,23275.863,18.12,0,0,1812,True,0.01,0.0,0.0099999999984,0.010000000002,100.0,3,"[0, 1, 2]",supplementary_operation,False,excluded
-1,-1,1932,3859,5,supplementary_operation,1,[5],True,1806,5869228,5871033,1,True,23292.643,23310.693,23292.643,23310.693,18.05,0,0,1805,True,0.01,0.0,0.0099999999984,0.010000000002,100.0,3,"[0, 1, 2]",supplementary_operation,False,excluded
-1,-1,1933,3861,5,supplementary_operation,1,[5],True,2388,5872703,5875090,1,True,23327.393,24373.619,23327.393,24373.619,1046.226,0,0,2387,True,0.43830163385,20.9211209759,0.0099999999984,1022.366,2.28153381774,3,"[0, 1, 2]",supplementary_operation,False,excluded
-1,-1,1934,3863,5,supplementary_operation,1,[5],True,1867,5876628,5878494,1,True,24388.999,24407.659,24388.999,24407.659,18.66,0,0,1866,True,0.01,0.0,0.0099999999984,0.010000000002,100.0,3,"[0, 1, 2]",supplementary_operation,False,excluded
-1,-1,1935,3865,5,supplementary_operation,1,[5],True,1788,5880029,5881816,1,True,24423.009,24440.879,24423.009,24440.879,17.87,0,0,1787,True,0.01,0.0,0.0099999999984,0.010000000002,100.0,3,"[0, 1, 2]",supplementary_operation,False,excluded
-1,-1,1936,3867,5,supplementary_operation,1,[5],True,1857,5883468,5885324,1,True,24457.399,24475.959,24457.399,24475.959,18.56,0,0,1856,True,0.01,0.0,0.0099999999984,0.010000000002,100.0,3,"[0, 1, 2]",supplementary_operation,False,excluded
-1,-1,1937,3869,5,supplementary_operation,1,[5],True,1820,5886849,5888668,1,True,24491.209,24509.409,24491.209,24509.409,18.2,0,0,1819,True,0.0100054975261,0.000236737288078,0.0089999999982,0.0200000000004,99.9450549451,3,"[0, 1, 2]",supplementary_operation,False,excluded
-1,-1,1938,3871,5,supplementary_operation,1,[5],True,2008,5890188,5892195,1,True,24524.609,1069.127,1049.167,24524.719,23475.552,1,0,2006,False,0.0100049850449,0.000223216482331,0.0099999999984,0.02,99.9501743897,3,"[0, 1, 2]",nonmonotonic_timestamps;supplementary_operation,False,excluded
-1,-1,1939,3873,5,supplementary_operation,1,[5],True,1846,5893611,5895456,1,True,1083.287,1101.737,1083.287,1101.737,18.45,0,0,1845,True,0.01,1.50891502816e-09,0.00999999999954,0.0100000000004,100.0,3,"[0, 1, 2]",supplementary_operation,False,excluded
-1,-1,1940,3875,5,supplementary_operation,1,[5],True,1891,5896903,5898793,1,True,1116.207,1135.107,1116.207,1135.107,18.9,0,0,1890,True,0.01,1.51787009211e-09,0.00999999999954,0.0100000000004,100.0,3,"[0, 1, 2]",supplementary_operation,False,excluded
-1,-1,1941,3877,5,supplementary_operation,1,[5],True,1428,5900338,5901765,1,True,1150.557,1164.827,1150.557,1164.827,14.27,0,0,1427,True,0.01,1.26459408682e-09,0.00999999999954,0.0100000000004,100.0,3,"[0, 1, 2]",supplementary_operation,False,excluded
-1,-1,1942,3879,5,supplementary_operation,1,[5],True,1367,5903331,5904697,1,True,1180.487,1194.147,1180.487,1194.147,13.66,0,0,1366,True,0.01,1.23202396141e-09,0.00999999999954,0.0100000000004,100.0,3,"[0, 1, 2]",supplementary_operation,False,excluded
-1,-1,1943,3881,5,supplementary_operation,1,[5],True,1380,5906233,5907612,1,True,1209.507,1223.297,1209.507,1223.297,13.79,0,0,1379,True,0.01,1.23751184586e-09,0.00999999999954,0.0100000000004,100.0,3,"[0, 1, 2]",supplementary_operation,False,excluded
-1,-1,1944,3883,5,supplementary_operation,1,[5],True,1417,5909012,5910428,1,True,1237.297,1251.457,1237.297,1251.457,14.16,0,0,1416,True,0.01,1.25383138823e-09,0.00999999999954,0.0100000000004,100.0,3,"[0, 1, 2]",supplementary_operation,False,excluded
-1,-1,1945,3885,5,supplementary_operation,1,[5],True,1464,5911918,5913381,1,True,1266.357,1280.987,1266.357,1280.987,14.63,0,0,1463,True,0.01,1.29634616031e-09,0.00999999999954,0.0100000000004,100.0,2,"[1, 2]",supplementary_operation,False,excluded
-1,-1,1946,3887,5,supplementary_operation,1,[5],True,1858,5914686,5916543,1,True,1294.037,1312.607,1294.037,1312.607,18.57,0,0,1857,True,0.01,1.50891502816e-09,0.00999999999954,0.0100000000004,100.0,3,"[0, 1, 2]",supplementary_operation,False,excluded
-1,-1,1947,3889,5,supplementary_operation,1,[5],True,1867,5917895,5919761,1,True,1326.127,1344.787,1326.127,1344.787,18.66,0,0,1866,True,0.01,1.40665168567e-09,0.00999999999954,0.0100000000004,100.0,2,"[1, 2]",supplementary_operation,False,excluded
-1,-1,1948,3891,5,supplementary_operation,1,[5],True,1869,5921229,5923097,1,True,1359.467,1378.147,1359.467,1378.147,18.68,0,0,1868,True,0.01,1.33243426008e-09,0.00999999999931,0.0100000000007,100.0,3,"[0, 1, 2]",supplementary_operation,False,excluded
-1,-1,1949,3893,5,supplementary_operation,1,[5],True,1860,5924388,5926247,1,True,1391.057,1409.647,1391.057,1409.647,18.59,0,0,1859,True,0.01,1.32733889052e-09,0.00999999999931,0.0100000000007,100.0,3,"[0, 1, 2]",supplementary_operation,False,excluded
-1,-1,1950,3895,5,supplementary_operation,1,[5],True,1858,5927859,5929716,1,True,1425.767,1444.337,1425.767,1444.337,18.57,0,0,1857,True,0.01,1.3375102185e-09,0.00999999999931,0.0100000000007,100.0,3,"[0, 1, 2]",supplementary_operation,False,excluded
-1,-1,1951,3897,5,supplementary_operation,1,[5],True,1861,5931278,5933138,1,True,1459.957,1478.557,1459.957,1478.557,18.6,0,0,1860,True,0.01,1.33243426008e-09,0.00999999999931,0.0100000000007,100.0,3,"[0, 1, 2]",supplementary_operation,False,excluded
-1,-1,1952,3899,5,supplementary_operation,1,[5],True,1846,5934902,5936747,1,True,1496.197,1514.647,1496.197,1514.647,18.45,0,0,1845,True,0.01,1.3375102185e-09,0.00999999999931,0.0100000000007,100.0,3,"[0, 1, 2]",supplementary_operation,False,excluded
-1,-1,1953,3901,5,supplementary_operation,1,[5],True,1879,5938452,5940330,1,True,1531.697,1550.477,1531.697,1550.477,18.78,0,0,1878,True,0.01,1.35262380804e-09,0.00999999999931,0.0100000000007,100.0,2,"[1, 2]",supplementary_operation,False,excluded
-1,-1,1954,3903,5,supplementary_operation,1,[5],True,1852,5941952,5943803,1,True,1566.697,1585.207,1566.697,1585.207,18.51,0,0,1851,True,0.01,1.3375102185e-09,0.00999999999931,0.0100000000007,100.0,3,"[0, 1, 2]",supplementary_operation,False,excluded
-1,-1,1955,3905,5,supplementary_operation,1,[5],True,1865,5945349,5947213,1,True,1600.667,1619.307,1600.667,1619.307,18.64,0,0,1864,True,0.01,1.3375102185e-09,0.00999999999931,0.0100000000007,100.0,3,"[0, 1, 2]",supplementary_operation,False,excluded
-1,-1,1956,3907,5,supplementary_operation,1,[5],True,1819,5948743,5950561,1,True,1634.607,1652.787,1634.607,1652.787,18.18,0,0,1818,True,0.01,1.3222238854e-09,0.00999999999931,0.0100000000007,100.0,3,"[0, 1, 2]",supplementary_operation,False,excluded
-1,-1,1957,3909,5,supplementary_operation,1,[5],True,1852,5952103,5953954,1,True,2046.474,2064.984,2046.474,2064.984,18.51,0,0,1851,True,0.01,7.89567127722e-10,0.00999999999976,0.0100000000002,100.0,3,"[0, 1, 2]",supplementary_operation,False,excluded
-1,-1,1958,3911,5,supplementary_operation,1,[5],True,1834,5955326,5957159,1,True,2078.704,2097.034,2078.704,2097.034,18.33,0,0,1833,True,0.01,7.80937719683e-10,0.00999999999976,0.0100000000002,100.0,3,"[0, 1, 2]",supplementary_operation,False,excluded
-1,-1,1959,3913,5,supplementary_operation,1,[5],True,1870,5958557,5960426,1,True,2111.014,2129.704,2111.014,2129.704,18.69,0,0,1869,True,0.01,8.31371688813e-10,0.00999999999976,0.0100000000002,100.0,3,"[0, 1, 2]",supplementary_operation,False,excluded
-1,-1,1960,3915,5,supplementary_operation,1,[5],True,1864,5961823,5963686,1,True,2143.674,2162.304,2143.674,2162.304,18.63,0,0,1863,True,0.01,8.14907252789e-10,0.00999999999976,0.0100000000002,100.0,3,"[0, 1, 2]",supplementary_operation,False,excluded
-1,-1,1961,3917,5,supplementary_operation,1,[5],True,1831,5965082,5966912,1,True,2176.264,2194.564,2176.264,2194.564,18.3,0,0,1830,True,0.01,7.72211884697e-10,0.00999999999976,0.0100000000002,100.0,3,"[0, 1, 2]",supplementary_operation,False,excluded
-1,-1,1962,3919,5,supplementary_operation,1,[5],True,1854,5968255,5970108,1,True,2207.994,2226.524,2207.994,2226.524,18.53,0,0,1853,True,0.01,7.9810323664e-10,0.00999999999976,0.0100000000002,100.0,3,"[0, 1, 2]",supplementary_operation,False,excluded
-1,-1,1963,3921,5,supplementary_operation,1,[5],True,1874,5971439,5973312,1,True,2239.834,2258.564,2239.834,2258.564,18.73,0,0,1873,True,0.01,8.39482824193e-10,0.00999999999976,0.0100000000002,100.0,2,"[1, 2]",supplementary_operation,False,excluded
-1,-1,1964,3923,5,supplementary_operation,1,[5],True,1853,5974672,5976524,1,True,2560.62,2579.14,2560.62,2579.14,18.52,0,0,1852,True,0.01,8.06549008735e-10,0.00999999999976,0.0100000000002,100.0,3,"[0, 1, 2]",supplementary_operation,False,excluded
-1,-1,1965,3925,5,supplementary_operation,1,[5],True,1860,5978100,5979959,1,True,2594.9,2613.49,2594.9,2613.49,18.59,0,0,1859,True,0.01,8.14907252789e-10,0.00999999999976,0.0100000000002,100.0,3,"[0, 1, 2]",supplementary_operation,False,excluded
-1,-1,1966,3927,5,supplementary_operation,1,[5],True,1876,5981501,5983376,1,True,2628.91,2647.67,2628.91,2647.67,18.76,0,0,1875,True,0.0100053333333,0.000230878515435,0.00999999999976,0.02,99.9466950959,3,"[0, 1, 2]",supplementary_operation,False,excluded
-1,-1,1967,3929,5,supplementary_operation,1,[5],True,1878,5984906,5986783,1,True,2662.97,2681.74,2662.97,2681.74,18.77,0,0,1877,True,0.01,8.39482824193e-10,0.00999999999976,0.0100000000002,100.0,3,"[0, 1, 2]",supplementary_operation,False,excluded
-1,-1,1968,3931,5,supplementary_operation,1,[5],True,1835,5988444,5990278,1,True,2698.35,2716.7,2698.35,2716.7,18.35,0,0,1834,True,0.0100054525627,0.000233443561927,0.00999999999976,0.02,99.9455040872,3,"[0, 1, 2]",supplementary_operation,False,excluded
-1,-1,1969,3933,5,supplementary_operation,1,[5],True,1853,5991623,5993475,1,True,2730.15,2748.69,2730.15,2748.69,18.54,0,0,1852,True,0.0100107991361,0.000328442901204,0.00999999999976,0.02,99.8921251348,3,"[0, 1, 2]",supplementary_operation,False,excluded
-1,-1,1970,3935,5,supplementary_operation,1,[5],True,1814,5994931,5996744,1,True,2763.26,2781.39,2763.26,2781.39,18.13,0,0,1813,True,0.01,7.54457514082e-10,0.00999999999976,0.0100000000002,100.0,3,"[0, 1, 2]",supplementary_operation,False,excluded
-1,-1,1971,3937,5,supplementary_operation,1,[5],True,1867,5998101,5999967,1,True,2794.98,2813.64,2794.98,2813.64,18.66,0,0,1866,True,0.01,8.14907252789e-10,0.00999999999976,0.0100000000002,100.0,3,"[0, 1, 2]",supplementary_operation,False,excluded
-1,-1,1972,3939,5,supplementary_operation,1,[5],True,1596,6001580,6003175,1,True,17766.565,17782.515,17766.565,17782.515,15.95,0,0,1595,True,0.01,5.07442623323e-10,0.00999999999476,0.0100000000057,100.0,3,"[0, 1, 2]",supplementary_operation,False,excluded
-1,-1,1973,3941,5,supplementary_operation,1,[5],True,1446,6004360,6005805,1,True,17794.375,17808.825,17794.375,17808.825,14.45,0,0,1445,True,0.01,7.9810323664e-10,0.00999999999476,0.0100000000057,100.0,2,"[1, 2]",supplementary_operation,False,excluded
-1,-1,1974,3943,5,supplementary_operation,1,[5],True,1375,6007049,6008423,1,True,17821.265,17835.005,17821.265,17835.005,13.74,0,0,1374,True,0.01,8.94203054238e-10,0.00999999999476,0.0100000000057,100.0,3,"[0, 1, 2]",supplementary_operation,False,excluded
-1,-1,1975,3945,5,supplementary_operation,1,[5],True,1378,6009741,6011118,1,True,17848.185,17861.955,17848.185,17861.955,13.77,0,0,1377,True,0.01,8.94203054238e-10,0.00999999999476,0.0100000000057,100.0,3,"[0, 1, 2]",supplementary_operation,False,excluded
-1,-1,1976,3947,5,supplementary_operation,1,[5],True,1618,6012925,6014542,1,True,17880.025,18511.755,17880.025,18511.755,631.73,0,0,1617,True,0.390680272109,15.3029087872,0.0099999999984,615.56,2.55963781995,3,"[0, 1, 2]",supplementary_operation,False,excluded
-1,-1,1977,3949,5,supplementary_operation,1,[5],True,1676,6016307,6017982,1,True,18529.425,18546.175,18529.425,18546.175,16.75,0,0,1675,True,0.01,0.0,0.0099999999984,0.010000000002,100.0,3,"[0, 1, 2]",supplementary_operation,False,excluded
-1,-1,1978,3951,5,supplementary_operation,1,[5],True,1639,6019687,6021325,1,True,18563.225,18579.605,18563.225,18579.605,16.38,0,0,1638,True,0.01,0.0,0.0099999999984,0.010000000002,100.0,3,"[0, 1, 2]",supplementary_operation,False,excluded
-1,-1,1979,3953,5,supplementary_operation,1,[5],True,1528,6023019,6024546,1,True,18596.555,18611.825,18596.555,18611.825,15.27,0,0,1527,True,0.01,5.07442623323e-10,0.0099999999984,0.010000000002,100.0,3,"[0, 1, 2]",supplementary_operation,False,excluded
-1,-1,1980,3955,5,supplementary_operation,1,[5],True,1669,6026215,6027883,1,True,18628.525,18645.205,18628.525,18645.205,16.68,0,0,1668,True,0.01,0.0,0.0099999999984,0.010000000002,100.0,3,"[0, 1, 2]",supplementary_operation,False,excluded
-1,-1,1981,3957,5,supplementary_operation,1,[5],True,1541,6029615,6031155,1,True,18662.525,18677.935,18662.525,18677.935,15.41,0,0,1540,True,0.0100064935065,0.000254740847361,0.0099999999984,0.0200000000004,99.9351070733,3,"[0, 1, 2]",supplementary_operation,False,excluded
-1,-1,1982,3959,5,supplementary_operation,1,[5],True,1509,6032849,6034357,1,True,18694.885,18709.965,18694.885,18709.965,15.08,0,0,1508,True,0.01,5.82076609135e-10,0.0099999999984,0.010000000002,100.0,3,"[0, 1, 2]",supplementary_operation,False,excluded
-1,-1,1983,3961,5,supplementary_operation,1,[5],True,1594,6036065,6037658,1,True,18727.045,18742.975,18727.045,18742.975,15.93,0,0,1593,True,0.01,2.85158136718e-10,0.0099999999984,0.010000000002,100.0,3,"[0, 1, 2]",supplementary_operation,False,excluded
-1,-1,1984,3963,5,supplementary_operation,1,[5],True,1552,6039325,6040876,1,True,18759.655,18775.165,18759.655,18775.165,15.51,0,0,1551,True,0.01,4.35586248847e-10,0.0099999999984,0.010000000002,100.0,3,"[0, 1, 2]",supplementary_operation,False,excluded
-1,-1,1985,3965,5,supplementary_operation,1,[5],True,1496,6042543,6044038,1,True,18791.835,18806.795,18791.835,18806.795,14.96,0,0,1495,True,0.0100066889632,0.00025854378717,0.0099999999984,0.0200000000004,99.9331550802,3,"[0, 1, 2]",supplementary_operation,False,excluded
-1,-1,1986,3967,5,supplementary_operation,1,[5],True,1492,6045753,6047244,1,True,18823.945,18838.855,18823.945,18838.855,14.91,0,0,1491,True,0.01,5.93603997677e-10,0.0099999999984,0.010000000002,100.0,2,"[1, 2]",supplementary_operation,False,excluded
-1,-1,1987,3969,5,supplementary_operation,1,[5],True,1556,6048553,6050108,1,True,18851.945,18867.495,18851.945,18867.495,15.55,0,0,1555,True,0.01,4.35586248847e-10,0.0099999999984,0.010000000002,100.0,3,"[0, 1, 2]",supplementary_operation,False,excluded
-1,-1,1988,3971,5,supplementary_operation,1,[5],True,1486,6051380,6052865,1,True,18880.225,18895.075,18880.225,18895.075,14.85,0,0,1485,True,0.01,6.37632978038e-10,0.0099999999984,0.010000000002,100.0,2,"[1, 2]",supplementary_operation,False,excluded
-1,-1,1989,3973,5,supplementary_operation,1,[5],True,1470,6054100,6055569,1,True,18907.425,18922.115,18907.425,18922.115,14.69,0,0,1469,True,0.01,6.48173080155e-10,0.0099999999984,0.010000000002,100.0,3,"[0, 1, 2]",supplementary_operation,False,excluded
-1,-1,1990,3975,5,supplementary_operation,1,[5],True,1407,6056852,6058258,1,True,18934.945,18949.005,18934.945,18949.005,14.06,0,0,1406,True,0.01,8.06549008735e-10,0.0099999999984,0.010000000002,100.0,2,"[1, 2]",supplementary_operation,False,excluded
-1,-1,1991,3977,5,supplementary_operation,1,[5],True,1335,6059977,6061311,1,True,18966.195,18979.535,18966.195,18979.535,13.34,0,0,1334,True,0.01,9.59985336665e-10,0.0099999999984,0.010000000002,100.0,3,"[0, 1, 2]",supplementary_operation,False,excluded
-1,-1,1992,3979,5,supplementary_operation,1,[5],True,1648,6063030,6064677,1,True,18996.725,19013.195,18996.725,19013.195,16.47,0,0,1647,True,0.01,0.0,0.0099999999984,0.010000000002,100.0,3,"[0, 1, 2]",supplementary_operation,False,excluded
-1,-1,1993,3981,5,supplementary_operation,1,[5],True,1606,6066380,6067985,1,True,19030.225,19046.285,19030.225,19046.285,16.06,0,0,1605,True,0.0100062305296,0.00024953251583,0.0099999999984,0.0200000000004,99.9377334994,3,"[0, 1, 2]",supplementary_operation,False,excluded
-1,-1,1994,3983,5,supplementary_operation,1,[5],True,1810,6069731,6071540,1,True,19063.745,19169.321,19063.745,19169.321,105.576,0,0,1809,True,0.0583615257048,1.49019768957,0.00999999999476,53.616,17.13457604,3,"[0, 1, 2]",supplementary_operation,False,excluded
-1,-1,1995,3985,5,supplementary_operation,1,[5],True,1614,6073264,6074877,1,True,19186.571,19202.701,19186.571,19202.701,16.13,0,0,1613,True,0.01,6.37632978038e-10,0.00999999999476,0.0100000000057,100.0,3,"[0, 1, 2]",supplementary_operation,False,excluded
-1,-1,1996,3987,5,supplementary_operation,1,[5],True,1578,6076686,6078263,1,True,19220.791,19236.561,19220.791,19236.561,15.77,0,0,1577,True,0.01,7.08126757561e-10,0.00999999999476,0.0100000000057,100.0,3,"[0, 1, 2]",supplementary_operation,False,excluded
-1,-1,1997,3989,5,supplementary_operation,1,[5],True,1484,6079951,6081434,1,True,19253.441,19268.271,19253.441,19268.271,14.83,0,0,1483,True,0.01,8.06549008735e-10,0.00999999999476,0.0100000000057,100.0,3,"[0, 1, 2]",supplementary_operation,False,excluded
-1,-1,1998,3991,5,supplementary_operation,1,[5],True,1505,6083149,6084653,1,True,19285.421,19300.461,19285.421,19300.461,15.04,0,0,1504,True,0.01,7.63386316167e-10,0.00999999999476,0.0100000000057,100.0,3,"[0, 1, 2]",supplementary_operation,False,excluded
-1,-1,1999,3993,5,supplementary_operation,1,[5],True,1455,6086031,6087485,1,True,19314.241,19328.781,19314.241,19328.781,14.54,0,0,1454,True,0.01,8.47516335696e-10,0.00999999999476,0.0100000000057,100.0,3,"[0, 1, 2]",supplementary_operation,False,excluded
-1,-1,2000,3995,5,supplementary_operation,1,[5],True,1407,6088775,6090181,1,True,19341.681,19355.751,19341.681,19355.751,14.07,0,0,1406,True,0.0100071123755,0.000266595516765,0.00999999999476,0.0200000000077,99.9289267946,3,"[0, 1, 2]",supplementary_operation,False,excluded
-1,-1,2001,3997,5,supplementary_operation,1,[5],True,1383,6091557,6092939,1,True,19369.511,19383.331,19369.511,19383.331,13.82,0,0,1382,True,0.01,9.31322574615e-10,0.00999999999476,0.0100000000057,100.0,3,"[0, 1, 2]",supplementary_operation,False,excluded
-1,-1,2002,3999,5,supplementary_operation,1,[5],True,1710,6094653,6096362,1,True,19400.471,19417.561,19400.471,19417.561,17.09,0,0,1709,True,0.01,3.42092825286e-05,0.0089999999982,0.010999999995,100.0,2,"[1, 2]",supplementary_operation,False,excluded
-1,-1,2003,4001,5,supplementary_operation,1,[5],True,1696,6098088,6099783,1,True,19434.821,19451.771,19434.821,19451.771,16.95,0,0,1695,True,0.01,5.46036260182e-10,0.00999999999476,0.0100000000057,100.0,3,"[0, 1, 2]",supplementary_operation,False,excluded
-1,-1,2004,4003,5,supplementary_operation,1,[5],True,1711,6101486,6103196,1,True,19468.801,19485.901,19468.801,19485.901,17.1,0,0,1710,True,0.01,4.93908380987e-10,0.00999999999476,0.0100000000057,100.0,3,"[0, 1, 2]",supplementary_operation,False,excluded
-1,-1,2005,4005,5,supplementary_operation,1,[5],True,1638,6105357,6106994,1,True,19507.511,19523.881,19507.511,19523.881,16.37,0,0,1637,True,0.01,6.16011980703e-10,0.00999999999476,0.0100000000057,100.0,3,"[0, 1, 2]",supplementary_operation,False,excluded
-1,-1,2006,4007,5,supplementary_operation,1,[5],True,1662,6108828,6110489,1,True,19542.221,19558.831,19542.221,19558.831,16.61,0,0,1661,True,0.01,5.93603997677e-10,0.00999999999476,0.0100000000057,100.0,3,"[0, 1, 2]",supplementary_operation,False,excluded
-1,-1,2007,4009,5,supplementary_operation,1,[5],True,1473,6112220,6113692,1,True,19576.141,19590.861,19576.141,19590.861,14.72,0,0,1472,True,0.01,8.14907252789e-10,0.00999999999476,0.0100000000057,100.0,3,"[0, 1, 2]",supplementary_operation,False,excluded
-1,-1,2008,4011,5,supplementary_operation,1,[5],True,1434,6115446,6116879,1,True,19608.411,19622.741,19608.411,19622.741,14.33,0,0,1433,True,0.01,8.63359133608e-10,0.00999999999476,0.0100000000057,100.0,3,"[0, 1, 2]",supplementary_operation,False,excluded
-1,-1,2009,4013,5,supplementary_operation,1,[5],True,1436,6118641,6120076,1,True,19640.361,19654.711,19640.361,19654.711,14.35,0,0,1435,True,0.01,8.71172497695e-10,0.00999999999476,0.0100000000057,100.0,3,"[0, 1, 2]",supplementary_operation,False,excluded
-1,-1,2010,4015,5,supplementary_operation,1,[5],True,1407,6121853,6123259,1,True,19672.481,19686.541,19672.481,19686.541,14.06,0,0,1406,True,0.01,8.8659267708e-10,0.00999999999476,0.0100000000057,100.0,3,"[0, 1, 2]",supplementary_operation,False,excluded
-1,-1,2011,4017,5,supplementary_operation,1,[5],True,1661,6124961,6126621,1,True,19703.561,19720.161,19703.561,19720.161,16.6,0,0,1660,True,0.01,5.70316273436e-10,0.00999999999476,0.0100000000057,100.0,3,"[0, 1, 2]",supplementary_operation,False,excluded
-1,-1,2012,4019,5,supplementary_operation,1,[5],True,1734,6128324,6130057,1,True,19737.191,19822.377,19737.191,19822.377,85.186,0,0,1733,True,0.0491552221581,1.15971972141,0.00999999999476,37.89,20.3437184514,3,"[0, 1, 2]",supplementary_operation,False,excluded
-1,-1,2013,4021,5,supplementary_operation,1,[5],True,1449,6131774,6133222,1,True,19839.567,19854.247,19839.567,19854.247,14.68,0,0,1448,True,0.010138121547,0.00188999541249,0.0099999999984,0.0600000000013,98.6376021798,3,"[0, 1, 2]",supplementary_operation,False,excluded
-1,-1,2014,4023,5,supplementary_operation,1,[5],True,1482,6134961,6136442,1,True,15938.56,15953.39,15938.56,15953.39,14.83,0,0,1481,True,0.0100135043889,0.000367234966651,0.00999999999476,0.0200000000004,99.8651382333,2,"[1, 2]",supplementary_operation,False,excluded
-1,-1,2015,4025,5,supplementary_operation,1,[5],True,1500,6137859,6139358,1,True,15967.56,15982.55,15967.56,15982.55,14.99,0,0,1499,True,0.01,0.0,0.00999999999476,0.0100000000057,100.0,2,"[1, 2]",supplementary_operation,False,excluded
-1,-1,2016,4027,5,supplementary_operation,1,[5],True,1856,6140700,6142555,1,True,15995.99,16014.54,15995.99,16014.54,18.55,0,0,1855,True,0.01,1.11661654043e-09,0.00999999999476,0.0100000000057,100.0,2,"[1, 2]",supplementary_operation,False,excluded
-1,-1,2017,4029,5,supplementary_operation,1,[5],True,1873,6143872,6145744,1,True,16027.71,16046.43,16027.71,16046.43,18.72,0,0,1872,True,0.01,1.14063254687e-09,0.00999999999476,0.0100000000057,100.0,3,"[0, 1, 2]",supplementary_operation,False,excluded
-1,-1,2018,4031,5,supplementary_operation,1,[5],True,1870,6147285,6149154,1,True,16061.84,16080.66,16061.84,16080.66,18.82,0,0,1869,True,0.0100695559123,0.00089315742918,0.00999999999476,0.0299999999988,99.3092454835,3,"[0, 1, 2]",supplementary_operation,False,excluded
-1,-1,2019,4033,5,supplementary_operation,1,[5],True,1857,6150769,6152625,1,True,16096.98,16115.55,16096.98,16115.55,18.57,0,0,1856,True,0.010005387931,0.000232056632204,0.00999999999476,0.0200000000004,99.9461497038,3,"[0, 1, 2]",supplementary_operation,False,excluded
-1,-1,2020,4035,5,supplementary_operation,1,[5],True,1454,6154154,6155607,1,True,16130.84,16145.39,16130.84,16145.39,14.55,0,0,1453,True,0.0100137646249,0.000524502653376,0.00999999999476,0.0300000000007,99.8625429553,3,"[0, 1, 2]",supplementary_operation,False,excluded
-1,-1,2021,4037,5,supplementary_operation,1,[5],True,1343,6157032,6158374,1,True,16159.64,16173.06,16159.64,16173.06,13.42,0,0,1342,True,0.01,0.0,0.00999999999476,0.0100000000057,100.0,3,"[0, 1, 2]",supplementary_operation,False,excluded
-1,-1,2022,4039,5,supplementary_operation,1,[5],True,1841,6159768,6161608,1,True,16187.01,16205.49,16187.01,16205.49,18.48,0,0,1840,True,0.0100434782609,0.000735926559995,0.00999999999476,0.0300000000007,99.5670995671,3,"[0, 1, 2]",supplementary_operation,False,excluded
-1,-1,2023,4041,5,supplementary_operation,1,[5],True,1865,6162841,6164705,1,True,16218.02,16236.75,16218.02,16236.75,18.73,0,0,1864,True,0.0100482832618,0.000833722747324,0.00999999999476,0.0300000000043,99.5194874533,3,"[0, 1, 2]",supplementary_operation,False,excluded
-1,-1,2024,4043,5,supplementary_operation,1,[5],True,1770,6166444,6168213,1,True,16254.17,16271.86,16254.17,16271.86,17.69,0,0,1769,True,0.01,1.00144246442e-09,0.00999999999476,0.0100000000057,100.0,3,"[0, 1, 2]",supplementary_operation,False,excluded
-1,-1,2025,4045,5,supplementary_operation,1,[5],True,1871,6169804,6171674,1,True,16287.78,16306.49,16287.78,16306.49,18.71,0,0,1870,True,0.0100053475936,0.000231186805545,0.00999999999476,0.0199999999986,99.9465526456,3,"[0, 1, 2]",supplementary_operation,False,excluded
-1,-1,2026,4047,5,supplementary_operation,1,[5],True,1494,6173155,6174648,1,True,16321.3,16336.23,16321.3,16336.23,14.93,0,0,1493,True,0.01,0.0,0.00999999999476,0.0100000000057,100.0,3,"[0, 1, 2]",supplementary_operation,False,excluded
-1,-1,2027,4049,5,supplementary_operation,1,[5],True,1845,6175963,6177807,1,True,16349.38,16367.82,16349.38,16367.82,18.44,0,0,1844,True,0.01,1.11053139136e-09,0.00999999999476,0.0100000000057,100.0,3,"[0, 1, 2]",supplementary_operation,False,excluded
-1,-1,2028,4051,5,supplementary_operation,1,[5],True,1834,6179454,6181287,1,True,16384.31,16402.87,16384.31,16402.87,18.56,0,0,1833,True,0.0101254773595,0.00125154355486,0.0099999999984,0.0300000000025,98.7607758621,3,"[0, 1, 2]",supplementary_operation,False,excluded
-1,-1,2029,4053,5,supplementary_operation,1,[5],True,1860,6182874,6184733,1,True,16418.9,16437.49,16418.9,16437.49,18.59,0,0,1859,True,0.01,0.0,0.0099999999984,0.010000000002,100.0,3,"[0, 1, 2]",supplementary_operation,False,excluded
-1,-1,2030,4055,5,supplementary_operation,1,[5],True,1883,6186129,6188011,1,True,16451.47,16470.34,16451.47,16470.34,18.87,0,0,1882,True,0.0100265674814,0.000514751379739,0.0099999999984,0.0200000000004,99.7350291468,3,"[0, 1, 2]",supplementary_operation,False,excluded
-1,-1,2031,4057,5,supplementary_operation,1,[5],True,1879,6189459,6191337,1,True,16485.04,16503.88,16485.04,16503.88,18.84,0,0,1878,True,0.0100319488818,0.000564329767806,0.0099999999984,0.0200000000004,99.6815286624,3,"[0, 1, 2]",supplementary_operation,False,excluded
-1,-1,2032,4059,5,supplementary_operation,1,[5],True,1580,6192923,6194502,1,True,11081.519,11097.669,11081.519,11097.669,16.15,0,0,1579,True,0.0102279924003,0.00161490891442,0.0099999999984,0.0400000000027,97.7708978328,2,"[1, 2]",supplementary_operation,False,excluded
-1,-1,2033,4061,5,supplementary_operation,1,[5],True,949,6195922,6196870,1,True,11112.319,11121.809,11112.319,11121.809,9.49,0,0,948,True,0.0100105485232,0.000324613555993,0.0099999999984,0.0200000000004,99.894625922,3,"[0, 1, 2]",supplementary_operation,False,excluded
-1,-1,2034,4063,5,supplementary_operation,1,[5],True,1329,6198337,6199665,1,True,11136.609,11149.959,11136.609,11149.959,13.35,0,0,1328,True,0.0100527108434,0.000821542701451,0.0099999999984,0.0299999999988,99.4756554307,2,"[1, 2]",supplementary_operation,False,excluded
-1,-1,2035,4065,5,supplementary_operation,1,[5],True,1624,6201041,6202664,1,True,11164.269,11180.819,11164.269,11180.819,16.55,0,0,1623,True,0.0101971657425,0.00159653563684,0.0099999999984,0.0400000000009,98.0664652568,2,"[1, 2]",supplementary_operation,False,excluded
-1,-1,2036,4067,5,supplementary_operation,1,[5],True,1543,6204356,6205898,1,True,11197.969,11213.749,11197.969,11213.749,15.78,0,0,1542,True,0.010233463035,0.00159358988882,0.0099999999984,0.0300000000007,97.7186311787,3,"[0, 1, 2]",supplementary_operation,False,excluded
-1,-1,2037,4069,5,supplementary_operation,1,[5],True,1563,6207537,6209099,1,True,11230.879,11246.889,11230.879,11246.889,16.01,0,0,1562,True,0.0102496798976,0.00182503307813,0.0099999999984,0.0400000000009,97.5640224859,3,"[0, 1, 2]",supplementary_operation,False,excluded
-1,-1,2038,4071,5,supplementary_operation,1,[5],True,1534,6210795,6212328,1,True,11264.209,11279.659,11264.209,11279.659,15.45,0,0,1533,True,0.0100782778865,0.000881278297392,0.0099999999984,0.0200000000023,99.2233009709,3,"[0, 1, 2]",supplementary_operation,False,excluded
-1,-1,2039,4073,5,supplementary_operation,1,[5],True,1520,6213654,6215173,1,True,11292.939,11308.129,11292.939,11308.129,15.19,0,0,1519,True,0.01,0.0,0.0099999999984,0.010000000002,100.0,3,"[0, 1, 2]",supplementary_operation,False,excluded
-1,-1,2040,4075,5,supplementary_operation,1,[5],True,1459,6216400,6217858,1,True,11320.399,11334.979,11320.399,11334.979,14.58,0,0,1458,True,0.01,0.0,0.0099999999984,0.010000000002,100.0,3,"[0, 1, 2]",supplementary_operation,False,excluded
-1,-1,2041,4077,5,supplementary_operation,1,[5],True,1707,6219635,6221341,1,True,11352.749,11369.809,11352.749,11369.809,17.06,0,0,1706,True,0.01,7.36275143029e-10,0.0099999999984,0.010000000002,100.0,3,"[0, 1, 2]",supplementary_operation,False,excluded
-1,-1,2042,4079,5,supplementary_operation,1,[5],True,1692,6223079,6224770,1,True,11387.189,11404.109,11387.189,11404.109,16.92,0,0,1691,True,0.0100059136606,0.000243108276666,0.0099999999984,0.0200000000004,99.9408983451,3,"[0, 1, 2]",supplementary_operation,False,excluded
-1,-1,2043,4081,5,supplementary_operation,1,[5],True,1601,6226543,6228143,1,True,11421.879,11437.909,11421.879,11437.909,16.03,0,0,1600,True,0.01001875,0.000432606562036,0.0099999999984,0.0200000000004,99.8128509045,3,"[0, 1, 2]",supplementary_operation,False,excluded
-1,-1,2044,4083,5,supplementary_operation,1,[5],True,1519,6229973,6231491,1,True,11456.209,11471.409,11456.209,11471.409,15.2,0,0,1518,True,0.0100131752306,0.000362737810271,0.0099999999984,0.0200000000023,99.8684210526,3,"[0, 1, 2]",supplementary_operation,False,excluded
-1,-1,2045,4085,5,supplementary_operation,1,[5],True,1447,6233222,6234668,1,True,11488.729,11503.189,11488.729,11503.189,14.46,0,0,1446,True,0.01,0.0,0.0099999999984,0.010000000002,100.0,3,"[0, 1, 2]",supplementary_operation,False,excluded
-1,-1,2046,4087,5,supplementary_operation,1,[5],True,1394,6235904,6237297,1,True,11515.549,11529.479,11515.549,11529.479,13.93,0,0,1393,True,0.01,0.0,0.0099999999984,0.010000000002,100.0,3,"[0, 1, 2]",supplementary_operation,False,excluded
-1,-1,2047,4089,5,supplementary_operation,1,[5],True,1720,6239066,6240785,1,True,11547.179,11564.399,11547.179,11564.399,17.22,0,0,1719,True,0.010017452007,0.000417391299902,0.0099999999984,0.0200000000004,99.8257839721,2,"[1, 2]",supplementary_operation,False,excluded
-1,-1,2048,4091,5,supplementary_operation,1,[5],True,1636,6242557,6244192,1,True,11582.439,11599.079,11582.439,11599.079,16.64,0,0,1635,True,0.0101773700306,0.00136549051151,0.0099999999984,0.0300000000007,98.2572115384,3,"[0, 1, 2]",supplementary_operation,False,excluded
-1,-1,2049,4093,5,supplementary_operation,1,[5],True,1452,6245872,6247323,1,True,11616.319,11630.979,11616.319,11630.979,14.66,0,0,1451,True,0.0101033769814,0.00107745950683,0.0099999999984,0.0300000000007,98.9768076398,3,"[0, 1, 2]",supplementary_operation,False,excluded
