sample_nr,label,label_name,unique_label_count,labels_json,has_single_label,row_count,first_global_row,last_global_row,contiguous_segment_count,rows_are_contiguous,first_timestamp,last_timestamp,minimum_timestamp,maximum_timestamp,duration_seconds,timestamp_decrease_count,timestamp_equal_count,positive_delta_count,timestamps_monotonic_nondecreasing,mean_positive_delta_seconds,std_positive_delta_seconds,minimum_positive_delta_seconds,maximum_positive_delta_seconds,estimated_sampling_rate_hz,runtime_state_count,runtime_states_json
1,5,supplementary_operation,1,[5],True,2004,0,2003,1,True,21182.84,21202.91,21182.84,21202.91,20.07,0,0,2003,True,0.0100199700449,0.00054694777747,0.0099999999984,0.0299999999988,99.8006975585,3,"[0, 1, 2]"
2,0,normal_tightening,1,[0],True,1355,2004,3358,1,True,21202.92,21216.62,21202.92,21216.62,13.7,0,0,1354,True,0.01011816839,0.001080610999,0.0099999999984,0.0200000000004,98.8321167883,2,"[1, 2]"
3,5,supplementary_operation,1,[5],True,1544,3359,4902,1,True,21216.63,21232.12,21216.63,21232.12,15.49,0,0,1543,True,0.0100388852884,0.00062236710893,0.0099999999984,0.0200000000004,99.6126533247,3,"[0, 1, 2]"
4,0,normal_tightening,1,[0],True,1249,4903,6151,1,True,21232.13,21244.63,21232.13,21244.63,12.5,0,0,1248,True,0.010016025641,0.000565911653373,0.0099999999984,0.0300000000025,99.84,3,"[0, 1, 2]"
5,5,supplementary_operation,1,[5],True,1520,6152,7671,1,True,21244.64,21259.83,21244.64,21259.83,15.19,0,0,1519,True,0.01,5.58308270214e-10,0.0099999999984,0.010000000002,100,3,"[0, 1, 2]"
6,0,normal_tightening,1,[0],True,1177,7672,8848,1,True,21259.84,21271.6,21259.84,21271.6,11.76,0,0,1176,True,0.01,1.13467620043e-09,0.0099999999984,0.010000000002,100,3,"[0, 1, 2]"
7,5,supplementary_operation,1,[5],True,1440,8849,10288,1,True,21271.61,21286.01,21271.61,21286.01,14.4,0,0,1439,True,0.0100069492703,0.000263523074729,0.0099999999984,0.0200000000004,99.9305555556,3,"[0, 1, 2]"
8,0,normal_tightening,1,[0],True,1354,10289,11642,1,True,21286.02,21299.55,21286.02,21299.55,13.53,0,0,1353,True,0.01,9.24017971055e-10,0.0099999999984,0.010000000002,100,2,"[1, 2]"
9,5,supplementary_operation,1,[5],True,1427,11643,13069,1,True,21299.56,21313.82,21299.56,21313.82,14.26,0,0,1426,True,0.01,7.63386316167e-10,0.0099999999984,0.010000000002,100,3,"[0, 1, 2]"
10,0,normal_tightening,1,[0],True,1389,13070,14458,1,True,21313.83,21327.72,21313.83,21327.72,13.89,0,0,1388,True,0.010007204611,0.000268317355194,0.0099999999984,0.0200000000004,99.9280057595,3,"[0, 1, 2]"
11,5,supplementary_operation,1,[5],True,1462,14459,15920,1,True,21327.73,21342.36,21327.73,21342.36,14.63,0,0,1461,True,0.0100136892539,0.000369736586904,0.0099999999984,0.0200000000004,99.8632946001,3,"[0, 1, 2]"
12,0,normal_tightening,1,[0],True,1357,15921,17277,1,True,21342.37,21356.14,21342.37,21356.14,13.77,0,0,1356,True,0.0101548672566,0.00134895290873,0.0099999999984,0.0300000000025,98.4749455338,3,"[0, 1, 2]"
13,5,supplementary_operation,1,[5],True,1540,17278,18817,1,True,21356.15,21371.54,21356.15,21371.54,15.39,0,0,1539,True,0.01,4.65661287308e-10,0.0099999999984,0.010000000002,100,3,"[0, 1, 2]"
14,0,normal_tightening,1,[0],True,1269,18818,20086,1,True,21371.55,21384.3,21371.55,21384.3,12.75,0,0,1268,True,0.0100552050473,0.000840673291214,0.0099999999984,0.0299999999988,99.4509803922,3,"[0, 1, 2]"
15,5,supplementary_operation,1,[5],True,1549,20087,21635,1,True,21384.31,21400.01,21384.31,21400.01,15.7,0,0,1548,True,0.010142118863,0.00133738093247,0.0099999999984,0.0300000000025,98.5987261147,3,"[0, 1, 2]"
16,0,normal_tightening,1,[0],True,1263,21636,22898,1,True,21400.02,21412.7,21400.02,21412.7,12.68,0,0,1262,True,0.0100475435816,0.000794766650978,0.0099999999984,0.0300000000025,99.5268138801,3,"[0, 1, 2]"
17,5,supplementary_operation,1,[5],True,1478,22899,24376,1,True,21412.71,21427.54,21412.71,21427.54,14.83,0,0,1477,True,0.0100406228842,0.000636064952313,0.0099999999984,0.0200000000004,99.5954146999,3,"[0, 1, 2]"
18,0,normal_tightening,1,[0],True,1242,24377,25618,1,True,21427.55,21440.02,21427.55,21440.02,12.47,0,0,1241,True,0.0100483481064,0.000693645099597,0.0099999999984,0.0200000000004,99.5188452285,3,"[0, 1, 2]"
19,5,supplementary_operation,1,[5],True,1479,25619,27097,1,True,21440.03,21454.82,21440.03,21454.82,14.79,0,0,1478,True,0.0100067658999,0.000260025424242,0.0099999999984,0.0200000000004,99.9323867478,3,"[0, 1, 2]"
20,0,normal_tightening,1,[0],True,1194,27098,28291,1,True,21454.83,21466.92,21454.83,21466.92,12.09,0,0,1193,True,0.0101341156748,0.00128781167896,0.0099999999984,0.0300000000025,98.676592225,3,"[0, 1, 2]"
21,5,supplementary_operation,1,[5],True,1388,28292,29679,1,True,21466.93,21480.9,21466.93,21480.9,13.97,0,0,1387,True,0.0100720980534,0.00100208513488,0.0099999999984,0.0299999999988,99.2841803865,3,"[0, 1, 2]"
22,0,normal_tightening,1,[0],True,1386,29680,31065,1,True,21480.91,21494.76,21480.91,21494.76,13.85,0,0,1385,True,0.01,8.63359133608e-10,0.0099999999984,0.010000000002,100,3,"[0, 1, 2]"
23,5,supplementary_operation,1,[5],True,1397,31066,32462,1,True,21494.77,21508.74,21494.77,21508.74,13.97,0,0,1396,True,0.0100071633238,0.000267547985643,0.0099999999984,0.0200000000004,99.9284180386,3,"[0, 1, 2]"
24,0,normal_tightening,1,[0],True,1678,32463,34140,1,True,21508.75,21525.52,21508.75,21525.52,16.77,0,0,1677,True,0.01,0,0.0099999999984,0.010000000002,100,3,"[0, 1, 2]"
25,5,supplementary_operation,1,[5],True,1510,34141,35650,1,True,21525.53,21540.63,21525.53,21540.63,15.1,0,0,1509,True,0.0100066269052,0.000257342449832,0.0099999999984,0.0200000000004,99.9337748344,3,"[0, 1, 2]"
26,0,normal_tightening,1,[0],True,1714,35651,37364,1,True,21540.64,21557.79,21540.64,21557.79,17.15,0,0,1713,True,0.0100116754232,0.000341493655641,0.0099999999984,0.0200000000004,99.8833819242,3,"[0, 1, 2]"
27,5,supplementary_operation,1,[5],True,1512,37365,38876,1,True,21557.8,21572.93,21557.8,21572.93,15.13,0,0,1511,True,0.0100132362674,0.00036357595481,0.0099999999984,0.0200000000004,99.8678122934,3,"[0, 1, 2]"
28,0,normal_tightening,1,[0],True,1296,38877,40172,1,True,21572.94,21585.89,21572.94,21585.89,12.95,0,0,1295,True,0.01,1.04125029291e-09,0.0099999999984,0.010000000002,100,3,"[0, 1, 2]"
29,5,supplementary_operation,1,[5],True,1543,40173,41715,1,True,21585.9,21601.32,21585.9,21601.32,15.42,0,0,1542,True,0.01,4.79992668333e-10,0.0099999999984,0.010000000002,100,3,"[0, 1, 2]"
30,0,normal_tightening,1,[0],True,1714,41716,43429,1,True,21601.33,21618.47,21601.33,21618.47,17.14,0,0,1713,True,0.0100058377116,0.000241543034051,0.0099999999984,0.0200000000004,99.9416569428,3,"[0, 1, 2]"
31,5,supplementary_operation,1,[5],True,1431,43430,44860,1,True,21618.48,21632.78,21618.48,21632.78,14.3,0,0,1430,True,0.01,7.54457514082e-10,0.0099999999984,0.010000000002,100,3,"[0, 1, 2]"
32,0,normal_tightening,1,[0],True,1400,44861,46260,1,True,21632.79,21646.79,21632.79,21646.79,14,0,0,1399,True,0.0100071479628,0.000267261173649,0.0099999999984,0.0200000000004,99.9285714286,2,"[1, 2]"
33,5,supplementary_operation,1,[5],True,1399,46261,47659,1,True,21646.8,21660.79,21646.8,21660.79,13.99,0,0,1398,True,0.0100071530758,0.000267356675135,0.0099999999984,0.0200000000004,99.9285203717,3,"[0, 1, 2]"
34,0,normal_tightening,1,[0],True,1780,47660,49439,1,True,21660.8,21678.6,21660.8,21678.6,17.8,0,0,1779,True,0.0100056211355,0.000237022694133,0.0099999999984,0.0200000000004,99.9438202247,3,"[0, 1, 2]"
35,5,supplementary_operation,1,[5],True,1541,49440,50980,1,True,21678.61,21694.01,21678.61,21694.01,15.4,0,0,1540,True,0.01,4.79992668333e-10,0.0099999999984,0.010000000002,100,3,"[0, 1, 2]"
36,0,normal_tightening,1,[0],True,1741,50981,52721,1,True,21694.02,21711.42,21694.02,21711.42,17.4,0,0,1740,True,0.01,0,0.0099999999984,0.010000000002,100,2,"[1, 2]"
37,5,supplementary_operation,1,[5],True,1529,52722,54250,1,True,21711.43,21726.72,21711.43,21726.72,15.29,0,0,1528,True,0.0100065445026,0.000255738529888,0.0099999999984,0.0200000000004,99.9345977763,3,"[0, 1, 2]"
38,0,normal_tightening,1,[0],True,1721,54251,55971,1,True,21726.73,21743.93,21726.73,21743.93,17.2,0,0,1720,True,0.01,0,0.0099999999984,0.010000000002,100,3,"[0, 1, 2]"
39,5,supplementary_operation,1,[5],True,1491,55972,57462,1,True,21743.94,21758.84,21743.94,21758.84,14.9,0,0,1490,True,0.01,6.16011980703e-10,0.0099999999984,0.010000000002,100,3,"[0, 1, 2]"
40,0,normal_tightening,1,[0],True,1866,57463,59328,1,True,21758.85,21777.51,21758.85,21777.51,18.66,0,0,1865,True,0.0100053619303,0.000231496334003,0.0099999999984,0.0200000000004,99.9464094319,3,"[0, 1, 2]"
41,5,supplementary_operation,1,[5],True,1431,59329,60759,1,True,21777.52,21791.99,21777.52,21791.99,14.47,0,0,1430,True,0.0101188811189,0.00108382584784,0.0099999999984,0.0200000000004,98.8251554941,3,"[0, 1, 2]"
42,0,normal_tightening,1,[0],True,1750,60760,62509,1,True,21792,21809.66,21792,21809.66,17.66,0,0,1749,True,0.0100971983991,0.000981089426026,0.0099999999984,0.0200000000004,99.0373725934,3,"[0, 1, 2]"
43,5,supplementary_operation,1,[5],True,1407,62510,63916,1,True,21809.67,21823.73,21809.67,21823.73,14.06,0,0,1406,True,0.01,8.06549008735e-10,0.0099999999984,0.010000000002,100,3,"[0, 1, 2]"
44,0,normal_tightening,1,[0],True,1742,63917,65658,1,True,21823.74,21841.16,21823.74,21841.16,17.42,0,0,1741,True,0.0100057438254,0.000239593953078,0.0099999999984,0.0200000000004,99.9425947187,3,"[0, 1, 2]"
45,5,supplementary_operation,1,[5],True,1385,65659,67043,1,True,21841.17,21855.01,21841.17,21855.01,13.84,0,0,1384,True,0.01,8.71172497695e-10,0.0099999999984,0.010000000002,100,3,"[0, 1, 2]"
46,0,normal_tightening,1,[0],True,1718,67044,68761,1,True,21855.02,21872.19,21855.02,21872.19,17.17,0,0,1717,True,0.01,0,0.0099999999984,0.010000000002,100,3,"[0, 1, 2]"
47,5,supplementary_operation,1,[5],True,1489,68762,70250,1,True,21872.2,21887.09,21872.2,21887.09,14.89,0,0,1488,True,0.0100067204301,0.000259150799537,0.0099999999984,0.0200000000004,99.9328408328,3,"[0, 1, 2]"
48,0,normal_tightening,1,[0],True,1710,70251,71960,1,True,21887.1,21904.2,21887.1,21904.2,17.1,0,0,1709,True,0.0100058513751,0.000241825375315,0.0099999999984,0.0200000000004,99.9415204678,3,"[0, 1, 2]"
49,5,supplementary_operation,1,[5],True,1481,71961,73441,1,True,21904.21,21919.01,21904.21,21919.01,14.8,0,0,1480,True,0.01,6.58544507983e-10,0.0099999999984,0.010000000002,100,3,"[0, 1, 2]"
50,0,normal_tightening,1,[0],True,1752,73442,75193,1,True,21919.02,21936.53,21919.02,21936.53,17.51,0,0,1751,True,0.01,0,0.0099999999984,0.010000000002,100,3,"[0, 1, 2]"
51,5,supplementary_operation,1,[5],True,1441,75194,76634,1,True,21936.54,21950.95,21936.54,21950.95,14.41,0,0,1440,True,0.0100069444444,0.000263431621283,0.0099999999984,0.0199999999968,99.9306037474,3,"[0, 1, 2]"
52,0,normal_tightening,1,[0],True,1765,76635,78399,1,True,21950.96,21968.6,21950.96,21968.6,17.64,0,0,1764,True,0.01,0,0.0099999999984,0.010000000002,100,3,"[0, 1, 2]"
53,5,supplementary_operation,1,[5],True,1436,78400,79835,1,True,21968.61,21982.97,21968.61,21982.97,14.36,0,0,1435,True,0.0100069686411,0.000263889842922,0.0099999999984,0.0200000000004,99.930362117,2,"[1, 2]"
54,0,normal_tightening,1,[0],True,1762,79836,81597,1,True,21982.98,22000.62,21982.98,22000.62,17.64,0,0,1761,True,0.0100170357751,0.000412392450919,0.0099999999984,0.0200000000004,99.8299319728,3,"[0, 1, 2]"
55,5,supplementary_operation,1,[5],True,1413,81598,83010,1,True,22000.63,22014.75,22000.63,22014.75,14.12,0,0,1412,True,0.01,7.9810323664e-10,0.0099999999984,0.010000000002,100,3,"[0, 1, 2]"
56,0,normal_tightening,1,[0],True,1718,83011,84728,1,True,22014.76,22031.93,22014.76,22031.93,17.17,0,0,1717,True,0.01,0,0.0099999999984,0.010000000002,100,2,"[1, 2]"
57,5,supplementary_operation,1,[5],True,1411,84729,86139,1,True,22031.94,22046.07,22031.94,22046.07,14.13,0,0,1410,True,0.0100212765957,0.000460774634653,0.0099999999984,0.0200000000004,99.7876857749,3,"[0, 1, 2]"
58,0,normal_tightening,1,[0],True,1706,86140,87845,1,True,22046.08,22063.14,22046.08,22063.14,17.06,0,0,1705,True,0.0100058651026,0.00024210870899,0.0099999999984,0.0200000000004,99.9413833529,3,"[0, 1, 2]"
59,5,supplementary_operation,1,[5],True,1334,87846,89179,1,True,22063.15,22076.48,22063.15,22076.48,13.33,0,0,1333,True,0.01,9.67018290297e-10,0.0099999999984,0.010000000002,100,3,"[0, 1, 2]"
60,0,normal_tightening,1,[0],True,1718,89180,90897,1,True,22076.49,22093.66,22076.49,22093.66,17.17,0,0,1717,True,0.01,0,0.0099999999984,0.010000000002,100,3,"[0, 1, 2]"
61,5,supplementary_operation,1,[5],True,1607,90898,92504,1,True,22093.67,22109.73,22093.67,22109.73,16.06,0,0,1606,True,0.01,2.01637252184e-10,0.0099999999984,0.010000000002,100,3,"[0, 1, 2]"
62,0,normal_tightening,1,[0],True,1751,92505,94255,1,True,22109.74,22127.24,22109.74,22127.24,17.5,0,0,1750,True,0.01,0,0.0099999999984,0.010000000002,100,3,"[0, 1, 2]"
63,5,supplementary_operation,1,[5],True,1598,94256,95853,1,True,22127.25,22143.25,22127.25,22143.25,16,0,0,1597,True,0.0100187852223,0.000433011937893,0.0099999999984,0.0200000000004,99.8125,3,"[0, 1, 2]"
64,0,normal_tightening,1,[0],True,1747,95854,97600,1,True,22143.26,22160.72,22143.26,22160.72,17.46,0,0,1746,True,0.01,0,0.0099999999984,0.010000000002,100,3,"[0, 1, 2]"
65,5,supplementary_operation,1,[5],True,1687,97601,99287,1,True,22160.73,22177.6,22160.73,22177.6,16.87,0,0,1686,True,0.0100059311981,0.00024346827693,0.0099999999984,0.0199999999968,99.9407231772,3,"[0, 1, 2]"
66,0,normal_tightening,1,[0],True,1727,99288,101014,1,True,22177.61,22194.87,22177.61,22194.87,17.26,0,0,1726,True,0.01,0,0.0099999999984,0.010000000002,100,2,"[1, 2]"
67,5,supplementary_operation,1,[5],True,1700,101015,102714,1,True,22194.88,22211.87,22194.88,22211.87,16.99,0,0,1699,True,0.01,0,0.0099999999984,0.010000000002,100,3,"[0, 1, 2]"
68,0,normal_tightening,1,[0],True,2121,102715,104835,1,True,22211.88,22233.08,22211.88,22233.08,21.2,0,0,2120,True,0.01,0,0.0099999999984,0.010000000002,100,3,"[0, 1, 2]"
69,5,supplementary_operation,1,[5],True,1718,104836,106553,1,True,22233.09,22250.27,22233.09,22250.27,17.18,0,0,1717,True,0.0100058241118,0.000241261679418,0.0099999999984,0.0200000000004,99.9417927823,3,"[0, 1, 2]"
70,0,normal_tightening,1,[0],True,1697,106554,108250,1,True,22250.28,22267.24,22250.28,22267.24,16.96,0,0,1696,True,0.01,0,0.0099999999984,0.010000000002,100,3,"[0, 1, 2]"
71,5,supplementary_operation,1,[5],True,1719,108251,109969,1,True,22267.25,22284.44,22267.25,22284.44,17.19,0,0,1718,True,0.0100058207218,0.000241191494249,0.0099999999984,0.0200000000004,99.9418266434,2,"[1, 2]"
72,0,normal_tightening,1,[0],True,1736,109970,111705,1,True,22284.45,22301.82,22284.45,22301.82,17.37,0,0,1735,True,0.0100115273775,0.000339324173606,0.0099999999984,0.0200000000004,99.8848589522,3,"[0, 1, 2]"
73,5,supplementary_operation,1,[5],True,1672,111706,113377,1,True,22301.83,22318.55,22301.83,22318.55,16.72,0,0,1671,True,0.0100059844405,0.000244557950151,0.0099999999984,0.0199999999968,99.9401913876,3,"[0, 1, 2]"
74,0,normal_tightening,1,[0],True,1696,113378,115073,1,True,22318.56,22335.53,22318.56,22335.53,16.97,0,0,1695,True,0.01001179941,0.000343299976966,0.0099999999984,0.0200000000004,99.8821449617,2,"[1, 2]"
75,5,supplementary_operation,1,[5],True,1616,115074,116689,1,True,22335.54,22351.71,22335.54,22351.71,16.17,0,0,1615,True,0.0100123839009,0.0003516897045,0.0099999999984,0.0200000000004,99.876314162,3,"[0, 1, 2]"
76,0,normal_tightening,1,[0],True,1716,116690,118405,1,True,22351.72,22368.9,22351.72,22368.9,17.18,0,0,1715,True,0.0100174927114,0.000417876918203,0.0099999999984,0.0200000000004,99.8253783469,2,"[1, 2]"
77,5,supplementary_operation,1,[5],True,1629,118406,120034,1,True,22368.91,22385.2,22368.91,22385.2,16.29,0,0,1628,True,0.0100061425061,0.000247764668685,0.0099999999984,0.0200000000004,99.9386126458,3,"[0, 1, 2]"
78,0,normal_tightening,1,[0],True,1821,120035,121855,1,True,22385.21,22403.41,22385.21,22403.41,18.2,0,0,1820,True,0.01,0,0.0099999999984,0.010000000002,100,3,"[0, 1, 2]"
79,5,supplementary_operation,1,[5],True,1578,121856,123433,1,True,22403.42,22419.38,22403.42,22419.38,15.96,0,0,1577,True,0.0101204819277,0.00109101025759,0.0099999999984,0.0200000000004,98.8095238095,3,"[0, 1, 2]"
80,0,normal_tightening,1,[0],True,1720,123434,125153,1,True,22419.39,22436.76,22419.39,22436.76,17.37,0,0,1719,True,0.0101047120419,0.00101791738717,0.0099999999984,0.0200000000004,98.96373057,3,"[0, 1, 2]"
81,5,supplementary_operation,1,[5],True,1687,125154,126840,1,True,22436.77,22453.67,22436.77,22453.67,16.9,0,0,1686,True,0.0100237247924,0.000486502886247,0.0099999999984,0.0200000000004,99.7633136095,3,"[0, 1, 2]"
82,0,normal_tightening,1,[0],True,1716,126841,128556,1,True,22453.68,22470.85,22453.68,22470.85,17.17,0,0,1715,True,0.0100116618076,0.000341294708508,0.0099999999984,0.0200000000004,99.8835177636,3,"[0, 1, 2]"
83,5,supplementary_operation,1,[5],True,1702,128557,130258,1,True,22470.86,22487.89,22470.86,22487.89,17.03,0,0,1701,True,0.0100117577895,0.000342694688828,0.0099999999984,0.0200000000004,99.8825601879,2,"[1, 2]"
84,0,normal_tightening,1,[0],True,1721,130259,131979,1,True,22487.9,22505.1,22487.9,22505.1,17.2,0,0,1720,True,0.01,0,0.0099999999984,0.010000000002,100,3,"[0, 1, 2]"
85,5,supplementary_operation,1,[5],True,1716,131980,133695,1,True,22505.11,22522.26,22505.11,22522.26,17.15,0,0,1715,True,0.01,0,0.0099999999984,0.010000000002,100,3,"[0, 1, 2]"
86,0,normal_tightening,1,[0],True,1774,133696,135469,1,True,22522.27,22540,22522.27,22540,17.73,0,0,1773,True,0.01,0,0.0099999999984,0.010000000002,100,3,"[0, 1, 2]"
87,5,supplementary_operation,1,[5],True,1704,135470,137173,1,True,22540.01,22557.04,22540.01,22557.04,17.03,0,0,1703,True,0.01,0,0.0099999999984,0.010000000002,100,2,"[1, 2]"
88,0,normal_tightening,1,[0],True,1765,137174,138938,1,True,22557.05,22574.69,22557.05,22574.69,17.64,0,0,1764,True,0.01,0,0.0099999999984,0.010000000002,100,3,"[0, 1, 2]"
89,5,supplementary_operation,1,[5],True,1719,138939,140657,1,True,22574.7,22591.89,22574.7,22591.89,17.19,0,0,1718,True,0.0100058207218,0.000241191494161,0.0099999999984,0.0199999999968,99.9418266434,3,"[0, 1, 2]"
90,0,normal_tightening,1,[0],True,1701,140658,142358,1,True,22591.9,22608.9,22591.9,22608.9,17,0,0,1700,True,0.01,0,0.0099999999984,0.010000000002,100,3,"[0, 1, 2]"
91,5,supplementary_operation,1,[5],True,1705,142359,144063,1,True,22608.91,22625.95,22608.91,22625.95,17.04,0,0,1704,True,0.01,0,0.0099999999984,0.010000000002,100,3,"[0, 1, 2]"
92,0,normal_tightening,1,[0],True,1724,144064,145787,1,True,22625.96,22643.22,22625.96,22643.22,17.26,0,0,1723,True,0.0100174114916,0.000416907370741,0.0099999999984,0.0200000000004,99.8261877173,3,"[0, 1, 2]"
93,5,supplementary_operation,1,[5],True,1692,145788,147479,1,True,22643.23,22660.15,22643.23,22660.15,16.92,0,0,1691,True,0.0100059136606,0.000243108276576,0.0099999999984,0.0199999999968,99.9408983451,3,"[0, 1, 2]"
94,0,normal_tightening,1,[0],True,2230,147480,149709,1,True,22660.16,22682.46,22660.16,22682.46,22.3,0,0,2229,True,0.0100044863167,0.000211761753562,0.0099999999984,0.0199999999968,99.9551569507,3,"[0, 1, 2]"
95,5,supplementary_operation,1,[5],True,1674,149710,151383,1,True,22682.47,22699.21,22682.47,22699.21,16.74,0,0,1673,True,0.0100059772863,0.000244411814629,0.0099999999984,0.0199999999968,99.9402628435,3,"[0, 1, 2]"
96,0,normal_tightening,1,[0],True,1827,151384,153210,1,True,22699.22,22717.49,22699.22,22717.49,18.27,0,0,1826,True,0.0100054764513,0.000233954100374,0.0099999999984,0.0200000000004,99.9452654625,3,"[0, 1, 2]"
97,5,supplementary_operation,1,[5],True,1723,153211,154933,1,True,22717.5,22734.87,22717.5,22734.87,17.37,0,0,1722,True,0.0100871080139,0.00115241850364,0.0099999999984,0.0400000000009,99.1364421416,3,"[0, 1, 2]"
98,0,normal_tightening,1,[0],True,2228,154934,157161,1,True,22734.88,22757.37,22734.88,22757.37,22.49,0,0,2227,True,0.0100987876066,0.00103340407892,0.0099999999984,0.0299999999988,99.0217874611,2,"[1, 2]"
99,5,supplementary_operation,1,[5],True,1622,157162,158783,1,True,22757.38,22773.63,22757.38,22773.63,16.25,0,0,1621,True,0.0100246761258,0.000496137427808,0.0099999999984,0.0200000000004,99.7538461538,3,"[0, 1, 2]"
100,0,normal_tightening,1,[0],True,1865,158784,160648,1,True,22773.64,22792.35,22773.64,22792.35,18.71,0,0,1864,True,0.0100375536481,0.000693846050289,0.0099999999984,0.0299999999988,99.6258685195,2,"[1, 2]"
101,5,supplementary_operation,1,[5],True,1602,160649,162250,1,True,22792.36,22808.39,22792.36,22808.39,16.03,0,0,1601,True,0.0100124921924,0.000499687695161,0.0099999999984,0.0299999999988,99.8752339364,3,"[0, 1, 2]"
102,0,normal_tightening,1,[0],True,1731,162251,163981,1,True,22808.4,22825.7,22808.4,22825.7,17.3,0,0,1730,True,0.01,0,0.0099999999984,0.010000000002,100,3,"[0, 1, 2]"
103,5,supplementary_operation,1,[5],True,1609,163982,165590,1,True,22825.71,22841.81,22825.71,22841.81,16.1,0,0,1608,True,0.0100124378109,0.00049859955859,0.0099999999984,0.0300000000025,99.8757763975,3,"[0, 1, 2]"
104,0,normal_tightening,1,[0],True,1730,165591,167320,1,True,22841.82,22859.12,22841.82,22859.12,17.3,0,0,1729,True,0.01000578369,0.000240423478215,0.0099999999984,0.0200000000004,99.9421965318,3,"[0, 1, 2]"
105,5,supplementary_operation,1,[5],True,1603,167321,168923,1,True,22859.13,22875.15,22859.13,22875.15,16.02,0,0,1602,True,0.01,2.01637252184e-10,0.0099999999984,0.010000000002,100,2,"[1, 2]"
106,0,normal_tightening,1,[0],True,1752,168924,170675,1,True,22875.16,22892.7,22875.16,22892.7,17.54,0,0,1751,True,0.0100171330668,0.000534095096034,0.0099999999984,0.0299999999988,99.8289623717,3,"[0, 1, 2]"
107,5,supplementary_operation,1,[5],True,1588,170676,172263,1,True,22892.71,22908.6,22892.71,22908.6,15.89,0,0,1587,True,0.0100126023945,0.000501885513654,0.0099999999984,0.0300000000025,99.8741346759,3,"[0, 1, 2]"
108,0,normal_tightening,1,[0],True,1750,172264,174013,1,True,22908.61,22926.12,22908.61,22926.12,17.51,0,0,1749,True,0.0100114351058,0.000337964933259,0.0099999999984,0.0200000000004,99.8857795545,2,"[1, 2]"
109,5,supplementary_operation,1,[5],True,1605,174014,175618,1,True,22926.13,22942.26,22926.13,22942.26,16.13,0,0,1604,True,0.0100561097257,0.000826218636202,0.0099999999984,0.0299999999988,99.442033478,3,"[0, 1, 2]"
110,0,normal_tightening,1,[0],True,1792,175619,177410,1,True,22942.27,22960.18,22942.27,22960.18,17.91,0,0,1791,True,0.01,0,0.0099999999984,0.010000000002,100,3,"[0, 1, 2]"
111,5,supplementary_operation,1,[5],True,1649,177411,179059,1,True,22960.19,22976.68,22960.19,22976.68,16.49,0,0,1648,True,0.0100060679612,0.000246257571463,0.0099999999984,0.0200000000004,99.9393571862,3,"[0, 1, 2]"
112,0,normal_tightening,1,[0],True,1706,179060,180765,1,True,22976.69,22993.75,22976.69,22993.75,17.06,0,0,1705,True,0.0100058651026,0.00024210870899,0.0099999999984,0.0200000000004,99.9413833529,3,"[0, 1, 2]"
113,5,supplementary_operation,1,[5],True,1699,180766,182464,1,True,22993.76,23010.75,22993.76,23010.75,16.99,0,0,1698,True,0.0100058892815,0.000242606948379,0.0099999999984,0.0199999999968,99.9411418481,3,"[0, 1, 2]"
114,0,normal_tightening,1,[0],True,1722,182465,184186,1,True,23010.76,23027.97,23010.76,23027.97,17.21,0,0,1721,True,0.01,0,0.0099999999984,0.010000000002,100,3,"[0, 1, 2]"
115,5,supplementary_operation,1,[5],True,1701,184187,185887,1,True,23027.98,23044.99,23027.98,23044.99,17.01,0,0,1700,True,0.0100058823529,0.000242464280546,0.0099999999984,0.0200000000004,99.9412110523,2,"[1, 2]"
116,0,normal_tightening,1,[0],True,1703,185888,187590,1,True,23045,23062.02,23045,23062.02,17.02,0,0,1702,True,0.01,0,0.0099999999984,0.010000000002,100,3,"[0, 1, 2]"
117,5,supplementary_operation,1,[5],True,1632,187591,189222,1,True,23062.03,23078.34,23062.03,23078.34,16.31,0,0,1631,True,0.01,0,0.0099999999984,0.010000000002,100,2,"[1, 2]"
118,0,normal_tightening,1,[0],True,1724,189223,190946,1,True,23078.35,23095.58,23078.35,23095.58,17.23,0,0,1723,True,0.01,0,0.0099999999984,0.010000000002,100,3,"[0, 1, 2]"
119,5,supplementary_operation,1,[5],True,1580,190947,192526,1,True,23095.59,23111.39,23095.59,23111.39,15.8,0,0,1579,True,0.0100063331222,0.000251577252273,0.0099999999984,0.0200000000004,99.9367088608,3,"[0, 1, 2]"
120,0,normal_tightening,1,[0],True,1698,192527,194224,1,True,23111.4,23128.37,23111.4,23128.37,16.97,0,0,1697,True,0.01,0,0.0099999999984,0.010000000002,100,3,"[0, 1, 2]"
121,5,supplementary_operation,1,[5],True,1581,194225,195805,1,True,23128.38,23144.18,23128.38,23144.18,15.8,0,0,1580,True,0.01,3.49245965481e-10,0.0099999999984,0.010000000002,100,3,"[0, 1, 2]"
122,0,normal_tightening,1,[0],True,1775,195806,197580,1,True,23144.19,23161.94,23144.19,23161.94,17.75,0,0,1774,True,0.0100056369786,0.000237356293851,0.0099999999984,0.0199999999968,99.9436619718,3,"[0, 1, 2]"
123,5,supplementary_operation,1,[5],True,1574,197581,199154,1,True,23161.95,23177.68,23161.95,23177.68,15.73,0,0,1573,True,0.01,3.68137571515e-10,0.0099999999984,0.010000000002,100,3,"[0, 1, 2]"
124,0,normal_tightening,1,[0],True,1757,199155,200911,1,True,23177.69,23195.26,23177.69,23195.26,17.57,0,0,1756,True,0.0100056947608,0.000238569021172,0.0099999999984,0.0199999999968,99.9430848036,3,"[0, 1, 2]"
125,5,supplementary_operation,1,[5],True,1591,200912,202502,1,True,23195.27,23211.17,23195.27,23211.17,15.9,0,0,1590,True,0.01,2.60312573228e-10,0.0099999999984,0.010000000002,100,3,"[0, 1, 2]"
126,0,normal_tightening,1,[0],True,1741,202503,204243,1,True,23211.18,23228.58,23211.18,23228.58,17.4,0,0,1740,True,0.01,0,0.0099999999984,0.010000000002,100,3,"[0, 1, 2]"
127,5,supplementary_operation,1,[5],True,1606,204244,205849,1,True,23228.59,23244.65,23228.59,23244.65,16.06,0,0,1605,True,0.0100062305296,0.00024953251583,0.0099999999984,0.0200000000004,99.9377334994,3,"[0, 1, 2]"
128,0,normal_tightening,1,[0],True,1755,205850,207604,1,True,23244.66,23262.2,23244.66,23262.2,17.54,0,0,1754,True,0.01,0,0.0099999999984,0.010000000002,100,3,"[0, 1, 2]"
129,5,supplementary_operation,1,[5],True,1676,207605,209280,1,True,23262.21,23278.97,23262.21,23278.97,16.76,0,0,1675,True,0.0100059701493,0.000244265940852,0.0099999999984,0.0200000000004,99.9403341289,3,"[0, 1, 2]"
130,0,normal_tightening,1,[0],True,1702,209281,210982,1,True,23278.98,23296,23278.98,23296,17.02,0,0,1701,True,0.0100058788948,0.000242393040905,0.0099999999984,0.0200000000004,99.9412455934,3,"[0, 1, 2]"
131,5,supplementary_operation,1,[5],True,28,210983,211010,1,True,23296.01,23321.76,23296.01,23321.76,25.75,0,0,27,True,0.953703703704,4.81196360024,0.0099999999984,25.49,1.04854368932,3,"[0, 1, 2]"
132,5,supplementary_operation,1,[5],True,1773,211011,212783,1,True,16282.077,16299.797,16282.077,16299.797,17.72,0,0,1772,True,0.01,9.09232729569e-10,0.0099999999984,0.010000000002,100,2,"[1, 2]"
133,1,damaged_screw,1,[1],True,1688,212784,214471,1,True,16299.807,16316.697,16299.807,16316.697,16.89,0,0,1687,True,0.0100118553646,0.000350934811162,0.00799999999981,0.0200000000004,99.8815867377,2,"[1, 2]"
134,5,supplementary_operation,1,[5],True,1000,214472,215471,1,True,16316.707,16326.697,16316.707,16326.697,9.99,0,0,999,True,0.01,0,0.0099999999984,0.010000000002,100,3,"[0, 1, 2]"
135,2,extra_component,1,[2],True,1451,215472,216922,1,True,16326.707,16341.237,16326.707,16341.237,14.53,0,0,1450,True,0.0100206896552,0.000455903279442,0.00900000000001,0.0200000000004,99.7935306263,3,"[0, 1, 2]"
136,5,supplementary_operation,1,[5],True,1641,216923,218563,1,True,16341.247,16357.647,16341.247,16357.647,16.4,0,0,1640,True,0.01,6.04911756551e-10,0.0099999999984,0.010000000002,100,3,"[0, 1, 2]"
137,1,damaged_screw,1,[1],True,1713,218564,220276,1,True,16357.657,16374.777,16357.657,16374.777,17.12,0,0,1712,True,0.01,6.83585926592e-05,0.00800000000163,0.0119999999988,100,3,"[0, 1, 2]"
138,5,supplementary_operation,1,[5],True,1616,220277,221892,1,True,16374.787,16390.937,16374.787,16390.937,16.15,0,0,1615,True,0.01,0,0.00999999999476,0.0100000000057,100,3,"[0, 1, 2]"
139,1,damaged_screw,1,[1],True,1719,221893,223611,1,True,16390.947,16408.127,16390.947,16408.127,17.18,0,0,1718,True,0.01,0,0.00999999999476,0.0100000000057,100,3,"[0, 1, 2]"
140,5,supplementary_operation,1,[5],True,1564,223612,225175,1,True,16408.137,16423.767,16408.137,16423.767,15.63,0,0,1563,True,0.01,5.46036260182e-10,0.00999999999476,0.0100000000057,100,2,"[1, 2]"
141,1,damaged_screw,1,[1],True,1715,225176,226890,1,True,16423.777,16440.917,16423.777,16440.917,17.14,0,0,1714,True,0.01,1.64636126996e-10,0.00999999999476,0.0100000000057,100,3,"[0, 1, 2]"
142,5,supplementary_operation,1,[5],True,1540,226891,228430,1,True,16440.927,16456.447,16440.927,16456.447,15.52,0,0,1539,True,0.0100844704353,0.00158964706963,0.00999999999476,0.0499999999993,99.162371134,3,"[0, 1, 2]"
143,1,damaged_screw,1,[1],True,1675,228431,230105,1,True,16456.457,16473.207,16456.457,16473.207,16.75,0,0,1674,True,0.0100059737157,0.000244338845127,0.00999999999476,0.0200000000004,99.9402985075,2,"[1, 2]"
144,5,supplementary_operation,1,[5],True,13,230106,230118,1,True,16473.217,16473.337,16473.217,16473.337,0.119999999999,0,0,12,True,0.00999999999992,1.16415321827e-10,0.00999999999476,0.0100000000057,100.000000001,3,"[0, 1, 2]"
145,1,damaged_screw,1,[1],True,2567,230119,232685,1,True,16489.317,16515.358,16489.317,16515.358,26.041,0,0,2566,True,0.0101484801247,0.00182607222723,0.00799999999799,0.0500000000029,98.5369225452,5,"[0, 1, 2, 3, 4]"
146,5,supplementary_operation,1,[5],True,1893,232686,234578,1,True,18684.587,18703.507,18684.587,18703.507,18.92,0,0,1892,True,0.01,0,0.0099999999984,0.010000000002,100,3,"[0, 1, 2]"
147,1,damaged_screw,1,[1],True,1643,234579,236221,1,True,18703.517,18719.937,18703.517,18719.937,16.42,0,0,1642,True,0.01,0,0.0099999999984,0.010000000002,100,3,"[0, 1, 2]"
148,5,supplementary_operation,1,[5],True,1594,236222,237815,1,True,18719.947,18735.877,18719.947,18735.877,15.93,0,0,1593,True,0.01,3.54329336364e-05,0.0089999999982,0.0110000000022,100,3,"[0, 1, 2]"
149,1,damaged_screw,1,[1],True,1693,237816,239508,1,True,18735.887,18752.827,18735.887,18752.827,16.94,0,0,1692,True,0.010011820331,0.00034531959484,0.0089999999982,0.0200000000004,99.8819362456,3,"[0, 1, 2]"
150,5,supplementary_operation,1,[5],True,1555,239509,241063,1,True,18752.837,18768.377,18752.837,18768.377,15.54,0,0,1554,True,0.01,4.19741412097e-10,0.0099999999984,0.010000000002,100,2,"[1, 2]"
151,1,damaged_screw,1,[1],True,1645,241064,242708,1,True,18768.387,18784.827,18768.387,18784.827,16.44,0,0,1644,True,0.01,0,0.0099999999984,0.010000000002,100,3,"[0, 1, 2]"
152,5,supplementary_operation,1,[5],True,1640,242709,244348,1,True,18784.837,18801.227,18784.837,18801.227,16.39,0,0,1639,True,0.01,0,0.0099999999984,0.010000000002,100,3,"[0, 1, 2]"
153,0,normal_tightening,1,[0],True,1652,244349,246000,1,True,18801.237,18817.747,18801.237,18817.747,16.51,0,0,1651,True,0.01,0,0.0099999999984,0.010000000002,100,3,"[0, 1, 2]"
154,5,supplementary_operation,1,[5],True,995,246001,246995,1,True,18817.757,18827.697,18817.757,18827.697,9.94,0,0,994,True,0.01,1.09207252036e-09,0.0099999999984,0.010000000002,100,3,"[0, 1, 2]"
155,2,extra_component,1,[2],True,1516,246996,248511,1,True,18827.707,18842.857,18827.707,18842.857,15.15,0,0,1515,True,0.01,7.2667241902e-05,0.00800000000163,0.0119999999988,100,3,"[0, 1, 2]"
156,5,supplementary_operation,1,[5],True,1494,248512,250005,1,True,18842.867,18857.877,18842.867,18857.877,15.01,0,0,1493,True,0.0100535833892,0.000730042952125,0.0099999999984,0.0200000000004,99.4670219853,2,"[1, 2]"
157,0,normal_tightening,1,[0],True,1737,250006,251742,1,True,18857.887,18875.257,18857.887,18875.257,17.37,0,0,1736,True,0.0100057603687,0.000249356771968,0.00799999999799,0.0200000000004,99.9424294761,3,"[0, 1, 2]"
158,5,supplementary_operation,1,[5],True,1546,251743,253288,1,True,18875.267,18890.717,18875.267,18890.717,15.45,0,0,1545,True,0.01,4.65661287308e-10,0.0099999999984,0.010000000002,100,2,"[1, 2]"
159,0,normal_tightening,1,[0],True,1710,253289,254998,1,True,18890.727,18907.827,18890.727,18907.827,17.1,0,0,1709,True,0.0100058513751,0.000241825375315,0.0099999999984,0.0200000000004,99.9415204678,3,"[0, 1, 2]"
160,5,supplementary_operation,1,[5],True,1482,254999,256480,1,True,18907.837,18922.647,18907.837,18922.647,14.81,0,0,1481,True,0.01,6.26915694114e-10,0.0099999999984,0.010000000002,100,3,"[0, 1, 2]"
161,0,normal_tightening,1,[0],True,1307,256481,257787,1,True,18922.657,18935.727,18922.657,18935.727,13.07,0,0,1306,True,0.0100076569678,0.000276606307337,0.0099999999984,0.0200000000004,99.9234889059,2,"[1, 2]"
162,5,supplementary_operation,1,[5],True,1580,257788,259367,1,True,18935.737,18951.537,18935.737,18951.537,15.8,0,0,1579,True,0.0100063331222,0.000251577252273,0.0099999999984,0.0200000000004,99.9367088608,3,"[0, 1, 2]"
163,0,normal_tightening,1,[0],True,1279,259368,260646,1,True,18951.547,18964.327,18951.547,18964.327,12.78,0,0,1278,True,0.01,3.95593885571e-05,0.00900000000183,0.0109999999986,100,3,"[0, 1, 2]"
164,5,supplementary_operation,1,[5],True,1576,260647,262222,1,True,18964.337,18980.087,18964.337,18980.087,15.75,0,0,1575,True,0.01,3.49245965481e-10,0.0099999999984,0.010000000002,100,3,"[0, 1, 2]"
165,0,normal_tightening,1,[0],True,1263,262223,263485,1,True,18980.097,18992.717,18980.097,18992.717,12.62,0,0,1262,True,0.01,3.9809371384e-05,0.00900000000183,0.0109999999986,100,3,"[0, 1, 2]"
166,5,supplementary_operation,1,[5],True,1473,263486,264958,1,True,18992.727,19007.457,18992.727,19007.457,14.73,0,0,1472,True,0.0100067934783,0.000260554468908,0.0099999999984,0.0200000000004,99.9321113374,3,"[0, 1, 2]"
167,0,normal_tightening,1,[0],True,1234,264959,266192,1,True,19007.467,19019.797,19007.467,19019.797,12.33,0,0,1233,True,0.01,1.14655795062e-09,0.0099999999984,0.010000000002,100,2,"[1, 2]"
168,5,supplementary_operation,1,[5],True,1491,266193,267683,1,True,19019.807,19034.707,19019.807,19034.707,14.9,0,0,1490,True,0.01,6.26915694114e-10,0.0099999999984,0.010000000002,100,2,"[1, 2]"
169,0,normal_tightening,1,[0],True,1219,267684,268902,1,True,19034.717,19046.897,19034.717,19046.897,12.18,0,0,1218,True,0.01,4.05220448739e-05,0.00900000000183,0.0109999999986,100,3,"[0, 1, 2]"
170,5,supplementary_operation,1,[5],True,1477,268903,270379,1,True,19046.907,19061.667,19046.907,19061.667,14.76,0,0,1476,True,0.01,3.68105087717e-05,0.0089999999982,0.0110000000022,100,3,"[0, 1, 2]"
171,0,normal_tightening,1,[0],True,1227,270380,271606,1,True,19061.677,19073.947,19061.677,19073.947,12.27,0,0,1226,True,0.0100081566069,0.000285481239819,0.0099999999984,0.0200000000004,99.9185004075,3,"[0, 1, 2]"
172,5,supplementary_operation,1,[5],True,1030,271607,272636,1,True,19073.957,19084.257,19073.957,19084.257,10.3,0,0,1029,True,0.010009718173,0.000314691788069,0.00900000000183,0.0199999999968,99.9029126214,3,"[0, 1, 2]"
173,2,extra_component,1,[2],True,1297,272637,273933,1,True,19084.267,19097.227,19084.267,19097.227,12.96,0,0,1296,True,0.01,1.03472201355e-09,0.0099999999984,0.010000000002,100,3,"[0, 1, 2]"
174,5,supplementary_operation,1,[5],True,1441,273934,275374,1,True,19097.237,19111.637,19097.237,19111.637,14.4,0,0,1440,True,0.01,7.4535599201e-05,0.00800000000163,0.0119999999988,100,3,"[0, 1, 2]"
175,0,normal_tightening,1,[0],True,1377,275375,276751,1,True,19111.647,19125.407,19111.647,19125.407,13.76,0,0,1376,True,0.01,8.8659267708e-10,0.0099999999984,0.010000000002,100,3,"[0, 1, 2]"
176,5,supplementary_operation,1,[5],True,1395,276752,278146,1,True,19125.417,19139.357,19125.417,19139.357,13.94,0,0,1394,True,0.01,8.47516335696e-10,0.0099999999984,0.010000000002,100,3,"[0, 1, 2]"
177,0,normal_tightening,1,[0],True,1801,278147,279947,1,True,19139.367,19157.367,19139.367,19157.367,18,0,0,1800,True,0.01,3.3333333394e-05,0.0089999999982,0.0110000000022,100,3,"[0, 1, 2]"
178,5,supplementary_operation,1,[5],True,1421,279948,281368,1,True,19157.377,19171.577,19157.377,19171.577,14.2,0,0,1420,True,0.01,7.89567127722e-10,0.0099999999984,0.010000000002,100,3,"[0, 1, 2]"
179,0,normal_tightening,1,[0],True,1691,281369,283059,1,True,19171.587,19188.527,19171.587,19188.527,16.94,0,0,1690,True,0.0100236686391,0.000485928169537,0.0099999999984,0.0200000000004,99.7638724912,3,"[0, 1, 2]"
180,5,supplementary_operation,1,[5],True,1339,283060,284398,1,True,19188.537,19201.957,19188.537,19201.957,13.42,0,0,1338,True,0.0100298953662,0.00054594865078,0.0099999999984,0.0200000000004,99.7019374069,2,"[1, 2]"
181,0,normal_tightening,1,[0],True,1716,284399,286114,1,True,19201.967,19219.127,19201.967,19219.127,17.16,0,0,1715,True,0.0100058309038,0.000241402233765,0.0099999999984,0.0200000000004,99.9417249417,3,"[0, 1, 2]"
182,5,supplementary_operation,1,[5],True,1715,286115,287829,1,True,19219.137,19236.297,19219.137,19236.297,17.16,0,0,1714,True,0.0100116686114,0.000341394138599,0.0099999999984,0.0200000000004,99.8834498835,3,"[0, 1, 2]"
183,0,normal_tightening,1,[0],True,1703,287830,289532,1,True,19236.307,19253.347,19236.307,19253.347,17.04,0,0,1702,True,0.0100117508813,0.000342594118396,0.0099999999984,0.0200000000004,99.882629108,3,"[0, 1, 2]"
184,5,supplementary_operation,1,[5],True,1710,289533,291242,1,True,19253.357,19270.447,19253.357,19270.447,17.09,0,0,1709,True,0.01,0,0.0099999999984,0.010000000002,100,3,"[0, 1, 2]"
185,0,normal_tightening,1,[0],True,1811,291243,293053,1,True,19270.457,19288.557,19270.457,19288.557,18.1,0,0,1810,True,0.01,0,0.0099999999984,0.010000000002,100,3,"[0, 1, 2]"
186,5,supplementary_operation,1,[5],True,1663,293054,294716,1,True,19288.567,19305.207,19288.567,19305.207,16.64,0,0,1662,True,0.0100120336943,0.000346687371637,0.0099999999984,0.0200000000004,99.8798076923,3,"[0, 1, 2]"
187,0,normal_tightening,1,[0],True,1848,294717,296564,1,True,19305.217,19323.687,19305.217,19323.687,18.47,0,0,1847,True,0.01,0,0.0099999999984,0.010000000002,100,3,"[0, 1, 2]"
188,5,supplementary_operation,1,[5],True,1601,296565,298165,1,True,19323.697,19339.727,19323.697,19339.727,16.03,0,0,1600,True,0.01001875,0.000432606562036,0.0099999999984,0.0200000000004,99.8128509046,3,"[0, 1, 2]"
189,0,normal_tightening,1,[0],True,1755,298166,299920,1,True,19339.737,19357.277,19339.737,19357.277,17.54,0,0,1754,True,0.01,0,0.0099999999984,0.010000000002,100,3,"[0, 1, 2]"
190,5,supplementary_operation,1,[5],True,1060,299921,300980,1,True,19357.287,19367.877,19357.287,19367.877,10.59,0,0,1059,True,0.01,4.34577281436e-05,0.0089999999982,0.0110000000022,100,3,"[0, 1, 2]"
191,2,extra_component,1,[2],True,1690,300981,302670,1,True,19367.887,19384.777,19367.887,19384.777,16.89,0,0,1689,True,0.01,0,0.0099999999984,0.010000000002,100,2,"[1, 2]"
192,5,supplementary_operation,1,[5],True,1672,302671,304342,1,True,19384.787,19401.517,19384.787,19401.517,16.73,0,0,1671,True,0.0100119688809,0.000345753604459,0.0099999999984,0.0200000000004,99.8804542738,3,"[0, 1, 2]"
193,0,normal_tightening,1,[0],True,1681,304343,306023,1,True,19401.527,19418.327,19401.527,19418.327,16.8,0,0,1680,True,0.01,6.90065558843e-05,0.00800000000163,0.0119999999988,100,2,"[1, 2]"
194,5,supplementary_operation,1,[5],True,1638,306024,307661,1,True,19418.337,19434.707,19418.337,19434.707,16.37,0,0,1637,True,0.01,0,0.0099999999984,0.010000000002,100,2,"[1, 2]"
195,0,normal_tightening,1,[0],True,1723,307662,309384,1,True,19434.717,19451.937,19434.717,19451.937,17.22,0,0,1722,True,0.01,0,0.0099999999984,0.010000000002,100,3,"[0, 1, 2]"
196,5,supplementary_operation,1,[5],True,1614,309385,310998,1,True,19451.947,19468.087,19451.947,19468.087,16.14,0,0,1613,True,0.010006199628,0.00024891332797,0.0099999999984,0.0200000000004,99.9380421314,3,"[0, 1, 2]"
197,0,normal_tightening,1,[0],True,1727,310999,312725,1,True,19468.097,19485.357,19468.097,19485.357,17.26,0,0,1726,True,0.01,3.40403958196e-05,0.00900000000183,0.0109999999986,100,3,"[0, 1, 2]"
198,5,supplementary_operation,1,[5],True,1613,312726,314338,1,True,19485.367,19501.487,19485.367,19501.487,16.12,0,0,1612,True,0.01,3.52234976269e-05,0.00900000000183,0.0109999999986,100,3,"[0, 1, 2]"
199,0,normal_tightening,1,[0],True,1737,314339,316075,1,True,19501.497,19518.857,19501.497,19518.857,17.36,0,0,1736,True,0.01,3.39422117296e-05,0.0089999999982,0.0110000000022,100,2,"[1, 2]"
200,5,supplementary_operation,1,[5],True,1616,316076,317691,1,True,19518.867,19535.017,19518.867,19535.017,16.15,0,0,1615,True,0.01,1.16415321827e-10,0.0099999999984,0.010000000002,100,3,"[0, 1, 2]"
201,0,normal_tightening,1,[0],True,1822,317692,319513,1,True,19535.027,19553.237,19535.027,19553.237,18.21,0,0,1821,True,0.01,0,0.0099999999984,0.010000000002,100,2,"[1, 2]"
202,5,supplementary_operation,1,[5],True,1580,319514,321093,1,True,19553.247,19569.037,19553.247,19569.037,15.79,0,0,1579,True,0.01,3.08005990352e-10,0.0099999999984,0.010000000002,100,3,"[0, 1, 2]"
203,0,normal_tightening,1,[0],True,1740,321094,322833,1,True,19569.047,19586.437,19569.047,19586.437,17.39,0,0,1739,True,0.01,0,0.0099999999984,0.010000000002,100,3,"[0, 1, 2]"
204,5,supplementary_operation,1,[5],True,1408,322834,324241,1,True,19586.447,20053.211,19586.447,20053.211,466.764,0,0,1407,True,0.331744136461,12.0643325891,0.00999999999476,452.704,3.01437128827,3,"[0, 1, 2]"
205,2,extra_component,1,[2],True,1690,324242,325931,1,True,20053.221,20070.161,20053.221,20070.161,16.94,0,0,1689,True,0.0100296033156,0.000806471689719,0.00999999999476,0.0400000000009,99.7048406139,3,"[0, 1, 2]"
206,5,supplementary_operation,1,[5],True,1485,325932,327416,1,True,20070.171,20085.021,20070.171,20085.021,14.85,0,0,1484,True,0.0100067385445,0.00025949958915,0.00999999999476,0.0200000000004,99.9326599326,3,"[0, 1, 2]"
207,0,normal_tightening,1,[0],True,1728,327417,329144,1,True,20085.031,20102.311,20085.031,20102.311,17.28,0,0,1727,True,0.010005790388,0.000240562571845,0.00999999999476,0.0200000000004,99.9421296297,3,"[0, 1, 2]"
208,5,supplementary_operation,1,[5],True,1480,329145,330624,1,True,20102.321,20117.151,20102.321,20117.151,14.83,0,0,1479,True,0.0100270453009,0.000636355297742,0.00999999999476,0.0299999999988,99.7302764666,3,"[0, 1, 2]"
209,0,normal_tightening,1,[0],True,1379,330625,332003,1,True,20117.161,20130.941,20117.161,20130.941,13.78,0,0,1378,True,0.01,9.16655160721e-10,0.00999999999476,0.0100000000057,100,3,"[0, 1, 2]"
210,5,supplementary_operation,1,[5],True,1469,332004,333472,1,True,20130.951,20145.631,20130.951,20145.631,14.68,0,0,1468,True,0.01,8.23180634978e-10,0.00999999999476,0.0100000000057,100,3,"[0, 1, 2]"
211,0,normal_tightening,1,[0],True,1207,333473,334679,1,True,20145.641,20157.701,20145.641,20157.701,12.06,0,0,1206,True,0.01,1.06696404865e-09,0.00999999999476,0.0100000000057,100,3,"[0, 1, 2]"
212,5,supplementary_operation,1,[5],True,1497,334680,336176,1,True,20157.711,20172.671,20157.711,20172.671,14.96,0,0,1496,True,0.01,7.89567127722e-10,0.00999999999476,0.0100000000057,100,3,"[0, 1, 2]"
213,0,normal_tightening,1,[0],True,1233,336177,337409,1,True,20172.681,20185.001,20172.681,20185.001,12.32,0,0,1232,True,0.01,1.06696404865e-09,0.00999999999476,0.0100000000057,100,2,"[1, 2]"
214,5,supplementary_operation,1,[5],True,1051,337410,338460,1,True,20185.011,20195.511,20185.011,20195.511,10.5,0,0,1050,True,0.01,1.01488524665e-09,0.00999999999476,0.0100000000057,100,3,"[0, 1, 2]"
215,3,missing_screw,1,[3],True,1051,338461,339511,1,True,20195.521,20206.021,20195.521,20206.021,10.5,0,0,1050,True,0.01,1.02154030318e-09,0.00999999999476,0.0100000000057,100,2,"[1, 2]"
216,5,supplementary_operation,1,[5],True,1433,339512,340944,1,True,20206.031,20220.351,20206.031,20220.351,14.32,0,0,1432,True,0.00999999999999,8.55474410154e-10,0.00999999999476,0.0100000000057,100,3,"[0, 1, 2]"
217,0,normal_tightening,1,[0],True,1489,340945,342433,1,True,20220.361,20235.241,20220.361,20235.241,14.88,0,0,1488,True,0.01,3.6661778771e-05,0.0089999999982,0.0109999999986,100,3,"[0, 1, 2]"
218,5,supplementary_operation,1,[5],True,1419,342434,343852,1,True,20235.251,20249.491,20235.251,20249.491,14.24,0,0,1418,True,0.0100423131171,0.000649107672712,0.00999999999476,0.0200000000004,99.5786516854,3,"[0, 1, 2]"
219,0,normal_tightening,1,[0],True,1714,343853,345566,1,True,20249.501,20266.631,20249.501,20266.631,17.13,0,0,1713,True,0.01,5.07442623323e-10,0.00999999999476,0.0100000000057,100,3,"[0, 1, 2]"
220,5,supplementary_operation,1,[5],True,1426,345567,346992,1,True,20266.641,20280.891,20266.641,20280.891,14.25,0,0,1425,True,0.01,8.63359133608e-10,0.00999999999476,0.0100000000057,100,3,"[0, 1, 2]"
221,0,normal_tightening,1,[0],True,1717,346993,348709,1,True,20280.901,20298.061,20280.901,20298.061,17.16,0,0,1716,True,0.01,5.20625146455e-10,0.00999999999476,0.0100000000057,100,3,"[0, 1, 2]"
222,5,supplementary_operation,1,[5],True,982,348710,349691,1,True,20298.071,20307.881,20298.071,20307.881,9.81,0,0,981,True,0.01,1.00818626092e-09,0.00999999999476,0.0100000000057,100,3,"[0, 1, 2]"
223,2,extra_component,1,[2],True,1695,349692,351386,1,True,20307.891,20324.841,20307.891,20324.841,16.95,0,0,1694,True,0.0100059031877,0.000245311367723,0.00900000000183,0.0200000000004,99.9410029498,3,"[0, 1, 2]"
224,5,supplementary_operation,1,[5],True,1679,351387,353065,1,True,20324.851,20341.641,20324.851,20341.641,16.79,0,0,1678,True,0.0100059594756,0.000244047618956,0.00999999999476,0.0200000000004,99.9404407385,3,"[0, 1, 2]"
225,0,normal_tightening,1,[0],True,1690,353066,354755,1,True,20341.651,20358.541,20341.651,20358.541,16.89,0,0,1689,True,0.01,3.44112282251e-05,0.0089999999982,0.0110000000022,100,3,"[0, 1, 2]"
226,5,supplementary_operation,1,[5],True,1723,354756,356478,1,True,20358.551,20375.781,20358.551,20375.781,17.23,0,0,1722,True,0.0100058072009,0.000240911365026,0.00999999999476,0.0200000000077,99.9419616947,3,"[0, 1, 2]"
227,0,normal_tightening,1,[0],True,1788,356479,358266,1,True,20375.791,20393.661,20375.791,20393.661,17.87,0,0,1787,True,0.01,3.34543596683e-05,0.0089999999982,0.0109999999986,100,3,"[0, 1, 2]"
228,5,supplementary_operation,1,[5],True,1698,358267,359964,1,True,20393.671,20410.641,20393.671,20410.641,16.97,0,0,1697,True,0.01,3.43300215485e-05,0.00900000000183,0.0109999999986,100,3,"[0, 1, 2]"
229,0,normal_tightening,1,[0],True,1691,359965,361655,1,True,20410.651,20427.581,20410.651,20427.581,16.93,0,0,1690,True,0.0100177514793,0.000544725899031,0.00900000000183,0.0299999999988,99.8227997638,3,"[0, 1, 2]"
230,5,supplementary_operation,1,[5],True,1721,361656,363376,1,True,20427.591,20444.811,20427.591,20444.811,17.22,0,0,1720,True,0.010011627907,0.000340798857916,0.00999999999476,0.0200000000004,99.8838559814,2,"[1, 2]"
231,0,normal_tightening,1,[0],True,1812,363377,365188,1,True,20444.821,20462.931,20444.821,20462.931,18.11,0,0,1811,True,0.01,3.49245965481e-10,0.00999999999476,0.0100000000057,100,3,"[0, 1, 2]"
232,5,supplementary_operation,1,[5],True,1673,365189,366861,1,True,20462.941,20479.661,20462.941,20479.661,16.72,0,0,1672,True,0.01,5.58308270214e-10,0.00999999999476,0.0100000000057,100,3,"[0, 1, 2]"
233,0,normal_tightening,1,[0],True,1747,366862,368608,1,True,20479.671,20497.161,20479.671,20497.161,17.49,0,0,1746,True,0.0100171821306,0.00041415707205,0.00999999999476,0.0200000000077,99.8284734134,3,"[0, 1, 2]"
234,5,supplementary_operation,1,[5],True,1639,368609,370247,1,True,20497.171,20513.601,20497.171,20513.601,16.43,0,0,1638,True,0.0100305250305,0.00055165072985,0.00999999999476,0.0200000000004,99.6956786366,3,"[0, 1, 2]"
235,0,normal_tightening,1,[0],True,1718,370248,371965,1,True,20513.611,20530.781,20513.611,20530.781,17.17,0,0,1717,True,0.01,5.33482024325e-10,0.00999999999476,0.0100000000057,100,3,"[0, 1, 2]"
236,5,supplementary_operation,1,[5],True,2082,371966,374047,1,True,20530.791,21038.278,20530.791,21038.278,507.487,0,0,2081,True,0.243866890918,10.6657520085,0.00999999999476,486.677,4.10059765078,3,"[0, 1, 2]"
237,0,normal_tightening,1,[0],True,1741,374048,375788,1,True,21038.288,21055.688,21038.288,21055.688,17.4,0,0,1740,True,0.01,0,0.00999999999476,0.010000000002,100,3,"[0, 1, 2]"
238,5,supplementary_operation,1,[5],True,1662,375789,377450,1,True,21055.698,21072.308,21055.698,21072.308,16.61,0,0,1661,True,0.01,3.47000564797e-05,0.00900000000183,0.0110000000022,100,3,"[0, 1, 2]"
239,0,normal_tightening,1,[0],True,1775,377451,379225,1,True,21072.318,21090.058,21072.318,21090.058,17.74,0,0,1774,True,0.01,0,0.00999999999476,0.010000000002,100,3,"[0, 1, 2]"
240,5,supplementary_operation,1,[5],True,974,379226,380199,1,True,21090.068,21099.798,21090.068,21099.798,9.73,0,0,973,True,0.01,1.06696404865e-09,0.00999999999476,0.010000000002,100,3,"[0, 1, 2]"
241,2,extra_component,1,[2],True,1823,380200,382022,1,True,21099.808,21118.028,21099.808,21118.028,18.22,0,0,1822,True,0.01,0,0.00999999999476,0.010000000002,100,3,"[0, 1, 2]"
242,5,supplementary_operation,1,[5],True,1617,382023,383639,1,True,21118.038,21134.198,21118.038,21134.198,16.16,0,0,1616,True,0.01,3.51798771794e-05,0.00900000000183,0.0109999999986,100,3,"[0, 1, 2]"
243,0,normal_tightening,1,[0],True,1751,383640,385390,1,True,21134.208,21151.708,21134.208,21151.708,17.5,0,0,1750,True,0.01,0,0.00999999999476,0.010000000002,100,2,"[1, 2]"
244,5,supplementary_operation,1,[5],True,1469,385391,386859,1,True,21151.718,21166.398,21151.718,21166.398,14.68,0,0,1468,True,0.01,6.48173080155e-10,0.00999999999476,0.010000000002,100,3,"[0, 1, 2]"
245,0,normal_tightening,1,[0],True,1740,386860,388599,1,True,21166.408,21183.808,21166.408,21183.808,17.4,0,0,1739,True,0.0100057504313,0.000239731611116,0.00999999999476,0.0200000000004,99.9425287356,3,"[0, 1, 2]"
246,5,supplementary_operation,1,[5],True,1446,388600,390045,1,True,21183.818,21198.268,21183.818,21198.268,14.45,0,0,1445,True,0.01,7.08126757561e-10,0.00999999999476,0.010000000002,100,3,"[0, 1, 2]"
247,0,normal_tightening,1,[0],True,1762,390046,391807,1,True,21198.278,21215.888,21198.278,21215.888,17.61,0,0,1761,True,0.01,0,0.00999999999476,0.010000000002,100,3,"[0, 1, 2]"
248,5,supplementary_operation,1,[5],True,1027,391808,392834,1,True,21215.898,21226.158,21215.898,21226.158,10.26,0,0,1026,True,0.01,1.06696404865e-09,0.00999999999476,0.010000000002,100,3,"[0, 1, 2]"
249,3,missing_screw,1,[3],True,1509,392835,394343,1,True,21226.168,21241.248,21226.168,21241.248,15.08,0,0,1508,True,0.01,3.64178520479e-05,0.0089999999982,0.0109999999986,100,3,"[0, 1, 2]"
250,5,supplementary_operation,1,[5],True,1461,394344,395804,1,True,21241.258,21255.858,21241.258,21255.858,14.6,0,0,1460,True,0.01,6.78812141396e-10,0.00999999999476,0.010000000002,100,3,"[0, 1, 2]"
251,0,normal_tightening,1,[0],True,1700,395805,397504,1,True,21255.868,21272.938,21255.868,21272.938,17.07,0,0,1699,True,0.0100470865215,0.000765744329364,0.00999999999476,0.0299999999952,99.5313415349,2,"[1, 2]"
252,5,supplementary_operation,1,[5],True,1407,397505,398911,1,True,21272.948,21287.108,21272.948,21287.108,14.16,0,0,1406,True,0.0100711237553,0.000841190489567,0.0089999999982,0.0200000000004,99.2937853107,3,"[0, 1, 2]"
253,0,normal_tightening,1,[0],True,1734,398912,400645,1,True,21287.118,21304.448,21287.118,21304.448,17.33,0,0,1733,True,0.01,0,0.00999999999476,0.010000000002,100,3,"[0, 1, 2]"
254,5,supplementary_operation,1,[5],True,1398,400646,402043,1,True,21304.458,21318.428,21304.458,21318.428,13.97,0,0,1397,True,0.01,8.23180634978e-10,0.00999999999476,0.010000000002,100,3,"[0, 1, 2]"
255,0,normal_tightening,1,[0],True,1724,402044,403767,1,True,21318.438,21335.668,21318.438,21335.668,17.23,0,0,1723,True,0.01,0,0.00999999999476,0.010000000002,100,2,"[1, 2]"
256,5,supplementary_operation,1,[5],True,1410,403768,405177,1,True,21335.678,21349.878,21335.678,21349.878,14.2,0,0,1409,True,0.0100780695529,0.0011586109096,0.00999999999476,0.0299999999988,99.2253521127,3,"[0, 1, 2]"
257,0,normal_tightening,1,[0],True,1710,405178,406887,1,True,21349.888,21367.008,21349.888,21367.008,17.12,0,0,1709,True,0.0100175541252,0.000540611326562,0.00999999999476,0.0300000000025,99.8247663551,3,"[0, 1, 2]"
258,5,supplementary_operation,1,[5],True,1032,406888,407919,1,True,21367.018,21377.328,21367.018,21377.328,10.31,0,0,1031,True,0.01,1.07959128165e-09,0.00999999999476,0.010000000002,100,3,"[0, 1, 2]"
259,3,missing_screw,1,[3],True,1472,407920,409391,1,True,21377.338,21392.048,21377.338,21392.048,14.71,0,0,1471,True,0.01,3.68730160484e-05,0.0089999999982,0.0110000000022,100,3,"[0, 1, 2]"
260,5,supplementary_operation,1,[5],True,1689,409392,411080,1,True,21392.058,21408.938,21392.058,21408.938,16.88,0,0,1688,True,0.01,3.44214195455e-05,0.0089999999982,0.0109999999986,100,2,"[1, 2]"
261,0,normal_tightening,1,[0],True,1800,411081,412880,1,True,21408.948,21426.938,21408.948,21426.938,17.99,0,0,1799,True,0.01,3.3342596513e-05,0.0089999999982,0.0110000000022,100,3,"[0, 1, 2]"
262,5,supplementary_operation,1,[5],True,1704,412881,414584,1,True,21426.948,21443.978,21426.948,21443.978,17.03,0,0,1703,True,0.01,0,0.00999999999476,0.010000000002,100,3,"[0, 1, 2]"
263,0,normal_tightening,1,[0],True,2224,414585,416808,1,True,21443.988,21466.218,21443.988,21466.218,22.23,0,0,2223,True,0.01,0,0.00999999999476,0.010000000002,100,3,"[0, 1, 2]"
264,5,supplementary_operation,1,[5],True,1650,416809,418458,1,True,21466.228,21482.718,21466.228,21482.718,16.49,0,0,1649,True,0.01,0,0.00999999999476,0.010000000002,100,3,"[0, 1, 2]"
265,0,normal_tightening,1,[0],True,2164,418459,420622,1,True,21482.728,21504.358,21482.728,21504.358,21.63,0,0,2163,True,0.01,3.04079217305e-05,0.0089999999982,0.0110000000022,100,3,"[0, 1, 2]"
266,5,supplementary_operation,1,[5],True,1617,420623,422239,1,True,21504.368,21520.528,21504.368,21520.528,16.16,0,0,1616,True,0.01,3.51798773075e-05,0.0089999999982,0.0110000000022,100,3,"[0, 1, 2]"
267,0,normal_tightening,1,[0],True,1717,422240,423956,1,True,21520.538,21537.698,21520.538,21537.698,17.16,0,0,1716,True,0.01,0,0.00999999999476,0.010000000002,100,3,"[0, 1, 2]"
268,5,supplementary_operation,1,[5],True,1614,423957,425570,1,True,21537.708,21553.878,21537.708,21553.878,16.17,0,0,1613,True,0.0100247985121,0.000498608142921,0.0089999999982,0.0200000000004,99.7526283241,3,"[0, 1, 2]"
269,0,normal_tightening,1,[0],True,1725,425571,427295,1,True,21553.888,21571.168,21553.888,21571.168,17.28,0,0,1724,True,0.0100232018561,0.000481123929288,0.00999999999476,0.0200000000041,99.7685185185,3,"[0, 1, 2]"
270,5,supplementary_operation,1,[5],True,1450,427296,428745,1,True,21571.178,21585.668,21571.178,21585.668,14.49,0,0,1449,True,0.01,7.43037616274e-05,0.00800000000163,0.0119999999988,100,3,"[0, 1, 2]"
271,0,normal_tightening,1,[0],True,1751,428746,430496,1,True,21585.678,21603.178,21585.678,21603.178,17.5,0,0,1750,True,0.01,0,0.00999999999476,0.010000000002,100,3,"[0, 1, 2]"
272,5,supplementary_operation,1,[5],True,1444,430497,431940,1,True,21603.188,21617.618,21603.188,21617.618,14.43,0,0,1443,True,0.01,3.7229039567e-05,0.0089999999982,0.0109999999986,100,3,"[0, 1, 2]"
273,0,normal_tightening,1,[0],True,1777,431941,433717,1,True,21617.628,21635.388,21617.628,21635.388,17.76,0,0,1776,True,0.01,0,0.00999999999476,0.010000000002,100,3,"[0, 1, 2]"
274,5,supplementary_operation,1,[5],True,1430,433718,435147,1,True,21635.398,21649.708,21635.398,21649.708,14.31,0,0,1429,True,0.0100139958013,0.000373847736525,0.00999999999476,0.0200000000004,99.8602375961,3,"[0, 1, 2]"
275,0,normal_tightening,1,[0],True,1737,435148,436884,1,True,21649.718,21667.298,21649.718,21667.298,17.58,0,0,1736,True,0.0101267281106,0.00155025637376,0.00999999999476,0.0400000000009,98.7485779295,3,"[0, 1, 2]"
276,5,supplementary_operation,1,[5],True,1039,436885,437923,1,True,21667.308,21677.788,21667.308,21677.788,10.48,0,0,1038,True,0.0100963391137,0.00151751688732,0.00999999999476,0.0499999999956,99.0458015268,3,"[0, 1, 2]"
277,3,missing_screw,1,[3],True,1484,437924,439407,1,True,21677.798,21692.628,21677.798,21692.628,14.83,0,0,1483,True,0.01,6.16011980703e-10,0.00999999999476,0.010000000002,100,3,"[0, 1, 2]"
278,5,supplementary_operation,1,[5],True,1621,439408,441028,1,True,1669.13,1685.38,1669.13,1685.38,16.25,0,0,1620,True,0.0100308641975,0.000554697554186,0.00999999999931,0.02,99.6923076923,3,"[0, 1, 2]"
279,0,normal_tightening,1,[0],True,1284,441029,442312,1,True,1685.39,1698.27,1685.39,1698.27,12.88,0,0,1283,True,0.0100389711613,0.000623051251487,0.00999999999931,0.02,99.6118012422,3,"[0, 1, 2]"
280,5,supplementary_operation,1,[5],True,1088,442313,443400,1,True,1698.28,1709.15,1698.28,1709.15,10.87,0,0,1087,True,0.01,1.01488524665e-09,0.00999999999931,0.0100000000007,100,3,"[0, 1, 2]"
281,2,extra_component,1,[2],True,1396,443401,444796,1,True,1709.16,1723.12,1709.16,1723.12,13.96,0,0,1395,True,0.0100071684588,0.000267643795022,0.00999999999931,0.02,99.9283667622,3,"[0, 1, 2]"
282,5,supplementary_operation,1,[5],True,1542,444797,446338,1,True,1723.13,1738.57,1723.13,1738.57,15.44,0,0,1541,True,0.010019467878,0.000569285196612,0.00999999999931,0.03,99.8056994819,3,"[0, 1, 2]"
283,0,normal_tightening,1,[0],True,1250,446339,447588,1,True,1738.58,1751.08,1738.58,1751.08,12.5,0,0,1249,True,0.0100080064051,0.000282842621822,0.00999999999931,0.02,99.92,3,"[0, 1, 2]"
284,5,supplementary_operation,1,[5],True,1544,447589,449132,1,True,1751.09,1766.52,1751.09,1766.52,15.43,0,0,1543,True,0.01,1.3375102185e-09,0.00999999999931,0.0100000000007,100,3,"[0, 1, 2]"
285,0,normal_tightening,1,[0],True,1230,449133,450362,1,True,1766.53,1778.82,1766.53,1778.82,12.29,0,0,1229,True,0.01,1.18148647774e-09,0.00999999999931,0.0100000000007,100,3,"[0, 1, 2]"
286,5,supplementary_operation,1,[5],True,1514,450363,451876,1,True,1778.83,1793.96,1778.83,1793.96,15.13,0,0,1513,True,0.01,1.3222238854e-09,0.00999999999931,0.0100000000007,100,3,"[0, 1, 2]"
287,0,normal_tightening,1,[0],True,1321,451877,453197,1,True,1793.97,1807.17,1793.97,1807.17,13.2,0,0,1320,True,0.01,1.25922423629e-09,0.00999999999931,0.0100000000007,100,3,"[0, 1, 2]"
288,5,supplementary_operation,1,[5],True,1474,453198,454671,1,True,1807.18,1821.91,1807.18,1821.91,14.73,0,0,1473,True,0.01,1.37251640234e-09,0.00999999999999,0.0100000000002,100,2,"[1, 2]"
289,0,normal_tightening,1,[0],True,1334,454672,456005,1,True,1821.92,1835.25,1821.92,1835.25,13.33,0,0,1333,True,0.01,1.27526595608e-09,0.00999999999999,0.0100000000002,100,3,"[0, 1, 2]"
290,5,supplementary_operation,1,[5],True,1505,456006,457510,1,True,1835.26,1850.3,1835.26,1850.3,15.04,0,0,1504,True,0.01,1.39698386192e-09,0.00999999999999,0.0100000000002,100,3,"[0, 1, 2]"
291,0,normal_tightening,1,[0],True,1470,457511,458980,1,True,1850.31,1865,1850.31,1865,14.69,0,0,1469,True,0.01,1.37744466381e-09,0.00999999999999,0.0100000000002,100,3,"[0, 1, 2]"
292,5,supplementary_operation,1,[5],True,1430,458981,460410,1,True,1865.01,1879.32,1865.01,1879.32,14.31,0,0,1429,True,0.0100139958013,0.000528885755856,0.00999999999999,0.0300000000002,99.8602375961,3,"[0, 1, 2]"
293,0,normal_tightening,1,[0],True,1384,460411,461794,1,True,1879.33,1893.16,1879.33,1893.16,13.83,0,0,1383,True,0.01,1.31708901597e-09,0.00999999999999,0.0100000000002,100,3,"[0, 1, 2]"
294,5,supplementary_operation,1,[5],True,1472,461795,463266,1,True,1893.17,1907.9,1893.17,1907.9,14.73,0,0,1471,True,0.0100135961931,0.00052128591469,0.00999999999999,0.03,99.8642226748,2,"[1, 2]"
295,0,normal_tightening,1,[0],True,1856,463267,465122,1,True,1907.91,1926.49,1907.91,1926.49,18.58,0,0,1855,True,0.0100161725067,0.000518922180103,0.00999999999999,0.03,99.8385360603,3,"[0, 1, 2]"
296,5,supplementary_operation,1,[5],True,1480,465123,466602,1,True,1926.5,1941.3,1926.5,1941.3,14.8,0,0,1479,True,0.0100067613252,0.000259937563042,0.00999999999999,0.02,99.9324324324,3,"[0, 1, 2]"
297,0,normal_tightening,1,[0],True,1875,466603,468477,1,True,1941.31,1960.05,1941.31,1960.05,18.74,0,0,1874,True,0.01,1.56187543937e-09,0.00999999999999,0.0100000000002,100,3,"[0, 1, 2]"
298,5,supplementary_operation,1,[5],True,1391,468478,469868,1,True,1960.06,1973.96,1960.06,1973.96,13.9,0,0,1390,True,0.01,1.31193404896e-09,0.00999999999999,0.0100000000002,100,3,"[0, 1, 2]"
299,0,normal_tightening,1,[0],True,1718,469869,471586,1,True,1973.97,1991.21,1973.97,1991.21,17.24,0,0,1717,True,0.0100407687828,0.000994201647682,0.00999999999999,0.04,99.5939675174,3,"[0, 1, 2]"
300,5,supplementary_operation,1,[5],True,1324,471587,472910,1,True,1991.22,2004.45,1991.22,2004.45,13.23,0,0,1323,True,0.01,1.25922423629e-09,0.00999999999999,0.0100000000002,100,3,"[0, 1, 2]"
301,0,normal_tightening,1,[0],True,1744,472911,474654,1,True,2004.46,2021.93,2004.46,2021.93,17.47,0,0,1743,True,0.0100229489386,0.000586265661108,0.00999999999999,0.03,99.7710360618,2,"[1, 2]"
302,5,supplementary_operation,1,[5],True,1708,474655,476362,1,True,2021.94,2039.05,2021.94,2039.05,17.11,0,0,1707,True,0.0100234329233,0.00048350814955,0.00999999999999,0.02,99.7662185856,3,"[0, 1, 2]"
303,0,normal_tightening,1,[0],True,1853,476363,478215,1,True,2039.06,2057.63,2039.06,2057.63,18.57,0,0,1852,True,0.0100269978402,0.000518892588458,0.00999999999976,0.0200000000002,99.7307485191,2,"[1, 2]"
304,5,supplementary_operation,1,[5],True,1762,478216,479977,1,True,2057.64,2075.25,2057.64,2075.25,17.61,0,0,1761,True,0.01,6.58544507983e-10,0.00999999999976,0.0100000000002,100,3,"[0, 1, 2]"
305,0,normal_tightening,1,[0],True,2377,479978,482354,1,True,2075.26,2099.03,2075.26,2099.03,23.77,0,0,2376,True,0.0100042087542,0.000205109308606,0.00999999999976,0.02,99.9579301641,3,"[0, 1, 2]"
306,5,supplementary_operation,1,[5],True,1726,482355,484080,1,True,2099.04,2116.48,2099.04,2116.48,17.44,0,0,1725,True,0.0101101449275,0.00157499895813,0.00999999999976,0.0599999999999,98.9105504587,3,"[0, 1, 2]"
307,0,normal_tightening,1,[0],True,1750,484081,485830,1,True,2116.49,2133.98,2116.49,2133.98,17.49,0,0,1749,True,0.01,6.37632978038e-10,0.00999999999976,0.0100000000002,100,3,"[0, 1, 2]"
308,5,supplementary_operation,1,[5],True,1708,485831,487538,1,True,2133.99,2151.06,2133.99,2151.06,17.07,0,0,1707,True,0.01,5.70316273436e-10,0.00999999999976,0.0100000000002,100,3,"[0, 1, 2]"
309,0,normal_tightening,1,[0],True,1719,487539,489257,1,True,2151.07,2168.28,2151.07,2168.28,17.21,0,0,1718,True,0.0100174621653,0.000539194919535,0.00999999999976,0.0299999999997,99.8256827426,3,"[0, 1, 2]"
310,5,supplementary_operation,1,[5],True,1036,489258,490293,1,True,2168.29,2178.65,2168.29,2178.65,10.36,0,0,1035,True,0.0100096618357,0.000310684737985,0.00999999999976,0.02,99.9034749035,3,"[0, 1, 2]"
311,2,extra_component,1,[2],True,1519,490294,491812,1,True,2178.66,2194.01,2178.66,2194.01,15.35,0,0,1518,True,0.0101119894598,0.00132895240222,0.00999999999976,0.04,98.8925081433,3,"[0, 1, 2]"
312,5,supplementary_operation,1,[5],True,1668,491813,493480,1,True,2194.02,2211.14,2194.02,2211.14,17.12,0,0,1667,True,0.0102699460108,0.00216013456544,0.00999999999976,0.0599999999999,97.3714953271,3,"[0, 1, 2]"
313,0,normal_tightening,1,[0],True,1691,493481,495171,1,True,2211.15,2228.16,2211.15,2228.16,17.01,0,0,1690,True,0.0100650887574,0.000874639481672,0.00999999999976,0.0300000000002,99.3533215755,3,"[0, 1, 2]"
314,5,supplementary_operation,1,[5],True,1633,495172,496804,1,True,2228.17,2244.51,2228.17,2244.51,16.34,0,0,1632,True,0.010012254902,0.000349855451559,0.00999999999976,0.02,99.8776009792,3,"[0, 1, 2]"
315,0,normal_tightening,1,[0],True,1723,496805,498527,1,True,2244.52,2261.76,2244.52,2261.76,17.24,0,0,1722,True,0.0100116144019,0.000481822729684,0.00999999999976,0.0300000000002,99.8839907193,3,"[0, 1, 2]"
316,5,supplementary_operation,1,[5],True,1604,498528,500131,1,True,2261.77,2277.8,2261.77,2277.8,16.03,0,0,1603,True,0.01,2.01637252184e-10,0.00999999999976,0.0100000000002,100,2,"[1, 2]"
317,0,normal_tightening,1,[0],True,1743,500132,501874,1,True,2277.81,2295.26,2277.81,2295.26,17.45,0,0,1742,True,0.0100172215844,0.000535471589774,0.00999999999976,0.0299999999997,99.8280802292,3,"[0, 1, 2]"
318,5,supplementary_operation,1,[5],True,1577,501875,503451,1,True,2295.27,2311.2,2295.27,2311.2,15.93,0,0,1576,True,0.0101078680203,0.00109267938872,0.00999999999976,0.0300000000002,98.9328311362,2,"[1, 2]"
319,0,normal_tightening,1,[0],True,1743,503452,505194,1,True,2311.21,2328.63,2311.21,2328.63,17.42,0,0,1742,True,0.01,6.37632978038e-10,0.00999999999976,0.0100000000002,100,3,"[0, 1, 2]"
320,5,supplementary_operation,1,[5],True,1613,505195,506807,1,True,2328.64,2344.76,2328.64,2344.76,16.12,0,0,1612,True,0.01,3.08005990352e-10,0.00999999999976,0.0100000000002,100,3,"[0, 1, 2]"
321,0,normal_tightening,1,[0],True,1737,506808,508544,1,True,2344.77,2362.14,2344.77,2362.14,17.37,0,0,1736,True,0.0100057603687,0.000239938543775,0.00999999999976,0.02,99.9424294761,3,"[0, 1, 2]"
322,5,supplementary_operation,1,[5],True,1590,508545,510134,1,True,2362.15,2378.04,2362.15,2378.04,15.89,0,0,1589,True,0.01,0,0.00999999999976,0.0100000000002,100,3,"[0, 1, 2]"
323,0,normal_tightening,1,[0],True,1745,510135,511879,1,True,2378.05,2395.49,2378.05,2395.49,17.44,0,0,1744,True,0.01,6.26915694114e-10,0.00999999999976,0.0100000000002,100,3,"[0, 1, 2]"
324,5,supplementary_operation,1,[5],True,1584,511880,513463,1,True,2395.5,2411.33,2395.5,2411.33,15.83,0,0,1583,True,0.01,0,0.00999999999976,0.0100000000002,100,2,"[1, 2]"
325,0,normal_tightening,1,[0],True,1770,513464,515233,1,True,2411.34,2429.04,2411.34,2429.04,17.7,0,0,1769,True,0.0100056529112,0.000237691306294,0.00999999999976,0.02,99.9435028249,3,"[0, 1, 2]"
326,5,supplementary_operation,1,[5],True,1124,515234,516357,1,True,2429.05,2440.28,2429.05,2440.28,11.23,0,0,1123,True,0.01,0,0.00999999999976,0.0100000000002,100,3,"[0, 1, 2]"
327,2,extra_component,1,[2],True,1693,516358,518050,1,True,2440.29,2457.21,2440.29,2457.21,16.92,0,0,1692,True,0.01,5.20625146455e-10,0.00999999999976,0.0100000000002,100,2,"[1, 2]"
328,5,supplementary_operation,1,[5],True,1044,518051,519094,1,True,2457.22,2467.77,2457.22,2467.77,10.55,0,0,1043,True,0.0101150527325,0.00144777863109,0.00999999999976,0.0400000000004,98.8625592417,3,"[0, 1, 2]"
329,2,extra_component,1,[2],True,1742,519095,520836,1,True,2467.78,2485.2,2467.78,2485.2,17.42,0,0,1741,True,0.0100057438254,0.000239593953069,0.00999999999976,0.02,99.9425947187,3,"[0, 1, 2]"
330,5,supplementary_operation,1,[5],True,1594,520837,522430,1,True,2485.21,2501.32,2485.21,2501.32,16.11,0,0,1593,True,0.0101129943503,0.00116973259158,0.00999999999976,0.0300000000002,98.8826815642,3,"[0, 1, 2]"
331,0,normal_tightening,1,[0],True,1683,522431,524113,1,True,2501.33,2518.52,2501.33,2518.52,17.19,0,0,1682,True,0.0102199762188,0.0016208013166,0.00999999999976,0.0300000000002,97.8475858057,3,"[0, 1, 2]"
332,5,supplementary_operation,1,[5],True,1616,524114,525729,1,True,2518.53,2534.68,2518.53,2534.68,16.15,0,0,1615,True,0.01,2.85158136718e-10,0.00999999999976,0.0100000000002,100,3,"[0, 1, 2]"
333,0,normal_tightening,1,[0],True,1738,525730,527467,1,True,2534.69,2552.07,2534.69,2552.07,17.38,0,0,1737,True,0.0100057570524,0.00023986950669,0.00999999999976,0.02,99.9424626007,3,"[0, 1, 2]"
334,5,supplementary_operation,1,[5],True,1493,527468,528960,1,True,2552.08,2567.04,2552.08,2567.04,14.96,0,0,1492,True,0.0100268096515,0.000818243563647,0.00999999999976,0.04,99.7326203209,3,"[0, 1, 2]"
335,0,normal_tightening,1,[0],True,1674,528961,530634,1,True,2567.05,2584.24,2567.05,2584.24,17.19,0,0,1673,True,0.0102749551704,0.00187370527072,0.00999999999976,0.0300000000002,97.3240255963,3,"[0, 1, 2]"
336,5,supplementary_operation,1,[5],True,1544,530635,532178,1,True,2584.25,2599.68,2584.25,2599.68,15.43,0,0,1543,True,0.01,0,0.00999999999976,0.0100000000002,100,3,"[0, 1, 2]"
337,0,normal_tightening,1,[0],True,1749,532179,533927,1,True,2599.69,2617.17,2599.69,2617.17,17.48,0,0,1748,True,0.01,6.48173080155e-10,0.00999999999976,0.0100000000002,100,3,"[0, 1, 2]"
338,5,supplementary_operation,1,[5],True,1544,533928,535471,1,True,2617.18,2632.61,2617.18,2632.61,15.43,0,0,1543,True,0.01,0,0.00999999999976,0.0100000000002,100,3,"[0, 1, 2]"
339,0,normal_tightening,1,[0],True,1311,535472,536782,1,True,2632.62,2645.74,2632.62,2645.74,13.12,0,0,1310,True,0.0100152671756,0.000390433949694,0.00999999999976,0.02,99.8475609756,3,"[0, 1, 2]"
340,5,supplementary_operation,1,[5],True,1019,536783,537801,1,True,2645.75,2655.93,2645.75,2655.93,10.18,0,0,1018,True,0.01,0,0.00999999999976,0.0100000000002,100,3,"[0, 1, 2]"
341,2,extra_component,1,[2],True,1262,537802,539063,1,True,2655.94,2668.55,2655.94,2668.55,12.61,0,0,1261,True,0.01,0,0.00999999999976,0.0100000000002,100,3,"[0, 1, 2]"
342,5,supplementary_operation,1,[5],True,1591,539064,540654,1,True,2668.56,2684.46,2668.56,2684.46,15.9,0,0,1590,True,0.01,1.16415321827e-10,0.00999999999976,0.0100000000002,100,3,"[0, 1, 2]"
343,0,normal_tightening,1,[0],True,1312,540655,541966,1,True,2684.47,2697.58,2684.47,2697.58,13.11,0,0,1311,True,0.01,0,0.00999999999976,0.0100000000002,100,2,"[1, 2]"
344,5,supplementary_operation,1,[5],True,1499,541967,543465,1,True,2697.59,2712.57,2697.59,2712.57,14.98,0,0,1498,True,0.01,0,0.00999999999976,0.0100000000002,100,3,"[0, 1, 2]"
345,0,normal_tightening,1,[0],True,1280,543466,544745,1,True,2712.58,2725.44,2712.58,2725.44,12.86,0,0,1279,True,0.010054730258,0.000925770765635,0.00999999999976,0.0300000000002,99.4556765163,3,"[0, 1, 2]"
346,5,supplementary_operation,1,[5],True,1493,544746,546238,1,True,2725.45,2740.37,2725.45,2740.37,14.92,0,0,1492,True,0.01,0,0.00999999999976,0.0100000000002,100,3,"[0, 1, 2]"
347,0,normal_tightening,1,[0],True,1286,546239,547524,1,True,2740.38,2753.23,2740.38,2753.23,12.85,0,0,1285,True,0.01,0,0.00999999999976,0.0100000000002,100,3,"[0, 1, 2]"
348,5,supplementary_operation,1,[5],True,1487,547525,549011,1,True,2753.24,2768.13,2753.24,2768.13,14.89,0,0,1486,True,0.0100201884253,0.000579712154887,0.00999999999976,0.0299999999997,99.7985224983,3,"[0, 1, 2]"
349,0,normal_tightening,1,[0],True,1228,549012,550239,1,True,2768.14,2780.41,2768.14,2780.41,12.27,0,0,1227,True,0.01,0,0.00999999999976,0.0100000000002,100,3,"[0, 1, 2]"
350,5,supplementary_operation,1,[5],True,1473,550240,551712,1,True,2780.42,2795.14,2780.42,2795.14,14.72,0,0,1472,True,0.01,0,0.00999999999976,0.0100000000002,100,3,"[0, 1, 2]"
351,0,normal_tightening,1,[0],True,1357,551713,553069,1,True,2795.15,2808.71,2795.15,2808.71,13.56,0,0,1356,True,0.01,0,0.00999999999976,0.0100000000002,100,3,"[0, 1, 2]"
352,5,supplementary_operation,1,[5],True,1433,553070,554502,1,True,2808.72,2823.04,2808.72,2823.04,14.32,0,0,1432,True,0.01,0,0.00999999999976,0.0100000000002,100,3,"[0, 1, 2]"
353,0,normal_tightening,1,[0],True,1371,554503,555873,1,True,2823.05,2836.77,2823.05,2836.77,13.72,0,0,1370,True,0.0100145985401,0.000381801367316,0.00999999999976,0.02,99.8542274052,3,"[0, 1, 2]"
354,5,supplementary_operation,1,[5],True,1461,555874,557334,1,True,2836.78,2851.4,2836.78,2851.4,14.62,0,0,1460,True,0.0100136986301,0.000369863013697,0.00999999999976,0.02,99.8632010944,3,"[0, 1, 2]"
355,0,normal_tightening,1,[0],True,1861,557335,559195,1,True,2851.41,2870.02,2851.41,2870.02,18.61,0,0,1860,True,0.0100053763441,0.000231807109004,0.00999999999976,0.02,99.9462654487,3,"[0, 1, 2]"
356,5,supplementary_operation,1,[5],True,1029,559196,560224,1,True,2870.03,2880.31,2870.03,2880.31,10.28,0,0,1028,True,0.01,0,0.00999999999976,0.0100000000002,100,3,"[0, 1, 2]"
357,2,extra_component,1,[2],True,1783,560225,562007,1,True,2880.32,2898.15,2880.32,2898.15,17.83,0,0,1782,True,0.0100056116723,0.000236823208149,0.00999999999976,0.02,99.9439147504,3,"[0, 1, 2]"
358,5,supplementary_operation,1,[5],True,1369,562008,563376,1,True,2898.16,2911.84,2898.16,2911.84,13.68,0,0,1368,True,0.01,0,0.00999999999976,0.0100000000002,100,3,"[0, 1, 2]"
359,0,normal_tightening,1,[0],True,1703,563377,565079,1,True,2911.85,2928.88,2911.85,2928.88,17.03,0,0,1702,True,0.0100058754407,0.000242321864011,0.00999999999976,0.02,99.941280094,3,"[0, 1, 2]"
360,5,supplementary_operation,1,[5],True,1739,565080,566818,1,True,2928.89,2946.29,2928.89,2946.29,17.4,0,0,1738,True,0.0100115074799,0.000339031527334,0.00999999999976,0.02,99.8850574713,3,"[0, 1, 2]"
361,0,normal_tightening,1,[0],True,1760,566819,568578,1,True,2946.3,2963.89,2946.3,2963.89,17.59,0,0,1759,True,0.01,6.58544507983e-10,0.00999999999976,0.0100000000002,100,3,"[0, 1, 2]"
362,5,supplementary_operation,1,[5],True,1717,568579,570295,1,True,2963.9,2981.06,2963.9,2981.06,17.16,0,0,1716,True,0.01,5.82076609135e-10,0.00999999999976,0.0100000000002,100,3,"[0, 1, 2]"
363,0,normal_tightening,1,[0],True,1867,570296,572162,1,True,2981.07,2999.73,2981.07,2999.73,18.66,0,0,1866,True,0.01,8.14907252789e-10,0.00999999999976,0.0100000000002,100,3,"[0, 1, 2]"
364,5,supplementary_operation,1,[5],True,1680,572163,573842,1,True,2999.74,3016.53,2999.74,3016.53,16.79,0,0,1679,True,0.01,4.79992668333e-10,0.00999999999976,0.0100000000002,100,3,"[0, 1, 2]"
365,0,normal_tightening,1,[0],True,1792,573843,575634,1,True,3016.54,3034.45,3016.54,3034.45,17.91,0,0,1791,True,0.01,7.1763224003e-10,0.00999999999976,0.0100000000002,100,3,"[0, 1, 2]"
366,5,supplementary_operation,1,[5],True,1666,575635,577300,1,True,3034.46,3051.11,3034.46,3051.11,16.65,0,0,1665,True,0.01,4.79992668333e-10,0.00999999999976,0.0100000000002,100,3,"[0, 1, 2]"
367,0,normal_tightening,1,[0],True,1736,577301,579036,1,True,3051.12,3068.49,3051.12,3068.49,17.37,0,0,1735,True,0.0100115273775,0.000480015281001,0.00999999999976,0.0299999999997,99.8848589522,3,"[0, 1, 2]"
368,5,supplementary_operation,1,[5],True,1034,579037,580070,1,True,3068.5,3078.83,3068.5,3078.83,10.33,0,0,1033,True,0.01,0,0.00999999999976,0.0100000000002,100,3,"[0, 1, 2]"
369,2,extra_component,1,[2],True,1844,580071,581914,1,True,3078.84,3097.27,3078.84,3097.27,18.43,0,0,1843,True,0.01,7.89567127722e-10,0.00999999999976,0.0100000000002,100,3,"[0, 1, 2]"
370,5,supplementary_operation,1,[5],True,995,581915,582909,1,True,3097.28,3107.22,3097.28,3107.22,9.94,0,0,994,True,0.01,0,0.00999999999976,0.0100000000002,100,3,"[0, 1, 2]"
371,2,extra_component,1,[2],True,1754,582910,584663,1,True,3107.23,3124.76,3107.23,3124.76,17.53,0,0,1753,True,0.01,6.48173080155e-10,0.00999999999976,0.0100000000002,100,3,"[0, 1, 2]"
372,5,supplementary_operation,1,[5],True,1707,584664,586370,1,True,3124.77,3141.95,3124.77,3141.95,17.18,0,0,1706,True,0.0100703399766,0.00108045602884,0.00999999999976,0.0400000000004,99.3015133877,3,"[0, 1, 2]"
373,0,normal_tightening,1,[0],True,1789,586371,588159,1,True,3141.96,3159.84,3141.96,3159.84,17.88,0,0,1788,True,0.01,7.08126757561e-10,0.00999999999976,0.0100000000002,100,3,"[0, 1, 2]"
374,5,supplementary_operation,1,[5],True,1673,588160,589832,1,True,3159.85,3176.57,3159.85,3176.57,16.72,0,0,1672,True,0.01,4.79992668333e-10,0.00999999999976,0.0100000000002,100,3,"[0, 1, 2]"
375,0,normal_tightening,1,[0],True,1738,589833,591570,1,True,3176.58,3193.96,3176.58,3193.96,17.38,0,0,1737,True,0.0100057570524,0.00023986950669,0.00999999999976,0.02,99.9424626007,3,"[0, 1, 2]"
376,5,supplementary_operation,1,[5],True,1006,591571,592576,1,True,3193.97,3204.02,3193.97,3204.02,10.05,0,0,1005,True,0.01,0,0.00999999999976,0.0100000000002,100,3,"[0, 1, 2]"
377,2,extra_component,1,[2],True,1748,592577,594324,1,True,3204.03,3221.52,3204.03,3221.52,17.49,0,0,1747,True,0.0100114481969,0.000338158110767,0.00999999999976,0.02,99.8856489423,3,"[0, 1, 2]"
378,5,supplementary_operation,1,[5],True,1628,594325,595952,1,True,3221.53,3237.8,3221.53,3237.8,16.27,0,0,1627,True,0.01,3.49245965481e-10,0.00999999999976,0.0100000000002,100,3,"[0, 1, 2]"
379,0,normal_tightening,1,[0],True,1824,595953,597776,1,True,3237.81,3256.07,3237.81,3256.07,18.26,0,0,1823,True,0.0100164563906,0.000523452350542,0.00999999999976,0.0299999999997,99.8357064622,3,"[0, 1, 2]"
380,5,supplementary_operation,1,[5],True,1098,597777,598874,1,True,3256.08,3267.06,3256.08,3267.06,10.98,0,0,1097,True,0.0100091157703,0.000301785694752,0.00999999999976,0.02,99.9089253188,3,"[0, 1, 2]"
381,2,extra_component,1,[2],True,1728,598875,600602,1,True,3267.07,3284.34,3267.07,3284.34,17.27,0,0,1727,True,0.01,5.93603997677e-10,0.00999999999976,0.0100000000002,100,3,"[0, 1, 2]"
382,5,supplementary_operation,1,[5],True,1607,600603,602209,1,True,3284.35,3300.42,3284.35,3300.42,16.07,0,0,1606,True,0.0100062266501,0.000249454864558,0.00999999999976,0.02,99.9377722464,3,"[0, 1, 2]"
383,0,normal_tightening,1,[0],True,1746,602210,603955,1,True,3300.43,3317.89,3300.43,3317.89,17.46,0,0,1745,True,0.010005730659,0.00023931934691,0.00999999999976,0.02,99.9427262314,3,"[0, 1, 2]"
384,5,supplementary_operation,1,[5],True,1012,603956,604967,1,True,3317.9,3328.01,3317.9,3328.01,10.11,0,0,1011,True,0.01,0,0.00999999999976,0.0100000000002,100,3,"[0, 1, 2]"
385,2,extra_component,1,[2],True,1695,604968,606662,1,True,3328.02,3344.96,3328.02,3344.96,16.94,0,0,1694,True,0.01,5.46036260182e-10,0.00999999999976,0.0100000000002,100,3,"[0, 1, 2]"
386,5,supplementary_operation,1,[5],True,1547,606663,608209,1,True,3344.97,3360.43,3344.97,3360.43,15.46,0,0,1546,True,0.01,0,0.00999999999976,0.0100000000002,100,3,"[0, 1, 2]"
387,0,normal_tightening,1,[0],True,1748,608210,609957,1,True,3360.44,3377.91,3360.44,3377.91,17.47,0,0,1747,True,0.01,6.37632978038e-10,0.00999999999976,0.0100000000002,100,3,"[0, 1, 2]"
388,5,supplementary_operation,1,[5],True,1206,609958,611163,1,True,3377.92,3987.067,3377.92,3987.067,609.147,0,0,1205,True,0.505516182573,16.2870321535,0.00999999999976,564.717,1.97817603961,3,"[0, 1, 2]"
389,2,extra_component,1,[2],True,1381,611164,612544,1,True,3987.077,4000.877,3987.077,4000.877,13.8,0,0,1380,True,0.01,0,0.00999999999976,0.0100000000002,100,3,"[0, 1, 2]"
390,5,supplementary_operation,1,[5],True,1520,612545,614064,1,True,4000.887,4016.097,4000.887,4016.097,15.21,0,0,1519,True,0.0100131665569,0.000512989064884,0.00999999999976,0.0300000000002,99.8685075608,3,"[0, 1, 2]"
391,0,normal_tightening,1,[0],True,1278,614065,615342,1,True,4016.107,4028.897,4016.107,4028.897,12.79,0,0,1277,True,0.0100156617071,0.000395438721155,0.00999999999976,0.02,99.8436278342,3,"[0, 1, 2]"
392,5,supplementary_operation,1,[5],True,1478,615343,616820,1,True,4028.907,4043.697,4028.907,4043.697,14.79,0,0,1477,True,0.0100135409614,0.000367731228543,0.00999999999976,0.02,99.8647734956,3,"[0, 1, 2]"
393,0,normal_tightening,1,[0],True,1314,616821,618134,1,True,4043.707,4056.837,4043.707,4056.837,13.13,0,0,1313,True,0.01,0,0.00999999999976,0.0100000000002,100,3,"[0, 1, 2]"
394,5,supplementary_operation,1,[5],True,1455,618135,619589,1,True,4056.847,4071.387,4056.847,4071.387,14.54,0,0,1454,True,0.01,0,0.00999999999976,0.0100000000002,100,3,"[0, 1, 2]"
395,0,normal_tightening,1,[0],True,1378,619590,620967,1,True,4071.397,4085.167,4071.397,4085.167,13.77,0,0,1377,True,0.01,0,0.00999999999976,0.0100000000002,100,3,"[0, 1, 2]"
396,5,supplementary_operation,1,[5],True,1407,620968,622374,1,True,4085.177,4099.237,4085.177,4099.237,14.06,0,0,1406,True,0.01,0,0.0099999999984,0.0100000000029,100,3,"[0, 1, 2]"
397,0,normal_tightening,1,[0],True,1392,622375,623766,1,True,4099.247,4113.157,4099.247,4113.157,13.91,0,0,1391,True,0.01,0,0.0099999999984,0.0100000000029,100,3,"[0, 1, 2]"
398,5,supplementary_operation,1,[5],True,1070,623767,624836,1,True,4113.167,4123.857,4113.167,4123.857,10.69,0,0,1069,True,0.01,0,0.0099999999984,0.0100000000029,100,3,"[0, 1, 2]"
399,2,extra_component,1,[2],True,1811,624837,626647,1,True,4123.867,4141.967,4123.867,4141.967,18.1,0,0,1810,True,0.01,9.80932937606e-10,0.0099999999984,0.0100000000029,100,3,"[0, 1, 2]"
400,5,supplementary_operation,1,[5],True,999,626648,627646,1,True,4141.977,4151.957,4141.977,4151.957,9.98,0,0,998,True,0.01,0,0.0099999999984,0.0100000000029,100,3,"[0, 1, 2]"
401,2,extra_component,1,[2],True,1711,627647,629357,1,True,4151.967,4169.067,4151.967,4169.067,17.1,0,0,1710,True,0.01,8.71172497695e-10,0.0099999999984,0.0100000000029,100,3,"[0, 1, 2]"
402,5,supplementary_operation,1,[5],True,1421,629358,630778,1,True,4169.077,4183.277,4169.077,4183.277,14.2,0,0,1420,True,0.01,0,0.0099999999984,0.0100000000029,100,3,"[0, 1, 2]"
403,0,normal_tightening,1,[0],True,1714,630779,632492,1,True,4183.287,4200.417,4183.287,4200.417,17.13,0,0,1713,True,0.01,8.55474410154e-10,0.0099999999984,0.0100000000029,100,3,"[0, 1, 2]"
404,5,supplementary_operation,1,[5],True,1708,632493,634200,1,True,4200.427,4217.497,4200.427,4217.497,17.07,0,0,1707,True,0.01,8.71172497695e-10,0.0099999999984,0.0100000000029,100,3,"[0, 1, 2]"
405,0,normal_tightening,1,[0],True,1726,634201,635926,1,True,4217.507,4234.757,4217.507,4234.757,17.25,0,0,1725,True,0.01,8.78916405522e-10,0.0099999999984,0.0100000000029,100,3,"[0, 1, 2]"
406,5,supplementary_operation,1,[5],True,2105,635927,638031,1,True,4234.767,4530.864,4234.767,4530.864,296.097,0,0,2104,True,0.140730513308,5.99423012916,0.0099999999984,275.027,7.10577952495,3,"[0, 1, 2]"
407,0,normal_tightening,1,[0],True,1700,638032,639731,1,True,4530.874,4547.864,4530.874,4547.864,16.99,0,0,1699,True,0.01,9.67018290297e-10,0.0099999999984,0.0100000000029,100,2,"[1, 2]"
408,5,supplementary_operation,1,[5],True,1720,639732,641451,1,True,4547.874,4565.064,4547.874,4565.064,17.19,0,0,1719,True,0.01,9.87816761974e-10,0.0099999999984,0.0100000000029,100,3,"[0, 1, 2]"
409,0,normal_tightening,1,[0],True,1861,641452,643312,1,True,4565.074,4583.674,4565.074,4583.674,18.6,0,0,1860,True,0.01,1.11661654043e-09,0.0099999999984,0.0100000000029,100,3,"[0, 1, 2]"
410,5,supplementary_operation,1,[5],True,1695,643313,645007,1,True,4583.684,4600.624,4583.684,4600.624,16.94,0,0,1694,True,0.01,9.52900477205e-10,0.0099999999984,0.0100000000029,100,3,"[0, 1, 2]"
411,0,normal_tightening,1,[0],True,1689,645008,646696,1,True,4600.634,4617.514,4600.634,4617.514,16.88,0,0,1688,True,0.01,9.52900477205e-10,0.0099999999984,0.0100000000029,100,3,"[0, 1, 2]"
412,5,supplementary_operation,1,[5],True,1058,646697,647754,1,True,4617.524,4628.094,4617.524,4628.094,10.57,0,0,1057,True,0.01,0,0.0099999999984,0.0100000000029,100,3,"[0, 1, 2]"
413,2,extra_component,1,[2],True,1795,647755,649549,1,True,4628.104,4646.044,4628.104,4646.044,17.94,0,0,1794,True,0.01,1.0605940571e-09,0.0099999999984,0.0100000000029,100,2,"[1, 2]"
414,5,supplementary_operation,1,[5],True,2066,649550,651615,1,True,4646.054,5031.127,4646.054,5031.127,385.073,0,0,2065,True,0.186476029056,8.0175295539,0.0099999999984,364.433,5.36261955525,3,"[0, 1, 2]"
415,0,normal_tightening,1,[0],True,1760,651616,653375,1,True,5031.137,5048.727,5031.137,5048.727,17.59,0,0,1759,True,0.01,1.02154030318e-09,0.0099999999984,0.0100000000029,100,3,"[0, 1, 2]"
416,5,supplementary_operation,1,[5],True,1665,653376,655040,1,True,5048.737,5065.377,5048.737,5065.377,16.64,0,0,1664,True,0.01,9.09232729569e-10,0.0099999999984,0.0100000000029,100,3,"[0, 1, 2]"
417,0,normal_tightening,1,[0],True,1841,655041,656881,1,True,5065.387,5083.787,5065.387,5083.787,18.4,0,0,1840,True,0.01,1.02815228355e-09,0.0099999999984,0.0100000000029,100,3,"[0, 1, 2]"
418,5,supplementary_operation,1,[5],True,1651,656882,658532,1,True,5083.797,5100.297,5083.797,5100.297,16.5,0,0,1650,True,0.01,8.78916405522e-10,0.0099999999984,0.0100000000029,100,3,"[0, 1, 2]"
419,0,normal_tightening,1,[0],True,1704,658533,660236,1,True,5100.307,5117.337,5100.307,5117.337,17.03,0,0,1703,True,0.01,9.16655160721e-10,0.0099999999984,0.0100000000029,100,2,"[1, 2]"
420,5,supplementary_operation,1,[5],True,1628,660237,661864,1,True,5117.347,5133.617,5117.347,5133.617,16.27,0,0,1627,True,0.01,8.55474410154e-10,0.0099999999984,0.0100000000029,100,3,"[0, 1, 2]"
421,0,normal_tightening,1,[0],True,1727,661865,663591,1,True,5133.627,5150.887,5133.627,5150.887,17.26,0,0,1726,True,0.01,9.4576254541e-10,0.0099999999984,0.0100000000029,100,3,"[0, 1, 2]"
422,5,supplementary_operation,1,[5],True,1456,663592,665047,1,True,5150.897,5165.447,5150.897,5165.447,14.55,0,0,1455,True,0.01,6.58544507983e-10,0.0099999999984,0.0100000000029,100,3,"[0, 1, 2]"
423,0,normal_tightening,1,[0],True,1754,665048,666801,1,True,5165.457,5182.987,5165.457,5182.987,17.53,0,0,1753,True,0.01,9.74000462487e-10,0.0099999999984,0.0100000000029,100,3,"[0, 1, 2]"
424,5,supplementary_operation,1,[5],True,1540,666802,668341,1,True,5182.997,5198.387,5182.997,5198.387,15.39,0,0,1539,True,0.01,7.63386316167e-10,0.0099999999984,0.0100000000029,100,3,"[0, 1, 2]"
425,0,normal_tightening,1,[0],True,1871,668342,670212,1,True,5198.397,5217.097,5198.397,5217.097,18.7,0,0,1870,True,0.01,1.03472201355e-09,0.0099999999984,0.0100000000029,100,3,"[0, 1, 2]"
426,5,supplementary_operation,1,[5],True,1062,670213,671274,1,True,5217.107,5227.717,5217.107,5227.717,10.61,0,0,1061,True,0.01,1.16415321827e-10,0.0099999999984,0.0100000000029,100,3,"[0, 1, 2]"
427,2,extra_component,1,[2],True,1857,671275,673131,1,True,5227.727,5246.287,5227.727,5246.287,18.56,0,0,1856,True,0.01,6.78812141396e-10,0.0099999999984,0.0100000000029,100,3,"[0, 1, 2]"
428,5,supplementary_operation,1,[5],True,1395,673132,674526,1,True,5246.297,5845.864,5246.297,5845.864,599.567,0,0,1394,True,0.430105451937,15.6787563743,0.00999999999749,585.607,2.32501121643,3,"[0, 1, 2]"
429,2,extra_component,1,[2],True,1776,674527,676302,1,True,5845.874,5863.634,5845.874,5863.634,17.76,0,0,1775,True,0.0100056338028,0.00023728946125,0.00999999999749,0.0199999999986,99.9436936937,3,"[0, 1, 2]"
430,5,supplementary_operation,1,[5],True,1437,676303,677739,1,True,5863.644,5878.004,5863.644,5878.004,14.36,0,0,1436,True,0.01,5.93603997677e-10,0.00999999999749,0.0100000000039,100,3,"[0, 1, 2]"
431,0,normal_tightening,1,[0],True,1778,677740,679517,1,True,5878.014,5895.814,5878.014,5895.814,17.8,0,0,1777,True,0.010016882386,0.000711467895479,0.00999999999749,0.0399999999981,99.8314606742,3,"[0, 1, 2]"
432,5,supplementary_operation,1,[5],True,1412,679518,680929,1,True,5895.824,5909.934,5895.824,5909.934,14.11,0,0,1411,True,0.01,5.46036260182e-10,0.00999999999749,0.0100000000039,100,3,"[0, 1, 2]"
433,0,normal_tightening,1,[0],True,1717,680930,682646,1,True,5909.944,5927.114,5909.944,5927.114,17.17,0,0,1716,True,0.0100058275058,0.000241331925919,0.00999999999749,0.0200000000013,99.9417588818,3,"[0, 1, 2]"
434,5,supplementary_operation,1,[5],True,1428,682647,684074,1,True,5927.124,5941.394,5927.124,5941.394,14.27,0,0,1427,True,0.01,6.04911756551e-10,0.00999999999749,0.0100000000039,100,3,"[0, 1, 2]"
435,0,normal_tightening,1,[0],True,1769,684075,685843,1,True,5941.404,5959.084,5941.404,5959.084,17.68,0,0,1768,True,0.01,1.07329623509e-09,0.00999999999749,0.0100000000039,100,3,"[0, 1, 2]"
436,5,supplementary_operation,1,[5],True,1724,685844,687567,1,True,5959.094,5976.324,5959.094,5976.324,17.23,0,0,1723,True,0.01,1.03472201355e-09,0.00999999999749,0.0100000000039,100,3,"[0, 1, 2]"
437,0,normal_tightening,1,[0],True,1757,687568,689324,1,True,5976.334,5993.894,5976.334,5993.894,17.56,0,0,1756,True,0.01,1.0605940571e-09,0.00999999999749,0.0100000000039,100,3,"[0, 1, 2]"
438,5,supplementary_operation,1,[5],True,1721,689325,691045,1,True,5993.904,6011.134,5993.904,6011.134,17.23,0,0,1720,True,0.0100174418605,0.000538881671531,0.00999999999749,0.0299999999997,99.8258850842,3,"[0, 1, 2]"
439,0,normal_tightening,1,[0],True,1860,691046,692905,1,True,6011.144,6029.734,6011.144,6029.734,18.59,0,0,1859,True,0.01,1.15245288897e-09,0.00999999999749,0.0100000000039,100,3,"[0, 1, 2]"
440,5,supplementary_operation,1,[5],True,1679,692906,694584,1,True,6029.744,6046.524,6029.744,6046.524,16.78,0,0,1678,True,0.01,9.87816761974e-10,0.00999999999749,0.0100000000039,100,3,"[0, 1, 2]"
441,0,normal_tightening,1,[0],True,1805,694585,696389,1,True,6046.534,6064.574,6046.534,6064.574,18.04,0,0,1804,True,0.01,1.11053139136e-09,0.00999999999749,0.0100000000039,100,3,"[0, 1, 2]"
442,5,supplementary_operation,1,[5],True,1089,696390,697478,1,True,6064.584,6075.474,6064.584,6075.474,10.89,0,0,1088,True,0.0100091911765,0.000303030175019,0.00999999999749,0.0199999999995,99.9081726354,3,"[0, 1, 2]"
443,2,extra_component,1,[2],True,1745,697479,699223,1,True,6075.484,6092.924,6075.484,6092.924,17.44,0,0,1744,True,0.01,1.04125029291e-09,0.00999999999749,0.0100000000039,100,3,"[0, 1, 2]"
444,5,supplementary_operation,1,[5],True,1676,699224,700899,1,True,6092.934,6109.744,6092.934,6109.744,16.81,0,0,1675,True,0.0100358208955,0.000597432689627,0.00999999999749,0.0200000000013,99.6430696014,3,"[0, 1, 2]"
445,0,normal_tightening,1,[0],True,1718,700900,702617,1,True,6109.754,6127.064,6109.754,6127.064,17.31,0,0,1717,True,0.0100815375655,0.00117946532921,0.00999999999749,0.04,99.1912189486,3,"[0, 1, 2]"
446,5,supplementary_operation,1,[5],True,1676,702618,704293,1,True,6127.074,6143.824,6127.074,6143.824,16.75,0,0,1675,True,0.01,9.80932937606e-10,0.00999999999749,0.0100000000039,100,3,"[0, 1, 2]"
447,0,normal_tightening,1,[0],True,1727,704294,706020,1,True,6143.834,6161.094,6143.834,6161.094,17.26,0,0,1726,True,0.01,1.03472201355e-09,0.00999999999749,0.0100000000039,100,3,"[0, 1, 2]"
448,5,supplementary_operation,1,[5],True,1474,706021,707494,1,True,6161.104,6175.844,6161.104,6175.844,14.74,0,0,1473,True,0.0100067888663,0.000260466070525,0.00999999999749,0.0200000000004,99.9321573948,3,"[0, 1, 2]"
449,0,normal_tightening,1,[0],True,1696,707495,709190,1,True,6175.854,6193.374,6175.854,6193.374,17.52,0,0,1695,True,0.0103362831858,0.00236846521683,0.00999999999749,0.0500000000002,96.7465753425,3,"[0, 1, 2]"
450,5,supplementary_operation,1,[5],True,1373,709191,710563,1,True,6193.384,6207.914,6193.384,6207.914,14.53,0,0,1372,True,0.0105903790087,0.00339586794476,0.00999999999749,0.0599999999986,94.4253269098,3,"[0, 1, 2]"
451,0,normal_tightening,1,[0],True,1741,710564,712304,1,True,6207.924,6225.464,6207.924,6225.464,17.54,0,0,1740,True,0.0100804597701,0.000955545108978,0.00999999999749,0.0300000000016,99.2018244014,3,"[0, 1, 2]"
452,5,supplementary_operation,1,[5],True,1423,712305,713727,1,True,6225.474,6239.804,6225.474,6239.804,14.33,0,0,1422,True,0.0100773558368,0.000876113259182,0.00999999999749,0.0200000000041,99.2323796232,3,"[0, 1, 2]"
453,0,normal_tightening,1,[0],True,1770,713728,715497,1,True,6239.814,6257.524,6239.814,6257.524,17.71,0,0,1769,True,0.0100113058225,0.000475382612625,0.00999999999749,0.0300000000016,99.8870694523,3,"[0, 1, 2]"
454,5,supplementary_operation,1,[5],True,1691,715498,717188,1,True,6257.534,6274.434,6257.534,6274.434,16.9,0,0,1690,True,0.01,9.94652945702e-10,0.00999999999749,0.0100000000039,100,3,"[0, 1, 2]"
455,0,normal_tightening,1,[0],True,1811,717189,718999,1,True,6274.444,6292.544,6274.444,6292.544,18.1,0,0,1810,True,0.01,1.10441271454e-09,0.00999999999749,0.0100000000039,100,3,"[0, 1, 2]"
456,5,supplementary_operation,1,[5],True,1186,719000,720185,1,True,4389.003,4400.853,4389.003,4400.853,11.85,0,0,1185,True,0.01,0,0.0099999999984,0.0100000000011,100,3,"[0, 1, 2]"
457,2,extra_component,1,[2],True,1672,720186,721857,1,True,4400.863,4417.573,4400.863,4417.573,16.71,0,0,1671,True,0.01,4.93908380987e-10,0.0099999999984,0.0100000000011,100,2,"[1, 2]"
458,5,supplementary_operation,1,[5],True,1302,721858,723159,1,True,4417.583,4430.593,4417.583,4430.593,13.01,0,0,1301,True,0.01,0,0.0099999999984,0.0100000000011,100,3,"[0, 1, 2]"
459,1,damaged_screw,1,[1],True,1535,723160,724694,1,True,4430.603,4445.943,4430.603,4445.943,15.34,0,0,1534,True,0.01,0,0.0099999999984,0.0100000000011,100,3,"[0, 1, 2]"
460,5,supplementary_operation,1,[5],True,1239,724695,725933,1,True,4445.953,4458.333,4445.953,4458.333,12.38,0,0,1238,True,0.01,0,0.0099999999984,0.0100000000011,100,3,"[0, 1, 2]"
461,1,damaged_screw,1,[1],True,1398,725934,727331,1,True,4458.343,4472.313,4458.343,4472.313,13.97,0,0,1397,True,0.01,0,0.0099999999984,0.0100000000011,100,2,"[1, 2]"
462,5,supplementary_operation,1,[5],True,1254,727332,728585,1,True,4472.323,4484.853,4472.323,4484.853,12.53,0,0,1253,True,0.01,0,0.0099999999984,0.0100000000011,100,3,"[0, 1, 2]"
463,1,damaged_screw,1,[1],True,1370,728586,729955,1,True,4484.863,4498.553,4484.863,4498.553,13.69,0,0,1369,True,0.01,0,0.0099999999984,0.0100000000011,100,3,"[0, 1, 2]"
464,5,supplementary_operation,1,[5],True,1375,729956,731330,1,True,4498.563,4512.333,4498.563,4512.333,13.77,0,0,1374,True,0.0100218340611,0.000602846823576,0.0099999999984,0.0299999999997,99.7821350763,3,"[0, 1, 2]"
465,1,damaged_screw,1,[1],True,1449,731331,732779,1,True,4512.343,4526.973,4512.343,4526.973,14.63,0,0,1448,True,0.0101035911602,0.00208329009046,0.0099999999984,0.0800000000017,98.974709501,3,"[0, 1, 2]"
466,5,supplementary_operation,1,[5],True,1387,732780,734166,1,True,4526.983,4541.063,4526.983,4541.063,14.08,0,0,1386,True,0.0101587301587,0.00227367762258,0.0099999999984,0.0599999999995,98.4375,3,"[0, 1, 2]"
467,1,damaged_screw,1,[1],True,1289,734167,735455,1,True,4541.073,4554.063,4541.073,4554.063,12.99,0,0,1288,True,0.0100854037267,0.00159837980615,0.0099999999984,0.0499999999993,99.1531947652,3,"[0, 1, 2]"
468,5,supplementary_operation,1,[5],True,1453,735456,736908,1,True,4554.073,4568.673,4554.073,4568.673,14.6,0,0,1452,True,0.0100550964187,0.00104828085898,0.0099999999984,0.04,99.4520547945,3,"[0, 1, 2]"
469,1,damaged_screw,1,[1],True,1323,736909,738231,1,True,4568.683,4582.013,4568.683,4582.013,13.33,0,0,1322,True,0.0100832072617,0.0016249862565,0.0099999999984,0.0500000000011,99.1747936984,3,"[0, 1, 2]"
470,5,supplementary_operation,1,[5],True,1418,738232,739649,1,True,4582.023,4596.253,4582.023,4596.253,14.23,0,0,1417,True,0.0100423429781,0.000839001414918,0.0099999999984,0.0299999999997,99.5783555868,3,"[0, 1, 2]"
471,1,damaged_screw,1,[1],True,1260,739650,740909,1,True,4596.263,4609.093,4596.263,4609.093,12.83,0,0,1259,True,0.0101906274821,0.00221092841389,0.0099999999984,0.0500000000002,98.1293842557,2,"[1, 2]"
472,5,supplementary_operation,1,[5],True,1772,740910,742681,1,True,4609.103,4626.863,4609.103,4626.863,17.76,0,0,1771,True,0.0100282326369,0.000628060375489,0.0099999999984,0.0300000000016,99.7184684685,3,"[0, 1, 2]"
473,1,damaged_screw,1,[1],True,1390,742682,744071,1,True,4626.873,4640.853,4626.873,4640.853,13.98,0,0,1389,True,0.0100647948164,0.00195230540032,0.0099999999984,0.079999999999,99.356223176,3,"[0, 1, 2]"
474,5,supplementary_operation,1,[5],True,1001,744072,745072,1,True,4640.863,4650.873,4640.863,4650.873,10.01,0,0,1000,True,0.01001,0.000316069612569,0.0099999999984,0.0199999999995,99.9000999001,3,"[0, 1, 2]"
475,2,extra_component,1,[2],True,1272,745073,746344,1,True,4650.883,4663.593,4650.883,4663.593,12.71,0,0,1271,True,0.01,0,0.0099999999984,0.0100000000011,100,3,"[0, 1, 2]"
476,5,supplementary_operation,1,[5],True,1835,746345,748179,1,True,4663.603,4681.943,4663.603,4681.943,18.34,0,0,1834,True,0.01,7.72211884697e-10,0.0099999999984,0.0100000000011,100,2,"[1, 2]"
477,1,damaged_screw,1,[1],True,1242,748180,749421,1,True,4681.953,4694.363,4681.953,4694.363,12.41,0,0,1241,True,0.01,0,0.0099999999984,0.0100000000011,100,3,"[0, 1, 2]"
478,5,supplementary_operation,1,[5],True,1791,749422,751212,1,True,4694.373,4712.533,4694.373,4712.533,18.16,0,0,1790,True,0.0101452513966,0.00291041614609,0.0099999999984,0.119999999999,98.5682819383,3,"[0, 1, 2]"
479,1,damaged_screw,1,[1],True,1127,751213,752339,1,True,4712.543,4724.023,4712.543,4724.023,11.48,0,0,1126,True,0.0101953818828,0.00237606029165,0.0099999999984,0.0600000000004,98.0836236934,3,"[0, 1, 2]"
480,5,supplementary_operation,1,[5],True,1756,752340,754095,1,True,4724.033,4741.683,4724.033,4741.683,17.65,0,0,1755,True,0.010056980057,0.00111817464047,0.0099999999984,0.0499999999984,99.433427762,3,"[0, 1, 2]"
481,1,damaged_screw,1,[1],True,1597,754096,755692,1,True,4741.693,4757.763,4741.693,4757.763,16.07,0,0,1596,True,0.0100689223058,0.00139197902482,0.0099999999984,0.0500000000002,99.3154947106,2,"[1, 2]"
482,5,supplementary_operation,1,[5],True,1803,755693,757495,1,True,4757.773,4775.913,4757.773,4775.913,18.14,0,0,1802,True,0.0100665926748,0.00124474675916,0.0099999999984,0.0500000000002,99.3384785006,3,"[0, 1, 2]"
483,1,damaged_screw,1,[1],True,1541,757496,759036,1,True,4775.923,4791.533,4775.923,4791.533,15.61,0,0,1540,True,0.0101363636364,0.00191903717003,0.0099999999984,0.0500000000002,98.6547085202,3,"[0, 1, 2]"
484,5,supplementary_operation,1,[5],True,1776,759037,760812,1,True,4791.543,4809.293,4791.543,4809.293,17.75,0,0,1775,True,0.01,6.88722331903e-10,0.0099999999984,0.0100000000011,100,3,"[0, 1, 2]"
485,1,damaged_screw,1,[1],True,1576,760813,762388,1,True,4809.303,4825.053,4809.303,4825.053,15.75,0,0,1575,True,0.01,0,0.0099999999984,0.0100000000011,100,2,"[1, 2]"
486,5,supplementary_operation,1,[5],True,1774,762389,764162,1,True,4825.063,4842.873,4825.063,4842.873,17.81,0,0,1773,True,0.0100451212634,0.00167870278303,0.0099999999984,0.079999999999,99.5508141494,3,"[0, 1, 2]"
487,1,damaged_screw,1,[1],True,1519,764163,765681,1,True,4842.883,4858.063,4842.883,4858.063,15.18,0,0,1518,True,0.01,0,0.0099999999984,0.0100000000011,100,3,"[0, 1, 2]"
488,5,supplementary_operation,1,[5],True,1797,765682,767478,1,True,4858.073,4876.033,4858.073,4876.033,17.96,0,0,1796,True,0.01,7.08126757561e-10,0.0099999999984,0.0100000000011,100,3,"[0, 1, 2]"
489,1,damaged_screw,1,[1],True,1467,767479,768945,1,True,4876.043,4890.703,4876.043,4890.703,14.66,0,0,1466,True,0.01,0,0.0099999999984,0.0100000000011,100,3,"[0, 1, 2]"
490,5,supplementary_operation,1,[5],True,1363,768946,770308,1,True,4890.713,4904.333,4890.713,4904.333,13.62,0,0,1362,True,0.01,0,0.0099999999984,0.0100000000011,100,3,"[0, 1, 2]"
491,1,damaged_screw,1,[1],True,1659,770309,771967,1,True,4904.343,4920.923,4904.343,4920.923,16.58,0,0,1658,True,0.01,4.19741412097e-10,0.0099999999984,0.0100000000011,100,3,"[0, 1, 2]"
492,5,supplementary_operation,1,[5],True,1417,771968,773384,1,True,4920.933,6037.345,4920.933,6037.345,1116.412,0,0,1416,True,0.788426553672,29.280608003,0.00999999999749,1102.222,1.26834896078,3,"[0, 1, 2]"
493,2,extra_component,1,[2],True,1498,773385,774882,1,True,6037.355,6052.325,6037.355,6052.325,14.97,0,0,1497,True,0.01,3.08005990352e-10,0.00999999999749,0.0100000000029,100,3,"[0, 1, 2]"
494,5,supplementary_operation,1,[5],True,1776,774883,776658,1,True,6052.335,6070.165,6052.335,6070.165,17.83,0,0,1775,True,0.0100450704225,0.000749232232841,0.00999999999749,0.0299999999997,99.5513180034,3,"[0, 1, 2]"
495,1,damaged_screw,1,[1],True,1587,776659,778245,1,True,6070.175,6086.075,6070.175,6086.075,15.9,0,0,1586,True,0.010025220681,0.000501568267384,0.00999999999749,0.0200000000013,99.7484276729,3,"[0, 1, 2]"
496,5,supplementary_operation,1,[5],True,1821,778246,780066,1,True,6086.085,6104.335,6086.085,6104.335,18.25,0,0,1820,True,0.0100274725275,0.00061956488347,0.00999999999749,0.0299999999979,99.7260273973,3,"[0, 1, 2]"
497,1,damaged_screw,1,[1],True,1596,780067,781662,1,True,6104.345,6120.295,6104.345,6120.295,15.95,0,0,1595,True,0.01,6.26915694114e-10,0.00999999999749,0.0100000000029,100,3,"[0, 1, 2]"
498,5,supplementary_operation,1,[5],True,1849,781663,783511,1,True,6120.305,6138.785,6120.305,6138.785,18.48,0,0,1848,True,0.01,9.80932937606e-10,0.00999999999749,0.0100000000029,100,3,"[0, 1, 2]"
499,1,damaged_screw,1,[1],True,1535,783512,785046,1,True,6138.795,6154.175,6138.795,6154.175,15.38,0,0,1534,True,0.0100260756193,0.000509976720082,0.00999999999749,0.0200000000004,99.7399219766,3,"[0, 1, 2]"
500,5,supplementary_operation,1,[5],True,1788,785047,786834,1,True,6154.185,6172.145,6154.185,6172.145,17.96,0,0,1787,True,0.0100503637381,0.000851433914683,0.00999999999749,0.0300000000016,99.4988864143,3,"[0, 1, 2]"
501,1,damaged_screw,1,[1],True,1424,786835,788258,1,True,6172.155,6186.395,6172.155,6186.395,14.24,0,0,1423,True,0.0100070274069,0.000264999404579,0.00999999999749,0.0200000000004,99.9297752809,3,"[0, 1, 2]"
502,5,supplementary_operation,1,[5],True,1758,788259,790016,1,True,6186.405,6204.075,6186.405,6204.075,17.67,0,0,1757,True,0.0100569151964,0.000824465291402,0.00999999999749,0.0299999999997,99.4340690436,3,"[0, 1, 2]"
503,1,damaged_screw,1,[1],True,1527,790017,791543,1,True,6204.085,6219.465,6204.085,6219.465,15.38,0,0,1526,True,0.0100786369594,0.000954592803895,0.00999999999749,0.0299999999979,99.2197659298,3,"[0, 1, 2]"
504,5,supplementary_operation,1,[5],True,1797,791544,793340,1,True,6219.475,6237.475,6219.475,6237.475,18,0,0,1796,True,0.0100222717149,0.000471403351648,0.00999999999749,0.0200000000004,99.7777777778,3,"[0, 1, 2]"
505,1,damaged_screw,1,[1],True,1456,793341,794796,1,True,6237.485,6252.055,6237.485,6252.055,14.57,0,0,1455,True,0.0100137457045,0.000370497098969,0.00999999999749,0.0200000000023,99.8627316404,3,"[0, 1, 2]"
506,5,supplementary_operation,1,[5],True,1436,794797,796232,1,True,6252.065,6266.475,6252.065,6266.475,14.41,0,0,1435,True,0.0100418118467,0.000645267569627,0.00999999999749,0.0200000000023,99.5836224844,3,"[0, 1, 2]"
507,3,missing_screw,1,[3],True,1326,796233,797558,1,True,6266.485,6279.735,6266.485,6279.735,13.25,0,0,1325,True,0.01,0,0.00999999999749,0.0100000000029,100,3,"[0, 1, 2]"
508,5,supplementary_operation,1,[5],True,1785,797559,799343,1,True,6279.745,6297.595,6279.745,6297.595,17.85,0,0,1784,True,0.0100056053812,0.000236690496993,0.00999999999749,0.0200000000004,99.943977591,3,"[0, 1, 2]"
509,1,damaged_screw,1,[1],True,1464,799344,800807,1,True,6297.605,6312.235,6297.605,6312.235,14.63,0,0,1463,True,0.01,0,0.00999999999749,0.0100000000029,100,3,"[0, 1, 2]"
510,5,supplementary_operation,1,[5],True,1013,800808,801820,1,True,6312.245,6322.365,6312.245,6322.365,10.12,0,0,1012,True,0.01,0,0.00999999999749,0.0100000000029,100,3,"[0, 1, 2]"
511,2,extra_component,1,[2],True,1484,801821,803304,1,True,6322.375,6337.215,6322.375,6337.215,14.84,0,0,1483,True,0.0100067430883,0.000259587006797,0.00999999999749,0.0199999999995,99.9326145553,3,"[0, 1, 2]"
512,5,supplementary_operation,1,[5],True,1846,803305,805150,1,True,6337.225,6355.675,6337.225,6355.675,18.45,0,0,1845,True,0.01,9.67018290297e-10,0.00999999999749,0.0100000000029,100,3,"[0, 1, 2]"
513,0,normal_tightening,1,[0],True,1368,805151,806518,1,True,6355.685,6369.355,6355.685,6369.355,13.67,0,0,1367,True,0.01,0,0.00999999999749,0.0100000000029,100,3,"[0, 1, 2]"
514,5,supplementary_operation,1,[5],True,1826,806519,808344,1,True,6369.365,6387.615,6369.365,6387.615,18.25,0,0,1825,True,0.01,9.4576254541e-10,0.00999999999749,0.0100000000029,100,2,"[1, 2]"
515,0,normal_tightening,1,[0],True,1400,808345,809744,1,True,6387.625,6401.625,6387.625,6401.625,14,0,0,1399,True,0.0100071479628,0.000267261173599,0.00999999999749,0.0199999999986,99.9285714286,3,"[0, 1, 2]"
516,5,supplementary_operation,1,[5],True,1394,809745,811138,1,True,6401.635,6415.565,6401.635,6415.565,13.93,0,0,1393,True,0.01,0,0.00999999999749,0.0100000000029,100,3,"[0, 1, 2]"
517,0,normal_tightening,1,[0],True,1398,811139,812536,1,True,6415.575,6429.555,6415.575,6429.555,13.98,0,0,1397,True,0.0100071581961,0.000267452279095,0.00999999999749,0.0200000000013,99.9284692418,3,"[0, 1, 2]"
518,5,supplementary_operation,1,[5],True,1383,812537,813919,1,True,6429.565,6443.385,6429.565,6443.385,13.82,0,0,1382,True,0.01,0,0.00999999999749,0.0100000000029,100,2,"[1, 2]"
519,0,normal_tightening,1,[0],True,1512,813920,815431,1,True,6443.395,6458.505,6443.395,6458.505,15.11,0,0,1511,True,0.01,3.86105942348e-10,0.00999999999749,0.0100000000029,100,2,"[1, 2]"
520,5,supplementary_operation,1,[5],True,1406,815432,816837,1,True,6458.515,6472.565,6458.515,6472.565,14.05,0,0,1405,True,0.01,0,0.00999999999749,0.0100000000029,100,3,"[0, 1, 2]"
521,0,normal_tightening,1,[0],True,1418,816838,818255,1,True,6472.575,6486.745,6472.575,6486.745,14.17,0,0,1417,True,0.01,0,0.00999999999749,0.0100000000029,100,3,"[0, 1, 2]"
522,5,supplementary_operation,1,[5],True,1359,818256,819614,1,True,6486.755,6500.335,6486.755,6500.335,13.58,0,0,1358,True,0.01,0,0.00999999999749,0.0100000000029,100,3,"[0, 1, 2]"
523,0,normal_tightening,1,[0],True,1553,819615,821167,1,True,6500.345,6515.865,6500.345,6515.865,15.52,0,0,1552,True,0.01,5.07442623323e-10,0.00999999999749,0.0100000000029,100,3,"[0, 1, 2]"
524,5,supplementary_operation,1,[5],True,1351,821168,822518,1,True,6515.875,6529.375,6515.875,6529.375,13.5,0,0,1350,True,0.01,0,0.00999999999749,0.0100000000029,100,3,"[0, 1, 2]"
525,0,normal_tightening,1,[0],True,1485,822519,824003,1,True,6529.385,6544.225,6529.385,6544.225,14.84,0,0,1484,True,0.01,2.01637252184e-10,0.00999999999749,0.0100000000029,100,2,"[1, 2]"
526,5,supplementary_operation,1,[5],True,1302,824004,825305,1,True,6544.235,6557.245,6544.235,6557.245,13.01,0,0,1301,True,0.01,0,0.00999999999749,0.0100000000029,100,3,"[0, 1, 2]"
527,0,normal_tightening,1,[0],True,1472,825306,826777,1,True,6557.255,6571.965,6557.255,6571.965,14.71,0,0,1471,True,0.01,1.64636126996e-10,0.00999999999749,0.0100000000029,100,3,"[0, 1, 2]"
528,5,supplementary_operation,1,[5],True,1042,826778,827819,1,True,6571.975,6582.425,6571.975,6582.425,10.45,0,0,1041,True,0.0100384245917,0.00097935608653,0.00999999999749,0.04,99.6172248804,3,"[0, 1, 2]"
529,2,extra_component,1,[2],True,1052,827820,828871,1,True,6582.435,6592.945,6582.435,6592.945,10.51,0,0,1051,True,0.01,0,0.00999999999749,0.0100000000029,100,3,"[0, 1, 2]"
530,5,supplementary_operation,1,[5],True,1445,828872,830316,1,True,6592.955,6607.395,6592.955,6607.395,14.44,0,0,1444,True,0.01,0,0.00999999999749,0.0100000000029,100,3,"[0, 1, 2]"
531,0,normal_tightening,1,[0],True,1450,830317,831766,1,True,6607.405,6621.895,6607.405,6621.895,14.49,0,0,1449,True,0.01,0,0.00999999999749,0.0100000000029,100,3,"[0, 1, 2]"
532,5,supplementary_operation,1,[5],True,1853,831767,833619,1,True,6621.905,6640.425,6621.905,6640.425,18.52,0,0,1852,True,0.01,9.87816761974e-10,0.00999999999749,0.0100000000029,100,3,"[0, 1, 2]"
533,0,normal_tightening,1,[0],True,1281,833620,834900,1,True,6640.435,6653.235,6640.435,6653.235,12.8,0,0,1280,True,0.01,0,0.00999999999749,0.0100000000029,100,3,"[0, 1, 2]"
534,5,supplementary_operation,1,[5],True,1839,834901,836739,1,True,6653.245,6671.625,6653.245,6671.625,18.38,0,0,1838,True,0.01,9.59985336665e-10,0.00999999999749,0.0100000000029,100,3,"[0, 1, 2]"
535,0,normal_tightening,1,[0],True,1295,836740,838034,1,True,6671.635,6684.575,6671.635,6684.575,12.94,0,0,1294,True,0.01,0,0.00999999999749,0.0100000000029,100,3,"[0, 1, 2]"
536,5,supplementary_operation,1,[5],True,1870,838035,839904,1,True,6684.585,6703.275,6684.585,6703.275,18.69,0,0,1869,True,0.01,9.94652945702e-10,0.00999999999749,0.0100000000029,100,3,"[0, 1, 2]"
537,0,normal_tightening,1,[0],True,1223,839905,841127,1,True,6703.285,6715.505,6703.285,6715.505,12.22,0,0,1222,True,0.01,0,0.00999999999749,0.0100000000029,100,3,"[0, 1, 2]"
538,5,supplementary_operation,1,[5],True,1844,841128,842971,1,True,6715.515,6733.945,6715.515,6733.945,18.43,0,0,1843,True,0.01,9.67018290297e-10,0.00999999999749,0.0100000000029,100,3,"[0, 1, 2]"
539,0,normal_tightening,1,[0],True,1545,842972,844516,1,True,6733.955,6749.395,6733.955,6749.395,15.44,0,0,1544,True,0.01,4.93908380987e-10,0.00999999999749,0.0100000000029,100,2,"[1, 2]"
540,5,supplementary_operation,1,[5],True,1854,844517,846370,1,True,6749.405,6767.935,6749.405,6767.935,18.53,0,0,1853,True,0.01,9.74000462487e-10,0.00999999999749,0.0100000000029,100,2,"[1, 2]"
541,0,normal_tightening,1,[0],True,1560,846371,847930,1,True,6767.945,6783.535,6767.945,6783.535,15.59,0,0,1559,True,0.01,5.20625146455e-10,0.00999999999749,0.0100000000029,100,3,"[0, 1, 2]"
542,5,supplementary_operation,1,[5],True,1854,847931,849784,1,True,6783.545,6802.075,6783.545,6802.075,18.53,0,0,1853,True,0.01,9.67018290297e-10,0.00999999999749,0.0100000000029,100,3,"[0, 1, 2]"
543,0,normal_tightening,1,[0],True,1693,849785,851477,1,True,6802.085,6819.005,6802.085,6819.005,16.92,0,0,1692,True,0.01,7.72211884697e-10,0.00999999999749,0.0100000000029,100,3,"[0, 1, 2]"
544,5,supplementary_operation,1,[5],True,1809,851478,853286,1,True,6819.015,6837.105,6819.015,6837.105,18.09,0,0,1808,True,0.0100055309735,0.000235115169335,0.00999999999749,0.0200000000004,99.9447208402,3,"[0, 1, 2]"
545,0,normal_tightening,1,[0],True,1519,853287,854805,1,True,6837.115,6852.295,6837.115,6852.295,15.18,0,0,1518,True,0.01,3.68137571515e-10,0.00999999999749,0.0100000000029,100,3,"[0, 1, 2]"
546,5,supplementary_operation,1,[5],True,1107,854806,855912,1,True,6852.305,6863.375,6852.305,6863.375,11.07,0,0,1106,True,0.0100090415913,0.000300556422021,0.00999999999749,0.0199999999995,99.9096657633,2,"[1, 2]"
547,2,extra_component,1,[2],True,1553,855913,857465,1,True,6863.385,6878.905,6863.385,6878.905,15.52,0,0,1552,True,0.01,4.35586248847e-10,0.00999999999749,0.0100000000029,100,3,"[0, 1, 2]"
548,5,supplementary_operation,1,[5],True,1786,857466,859251,1,True,6878.915,6896.775,6878.915,6896.775,17.86,0,0,1785,True,0.0100056022409,0.00023662422502,0.00999999999749,0.0200000000004,99.9440089586,3,"[0, 1, 2]"
549,0,normal_tightening,1,[0],True,1566,859252,860817,1,True,6896.785,6912.435,6896.785,6912.435,15.65,0,0,1565,True,0.01,4.79992668333e-10,0.00999999999749,0.0100000000029,100,3,"[0, 1, 2]"
550,5,supplementary_operation,1,[5],True,1820,860818,862637,1,True,6912.445,6930.635,6912.445,6930.635,18.19,0,0,1819,True,0.01,9.16655160721e-10,0.00999999999749,0.0100000000029,100,3,"[0, 1, 2]"
551,0,normal_tightening,1,[0],True,1524,862638,864161,1,True,6930.645,6945.875,6930.645,6945.875,15.23,0,0,1523,True,0.01,3.29272253991e-10,0.00999999999749,0.0100000000029,100,3,"[0, 1, 2]"
552,5,supplementary_operation,1,[5],True,1815,864162,865976,1,True,6945.885,6964.075,6945.885,6964.075,18.19,0,0,1814,True,0.0100275633958,0.000703833349524,0.00999999999749,0.0300000000025,99.7251236943,3,"[0, 1, 2]"
553,0,normal_tightening,1,[0],True,1526,865977,867502,1,True,6964.085,6979.365,6964.085,6979.365,15.28,0,0,1525,True,0.0100196721311,0.000572260307694,0.00999999999749,0.0300000000007,99.8036649215,3,"[0, 1, 2]"
554,5,supplementary_operation,1,[5],True,1868,867503,869370,1,True,6979.375,6998.045,6979.375,6998.045,18.67,0,0,1867,True,0.01,9.74000462487e-10,0.00999999999749,0.0100000000029,100,3,"[0, 1, 2]"
555,0,normal_tightening,1,[0],True,1523,869371,870893,1,True,6998.055,7013.295,6998.055,7013.295,15.24,0,0,1522,True,0.0100131406045,0.000362261465265,0.00999999999749,0.0200000000013,99.8687664042,2,"[1, 2]"
556,5,supplementary_operation,1,[5],True,1764,870894,872657,1,True,7013.305,7030.935,7013.305,7030.935,17.63,0,0,1763,True,0.01,8.63359133608e-10,0.00999999999749,0.0100000000029,100,3,"[0, 1, 2]"
557,0,normal_tightening,1,[0],True,1498,872658,874155,1,True,7030.945,7045.925,7030.945,7045.925,14.98,0,0,1497,True,0.0100066800267,0.000258371137053,0.00999999999749,0.0200000000013,99.9332443258,3,"[0, 1, 2]"
558,5,supplementary_operation,1,[5],True,1821,874156,875976,1,True,7045.935,7064.135,7045.935,7064.135,18.2,0,0,1820,True,0.01,9.16655160721e-10,0.00999999999749,0.0100000000029,100,3,"[0, 1, 2]"
559,0,normal_tightening,1,[0],True,1525,875977,877501,1,True,7064.145,7079.385,7064.145,7079.385,15.24,0,0,1524,True,0.01,3.68137571515e-10,0.00999999999749,0.0100000000029,100,3,"[0, 1, 2]"
560,5,supplementary_operation,1,[5],True,1823,877502,879324,1,True,7079.395,7097.635,7079.395,7097.635,18.24,0,0,1822,True,0.0100109769484,0.00033113288977,0.00999999999749,0.0200000000004,99.8903508772,3,"[0, 1, 2]"
561,0,normal_tightening,1,[0],True,1523,879325,880847,1,True,7097.645,7112.865,7097.645,7112.865,15.22,0,0,1522,True,0.01,3.49245965481e-10,0.00999999999749,0.0100000000029,100,2,"[1, 2]"
562,5,supplementary_operation,1,[5],True,1810,880848,882657,1,True,7112.875,7130.965,7112.875,7130.965,18.09,0,0,1809,True,0.01,9.01749205358e-10,0.00999999999749,0.0100000000029,100,3,"[0, 1, 2]"
563,0,normal_tightening,1,[0],True,1378,882658,884035,1,True,7130.975,7144.745,7130.975,7144.745,13.77,0,0,1377,True,0.01,0,0.00999999999749,0.0100000000029,100,3,"[0, 1, 2]"
564,5,supplementary_operation,1,[5],True,1031,884036,885066,1,True,7144.755,7155.055,7144.755,7155.055,10.3,0,0,1030,True,0.01,0,0.00999999999749,0.0100000000029,100,3,"[0, 1, 2]"
565,2,extra_component,1,[2],True,1245,885067,886311,1,True,7155.065,7167.505,7155.065,7167.505,12.44,0,0,1244,True,0.01,0,0.00999999999749,0.0100000000029,100,3,"[0, 1, 2]"
566,5,supplementary_operation,1,[5],True,1856,886312,888167,1,True,7167.515,7186.065,7167.515,7186.065,18.55,0,0,1855,True,0.01,9.59985336665e-10,0.00999999999749,0.0100000000029,100,3,"[0, 1, 2]"
567,0,normal_tightening,1,[0],True,1398,888168,889565,1,True,7186.075,7200.045,7186.075,7200.045,13.97,0,0,1397,True,0.01,0,0.00999999999749,0.0100000000029,100,3,"[0, 1, 2]"
568,5,supplementary_operation,1,[5],True,1384,889566,890949,1,True,7200.055,7213.885,7200.055,7213.885,13.83,0,0,1383,True,0.01,0,0.00999999999749,0.0100000000029,100,2,"[1, 2]"
569,0,normal_tightening,1,[0],True,1417,890950,892366,1,True,7213.895,7228.055,7213.895,7228.055,14.16,0,0,1416,True,0.01,0,0.00999999999749,0.010000000002,100,2,"[1, 2]"
570,5,supplementary_operation,1,[5],True,1339,892367,893705,1,True,7228.065,7241.445,7228.065,7241.445,13.38,0,0,1338,True,0.01,0,0.00999999999749,0.010000000002,100,3,"[0, 1, 2]"
571,0,normal_tightening,1,[0],True,1349,893706,895054,1,True,7241.455,7254.985,7241.455,7254.985,13.53,0,0,1348,True,0.0100370919881,0.000719661043947,0.00999999999749,0.0299999999997,99.63045085,3,"[0, 1, 2]"
572,5,supplementary_operation,1,[5],True,1373,895055,896427,1,True,7254.995,7268.715,7254.995,7268.715,13.72,0,0,1372,True,0.01,0,0.00999999999749,0.010000000002,100,3,"[0, 1, 2]"
573,0,normal_tightening,1,[0],True,1414,896428,897841,1,True,7268.725,7282.855,7268.725,7282.855,14.13,0,0,1413,True,0.01,0,0.00999999999749,0.010000000002,100,3,"[0, 1, 2]"
574,5,supplementary_operation,1,[5],True,1387,897842,899228,1,True,7282.865,7296.765,7282.865,7296.765,13.9,0,0,1386,True,0.0100288600289,0.000657318439958,0.00999999999749,0.0299999999979,99.7122302158,3,"[0, 1, 2]"
575,0,normal_tightening,1,[0],True,1309,899229,900537,1,True,7296.775,7309.975,7296.775,7309.975,13.2,0,0,1308,True,0.0100917431193,0.00195300106746,0.00999999999749,0.0699999999997,99.0909090909,3,"[0, 1, 2]"
576,5,supplementary_operation,1,[5],True,1506,900538,902043,1,True,7309.985,7325.035,7309.985,7325.035,15.05,0,0,1505,True,0.01,0,0.00999999999749,0.010000000002,100,3,"[0, 1, 2]"
577,0,normal_tightening,1,[0],True,1306,902044,903349,1,True,7325.045,7338.095,7325.045,7338.095,13.05,0,0,1305,True,0.01,0,0.00999999999749,0.010000000002,100,3,"[0, 1, 2]"
578,5,supplementary_operation,1,[5],True,1860,903350,905209,1,True,7338.105,7356.705,7338.105,7356.705,18.6,0,0,1859,True,0.0100053792361,0.000231869414323,0.00999999999749,0.0199999999995,99.9462365591,3,"[0, 1, 2]"
579,0,normal_tightening,1,[0],True,1407,905210,906616,1,True,7356.715,7370.855,7356.715,7370.855,14.14,0,0,1406,True,0.0100568990043,0.00106524297165,0.00999999999749,0.04,99.4342291372,3,"[0, 1, 2]"
580,5,supplementary_operation,1,[5],True,1810,906617,908426,1,True,7370.865,7389.075,7370.865,7389.075,18.21,0,0,1809,True,0.0100663349917,0.00155816645398,0.00999999999749,0.0600000000022,99.3410214168,2,"[1, 2]"
581,0,normal_tightening,1,[0],True,1326,908427,909752,1,True,7389.085,7402.335,7389.085,7402.335,13.25,0,0,1325,True,0.01,0,0.00999999999749,0.010000000002,100,3,"[0, 1, 2]"
582,5,supplementary_operation,1,[5],True,937,909753,910689,1,True,7402.345,7411.705,7402.345,7411.705,9.36,0,0,936,True,0.01,0,0.00999999999749,0.010000000002,100,3,"[0, 1, 2]"
583,2,extra_component,1,[2],True,1400,910690,912089,1,True,7411.715,7425.795,7411.715,7425.795,14.08,0,0,1399,True,0.0100643316655,0.000884385293986,0.00999999999749,0.0300000000025,99.3607954545,3,"[0, 1, 2]"
584,5,supplementary_operation,1,[5],True,1812,912090,913901,1,True,7425.805,7443.915,7425.805,7443.915,18.11,0,0,1811,True,0.01,7.45421768799e-10,0.00999999999749,0.010000000002,100,3,"[0, 1, 2]"
585,0,normal_tightening,1,[0],True,1572,913902,915473,1,True,7443.925,7459.635,7443.925,7459.635,15.71,0,0,1571,True,0.01,0,0.00999999999749,0.010000000002,100,3,"[0, 1, 2]"
586,5,supplementary_operation,1,[5],True,1462,915474,916935,1,True,7459.645,7474.255,7459.645,7474.255,14.61,0,0,1461,True,0.01,0,0.00999999999749,0.010000000002,100,3,"[0, 1, 2]"
587,3,missing_screw,1,[3],True,1274,916936,918209,1,True,7474.265,7487.075,7474.265,7487.075,12.81,0,0,1273,True,0.0100628436764,0.00224132656718,0.00999999999749,0.0900000000001,99.3754879001,3,"[0, 1, 2]"
588,5,supplementary_operation,1,[5],True,1808,918210,920017,1,True,7487.085,7505.165,7487.085,7505.165,18.08,0,0,1807,True,0.0100055340343,0.000235180181031,0.00999999999749,0.0199999999977,99.9446902655,2,"[1, 2]"
589,0,normal_tightening,1,[0],True,1697,920018,921714,1,True,7505.175,7522.135,7505.175,7522.135,16.96,0,0,1696,True,0.01,5.46036260182e-10,0.00999999999749,0.010000000002,100,3,"[0, 1, 2]"
590,5,supplementary_operation,1,[5],True,1791,921715,923505,1,True,7522.145,7540.095,7522.145,7540.095,17.95,0,0,1790,True,0.0100279329609,0.000527777754968,0.00999999999749,0.0200000000023,99.721448468,3,"[0, 1, 2]"
591,0,normal_tightening,1,[0],True,1700,923506,925205,1,True,7540.105,7557.125,7540.105,7557.125,17.02,0,0,1699,True,0.0100176574456,0.000542198279095,0.00999999999749,0.0299999999997,99.8237367803,2,"[1, 2]"
592,5,supplementary_operation,1,[5],True,1856,925206,927061,1,True,7557.135,7575.685,7557.135,7575.685,18.55,0,0,1855,True,0.01,8.23180634978e-10,0.00999999999749,0.010000000002,100,3,"[0, 1, 2]"
593,0,normal_tightening,1,[0],True,1559,927062,928620,1,True,7575.695,7591.285,7575.695,7591.285,15.59,0,0,1558,True,0.0100064184852,0.000253265977635,0.00999999999749,0.0200000000004,99.9358563182,2,"[1, 2]"
594,5,supplementary_operation,1,[5],True,1456,928621,930076,1,True,7591.295,7605.865,7591.295,7605.865,14.57,0,0,1455,True,0.0100137457045,0.000370497098884,0.00999999999749,0.0200000000023,99.8627316404,3,"[0, 1, 2]"
595,0,normal_tightening,1,[0],True,1361,930077,931437,1,True,7605.875,7619.535,7605.875,7619.535,13.66,0,0,1360,True,0.0100441176471,0.00101363967856,0.00999999999749,0.04,99.560761347,3,"[0, 1, 2]"
596,5,supplementary_operation,1,[5],True,1407,931438,932844,1,True,7619.545,7633.695,7619.545,7633.695,14.15,0,0,1406,True,0.0100640113798,0.000882192638765,0.00999999999749,0.0299999999997,99.3639575972,3,"[0, 1, 2]"
597,3,missing_screw,1,[3],True,1254,932845,934098,1,True,7633.705,7646.325,7633.705,7646.325,12.62,0,0,1253,True,0.0100718276137,0.00116257671087,0.00999999999749,0.04,99.2868462758,3,"[0, 1, 2]"
598,5,supplementary_operation,1,[5],True,1446,934099,935544,1,True,7646.335,7660.805,7646.335,7660.805,14.47,0,0,1445,True,0.0100138408304,0.00052595155711,0.00999999999749,0.0300000000007,99.8617829993,2,"[1, 2]"
599,3,missing_screw,1,[3],True,1209,935545,936753,1,True,7660.815,7672.955,7660.815,7672.955,12.14,0,0,1208,True,0.0100496688742,0.000812271296229,0.00999999999749,0.0300000000025,99.5057660626,3,"[0, 1, 2]"
600,5,supplementary_operation,1,[5],True,1014,936754,937767,1,True,7672.965,7683.155,7672.965,7683.155,10.19,0,0,1013,True,0.0100592300099,0.000886693448083,0.00999999999749,0.0299999999997,99.4111874386,2,"[1, 2]"
601,2,extra_component,1,[2],True,1507,937768,939274,1,True,7683.165,7698.275,7683.165,7698.275,15.11,0,0,1506,True,0.0100332005312,0.000575241720327,0.00999999999749,0.0200000000023,99.6690933157,3,"[0, 1, 2]"
602,5,supplementary_operation,1,[5],True,1853,939275,941127,1,True,7698.285,7717.075,7698.285,7717.075,18.79,0,0,1852,True,0.0101457883369,0.00174828474241,0.00999999999749,0.0400000000009,98.5630654604,2,"[1, 2]"
603,0,normal_tightening,1,[0],True,1501,941128,942628,1,True,7717.085,7732.125,7717.085,7732.125,15.04,0,0,1500,True,0.0100266666667,0.000631893099251,0.00999999999749,0.0299999999997,99.7340425532,3,"[0, 1, 2]"
604,5,supplementary_operation,1,[5],True,1850,942629,944478,1,True,7732.135,7750.745,7732.135,7750.745,18.61,0,0,1849,True,0.0100648999459,0.000867729239284,0.00999999999749,0.0299999999997,99.3551853842,3,"[0, 1, 2]"
605,0,normal_tightening,1,[0],True,1358,944479,945836,1,True,7750.755,7764.435,7750.755,7764.435,13.68,0,0,1357,True,0.0100810611643,0.000975409998935,0.00999999999749,0.0299999999979,99.1959064328,2,"[1, 2]"
606,5,supplementary_operation,1,[5],True,1825,945837,947661,1,True,7764.445,7782.705,7764.445,7782.705,18.26,0,0,1824,True,0.0100109649123,0.00033095149721,0.00999999999749,0.0200000000023,99.8904709748,3,"[0, 1, 2]"
607,0,normal_tightening,1,[0],True,1377,947662,949038,1,True,7782.715,7796.475,7782.715,7796.475,13.76,0,0,1376,True,0.01,0,0.00999999999749,0.010000000002,100,2,"[1, 2]"
608,5,supplementary_operation,1,[5],True,2372,949039,951410,1,True,7796.485,8668.952,7796.485,8668.952,872.467,0,0,2371,True,0.367974272459,17.422821077,0.00999999999749,848.557,2.71758129534,3,"[0, 1, 2]"
609,0,normal_tightening,1,[0],True,1339,951411,952749,1,True,8668.962,8682.512,8668.962,8682.512,13.55,0,0,1338,True,0.0101270553064,0.00118485730976,0.0099999999984,0.0300000000007,98.7453874539,3,"[0, 1, 2]"
610,5,supplementary_operation,1,[5],True,1778,952750,954527,1,True,8682.522,8700.902,8682.522,8700.902,18.38,0,0,1777,True,0.0103432751829,0.00260843639501,0.0099999999984,0.0900000000001,96.6811751904,2,"[1, 2]"
611,0,normal_tightening,1,[0],True,1362,954528,955889,1,True,8700.912,8714.692,8700.912,8714.692,13.78,0,0,1361,True,0.0101249081558,0.00111062122717,0.0099999999984,0.0200000000004,98.7663280116,2,"[1, 2]"
612,5,supplementary_operation,1,[5],True,1804,955890,957693,1,True,8714.702,8733.092,8714.702,8733.092,18.39,0,0,1803,True,0.0101996672213,0.00139885853954,0.0099999999984,0.0200000000004,98.0424143556,3,"[0, 1, 2]"
613,0,normal_tightening,1,[0],True,1328,957694,959021,1,True,8733.102,8746.552,8733.102,8746.552,13.45,0,0,1327,True,0.0101356443105,0.00122014737891,0.0099999999984,0.0299999999988,98.6617100372,3,"[0, 1, 2]"
614,5,supplementary_operation,1,[5],True,1767,959022,960788,1,True,8746.562,8765.122,8746.562,8765.122,18.56,0,0,1766,True,0.0105096262741,0.00306048282572,0.0099999999984,0.0600000000013,95.150862069,3,"[0, 1, 2]"
615,0,normal_tightening,1,[0],True,1251,960789,962039,1,True,8765.132,8777.832,8765.132,8777.832,12.7,0,0,1250,True,0.01016,0.00164146276232,0.0099999999984,0.0400000000009,98.4251968504,3,"[0, 1, 2]"
616,5,supplementary_operation,1,[5],True,1815,962040,963854,1,True,8777.842,8796.562,8777.842,8796.562,18.72,0,0,1814,True,0.0103197353914,0.00227814426126,0.0099999999984,0.0499999999993,96.9017094017,3,"[0, 1, 2]"
617,0,normal_tightening,1,[0],True,1315,963855,965169,1,True,8796.572,8809.862,8796.572,8809.862,13.29,0,0,1314,True,0.0101141552511,0.0010623187328,0.0099999999984,0.0200000000004,98.8713318284,2,"[1, 2]"
618,5,supplementary_operation,1,[5],True,1045,965170,966214,1,True,8809.872,8820.312,8809.872,8820.312,10.44,0,0,1044,True,0.01,0,0.0099999999984,0.0100000000002,100,3,"[0, 1, 2]"
619,2,extra_component,1,[2],True,1665,966215,967879,1,True,8820.322,8836.972,8820.322,8836.972,16.65,0,0,1664,True,0.0100060096154,0.000245071496411,0.0099999999984,0.0199999999986,99.9399399399,3,"[0, 1, 2]"
620,5,supplementary_operation,1,[5],True,1863,967880,969742,1,True,8836.982,8855.762,8836.982,8855.762,18.78,0,0,1862,True,0.0100859291085,0.00173208977406,0.0099999999984,0.0700000000015,99.148029819,3,"[0, 1, 2]"
621,0,normal_tightening,1,[0],True,1564,969743,971306,1,True,8855.772,8871.922,8855.772,8871.922,16.15,0,0,1563,True,0.0103326935381,0.00253282978465,0.0099999999984,0.0500000000011,96.7801857585,3,"[0, 1, 2]"
622,5,supplementary_operation,1,[5],True,1433,971307,972739,1,True,8871.932,8886.362,8871.932,8886.362,14.43,0,0,1432,True,0.0100768156425,0.00126500775037,0.0099999999984,0.0400000000009,99.2376992377,3,"[0, 1, 2]"
623,3,missing_screw,1,[3],True,1267,972740,974006,1,True,8886.372,8899.452,8886.372,8899.452,13.08,0,0,1266,True,0.0103317535545,0.00239481131901,0.0099999999984,0.0499999999993,96.7889908257,3,"[0, 1, 2]"
624,5,supplementary_operation,1,[5],True,1404,974007,975410,1,True,8899.462,8913.652,8899.462,8913.652,14.19,0,0,1403,True,0.01011404134,0.00112692486338,0.0099999999984,0.0300000000007,98.8724453841,3,"[0, 1, 2]"
625,3,missing_screw,1,[3],True,1241,975411,976651,1,True,8913.662,8926.382,8913.662,8926.382,12.72,0,0,1240,True,0.0102580645161,0.0020708069478,0.0099999999984,0.0499999999993,97.4842767296,3,"[0, 1, 2]"
626,5,supplementary_operation,1,[5],True,1846,976652,978497,1,True,8926.392,8944.862,8926.392,8944.862,18.47,0,0,1845,True,0.0100108401084,0.000329064698914,0.0099999999984,0.0200000000004,99.8917162967,3,"[0, 1, 2]"
627,0,normal_tightening,1,[0],True,1503,978498,980000,1,True,8944.872,8960.142,8944.872,8960.142,15.27,0,0,1502,True,0.0101664447403,0.00142695862895,0.0099999999984,0.0399999999991,98.3628028815,3,"[0, 1, 2]"
628,5,supplementary_operation,1,[5],True,1859,980001,981859,1,True,8960.152,8978.892,8960.152,8978.892,18.74,0,0,1858,True,0.0100861141012,0.00122457385742,0.0099999999984,0.0400000000009,99.1462113127,3,"[0, 1, 2]"
629,0,normal_tightening,1,[0],True,1539,981860,983398,1,True,8978.902,8994.462,8978.902,8994.462,15.56,0,0,1538,True,0.0101170351105,0.00179924375099,0.0099999999984,0.0599999999995,98.8431876607,3,"[0, 1, 2]"
630,5,supplementary_operation,1,[5],True,1836,983399,985234,1,True,8994.472,9013.072,8994.472,9013.072,18.6,0,0,1835,True,0.010136239782,0.00148854665592,0.0099999999984,0.0400000000009,98.6559139785,3,"[0, 1, 2]"
631,0,normal_tightening,1,[0],True,1410,985235,986644,1,True,9013.082,9027.982,9013.082,9027.982,14.9,0,0,1409,True,0.0105748757984,0.00424868790361,0.0099999999984,0.0799999999999,94.5637583893,3,"[0, 1, 2]"
632,5,supplementary_operation,1,[5],True,1826,986645,988470,1,True,9027.992,9046.752,9027.992,9046.752,18.76,0,0,1825,True,0.0102794520548,0.00260215710853,0.0099999999984,0.0799999999999,97.2814498934,3,"[0, 1, 2]"
633,0,normal_tightening,1,[0],True,1326,988471,989796,1,True,9046.762,9060.372,9046.762,9060.372,13.61,0,0,1325,True,0.0102716981132,0.00241101069845,0.0099999999984,0.0499999999993,97.3548861131,3,"[0, 1, 2]"
634,5,supplementary_operation,1,[5],True,1760,989797,991556,1,True,9060.382,9078.602,9060.382,9078.602,18.22,0,0,1759,True,0.0103581580443,0.00294678599763,0.0099999999984,0.0700000000015,96.5422612514,3,"[0, 1, 2]"
635,0,normal_tightening,1,[0],True,1315,991557,992871,1,True,9078.612,9092.172,9078.612,9092.172,13.56,0,0,1314,True,0.0103196347032,0.00274010651846,0.0099999999984,0.0599999999995,96.9026548672,3,"[0, 1, 2]"
636,5,supplementary_operation,1,[5],True,993,992872,993864,1,True,9092.182,9102.622,9092.182,9102.622,10.44,0,0,992,True,0.0105241935484,0.00387914961931,0.0099999999984,0.0799999999999,95.0191570881,3,"[0, 1, 2]"
637,2,extra_component,1,[2],True,1527,993865,995391,1,True,9102.632,9118.482,9102.632,9118.482,15.85,0,0,1526,True,0.0103866317169,0.00259446523588,0.0099999999984,0.0400000000009,96.2776025237,3,"[0, 1, 2]"
638,5,supplementary_operation,1,[5],True,1897,995392,997288,1,True,13449.539,13468.539,13449.539,13468.539,19,0,0,1896,True,0.0100210970464,0.000725934621714,0.00999999999658,0.0400000000009,99.7894736842,3,"[0, 1, 2]"
639,4,damaged_thread,1,[4],True,1362,997289,998650,1,True,13468.549,13482.199,13468.549,13482.199,13.65,0,0,1361,True,0.0100293901543,0.000541329623992,0.00999999999658,0.0200000000004,99.706959707,2,"[1, 2]"
640,5,supplementary_operation,1,[5],True,1364,998651,1000014,1,True,13482.209,13495.859,13482.209,13495.859,13.65,0,0,1363,True,0.0100146735143,0.00038277908907,0.00999999999658,0.0200000000004,99.8534798535,3,"[0, 1, 2]"
641,0,normal_tightening,1,[0],True,1587,1000015,1001601,1,True,13495.869,13511.729,13495.869,13511.729,15.86,0,0,1586,True,0.01,0,0.00999999999658,0.0100000000039,100,3,"[0, 1, 2]"
642,5,supplementary_operation,1,[5],True,1313,1001602,1002914,1,True,13511.739,13524.879,13511.739,13524.879,13.14,0,0,1312,True,0.0100152439024,0.000390136704006,0.00999999999658,0.0200000000004,99.8477929985,3,"[0, 1, 2]"
643,0,normal_tightening,1,[0],True,1435,1002915,1004349,1,True,13524.889,13539.399,13524.889,13539.399,14.51,0,0,1434,True,0.0101185495119,0.00155777766617,0.00999999999658,0.0499999999993,98.8283942109,3,"[0, 1, 2]"
644,5,supplementary_operation,1,[5],True,1324,1004350,1005673,1,True,13539.409,13552.639,13539.409,13552.639,13.23,0,0,1323,True,0.01,0,0.00999999999658,0.0100000000039,100,3,"[0, 1, 2]"
645,0,normal_tightening,1,[0],True,1456,1005674,1007129,1,True,13552.649,13567.199,13552.649,13567.199,14.55,0,0,1455,True,0.01,0,0.00999999999658,0.0100000000039,100,3,"[0, 1, 2]"
646,5,supplementary_operation,1,[5],True,1058,1007130,1008187,1,True,13567.209,13577.779,13567.209,13577.779,10.57,0,0,1057,True,0.01,0,0.00999999999658,0.0100000000039,100,3,"[0, 1, 2]"
647,2,extra_component,1,[2],True,1483,1008188,1009670,1,True,13577.789,13592.619,13577.789,13592.619,14.83,0,0,1482,True,0.0100067476383,0.00025967451285,0.00999999999658,0.0199999999986,99.9325691167,3,"[0, 1, 2]"
648,5,supplementary_operation,1,[5],True,1434,1009671,1011104,1,True,13592.629,13606.959,13592.629,13606.959,14.33,0,0,1433,True,0.01,0,0.00999999999658,0.0100000000039,100,3,"[0, 1, 2]"
649,0,normal_tightening,1,[0],True,1337,1011105,1012441,1,True,13606.969,13620.329,13606.969,13620.329,13.36,0,0,1336,True,0.01,0,0.00999999999658,0.0100000000039,100,2,"[1, 2]"
650,5,supplementary_operation,1,[5],True,1489,1012442,1013930,1,True,13620.339,13635.219,13620.339,13635.219,14.88,0,0,1488,True,0.01,0,0.00999999999658,0.0100000000039,100,3,"[0, 1, 2]"
651,0,normal_tightening,1,[0],True,1365,1013931,1015295,1,True,13635.229,13648.869,13635.229,13648.869,13.64,0,0,1364,True,0.01,0,0.00999999999658,0.0100000000039,100,3,"[0, 1, 2]"
652,5,supplementary_operation,1,[5],True,1019,1015296,1016314,1,True,13648.879,13659.059,13648.879,13659.059,10.18,0,0,1018,True,0.01,0,0.00999999999658,0.0100000000039,100,3,"[0, 1, 2]"
653,2,extra_component,1,[2],True,1196,1016315,1017510,1,True,13659.069,13671.019,13659.069,13671.019,11.95,0,0,1195,True,0.01,0,0.00999999999658,0.0100000000039,100,2,"[1, 2]"
654,5,supplementary_operation,1,[5],True,1870,1017511,1019380,1,True,13671.029,13689.719,13671.029,13689.719,18.69,0,0,1869,True,0.01,9.59985336665e-10,0.00999999999658,0.0100000000039,100,3,"[0, 1, 2]"
655,0,normal_tightening,1,[0],True,1475,1019381,1020855,1,True,13689.729,13704.469,13689.729,13704.469,14.74,0,0,1474,True,0.01,0,0.00999999999658,0.0100000000039,100,3,"[0, 1, 2]"
656,5,supplementary_operation,1,[5],True,1849,1020856,1022704,1,True,13704.479,13722.969,13704.479,13722.969,18.49,0,0,1848,True,0.0100054112554,0.000232558105498,0.00999999999658,0.0200000000004,99.9459167117,3,"[0, 1, 2]"
657,0,normal_tightening,1,[0],True,1295,1022705,1023999,1,True,13722.979,13735.919,13722.979,13735.919,12.94,0,0,1294,True,0.01,0,0.00999999999658,0.0100000000039,100,3,"[0, 1, 2]"
658,5,supplementary_operation,1,[5],True,1864,1024000,1025863,1,True,13735.929,13754.559,13735.929,13754.559,18.63,0,0,1863,True,0.01,9.59985336665e-10,0.00999999999658,0.0100000000039,100,3,"[0, 1, 2]"
659,0,normal_tightening,1,[0],True,1244,1025864,1027107,1,True,13754.569,13766.999,13754.569,13766.999,12.43,0,0,1243,True,0.01,0,0.00999999999658,0.0100000000039,100,3,"[0, 1, 2]"
660,5,supplementary_operation,1,[5],True,1896,1027108,1029003,1,True,13767.009,13785.959,13767.009,13785.959,18.95,0,0,1895,True,0.01,1.00818626092e-09,0.00999999999658,0.0100000000039,100,3,"[0, 1, 2]"
661,0,normal_tightening,1,[0],True,1219,1029004,1030222,1,True,13785.969,13798.149,13785.969,13798.149,12.18,0,0,1218,True,0.01,0,0.00999999999658,0.0100000000039,100,3,"[0, 1, 2]"
662,5,supplementary_operation,1,[5],True,1022,1030223,1031244,1,True,13798.159,13808.369,13798.159,13808.369,10.21,0,0,1021,True,0.01,0,0.00999999999658,0.0100000000039,100,3,"[0, 1, 2]"
663,2,extra_component,1,[2],True,1593,1031245,1032837,1,True,13808.379,13824.309,13808.379,13824.309,15.93,0,0,1592,True,0.010006281407,0.000250548626583,0.00999999999658,0.0200000000004,99.937225361,3,"[0, 1, 2]"
664,5,supplementary_operation,1,[5],True,1055,1032838,1033892,1,True,13824.319,13834.859,13824.319,13834.859,10.54,0,0,1054,True,0.01,0,0.00999999999658,0.0100000000039,100,3,"[0, 1, 2]"
665,2,extra_component,1,[2],True,1575,1033893,1035467,1,True,13834.869,13850.609,13834.869,13850.609,15.74,0,0,1574,True,0.01,0,0.00999999999658,0.0100000000039,100,3,"[0, 1, 2]"
666,5,supplementary_operation,1,[5],True,1804,1035468,1037271,1,True,13850.619,13868.649,13850.619,13868.649,18.03,0,0,1803,True,0.01,8.55474410154e-10,0.00999999999658,0.0100000000039,100,3,"[0, 1, 2]"
667,0,normal_tightening,1,[0],True,1677,1037272,1038948,1,True,13868.659,13885.439,13868.659,13885.439,16.78,0,0,1676,True,0.0100119331742,0.000345238094147,0.00999999999658,0.0200000000041,99.8808104887,3,"[0, 1, 2]"
668,5,supplementary_operation,1,[5],True,1814,1038949,1040762,1,True,13885.449,13903.579,13885.449,13903.579,18.13,0,0,1813,True,0.01,8.71172497695e-10,0.00999999999658,0.0100000000039,100,3,"[0, 1, 2]"
669,0,normal_tightening,1,[0],True,1537,1040763,1042299,1,True,13903.589,13918.949,13903.589,13918.949,15.36,0,0,1536,True,0.01,0,0.00999999999658,0.0100000000039,100,3,"[0, 1, 2]"
670,5,supplementary_operation,1,[5],True,1843,1042300,1044142,1,True,13918.959,13937.379,13918.959,13937.379,18.42,0,0,1842,True,0.01,9.16655160721e-10,0.00999999999658,0.0100000000039,100,3,"[0, 1, 2]"
671,0,normal_tightening,1,[0],True,1628,1044143,1045770,1,True,13937.389,13953.659,13937.389,13953.659,16.27,0,0,1627,True,0.01,2.01637252184e-10,0.00999999999658,0.0100000000039,100,3,"[0, 1, 2]"
672,5,supplementary_operation,1,[5],True,1811,1045771,1047581,1,True,13953.669,13971.779,13953.669,13971.779,18.11,0,0,1810,True,0.0100055248619,0.000234985307395,0.00999999999658,0.0200000000004,99.9447818885,3,"[0, 1, 2]"
673,0,normal_tightening,1,[0],True,1647,1047582,1049228,1,True,13971.789,13988.279,13971.789,13988.279,16.49,0,0,1646,True,0.0100182260024,0.000550848908487,0.00999999999658,0.0299999999988,99.8180715585,3,"[0, 1, 2]"
674,5,supplementary_operation,1,[5],True,1837,1049229,1051065,1,True,13988.289,14006.649,13988.289,14006.649,18.36,0,0,1836,True,0.01,9.09232729569e-10,0.00999999999658,0.0100000000039,100,3,"[0, 1, 2]"
675,0,normal_tightening,1,[0],True,1548,1051066,1052613,1,True,14006.659,14022.139,14006.659,14022.139,15.48,0,0,1547,True,0.0100064641241,0.000254164230797,0.00999999999658,0.0200000000004,99.9354005168,3,"[0, 1, 2]"
676,5,supplementary_operation,1,[5],True,1884,1052614,1054497,1,True,14022.149,14040.979,14022.149,14040.979,18.83,0,0,1883,True,0.01,9.74000462487e-10,0.00999999999658,0.0100000000039,100,3,"[0, 1, 2]"
677,0,normal_tightening,1,[0],True,1522,1054498,1056019,1,True,14040.989,14056.199,14040.989,14056.199,15.21,0,0,1521,True,0.01,0,0.00999999999658,0.0100000000039,100,3,"[0, 1, 2]"
678,5,supplementary_operation,1,[5],True,1074,1056020,1057093,1,True,14056.209,14066.959,14056.209,14066.959,10.75,0,0,1073,True,0.010018639329,0.000431330343516,0.00999999999658,0.0200000000004,99.8139534884,2,"[1, 2]"
679,2,extra_component,1,[2],True,1602,1057094,1058695,1,True,14066.969,14082.979,14066.969,14082.979,16.01,0,0,1601,True,0.01,0,0.00999999999658,0.0100000000039,100,3,"[0, 1, 2]"
680,5,supplementary_operation,1,[5],True,1868,1058696,1060563,1,True,14082.989,14101.719,14082.989,14101.719,18.73,0,0,1867,True,0.0100321371184,0.000565984442692,0.00999999999658,0.0200000000041,99.6796583022,3,"[0, 1, 2]"
681,0,normal_tightening,1,[0],True,1551,1060564,1062114,1,True,14101.729,14117.659,14101.729,14117.659,15.93,0,0,1550,True,0.0102774193548,0.00175622573265,0.00999999999658,0.0300000000007,97.300690521,3,"[0, 1, 2]"
682,5,supplementary_operation,1,[5],True,1342,1062115,1063456,1,True,14117.669,14704.431,14117.669,14704.431,586.762,0,0,1341,True,0.437555555556,15.6500104212,0.00999999999658,573.322,2.28542407313,2,"[1, 2]"
683,2,extra_component,1,[2],True,1592,1063457,1065048,1,True,14704.441,14720.431,14704.441,14720.431,15.99,0,0,1591,True,0.010050282841,0.000867014561863,0.0099999999984,0.0299999999988,99.4996873046,2,"[1, 2]"
684,5,supplementary_operation,1,[5],True,1786,1065049,1066834,1,True,14720.441,14738.331,14720.441,14738.331,17.89,0,0,1785,True,0.0100224089636,0.000472850371899,0.0099999999984,0.0200000000023,99.776411403,3,"[0, 1, 2]"
685,0,normal_tightening,1,[0],True,1422,1066835,1068256,1,True,14738.341,14752.551,14738.341,14752.551,14.21,0,0,1421,True,0.01,0,0.0099999999984,0.0100000000039,100,3,"[0, 1, 2]"
686,5,supplementary_operation,1,[5],True,1847,1068257,1070103,1,True,14752.561,14771.031,14752.561,14771.031,18.47,0,0,1846,True,0.0100054171181,0.000232683982664,0.0099999999984,0.0200000000023,99.9458581484,3,"[0, 1, 2]"
687,0,normal_tightening,1,[0],True,1526,1070104,1071629,1,True,14771.041,14786.311,14771.041,14786.311,15.27,0,0,1525,True,0.0100131147541,0.000361905435499,0.0099999999984,0.0200000000023,99.8690242305,3,"[0, 1, 2]"
688,5,supplementary_operation,1,[5],True,1834,1071630,1073463,1,True,14786.321,14804.651,14786.321,14804.651,18.33,0,0,1833,True,0.01,7.36275143029e-10,0.0099999999984,0.0100000000039,100,3,"[0, 1, 2]"
689,0,normal_tightening,1,[0],True,1508,1073464,1074971,1,True,14804.661,14819.731,14804.661,14819.731,15.07,0,0,1507,True,0.01,0,0.0099999999984,0.0100000000039,100,2,"[1, 2]"
690,5,supplementary_operation,1,[5],True,1826,1074972,1076797,1,True,14819.741,14837.991,14819.741,14837.991,18.25,0,0,1825,True,0.01,7.27013451792e-10,0.0099999999984,0.0100000000039,100,3,"[0, 1, 2]"
691,0,normal_tightening,1,[0],True,1523,1076798,1078320,1,True,14838.001,14853.221,14838.001,14853.221,15.22,0,0,1522,True,0.01,0,0.0099999999984,0.0100000000039,100,2,"[1, 2]"
692,5,supplementary_operation,1,[5],True,1009,1078321,1079329,1,True,14853.231,14863.311,14853.231,14863.311,10.08,0,0,1008,True,0.01,0,0.0099999999984,0.0100000000039,100,3,"[0, 1, 2]"
693,2,extra_component,1,[2],True,1290,1079330,1080619,1,True,14863.321,14876.211,14863.321,14876.211,12.89,0,0,1289,True,0.01,0,0.0099999999984,0.0100000000039,100,3,"[0, 1, 2]"
694,5,supplementary_operation,1,[5],True,1831,1080620,1082450,1,True,14876.221,14894.521,14876.221,14894.521,18.3,0,0,1830,True,0.01,7.36275143029e-10,0.0099999999984,0.0100000000039,100,3,"[0, 1, 2]"
695,0,normal_tightening,1,[0],True,1372,1082451,1083822,1,True,14894.531,14908.241,14894.531,14908.241,13.71,0,0,1371,True,0.01,0,0.0099999999984,0.0100000000039,100,3,"[0, 1, 2]"
696,5,supplementary_operation,1,[5],True,2356,1083823,1086178,1,True,14908.251,15226.414,14908.251,15226.414,318.163,0,0,2355,True,0.135101061571,6.06842141895,0.00999999999658,294.563,7.40186633895,3,"[0, 1, 2]"
697,0,normal_tightening,1,[0],True,1978,1086179,1088156,1,True,15226.424,15246.194,15226.424,15246.194,19.77,0,0,1977,True,0.01,1.12266870693e-09,0.00999999999658,0.0100000000039,100,3,"[0, 1, 2]"
698,5,supplementary_operation,1,[5],True,1462,1088157,1089618,1,True,15246.204,15260.814,15246.204,15260.814,14.61,0,0,1461,True,0.01,0,0.00999999999658,0.0100000000039,100,3,"[0, 1, 2]"
699,0,normal_tightening,1,[0],True,1412,1089619,1091030,1,True,15260.824,15274.944,15260.824,15274.944,14.12,0,0,1411,True,0.0100070871722,0.000266123080833,0.00999999999658,0.0199999999986,99.9291784702,3,"[0, 1, 2]"
700,5,supplementary_operation,1,[5],True,1438,1091031,1092468,1,True,15274.954,15289.364,15274.954,15289.364,14.41,0,0,1437,True,0.010027835769,0.000526861328596,0.00999999999658,0.0200000000004,99.7224149896,3,"[0, 1, 2]"
701,0,normal_tightening,1,[0],True,1495,1092469,1093963,1,True,15289.374,15304.354,15289.374,15304.354,14.98,0,0,1494,True,0.0100267737617,0.000633158425191,0.00999999999658,0.0300000000007,99.7329773031,3,"[0, 1, 2]"
702,5,supplementary_operation,1,[5],True,1425,1093964,1095388,1,True,15304.364,15318.654,15304.364,15318.654,14.29,0,0,1424,True,0.0100351123595,0.000591515610626,0.00999999999658,0.0200000000004,99.6501049685,3,"[0, 1, 2]"
703,0,normal_tightening,1,[0],True,1488,1095389,1096876,1,True,15318.664,15333.534,15318.664,15333.534,14.87,0,0,1487,True,0.01,0,0.00999999999658,0.0100000000039,100,3,"[0, 1, 2]"
704,5,supplementary_operation,1,[5],True,1023,1096877,1097899,1,True,15333.544,15343.764,15333.544,15343.764,10.22,0,0,1022,True,0.01,0,0.00999999999658,0.0100000000039,100,3,"[0, 1, 2]"
705,2,extra_component,1,[2],True,1361,1097900,1099260,1,True,15343.774,15357.374,15343.774,15357.374,13.6,0,0,1360,True,0.01,0,0.00999999999658,0.0100000000039,100,3,"[0, 1, 2]"
706,5,supplementary_operation,1,[5],True,1050,1099261,1100310,1,True,15357.384,15367.874,15357.384,15367.874,10.49,0,0,1049,True,0.01,0,0.00999999999658,0.0100000000039,100,3,"[0, 1, 2]"
707,2,extra_component,1,[2],True,1498,1100311,1101808,1,True,15367.884,15382.854,15367.884,15382.854,14.97,0,0,1497,True,0.01,0,0.00999999999658,0.0100000000039,100,3,"[0, 1, 2]"
708,5,supplementary_operation,1,[5],True,1338,1101809,1103146,1,True,15382.864,15396.234,15382.864,15396.234,13.37,0,0,1337,True,0.01,0,0.00999999999658,0.0100000000039,100,2,"[1, 2]"
709,0,normal_tightening,1,[0],True,1417,1103147,1104563,1,True,15396.244,15410.404,15396.244,15410.404,14.16,0,0,1416,True,0.01,0,0.00999999999658,0.0100000000039,100,3,"[0, 1, 2]"
710,5,supplementary_operation,1,[5],True,1393,1104564,1105956,1,True,15410.414,15424.334,15410.414,15424.334,13.92,0,0,1392,True,0.01,0,0.00999999999658,0.0100000000039,100,3,"[0, 1, 2]"
711,0,normal_tightening,1,[0],True,1488,1105957,1107444,1,True,15424.344,15439.214,15424.344,15439.214,14.87,0,0,1487,True,0.01,0,0.00999999999658,0.0100000000039,100,3,"[0, 1, 2]"
712,5,supplementary_operation,1,[5],True,1472,1107445,1108916,1,True,15439.224,15453.934,15439.224,15453.934,14.71,0,0,1471,True,0.01,0,0.00999999999658,0.0100000000039,100,3,"[0, 1, 2]"
713,0,normal_tightening,1,[0],True,1342,1108917,1110258,1,True,15453.944,15467.354,15453.944,15467.354,13.41,0,0,1341,True,0.01,0,0.00999999999658,0.0100000000039,100,3,"[0, 1, 2]"
714,5,supplementary_operation,1,[5],True,1829,1110259,1112087,1,True,15467.364,15485.664,15467.364,15485.664,18.3,0,0,1828,True,0.010010940919,0.000330589604575,0.00999999999658,0.0200000000004,99.8907103825,3,"[0, 1, 2]"
715,0,normal_tightening,1,[0],True,1341,1112088,1113428,1,True,15485.674,15499.124,15485.674,15499.124,13.45,0,0,1340,True,0.0100373134328,0.000609706516294,0.00999999999658,0.0200000000004,99.6282527881,3,"[0, 1, 2]"
716,5,supplementary_operation,1,[5],True,1829,1113429,1115257,1,True,15499.134,15517.454,15499.134,15517.454,18.32,0,0,1828,True,0.0100218818381,0.000467268194837,0.00999999999658,0.0200000000004,99.7816593886,3,"[0, 1, 2]"
717,0,normal_tightening,1,[0],True,1391,1115258,1116648,1,True,15517.464,15531.494,15517.464,15531.494,14.03,0,0,1390,True,0.0100935251799,0.00116540101065,0.00999999999658,0.0300000000007,99.0734141126,3,"[0, 1, 2]"
718,5,supplementary_operation,1,[5],True,1844,1116649,1118492,1,True,15531.504,15549.954,15531.504,15549.954,18.45,0,0,1843,True,0.0100108518719,0.000329243005005,0.00999999999658,0.0200000000004,99.891598916,3,"[0, 1, 2]"
719,0,normal_tightening,1,[0],True,1300,1118493,1119792,1,True,15549.964,15562.954,15549.964,15562.954,12.99,0,0,1299,True,0.01,0,0.00999999999658,0.0100000000039,100,3,"[0, 1, 2]"
720,5,supplementary_operation,1,[5],True,1834,1119793,1121626,1,True,15562.964,15581.294,15562.964,15581.294,18.33,0,0,1833,True,0.01,9.09232729569e-10,0.00999999999658,0.0100000000039,100,3,"[0, 1, 2]"
721,1,damaged_screw,1,[1],True,1584,1121627,1123210,1,True,15581.304,15597.144,15581.304,15597.144,15.84,0,0,1583,True,0.0100063171194,0.000251259403692,0.00999999999658,0.0200000000004,99.9368686869,2,"[1, 2]"
722,5,supplementary_operation,1,[5],True,1785,1123211,1124995,1,True,15597.154,15614.994,15597.154,15614.994,17.84,0,0,1784,True,0.01,8.14907252789e-10,0.00999999999658,0.0100000000039,100,3,"[0, 1, 2]"
723,0,normal_tightening,1,[0],True,1603,1124996,1126598,1,True,15615.004,15631.034,15615.004,15631.034,16.03,0,0,1602,True,0.0100062421973,0.000249765905426,0.00999999999658,0.0200000000004,99.9376169682,3,"[0, 1, 2]"
724,5,supplementary_operation,1,[5],True,1126,1126599,1127724,1,True,15631.044,15642.294,15631.044,15642.294,11.25,0,0,1125,True,0.01,0,0.00999999999658,0.0100000000039,100,3,"[0, 1, 2]"
725,2,extra_component,1,[2],True,1574,1127725,1129298,1,True,15642.304,15658.034,15642.304,15658.034,15.73,0,0,1573,True,0.01,0,0.00999999999658,0.0100000000039,100,3,"[0, 1, 2]"
726,5,supplementary_operation,1,[5],True,1868,1129299,1131166,1,True,15658.044,15676.714,15658.044,15676.714,18.67,0,0,1867,True,0.01,9.67018290297e-10,0.00999999999658,0.0100000000039,100,3,"[0, 1, 2]"
727,0,normal_tightening,1,[0],True,1534,1131167,1132700,1,True,15676.724,15692.054,15676.724,15692.054,15.33,0,0,1533,True,0.01,0,0.00999999999658,0.0100000000039,100,3,"[0, 1, 2]"
728,5,supplementary_operation,1,[5],True,960,1132701,1133660,1,True,15692.064,15701.654,15692.064,15701.654,9.59,0,0,959,True,0.01,0,0.00999999999658,0.0100000000039,100,3,"[0, 1, 2]"
729,2,extra_component,1,[2],True,1547,1133661,1135207,1,True,15701.664,15717.134,15701.664,15717.134,15.47,0,0,1546,True,0.0100064683053,0.000254246364914,0.00999999999658,0.0200000000004,99.9353587589,3,"[0, 1, 2]"
730,5,supplementary_operation,1,[5],True,1861,1135208,1137068,1,True,15717.144,15735.744,15717.144,15735.744,18.6,0,0,1860,True,0.01,9.4576254541e-10,0.00999999999658,0.0100000000039,100,3,"[0, 1, 2]"
731,0,normal_tightening,1,[0],True,1645,1137069,1138713,1,True,15735.754,15752.204,15735.754,15752.204,16.45,0,0,1644,True,0.0100060827251,0.000246556790715,0.00999999999658,0.0199999999986,99.9392097264,2,"[1, 2]"
732,5,supplementary_operation,1,[5],True,1846,1138714,1140559,1,True,15752.214,15770.664,15752.214,15770.664,18.45,0,0,1845,True,0.01,9.16655160721e-10,0.00999999999658,0.0100000000039,100,3,"[0, 1, 2]"
733,0,normal_tightening,1,[0],True,1548,1140560,1142107,1,True,15770.674,15786.154,15770.674,15786.154,15.48,0,0,1547,True,0.0100064641241,0.000254164230797,0.00999999999658,0.0200000000004,99.9354005168,3,"[0, 1, 2]"
734,5,supplementary_operation,1,[5],True,1887,1142108,1143994,1,True,15786.164,15805.024,15786.164,15805.024,18.86,0,0,1886,True,0.01,9.87816761974e-10,0.00999999999658,0.0100000000039,100,3,"[0, 1, 2]"
735,0,normal_tightening,1,[0],True,1524,1143995,1145518,1,True,15805.034,15820.274,15805.034,15820.274,15.24,0,0,1523,True,0.0100065659882,0.000256157704535,0.00999999999658,0.0199999999986,99.9343832021,3,"[0, 1, 2]"
736,5,supplementary_operation,1,[5],True,1037,1145519,1146555,1,True,15820.284,15830.644,15820.284,15830.644,10.36,0,0,1036,True,0.01,0,0.00999999999658,0.0100000000039,100,2,"[1, 2]"
737,2,extra_component,1,[2],True,1505,1146556,1148060,1,True,15830.654,15845.694,15830.654,15845.694,15.04,0,0,1504,True,0.01,0,0.00999999999658,0.0100000000039,100,2,"[1, 2]"
738,5,supplementary_operation,1,[5],True,1810,1148061,1149870,1,True,15845.704,15863.824,15845.704,15863.824,18.12,0,0,1809,True,0.0100165837479,0.000406893669932,0.00999999999658,0.0200000000041,99.8344370861,3,"[0, 1, 2]"
739,0,normal_tightening,1,[0],True,1608,1149871,1151478,1,True,15863.834,15879.934,15863.834,15879.934,16.1,0,0,1607,True,0.0100186683261,0.000557485660366,0.00999999999658,0.0300000000007,99.8136645963,2,"[1, 2]"
740,5,supplementary_operation,1,[5],True,1807,1151479,1153285,1,True,15879.944,15898.084,15879.944,15898.084,18.14,0,0,1806,True,0.0100442967885,0.000742797179969,0.00999999999658,0.0300000000007,99.558985667,3,"[0, 1, 2]"
741,0,normal_tightening,1,[0],True,1524,1153286,1154809,1,True,15898.094,15913.324,15898.094,15913.324,15.23,0,0,1523,True,0.01,0,0.00999999999658,0.0100000000039,100,3,"[0, 1, 2]"
742,5,supplementary_operation,1,[5],True,1093,1154810,1155902,1,True,15913.334,15924.254,15913.334,15924.254,10.92,0,0,1092,True,0.01,0,0.00999999999658,0.0100000000039,100,2,"[1, 2]"
743,2,extra_component,1,[2],True,1461,1155903,1157363,1,True,15924.264,15938.874,15924.264,15938.874,14.61,0,0,1460,True,0.0100068493151,0.000261622318569,0.00999999999658,0.0200000000004,99.9315537303,3,"[0, 1, 2]"
744,5,supplementary_operation,1,[5],True,1851,1157364,1159214,1,True,15938.884,15957.384,15938.884,15957.384,18.5,0,0,1850,True,0.01,9.31322574615e-10,0.00999999999658,0.0100000000039,100,3,"[0, 1, 2]"
745,0,normal_tightening,1,[0],True,1398,1159215,1160612,1,True,15957.394,15971.364,15957.394,15971.364,13.97,0,0,1397,True,0.01,0,0.00999999999658,0.0100000000039,100,2,"[1, 2]"
746,5,supplementary_operation,1,[5],True,1045,1160613,1161657,1,True,15971.374,15981.834,15971.374,15981.834,10.46,0,0,1044,True,0.0100191570881,0.000618687941034,0.00999999999658,0.0299999999988,99.8087954111,2,"[1, 2]"
747,2,extra_component,1,[2],True,1511,1161658,1163168,1,True,15981.844,15996.944,15981.844,15996.944,15.1,0,0,1510,True,0.01,0,0.00999999999658,0.0100000000039,100,3,"[0, 1, 2]"
748,5,supplementary_operation,1,[5],True,1821,1163169,1164989,1,True,15996.954,16015.164,15996.954,16015.164,18.21,0,0,1820,True,0.0100054945055,0.000234339209993,0.00999999999658,0.0199999999986,99.9450851181,2,"[1, 2]"
749,0,normal_tightening,1,[0],True,1428,1164990,1166417,1,True,16015.174,16029.444,16015.174,16029.444,14.27,0,0,1427,True,0.01,0,0.00999999999658,0.0100000000039,100,2,"[1, 2]"
750,5,supplementary_operation,1,[5],True,1421,1166418,1167838,1,True,16029.454,16043.664,16029.454,16043.664,14.21,0,0,1420,True,0.0100070422535,0.00026527898872,0.00999999999658,0.0199999999986,99.9296270232,2,"[1, 2]"
751,0,normal_tightening,1,[0],True,1416,1167839,1169254,1,True,16043.674,16057.824,16043.674,16057.824,14.15,0,0,1415,True,0.01,0,0.00999999999658,0.0100000000039,100,3,"[0, 1, 2]"
752,5,supplementary_operation,1,[5],True,1779,1169255,1171033,1,True,16057.834,16196.38,16057.834,16196.38,138.546,0,0,1778,True,0.0779223847019,2.85991173663,0.00999999999476,120.636,12.8332828086,3,"[0, 1, 2]"
753,0,normal_tightening,1,[0],True,1412,1171034,1172445,1,True,16196.39,16210.5,16196.39,16210.5,14.11,0,0,1411,True,0.01,0,0.00999999999476,0.0100000000057,100,3,"[0, 1, 2]"
754,5,supplementary_operation,1,[5],True,1095,1172446,1173540,1,True,16210.51,16221.46,16210.51,16221.46,10.95,0,0,1094,True,0.0100091407678,0.00030219881637,0.00999999999476,0.0200000000004,99.9086757991,3,"[0, 1, 2]"
755,2,extra_component,1,[2],True,1510,1173541,1175050,1,True,16221.47,16236.58,16221.47,16236.58,15.11,0,0,1509,True,0.0100132538105,0.000363816493888,0.00999999999476,0.0200000000004,99.8676373263,3,"[0, 1, 2]"
756,5,supplementary_operation,1,[5],True,1058,1175051,1176108,1,True,16236.59,16247.16,16236.59,16247.16,10.57,0,0,1057,True,0.01,0,0.00999999999476,0.0100000000057,100,3,"[0, 1, 2]"
757,2,extra_component,1,[2],True,1874,1176109,1177982,1,True,16247.17,16265.9,16247.17,16265.9,18.73,0,0,1873,True,0.01,1.14063254687e-09,0.00999999999476,0.0100000000057,100,3,"[0, 1, 2]"
758,5,supplementary_operation,1,[5],True,1557,1177983,1179539,1,True,16265.91,16281.47,16265.91,16281.47,15.56,0,0,1556,True,0.01,4.65661287308e-10,0.00999999999476,0.0100000000057,100,3,"[0, 1, 2]"
759,0,normal_tightening,1,[0],True,1347,1179540,1180886,1,True,16281.48,16294.94,16281.48,16294.94,13.46,0,0,1346,True,0.01,0,0.00999999999476,0.0100000000057,100,2,"[1, 2]"
760,5,supplementary_operation,1,[5],True,1816,1180887,1182702,1,True,16294.95,16313.1,16294.95,16313.1,18.15,0,0,1815,True,0.01,1.06696404865e-09,0.00999999999476,0.0100000000057,100,3,"[0, 1, 2]"
761,0,normal_tightening,1,[0],True,1331,1182703,1184033,1,True,16313.11,16326.41,16313.11,16326.41,13.3,0,0,1330,True,0.01,0,0.00999999999476,0.0100000000057,100,2,"[1, 2]"
762,5,supplementary_operation,1,[5],True,1857,1184034,1185890,1,True,16326.42,16344.98,16326.42,16344.98,18.56,0,0,1856,True,0.01,1.12868842143e-09,0.00999999999476,0.0100000000057,100,3,"[0, 1, 2]"
763,0,normal_tightening,1,[0],True,1341,1185891,1187231,1,True,16344.99,16358.39,16344.99,16358.39,13.4,0,0,1340,True,0.01,0,0.00999999999476,0.0100000000057,100,3,"[0, 1, 2]"
764,5,supplementary_operation,1,[5],True,1841,1187232,1189072,1,True,16358.4,16376.83,16358.4,16376.83,18.43,0,0,1840,True,0.0100163043478,0.000403457118562,0.00999999999476,0.0200000000059,99.8372219208,2,"[1, 2]"
765,0,normal_tightening,1,[0],True,1280,1189073,1190352,1,True,16376.84,16389.67,16376.84,16389.67,12.83,0,0,1279,True,0.0100312744331,0.000558360314976,0.00999999999476,0.0200000000004,99.6882307093,2,"[1, 2]"
766,5,supplementary_operation,1,[5],True,1884,1190353,1192236,1,True,16389.68,16408.53,16389.68,16408.53,18.85,0,0,1883,True,0.0100106213489,0.000325730987272,0.0099999999984,0.0200000000004,99.8938992043,2,"[1, 2]"
767,0,normal_tightening,1,[0],True,1615,1192237,1193851,1,True,16408.54,16424.68,16408.54,16424.68,16.14,0,0,1614,True,0.01,1.64636126996e-10,0.0099999999984,0.010000000002,100,3,"[0, 1, 2]"
768,5,supplementary_operation,1,[5],True,1848,1193852,1195699,1,True,16424.69,16443.17,16424.69,16443.17,18.48,0,0,1847,True,0.0100054141852,0.000232621018514,0.0099999999984,0.0200000000004,99.9458874459,2,"[1, 2]"
769,0,normal_tightening,1,[0],True,1577,1195700,1197276,1,True,16443.18,16458.97,16443.18,16458.97,15.79,0,0,1576,True,0.010019035533,0.000562935637352,0.0099999999984,0.0300000000025,99.8100063331,3,"[0, 1, 2]"
770,5,supplementary_operation,1,[5],True,1803,1197277,1199079,1,True,16458.98,16477.02,16458.98,16477.02,18.04,0,0,1802,True,0.0100110987791,0.000332963373982,0.0099999999984,0.0200000000004,99.889135255,3,"[0, 1, 2]"
771,1,damaged_screw,1,[1],True,1573,1199080,1200652,1,True,16477.03,16492.75,16477.03,16492.75,15.72,0,0,1572,True,0.01,3.49245965481e-10,0.0099999999984,0.010000000002,100,3,"[0, 1, 2]"
772,5,supplementary_operation,1,[5],True,1764,1200653,1202416,1,True,16492.76,16510.39,16492.76,16510.39,17.63,0,0,1763,True,0.01,0,0.0099999999984,0.010000000002,100,2,"[1, 2]"
773,0,normal_tightening,1,[0],True,1694,1202417,1204110,1,True,16510.4,16527.35,16510.4,16527.35,16.95,0,0,1693,True,0.0100118133491,0.000485929446042,0.0099999999984,0.0300000000025,99.8820058997,3,"[0, 1, 2]"
774,5,supplementary_operation,1,[5],True,1838,1204111,1205948,1,True,16527.36,16545.83,16527.36,16545.83,18.47,0,0,1837,True,0.0100544365814,0.000735800565698,0.0099999999984,0.0200000000004,99.4585814835,3,"[0, 1, 2]"
775,0,normal_tightening,1,[0],True,1603,1205949,1207551,1,True,16545.84,16561.95,16545.84,16561.95,16.11,0,0,1602,True,0.0100561797753,0.000826731837285,0.0099999999984,0.0300000000025,99.4413407821,3,"[0, 1, 2]"
776,5,supplementary_operation,1,[5],True,1839,1207552,1209390,1,True,16561.96,16580.34,16561.96,16580.34,18.38,0,0,1838,True,0.01,0,0.0099999999984,0.010000000002,100,3,"[0, 1, 2]"
777,0,normal_tightening,1,[0],True,1704,1209391,1211094,1,True,16580.35,16597.39,16580.35,16597.39,17.04,0,0,1703,True,0.0100058719906,0.000242250749801,0.0099999999984,0.0200000000004,99.941314554,3,"[0, 1, 2]"
778,5,supplementary_operation,1,[5],True,1082,1211095,1212176,1,True,16597.4,16608.21,16597.4,16608.21,10.81,0,0,1081,True,0.01,1.11053139136e-09,0.0099999999984,0.010000000002,100,3,"[0, 1, 2]"
779,2,extra_component,1,[2],True,1546,1212177,1213722,1,True,16608.22,16623.67,16608.22,16623.67,15.45,0,0,1545,True,0.01,4.65661287308e-10,0.0099999999984,0.010000000002,100,2,"[1, 2]"
780,5,supplementary_operation,1,[5],True,1818,1213723,1215540,1,True,16623.68,16641.85,16623.68,16641.85,18.17,0,0,1817,True,0.01,0,0.0099999999984,0.010000000002,100,3,"[0, 1, 2]"
781,0,normal_tightening,1,[0],True,1544,1215541,1217084,1,True,16641.86,16657.29,16641.86,16657.29,15.43,0,0,1543,True,0.01,4.50874602679e-10,0.0099999999984,0.010000000002,100,3,"[0, 1, 2]"
782,5,supplementary_operation,1,[5],True,1848,1217085,1218932,1,True,16657.3,16675.77,16657.3,16675.77,18.47,0,0,1847,True,0.01,0,0.0099999999984,0.010000000002,100,2,"[1, 2]"
783,0,normal_tightening,1,[0],True,1562,1218933,1220494,1,True,16675.78,16691.39,16675.78,16691.39,15.61,0,0,1561,True,0.01,4.03274504367e-10,0.0099999999984,0.010000000002,100,2,"[1, 2]"
784,5,supplementary_operation,1,[5],True,2355,1220495,1222849,1,True,16691.4,17039.887,16691.4,17039.887,348.487,0,0,2354,True,0.148040356839,6.69293230708,0.00999999999476,324.807,6.75491481748,3,"[0, 1, 2]"
785,0,normal_tightening,1,[0],True,1516,1222850,1224365,1,True,17039.897,17055.107,17039.897,17055.107,15.21,0,0,1515,True,0.0100396039604,0.000725592400452,0.00999999999476,0.0299999999988,99.6055226825,3,"[0, 1, 2]"
786,5,supplementary_operation,1,[5],True,1781,1224366,1226146,1,True,17055.117,17073.067,17055.117,17073.067,17.95,0,0,1780,True,0.0100842696629,0.00131699341589,0.00999999999476,0.0400000000009,99.1643454039,3,"[0, 1, 2]"
787,0,normal_tightening,1,[0],True,1376,1226147,1227522,1,True,17073.077,17086.827,17073.077,17086.827,13.75,0,0,1375,True,0.01,9.09232729569e-10,0.00999999999476,0.0100000000057,100,3,"[0, 1, 2]"
788,5,supplementary_operation,1,[5],True,1880,1227523,1229402,1,True,17086.837,17105.787,17086.837,17105.787,18.95,0,0,1879,True,0.0100851516764,0.00121774526458,0.00999999999476,0.0399999999972,99.1556728232,3,"[0, 1, 2]"
789,0,normal_tightening,1,[0],True,1310,1229403,1230712,1,True,17105.797,17119.667,17105.797,17119.667,13.87,0,0,1309,True,0.0105958747135,0.00314352593873,0.00999999999476,0.0400000000009,94.3763518385,3,"[0, 1, 2]"
790,5,supplementary_operation,1,[5],True,1808,1230713,1232520,1,True,17119.677,17137.917,17119.677,17137.917,18.24,0,0,1807,True,0.0100940785833,0.00126333652295,0.00999999999476,0.0400000000009,99.0679824562,3,"[0, 1, 2]"
791,0,normal_tightening,1,[0],True,1323,1232521,1233843,1,True,17137.927,17151.267,17137.927,17151.267,13.34,0,0,1322,True,0.0100907715582,0.00139945618707,0.00999999999476,0.0400000000009,99.1004497751,2,"[1, 2]"
792,5,supplementary_operation,1,[5],True,1795,1233844,1235638,1,True,17151.277,17169.817,17151.277,17169.817,18.54,0,0,1794,True,0.0103344481605,0.00213785375445,0.00999999999476,0.0400000000009,96.7637540453,3,"[0, 1, 2]"
793,0,normal_tightening,1,[0],True,1306,1235639,1236944,1,True,17169.837,17183.317,17169.837,17183.317,13.48,0,0,1305,True,0.0103295019157,0.00259062769598,0.00999999999476,0.0499999999993,96.8100890208,3,"[0, 1, 2]"
794,5,supplementary_operation,1,[5],True,1827,1236945,1238771,1,True,17183.327,17201.837,17183.327,17201.837,18.51,0,0,1826,True,0.0101369112815,0.0015984953528,0.00999999999476,0.0400000000009,98.6493787142,2,"[1, 2]"
795,0,normal_tightening,1,[0],True,1332,1238772,1240103,1,True,17201.847,17215.417,17201.847,17215.417,13.57,0,0,1331,True,0.0101953418482,0.00176560576738,0.00999999999476,0.0399999999972,98.084008843,3,"[0, 1, 2]"
796,5,supplementary_operation,1,[5],True,938,1240104,1241041,1,True,17215.427,17225.247,17215.427,17225.247,9.82,0,0,937,True,0.0104802561366,0.00300903739051,0.00999999999476,0.0400000000045,95.417515275,3,"[0, 1, 2]"
797,2,extra_component,1,[2],True,1092,1241042,1242133,1,True,17225.257,17236.167,17225.257,17236.167,10.91,0,0,1091,True,0.01,1.07329623509e-09,0.00999999999476,0.0100000000057,100,3,"[0, 1, 2]"
798,5,supplementary_operation,1,[5],True,1822,1242134,1243955,1,True,17236.177,17254.757,17236.177,17254.757,18.58,0,0,1821,True,0.0102031850632,0.00209924302226,0.00999999999476,0.0599999999977,98.0086114101,3,"[0, 1, 2]"
799,0,normal_tightening,1,[0],True,1303,1243956,1245258,1,True,17254.767,17268.007,17254.767,17268.007,13.24,0,0,1302,True,0.0101689708141,0.00191261203825,0.00999999999476,0.0400000000009,98.3383685801,2,"[1, 2]"
800,5,supplementary_operation,1,[5],True,1802,1245259,1247060,1,True,17268.017,17286.637,17268.017,17286.637,18.62,0,0,1801,True,0.0103387007218,0.00239068530189,0.00999999999476,0.0499999999993,96.723952739,2,"[1, 2]"
801,0,normal_tightening,1,[0],True,1740,1247061,1248800,1,True,17286.647,17304.037,17286.647,17304.037,17.39,0,0,1739,True,0.01,0,0.00999999999476,0.0100000000057,100,2,"[1, 2]"
802,5,supplementary_operation,1,[5],True,1822,1248801,1250622,1,True,17304.047,17322.257,17304.047,17322.257,18.21,0,0,1821,True,0.01,0,0.00999999999476,0.0100000000057,100,3,"[0, 1, 2]"
803,0,normal_tightening,1,[0],True,1643,1250623,1252265,1,True,17322.267,17338.697,17322.267,17338.697,16.43,0,0,1642,True,0.010006090134,0.000246706810005,0.00999999999476,0.0200000000004,99.9391357273,2,"[1, 2]"
804,5,supplementary_operation,1,[5],True,1833,1252266,1254098,1,True,17338.707,17357.037,17338.707,17357.037,18.33,0,0,1832,True,0.0100054585153,0.000233570883232,0.00999999999476,0.0200000000041,99.9454446263,2,"[1, 2]"
805,0,normal_tightening,1,[0],True,1610,1254099,1255708,1,True,17357.047,17373.387,17357.047,17373.387,16.34,0,0,1609,True,0.0101553760099,0.00162736771092,0.00999999999476,0.0400000000009,98.4700122399,3,"[0, 1, 2]"
806,5,supplementary_operation,1,[5],True,1801,1255709,1257509,1,True,17373.397,17391.657,17373.397,17391.657,18.26,0,0,1800,True,0.0101444444444,0.00175790981389,0.00999999999476,0.0600000000013,98.5761226725,2,"[1, 2]"
807,1,damaged_screw,1,[1],True,1543,1257510,1259052,1,True,17391.667,17407.127,17391.667,17407.127,15.46,0,0,1542,True,0.0100259403372,0.000508655552581,0.00999999999476,0.0200000000004,99.7412677878,3,"[0, 1, 2]"
808,5,supplementary_operation,1,[5],True,1789,1259053,1260841,1,True,17407.137,17425.647,17407.137,17425.647,18.51,0,0,1788,True,0.0103523489933,0.00292314111708,0.00999999999476,0.0600000000049,96.5964343598,3,"[0, 1, 2]"
809,0,normal_tightening,1,[0],True,1583,1260842,1262424,1,True,17425.657,17441.477,17425.657,17441.477,15.82,0,0,1582,True,0.01,5.20625146455e-10,0.00999999999476,0.0100000000057,100,2,"[1, 2]"
810,5,supplementary_operation,1,[5],True,1877,1262425,1264301,1,True,17441.487,17460.257,17441.487,17460.257,18.77,0,0,1876,True,0.0100053304904,0.000230817005283,0.00999999999476,0.0200000000004,99.946723495,3,"[0, 1, 2]"
811,0,normal_tightening,1,[0],True,1532,1264302,1265833,1,True,17460.267,17475.577,17460.267,17475.577,15.31,0,0,1531,True,0.01,6.48173080155e-10,0.00999999999476,0.0100000000057,100,3,"[0, 1, 2]"
812,5,supplementary_operation,1,[5],True,1388,1265834,1267221,1,True,17475.587,756.44,742.54,17475.717,16733.177,1,0,1386,False,0.0101226551227,0.00116439129666,0.0099999999984,0.0299999999997,98.7883107626,3,"[0, 1, 2]"
813,2,extra_component,1,[2],True,1346,1267222,1268567,1,True,756.45,770.03,756.45,770.03,13.58,0,0,1345,True,0.0100966542751,0.00112008859987,0.00999999999976,0.0300000000003,99.0427098675,3,"[0, 1, 2]"
814,5,supplementary_operation,1,[5],True,1868,1268568,1270435,1,True,770.04,788.76,770.04,788.76,18.72,0,0,1867,True,0.010026780932,0.000611731827979,0.00999999999976,0.0300000000003,99.7329059829,3,"[0, 1, 2]"
815,0,normal_tightening,1,[0],True,1374,1270436,1271809,1,True,788.77,802.51,788.77,802.51,13.74,0,0,1373,True,0.0100072833212,0.00026977799239,0.00999999999976,0.02,99.9272197962,3,"[0, 1, 2]"
816,5,supplementary_operation,1,[5],True,1862,1271810,1273671,1,True,802.52,821.13,802.52,821.13,18.61,0,0,1861,True,0.01,1.5044175069e-09,0.00999999999976,0.0100000000003,100,3,"[0, 1, 2]"
817,0,normal_tightening,1,[0],True,1397,1273672,1275068,1,True,821.14,835.1,821.14,835.1,13.96,0,0,1396,True,0.01,1.2265115223e-09,0.00999999999976,0.0100000000003,100,3,"[0, 1, 2]"
818,5,supplementary_operation,1,[5],True,1861,1275069,1276929,1,True,835.11,853.71,835.11,853.71,18.6,0,0,1860,True,0.01,1.5044175069e-09,0.00999999999976,0.0100000000003,100,3,"[0, 1, 2]"
819,0,normal_tightening,1,[0],True,1581,1276930,1278510,1,True,853.72,869.52,853.72,869.52,15.8,0,0,1580,True,0.01,1.36260640699e-09,0.00999999999976,0.0100000000003,100,3,"[0, 1, 2]"
820,5,supplementary_operation,1,[5],True,1649,1278511,1280159,1,True,869.53,1685.38,869.53,1685.38,815.85,0,0,1648,True,0.49505461165,19.048250665,0.00999999999931,773.09,2.01997916284,3,"[0, 1, 2]"
821,4,damaged_thread,1,[4],True,1284,1280160,1281443,1,True,1685.39,1698.27,1685.39,1698.27,12.88,0,0,1283,True,0.0100389711613,0.000623051251487,0.00999999999931,0.02,99.6118012422,3,"[0, 1, 2]"
822,5,supplementary_operation,1,[5],True,1088,1281444,1282531,1,True,1698.28,1709.15,1698.28,1709.15,10.87,0,0,1087,True,0.01,1.01488524665e-09,0.00999999999931,0.0100000000007,100,3,"[0, 1, 2]"
823,2,extra_component,1,[2],True,1396,1282532,1283927,1,True,1709.16,1723.12,1709.16,1723.12,13.96,0,0,1395,True,0.0100071684588,0.000267643795022,0.00999999999931,0.02,99.9283667622,3,"[0, 1, 2]"
824,5,supplementary_operation,1,[5],True,1542,1283928,1285469,1,True,1723.13,1738.57,1723.13,1738.57,15.44,0,0,1541,True,0.010019467878,0.000569285196612,0.00999999999931,0.03,99.8056994819,3,"[0, 1, 2]"
825,0,normal_tightening,1,[0],True,1250,1285470,1286719,1,True,1738.58,1751.08,1738.58,1751.08,12.5,0,0,1249,True,0.0100080064051,0.000282842621822,0.00999999999931,0.02,99.92,3,"[0, 1, 2]"
826,5,supplementary_operation,1,[5],True,1544,1286720,1288263,1,True,1751.09,1766.52,1751.09,1766.52,15.43,0,0,1543,True,0.01,1.3375102185e-09,0.00999999999931,0.0100000000007,100,3,"[0, 1, 2]"
827,0,normal_tightening,1,[0],True,1230,1288264,1289493,1,True,1766.53,1778.82,1766.53,1778.82,12.29,0,0,1229,True,0.01,1.18148647774e-09,0.00999999999931,0.0100000000007,100,3,"[0, 1, 2]"
828,5,supplementary_operation,1,[5],True,1514,1289494,1291007,1,True,1778.83,1793.96,1778.83,1793.96,15.13,0,0,1513,True,0.01,1.3222238854e-09,0.00999999999931,0.0100000000007,100,3,"[0, 1, 2]"
829,0,normal_tightening,1,[0],True,1321,1291008,1292328,1,True,1793.97,1807.17,1793.97,1807.17,13.2,0,0,1320,True,0.01,1.25922423629e-09,0.00999999999931,0.0100000000007,100,3,"[0, 1, 2]"
830,5,supplementary_operation,1,[5],True,1474,1292329,1293802,1,True,1807.18,1821.91,1807.18,1821.91,14.73,0,0,1473,True,0.01,1.37251640234e-09,0.00999999999999,0.0100000000002,100,2,"[1, 2]"
831,0,normal_tightening,1,[0],True,1334,1293803,1295136,1,True,1821.92,1835.25,1821.92,1835.25,13.33,0,0,1333,True,0.01,1.27526595608e-09,0.00999999999999,0.0100000000002,100,3,"[0, 1, 2]"
832,5,supplementary_operation,1,[5],True,1505,1295137,1296641,1,True,1835.26,1850.3,1835.26,1850.3,15.04,0,0,1504,True,0.01,1.39698386192e-09,0.00999999999999,0.0100000000002,100,3,"[0, 1, 2]"
833,0,normal_tightening,1,[0],True,1470,1296642,1298111,1,True,1850.31,1865,1850.31,1865,14.69,0,0,1469,True,0.01,1.37744466381e-09,0.00999999999999,0.0100000000002,100,3,"[0, 1, 2]"
834,5,supplementary_operation,1,[5],True,1430,1298112,1299541,1,True,1865.01,1879.32,1865.01,1879.32,14.31,0,0,1429,True,0.0100139958013,0.000528885755856,0.00999999999999,0.0300000000002,99.8602375961,3,"[0, 1, 2]"
835,0,normal_tightening,1,[0],True,1384,1299542,1300925,1,True,1879.33,1893.16,1879.33,1893.16,13.83,0,0,1383,True,0.01,1.31708901597e-09,0.00999999999999,0.0100000000002,100,3,"[0, 1, 2]"
836,5,supplementary_operation,1,[5],True,1472,1300926,1302397,1,True,1893.17,1907.9,1893.17,1907.9,14.73,0,0,1471,True,0.0100135961931,0.00052128591469,0.00999999999999,0.03,99.8642226748,2,"[1, 2]"
837,0,normal_tightening,1,[0],True,1856,1302398,1304253,1,True,1907.91,1926.49,1907.91,1926.49,18.58,0,0,1855,True,0.0100161725067,0.000518922180103,0.00999999999999,0.03,99.8385360603,3,"[0, 1, 2]"
838,5,supplementary_operation,1,[5],True,1480,1304254,1305733,1,True,1926.5,1941.3,1926.5,1941.3,14.8,0,0,1479,True,0.0100067613252,0.000259937563042,0.00999999999999,0.02,99.9324324324,3,"[0, 1, 2]"
839,0,normal_tightening,1,[0],True,1875,1305734,1307608,1,True,1941.31,1960.05,1941.31,1960.05,18.74,0,0,1874,True,0.01,1.56187543937e-09,0.00999999999999,0.0100000000002,100,3,"[0, 1, 2]"
840,5,supplementary_operation,1,[5],True,1391,1307609,1308999,1,True,1960.06,1973.96,1960.06,1973.96,13.9,0,0,1390,True,0.01,1.31193404896e-09,0.00999999999999,0.0100000000002,100,3,"[0, 1, 2]"
841,0,normal_tightening,1,[0],True,1718,1309000,1310717,1,True,1973.97,1991.21,1973.97,1991.21,17.24,0,0,1717,True,0.0100407687828,0.000994201647682,0.00999999999999,0.04,99.5939675174,3,"[0, 1, 2]"
842,5,supplementary_operation,1,[5],True,1324,1310718,1312041,1,True,1991.22,2004.45,1991.22,2004.45,13.23,0,0,1323,True,0.01,1.25922423629e-09,0.00999999999999,0.0100000000002,100,3,"[0, 1, 2]"
843,0,normal_tightening,1,[0],True,1744,1312042,1313785,1,True,2004.46,2021.93,2004.46,2021.93,17.47,0,0,1743,True,0.0100229489386,0.000586265661108,0.00999999999999,0.03,99.7710360618,2,"[1, 2]"
844,5,supplementary_operation,1,[5],True,1708,1313786,1315493,1,True,2021.94,2039.05,2021.94,2039.05,17.11,0,0,1707,True,0.0100234329233,0.00048350814955,0.00999999999999,0.02,99.7662185856,3,"[0, 1, 2]"
845,0,normal_tightening,1,[0],True,1853,1315494,1317346,1,True,2039.06,2057.63,2039.06,2057.63,18.57,0,0,1852,True,0.0100269978402,0.000518892588458,0.00999999999976,0.0200000000002,99.7307485191,2,"[1, 2]"
846,5,supplementary_operation,1,[5],True,1762,1317347,1319108,1,True,2057.64,2075.25,2057.64,2075.25,17.61,0,0,1761,True,0.01,6.58544507983e-10,0.00999999999976,0.0100000000002,100,3,"[0, 1, 2]"
847,0,normal_tightening,1,[0],True,2377,1319109,1321485,1,True,2075.26,2099.03,2075.26,2099.03,23.77,0,0,2376,True,0.0100042087542,0.000205109308606,0.00999999999976,0.02,99.9579301641,3,"[0, 1, 2]"
848,5,supplementary_operation,1,[5],True,1726,1321486,1323211,1,True,2099.04,2116.48,2099.04,2116.48,17.44,0,0,1725,True,0.0101101449275,0.00157499895813,0.00999999999976,0.0599999999999,98.9105504587,3,"[0, 1, 2]"
849,1,damaged_screw,1,[1],True,1750,1323212,1324961,1,True,2116.49,2133.98,2116.49,2133.98,17.49,0,0,1749,True,0.01,6.37632978038e-10,0.00999999999976,0.0100000000002,100,3,"[0, 1, 2]"
850,5,supplementary_operation,1,[5],True,1708,1324962,1326669,1,True,2133.99,2151.06,2133.99,2151.06,17.07,0,0,1707,True,0.01,5.70316273436e-10,0.00999999999976,0.0100000000002,100,3,"[0, 1, 2]"
851,0,normal_tightening,1,[0],True,1719,1326670,1328388,1,True,2151.07,2168.28,2151.07,2168.28,17.21,0,0,1718,True,0.0100174621653,0.000539194919535,0.00999999999976,0.0299999999997,99.8256827426,3,"[0, 1, 2]"
852,5,supplementary_operation,1,[5],True,1036,1328389,1329424,1,True,2168.29,2178.65,2168.29,2178.65,10.36,0,0,1035,True,0.0100096618357,0.000310684737985,0.00999999999976,0.02,99.9034749035,3,"[0, 1, 2]"
853,2,extra_component,1,[2],True,1519,1329425,1330943,1,True,2178.66,2194.01,2178.66,2194.01,15.35,0,0,1518,True,0.0101119894598,0.00132895240222,0.00999999999976,0.04,98.8925081433,3,"[0, 1, 2]"
854,5,supplementary_operation,1,[5],True,1668,1330944,1332611,1,True,2194.02,2211.14,2194.02,2211.14,17.12,0,0,1667,True,0.0102699460108,0.00216013456544,0.00999999999976,0.0599999999999,97.3714953271,3,"[0, 1, 2]"
855,0,normal_tightening,1,[0],True,1691,1332612,1334302,1,True,2211.15,2228.16,2211.15,2228.16,17.01,0,0,1690,True,0.0100650887574,0.000874639481672,0.00999999999976,0.0300000000002,99.3533215755,3,"[0, 1, 2]"
856,5,supplementary_operation,1,[5],True,1633,1334303,1335935,1,True,2228.17,2244.51,2228.17,2244.51,16.34,0,0,1632,True,0.010012254902,0.000349855451559,0.00999999999976,0.02,99.8776009792,3,"[0, 1, 2]"
857,0,normal_tightening,1,[0],True,1723,1335936,1337658,1,True,2244.52,2261.76,2244.52,2261.76,17.24,0,0,1722,True,0.0100116144019,0.000481822729684,0.00999999999976,0.0300000000002,99.8839907193,3,"[0, 1, 2]"
858,5,supplementary_operation,1,[5],True,1604,1337659,1339262,1,True,2261.77,2277.8,2261.77,2277.8,16.03,0,0,1603,True,0.01,2.01637252184e-10,0.00999999999976,0.0100000000002,100,2,"[1, 2]"
859,0,normal_tightening,1,[0],True,1743,1339263,1341005,1,True,2277.81,2295.26,2277.81,2295.26,17.45,0,0,1742,True,0.0100172215844,0.000535471589774,0.00999999999976,0.0299999999997,99.8280802292,3,"[0, 1, 2]"
860,5,supplementary_operation,1,[5],True,1577,1341006,1342582,1,True,2295.27,2311.2,2295.27,2311.2,15.93,0,0,1576,True,0.0101078680203,0.00109267938872,0.00999999999976,0.0300000000002,98.9328311362,2,"[1, 2]"
861,0,normal_tightening,1,[0],True,1743,1342583,1344325,1,True,2311.21,2328.63,2311.21,2328.63,17.42,0,0,1742,True,0.01,6.37632978038e-10,0.00999999999976,0.0100000000002,100,3,"[0, 1, 2]"
862,5,supplementary_operation,1,[5],True,1613,1344326,1345938,1,True,2328.64,2344.76,2328.64,2344.76,16.12,0,0,1612,True,0.01,3.08005990352e-10,0.00999999999976,0.0100000000002,100,3,"[0, 1, 2]"
863,0,normal_tightening,1,[0],True,1737,1345939,1347675,1,True,2344.77,2362.14,2344.77,2362.14,17.37,0,0,1736,True,0.0100057603687,0.000239938543775,0.00999999999976,0.02,99.9424294761,3,"[0, 1, 2]"
864,5,supplementary_operation,1,[5],True,1590,1347676,1349265,1,True,2362.15,2378.04,2362.15,2378.04,15.89,0,0,1589,True,0.01,0,0.00999999999976,0.0100000000002,100,3,"[0, 1, 2]"
865,0,normal_tightening,1,[0],True,1745,1349266,1351010,1,True,2378.05,2395.49,2378.05,2395.49,17.44,0,0,1744,True,0.01,6.26915694114e-10,0.00999999999976,0.0100000000002,100,3,"[0, 1, 2]"
866,5,supplementary_operation,1,[5],True,1584,1351011,1352594,1,True,2395.5,2411.33,2395.5,2411.33,15.83,0,0,1583,True,0.01,0,0.00999999999976,0.0100000000002,100,2,"[1, 2]"
867,0,normal_tightening,1,[0],True,1770,1352595,1354364,1,True,2411.34,2429.04,2411.34,2429.04,17.7,0,0,1769,True,0.0100056529112,0.000237691306294,0.00999999999976,0.02,99.9435028249,3,"[0, 1, 2]"
868,5,supplementary_operation,1,[5],True,1124,1354365,1355488,1,True,2429.05,2440.28,2429.05,2440.28,11.23,0,0,1123,True,0.01,0,0.00999999999976,0.0100000000002,100,3,"[0, 1, 2]"
869,2,extra_component,1,[2],True,1693,1355489,1357181,1,True,2440.29,2457.21,2440.29,2457.21,16.92,0,0,1692,True,0.01,5.20625146455e-10,0.00999999999976,0.0100000000002,100,2,"[1, 2]"
870,5,supplementary_operation,1,[5],True,1044,1357182,1358225,1,True,2457.22,2467.77,2457.22,2467.77,10.55,0,0,1043,True,0.0101150527325,0.00144777863109,0.00999999999976,0.0400000000004,98.8625592417,3,"[0, 1, 2]"
871,2,extra_component,1,[2],True,1742,1358226,1359967,1,True,2467.78,2485.2,2467.78,2485.2,17.42,0,0,1741,True,0.0100057438254,0.000239593953069,0.00999999999976,0.02,99.9425947187,3,"[0, 1, 2]"
872,5,supplementary_operation,1,[5],True,1594,1359968,1361561,1,True,2485.21,2501.32,2485.21,2501.32,16.11,0,0,1593,True,0.0101129943503,0.00116973259158,0.00999999999976,0.0300000000002,98.8826815642,3,"[0, 1, 2]"
873,0,normal_tightening,1,[0],True,1683,1361562,1363244,1,True,2501.33,2518.52,2501.33,2518.52,17.19,0,0,1682,True,0.0102199762188,0.0016208013166,0.00999999999976,0.0300000000002,97.8475858057,3,"[0, 1, 2]"
874,5,supplementary_operation,1,[5],True,1616,1363245,1364860,1,True,2518.53,2534.68,2518.53,2534.68,16.15,0,0,1615,True,0.01,2.85158136718e-10,0.00999999999976,0.0100000000002,100,3,"[0, 1, 2]"
875,0,normal_tightening,1,[0],True,1738,1364861,1366598,1,True,2534.69,2552.07,2534.69,2552.07,17.38,0,0,1737,True,0.0100057570524,0.00023986950669,0.00999999999976,0.02,99.9424626007,3,"[0, 1, 2]"
876,5,supplementary_operation,1,[5],True,1493,1366599,1368091,1,True,2552.08,2567.04,2552.08,2567.04,14.96,0,0,1492,True,0.0100268096515,0.000818243563647,0.00999999999976,0.04,99.7326203209,3,"[0, 1, 2]"
877,0,normal_tightening,1,[0],True,1674,1368092,1369765,1,True,2567.05,2584.24,2567.05,2584.24,17.19,0,0,1673,True,0.0102749551704,0.00187370527072,0.00999999999976,0.0300000000002,97.3240255963,3,"[0, 1, 2]"
878,5,supplementary_operation,1,[5],True,1544,1369766,1371309,1,True,2584.25,2599.68,2584.25,2599.68,15.43,0,0,1543,True,0.01,0,0.00999999999976,0.0100000000002,100,3,"[0, 1, 2]"
879,0,normal_tightening,1,[0],True,1749,1371310,1373058,1,True,2599.69,2617.17,2599.69,2617.17,17.48,0,0,1748,True,0.01,6.48173080155e-10,0.00999999999976,0.0100000000002,100,3,"[0, 1, 2]"
880,5,supplementary_operation,1,[5],True,1544,1373059,1374602,1,True,2617.18,2632.61,2617.18,2632.61,15.43,0,0,1543,True,0.01,0,0.00999999999976,0.0100000000002,100,3,"[0, 1, 2]"
881,0,normal_tightening,1,[0],True,1311,1374603,1375913,1,True,2632.62,2645.74,2632.62,2645.74,13.12,0,0,1310,True,0.0100152671756,0.000390433949694,0.00999999999976,0.02,99.8475609756,3,"[0, 1, 2]"
882,5,supplementary_operation,1,[5],True,1019,1375914,1376932,1,True,2645.75,2655.93,2645.75,2655.93,10.18,0,0,1018,True,0.01,0,0.00999999999976,0.0100000000002,100,3,"[0, 1, 2]"
883,2,extra_component,1,[2],True,1262,1376933,1378194,1,True,2655.94,2668.55,2655.94,2668.55,12.61,0,0,1261,True,0.01,0,0.00999999999976,0.0100000000002,100,3,"[0, 1, 2]"
884,5,supplementary_operation,1,[5],True,1591,1378195,1379785,1,True,2668.56,2684.46,2668.56,2684.46,15.9,0,0,1590,True,0.01,1.16415321827e-10,0.00999999999976,0.0100000000002,100,3,"[0, 1, 2]"
885,0,normal_tightening,1,[0],True,1312,1379786,1381097,1,True,2684.47,2697.58,2684.47,2697.58,13.11,0,0,1311,True,0.01,0,0.00999999999976,0.0100000000002,100,2,"[1, 2]"
886,5,supplementary_operation,1,[5],True,1499,1381098,1382596,1,True,2697.59,2712.57,2697.59,2712.57,14.98,0,0,1498,True,0.01,0,0.00999999999976,0.0100000000002,100,3,"[0, 1, 2]"
887,0,normal_tightening,1,[0],True,1280,1382597,1383876,1,True,2712.58,2725.44,2712.58,2725.44,12.86,0,0,1279,True,0.010054730258,0.000925770765635,0.00999999999976,0.0300000000002,99.4556765163,3,"[0, 1, 2]"
888,5,supplementary_operation,1,[5],True,1493,1383877,1385369,1,True,2725.45,2740.37,2725.45,2740.37,14.92,0,0,1492,True,0.01,0,0.00999999999976,0.0100000000002,100,3,"[0, 1, 2]"
889,0,normal_tightening,1,[0],True,1286,1385370,1386655,1,True,2740.38,2753.23,2740.38,2753.23,12.85,0,0,1285,True,0.01,0,0.00999999999976,0.0100000000002,100,3,"[0, 1, 2]"
890,5,supplementary_operation,1,[5],True,1487,1386656,1388142,1,True,2753.24,2768.13,2753.24,2768.13,14.89,0,0,1486,True,0.0100201884253,0.000579712154887,0.00999999999976,0.0299999999997,99.7985224983,3,"[0, 1, 2]"
891,0,normal_tightening,1,[0],True,1228,1388143,1389370,1,True,2768.14,2780.41,2768.14,2780.41,12.27,0,0,1227,True,0.01,0,0.00999999999976,0.0100000000002,100,3,"[0, 1, 2]"
892,5,supplementary_operation,1,[5],True,1473,1389371,1390843,1,True,2780.42,2795.14,2780.42,2795.14,14.72,0,0,1472,True,0.01,0,0.00999999999976,0.0100000000002,100,3,"[0, 1, 2]"
893,0,normal_tightening,1,[0],True,1357,1390844,1392200,1,True,2795.15,2808.71,2795.15,2808.71,13.56,0,0,1356,True,0.01,0,0.00999999999976,0.0100000000002,100,3,"[0, 1, 2]"
894,5,supplementary_operation,1,[5],True,1433,1392201,1393633,1,True,2808.72,2823.04,2808.72,2823.04,14.32,0,0,1432,True,0.01,0,0.00999999999976,0.0100000000002,100,3,"[0, 1, 2]"
895,0,normal_tightening,1,[0],True,1371,1393634,1395004,1,True,2823.05,2836.77,2823.05,2836.77,13.72,0,0,1370,True,0.0100145985401,0.000381801367316,0.00999999999976,0.02,99.8542274052,3,"[0, 1, 2]"
896,5,supplementary_operation,1,[5],True,1461,1395005,1396465,1,True,2836.78,2851.4,2836.78,2851.4,14.62,0,0,1460,True,0.0100136986301,0.000369863013697,0.00999999999976,0.02,99.8632010944,3,"[0, 1, 2]"
897,0,normal_tightening,1,[0],True,1861,1396466,1398326,1,True,2851.41,2870.02,2851.41,2870.02,18.61,0,0,1860,True,0.0100053763441,0.000231807109004,0.00999999999976,0.02,99.9462654487,3,"[0, 1, 2]"
898,5,supplementary_operation,1,[5],True,1029,1398327,1399355,1,True,2870.03,2880.31,2870.03,2880.31,10.28,0,0,1028,True,0.01,0,0.00999999999976,0.0100000000002,100,3,"[0, 1, 2]"
899,2,extra_component,1,[2],True,1783,1399356,1401138,1,True,2880.32,2898.15,2880.32,2898.15,17.83,0,0,1782,True,0.0100056116723,0.000236823208149,0.00999999999976,0.02,99.9439147504,3,"[0, 1, 2]"
900,5,supplementary_operation,1,[5],True,1369,1401139,1402507,1,True,2898.16,2911.84,2898.16,2911.84,13.68,0,0,1368,True,0.01,0,0.00999999999976,0.0100000000002,100,3,"[0, 1, 2]"
901,0,normal_tightening,1,[0],True,1703,1402508,1404210,1,True,2911.85,2928.88,2911.85,2928.88,17.03,0,0,1702,True,0.0100058754407,0.000242321864011,0.00999999999976,0.02,99.941280094,3,"[0, 1, 2]"
902,5,supplementary_operation,1,[5],True,1739,1404211,1405949,1,True,2928.89,2946.29,2928.89,2946.29,17.4,0,0,1738,True,0.0100115074799,0.000339031527334,0.00999999999976,0.02,99.8850574713,3,"[0, 1, 2]"
903,0,normal_tightening,1,[0],True,1760,1405950,1407709,1,True,2946.3,2963.89,2946.3,2963.89,17.59,0,0,1759,True,0.01,6.58544507983e-10,0.00999999999976,0.0100000000002,100,3,"[0, 1, 2]"
904,5,supplementary_operation,1,[5],True,1717,1407710,1409426,1,True,2963.9,2981.06,2963.9,2981.06,17.16,0,0,1716,True,0.01,5.82076609135e-10,0.00999999999976,0.0100000000002,100,3,"[0, 1, 2]"
905,1,damaged_screw,1,[1],True,1867,1409427,1411293,1,True,2981.07,2999.73,2981.07,2999.73,18.66,0,0,1866,True,0.01,8.14907252789e-10,0.00999999999976,0.0100000000002,100,3,"[0, 1, 2]"
906,5,supplementary_operation,1,[5],True,1680,1411294,1412973,1,True,2999.74,3016.53,2999.74,3016.53,16.79,0,0,1679,True,0.01,4.79992668333e-10,0.00999999999976,0.0100000000002,100,3,"[0, 1, 2]"
907,0,normal_tightening,1,[0],True,1792,1412974,1414765,1,True,3016.54,3034.45,3016.54,3034.45,17.91,0,0,1791,True,0.01,7.1763224003e-10,0.00999999999976,0.0100000000002,100,3,"[0, 1, 2]"
908,5,supplementary_operation,1,[5],True,1666,1414766,1416431,1,True,3034.46,3051.11,3034.46,3051.11,16.65,0,0,1665,True,0.01,4.79992668333e-10,0.00999999999976,0.0100000000002,100,3,"[0, 1, 2]"
909,0,normal_tightening,1,[0],True,1736,1416432,1418167,1,True,3051.12,3068.49,3051.12,3068.49,17.37,0,0,1735,True,0.0100115273775,0.000480015281001,0.00999999999976,0.0299999999997,99.8848589522,3,"[0, 1, 2]"
910,5,supplementary_operation,1,[5],True,1034,1418168,1419201,1,True,3068.5,3078.83,3068.5,3078.83,10.33,0,0,1033,True,0.01,0,0.00999999999976,0.0100000000002,100,3,"[0, 1, 2]"
911,2,extra_component,1,[2],True,1844,1419202,1421045,1,True,3078.84,3097.27,3078.84,3097.27,18.43,0,0,1843,True,0.01,7.89567127722e-10,0.00999999999976,0.0100000000002,100,3,"[0, 1, 2]"
912,5,supplementary_operation,1,[5],True,995,1421046,1422040,1,True,3097.28,3107.22,3097.28,3107.22,9.94,0,0,994,True,0.01,0,0.00999999999976,0.0100000000002,100,3,"[0, 1, 2]"
913,2,extra_component,1,[2],True,1754,1422041,1423794,1,True,3107.23,3124.76,3107.23,3124.76,17.53,0,0,1753,True,0.01,6.48173080155e-10,0.00999999999976,0.0100000000002,100,3,"[0, 1, 2]"
914,5,supplementary_operation,1,[5],True,1707,1423795,1425501,1,True,3124.77,3141.95,3124.77,3141.95,17.18,0,0,1706,True,0.0100703399766,0.00108045602884,0.00999999999976,0.0400000000004,99.3015133877,3,"[0, 1, 2]"
915,0,normal_tightening,1,[0],True,1789,1425502,1427290,1,True,3141.96,3159.84,3141.96,3159.84,17.88,0,0,1788,True,0.01,7.08126757561e-10,0.00999999999976,0.0100000000002,100,3,"[0, 1, 2]"
916,5,supplementary_operation,1,[5],True,1673,1427291,1428963,1,True,3159.85,3176.57,3159.85,3176.57,16.72,0,0,1672,True,0.01,4.79992668333e-10,0.00999999999976,0.0100000000002,100,3,"[0, 1, 2]"
917,0,normal_tightening,1,[0],True,1738,1428964,1430701,1,True,3176.58,3193.96,3176.58,3193.96,17.38,0,0,1737,True,0.0100057570524,0.00023986950669,0.00999999999976,0.02,99.9424626007,3,"[0, 1, 2]"
918,5,supplementary_operation,1,[5],True,1006,1430702,1431707,1,True,3193.97,3204.02,3193.97,3204.02,10.05,0,0,1005,True,0.01,0,0.00999999999976,0.0100000000002,100,3,"[0, 1, 2]"
919,2,extra_component,1,[2],True,1748,1431708,1433455,1,True,3204.03,3221.52,3204.03,3221.52,17.49,0,0,1747,True,0.0100114481969,0.000338158110767,0.00999999999976,0.02,99.8856489423,3,"[0, 1, 2]"
920,5,supplementary_operation,1,[5],True,1628,1433456,1435083,1,True,3221.53,3237.8,3221.53,3237.8,16.27,0,0,1627,True,0.01,3.49245965481e-10,0.00999999999976,0.0100000000002,100,3,"[0, 1, 2]"
921,0,normal_tightening,1,[0],True,1824,1435084,1436907,1,True,3237.81,3256.07,3237.81,3256.07,18.26,0,0,1823,True,0.0100164563906,0.000523452350542,0.00999999999976,0.0299999999997,99.8357064622,3,"[0, 1, 2]"
922,5,supplementary_operation,1,[5],True,1098,1436908,1438005,1,True,3256.08,3267.06,3256.08,3267.06,10.98,0,0,1097,True,0.0100091157703,0.000301785694752,0.00999999999976,0.02,99.9089253188,3,"[0, 1, 2]"
923,2,extra_component,1,[2],True,1728,1438006,1439733,1,True,3267.07,3284.34,3267.07,3284.34,17.27,0,0,1727,True,0.01,5.93603997677e-10,0.00999999999976,0.0100000000002,100,3,"[0, 1, 2]"
924,5,supplementary_operation,1,[5],True,1607,1439734,1441340,1,True,3284.35,3300.42,3284.35,3300.42,16.07,0,0,1606,True,0.0100062266501,0.000249454864558,0.00999999999976,0.02,99.9377722464,3,"[0, 1, 2]"
925,0,normal_tightening,1,[0],True,1746,1441341,1443086,1,True,3300.43,3317.89,3300.43,3317.89,17.46,0,0,1745,True,0.010005730659,0.00023931934691,0.00999999999976,0.02,99.9427262314,3,"[0, 1, 2]"
926,5,supplementary_operation,1,[5],True,1012,1443087,1444098,1,True,3317.9,3328.01,3317.9,3328.01,10.11,0,0,1011,True,0.01,0,0.00999999999976,0.0100000000002,100,3,"[0, 1, 2]"
927,2,extra_component,1,[2],True,1695,1444099,1445793,1,True,3328.02,3344.96,3328.02,3344.96,16.94,0,0,1694,True,0.01,5.46036260182e-10,0.00999999999976,0.0100000000002,100,3,"[0, 1, 2]"
928,5,supplementary_operation,1,[5],True,1547,1445794,1447340,1,True,3344.97,3360.43,3344.97,3360.43,15.46,0,0,1546,True,0.01,0,0.00999999999976,0.0100000000002,100,3,"[0, 1, 2]"
929,0,normal_tightening,1,[0],True,1748,1447341,1449088,1,True,3360.44,3377.91,3360.44,3377.91,17.47,0,0,1747,True,0.01,6.37632978038e-10,0.00999999999976,0.0100000000002,100,3,"[0, 1, 2]"
930,5,supplementary_operation,1,[5],True,1535,1449089,1450623,1,True,3377.92,3393.26,3377.92,3393.26,15.34,0,0,1534,True,0.01,0,0.00999999999976,0.0100000000002,100,3,"[0, 1, 2]"
931,0,normal_tightening,1,[0],True,1717,1450624,1452340,1,True,3393.27,3410.43,3393.27,3410.43,17.16,0,0,1716,True,0.01,5.82076609135e-10,0.00999999999976,0.0100000000002,100,3,"[0, 1, 2]"
932,5,supplementary_operation,1,[5],True,1410,1452341,1453750,1,True,899.814,913.914,899.814,913.914,14.1,0,0,1409,True,0.0100070972321,0.000266311753577,0.00999999999976,0.02,99.9290780142,3,"[0, 1, 2]"
933,2,extra_component,1,[2],True,1643,1453751,1455393,1,True,913.924,930.374,913.924,930.374,16.45,0,0,1642,True,0.0100182704019,0.0005515187137,0.00999999999999,0.03,99.8176291793,2,"[1, 2]"
934,5,supplementary_operation,1,[5],True,1448,1455394,1456841,1,True,930.384,944.854,930.384,944.854,14.47,0,0,1447,True,0.01,1.45402690358e-09,0.00999999999999,0.0100000000001,100,3,"[0, 1, 2]"
935,1,damaged_screw,1,[1],True,1536,1456842,1458377,1,True,944.864,960.214,944.864,960.214,15.35,0,0,1535,True,0.01,1.49990649972e-09,0.00999999999999,0.0100000000001,100,2,"[1, 2]"
936,5,supplementary_operation,1,[5],True,1320,1458378,1459697,1,True,960.224,973.414,960.224,973.414,13.19,0,0,1319,True,0.01,1.36260640699e-09,0.00999999999999,0.0100000000001,100,2,"[1, 2]"
937,1,damaged_screw,1,[1],True,1525,1459698,1461222,1,True,973.424,988.664,973.424,988.664,15.24,0,0,1524,True,0.01,1.4908435376e-09,0.00999999999999,0.0100000000001,100,3,"[0, 1, 2]"
938,5,supplementary_operation,1,[5],True,1259,1461223,1462481,1,True,988.674,1001.254,988.674,1001.254,12.58,0,0,1258,True,0.01,1.31193404896e-09,0.00999999999999,0.0100000000001,100,2,"[1, 2]"
939,1,damaged_screw,1,[1],True,1390,1462482,1463871,1,True,1001.264,1015.154,1001.264,1015.154,13.89,0,0,1389,True,0.01,1.41146076529e-09,0.00999999999999,0.0100000000001,100,3,"[0, 1, 2]"
940,5,supplementary_operation,1,[5],True,1019,1463872,1464890,1,True,1015.164,1025.344,1015.164,1025.344,10.18,0,0,1018,True,0.01,9.94652945702e-10,0.00999999999976,0.0100000000004,100,3,"[0, 1, 2]"
941,2,extra_component,1,[2],True,1559,1464891,1466449,1,True,1025.354,1040.934,1025.354,1040.934,15.58,0,0,1558,True,0.01,1.42579068359e-09,0.00999999999976,0.0100000000004,100,3,"[0, 1, 2]"
942,5,supplementary_operation,1,[5],True,1388,1466450,1467837,1,True,1040.944,1054.814,1040.944,1054.814,13.87,0,0,1387,True,0.01,1.30675874654e-09,0.00999999999976,0.0100000000004,100,2,"[1, 2]"
943,1,damaged_screw,1,[1],True,1351,1467838,1469188,1,True,1054.824,1068.324,1054.824,1068.324,13.5,0,0,1350,True,0.01,1.29110837663e-09,0.00999999999976,0.0100000000004,100,3,"[0, 1, 2]"
944,5,supplementary_operation,1,[5],True,1459,1469189,1470647,1,True,1068.334,1082.914,1068.334,1082.914,14.58,0,0,1458,True,0.01,1.36260640699e-09,0.00999999999976,0.0100000000004,100,2,"[1, 2]"
945,1,damaged_screw,1,[1],True,1337,1470648,1471984,1,True,1082.924,1096.284,1082.924,1096.284,13.36,0,0,1336,True,0.01,1.26994123154e-09,0.00999999999976,0.0100000000004,100,3,"[0, 1, 2]"
946,5,supplementary_operation,1,[5],True,1444,1471985,1473428,1,True,1096.294,1110.724,1096.294,1110.724,14.43,0,0,1443,True,0.01,1.35762428279e-09,0.00999999999976,0.0100000000004,100,3,"[0, 1, 2]"
947,0,normal_tightening,1,[0],True,1330,1473429,1474758,1,True,1110.734,1124.024,1110.734,1124.024,13.29,0,0,1329,True,0.01,1.26994123154e-09,0.00999999999976,0.0100000000004,100,3,"[0, 1, 2]"
948,5,supplementary_operation,1,[5],True,1051,1474759,1475809,1,True,1124.034,1134.534,1124.034,1134.534,10.5,0,0,1050,True,0.01,9.74000462487e-10,0.00999999999976,0.0100000000004,100,3,"[0, 1, 2]"
949,2,extra_component,1,[2],True,1317,1475810,1477126,1,True,1134.544,1147.704,1134.544,1147.704,13.16,0,0,1316,True,0.01,1.25383138823e-09,0.00999999999976,0.0100000000004,100,3,"[0, 1, 2]"
950,5,supplementary_operation,1,[5],True,1876,1477127,1479002,1,True,1147.714,1166.464,1147.714,1166.464,18.75,0,0,1875,True,0.01,1.56620797318e-09,0.00999999999976,0.0100000000004,100,3,"[0, 1, 2]"
951,0,normal_tightening,1,[0],True,1352,1479003,1480354,1,True,1166.474,1179.984,1166.474,1179.984,13.51,0,0,1351,True,0.01,1.28584925751e-09,0.00999999999976,0.0100000000004,100,3,"[0, 1, 2]"
952,5,supplementary_operation,1,[5],True,1812,1480355,1482166,1,True,1179.994,1198.104,1179.994,1198.104,18.11,0,0,1811,True,0.01,1.54880512222e-09,0.00999999999976,0.0100000000004,100,3,"[0, 1, 2]"
953,1,damaged_screw,1,[1],True,1261,1482167,1483427,1,True,1198.114,1210.714,1198.114,1210.714,12.6,0,0,1260,True,0.01,1.2098235131e-09,0.00999999999976,0.0100000000004,100,3,"[0, 1, 2]"
954,5,supplementary_operation,1,[5],True,1802,1483428,1485229,1,True,1210.724,1228.734,1210.724,1228.734,18.01,0,0,1801,True,0.01,1.54002995176e-09,0.00999999999976,0.0100000000004,100,3,"[0, 1, 2]"
955,1,damaged_screw,1,[1],True,1157,1485230,1486386,1,True,1228.744,1240.304,1228.744,1240.304,11.56,0,0,1156,True,0.01,1.0982599496e-09,0.00999999999976,0.0100000000004,100,3,"[0, 1, 2]"
956,5,supplementary_operation,1,[5],True,1076,1486387,1487462,1,True,1240.314,1251.064,1240.314,1251.064,10.75,0,0,1075,True,0.01,1.00818626092e-09,0.00999999999976,0.0100000000004,100,3,"[0, 1, 2]"
957,2,extra_component,1,[2],True,1322,1487463,1488784,1,True,1251.074,1264.284,1251.074,1264.284,13.21,0,0,1321,True,0.01,1.26994123154e-09,0.00999999999976,0.0100000000004,100,3,"[0, 1, 2]"
958,5,supplementary_operation,1,[5],True,1846,1488785,1490630,1,True,1264.294,1282.744,1264.294,1282.744,18.45,0,0,1845,True,0.01,1.55753085393e-09,0.00999999999976,0.0100000000004,100,3,"[0, 1, 2]"
959,1,damaged_screw,1,[1],True,1605,1490631,1492235,1,True,1282.754,1298.794,1282.754,1298.794,16.04,0,0,1604,True,0.01,1.44935906841e-09,0.00999999999976,0.0100000000004,100,3,"[0, 1, 2]"
960,5,supplementary_operation,1,[5],True,1818,1492236,1494053,1,True,1298.804,1316.994,1298.804,1316.994,18.19,0,0,1817,True,0.0100110071547,0.000331587679281,0.00999999999976,0.02,99.8900494777,3,"[0, 1, 2]"
961,1,damaged_screw,1,[1],True,1588,1494054,1495641,1,True,1317.004,1332.884,1317.004,1332.884,15.88,0,0,1587,True,0.0100063011972,0.000250942756799,0.00999999999976,0.02,99.9370277078,3,"[0, 1, 2]"
962,5,supplementary_operation,1,[5],True,1838,1495642,1497479,1,True,1332.894,1351.264,1332.894,1351.264,18.37,0,0,1837,True,0.01,1.54880512222e-09,0.00999999999976,0.0100000000004,100,3,"[0, 1, 2]"
963,1,damaged_screw,1,[1],True,1540,1497480,1499019,1,True,1351.274,1366.664,1351.274,1366.664,15.39,0,0,1539,True,0.01,1.4210301004e-09,0.00999999999976,0.0100000000004,100,2,"[1, 2]"
964,5,supplementary_operation,1,[5],True,1048,1499020,1500067,1,True,1366.674,1377.164,1366.674,1377.164,10.49,0,0,1047,True,0.0100191021968,0.000617801781439,0.00999999999954,0.0300000000004,99.8093422307,3,"[0, 1, 2]"
965,2,extra_component,1,[2],True,1563,1500068,1501630,1,True,1377.174,1392.794,1377.174,1392.794,15.62,0,0,1562,True,0.01,1.34256698595e-09,0.00999999999954,0.0100000000007,100,3,"[0, 1, 2]"
966,5,supplementary_operation,1,[5],True,1755,1501631,1503385,1,True,1392.804,1410.354,1392.804,1410.354,17.55,0,0,1754,True,0.0100057012543,0.000238704919222,0.00999999999954,0.02,99.943019943,2,"[1, 2]"
967,1,damaged_screw,1,[1],True,1492,1503386,1504877,1,True,1410.364,1425.284,1410.364,1425.284,14.92,0,0,1491,True,0.0100067069081,0.000258890128303,0.00999999999954,0.0199999999995,99.9329758713,3,"[0, 1, 2]"
968,5,supplementary_operation,1,[5],True,1848,1504878,1506725,1,True,1425.294,1443.764,1425.294,1443.764,18.47,0,0,1847,True,0.01,1.44467615127e-09,0.00999999999954,0.0100000000007,100,3,"[0, 1, 2]"
969,0,normal_tightening,1,[0],True,1512,1506726,1508237,1,True,1443.774,1458.894,1443.774,1458.894,15.12,0,0,1511,True,0.0100066181337,0.00025717219362,0.00999999999954,0.02,99.9338624339,3,"[0, 1, 2]"
970,5,supplementary_operation,1,[5],True,1769,1508238,1510006,1,True,1458.904,1476.624,1458.904,1476.624,17.72,0,0,1768,True,0.0100226244344,0.000751730666328,0.00999999999954,0.04,99.7742663657,2,"[1, 2]"
971,1,damaged_screw,1,[1],True,1448,1510007,1511454,1,True,1476.634,1491.114,1476.634,1491.114,14.48,0,0,1447,True,0.01000691085,0.00026279410288,0.00999999999954,0.0200000000007,99.9309392265,3,"[0, 1, 2]"
972,5,supplementary_operation,1,[5],True,1069,1511455,1512523,1,True,1491.124,1501.814,1491.124,1501.814,10.69,0,0,1068,True,0.0100093632959,0.000305851741032,0.00999999999954,0.02,99.9064546305,3,"[0, 1, 2]"
973,2,extra_component,1,[2],True,1454,1512524,1513977,1,True,1501.824,1516.364,1501.824,1516.364,14.54,0,0,1453,True,0.0100068823125,0.000262251326682,0.00999999999954,0.02,99.9312242091,3,"[0, 1, 2]"
974,5,supplementary_operation,1,[5],True,1818,1513978,1515795,1,True,1516.374,1534.544,1516.374,1534.544,18.17,0,0,1817,True,0.01,1.43053542444e-09,0.00999999999954,0.0100000000007,100,3,"[0, 1, 2]"
975,1,damaged_screw,1,[1],True,1546,1515796,1517341,1,True,1534.554,1550.014,1534.554,1550.014,15.46,0,0,1545,True,0.0100064724919,0.000254328578718,0.00999999999954,0.0200000000007,99.935316947,3,"[0, 1, 2]"
976,5,supplementary_operation,1,[5],True,1810,1517342,1519151,1,True,1550.024,1568.114,1550.024,1568.114,18.09,0,0,1809,True,0.01,1.42579068359e-09,0.00999999999954,0.0100000000007,100,3,"[0, 1, 2]"
977,1,damaged_screw,1,[1],True,1409,1519152,1520560,1,True,1568.124,1582.204,1568.124,1582.204,14.08,0,0,1408,True,0.01,1.28584925751e-09,0.00999999999954,0.0100000000007,100,3,"[0, 1, 2]"
978,5,supplementary_operation,1,[5],True,1760,1520561,1522320,1,True,1582.214,1599.804,1582.214,1599.804,17.59,0,0,1759,True,0.01,1.41625351512e-09,0.00999999999954,0.0100000000007,100,3,"[0, 1, 2]"
979,1,damaged_screw,1,[1],True,1570,1522321,1523890,1,True,1599.814,1615.504,1599.814,1615.504,15.69,0,0,1569,True,0.01,1.35762428279e-09,0.00999999999954,0.0100000000007,100,3,"[0, 1, 2]"
980,5,supplementary_operation,1,[5],True,1004,1523891,1524894,1,True,1615.514,1625.544,1615.514,1625.544,10.03,0,0,1003,True,0.01,9.01749205358e-10,0.00999999999954,0.0100000000007,100,2,"[1, 2]"
981,2,extra_component,1,[2],True,1485,1524895,1526379,1,True,1625.554,1640.394,1625.554,1640.394,14.84,0,0,1484,True,0.01,1.3222238854e-09,0.00999999999954,0.0100000000007,100,2,"[1, 2]"
982,5,supplementary_operation,1,[5],True,1426,1526380,1527805,1,True,1640.404,1654.654,1640.404,1654.654,14.25,0,0,1425,True,0.01,1.29110837663e-09,0.00999999999954,0.0100000000007,100,3,"[0, 1, 2]"
983,3,missing_screw,1,[3],True,1466,1527806,1529271,1,True,1654.664,1669.314,1654.664,1669.314,14.65,0,0,1465,True,0.01,1.31193404896e-09,0.00999999999954,0.0100000000007,100,3,"[0, 1, 2]"
984,5,supplementary_operation,1,[5],True,1787,1529272,1531058,1,True,1669.324,1687.184,1669.324,1687.184,17.86,0,0,1786,True,0.01,1.42579068359e-09,0.00999999999954,0.0100000000007,100,3,"[0, 1, 2]"
985,0,normal_tightening,1,[0],True,1493,1531059,1532551,1,True,1687.194,1702.114,1687.194,1702.114,14.92,0,0,1492,True,0.01,1.31708901597e-09,0.00999999999954,0.0100000000007,100,3,"[0, 1, 2]"
986,5,supplementary_operation,1,[5],True,1779,1532552,1534330,1,True,1702.124,1720.244,1702.124,1720.244,18.12,0,0,1778,True,0.0101912260967,0.00159706267343,0.00999999999954,0.0300000000007,98.1236203091,3,"[0, 1, 2]"
987,0,normal_tightening,1,[0],True,1500,1534331,1535830,1,True,1720.254,1735.254,1720.254,1735.254,15,0,0,1499,True,0.0100066711141,0.000258198832296,0.00999999999954,0.02,99.9333333333,3,"[0, 1, 2]"
988,5,supplementary_operation,1,[5],True,988,1535831,1536818,1,True,1735.264,1745.134,1735.264,1745.134,9.87,0,0,987,True,0.01,8.63359133608e-10,0.00999999999954,0.0100000000007,100,3,"[0, 1, 2]"
989,2,extra_component,1,[2],True,1381,1536819,1538199,1,True,1745.144,1758.944,1745.144,1758.944,13.8,0,0,1380,True,0.01,1.26994123154e-09,0.00999999999954,0.0100000000007,100,2,"[1, 2]"
990,5,supplementary_operation,1,[5],True,1835,1538200,1540034,1,True,1758.954,1777.294,1758.954,1777.294,18.34,0,0,1834,True,0.01,1.439978005e-09,0.00999999999954,0.0100000000007,100,3,"[0, 1, 2]"
991,0,normal_tightening,1,[0],True,1492,1540035,1541526,1,True,1777.304,1792.214,1777.304,1792.214,14.91,0,0,1491,True,0.01,1.3675703812e-09,0.00999999999954,0.0100000000007,100,2,"[1, 2]"
992,5,supplementary_operation,1,[5],True,1446,1541527,1542972,1,True,1792.224,1806.674,1792.224,1806.674,14.45,0,0,1445,True,0.01,1.3375102185e-09,0.00999999999954,0.0100000000004,100,3,"[0, 1, 2]"
993,0,normal_tightening,1,[0],True,1466,1542973,1544438,1,True,1806.684,1821.334,1806.684,1821.334,14.65,0,0,1465,True,0.01,1.37251640234e-09,0.00999999999999,0.0100000000002,100,3,"[0, 1, 2]"
994,5,supplementary_operation,1,[5],True,1424,1544439,1545862,1,True,1821.344,1835.574,1821.344,1835.574,14.23,0,0,1423,True,0.01,1.35262380804e-09,0.00999999999999,0.0100000000002,100,3,"[0, 1, 2]"
995,0,normal_tightening,1,[0],True,1469,1545863,1547331,1,True,1835.584,1850.264,1835.584,1850.264,14.68,0,0,1468,True,0.01,1.37251640234e-09,0.00999999999999,0.0100000000002,100,3,"[0, 1, 2]"
996,5,supplementary_operation,1,[5],True,1004,1547332,1548335,1,True,1850.274,1860.304,1850.274,1860.304,10.03,0,0,1003,True,0.01,9.01749205358e-10,0.00999999999999,0.0100000000002,100,3,"[0, 1, 2]"
997,2,extra_component,1,[2],True,1464,1548336,1549799,1,True,1860.314,1874.944,1860.314,1874.944,14.63,0,0,1463,True,0.01,1.3675703812e-09,0.00999999999999,0.0100000000002,100,3,"[0, 1, 2]"
998,5,supplementary_operation,1,[5],True,1342,1549800,1551141,1,True,1874.954,1888.364,1874.954,1888.364,13.41,0,0,1341,True,0.01,1.27526595608e-09,0.00999999999999,0.0100000000002,100,3,"[0, 1, 2]"
999,0,normal_tightening,1,[0],True,1441,1551142,1552582,1,True,1888.374,1902.774,1888.374,1902.774,14.4,0,0,1440,True,0.01,1.35762428279e-09,0.00999999999999,0.0100000000002,100,2,"[1, 2]"
1000,5,supplementary_operation,1,[5],True,1337,1552583,1553919,1,True,1902.784,1916.144,1902.784,1916.144,13.36,0,0,1336,True,0.01,1.26994123154e-09,0.00999999999999,0.0100000000002,100,3,"[0, 1, 2]"
1001,0,normal_tightening,1,[0],True,1547,1553920,1555466,1,True,1916.154,1931.614,1916.154,1931.614,15.46,0,0,1546,True,0.01,1.42579068359e-09,0.00999999999999,0.0100000000002,100,3,"[0, 1, 2]"
1002,5,supplementary_operation,1,[5],True,1369,1555467,1556835,1,True,1931.624,1945.304,1931.624,1945.304,13.68,0,0,1368,True,0.01,1.30156286614e-09,0.00999999999999,0.0100000000002,100,3,"[0, 1, 2]"
1003,0,normal_tightening,1,[0],True,1354,1556836,1558189,1,True,1945.314,1958.844,1945.314,1958.844,13.53,0,0,1353,True,0.01,1.28584925751e-09,0.00999999999999,0.0100000000002,100,3,"[0, 1, 2]"
1004,5,supplementary_operation,1,[5],True,1023,1558190,1559212,1,True,1958.854,1969.074,1958.854,1969.074,10.22,0,0,1022,True,0.01,9.31322574615e-10,0.00999999999999,0.0100000000002,100,2,"[1, 2]"
1005,2,extra_component,1,[2],True,1446,1559213,1560658,1,True,1969.084,1983.544,1969.084,1983.544,14.46,0,0,1445,True,0.0100069204152,0.00026297577855,0.00999999999999,0.02,99.9308437068,3,"[0, 1, 2]"
1006,5,supplementary_operation,1,[5],True,1486,1560659,1562144,1,True,1983.554,1998.404,1983.554,1998.404,14.85,0,0,1485,True,0.01,1.38235535555e-09,0.00999999999999,0.0100000000002,100,3,"[0, 1, 2]"
1007,0,normal_tightening,1,[0],True,1316,1562145,1563460,1,True,1998.414,2011.564,1998.414,2011.564,13.15,0,0,1315,True,0.01,1.25922423629e-09,0.00999999999999,0.0100000000002,100,3,"[0, 1, 2]"
1008,5,supplementary_operation,1,[5],True,1853,1563461,1565313,1,True,2011.574,2030.094,2011.574,2030.094,18.52,0,0,1852,True,0.01,1.56187543937e-09,0.00999999999999,0.0100000000002,100,3,"[0, 1, 2]"
1009,0,normal_tightening,1,[0],True,1344,1565314,1566657,1,True,2030.104,2043.534,2030.104,2043.534,13.43,0,0,1343,True,0.01,1.26994123154e-09,0.00999999999999,0.0100000000002,100,3,"[0, 1, 2]"
1010,5,supplementary_operation,1,[5],True,1842,1566658,1568499,1,True,2043.544,2061.954,2043.544,2061.954,18.41,0,0,1841,True,0.01,7.08126757561e-10,0.00999999999976,0.0100000000002,100,3,"[0, 1, 2]"
1011,0,normal_tightening,1,[0],True,1380,1568500,1569879,1,True,2061.964,2075.754,2061.964,2075.754,13.79,0,0,1379,True,0.01,0,0.00999999999976,0.0100000000002,100,3,"[0, 1, 2]"
1012,5,supplementary_operation,1,[5],True,1022,1569880,1570901,1,True,2075.764,2085.974,2075.764,2085.974,10.21,0,0,1021,True,0.01,0,0.00999999999976,0.0100000000002,100,3,"[0, 1, 2]"
1013,2,extra_component,1,[2],True,1271,1570902,1572172,1,True,2085.984,2098.684,2085.984,2098.684,12.7,0,0,1270,True,0.01,0,0.00999999999976,0.0100000000002,100,2,"[1, 2]"
1014,5,supplementary_operation,1,[5],True,1845,1572173,1574017,1,True,2098.694,2117.134,2098.694,2117.134,18.44,0,0,1844,True,0.01,7.9810323664e-10,0.00999999999976,0.0100000000002,100,3,"[0, 1, 2]"
1015,0,normal_tightening,1,[0],True,1570,1574018,1575587,1,True,2117.144,2132.834,2117.144,2132.834,15.69,0,0,1569,True,0.01,0,0.00999999999976,0.0100000000002,100,2,"[1, 2]"
1016,5,supplementary_operation,1,[5],True,1845,1575588,1577432,1,True,2132.844,2151.284,2132.844,2151.284,18.44,0,0,1844,True,0.01,7.9810323664e-10,0.00999999999976,0.0100000000002,100,3,"[0, 1, 2]"
1017,0,normal_tightening,1,[0],True,1573,1577433,1579005,1,True,2151.294,2167.014,2151.294,2167.014,15.72,0,0,1572,True,0.01,0,0.00999999999976,0.0100000000002,100,2,"[1, 2]"
1018,5,supplementary_operation,1,[5],True,1432,1579006,1580437,1,True,2167.024,2181.334,2167.024,2181.334,14.31,0,0,1431,True,0.01,0,0.00999999999976,0.0100000000002,100,2,"[1, 2]"
1019,3,missing_screw,1,[3],True,1312,1580438,1581749,1,True,2181.344,2194.594,2181.344,2194.594,13.25,0,0,1311,True,0.0101067887109,0.0010995629048,0.00999999999976,0.0300000000002,98.9433962264,2,"[1, 2]"
1020,5,supplementary_operation,1,[5],True,1048,1581750,1582797,1,True,2194.604,2205.084,2194.604,2205.084,10.48,0,0,1047,True,0.0100095510984,0.00030890089071,0.00999999999976,0.02,99.9045801527,3,"[0, 1, 2]"
1021,2,extra_component,1,[2],True,1511,1582798,1584308,1,True,2205.094,2220.194,2205.094,2220.194,15.1,0,0,1510,True,0.01,0,0.00999999999976,0.0100000000002,100,3,"[0, 1, 2]"
1022,5,supplementary_operation,1,[5],True,1820,1584309,1586128,1,True,2220.204,2238.394,2220.204,2238.394,18.19,0,0,1819,True,0.01,7.72211884697e-10,0.00999999999976,0.0100000000002,100,3,"[0, 1, 2]"
1023,0,normal_tightening,1,[0],True,1571,1586129,1587699,1,True,2238.404,2254.104,2238.404,2254.104,15.7,0,0,1570,True,0.01,0,0.00999999999976,0.0100000000002,100,3,"[0, 1, 2]"
1024,5,supplementary_operation,1,[5],True,1834,1587700,1589533,1,True,2254.114,2272.444,2254.114,2272.444,18.33,0,0,1833,True,0.01,7.80937719683e-10,0.00999999999976,0.0100000000002,100,3,"[0, 1, 2]"
1025,0,normal_tightening,1,[0],True,1570,1589534,1591103,1,True,2272.454,2288.144,2272.454,2288.144,15.69,0,0,1569,True,0.01,0,0.00999999999976,0.0100000000002,100,3,"[0, 1, 2]"
1026,5,supplementary_operation,1,[5],True,1870,1591104,1592973,1,True,2288.154,2306.844,2288.154,2306.844,18.69,0,0,1869,True,0.01,8.23180634978e-10,0.00999999999976,0.0100000000002,100,3,"[0, 1, 2]"
1027,0,normal_tightening,1,[0],True,1533,1592974,1594506,1,True,2306.854,2322.174,2306.854,2322.174,15.32,0,0,1532,True,0.01,0,0.00999999999976,0.0100000000002,100,2,"[1, 2]"
1028,5,supplementary_operation,1,[5],True,1055,1594507,1595561,1,True,2322.184,2332.724,2322.184,2332.724,10.54,0,0,1054,True,0.01,0,0.00999999999976,0.0100000000002,100,3,"[0, 1, 2]"
1029,2,extra_component,1,[2],True,1582,1595562,1597143,1,True,2332.734,2348.544,2332.734,2348.544,15.81,0,0,1581,True,0.01,0,0.00999999999976,0.0100000000002,100,3,"[0, 1, 2]"
1030,5,supplementary_operation,1,[5],True,1822,1597144,1598965,1,True,2348.554,2366.774,2348.554,2366.774,18.22,0,0,1821,True,0.0100054914882,0.000234274893001,0.00999999999976,0.02,99.945115258,3,"[0, 1, 2]"
1031,0,normal_tightening,1,[0],True,1514,1598966,1600479,1,True,2366.784,2381.914,2366.784,2381.914,15.13,0,0,1513,True,0.01,0,0.00999999999976,0.0100000000002,100,3,"[0, 1, 2]"
1032,5,supplementary_operation,1,[5],True,1762,1600480,1602241,1,True,2381.924,2399.534,2381.924,2399.534,17.61,0,0,1761,True,0.01,6.58544507983e-10,0.00999999999976,0.0100000000002,100,3,"[0, 1, 2]"
1033,0,normal_tightening,1,[0],True,1512,1602242,1603753,1,True,2399.544,2414.654,2399.544,2414.654,15.11,0,0,1511,True,0.01,0,0.00999999999976,0.0100000000002,100,3,"[0, 1, 2]"
1034,5,supplementary_operation,1,[5],True,1820,1603754,1605573,1,True,2414.664,2432.854,2414.664,2432.854,18.19,0,0,1819,True,0.01,7.72211884697e-10,0.00999999999976,0.0100000000002,100,3,"[0, 1, 2]"
1035,0,normal_tightening,1,[0],True,1525,1605574,1607098,1,True,2432.864,2448.104,2432.864,2448.104,15.24,0,0,1524,True,0.01,0,0.00999999999976,0.0100000000002,100,2,"[1, 2]"
1036,5,supplementary_operation,1,[5],True,1048,1607099,1608146,1,True,2448.114,2474.514,2448.114,2474.514,26.4,0,0,1047,True,0.0252148997135,0.492079118905,0.00999999999976,15.94,39.6590909091,3,"[0, 1, 2]"
1037,0,normal_tightening,1,[0],True,3100,1608147,1611246,1,True,2493.014,2524.065,2493.014,2524.065,31.051,0,0,3099,True,0.010019683769,0.000441403234167,0.00900000000001,0.02,99.803549,5,"[0, 1, 2, 3, 4]"
1038,5,supplementary_operation,1,[5],True,2364,1611247,1613610,1,True,3089.515,3113.285,3089.515,3113.285,23.77,0,0,2363,True,0.0100592467203,0.000870765968836,0.00999999999976,0.0300000000002,99.411022297,3,"[0, 1, 2]"
1039,0,normal_tightening,1,[0],True,1464,1613611,1615074,1,True,3113.295,3127.925,3113.295,3127.925,14.63,0,0,1463,True,0.01,0,0.00999999999976,0.0100000000002,100,3,"[0, 1, 2]"
1040,5,supplementary_operation,1,[5],True,1885,1615075,1616959,1,True,3127.935,3146.775,3127.935,3146.775,18.84,0,0,1884,True,0.01,8.47516335696e-10,0.00999999999976,0.0100000000002,100,2,"[1, 2]"
1041,0,normal_tightening,1,[0],True,1462,1616960,1618421,1,True,3146.785,3161.395,3146.785,3161.395,14.61,0,0,1461,True,0.01,0,0.00999999999976,0.0100000000002,100,3,"[0, 1, 2]"
1042,5,supplementary_operation,1,[5],True,1072,1618422,1619493,1,True,3161.405,3172.115,3161.405,3172.115,10.71,0,0,1071,True,0.01,0,0.00999999999976,0.0100000000002,100,3,"[0, 1, 2]"
1043,2,extra_component,1,[2],True,1455,1619494,1620948,1,True,3172.125,3186.665,3172.125,3186.665,14.54,0,0,1454,True,0.01,0,0.00999999999976,0.0100000000002,100,3,"[0, 1, 2]"
1044,5,supplementary_operation,1,[5],True,1386,1620949,1622334,1,True,3186.675,3200.525,3186.675,3200.525,13.85,0,0,1385,True,0.01,0,0.00999999999976,0.0100000000002,100,3,"[0, 1, 2]"
1045,0,normal_tightening,1,[0],True,1427,1622335,1623761,1,True,3200.535,3214.795,3200.535,3214.795,14.26,0,0,1426,True,0.01,0,0.00999999999976,0.0100000000002,100,3,"[0, 1, 2]"
1046,5,supplementary_operation,1,[5],True,1373,1623762,1625134,1,True,3214.805,3228.525,3214.805,3228.525,13.72,0,0,1372,True,0.01,0,0.00999999999976,0.0100000000002,100,3,"[0, 1, 2]"
1047,0,normal_tightening,1,[0],True,1414,1625135,1626548,1,True,3228.535,3242.665,3228.535,3242.665,14.13,0,0,1413,True,0.01,0,0.00999999999976,0.0100000000002,100,3,"[0, 1, 2]"
1048,5,supplementary_operation,1,[5],True,1409,1626549,1627957,1,True,3242.675,3256.755,3242.675,3256.755,14.08,0,0,1408,True,0.01,0,0.00999999999976,0.0100000000002,100,3,"[0, 1, 2]"
1049,0,normal_tightening,1,[0],True,1372,1627958,1629329,1,True,3256.765,3270.475,3256.765,3270.475,13.71,0,0,1371,True,0.01,0,0.00999999999976,0.0100000000002,100,2,"[1, 2]"
1050,5,supplementary_operation,1,[5],True,1106,1629330,1630435,1,True,3270.485,3281.535,3270.485,3281.535,11.05,0,0,1105,True,0.01,0,0.00999999999976,0.0100000000002,100,3,"[0, 1, 2]"
1051,2,extra_component,1,[2],True,1314,1630436,1631749,1,True,3281.545,3294.675,3281.545,3294.675,13.13,0,0,1313,True,0.01,0,0.00999999999976,0.0100000000002,100,3,"[0, 1, 2]"
1052,5,supplementary_operation,1,[5],True,1826,1631750,1633575,1,True,3294.685,3312.935,3294.685,3312.935,18.25,0,0,1825,True,0.01,7.63386316167e-10,0.00999999999976,0.0100000000002,100,3,"[0, 1, 2]"
1053,0,normal_tightening,1,[0],True,1296,1633576,1634871,1,True,3312.945,3325.895,3312.945,3325.895,12.95,0,0,1295,True,0.01,0,0.00999999999976,0.0100000000002,100,3,"[0, 1, 2]"
1054,5,supplementary_operation,1,[5],True,1855,1634872,1636726,1,True,3325.905,3344.445,3325.905,3344.445,18.54,0,0,1854,True,0.01,7.9810323664e-10,0.00999999999976,0.0100000000002,100,2,"[1, 2]"
1055,0,normal_tightening,1,[0],True,1258,1636727,1637984,1,True,3344.455,3357.025,3344.455,3357.025,12.57,0,0,1257,True,0.01,0,0.00999999999976,0.0100000000002,100,3,"[0, 1, 2]"
1056,5,supplementary_operation,1,[5],True,1806,1637985,1639790,1,True,3357.035,3375.085,3357.035,3375.085,18.05,0,0,1805,True,0.01,7.45421768799e-10,0.00999999999976,0.0100000000002,100,2,"[1, 2]"
1057,0,normal_tightening,1,[0],True,1282,1639791,1641072,1,True,3375.095,3387.905,3375.095,3387.905,12.81,0,0,1281,True,0.01,0,0.00999999999976,0.0100000000002,100,3,"[0, 1, 2]"
1058,5,supplementary_operation,1,[5],True,1036,1641073,1642108,1,True,3387.915,3398.265,3387.915,3398.265,10.35,0,0,1035,True,0.01,0,0.00999999999976,0.0100000000002,100,3,"[0, 1, 2]"
1059,2,extra_component,1,[2],True,1603,1642109,1643711,1,True,3398.275,3414.295,3398.275,3414.295,16.02,0,0,1602,True,0.01,2.32830643654e-10,0.00999999999976,0.0100000000002,100,3,"[0, 1, 2]"
1060,5,supplementary_operation,1,[5],True,1870,1643712,1645581,1,True,3414.305,3432.995,3414.305,3432.995,18.69,0,0,1869,True,0.01,8.23180634978e-10,0.00999999999976,0.0100000000002,100,3,"[0, 1, 2]"
1061,0,normal_tightening,1,[0],True,1620,1645582,1647201,1,True,3433.005,3449.195,3433.005,3449.195,16.19,0,0,1619,True,0.01,3.08005990352e-10,0.00999999999976,0.0100000000002,100,3,"[0, 1, 2]"
1062,5,supplementary_operation,1,[5],True,1867,1647202,1649068,1,True,3449.205,3467.865,3449.205,3467.865,18.66,0,0,1866,True,0.01,8.14907252789e-10,0.00999999999976,0.0100000000002,100,3,"[0, 1, 2]"
1063,0,normal_tightening,1,[0],True,1629,1649069,1650697,1,True,3467.875,3484.155,3467.875,3484.155,16.28,0,0,1628,True,0.01,3.29272253991e-10,0.00999999999976,0.0100000000002,100,2,"[1, 2]"
1064,5,supplementary_operation,1,[5],True,1843,1650698,1652540,1,True,3484.165,3502.585,3484.165,3502.585,18.42,0,0,1842,True,0.01,7.80937719683e-10,0.00999999999976,0.0100000000002,100,2,"[1, 2]"
1065,0,normal_tightening,1,[0],True,1569,1652541,1654109,1,True,3502.595,3518.275,3502.595,3518.275,15.68,0,0,1568,True,0.01,0,0.00999999999976,0.0100000000002,100,2,"[1, 2]"
1066,5,supplementary_operation,1,[5],True,1007,1654110,1655116,1,True,3518.285,3528.345,3518.285,3528.345,10.06,0,0,1006,True,0.01,0,0.00999999999976,0.0100000000002,100,2,"[1, 2]"
1067,2,extra_component,1,[2],True,1532,1655117,1656648,1,True,3528.355,3543.665,3528.355,3543.665,15.31,0,0,1531,True,0.01,0,0.00999999999976,0.0100000000002,100,3,"[0, 1, 2]"
1068,5,supplementary_operation,1,[5],True,1482,1656649,1658130,1,True,3543.675,3558.485,3543.675,3558.485,14.81,0,0,1481,True,0.01,0,0.00999999999976,0.0100000000002,100,3,"[0, 1, 2]"
1069,3,missing_screw,1,[3],True,1256,1658131,1659386,1,True,3558.495,3571.045,3558.495,3571.045,12.55,0,0,1255,True,0.01,0,0.00999999999976,0.0100000000002,100,3,"[0, 1, 2]"
1070,5,supplementary_operation,1,[5],True,1466,1659387,1660852,1,True,3571.055,3585.705,3571.055,3585.705,14.65,0,0,1465,True,0.01,0,0.00999999999976,0.0100000000002,100,3,"[0, 1, 2]"
1071,3,missing_screw,1,[3],True,1354,1660853,1662206,1,True,3585.715,3599.245,3585.715,3599.245,13.53,0,0,1353,True,0.01,0,0.00999999999976,0.0100000000002,100,2,"[1, 2]"
1072,5,supplementary_operation,1,[5],True,1376,1662207,1663582,1,True,3599.255,3613.005,3599.255,3613.005,13.75,0,0,1375,True,0.01,0,0.00999999999976,0.0100000000002,100,3,"[0, 1, 2]"
1073,3,missing_screw,1,[3],True,1264,1663583,1664846,1,True,3613.015,3625.645,3613.015,3625.645,12.63,0,0,1263,True,0.01,0,0.00999999999976,0.0100000000002,100,3,"[0, 1, 2]"
1074,5,supplementary_operation,1,[5],True,994,1664847,1665840,1,True,3625.655,3635.585,3625.655,3635.585,9.93,0,0,993,True,0.01,0,0.00999999999976,0.0100000000002,100,2,"[1, 2]"
1075,2,extra_component,1,[2],True,2038,1665841,1667878,1,True,3635.595,3655.965,3635.595,3655.965,20.37,0,0,2037,True,0.01,9.94652945702e-10,0.00999999999976,0.0100000000002,100,3,"[0, 1, 2]"
1076,5,supplementary_operation,1,[5],True,1199,1667879,1669077,1,True,3655.975,3949.591,3655.975,3949.591,293.616,0,0,1198,True,0.245088480801,8.13322882885,0.00999999999976,281.636,4.08015911939,3,"[0, 1, 2]"
1077,2,extra_component,1,[2],True,1521,1669078,1670598,1,True,3949.601,3964.801,3949.601,3964.801,15.2,0,0,1520,True,0.01,0,0.00999999999976,0.0100000000002,100,3,"[0, 1, 2]"
1078,5,supplementary_operation,1,[5],True,1815,1670599,1672413,1,True,3964.811,3982.981,3964.811,3982.981,18.17,0,0,1814,True,0.0100165380375,0.00052474798849,0.00999999999976,0.0300000000002,99.8348926802,3,"[0, 1, 2]"
1079,0,normal_tightening,1,[0],True,1528,1672414,1673941,1,True,3982.991,3998.261,3982.991,3998.261,15.27,0,0,1527,True,0.01,0,0.00999999999976,0.0100000000002,100,3,"[0, 1, 2]"
1080,5,supplementary_operation,1,[5],True,1819,1673942,1675760,1,True,3998.271,4016.451,3998.271,4016.451,18.18,0,0,1818,True,0.01,7.72211884697e-10,0.00999999999976,0.0100000000002,100,3,"[0, 1, 2]"
1081,0,normal_tightening,1,[0],True,1364,1675761,1677124,1,True,4016.461,4030.091,4016.461,4030.091,13.63,0,0,1363,True,0.01,0,0.00999999999976,0.0100000000002,100,3,"[0, 1, 2]"
1082,5,supplementary_operation,1,[5],True,1852,1677125,1678976,1,True,4030.101,4048.621,4030.101,4048.621,18.52,0,0,1851,True,0.0100054024851,0.00023236967226,0.00999999999976,0.02,99.9460043197,3,"[0, 1, 2]"
1083,0,normal_tightening,1,[0],True,1391,1678977,1680367,1,True,4048.631,4062.531,4048.631,4062.531,13.9,0,0,1390,True,0.01,0,0.00999999999976,0.0100000000002,100,3,"[0, 1, 2]"
1084,5,supplementary_operation,1,[5],True,1066,1680368,1681433,1,True,4062.541,4073.191,4062.541,4073.191,10.65,0,0,1065,True,0.01,0,0.00999999999976,0.0100000000002,100,2,"[1, 2]"
1085,2,extra_component,1,[2],True,1329,1681434,1682762,1,True,4073.201,4086.481,4073.201,4086.481,13.28,0,0,1328,True,0.01,0,0.00999999999976,0.0100000000002,100,3,"[0, 1, 2]"
1086,5,supplementary_operation,1,[5],True,1841,1682763,1684603,1,True,4086.491,4104.891,4086.491,4104.891,18.4,0,0,1840,True,0.01,7.89567127722e-10,0.0099999999984,0.0100000000011,100,3,"[0, 1, 2]"
1087,0,normal_tightening,1,[0],True,1375,1684604,1685978,1,True,4104.901,4118.641,4104.901,4118.641,13.74,0,0,1374,True,0.01,0,0.0099999999984,0.0100000000011,100,3,"[0, 1, 2]"
1088,5,supplementary_operation,1,[5],True,1844,1685979,1687822,1,True,4118.651,4137.081,4118.651,4137.081,18.43,0,0,1843,True,0.01,7.89567127722e-10,0.0099999999984,0.0100000000011,100,3,"[0, 1, 2]"
1089,0,normal_tightening,1,[0],True,1340,1687823,1689162,1,True,4137.091,4150.481,4137.091,4150.481,13.39,0,0,1339,True,0.01,0,0.0099999999984,0.0100000000011,100,3,"[0, 1, 2]"
1090,5,supplementary_operation,1,[5],True,1845,1689163,1691007,1,True,4150.491,4168.931,4150.491,4168.931,18.44,0,0,1844,True,0.01,7.89567127722e-10,0.0099999999984,0.0100000000011,100,3,"[0, 1, 2]"
1091,0,normal_tightening,1,[0],True,1266,1691008,1692273,1,True,4168.941,4181.591,4168.941,4181.591,12.65,0,0,1265,True,0.01,0,0.0099999999984,0.0100000000011,100,3,"[0, 1, 2]"
1092,5,supplementary_operation,1,[5],True,1058,1692274,1693331,1,True,4181.601,4192.171,4181.601,4192.171,10.57,0,0,1057,True,0.01,0,0.0099999999984,0.0100000000011,100,3,"[0, 1, 2]"
1093,2,extra_component,1,[2],True,1447,1693332,1694778,1,True,4192.181,4206.641,4192.181,4206.641,14.46,0,0,1446,True,0.01,0,0.0099999999984,0.0100000000011,100,3,"[0, 1, 2]"
1094,5,supplementary_operation,1,[5],True,1866,1694779,1696644,1,True,4206.651,4225.311,4206.651,4225.311,18.66,0,0,1865,True,0.0100053619303,0.000231496333984,0.0099999999984,0.0199999999995,99.9464094319,3,"[0, 1, 2]"
1095,0,normal_tightening,1,[0],True,1663,1696645,1698307,1,True,4225.321,4241.941,4225.321,4241.941,16.62,0,0,1662,True,0.01,4.50874602679e-10,0.0099999999984,0.0100000000011,100,3,"[0, 1, 2]"
1096,5,supplementary_operation,1,[5],True,1829,1698308,1700136,1,True,4241.951,4260.231,4241.951,4260.231,18.28,0,0,1828,True,0.01,7.63386316167e-10,0.0099999999984,0.0100000000011,100,3,"[0, 1, 2]"
1097,0,normal_tightening,1,[0],True,1569,1700137,1701705,1,True,4260.241,4275.921,4260.241,4275.921,15.68,0,0,1568,True,0.01,0,0.0099999999984,0.0100000000011,100,3,"[0, 1, 2]"
1098,5,supplementary_operation,1,[5],True,1435,1701706,1703140,1,True,4275.931,4290.271,4275.931,4290.271,14.34,0,0,1434,True,0.01,0,0.0099999999984,0.0100000000011,100,3,"[0, 1, 2]"
1099,3,missing_screw,1,[3],True,1289,1703141,1704429,1,True,4290.281,4303.161,4290.281,4303.161,12.88,0,0,1288,True,0.01,0,0.0099999999984,0.0100000000011,100,3,"[0, 1, 2]"
1100,5,supplementary_operation,1,[5],True,1022,1704430,1705451,1,True,4303.171,4313.381,4303.171,4313.381,10.21,0,0,1021,True,0.01,0,0.0099999999984,0.0100000000011,100,2,"[1, 2]"
1101,2,extra_component,1,[2],True,1585,1705452,1707036,1,True,4313.391,4329.261,4313.391,4329.261,15.87,0,0,1584,True,0.0100189393939,0.000434781828917,0.0099999999984,0.0200000000013,99.8109640832,2,"[1, 2]"
1102,5,supplementary_operation,1,[5],True,1823,1707037,1708859,1,True,4329.271,4347.491,4329.271,4347.491,18.22,0,0,1822,True,0.01,7.72211884697e-10,0.0099999999984,0.0100000000011,100,3,"[0, 1, 2]"
1103,0,normal_tightening,1,[0],True,1532,1708860,1710391,1,True,4347.501,4362.811,4347.501,4362.811,15.31,0,0,1531,True,0.01,0,0.0099999999984,0.0100000000011,100,3,"[0, 1, 2]"
1104,5,supplementary_operation,1,[5],True,1886,1710392,1712277,1,True,4362.821,4381.681,4362.821,4381.681,18.86,0,0,1885,True,0.0100053050398,0.000230265617159,0.0099999999984,0.0200000000013,99.9469777306,3,"[0, 1, 2]"
1105,0,normal_tightening,1,[0],True,1516,1712278,1713793,1,True,4381.691,4396.841,4381.691,4396.841,15.15,0,0,1515,True,0.01,0,0.0099999999984,0.0100000000011,100,3,"[0, 1, 2]"
1106,5,supplementary_operation,1,[5],True,1834,1713794,1715627,1,True,4396.851,4415.181,4396.851,4415.181,18.33,0,0,1833,True,0.01,7.80937719683e-10,0.0099999999984,0.0100000000011,100,3,"[0, 1, 2]"
1107,0,normal_tightening,1,[0],True,1366,1715628,1716993,1,True,4415.191,4428.841,4415.191,4428.841,13.65,0,0,1365,True,0.01,0,0.0099999999984,0.0100000000011,100,3,"[0, 1, 2]"
1108,5,supplementary_operation,1,[5],True,996,1716994,1717989,1,True,4428.851,4438.801,4428.851,4438.801,9.95,0,0,995,True,0.01,0,0.0099999999984,0.0100000000011,100,3,"[0, 1, 2]"
1109,2,extra_component,1,[2],True,1342,1717990,1719331,1,True,4438.811,4452.221,4438.811,4452.221,13.41,0,0,1341,True,0.01,0,0.0099999999984,0.0100000000011,100,3,"[0, 1, 2]"
1110,5,supplementary_operation,1,[5],True,1851,1719332,1721182,1,True,4452.231,4470.731,4452.231,4470.731,18.5,0,0,1850,True,0.01,7.9810323664e-10,0.0099999999984,0.0100000000011,100,3,"[0, 1, 2]"
1111,0,normal_tightening,1,[0],True,1363,1721183,1722545,1,True,4470.741,4484.361,4470.741,4484.361,13.62,0,0,1362,True,0.01,0,0.0099999999984,0.0100000000011,100,2,"[1, 2]"
1112,5,supplementary_operation,1,[5],True,1842,1722546,1724387,1,True,4484.371,4502.781,4484.371,4502.781,18.41,0,0,1841,True,0.01,7.9810323664e-10,0.0099999999984,0.0100000000011,100,3,"[0, 1, 2]"
1113,0,normal_tightening,1,[0],True,1641,1724388,1726028,1,True,4502.791,4519.191,4502.791,4519.191,16.4,0,0,1640,True,0.01,3.86105942348e-10,0.0099999999984,0.0100000000011,100,3,"[0, 1, 2]"
1114,5,supplementary_operation,1,[5],True,1771,1726029,1727799,1,True,6732.565,6750.275,6732.565,6750.275,17.71,0,0,1770,True,0.0100056497175,0.000237624190306,0.00999999999749,0.0199999999986,99.9435347261,3,"[0, 1, 2]"
1115,0,normal_tightening,1,[0],True,1422,1727800,1729221,1,True,6750.285,6764.495,6750.285,6764.495,14.21,0,0,1421,True,0.01,0,0.00999999999749,0.0100000000029,100,3,"[0, 1, 2]"
1116,5,supplementary_operation,1,[5],True,1527,1729222,1730748,1,True,6764.505,6779.765,6764.505,6779.765,15.26,0,0,1526,True,0.01,4.35586248847e-10,0.00999999999749,0.0100000000029,100,2,"[1, 2]"
1117,0,normal_tightening,1,[0],True,1248,1730749,1731996,1,True,6779.775,6792.245,6779.775,6792.245,12.47,0,0,1247,True,0.01,0,0.00999999999749,0.0100000000029,100,2,"[1, 2]"
1118,5,supplementary_operation,1,[5],True,1010,1731997,1733006,1,True,6792.255,6802.345,6792.255,6802.345,10.09,0,0,1009,True,0.01,0,0.00999999999749,0.0100000000029,100,3,"[0, 1, 2]"
1119,2,extra_component,1,[2],True,1470,1733007,1734476,1,True,6802.355,6817.045,6802.355,6817.045,14.69,0,0,1469,True,0.01,1.16415321827e-10,0.00999999999749,0.0100000000029,100,3,"[0, 1, 2]"
1120,5,supplementary_operation,1,[5],True,1545,1734477,1736021,1,True,6817.055,6832.495,6817.055,6832.495,15.44,0,0,1544,True,0.01,4.79992668333e-10,0.00999999999749,0.0100000000029,100,2,"[1, 2]"
1121,0,normal_tightening,1,[0],True,1195,1736022,1737216,1,True,6832.505,6844.445,6832.505,6844.445,11.94,0,0,1194,True,0.01,0,0.00999999999749,0.0100000000029,100,3,"[0, 1, 2]"
1122,5,supplementary_operation,1,[5],True,1517,1737217,1738733,1,True,6844.455,6859.615,6844.455,6859.615,15.16,0,0,1516,True,0.01,2.85158136718e-10,0.00999999999749,0.0100000000029,100,3,"[0, 1, 2]"
1123,0,normal_tightening,1,[0],True,1303,1738734,1740036,1,True,6859.625,6872.645,6859.625,6872.645,13.02,0,0,1302,True,0.01,0,0.00999999999749,0.0100000000029,100,3,"[0, 1, 2]"
1124,5,supplementary_operation,1,[5],True,1443,1740037,1741479,1,True,6872.655,6887.075,6872.655,6887.075,14.42,0,0,1442,True,0.01,0,0.00999999999749,0.0100000000029,100,3,"[0, 1, 2]"
1125,0,normal_tightening,1,[0],True,1365,1741480,1742844,1,True,6887.085,6900.725,6887.085,6900.725,13.64,0,0,1364,True,0.01,0,0.00999999999749,0.0100000000029,100,2,"[1, 2]"
1126,5,supplementary_operation,1,[5],True,1423,1742845,1744267,1,True,6900.735,6914.965,6900.735,6914.965,14.23,0,0,1422,True,0.0100070323488,0.000265092501042,0.00999999999749,0.0199999999995,99.9297259311,3,"[0, 1, 2]"
1127,0,normal_tightening,1,[0],True,1469,1744268,1745736,1,True,6914.975,6929.675,6914.975,6929.675,14.7,0,0,1468,True,0.0100136239782,0.000368855214442,0.00999999999749,0.0199999999995,99.8639455782,3,"[0, 1, 2]"
1128,5,supplementary_operation,1,[5],True,1449,1745737,1747185,1,True,6929.685,6944.165,6929.685,6944.165,14.48,0,0,1448,True,0.01,0,0.00999999999749,0.0100000000029,100,3,"[0, 1, 2]"
1129,0,normal_tightening,1,[0],True,1344,1747186,1748529,1,True,6944.175,6957.905,6944.175,6957.905,13.73,0,0,1343,True,0.0102233804914,0.00202974637078,0.00999999999749,0.04,97.8150036416,3,"[0, 1, 2]"
1130,5,supplementary_operation,1,[5],True,1383,1748530,1749912,1,True,6957.915,6972.025,6957.915,6972.025,14.11,0,0,1382,True,0.0102098408104,0.00198386147254,0.00999999999749,0.04,97.9447200567,3,"[0, 1, 2]"
1131,0,normal_tightening,1,[0],True,1735,1749913,1751647,1,True,6972.035,6989.595,6972.035,6989.595,17.56,0,0,1734,True,0.0101268742791,0.00158788806273,0.00999999999749,0.0500000000002,98.7471526196,3,"[0, 1, 2]"
1132,5,supplementary_operation,1,[5],True,1408,1751648,1753055,1,True,6989.605,7003.935,6989.605,7003.935,14.33,0,0,1407,True,0.010184790334,0.00205675590593,0.00999999999749,0.0400000000009,98.1856245638,3,"[0, 1, 2]"
1133,0,normal_tightening,1,[0],True,1755,1753056,1754810,1,True,7003.945,7021.635,7003.945,7021.635,17.69,0,0,1754,True,0.0100855188141,0.00136897788282,0.00999999999749,0.0400000000027,99.1520633126,3,"[0, 1, 2]"
1134,5,supplementary_operation,1,[5],True,1363,1754811,1756173,1,True,7445.184,7458.804,7445.184,7458.804,13.62,0,0,1362,True,0.01,0,0.00999999999749,0.0100000000039,100,3,"[0, 1, 2]"
1135,0,normal_tightening,1,[0],True,1757,1756174,1757930,1,True,7458.814,7476.374,7458.814,7476.374,17.56,0,0,1756,True,0.01,4.35586248847e-10,0.00999999999749,0.0100000000039,100,3,"[0, 1, 2]"
1136,5,supplementary_operation,1,[5],True,1018,1757931,1758948,1,True,7476.384,7486.554,7476.384,7486.554,10.17,0,0,1017,True,0.01,0,0.00999999999749,0.0100000000039,100,3,"[0, 1, 2]"
1137,2,extra_component,1,[2],True,1665,1758949,1760613,1,True,7486.564,7503.214,7486.564,7503.214,16.65,0,0,1664,True,0.0100060096154,0.000245071496432,0.00999999999749,0.0199999999995,99.9399399399,3,"[0, 1, 2]"
1138,5,supplementary_operation,1,[5],True,1082,1760614,1761695,1,True,7503.224,7514.034,7503.224,7514.034,10.81,0,0,1081,True,0.01,0,0.00999999999749,0.0100000000039,100,3,"[0, 1, 2]"
1139,2,extra_component,1,[2],True,1637,1761696,1763332,1,True,7514.044,7530.444,7514.044,7530.444,16.4,0,0,1636,True,0.0100244498777,0.00049386332209,0.00999999999749,0.0200000000023,99.756097561,3,"[0, 1, 2]"
1140,5,supplementary_operation,1,[5],True,1717,1763333,1765049,1,True,7530.454,7547.664,7530.454,7547.664,17.21,0,0,1716,True,0.0100291375291,0.000638025400941,0.00999999999749,0.0299999999961,99.7094712377,3,"[0, 1, 2]"
1141,0,normal_tightening,1,[0],True,1695,1765050,1766744,1,True,7547.674,7564.614,7547.674,7564.614,16.94,0,0,1694,True,0.01,2.01637252184e-10,0.00999999999749,0.0100000000039,100,2,"[1, 2]"
1142,5,supplementary_operation,1,[5],True,1627,1766745,1768371,1,True,7564.624,7580.884,7564.624,7580.884,16.26,0,0,1626,True,0.01,0,0.00999999999749,0.0100000000039,100,3,"[0, 1, 2]"
1143,0,normal_tightening,1,[0],True,1742,1768372,1770113,1,True,7580.894,7598.304,7580.894,7598.304,17.41,0,0,1741,True,0.01,3.86105942348e-10,0.00999999999749,0.0100000000039,100,3,"[0, 1, 2]"
1144,5,supplementary_operation,1,[5],True,1024,1770114,1771137,1,True,7598.314,7608.544,7598.314,7608.544,10.23,0,0,1023,True,0.01,0,0.00999999999749,0.0100000000039,100,3,"[0, 1, 2]"
1145,2,extra_component,1,[2],True,1655,1771138,1772792,1,True,7608.554,7625.174,7608.554,7625.174,16.62,0,0,1654,True,0.0100483675937,0.00098235047221,0.00999999999749,0.04,99.5186522262,3,"[0, 1, 2]"
1146,5,supplementary_operation,1,[5],True,1638,1772793,1774430,1,True,7625.184,7641.554,7625.184,7641.554,16.37,0,0,1637,True,0.01,0,0.00999999999749,0.0100000000039,100,3,"[0, 1, 2]"
1147,0,normal_tightening,1,[0],True,1812,1774431,1776242,1,True,7641.564,7659.744,7641.564,7659.744,18.18,0,0,1811,True,0.0100386526781,0.00102354779555,0.00999999999749,0.04,99.6149614961,2,"[1, 2]"
1148,5,supplementary_operation,1,[5],True,1672,1776243,1777914,1,True,7659.754,7676.464,7659.754,7676.464,16.71,0,0,1671,True,0.01,0,0.00999999999749,0.0100000000039,100,3,"[0, 1, 2]"
1149,0,normal_tightening,1,[0],True,1708,1777915,1779622,1,True,7676.474,7693.734,7676.474,7693.734,17.26,0,0,1707,True,0.0101113063855,0.00142758245772,0.00999999999749,0.0400000000018,98.899188876,3,"[0, 1, 2]"
1150,5,supplementary_operation,1,[5],True,1614,1779623,1781236,1,True,7693.744,7709.874,7693.744,7709.874,16.13,0,0,1613,True,0.01,0,0.00999999999749,0.0100000000039,100,2,"[1, 2]"
1151,0,normal_tightening,1,[0],True,1733,1781237,1782969,1,True,7709.884,7727.204,7709.884,7727.204,17.32,0,0,1732,True,0.01,4.03274504367e-10,0.00999999999749,0.0100000000039,100,2,"[1, 2]"
1152,5,supplementary_operation,1,[5],True,1586,1782970,1784555,1,True,7727.214,7743.064,7727.214,7743.064,15.85,0,0,1585,True,0.01,0,0.00999999999749,0.0100000000039,100,3,"[0, 1, 2]"
1153,0,normal_tightening,1,[0],True,1751,1784556,1786306,1,True,7743.074,7760.574,7743.074,7760.574,17.5,0,0,1750,True,0.01,3.86105942348e-10,0.00999999999749,0.0100000000039,100,3,"[0, 1, 2]"
1154,5,supplementary_operation,1,[5],True,1591,1786307,1787897,1,True,7760.584,7776.604,7760.584,7776.604,16.02,0,0,1590,True,0.0100754716981,0.0011190020813,0.00999999999749,0.0399999999981,99.2509363296,3,"[0, 1, 2]"
1155,0,normal_tightening,1,[0],True,1815,1787898,1789712,1,True,7776.614,7794.974,7776.614,7794.974,18.36,0,0,1814,True,0.0101212789416,0.001442258472,0.00999999999749,0.0399999999981,98.8017429194,3,"[0, 1, 2]"
1156,5,supplementary_operation,1,[5],True,982,1789713,1790694,1,True,7794.984,7804.794,7794.984,7804.794,9.81,0,0,981,True,0.01,0,0.00999999999749,0.0100000000039,100,3,"[0, 1, 2]"
1157,2,extra_component,1,[2],True,1641,1790695,1792335,1,True,7804.804,7821.564,7804.804,7821.564,16.76,0,0,1640,True,0.0102195121951,0.00196322525981,0.00999999999749,0.04,97.8520286396,3,"[0, 1, 2]"
1158,5,supplementary_operation,1,[5],True,1518,1792336,1793853,1,True,7821.574,7836.894,7821.574,7836.894,15.32,0,0,1517,True,0.0100988793672,0.00155860426688,0.00999999999749,0.0499999999984,99.0208877285,3,"[0, 1, 2]"
1159,0,normal_tightening,1,[0],True,1684,1793854,1795537,1,True,7836.904,7853.804,7836.904,7853.804,16.9,0,0,1683,True,0.0100415923945,0.000943151986627,0.00999999999749,0.04,99.5857988166,3,"[0, 1, 2]"
1160,5,supplementary_operation,1,[5],True,1607,1795538,1797144,1,True,7853.814,7869.954,7853.814,7869.954,16.14,0,0,1606,True,0.0100498132005,0.000996886480466,0.00999999999749,0.04,99.5043370508,2,"[1, 2]"
1161,0,normal_tightening,1,[0],True,1676,1797145,1798820,1,True,7869.964,7886.714,7869.964,7886.714,16.75,0,0,1675,True,0.01,0,0.00999999999749,0.0100000000039,100,2,"[1, 2]"
1162,5,supplementary_operation,1,[5],True,1601,1798821,1800421,1,True,7886.724,7902.814,7886.724,7902.814,16.09,0,0,1600,True,0.01005625,0.000899631000841,0.00999999999749,0.0300000000025,99.4406463642,3,"[0, 1, 2]"
1163,0,normal_tightening,1,[0],True,1953,1800422,1802374,1,True,7902.824,7922.374,7902.824,7922.374,19.55,0,0,1952,True,0.0100153688525,0.000505876802485,0.00999999999749,0.0299999999979,99.8465473146,3,"[0, 1, 2]"
1164,5,supplementary_operation,1,[5],True,1571,1802375,1803945,1,True,7922.384,7938.244,7922.384,7938.244,15.86,0,0,1570,True,0.010101910828,0.00106588507754,0.00999999999749,0.0299999999961,98.9911727617,3,"[0, 1, 2]"
1165,0,normal_tightening,1,[0],True,1727,1803946,1805672,1,True,7938.254,7955.514,7938.254,7955.514,17.26,0,0,1726,True,0.01,3.08005990352e-10,0.00999999999749,0.0100000000039,100,3,"[0, 1, 2]"
1166,5,supplementary_operation,1,[5],True,1583,1805673,1807255,1,True,7955.524,7971.524,7955.524,7971.524,16,0,0,1582,True,0.0101137800253,0.00207012333368,0.00999999999749,0.0799999999999,98.875,2,"[1, 2]"
1167,0,normal_tightening,1,[0],True,1671,1807256,1808926,1,True,7971.534,7988.414,7971.534,7988.414,16.88,0,0,1670,True,0.0101077844311,0.00146426470937,0.00999999999749,0.04,98.9336492891,3,"[0, 1, 2]"
1168,5,supplementary_operation,1,[5],True,1466,1808927,1810392,1,True,7988.424,8003.204,7988.424,8003.204,14.78,0,0,1465,True,0.0100887372014,0.0012498366211,0.00999999999749,0.0400000000018,99.1204330176,3,"[0, 1, 2]"
1169,0,normal_tightening,1,[0],True,1725,1810393,1812117,1,True,8003.214,8020.454,8003.214,8020.454,17.24,0,0,1724,True,0.01,3.29272253991e-10,0.00999999999749,0.0100000000039,100,3,"[0, 1, 2]"
1170,5,supplementary_operation,1,[5],True,1489,1812118,1813606,1,True,8020.464,8035.344,8020.464,8035.344,14.88,0,0,1488,True,0.01,0,0.00999999999749,0.0100000000039,100,3,"[0, 1, 2]"
1171,0,normal_tightening,1,[0],True,1712,1813607,1815318,1,True,8035.354,8052.464,8035.354,8052.464,17.11,0,0,1711,True,0.01,3.08005990352e-10,0.00999999999749,0.0100000000039,100,3,"[0, 1, 2]"
1172,5,supplementary_operation,1,[5],True,1566,1815319,1816884,1,True,8052.474,8068.124,8052.474,8068.124,15.65,0,0,1565,True,0.01,0,0.00999999999749,0.0100000000039,100,3,"[0, 1, 2]"
1173,0,normal_tightening,1,[0],True,1323,1816885,1818207,1,True,8068.134,8081.354,8068.134,8081.354,13.22,0,0,1322,True,0.01,0,0.00999999999749,0.0100000000039,100,3,"[0, 1, 2]"
1174,5,supplementary_operation,1,[5],True,1541,1818208,1819748,1,True,8081.364,8096.824,8081.364,8096.824,15.46,0,0,1540,True,0.010038961039,0.000804880542005,0.00999999999749,0.0300000000025,99.6119016818,3,"[0, 1, 2]"
1175,0,normal_tightening,1,[0],True,1263,1819749,1821011,1,True,8096.834,8109.624,8096.834,8109.624,12.79,0,0,1262,True,0.0101347068146,0.00170695877914,0.00999999999749,0.04,98.6708365911,3,"[0, 1, 2]"
1176,5,supplementary_operation,1,[5],True,1549,1821012,1822560,1,True,8109.634,8125.384,8109.634,8125.384,15.75,0,0,1548,True,0.0101744186047,0.00177057979972,0.00999999999749,0.04,98.2857142857,3,"[0, 1, 2]"
1177,0,normal_tightening,1,[0],True,1266,1822561,1823826,1,True,8125.394,8138.064,8125.394,8138.064,12.67,0,0,1265,True,0.0100158102767,0.000397306936571,0.00999999999749,0.0199999999977,99.8421468035,3,"[0, 1, 2]"
1178,5,supplementary_operation,1,[5],True,1474,1823827,1825300,1,True,8138.074,8152.874,8138.074,8152.874,14.8,0,0,1473,True,0.0100475220638,0.000862853951688,0.00999999999749,0.0299999999997,99.527027027,2,"[1, 2]"
1179,0,normal_tightening,1,[0],True,1293,1825301,1826593,1,True,8152.884,8165.994,8152.884,8165.994,13.11,0,0,1292,True,0.0101470588235,0.00163931450034,0.00999999999749,0.0500000000038,98.5507246377,3,"[0, 1, 2]"
1180,5,supplementary_operation,1,[5],True,1466,1826594,1828059,1,True,8166.004,8180.654,8166.004,8180.654,14.65,0,0,1465,True,0.01,0,0.00999999999749,0.0100000000039,100,3,"[0, 1, 2]"
1181,0,normal_tightening,1,[0],True,1217,1828060,1829276,1,True,8180.664,8192.824,8180.664,8192.824,12.16,0,0,1216,True,0.01,0,0.00999999999749,0.0100000000039,100,3,"[0, 1, 2]"
1182,5,supplementary_operation,1,[5],True,1483,1829277,1830759,1,True,8192.834,8207.654,8192.834,8207.654,14.82,0,0,1482,True,0.01,0,0.0099999999984,0.010000000002,100,3,"[0, 1, 2]"
1183,0,normal_tightening,1,[0],True,1220,1830760,1831979,1,True,8207.664,8220.024,8207.664,8220.024,12.36,0,0,1219,True,0.0101394585726,0.0014817157545,0.0099999999984,0.0399999999991,98.6245954693,3,"[0, 1, 2]"
1184,5,supplementary_operation,1,[5],True,1396,1831980,1833375,1,True,8220.034,8234.194,8220.034,8234.194,14.16,0,0,1395,True,0.0101505376344,0.00190610923066,0.0099999999984,0.0600000000013,98.5169491525,3,"[0, 1, 2]"
1185,0,normal_tightening,1,[0],True,1328,1833376,1834703,1,True,8234.204,8247.544,8234.204,8247.544,13.34,0,0,1327,True,0.0100527505652,0.00106187882163,0.0099999999984,0.0399999999991,99.4752623688,2,"[1, 2]"
1186,5,supplementary_operation,1,[5],True,1431,1834704,1836134,1,True,8247.554,8261.954,8247.554,8261.954,14.4,0,0,1430,True,0.0100699300699,0.00123837446833,0.0099999999984,0.0400000000009,99.3055555556,3,"[0, 1, 2]"
1187,0,normal_tightening,1,[0],True,1374,1836135,1837508,1,True,8261.964,8275.694,8261.964,8275.694,13.73,0,0,1373,True,0.01,0,0.0099999999984,0.010000000002,100,3,"[0, 1, 2]"
1188,5,supplementary_operation,1,[5],True,1396,1837509,1838904,1,True,8275.704,8289.654,8275.704,8289.654,13.95,0,0,1395,True,0.01,0,0.0099999999984,0.010000000002,100,3,"[0, 1, 2]"
1189,0,normal_tightening,1,[0],True,1711,1838905,1840615,1,True,8289.664,8306.824,8289.664,8306.824,17.16,0,0,1710,True,0.0100350877193,0.0006830849942,0.0099999999984,0.0299999999988,99.6503496503,3,"[0, 1, 2]"
1190,5,supplementary_operation,1,[5],True,1427,1840616,1842042,1,True,8306.834,8321.094,8306.834,8321.094,14.26,0,0,1426,True,0.01,0,0.0099999999984,0.010000000002,100,2,"[1, 2]"
1191,0,normal_tightening,1,[0],True,1749,1842043,1843791,1,True,8321.104,8338.604,8321.104,8338.604,17.5,0,0,1748,True,0.0100114416476,0.000338061480626,0.0099999999984,0.0200000000004,99.8857142857,3,"[0, 1, 2]"
1192,5,supplementary_operation,1,[5],True,1352,1843792,1845143,1,True,8338.614,8352.134,8338.614,8352.134,13.52,0,0,1351,True,0.0100074019245,0.000271964072118,0.0099999999984,0.0200000000004,99.926035503,3,"[0, 1, 2]"
1193,0,normal_tightening,1,[0],True,1730,1845144,1846873,1,True,8352.144,8369.514,8352.144,8369.514,17.37,0,0,1729,True,0.01004626952,0.00107452181472,0.0099999999984,0.0499999999993,99.5394358089,2,"[1, 2]"
1194,5,supplementary_operation,1,[5],True,1599,1846874,1848472,1,True,8369.524,8386.704,8369.524,8386.704,17.18,0,0,1598,True,0.0107509386733,0.00643144621145,0.0099999999984,0.090000000002,93.0151338766,2,"[1, 2]"
1195,1,damaged_screw,1,[1],True,1581,1848473,1850053,1,True,8386.784,8404.884,8386.784,8404.884,18.1,0,0,1580,True,0.0114556962025,0.00871677775263,0.0099999999984,0.100000000002,87.2928176796,2,"[1, 2]"
1196,5,supplementary_operation,1,[5],True,1703,1850054,1851756,1,True,8404.894,8422.054,8404.894,8422.054,17.16,0,0,1702,True,0.0100822561692,0.00108088947362,0.0099999999984,0.0300000000007,99.1841491842,3,"[0, 1, 2]"
1197,1,damaged_screw,1,[1],True,1662,1851757,1853418,1,True,8422.064,8439.074,8422.064,8439.074,17.01,0,0,1661,True,0.0102408187839,0.0016828047182,0.0099999999984,0.0399999999991,97.6484420929,3,"[0, 1, 2]"
1198,5,supplementary_operation,1,[5],True,1083,1853419,1854501,1,True,8439.084,8449.924,8439.084,8449.924,10.84,0,0,1082,True,0.0100184842884,0.000429536045769,0.0099999999984,0.0200000000004,99.815498155,3,"[0, 1, 2]"
1199,1,damaged_screw,1,[1],True,1969,1854502,1856470,1,True,8449.934,8469.644,8449.934,8469.644,19.71,0,0,1968,True,0.0100152439024,0.000390136703998,0.0099999999984,0.0200000000004,99.8477929985,3,"[0, 1, 2]"
1200,5,supplementary_operation,1,[5],True,1627,1856471,1858097,1,True,8469.654,8486.024,8469.654,8486.024,16.37,0,0,1626,True,0.0100676506765,0.000958087997499,0.0099999999984,0.0299999999988,99.3280390959,2,"[1, 2]"
1201,0,normal_tightening,1,[0],True,1744,1858098,1859841,1,True,8486.034,8503.484,8486.034,8503.484,17.45,0,0,1743,True,0.0100114744693,0.000338545461647,0.0099999999984,0.0200000000004,99.8853868195,2,"[1, 2]"
1202,5,supplementary_operation,1,[5],True,1687,1859842,1861528,1,True,8503.494,8520.554,8503.494,8520.554,17.06,0,0,1686,True,0.010118623962,0.0015357107789,0.0099999999984,0.0400000000009,98.8276670574,2,"[1, 2]"
1203,0,normal_tightening,1,[0],True,1822,1861529,1863350,1,True,8520.564,8538.774,8520.564,8538.774,18.21,0,0,1821,True,0.01,8.47516335696e-10,0.0099999999984,0.010000000002,100,3,"[0, 1, 2]"
1204,5,supplementary_operation,1,[5],True,1715,1863351,1865065,1,True,8538.784,8555.954,8538.784,8555.954,17.17,0,0,1714,True,0.0100175029172,0.000539823057817,0.0099999999984,0.0299999999988,99.8252766453,2,"[1, 2]"
1205,0,normal_tightening,1,[0],True,1690,1865066,1866755,1,True,8555.964,8572.934,8555.964,8572.934,16.97,0,0,1689,True,0.0100473653049,0.000972143315665,0.0099999999984,0.0399999999991,99.5285798468,3,"[0, 1, 2]"
1206,5,supplementary_operation,1,[5],True,1718,1866756,1868473,1,True,8572.944,8590.194,8572.944,8590.194,17.25,0,0,1717,True,0.0100465928946,0.00096420277631,0.0099999999984,0.0399999999991,99.5362318841,3,"[0, 1, 2]"
1207,0,normal_tightening,1,[0],True,1765,1868474,1870238,1,True,8590.204,8607.854,8590.204,8607.854,17.65,0,0,1764,True,0.0100056689342,0.000238027741227,0.0099999999984,0.0200000000004,99.9433427762,2,"[1, 2]"
1208,5,supplementary_operation,1,[5],True,1682,1870239,1871920,1,True,8607.864,8624.674,8607.864,8624.674,16.81,0,0,1681,True,0.01,6.48173080155e-10,0.0099999999984,0.010000000002,100,3,"[0, 1, 2]"
1209,1,damaged_screw,1,[1],True,1704,1871921,1873624,1,True,8624.684,8641.714,8624.684,8641.714,17.03,0,0,1703,True,0.01,6.78812141396e-10,0.0099999999984,0.010000000002,100,3,"[0, 1, 2]"
1210,5,supplementary_operation,1,[5],True,2064,1873625,1875688,1,True,8641.724,9180.695,8641.724,9180.695,538.971,0,0,2063,True,0.261255937954,11.4080224365,0.0099999999984,518.291,3.82766419715,3,"[0, 1, 2]"
1211,1,damaged_screw,1,[1],True,1692,1875689,1877380,1,True,9180.705,9197.635,9180.705,9197.635,16.93,0,0,1691,True,0.0100118273211,0.000343705288849,0.0099999999984,0.0200000000004,99.8818665092,3,"[0, 1, 2]"
1212,5,supplementary_operation,1,[5],True,1656,1877381,1879036,1,True,9197.645,9214.195,9197.645,9214.195,16.55,0,0,1655,True,0.01,6.98491930962e-10,0.0099999999984,0.0100000000002,100,3,"[0, 1, 2]"
1213,1,damaged_screw,1,[1],True,1816,1879037,1880852,1,True,9214.205,9232.355,9214.205,9232.355,18.15,0,0,1815,True,0.01,1.06696404865e-09,0.0099999999984,0.0100000000002,100,3,"[0, 1, 2]"
1214,5,supplementary_operation,1,[5],True,1583,1880853,1882435,1,True,9232.365,9248.295,9232.365,9248.295,15.93,0,0,1582,True,0.0100695322377,0.000903830678228,0.0099999999984,0.0299999999988,99.3094789705,3,"[0, 1, 2]"
1215,0,normal_tightening,1,[0],True,1711,1882436,1884146,1,True,9248.305,9265.635,9248.305,9265.635,17.33,0,0,1710,True,0.010134502924,0.00129530513632,0.0099999999984,0.0300000000007,98.6728216965,3,"[0, 1, 2]"
1216,5,supplementary_operation,1,[5],True,1593,1884147,1885739,1,True,9265.645,9281.605,9265.645,9281.605,15.96,0,0,1592,True,0.0100251256281,0.000500624594099,0.0099999999984,0.0200000000004,99.7493734336,3,"[0, 1, 2]"
1217,0,normal_tightening,1,[0],True,1762,1885740,1887501,1,True,9281.615,9299.235,9281.615,9299.235,17.62,0,0,1761,True,0.0100056785917,0.000238230289205,0.0099999999984,0.0200000000004,99.943246311,3,"[0, 1, 2]"
1218,5,supplementary_operation,1,[5],True,1515,1887502,1889016,1,True,9299.245,9314.385,9299.245,9314.385,15.14,0,0,1514,True,0.01,0,0.0099999999984,0.0100000000002,100,2,"[1, 2]"
1219,0,normal_tightening,1,[0],True,1739,1889017,1890755,1,True,9314.395,9331.795,9314.395,9331.795,17.4,0,0,1738,True,0.0100115074799,0.00033903152735,0.0099999999984,0.0200000000004,99.8850574713,3,"[0, 1, 2]"
1220,5,supplementary_operation,1,[5],True,1551,1890756,1892306,1,True,9331.805,9347.305,9331.805,9347.305,15.5,0,0,1550,True,0.01,0,0.0099999999984,0.0100000000002,100,3,"[0, 1, 2]"
1221,0,normal_tightening,1,[0],True,1726,1892307,1894032,1,True,9347.315,9364.565,9347.315,9364.565,17.25,0,0,1725,True,0.01,8.78916405522e-10,0.0099999999984,0.0100000000002,100,3,"[0, 1, 2]"
1222,5,supplementary_operation,1,[5],True,1555,1894033,1895587,1,True,9364.575,9380.115,9364.575,9380.115,15.54,0,0,1554,True,0.01,0,0.0099999999984,0.0100000000002,100,3,"[0, 1, 2]"
1223,0,normal_tightening,1,[0],True,1714,1895588,1897301,1,True,9380.125,9397.255,9380.125,9397.255,17.13,0,0,1713,True,0.01,8.47516335696e-10,0.0099999999984,0.0100000000002,100,3,"[0, 1, 2]"
1224,5,supplementary_operation,1,[5],True,1572,1897302,1898873,1,True,9397.265,9412.975,9397.265,9412.975,15.71,0,0,1571,True,0.01,3.08005990352e-10,0.0099999999984,0.0100000000002,100,3,"[0, 1, 2]"
1225,0,normal_tightening,1,[0],True,1292,1898874,1900165,1,True,9412.985,9425.905,9412.985,9425.905,12.92,0,0,1291,True,0.0100077459334,0.000278207358585,0.0099999999984,0.0200000000004,99.9226006192,3,"[0, 1, 2]"
1226,5,supplementary_operation,1,[5],True,1452,1900166,1901617,1,True,9425.915,9440.595,9425.915,9440.595,14.68,0,0,1451,True,0.0101171605789,0.00140886303061,0.0099999999984,0.0400000000009,98.8419618529,3,"[0, 1, 2]"
1227,1,damaged_screw,1,[1],True,1368,1901618,1902985,1,True,9440.605,9454.455,9440.605,9454.455,13.85,0,0,1367,True,0.0101316752012,0.0013184578076,0.0099999999984,0.0400000000009,98.7003610108,3,"[0, 1, 2]"
1228,5,supplementary_operation,1,[5],True,1447,1902986,1904432,1,True,9454.465,9469.075,9454.465,9469.075,14.61,0,0,1446,True,0.0101037344398,0.00131078087284,0.0099999999984,0.0400000000009,98.9733059548,3,"[0, 1, 2]"
1229,1,damaged_screw,1,[1],True,1270,1904433,1905702,1,True,9469.085,9481.775,9469.085,9481.775,12.69,0,0,1269,True,0.01,0,0.0099999999984,0.0100000000002,100,3,"[0, 1, 2]"
1230,5,supplementary_operation,1,[5],True,1420,1905703,1907122,1,True,9481.785,9495.975,9481.785,9495.975,14.19,0,0,1419,True,0.01,0,0.0099999999984,0.0100000000002,100,2,"[1, 2]"
1231,1,damaged_screw,1,[1],True,1466,1907123,1908588,1,True,9495.985,9510.635,9495.985,9510.635,14.65,0,0,1465,True,0.01,0,0.0099999999984,0.0100000000002,100,3,"[0, 1, 2]"
1232,5,supplementary_operation,1,[5],True,1420,1908589,1910008,1,True,9510.645,9525.185,9510.645,9525.185,14.54,0,0,1419,True,0.0102466525722,0.00184181935047,0.0099999999984,0.0399999999991,97.5928473178,3,"[0, 1, 2]"
1233,0,normal_tightening,1,[0],True,1478,1910009,1911486,1,True,9525.195,9540.175,9525.195,9540.175,14.98,0,0,1477,True,0.0101421800948,0.00123975617869,0.0099999999984,0.0300000000007,98.5981308411,3,"[0, 1, 2]"
1234,5,supplementary_operation,1,[5],True,1390,1911487,1912876,1,True,9540.185,9554.445,9540.185,9554.445,14.26,0,0,1389,True,0.0102663786897,0.00185923644981,0.0099999999984,0.0400000000009,97.4053295933,3,"[0, 1, 2]"
1235,1,damaged_screw,1,[1],True,1626,1912877,1914502,1,True,9554.455,9571.045,9554.455,9571.045,16.59,0,0,1625,True,0.0102092307692,0.0017765760567,0.0099999999984,0.0400000000009,97.9505726341,3,"[0, 1, 2]"
1236,5,supplementary_operation,1,[5],True,1391,1914503,1915893,1,True,9571.055,9585.165,9571.055,9585.165,14.11,0,0,1390,True,0.0101510791367,0.00148572908761,0.0099999999984,0.0399999999991,98.5116938342,2,"[1, 2]"
1237,0,normal_tightening,1,[0],True,1771,1915894,1917664,1,True,9585.175,9602.905,9585.175,9602.905,17.73,0,0,1770,True,0.0100169491525,0.00041134444407,0.0099999999984,0.0200000000004,99.8307952623,3,"[0, 1, 2]"
1238,5,supplementary_operation,1,[5],True,1422,1917665,1919086,1,True,9602.915,9617.205,9602.915,9617.205,14.29,0,0,1421,True,0.0100562983814,0.000748207395354,0.0099999999984,0.0200000000004,99.4401679496,2,"[1, 2]"
1239,0,normal_tightening,1,[0],True,1734,1919087,1920820,1,True,9617.215,9634.825,9617.215,9634.825,17.61,0,0,1733,True,0.0101615695326,0.00154836632462,0.0099999999984,0.0400000000009,98.4099943214,2,"[1, 2]"
1240,5,supplementary_operation,1,[5],True,1693,1920821,1922513,1,True,9634.835,9652.055,9634.835,9652.055,17.22,0,0,1692,True,0.0101773049645,0.0018105953775,0.0099999999984,0.0400000000009,98.2578397212,3,"[0, 1, 2]"
1241,0,normal_tightening,1,[0],True,1756,1922514,1924269,1,True,9652.065,9669.815,9652.065,9669.815,17.75,0,0,1755,True,0.010113960114,0.00106142085527,0.0099999999984,0.0200000000004,98.8732394366,2,"[1, 2]"
1242,5,supplementary_operation,1,[5],True,1695,1924270,1925964,1,True,9702.815,9720.105,9702.815,9720.105,17.29,0,0,1694,True,0.0102066115702,0.0016528187705,0.0099999999984,0.0400000000009,97.975708502,2,"[1, 2]"
1243,0,normal_tightening,1,[0],True,1794,1925965,1927758,1,True,9720.115,9738.045,9720.115,9738.045,17.93,0,0,1793,True,0.01,1.03472201355e-09,0.0099999999984,0.0100000000002,100,2,"[1, 2]"
1244,5,supplementary_operation,1,[5],True,1694,1927759,1929452,1,True,9738.055,9755.285,9738.055,9755.285,17.23,0,0,1693,True,0.0101772002363,0.00131931892996,0.0099999999984,0.0200000000004,98.2588508416,2,"[1, 2]"
1245,1,damaged_screw,1,[1],True,1798,1929453,1931250,1,True,9755.295,9773.265,9755.295,9773.265,17.97,0,0,1797,True,0.01,1.02815228355e-09,0.0099999999984,0.0100000000002,100,2,"[1, 2]"
1246,5,supplementary_operation,1,[5],True,1673,1931251,1932923,1,True,9773.275,9790.165,9773.275,9790.165,16.89,0,0,1672,True,0.0101016746411,0.00131305446499,0.0099999999984,0.0399999999991,98.9934872706,3,"[0, 1, 2]"
1247,0,normal_tightening,1,[0],True,1838,1932924,1934761,1,True,9790.175,9808.765,9790.175,9808.765,18.59,0,0,1837,True,0.010119760479,0.00131439264754,0.0099999999984,0.0399999999991,98.8165680473,2,"[1, 2]"
1248,5,supplementary_operation,1,[5],True,1668,1934762,1936429,1,True,9808.775,9825.625,9808.775,9825.625,16.85,0,0,1667,True,0.0101079784043,0.00129151257501,0.0099999999984,0.0399999999991,98.9317507418,2,"[1, 2]"
1249,1,damaged_screw,1,[1],True,1734,1936430,1938163,1,True,9825.635,9843.275,9825.635,9843.275,17.64,0,0,1733,True,0.010178880554,0.00177248102811,0.0099999999984,0.0500000000011,98.2426303855,3,"[0, 1, 2]"
1250,5,supplementary_operation,1,[5],True,1580,1938164,1939743,1,True,9843.285,9859.435,9843.285,9859.435,16.15,0,0,1579,True,0.0102279924003,0.00200030439986,0.0099999999984,0.0400000000009,97.7708978328,3,"[0, 1, 2]"
1251,0,normal_tightening,1,[0],True,1712,1939744,1941455,1,True,9859.445,9876.775,9859.445,9876.775,17.33,0,0,1711,True,0.0101285797779,0.00144481831735,0.0099999999984,0.0400000000009,98.730525101,3,"[0, 1, 2]"
1252,5,supplementary_operation,1,[5],True,1597,1941456,1943052,1,True,9876.785,9892.965,9876.785,9892.965,16.18,0,0,1596,True,0.0101378446115,0.00140925916511,0.0099999999984,0.0400000000009,98.6402966625,3,"[0, 1, 2]"
1253,0,normal_tightening,1,[0],True,1676,1943053,1944728,1,True,9892.975,9910.145,9892.975,9910.145,17.17,0,0,1675,True,0.0102507462687,0.00174401947256,0.0099999999984,0.0300000000007,97.5538730344,2,"[1, 2]"
1254,5,supplementary_operation,1,[5],True,1620,1944729,1946348,1,True,9910.155,9926.465,9910.155,9926.465,16.31,0,0,1619,True,0.0100741198271,0.00116334420841,0.0099999999984,0.0399999999991,99.2642550582,3,"[0, 1, 2]"
1255,1,damaged_screw,1,[1],True,2249,1946349,1948597,1,True,9926.475,9949.155,9926.475,9949.155,22.68,0,0,2248,True,0.0100889679715,0.00126234234168,0.0099999999984,0.0400000000009,99.1181657848,2,"[1, 2]"
1256,5,supplementary_operation,1,[5],True,1631,1948598,1950228,1,True,9949.165,9965.585,9949.165,9965.585,16.42,0,0,1630,True,0.0100736196319,0.00104827221099,0.0099999999984,0.0400000000009,99.2691839221,3,"[0, 1, 2]"
1257,1,damaged_screw,1,[1],True,2108,1950229,1952336,1,True,9965.595,9986.945,9965.595,9986.945,21.35,0,0,2107,True,0.0101328903654,0.00143896397525,0.0099999999984,0.0400000000009,98.6885245902,3,"[0, 1, 2]"
1258,5,supplementary_operation,1,[5],True,1432,1952337,1953768,1,True,9986.955,10001.615,9986.955,10001.615,14.66,0,0,1431,True,0.0102445842068,0.00187192944996,0.0099999999984,0.0400000000009,97.6125511596,2,"[1, 2]"
1259,1,damaged_screw,1,[1],True,1727,1953769,1955495,1,True,10001.625,10018.955,10001.625,10018.955,17.33,0,0,1726,True,0.0100405561993,0.000720966048355,0.0099999999984,0.0299999999988,99.5960761685,3,"[0, 1, 2]"
1260,5,supplementary_operation,1,[5],True,1494,1955496,1956989,1,True,10018.965,10033.935,10018.965,10033.935,14.97,0,0,1493,True,0.0100267916946,0.000633370052736,0.0099999999984,0.0299999999988,99.7327989312,3,"[0, 1, 2]"
1261,0,normal_tightening,1,[0],True,1726,1956990,1958715,1,True,10033.945,10051.325,10033.945,10051.325,17.38,0,0,1725,True,0.0100753623188,0.00104679023506,0.0099999999984,0.0300000000007,99.252013809,2,"[1, 2]"
1262,5,supplementary_operation,1,[5],True,1487,1958716,1960202,1,True,10051.335,10066.225,10051.335,10066.225,14.89,0,0,1486,True,0.0100201884253,0.00044886153826,0.0099999999984,0.0200000000004,99.7985224983,3,"[0, 1, 2]"
1263,1,damaged_screw,1,[1],True,1733,1960203,1961935,1,True,10066.235,10083.575,10066.235,10083.575,17.34,0,0,1732,True,0.0100115473441,0.000339617578997,0.0099999999984,0.0200000000004,99.8846597463,3,"[0, 1, 2]"
1264,5,supplementary_operation,1,[5],True,1464,1961936,1963399,1,True,10083.585,10098.295,10083.585,10098.295,14.71,0,0,1463,True,0.0100546821599,0.000976702442132,0.0099999999984,0.0400000000009,99.4561522774,3,"[0, 1, 2]"
1265,0,normal_tightening,1,[0],True,1774,1963400,1965173,1,True,10098.305,10116.115,10098.305,10116.115,17.81,0,0,1773,True,0.0100451212634,0.000670206464816,0.0099999999984,0.0200000000004,99.5508141494,3,"[0, 1, 2]"
1266,5,supplementary_operation,1,[5],True,1401,1965174,1966574,1,True,10116.125,10130.215,10116.125,10130.215,14.09,0,0,1400,True,0.0100642857143,0.000884071056328,0.0099999999984,0.0299999999988,99.3612491128,3,"[0, 1, 2]"
1267,0,normal_tightening,1,[0],True,1703,1966575,1968277,1,True,10130.225,10147.265,10130.225,10147.265,17.04,0,0,1702,True,0.0100117508813,0.000342594118366,0.0099999999984,0.0200000000004,99.882629108,3,"[0, 1, 2]"
1268,5,supplementary_operation,1,[5],True,1423,1968278,1969700,1,True,10147.275,10161.525,10147.275,10161.525,14.25,0,0,1422,True,0.0100210970464,0.000458830446636,0.0099999999984,0.0200000000004,99.7894736842,3,"[0, 1, 2]"
1269,1,damaged_screw,1,[1],True,1680,1969701,1971380,1,True,10161.535,10178.445,10161.535,10178.445,16.91,0,0,1679,True,0.0100714711138,0.000910341441642,0.0099999999984,0.0300000000007,99.2903607333,3,"[0, 1, 2]"
1270,5,supplementary_operation,1,[5],True,1395,1971381,1972775,1,True,10178.455,10192.545,10178.455,10192.545,14.09,0,0,1394,True,0.0101076040172,0.00103172745806,0.0099999999984,0.0200000000004,98.9354151881,3,"[0, 1, 2]"
1271,0,normal_tightening,1,[0],True,1713,1972776,1974488,1,True,10192.555,10210.045,10192.555,10210.045,17.49,0,0,1712,True,0.0102161214953,0.0017461631916,0.0099999999984,0.0400000000009,97.8845054317,3,"[0, 1, 2]"
1272,5,supplementary_operation,1,[5],True,1700,1974489,1976188,1,True,10210.055,10227.295,10210.055,10227.295,17.24,0,0,1699,True,0.0101471453796,0.00125200572575,0.0099999999984,0.0300000000007,98.5498839907,3,"[0, 1, 2]"
1273,0,normal_tightening,1,[0],True,1712,1976189,1977900,1,True,10227.305,10244.455,10227.305,10244.455,17.15,0,0,1711,True,0.0100233781414,0.000482943968676,0.0099999999984,0.0200000000004,99.7667638484,3,"[0, 1, 2]"
1274,5,supplementary_operation,1,[5],True,1023,1977901,1978923,1,True,10244.465,10254.725,10244.465,10254.725,10.26,0,0,1022,True,0.0100391389432,0.000624385758649,0.0099999999984,0.0200000000004,99.6101364522,3,"[0, 1, 2]"
1275,3,missing_screw,1,[3],True,1473,1978924,1980396,1,True,10254.735,10269.505,10254.735,10269.505,14.77,0,0,1472,True,0.0100339673913,0.000581824827054,0.0099999999984,0.0200000000004,99.6614759648,3,"[0, 1, 2]"
1276,5,supplementary_operation,1,[5],True,1691,1980397,1982087,1,True,10269.515,10286.485,10269.515,10286.485,16.97,0,0,1690,True,0.0100414201183,0.000642250385131,0.0099999999984,0.0200000000004,99.5875073659,3,"[0, 1, 2]"
1277,1,damaged_screw,1,[1],True,1744,1982088,1983831,1,True,10286.495,10303.925,10286.495,10303.925,17.43,0,0,1743,True,0.01,9.16655160721e-10,0.0099999999984,0.0100000000002,100,3,"[0, 1, 2]"
1278,5,supplementary_operation,1,[5],True,1666,1983832,1985497,1,True,10303.935,10320.595,10303.935,10320.595,16.66,0,0,1665,True,0.010006006006,0.000244997934554,0.0099999999984,0.0199999999986,99.9399759904,3,"[0, 1, 2]"
1279,1,damaged_screw,1,[1],True,1738,1985498,1987235,1,True,10320.605,10337.995,10320.605,10337.995,17.39,0,0,1737,True,0.0100115141048,0.000339128991957,0.0099999999984,0.0200000000004,99.8849913743,3,"[0, 1, 2]"
1280,5,supplementary_operation,1,[5],True,1666,1987236,1988901,1,True,10338.005,10354.705,10338.005,10354.705,16.7,0,0,1665,True,0.01003003003,0.000547173187941,0.0099999999984,0.0200000000004,99.7005988024,3,"[0, 1, 2]"
1281,0,normal_tightening,1,[0],True,1877,1988902,1990778,1,True,10354.715,10373.475,10354.715,10373.475,18.76,0,0,1876,True,0.01,1.16415321827e-09,0.0099999999984,0.0100000000002,100,3,"[0, 1, 2]"
1282,5,supplementary_operation,1,[5],True,1664,1990779,1992442,1,True,10373.485,10390.115,10373.485,10390.115,16.63,0,0,1663,True,0.01,7.27013451792e-10,0.0099999999984,0.0100000000002,100,2,"[1, 2]"
1283,0,normal_tightening,1,[0],True,1733,1992443,1994175,1,True,10390.125,10407.455,10390.125,10407.455,17.33,0,0,1732,True,0.0100057736721,0.000240215289376,0.0099999999984,0.0199999999986,99.9422965955,3,"[0, 1, 2]"
1284,5,supplementary_operation,1,[5],True,1026,1994176,1995201,1,True,10407.465,10417.715,10407.465,10417.715,10.25,0,0,1025,True,0.01,0,0.0099999999984,0.0100000000002,100,3,"[0, 1, 2]"
1285,3,missing_screw,1,[3],True,1486,1995202,1996687,1,True,10417.725,10432.585,10417.725,10432.585,14.86,0,0,1485,True,0.0100067340067,0.000259412259731,0.0099999999984,0.0200000000004,99.932705249,3,"[0, 1, 2]"
1286,5,supplementary_operation,1,[5],True,1513,1996688,1998200,1,True,10432.595,10447.715,10432.595,10447.715,15.12,0,0,1512,True,0.01,0,0.0099999999984,0.0100000000002,100,3,"[0, 1, 2]"
1287,0,normal_tightening,1,[0],True,1748,1998201,1999948,1,True,10447.725,10465.205,10447.725,10465.205,17.48,0,0,1747,True,0.0100057240985,0.000239182397402,0.0099999999984,0.0199999999986,99.942791762,2,"[1, 2]"
1288,5,supplementary_operation,1,[5],True,1436,1999949,2001384,1,True,10465.215,10479.565,10465.215,10479.565,14.35,0,0,1435,True,0.01,0,0.0099999999984,0.0100000000002,100,2,"[1, 2]"
1289,1,damaged_screw,1,[1],True,1722,2001385,2003106,1,True,10479.575,10496.785,10479.575,10496.785,17.21,0,0,1721,True,0.01,8.78916405522e-10,0.0099999999984,0.0100000000002,100,3,"[0, 1, 2]"
1290,5,supplementary_operation,1,[5],True,1682,2003107,2004788,1,True,10496.795,10513.605,10496.795,10513.605,16.81,0,0,1681,True,0.01,7.72211884697e-10,0.0099999999984,0.0100000000002,100,3,"[0, 1, 2]"
1291,5,supplementary_operation,1,[5],True,1771,2004789,2006559,1,True,6732.565,6750.275,6732.565,6750.275,17.71,0,0,1770,True,0.0100056497175,0.000237624190306,0.00999999999749,0.0199999999986,99.9435347261,3,"[0, 1, 2]"
1292,0,normal_tightening,1,[0],True,1422,2006560,2007981,1,True,6750.285,6764.495,6750.285,6764.495,14.21,0,0,1421,True,0.01,0,0.00999999999749,0.0100000000029,100,3,"[0, 1, 2]"
1293,5,supplementary_operation,1,[5],True,1527,2007982,2009508,1,True,6764.505,6779.765,6764.505,6779.765,15.26,0,0,1526,True,0.01,4.35586248847e-10,0.00999999999749,0.0100000000029,100,2,"[1, 2]"
1294,1,damaged_screw,1,[1],True,1248,2009509,2010756,1,True,6779.775,6792.245,6779.775,6792.245,12.47,0,0,1247,True,0.01,0,0.00999999999749,0.0100000000029,100,2,"[1, 2]"
1295,5,supplementary_operation,1,[5],True,1010,2010757,2011766,1,True,6792.255,6802.345,6792.255,6802.345,10.09,0,0,1009,True,0.01,0,0.00999999999749,0.0100000000029,100,3,"[0, 1, 2]"
1296,1,damaged_screw,1,[1],True,1470,2011767,2013236,1,True,6802.355,6817.045,6802.355,6817.045,14.69,0,0,1469,True,0.01,1.16415321827e-10,0.00999999999749,0.0100000000029,100,3,"[0, 1, 2]"
1297,5,supplementary_operation,1,[5],True,1545,2013237,2014781,1,True,6817.055,6832.495,6817.055,6832.495,15.44,0,0,1544,True,0.01,4.79992668333e-10,0.00999999999749,0.0100000000029,100,2,"[1, 2]"
1298,1,damaged_screw,1,[1],True,1195,2014782,2015976,1,True,6832.505,6844.445,6832.505,6844.445,11.94,0,0,1194,True,0.01,0,0.00999999999749,0.0100000000029,100,3,"[0, 1, 2]"
1299,5,supplementary_operation,1,[5],True,1517,2015977,2017493,1,True,6844.455,6859.615,6844.455,6859.615,15.16,0,0,1516,True,0.01,2.85158136718e-10,0.00999999999749,0.0100000000029,100,3,"[0, 1, 2]"
1300,0,normal_tightening,1,[0],True,1303,2017494,2018796,1,True,6859.625,6872.645,6859.625,6872.645,13.02,0,0,1302,True,0.01,0,0.00999999999749,0.0100000000029,100,3,"[0, 1, 2]"
1301,5,supplementary_operation,1,[5],True,1443,2018797,2020239,1,True,6872.655,6887.075,6872.655,6887.075,14.42,0,0,1442,True,0.01,0,0.00999999999749,0.0100000000029,100,3,"[0, 1, 2]"
1302,1,damaged_screw,1,[1],True,1365,2020240,2021604,1,True,6887.085,6900.725,6887.085,6900.725,13.64,0,0,1364,True,0.01,0,0.00999999999749,0.0100000000029,100,2,"[1, 2]"
1303,5,supplementary_operation,1,[5],True,1423,2021605,2023027,1,True,6900.735,6914.965,6900.735,6914.965,14.23,0,0,1422,True,0.0100070323488,0.000265092501042,0.00999999999749,0.0199999999995,99.9297259311,3,"[0, 1, 2]"
1304,1,damaged_screw,1,[1],True,1469,2023028,2024496,1,True,6914.975,6929.675,6914.975,6929.675,14.7,0,0,1468,True,0.0100136239782,0.000368855214442,0.00999999999749,0.0199999999995,99.8639455782,3,"[0, 1, 2]"
1305,5,supplementary_operation,1,[5],True,1449,2024497,2025945,1,True,6929.685,6944.165,6929.685,6944.165,14.48,0,0,1448,True,0.01,0,0.00999999999749,0.0100000000029,100,3,"[0, 1, 2]"
1306,0,normal_tightening,1,[0],True,1344,2025946,2027289,1,True,6944.175,6957.905,6944.175,6957.905,13.73,0,0,1343,True,0.0102233804914,0.00202974637078,0.00999999999749,0.04,97.8150036416,3,"[0, 1, 2]"
1307,5,supplementary_operation,1,[5],True,1383,2027290,2028672,1,True,6957.915,6972.025,6957.915,6972.025,14.11,0,0,1382,True,0.0102098408104,0.00198386147254,0.00999999999749,0.04,97.9447200567,3,"[0, 1, 2]"
1308,0,normal_tightening,1,[0],True,1735,2028673,2030407,1,True,6972.035,6989.595,6972.035,6989.595,17.56,0,0,1734,True,0.0101268742791,0.00158788806273,0.00999999999749,0.0500000000002,98.7471526196,3,"[0, 1, 2]"
1309,5,supplementary_operation,1,[5],True,1408,2030408,2031815,1,True,6989.605,7003.935,6989.605,7003.935,14.33,0,0,1407,True,0.010184790334,0.00205675590593,0.00999999999749,0.0400000000009,98.1856245638,3,"[0, 1, 2]"
1310,0,normal_tightening,1,[0],True,1755,2031816,2033570,1,True,7003.945,7021.635,7003.945,7021.635,17.69,0,0,1754,True,0.0100855188141,0.00136897788282,0.00999999999749,0.0400000000027,99.1520633126,3,"[0, 1, 2]"
1311,5,supplementary_operation,1,[5],True,1266,2033571,2034836,1,True,7021.645,7426.614,7021.645,7426.614,404.969,0,0,1265,True,0.320133596838,11.0261108161,0.00999999999749,392.329,3.12369588783,3,"[0, 1, 2]"
1312,1,damaged_screw,1,[1],True,1856,2034837,2036692,1,True,7426.624,7445.174,7426.624,7445.174,18.55,0,0,1855,True,0.01,6.16011980703e-10,0.00999999999749,0.0100000000039,100,2,"[1, 2]"
1313,5,supplementary_operation,1,[5],True,1363,2036693,2038055,1,True,7445.184,7458.804,7445.184,7458.804,13.62,0,0,1362,True,0.01,0,0.00999999999749,0.0100000000039,100,3,"[0, 1, 2]"
1314,1,damaged_screw,1,[1],True,1757,2038056,2039812,1,True,7458.814,7476.374,7458.814,7476.374,17.56,0,0,1756,True,0.01,4.35586248847e-10,0.00999999999749,0.0100000000039,100,3,"[0, 1, 2]"
1315,5,supplementary_operation,1,[5],True,1018,2039813,2040830,1,True,7476.384,7486.554,7476.384,7486.554,10.17,0,0,1017,True,0.01,0,0.00999999999749,0.0100000000039,100,3,"[0, 1, 2]"
1316,2,extra_component,1,[2],True,1665,2040831,2042495,1,True,7486.564,7503.214,7486.564,7503.214,16.65,0,0,1664,True,0.0100060096154,0.000245071496432,0.00999999999749,0.0199999999995,99.9399399399,3,"[0, 1, 2]"
1317,5,supplementary_operation,1,[5],True,1082,2042496,2043577,1,True,7503.224,7514.034,7503.224,7514.034,10.81,0,0,1081,True,0.01,0,0.00999999999749,0.0100000000039,100,3,"[0, 1, 2]"
1318,1,damaged_screw,1,[1],True,1637,2043578,2045214,1,True,7514.044,7530.444,7514.044,7530.444,16.4,0,0,1636,True,0.0100244498777,0.00049386332209,0.00999999999749,0.0200000000023,99.756097561,3,"[0, 1, 2]"
1319,5,supplementary_operation,1,[5],True,1717,2045215,2046931,1,True,7530.454,7547.664,7530.454,7547.664,17.21,0,0,1716,True,0.0100291375291,0.000638025400941,0.00999999999749,0.0299999999961,99.7094712377,3,"[0, 1, 2]"
1320,0,normal_tightening,1,[0],True,1695,2046932,2048626,1,True,7547.674,7564.614,7547.674,7564.614,16.94,0,0,1694,True,0.01,2.01637252184e-10,0.00999999999749,0.0100000000039,100,2,"[1, 2]"
1321,5,supplementary_operation,1,[5],True,1627,2048627,2050253,1,True,7564.624,7580.884,7564.624,7580.884,16.26,0,0,1626,True,0.01,0,0.00999999999749,0.0100000000039,100,3,"[0, 1, 2]"
1322,1,damaged_screw,1,[1],True,1742,2050254,2051995,1,True,7580.894,7598.304,7580.894,7598.304,17.41,0,0,1741,True,0.01,3.86105942348e-10,0.00999999999749,0.0100000000039,100,3,"[0, 1, 2]"
1323,5,supplementary_operation,1,[5],True,1024,2051996,2053019,1,True,7598.314,7608.544,7598.314,7608.544,10.23,0,0,1023,True,0.01,0,0.00999999999749,0.0100000000039,100,3,"[0, 1, 2]"
1324,2,extra_component,1,[2],True,1655,2053020,2054674,1,True,7608.554,7625.174,7608.554,7625.174,16.62,0,0,1654,True,0.0100483675937,0.00098235047221,0.00999999999749,0.04,99.5186522262,3,"[0, 1, 2]"
1325,5,supplementary_operation,1,[5],True,1638,2054675,2056312,1,True,7625.184,7641.554,7625.184,7641.554,16.37,0,0,1637,True,0.01,0,0.00999999999749,0.0100000000039,100,3,"[0, 1, 2]"
1326,1,damaged_screw,1,[1],True,1812,2056313,2058124,1,True,7641.564,7659.744,7641.564,7659.744,18.18,0,0,1811,True,0.0100386526781,0.00102354779555,0.00999999999749,0.04,99.6149614961,2,"[1, 2]"
1327,5,supplementary_operation,1,[5],True,1672,2058125,2059796,1,True,7659.754,7676.464,7659.754,7676.464,16.71,0,0,1671,True,0.01,0,0.00999999999749,0.0100000000039,100,3,"[0, 1, 2]"
1328,0,normal_tightening,1,[0],True,1708,2059797,2061504,1,True,7676.474,7693.734,7676.474,7693.734,17.26,0,0,1707,True,0.0101113063855,0.00142758245772,0.00999999999749,0.0400000000018,98.899188876,3,"[0, 1, 2]"
1329,5,supplementary_operation,1,[5],True,1614,2061505,2063118,1,True,7693.744,7709.874,7693.744,7709.874,16.13,0,0,1613,True,0.01,0,0.00999999999749,0.0100000000039,100,2,"[1, 2]"
1330,1,damaged_screw,1,[1],True,1733,2063119,2064851,1,True,7709.884,7727.204,7709.884,7727.204,17.32,0,0,1732,True,0.01,4.03274504367e-10,0.00999999999749,0.0100000000039,100,2,"[1, 2]"
1331,5,supplementary_operation,1,[5],True,1586,2064852,2066437,1,True,7727.214,7743.064,7727.214,7743.064,15.85,0,0,1585,True,0.01,0,0.00999999999749,0.0100000000039,100,3,"[0, 1, 2]"
1332,0,normal_tightening,1,[0],True,1751,2066438,2068188,1,True,7743.074,7760.574,7743.074,7760.574,17.5,0,0,1750,True,0.01,3.86105942348e-10,0.00999999999749,0.0100000000039,100,3,"[0, 1, 2]"
1333,5,supplementary_operation,1,[5],True,1591,2068189,2069779,1,True,7760.584,7776.604,7760.584,7776.604,16.02,0,0,1590,True,0.0100754716981,0.0011190020813,0.00999999999749,0.0399999999981,99.2509363296,3,"[0, 1, 2]"
1334,1,damaged_screw,1,[1],True,1815,2069780,2071594,1,True,7776.614,7794.974,7776.614,7794.974,18.36,0,0,1814,True,0.0101212789416,0.001442258472,0.00999999999749,0.0399999999981,98.8017429194,3,"[0, 1, 2]"
1335,5,supplementary_operation,1,[5],True,982,2071595,2072576,1,True,7794.984,7804.794,7794.984,7804.794,9.81,0,0,981,True,0.01,0,0.00999999999749,0.0100000000039,100,3,"[0, 1, 2]"
1336,1,damaged_screw,1,[1],True,1641,2072577,2074217,1,True,7804.804,7821.564,7804.804,7821.564,16.76,0,0,1640,True,0.0102195121951,0.00196322525981,0.00999999999749,0.04,97.8520286396,3,"[0, 1, 2]"
1337,5,supplementary_operation,1,[5],True,1518,2074218,2075735,1,True,7821.574,7836.894,7821.574,7836.894,15.32,0,0,1517,True,0.0100988793672,0.00155860426688,0.00999999999749,0.0499999999984,99.0208877285,3,"[0, 1, 2]"
1338,1,damaged_screw,1,[1],True,1684,2075736,2077419,1,True,7836.904,7853.804,7836.904,7853.804,16.9,0,0,1683,True,0.0100415923945,0.000943151986627,0.00999999999749,0.04,99.5857988166,3,"[0, 1, 2]"
1339,5,supplementary_operation,1,[5],True,1607,2077420,2079026,1,True,7853.814,7869.954,7853.814,7869.954,16.14,0,0,1606,True,0.0100498132005,0.000996886480466,0.00999999999749,0.04,99.5043370508,2,"[1, 2]"
1340,3,missing_screw,1,[3],True,1676,2079027,2080702,1,True,7869.964,7886.714,7869.964,7886.714,16.75,0,0,1675,True,0.01,0,0.00999999999749,0.0100000000039,100,2,"[1, 2]"
1341,5,supplementary_operation,1,[5],True,1601,2080703,2082303,1,True,7886.724,7902.814,7886.724,7902.814,16.09,0,0,1600,True,0.01005625,0.000899631000841,0.00999999999749,0.0300000000025,99.4406463642,3,"[0, 1, 2]"
1342,3,missing_screw,1,[3],True,1953,2082304,2084256,1,True,7902.824,7922.374,7902.824,7922.374,19.55,0,0,1952,True,0.0100153688525,0.000505876802485,0.00999999999749,0.0299999999979,99.8465473146,3,"[0, 1, 2]"
1343,5,supplementary_operation,1,[5],True,1571,2084257,2085827,1,True,7922.384,7938.244,7922.384,7938.244,15.86,0,0,1570,True,0.010101910828,0.00106588507754,0.00999999999749,0.0299999999961,98.9911727617,3,"[0, 1, 2]"
1344,0,normal_tightening,1,[0],True,1727,2085828,2087554,1,True,7938.254,7955.514,7938.254,7955.514,17.26,0,0,1726,True,0.01,3.08005990352e-10,0.00999999999749,0.0100000000039,100,3,"[0, 1, 2]"
1345,5,supplementary_operation,1,[5],True,1583,2087555,2089137,1,True,7955.524,7971.524,7955.524,7971.524,16,0,0,1582,True,0.0101137800253,0.00207012333368,0.00999999999749,0.0799999999999,98.875,2,"[1, 2]"
1346,0,normal_tightening,1,[0],True,1671,2089138,2090808,1,True,7971.534,7988.414,7971.534,7988.414,16.88,0,0,1670,True,0.0101077844311,0.00146426470937,0.00999999999749,0.04,98.9336492891,3,"[0, 1, 2]"
1347,5,supplementary_operation,1,[5],True,1466,2090809,2092274,1,True,7988.424,8003.204,7988.424,8003.204,14.78,0,0,1465,True,0.0100887372014,0.0012498366211,0.00999999999749,0.0400000000018,99.1204330176,3,"[0, 1, 2]"
1348,0,normal_tightening,1,[0],True,1725,2092275,2093999,1,True,8003.214,8020.454,8003.214,8020.454,17.24,0,0,1724,True,0.01,3.29272253991e-10,0.00999999999749,0.0100000000039,100,3,"[0, 1, 2]"
1349,5,supplementary_operation,1,[5],True,1489,2094000,2095488,1,True,8020.464,8035.344,8020.464,8035.344,14.88,0,0,1488,True,0.01,0,0.00999999999749,0.0100000000039,100,3,"[0, 1, 2]"
1350,0,normal_tightening,1,[0],True,1712,2095489,2097200,1,True,8035.354,8052.464,8035.354,8052.464,17.11,0,0,1711,True,0.01,3.08005990352e-10,0.00999999999749,0.0100000000039,100,3,"[0, 1, 2]"
1351,5,supplementary_operation,1,[5],True,1566,2097201,2098766,1,True,8052.474,8068.124,8052.474,8068.124,15.65,0,0,1565,True,0.01,0,0.00999999999749,0.0100000000039,100,3,"[0, 1, 2]"
1352,0,normal_tightening,1,[0],True,1323,2098767,2100089,1,True,8068.134,8081.354,8068.134,8081.354,13.22,0,0,1322,True,0.01,0,0.00999999999749,0.0100000000039,100,3,"[0, 1, 2]"
1353,5,supplementary_operation,1,[5],True,1541,2100090,2101630,1,True,8081.364,8096.824,8081.364,8096.824,15.46,0,0,1540,True,0.010038961039,0.000804880542005,0.00999999999749,0.0300000000025,99.6119016818,3,"[0, 1, 2]"
1354,0,normal_tightening,1,[0],True,1263,2101631,2102893,1,True,8096.834,8109.624,8096.834,8109.624,12.79,0,0,1262,True,0.0101347068146,0.00170695877914,0.00999999999749,0.04,98.6708365911,3,"[0, 1, 2]"
1355,5,supplementary_operation,1,[5],True,1549,2102894,2104442,1,True,8109.634,8125.384,8109.634,8125.384,15.75,0,0,1548,True,0.0101744186047,0.00177057979972,0.00999999999749,0.04,98.2857142857,3,"[0, 1, 2]"
1356,0,normal_tightening,1,[0],True,1266,2104443,2105708,1,True,8125.394,8138.064,8125.394,8138.064,12.67,0,0,1265,True,0.0100158102767,0.000397306936571,0.00999999999749,0.0199999999977,99.8421468035,3,"[0, 1, 2]"
1357,5,supplementary_operation,1,[5],True,1474,2105709,2107182,1,True,8138.074,8152.874,8138.074,8152.874,14.8,0,0,1473,True,0.0100475220638,0.000862853951688,0.00999999999749,0.0299999999997,99.527027027,2,"[1, 2]"
1358,0,normal_tightening,1,[0],True,1293,2107183,2108475,1,True,8152.884,8165.994,8152.884,8165.994,13.11,0,0,1292,True,0.0101470588235,0.00163931450034,0.00999999999749,0.0500000000038,98.5507246377,3,"[0, 1, 2]"
1359,5,supplementary_operation,1,[5],True,1466,2108476,2109941,1,True,8166.004,8180.654,8166.004,8180.654,14.65,0,0,1465,True,0.01,0,0.00999999999749,0.0100000000039,100,3,"[0, 1, 2]"
1360,0,normal_tightening,1,[0],True,1217,2109942,2111158,1,True,8180.664,8192.824,8180.664,8192.824,12.16,0,0,1216,True,0.01,0,0.00999999999749,0.0100000000039,100,3,"[0, 1, 2]"
1361,5,supplementary_operation,1,[5],True,1483,2111159,2112641,1,True,8192.834,8207.654,8192.834,8207.654,14.82,0,0,1482,True,0.01,0,0.0099999999984,0.010000000002,100,3,"[0, 1, 2]"
1362,0,normal_tightening,1,[0],True,1220,2112642,2113861,1,True,8207.664,8220.024,8207.664,8220.024,12.36,0,0,1219,True,0.0101394585726,0.0014817157545,0.0099999999984,0.0399999999991,98.6245954693,3,"[0, 1, 2]"
1363,5,supplementary_operation,1,[5],True,1396,2113862,2115257,1,True,8220.034,8234.194,8220.034,8234.194,14.16,0,0,1395,True,0.0101505376344,0.00190610923066,0.0099999999984,0.0600000000013,98.5169491525,3,"[0, 1, 2]"
1364,0,normal_tightening,1,[0],True,1328,2115258,2116585,1,True,8234.204,8247.544,8234.204,8247.544,13.34,0,0,1327,True,0.0100527505652,0.00106187882163,0.0099999999984,0.0399999999991,99.4752623688,2,"[1, 2]"
1365,5,supplementary_operation,1,[5],True,1431,2116586,2118016,1,True,8247.554,8261.954,8247.554,8261.954,14.4,0,0,1430,True,0.0100699300699,0.00123837446833,0.0099999999984,0.0400000000009,99.3055555556,3,"[0, 1, 2]"
1366,0,normal_tightening,1,[0],True,1374,2118017,2119390,1,True,8261.964,8275.694,8261.964,8275.694,13.73,0,0,1373,True,0.01,0,0.0099999999984,0.010000000002,100,3,"[0, 1, 2]"
1367,5,supplementary_operation,1,[5],True,1396,2119391,2120786,1,True,8275.704,8289.654,8275.704,8289.654,13.95,0,0,1395,True,0.01,0,0.0099999999984,0.010000000002,100,3,"[0, 1, 2]"
1368,0,normal_tightening,1,[0],True,1711,2120787,2122497,1,True,8289.664,8306.824,8289.664,8306.824,17.16,0,0,1710,True,0.0100350877193,0.0006830849942,0.0099999999984,0.0299999999988,99.6503496503,3,"[0, 1, 2]"
1369,5,supplementary_operation,1,[5],True,1427,2122498,2123924,1,True,8306.834,8321.094,8306.834,8321.094,14.26,0,0,1426,True,0.01,0,0.0099999999984,0.010000000002,100,2,"[1, 2]"
1370,0,normal_tightening,1,[0],True,1749,2123925,2125673,1,True,8321.104,8338.604,8321.104,8338.604,17.5,0,0,1748,True,0.0100114416476,0.000338061480626,0.0099999999984,0.0200000000004,99.8857142857,3,"[0, 1, 2]"
1371,5,supplementary_operation,1,[5],True,1352,2125674,2127025,1,True,8338.614,8352.134,8338.614,8352.134,13.52,0,0,1351,True,0.0100074019245,0.000271964072118,0.0099999999984,0.0200000000004,99.926035503,3,"[0, 1, 2]"
1372,0,normal_tightening,1,[0],True,1730,2127026,2128755,1,True,8352.144,8369.514,8352.144,8369.514,17.37,0,0,1729,True,0.01004626952,0.00107452181472,0.0099999999984,0.0499999999993,99.5394358089,2,"[1, 2]"
1373,5,supplementary_operation,1,[5],True,1599,2128756,2130354,1,True,8369.524,8386.704,8369.524,8386.704,17.18,0,0,1598,True,0.0107509386733,0.00643144621145,0.0099999999984,0.090000000002,93.0151338766,2,"[1, 2]"
1374,0,normal_tightening,1,[0],True,1581,2130355,2131935,1,True,8386.784,8404.884,8386.784,8404.884,18.1,0,0,1580,True,0.0114556962025,0.00871677775263,0.0099999999984,0.100000000002,87.2928176796,2,"[1, 2]"
1375,5,supplementary_operation,1,[5],True,1703,2131936,2133638,1,True,8404.894,8422.054,8404.894,8422.054,17.16,0,0,1702,True,0.0100822561692,0.00108088947362,0.0099999999984,0.0300000000007,99.1841491842,3,"[0, 1, 2]"
1376,0,normal_tightening,1,[0],True,1662,2133639,2135300,1,True,8422.064,8439.074,8422.064,8439.074,17.01,0,0,1661,True,0.0102408187839,0.0016828047182,0.0099999999984,0.0399999999991,97.6484420929,3,"[0, 1, 2]"
1377,5,supplementary_operation,1,[5],True,1083,2135301,2136383,1,True,8439.084,8449.924,8439.084,8449.924,10.84,0,0,1082,True,0.0100184842884,0.000429536045769,0.0099999999984,0.0200000000004,99.815498155,3,"[0, 1, 2]"
1378,2,extra_component,1,[2],True,1969,2136384,2138352,1,True,8449.934,8469.644,8449.934,8469.644,19.71,0,0,1968,True,0.0100152439024,0.000390136703998,0.0099999999984,0.0200000000004,99.8477929985,3,"[0, 1, 2]"
1379,5,supplementary_operation,1,[5],True,1627,2138353,2139979,1,True,8469.654,8486.024,8469.654,8486.024,16.37,0,0,1626,True,0.0100676506765,0.000958087997499,0.0099999999984,0.0299999999988,99.3280390959,2,"[1, 2]"
1380,0,normal_tightening,1,[0],True,1744,2139980,2141723,1,True,8486.034,8503.484,8486.034,8503.484,17.45,0,0,1743,True,0.0100114744693,0.000338545461647,0.0099999999984,0.0200000000004,99.8853868195,2,"[1, 2]"
1381,5,supplementary_operation,1,[5],True,1687,2141724,2143410,1,True,8503.494,8520.554,8503.494,8520.554,17.06,0,0,1686,True,0.010118623962,0.0015357107789,0.0099999999984,0.0400000000009,98.8276670574,2,"[1, 2]"
1382,0,normal_tightening,1,[0],True,1822,2143411,2145232,1,True,8520.564,8538.774,8520.564,8538.774,18.21,0,0,1821,True,0.01,8.47516335696e-10,0.0099999999984,0.010000000002,100,3,"[0, 1, 2]"
1383,5,supplementary_operation,1,[5],True,1715,2145233,2146947,1,True,8538.784,8555.954,8538.784,8555.954,17.17,0,0,1714,True,0.0100175029172,0.000539823057817,0.0099999999984,0.0299999999988,99.8252766453,2,"[1, 2]"
1384,0,normal_tightening,1,[0],True,1690,2146948,2148637,1,True,8555.964,8572.934,8555.964,8572.934,16.97,0,0,1689,True,0.0100473653049,0.000972143315665,0.0099999999984,0.0399999999991,99.5285798468,3,"[0, 1, 2]"
1385,5,supplementary_operation,1,[5],True,1718,2148638,2150355,1,True,8572.944,8590.194,8572.944,8590.194,17.25,0,0,1717,True,0.0100465928946,0.00096420277631,0.0099999999984,0.0399999999991,99.5362318841,3,"[0, 1, 2]"
1386,0,normal_tightening,1,[0],True,1765,2150356,2152120,1,True,8590.204,8607.854,8590.204,8607.854,17.65,0,0,1764,True,0.0100056689342,0.000238027741227,0.0099999999984,0.0200000000004,99.9433427762,2,"[1, 2]"
1387,5,supplementary_operation,1,[5],True,1682,2152121,2153802,1,True,8607.864,8624.674,8607.864,8624.674,16.81,0,0,1681,True,0.01,6.48173080155e-10,0.0099999999984,0.010000000002,100,3,"[0, 1, 2]"
1388,0,normal_tightening,1,[0],True,1704,2153803,2155506,1,True,8624.684,8641.714,8624.684,8641.714,17.03,0,0,1703,True,0.01,6.78812141396e-10,0.0099999999984,0.010000000002,100,3,"[0, 1, 2]"
1389,5,supplementary_operation,1,[5],True,2064,2155507,2157570,1,True,8641.724,9180.695,8641.724,9180.695,538.971,0,0,2063,True,0.261255937954,11.4080224365,0.0099999999984,518.291,3.82766419715,3,"[0, 1, 2]"
1390,0,normal_tightening,1,[0],True,1692,2157571,2159262,1,True,9180.705,9197.635,9180.705,9197.635,16.93,0,0,1691,True,0.0100118273211,0.000343705288849,0.0099999999984,0.0200000000004,99.8818665092,3,"[0, 1, 2]"
1391,5,supplementary_operation,1,[5],True,1656,2159263,2160918,1,True,9197.645,9214.195,9197.645,9214.195,16.55,0,0,1655,True,0.01,6.98491930962e-10,0.0099999999984,0.0100000000002,100,3,"[0, 1, 2]"
1392,0,normal_tightening,1,[0],True,1816,2160919,2162734,1,True,9214.205,9232.355,9214.205,9232.355,18.15,0,0,1815,True,0.01,1.06696404865e-09,0.0099999999984,0.0100000000002,100,3,"[0, 1, 2]"
1393,5,supplementary_operation,1,[5],True,1583,2162735,2164317,1,True,9232.365,9248.295,9232.365,9248.295,15.93,0,0,1582,True,0.0100695322377,0.000903830678228,0.0099999999984,0.0299999999988,99.3094789705,3,"[0, 1, 2]"
1394,1,damaged_screw,1,[1],True,1711,2164318,2166028,1,True,9248.305,9265.635,9248.305,9265.635,17.33,0,0,1710,True,0.010134502924,0.00129530513632,0.0099999999984,0.0300000000007,98.6728216965,3,"[0, 1, 2]"
1395,5,supplementary_operation,1,[5],True,1593,2166029,2167621,1,True,9265.645,9281.605,9265.645,9281.605,15.96,0,0,1592,True,0.0100251256281,0.000500624594099,0.0099999999984,0.0200000000004,99.7493734336,3,"[0, 1, 2]"
1396,0,normal_tightening,1,[0],True,1762,2167622,2169383,1,True,9281.615,9299.235,9281.615,9299.235,17.62,0,0,1761,True,0.0100056785917,0.000238230289205,0.0099999999984,0.0200000000004,99.943246311,3,"[0, 1, 2]"
1397,5,supplementary_operation,1,[5],True,1515,2169384,2170898,1,True,9299.245,9314.385,9299.245,9314.385,15.14,0,0,1514,True,0.01,0,0.0099999999984,0.0100000000002,100,2,"[1, 2]"
1398,0,normal_tightening,1,[0],True,1739,2170899,2172637,1,True,9314.395,9331.795,9314.395,9331.795,17.4,0,0,1738,True,0.0100115074799,0.00033903152735,0.0099999999984,0.0200000000004,99.8850574713,3,"[0, 1, 2]"
1399,5,supplementary_operation,1,[5],True,1551,2172638,2174188,1,True,9331.805,9347.305,9331.805,9347.305,15.5,0,0,1550,True,0.01,0,0.0099999999984,0.0100000000002,100,3,"[0, 1, 2]"
1400,0,normal_tightening,1,[0],True,1726,2174189,2175914,1,True,9347.315,9364.565,9347.315,9364.565,17.25,0,0,1725,True,0.01,8.78916405522e-10,0.0099999999984,0.0100000000002,100,3,"[0, 1, 2]"
1401,5,supplementary_operation,1,[5],True,1555,2175915,2177469,1,True,9364.575,9380.115,9364.575,9380.115,15.54,0,0,1554,True,0.01,0,0.0099999999984,0.0100000000002,100,3,"[0, 1, 2]"
1402,0,normal_tightening,1,[0],True,1714,2177470,2179183,1,True,9380.125,9397.255,9380.125,9397.255,17.13,0,0,1713,True,0.01,8.47516335696e-10,0.0099999999984,0.0100000000002,100,3,"[0, 1, 2]"
1403,5,supplementary_operation,1,[5],True,1572,2179184,2180755,1,True,9397.265,9412.975,9397.265,9412.975,15.71,0,0,1571,True,0.01,3.08005990352e-10,0.0099999999984,0.0100000000002,100,3,"[0, 1, 2]"
1404,0,normal_tightening,1,[0],True,1292,2180756,2182047,1,True,9412.985,9425.905,9412.985,9425.905,12.92,0,0,1291,True,0.0100077459334,0.000278207358585,0.0099999999984,0.0200000000004,99.9226006192,3,"[0, 1, 2]"
1405,5,supplementary_operation,1,[5],True,1452,2182048,2183499,1,True,9425.915,9440.595,9425.915,9440.595,14.68,0,0,1451,True,0.0101171605789,0.00140886303061,0.0099999999984,0.0400000000009,98.8419618529,3,"[0, 1, 2]"
1406,0,normal_tightening,1,[0],True,1368,2183500,2184867,1,True,9440.605,9454.455,9440.605,9454.455,13.85,0,0,1367,True,0.0101316752012,0.0013184578076,0.0099999999984,0.0400000000009,98.7003610108,3,"[0, 1, 2]"
1407,5,supplementary_operation,1,[5],True,1447,2184868,2186314,1,True,9454.465,9469.075,9454.465,9469.075,14.61,0,0,1446,True,0.0101037344398,0.00131078087284,0.0099999999984,0.0400000000009,98.9733059548,3,"[0, 1, 2]"
1408,0,normal_tightening,1,[0],True,1270,2186315,2187584,1,True,9469.085,9481.775,9469.085,9481.775,12.69,0,0,1269,True,0.01,0,0.0099999999984,0.0100000000002,100,3,"[0, 1, 2]"
1409,5,supplementary_operation,1,[5],True,1420,2187585,2189004,1,True,9481.785,9495.975,9481.785,9495.975,14.19,0,0,1419,True,0.01,0,0.0099999999984,0.0100000000002,100,2,"[1, 2]"
1410,0,normal_tightening,1,[0],True,1466,2189005,2190470,1,True,9495.985,9510.635,9495.985,9510.635,14.65,0,0,1465,True,0.01,0,0.0099999999984,0.0100000000002,100,3,"[0, 1, 2]"
1411,5,supplementary_operation,1,[5],True,1420,2190471,2191890,1,True,9510.645,9525.185,9510.645,9525.185,14.54,0,0,1419,True,0.0102466525722,0.00184181935047,0.0099999999984,0.0399999999991,97.5928473178,3,"[0, 1, 2]"
1412,0,normal_tightening,1,[0],True,1478,2191891,2193368,1,True,9525.195,9540.175,9525.195,9540.175,14.98,0,0,1477,True,0.0101421800948,0.00123975617869,0.0099999999984,0.0300000000007,98.5981308411,3,"[0, 1, 2]"
1413,5,supplementary_operation,1,[5],True,1390,2193369,2194758,1,True,9540.185,9554.445,9540.185,9554.445,14.26,0,0,1389,True,0.0102663786897,0.00185923644981,0.0099999999984,0.0400000000009,97.4053295933,3,"[0, 1, 2]"
1414,0,normal_tightening,1,[0],True,1626,2194759,2196384,1,True,9554.455,9571.045,9554.455,9571.045,16.59,0,0,1625,True,0.0102092307692,0.0017765760567,0.0099999999984,0.0400000000009,97.9505726341,3,"[0, 1, 2]"
1415,5,supplementary_operation,1,[5],True,1391,2196385,2197775,1,True,9571.055,9585.165,9571.055,9585.165,14.11,0,0,1390,True,0.0101510791367,0.00148572908761,0.0099999999984,0.0399999999991,98.5116938342,2,"[1, 2]"
1416,0,normal_tightening,1,[0],True,1771,2197776,2199546,1,True,9585.175,9602.905,9585.175,9602.905,17.73,0,0,1770,True,0.0100169491525,0.00041134444407,0.0099999999984,0.0200000000004,99.8307952623,3,"[0, 1, 2]"
1417,5,supplementary_operation,1,[5],True,1422,2199547,2200968,1,True,9602.915,9617.205,9602.915,9617.205,14.29,0,0,1421,True,0.0100562983814,0.000748207395354,0.0099999999984,0.0200000000004,99.4401679496,2,"[1, 2]"
1418,0,normal_tightening,1,[0],True,1734,2200969,2202702,1,True,9617.215,9634.825,9617.215,9634.825,17.61,0,0,1733,True,0.0101615695326,0.00154836632462,0.0099999999984,0.0400000000009,98.4099943214,2,"[1, 2]"
1419,5,supplementary_operation,1,[5],True,1693,2202703,2204395,1,True,9634.835,9652.055,9634.835,9652.055,17.22,0,0,1692,True,0.0101773049645,0.0018105953775,0.0099999999984,0.0400000000009,98.2578397212,3,"[0, 1, 2]"
1420,0,normal_tightening,1,[0],True,1756,2204396,2206151,1,True,9652.065,9669.815,9652.065,9669.815,17.75,0,0,1755,True,0.010113960114,0.00106142085527,0.0099999999984,0.0200000000004,98.8732394366,2,"[1, 2]"
1421,5,supplementary_operation,1,[5],True,1695,2206152,2207846,1,True,9702.815,9720.105,9702.815,9720.105,17.29,0,0,1694,True,0.0102066115702,0.0016528187705,0.0099999999984,0.0400000000009,97.975708502,2,"[1, 2]"
1422,0,normal_tightening,1,[0],True,1794,2207847,2209640,1,True,9720.115,9738.045,9720.115,9738.045,17.93,0,0,1793,True,0.01,1.03472201355e-09,0.0099999999984,0.0100000000002,100,2,"[1, 2]"
1423,5,supplementary_operation,1,[5],True,1694,2209641,2211334,1,True,9738.055,9755.285,9738.055,9755.285,17.23,0,0,1693,True,0.0101772002363,0.00131931892996,0.0099999999984,0.0200000000004,98.2588508416,2,"[1, 2]"
1424,0,normal_tightening,1,[0],True,1798,2211335,2213132,1,True,9755.295,9773.265,9755.295,9773.265,17.97,0,0,1797,True,0.01,1.02815228355e-09,0.0099999999984,0.0100000000002,100,2,"[1, 2]"
1425,5,supplementary_operation,1,[5],True,1673,2213133,2214805,1,True,9773.275,9790.165,9773.275,9790.165,16.89,0,0,1672,True,0.0101016746411,0.00131305446499,0.0099999999984,0.0399999999991,98.9934872706,3,"[0, 1, 2]"
1426,3,missing_screw,1,[3],True,1838,2214806,2216643,1,True,9790.175,9808.765,9790.175,9808.765,18.59,0,0,1837,True,0.010119760479,0.00131439264754,0.0099999999984,0.0399999999991,98.8165680473,2,"[1, 2]"
1427,5,supplementary_operation,1,[5],True,1668,2216644,2218311,1,True,9808.775,9825.625,9808.775,9825.625,16.85,0,0,1667,True,0.0101079784043,0.00129151257501,0.0099999999984,0.0399999999991,98.9317507418,2,"[1, 2]"
1428,3,missing_screw,1,[3],True,1734,2218312,2220045,1,True,9825.635,9843.275,9825.635,9843.275,17.64,0,0,1733,True,0.010178880554,0.00177248102811,0.0099999999984,0.0500000000011,98.2426303855,3,"[0, 1, 2]"
1429,5,supplementary_operation,1,[5],True,1580,2220046,2221625,1,True,9843.285,9859.435,9843.285,9859.435,16.15,0,0,1579,True,0.0102279924003,0.00200030439986,0.0099999999984,0.0400000000009,97.7708978328,3,"[0, 1, 2]"
1430,3,missing_screw,1,[3],True,1712,2221626,2223337,1,True,9859.445,9876.775,9859.445,9876.775,17.33,0,0,1711,True,0.0101285797779,0.00144481831735,0.0099999999984,0.0400000000009,98.730525101,3,"[0, 1, 2]"
1431,5,supplementary_operation,1,[5],True,1597,2223338,2224934,1,True,9876.785,9892.965,9876.785,9892.965,16.18,0,0,1596,True,0.0101378446115,0.00140925916511,0.0099999999984,0.0400000000009,98.6402966625,3,"[0, 1, 2]"
1432,0,normal_tightening,1,[0],True,1676,2224935,2226610,1,True,9892.975,9910.145,9892.975,9910.145,17.17,0,0,1675,True,0.0102507462687,0.00174401947256,0.0099999999984,0.0300000000007,97.5538730344,2,"[1, 2]"
1433,5,supplementary_operation,1,[5],True,1620,2226611,2228230,1,True,9910.155,9926.465,9910.155,9926.465,16.31,0,0,1619,True,0.0100741198271,0.00116334420841,0.0099999999984,0.0399999999991,99.2642550582,3,"[0, 1, 2]"
1434,0,normal_tightening,1,[0],True,2249,2228231,2230479,1,True,9926.475,9949.155,9926.475,9949.155,22.68,0,0,2248,True,0.0100889679715,0.00126234234168,0.0099999999984,0.0400000000009,99.1181657848,2,"[1, 2]"
1435,5,supplementary_operation,1,[5],True,1631,2230480,2232110,1,True,9949.165,9965.585,9949.165,9965.585,16.42,0,0,1630,True,0.0100736196319,0.00104827221099,0.0099999999984,0.0400000000009,99.2691839221,3,"[0, 1, 2]"
1436,0,normal_tightening,1,[0],True,2108,2232111,2234218,1,True,9965.595,9986.945,9965.595,9986.945,21.35,0,0,2107,True,0.0101328903654,0.00143896397525,0.0099999999984,0.0400000000009,98.6885245902,3,"[0, 1, 2]"
1437,5,supplementary_operation,1,[5],True,1432,2234219,2235650,1,True,9986.955,10001.615,9986.955,10001.615,14.66,0,0,1431,True,0.0102445842068,0.00187192944996,0.0099999999984,0.0400000000009,97.6125511596,2,"[1, 2]"
1438,0,normal_tightening,1,[0],True,1727,2235651,2237377,1,True,10001.625,10018.955,10001.625,10018.955,17.33,0,0,1726,True,0.0100405561993,0.000720966048355,0.0099999999984,0.0299999999988,99.5960761685,3,"[0, 1, 2]"
1439,5,supplementary_operation,1,[5],True,1494,2237378,2238871,1,True,10018.965,10033.935,10018.965,10033.935,14.97,0,0,1493,True,0.0100267916946,0.000633370052736,0.0099999999984,0.0299999999988,99.7327989312,3,"[0, 1, 2]"
1440,0,normal_tightening,1,[0],True,1726,2238872,2240597,1,True,10033.945,10051.325,10033.945,10051.325,17.38,0,0,1725,True,0.0100753623188,0.00104679023506,0.0099999999984,0.0300000000007,99.252013809,2,"[1, 2]"
1441,5,supplementary_operation,1,[5],True,1487,2240598,2242084,1,True,10051.335,10066.225,10051.335,10066.225,14.89,0,0,1486,True,0.0100201884253,0.00044886153826,0.0099999999984,0.0200000000004,99.7985224983,3,"[0, 1, 2]"
1442,0,normal_tightening,1,[0],True,1733,2242085,2243817,1,True,10066.235,10083.575,10066.235,10083.575,17.34,0,0,1732,True,0.0100115473441,0.000339617578997,0.0099999999984,0.0200000000004,99.8846597463,3,"[0, 1, 2]"
1443,5,supplementary_operation,1,[5],True,1464,2243818,2245281,1,True,10083.585,10098.295,10083.585,10098.295,14.71,0,0,1463,True,0.0100546821599,0.000976702442132,0.0099999999984,0.0400000000009,99.4561522774,3,"[0, 1, 2]"
1444,0,normal_tightening,1,[0],True,1774,2245282,2247055,1,True,10098.305,10116.115,10098.305,10116.115,17.81,0,0,1773,True,0.0100451212634,0.000670206464816,0.0099999999984,0.0200000000004,99.5508141494,3,"[0, 1, 2]"
1445,5,supplementary_operation,1,[5],True,1401,2247056,2248456,1,True,10116.125,10130.215,10116.125,10130.215,14.09,0,0,1400,True,0.0100642857143,0.000884071056328,0.0099999999984,0.0299999999988,99.3612491128,3,"[0, 1, 2]"
1446,0,normal_tightening,1,[0],True,1703,2248457,2250159,1,True,10130.225,10147.265,10130.225,10147.265,17.04,0,0,1702,True,0.0100117508813,0.000342594118366,0.0099999999984,0.0200000000004,99.882629108,3,"[0, 1, 2]"
1447,5,supplementary_operation,1,[5],True,1423,2250160,2251582,1,True,10147.275,10161.525,10147.275,10161.525,14.25,0,0,1422,True,0.0100210970464,0.000458830446636,0.0099999999984,0.0200000000004,99.7894736842,3,"[0, 1, 2]"
1448,0,normal_tightening,1,[0],True,1680,2251583,2253262,1,True,10161.535,10178.445,10161.535,10178.445,16.91,0,0,1679,True,0.0100714711138,0.000910341441642,0.0099999999984,0.0300000000007,99.2903607333,3,"[0, 1, 2]"
1449,5,supplementary_operation,1,[5],True,1395,2253263,2254657,1,True,10178.455,10192.545,10178.455,10192.545,14.09,0,0,1394,True,0.0101076040172,0.00103172745806,0.0099999999984,0.0200000000004,98.9354151881,3,"[0, 1, 2]"
1450,0,normal_tightening,1,[0],True,1713,2254658,2256370,1,True,10192.555,10210.045,10192.555,10210.045,17.49,0,0,1712,True,0.0102161214953,0.0017461631916,0.0099999999984,0.0400000000009,97.8845054317,3,"[0, 1, 2]"
1451,5,supplementary_operation,1,[5],True,1700,2256371,2258070,1,True,10210.055,10227.295,10210.055,10227.295,17.24,0,0,1699,True,0.0101471453796,0.00125200572575,0.0099999999984,0.0300000000007,98.5498839907,3,"[0, 1, 2]"
1452,0,normal_tightening,1,[0],True,1712,2258071,2259782,1,True,10227.305,10244.455,10227.305,10244.455,17.15,0,0,1711,True,0.0100233781414,0.000482943968676,0.0099999999984,0.0200000000004,99.7667638484,3,"[0, 1, 2]"
1453,5,supplementary_operation,1,[5],True,1023,2259783,2260805,1,True,10244.465,10254.725,10244.465,10254.725,10.26,0,0,1022,True,0.0100391389432,0.000624385758649,0.0099999999984,0.0200000000004,99.6101364522,3,"[0, 1, 2]"
1454,0,normal_tightening,1,[0],True,1473,2260806,2262278,1,True,10254.735,10269.505,10254.735,10269.505,14.77,0,0,1472,True,0.0100339673913,0.000581824827054,0.0099999999984,0.0200000000004,99.6614759648,3,"[0, 1, 2]"
1455,5,supplementary_operation,1,[5],True,1691,2262279,2263969,1,True,10269.515,10286.485,10269.515,10286.485,16.97,0,0,1690,True,0.0100414201183,0.000642250385131,0.0099999999984,0.0200000000004,99.5875073659,3,"[0, 1, 2]"
1456,3,missing_screw,1,[3],True,1744,2263970,2265713,1,True,10286.495,10303.925,10286.495,10303.925,17.43,0,0,1743,True,0.01,9.16655160721e-10,0.0099999999984,0.0100000000002,100,3,"[0, 1, 2]"
1457,5,supplementary_operation,1,[5],True,1666,2265714,2267379,1,True,10303.935,10320.595,10303.935,10320.595,16.66,0,0,1665,True,0.010006006006,0.000244997934554,0.0099999999984,0.0199999999986,99.9399759904,3,"[0, 1, 2]"
1458,0,normal_tightening,1,[0],True,1738,2267380,2269117,1,True,10320.605,10337.995,10320.605,10337.995,17.39,0,0,1737,True,0.0100115141048,0.000339128991957,0.0099999999984,0.0200000000004,99.8849913743,3,"[0, 1, 2]"
1459,5,supplementary_operation,1,[5],True,1666,2269118,2270783,1,True,10338.005,10354.705,10338.005,10354.705,16.7,0,0,1665,True,0.01003003003,0.000547173187941,0.0099999999984,0.0200000000004,99.7005988024,3,"[0, 1, 2]"
1460,0,normal_tightening,1,[0],True,1877,2270784,2272660,1,True,10354.715,10373.475,10354.715,10373.475,18.76,0,0,1876,True,0.01,1.16415321827e-09,0.0099999999984,0.0100000000002,100,3,"[0, 1, 2]"
1461,5,supplementary_operation,1,[5],True,1664,2272661,2274324,1,True,10373.485,10390.115,10373.485,10390.115,16.63,0,0,1663,True,0.01,7.27013451792e-10,0.0099999999984,0.0100000000002,100,2,"[1, 2]"
1462,0,normal_tightening,1,[0],True,1733,2274325,2276057,1,True,10390.125,10407.455,10390.125,10407.455,17.33,0,0,1732,True,0.0100057736721,0.000240215289376,0.0099999999984,0.0199999999986,99.9422965955,3,"[0, 1, 2]"
1463,5,supplementary_operation,1,[5],True,1026,2276058,2277083,1,True,10407.465,10417.715,10407.465,10417.715,10.25,0,0,1025,True,0.01,0,0.0099999999984,0.0100000000002,100,3,"[0, 1, 2]"
1464,0,normal_tightening,1,[0],True,1486,2277084,2278569,1,True,10417.725,10432.585,10417.725,10432.585,14.86,0,0,1485,True,0.0100067340067,0.000259412259731,0.0099999999984,0.0200000000004,99.932705249,3,"[0, 1, 2]"
1465,5,supplementary_operation,1,[5],True,1513,2278570,2280082,1,True,10432.595,10447.715,10432.595,10447.715,15.12,0,0,1512,True,0.01,0,0.0099999999984,0.0100000000002,100,3,"[0, 1, 2]"
1466,0,normal_tightening,1,[0],True,1748,2280083,2281830,1,True,10447.725,10465.205,10447.725,10465.205,17.48,0,0,1747,True,0.0100057240985,0.000239182397402,0.0099999999984,0.0199999999986,99.942791762,2,"[1, 2]"
1467,5,supplementary_operation,1,[5],True,1436,2281831,2283266,1,True,10465.215,10479.565,10465.215,10479.565,14.35,0,0,1435,True,0.01,0,0.0099999999984,0.0100000000002,100,2,"[1, 2]"
1468,0,normal_tightening,1,[0],True,1722,2283267,2284988,1,True,10479.575,10496.785,10479.575,10496.785,17.21,0,0,1721,True,0.01,8.78916405522e-10,0.0099999999984,0.0100000000002,100,3,"[0, 1, 2]"
1469,5,supplementary_operation,1,[5],True,1682,2284989,2286670,1,True,10496.795,10513.605,10496.795,10513.605,16.81,0,0,1681,True,0.01,7.72211884697e-10,0.0099999999984,0.0100000000002,100,3,"[0, 1, 2]"
1470,5,supplementary_operation,1,[5],True,1410,2286671,2288080,1,True,899.814,913.914,899.814,913.914,14.1,0,0,1409,True,0.0100070972321,0.000266311753577,0.00999999999976,0.02,99.9290780142,3,"[0, 1, 2]"
1471,2,extra_component,1,[2],True,1643,2288081,2289723,1,True,913.924,930.374,913.924,930.374,16.45,0,0,1642,True,0.0100182704019,0.0005515187137,0.00999999999999,0.03,99.8176291793,2,"[1, 2]"
1472,5,supplementary_operation,1,[5],True,1448,2289724,2291171,1,True,930.384,944.854,930.384,944.854,14.47,0,0,1447,True,0.01,1.45402690358e-09,0.00999999999999,0.0100000000001,100,3,"[0, 1, 2]"
1473,1,damaged_screw,1,[1],True,1536,2291172,2292707,1,True,944.864,960.214,944.864,960.214,15.35,0,0,1535,True,0.01,1.49990649972e-09,0.00999999999999,0.0100000000001,100,2,"[1, 2]"
1474,5,supplementary_operation,1,[5],True,1320,2292708,2294027,1,True,960.224,973.414,960.224,973.414,13.19,0,0,1319,True,0.01,1.36260640699e-09,0.00999999999999,0.0100000000001,100,2,"[1, 2]"
1475,1,damaged_screw,1,[1],True,1525,2294028,2295552,1,True,973.424,988.664,973.424,988.664,15.24,0,0,1524,True,0.01,1.4908435376e-09,0.00999999999999,0.0100000000001,100,3,"[0, 1, 2]"
1476,5,supplementary_operation,1,[5],True,1259,2295553,2296811,1,True,988.674,1001.254,988.674,1001.254,12.58,0,0,1258,True,0.01,1.31193404896e-09,0.00999999999999,0.0100000000001,100,2,"[1, 2]"
1477,1,damaged_screw,1,[1],True,1390,2296812,2298201,1,True,1001.264,1015.154,1001.264,1015.154,13.89,0,0,1389,True,0.01,1.41146076529e-09,0.00999999999999,0.0100000000001,100,3,"[0, 1, 2]"
1478,5,supplementary_operation,1,[5],True,1019,2298202,2299220,1,True,1015.164,1025.344,1015.164,1025.344,10.18,0,0,1018,True,0.01,9.94652945702e-10,0.00999999999976,0.0100000000004,100,3,"[0, 1, 2]"
1479,2,extra_component,1,[2],True,1559,2299221,2300779,1,True,1025.354,1040.934,1025.354,1040.934,15.58,0,0,1558,True,0.01,1.42579068359e-09,0.00999999999976,0.0100000000004,100,3,"[0, 1, 2]"
1480,5,supplementary_operation,1,[5],True,1388,2300780,2302167,1,True,1040.944,1054.814,1040.944,1054.814,13.87,0,0,1387,True,0.01,1.30675874654e-09,0.00999999999976,0.0100000000004,100,2,"[1, 2]"
1481,1,damaged_screw,1,[1],True,1351,2302168,2303518,1,True,1054.824,1068.324,1054.824,1068.324,13.5,0,0,1350,True,0.01,1.29110837663e-09,0.00999999999976,0.0100000000004,100,3,"[0, 1, 2]"
1482,5,supplementary_operation,1,[5],True,1459,2303519,2304977,1,True,1068.334,1082.914,1068.334,1082.914,14.58,0,0,1458,True,0.01,1.36260640699e-09,0.00999999999976,0.0100000000004,100,2,"[1, 2]"
1483,1,damaged_screw,1,[1],True,1337,2304978,2306314,1,True,1082.924,1096.284,1082.924,1096.284,13.36,0,0,1336,True,0.01,1.26994123154e-09,0.00999999999976,0.0100000000004,100,3,"[0, 1, 2]"
1484,5,supplementary_operation,1,[5],True,1444,2306315,2307758,1,True,1096.294,1110.724,1096.294,1110.724,14.43,0,0,1443,True,0.01,1.35762428279e-09,0.00999999999976,0.0100000000004,100,3,"[0, 1, 2]"
1485,0,normal_tightening,1,[0],True,1330,2307759,2309088,1,True,1110.734,1124.024,1110.734,1124.024,13.29,0,0,1329,True,0.01,1.26994123154e-09,0.00999999999976,0.0100000000004,100,3,"[0, 1, 2]"
1486,5,supplementary_operation,1,[5],True,1051,2309089,2310139,1,True,1124.034,1134.534,1124.034,1134.534,10.5,0,0,1050,True,0.01,9.74000462487e-10,0.00999999999976,0.0100000000004,100,3,"[0, 1, 2]"
1487,2,extra_component,1,[2],True,1317,2310140,2311456,1,True,1134.544,1147.704,1134.544,1147.704,13.16,0,0,1316,True,0.01,1.25383138823e-09,0.00999999999976,0.0100000000004,100,3,"[0, 1, 2]"
1488,5,supplementary_operation,1,[5],True,1876,2311457,2313332,1,True,1147.714,1166.464,1147.714,1166.464,18.75,0,0,1875,True,0.01,1.56620797318e-09,0.00999999999976,0.0100000000004,100,3,"[0, 1, 2]"
1489,0,normal_tightening,1,[0],True,1352,2313333,2314684,1,True,1166.474,1179.984,1166.474,1179.984,13.51,0,0,1351,True,0.01,1.28584925751e-09,0.00999999999976,0.0100000000004,100,3,"[0, 1, 2]"
1490,5,supplementary_operation,1,[5],True,1812,2314685,2316496,1,True,1179.994,1198.104,1179.994,1198.104,18.11,0,0,1811,True,0.01,1.54880512222e-09,0.00999999999976,0.0100000000004,100,3,"[0, 1, 2]"
1491,1,damaged_screw,1,[1],True,1261,2316497,2317757,1,True,1198.114,1210.714,1198.114,1210.714,12.6,0,0,1260,True,0.01,1.2098235131e-09,0.00999999999976,0.0100000000004,100,3,"[0, 1, 2]"
1492,5,supplementary_operation,1,[5],True,1802,2317758,2319559,1,True,1210.724,1228.734,1210.724,1228.734,18.01,0,0,1801,True,0.01,1.54002995176e-09,0.00999999999976,0.0100000000004,100,3,"[0, 1, 2]"
1493,1,damaged_screw,1,[1],True,1157,2319560,2320716,1,True,1228.744,1240.304,1228.744,1240.304,11.56,0,0,1156,True,0.01,1.0982599496e-09,0.00999999999976,0.0100000000004,100,3,"[0, 1, 2]"
1494,5,supplementary_operation,1,[5],True,1076,2320717,2321792,1,True,1240.314,1251.064,1240.314,1251.064,10.75,0,0,1075,True,0.01,1.00818626092e-09,0.00999999999976,0.0100000000004,100,3,"[0, 1, 2]"
1495,2,extra_component,1,[2],True,1322,2321793,2323114,1,True,1251.074,1264.284,1251.074,1264.284,13.21,0,0,1321,True,0.01,1.26994123154e-09,0.00999999999976,0.0100000000004,100,3,"[0, 1, 2]"
1496,5,supplementary_operation,1,[5],True,1846,2323115,2324960,1,True,1264.294,1282.744,1264.294,1282.744,18.45,0,0,1845,True,0.01,1.55753085393e-09,0.00999999999976,0.0100000000004,100,3,"[0, 1, 2]"
1497,1,damaged_screw,1,[1],True,1605,2324961,2326565,1,True,1282.754,1298.794,1282.754,1298.794,16.04,0,0,1604,True,0.01,1.44935906841e-09,0.00999999999976,0.0100000000004,100,3,"[0, 1, 2]"
1498,5,supplementary_operation,1,[5],True,1818,2326566,2328383,1,True,1298.804,1316.994,1298.804,1316.994,18.19,0,0,1817,True,0.0100110071547,0.000331587679281,0.00999999999976,0.02,99.8900494777,3,"[0, 1, 2]"
1499,1,damaged_screw,1,[1],True,1588,2328384,2329971,1,True,1317.004,1332.884,1317.004,1332.884,15.88,0,0,1587,True,0.0100063011972,0.000250942756799,0.00999999999976,0.02,99.9370277078,3,"[0, 1, 2]"
1500,5,supplementary_operation,1,[5],True,1838,2329972,2331809,1,True,1332.894,1351.264,1332.894,1351.264,18.37,0,0,1837,True,0.01,1.54880512222e-09,0.00999999999976,0.0100000000004,100,3,"[0, 1, 2]"
1501,1,damaged_screw,1,[1],True,1540,2331810,2333349,1,True,1351.274,1366.664,1351.274,1366.664,15.39,0,0,1539,True,0.01,1.4210301004e-09,0.00999999999976,0.0100000000004,100,2,"[1, 2]"
1502,5,supplementary_operation,1,[5],True,1048,2333350,2334397,1,True,1366.674,1377.164,1366.674,1377.164,10.49,0,0,1047,True,0.0100191021968,0.000617801781439,0.00999999999954,0.0300000000004,99.8093422307,3,"[0, 1, 2]"
1503,2,extra_component,1,[2],True,1563,2334398,2335960,1,True,1377.174,1392.794,1377.174,1392.794,15.62,0,0,1562,True,0.01,1.34256698595e-09,0.00999999999954,0.0100000000007,100,3,"[0, 1, 2]"
1504,5,supplementary_operation,1,[5],True,1755,2335961,2337715,1,True,1392.804,1410.354,1392.804,1410.354,17.55,0,0,1754,True,0.0100057012543,0.000238704919222,0.00999999999954,0.02,99.943019943,2,"[1, 2]"
1505,1,damaged_screw,1,[1],True,1492,2337716,2339207,1,True,1410.364,1425.284,1410.364,1425.284,14.92,0,0,1491,True,0.0100067069081,0.000258890128303,0.00999999999954,0.0199999999995,99.9329758713,3,"[0, 1, 2]"
1506,5,supplementary_operation,1,[5],True,1848,2339208,2341055,1,True,1425.294,1443.764,1425.294,1443.764,18.47,0,0,1847,True,0.01,1.44467615127e-09,0.00999999999954,0.0100000000007,100,3,"[0, 1, 2]"
1507,0,normal_tightening,1,[0],True,1512,2341056,2342567,1,True,1443.774,1458.894,1443.774,1458.894,15.12,0,0,1511,True,0.0100066181337,0.00025717219362,0.00999999999954,0.02,99.9338624339,3,"[0, 1, 2]"
1508,5,supplementary_operation,1,[5],True,1769,2342568,2344336,1,True,1458.904,1476.624,1458.904,1476.624,17.72,0,0,1768,True,0.0100226244344,0.000751730666328,0.00999999999954,0.04,99.7742663657,2,"[1, 2]"
1509,1,damaged_screw,1,[1],True,1448,2344337,2345784,1,True,1476.634,1491.114,1476.634,1491.114,14.48,0,0,1447,True,0.01000691085,0.00026279410288,0.00999999999954,0.0200000000007,99.9309392265,3,"[0, 1, 2]"
1510,5,supplementary_operation,1,[5],True,1069,2345785,2346853,1,True,1491.124,1501.814,1491.124,1501.814,10.69,0,0,1068,True,0.0100093632959,0.000305851741032,0.00999999999954,0.02,99.9064546305,3,"[0, 1, 2]"
1511,2,extra_component,1,[2],True,1454,2346854,2348307,1,True,1501.824,1516.364,1501.824,1516.364,14.54,0,0,1453,True,0.0100068823125,0.000262251326682,0.00999999999954,0.02,99.9312242091,3,"[0, 1, 2]"
1512,5,supplementary_operation,1,[5],True,1818,2348308,2350125,1,True,1516.374,1534.544,1516.374,1534.544,18.17,0,0,1817,True,0.01,1.43053542444e-09,0.00999999999954,0.0100000000007,100,3,"[0, 1, 2]"
1513,1,damaged_screw,1,[1],True,1546,2350126,2351671,1,True,1534.554,1550.014,1534.554,1550.014,15.46,0,0,1545,True,0.0100064724919,0.000254328578718,0.00999999999954,0.0200000000007,99.935316947,3,"[0, 1, 2]"
1514,5,supplementary_operation,1,[5],True,1810,2351672,2353481,1,True,1550.024,1568.114,1550.024,1568.114,18.09,0,0,1809,True,0.01,1.42579068359e-09,0.00999999999954,0.0100000000007,100,3,"[0, 1, 2]"
1515,1,damaged_screw,1,[1],True,1409,2353482,2354890,1,True,1568.124,1582.204,1568.124,1582.204,14.08,0,0,1408,True,0.01,1.28584925751e-09,0.00999999999954,0.0100000000007,100,3,"[0, 1, 2]"
1516,5,supplementary_operation,1,[5],True,1760,2354891,2356650,1,True,1582.214,1599.804,1582.214,1599.804,17.59,0,0,1759,True,0.01,1.41625351512e-09,0.00999999999954,0.0100000000007,100,3,"[0, 1, 2]"
1517,1,damaged_screw,1,[1],True,1570,2356651,2358220,1,True,1599.814,1615.504,1599.814,1615.504,15.69,0,0,1569,True,0.01,1.35762428279e-09,0.00999999999954,0.0100000000007,100,3,"[0, 1, 2]"
1518,5,supplementary_operation,1,[5],True,1004,2358221,2359224,1,True,1615.514,1625.544,1615.514,1625.544,10.03,0,0,1003,True,0.01,9.01749205358e-10,0.00999999999954,0.0100000000007,100,2,"[1, 2]"
1519,2,extra_component,1,[2],True,1485,2359225,2360709,1,True,1625.554,1640.394,1625.554,1640.394,14.84,0,0,1484,True,0.01,1.3222238854e-09,0.00999999999954,0.0100000000007,100,2,"[1, 2]"
1520,5,supplementary_operation,1,[5],True,1426,2360710,2362135,1,True,1640.404,1654.654,1640.404,1654.654,14.25,0,0,1425,True,0.01,1.29110837663e-09,0.00999999999954,0.0100000000007,100,3,"[0, 1, 2]"
1521,3,missing_screw,1,[3],True,1466,2362136,2363601,1,True,1654.664,1669.314,1654.664,1669.314,14.65,0,0,1465,True,0.01,1.31193404896e-09,0.00999999999954,0.0100000000007,100,3,"[0, 1, 2]"
1522,5,supplementary_operation,1,[5],True,1787,2363602,2365388,1,True,1669.324,1687.184,1669.324,1687.184,17.86,0,0,1786,True,0.01,1.42579068359e-09,0.00999999999954,0.0100000000007,100,3,"[0, 1, 2]"
1523,0,normal_tightening,1,[0],True,1493,2365389,2366881,1,True,1687.194,1702.114,1687.194,1702.114,14.92,0,0,1492,True,0.01,1.31708901597e-09,0.00999999999954,0.0100000000007,100,3,"[0, 1, 2]"
1524,5,supplementary_operation,1,[5],True,1779,2366882,2368660,1,True,1702.124,1720.244,1702.124,1720.244,18.12,0,0,1778,True,0.0101912260967,0.00159706267343,0.00999999999954,0.0300000000007,98.1236203091,3,"[0, 1, 2]"
1525,0,normal_tightening,1,[0],True,1500,2368661,2370160,1,True,1720.254,1735.254,1720.254,1735.254,15,0,0,1499,True,0.0100066711141,0.000258198832296,0.00999999999954,0.02,99.9333333333,3,"[0, 1, 2]"
1526,5,supplementary_operation,1,[5],True,988,2370161,2371148,1,True,1735.264,1745.134,1735.264,1745.134,9.87,0,0,987,True,0.01,8.63359133608e-10,0.00999999999954,0.0100000000007,100,3,"[0, 1, 2]"
1527,2,extra_component,1,[2],True,1381,2371149,2372529,1,True,1745.144,1758.944,1745.144,1758.944,13.8,0,0,1380,True,0.01,1.26994123154e-09,0.00999999999954,0.0100000000007,100,2,"[1, 2]"
1528,5,supplementary_operation,1,[5],True,1835,2372530,2374364,1,True,1758.954,1777.294,1758.954,1777.294,18.34,0,0,1834,True,0.01,1.439978005e-09,0.00999999999954,0.0100000000007,100,3,"[0, 1, 2]"
1529,0,normal_tightening,1,[0],True,1492,2374365,2375856,1,True,1777.304,1792.214,1777.304,1792.214,14.91,0,0,1491,True,0.01,1.3675703812e-09,0.00999999999954,0.0100000000007,100,2,"[1, 2]"
1530,5,supplementary_operation,1,[5],True,1446,2375857,2377302,1,True,1792.224,1806.674,1792.224,1806.674,14.45,0,0,1445,True,0.01,1.3375102185e-09,0.00999999999954,0.0100000000004,100,3,"[0, 1, 2]"
1531,0,normal_tightening,1,[0],True,1466,2377303,2378768,1,True,1806.684,1821.334,1806.684,1821.334,14.65,0,0,1465,True,0.01,1.37251640234e-09,0.00999999999999,0.0100000000002,100,3,"[0, 1, 2]"
1532,5,supplementary_operation,1,[5],True,1424,2378769,2380192,1,True,1821.344,1835.574,1821.344,1835.574,14.23,0,0,1423,True,0.01,1.35262380804e-09,0.00999999999999,0.0100000000002,100,3,"[0, 1, 2]"
1533,0,normal_tightening,1,[0],True,1469,2380193,2381661,1,True,1835.584,1850.264,1835.584,1850.264,14.68,0,0,1468,True,0.01,1.37251640234e-09,0.00999999999999,0.0100000000002,100,3,"[0, 1, 2]"
1534,5,supplementary_operation,1,[5],True,1004,2381662,2382665,1,True,1850.274,1860.304,1850.274,1860.304,10.03,0,0,1003,True,0.01,9.01749205358e-10,0.00999999999999,0.0100000000002,100,3,"[0, 1, 2]"
1535,2,extra_component,1,[2],True,1464,2382666,2384129,1,True,1860.314,1874.944,1860.314,1874.944,14.63,0,0,1463,True,0.01,1.3675703812e-09,0.00999999999999,0.0100000000002,100,3,"[0, 1, 2]"
1536,5,supplementary_operation,1,[5],True,1342,2384130,2385471,1,True,1874.954,1888.364,1874.954,1888.364,13.41,0,0,1341,True,0.01,1.27526595608e-09,0.00999999999999,0.0100000000002,100,3,"[0, 1, 2]"
1537,0,normal_tightening,1,[0],True,1441,2385472,2386912,1,True,1888.374,1902.774,1888.374,1902.774,14.4,0,0,1440,True,0.01,1.35762428279e-09,0.00999999999999,0.0100000000002,100,2,"[1, 2]"
1538,5,supplementary_operation,1,[5],True,1337,2386913,2388249,1,True,1902.784,1916.144,1902.784,1916.144,13.36,0,0,1336,True,0.01,1.26994123154e-09,0.00999999999999,0.0100000000002,100,3,"[0, 1, 2]"
1539,0,normal_tightening,1,[0],True,1547,2388250,2389796,1,True,1916.154,1931.614,1916.154,1931.614,15.46,0,0,1546,True,0.01,1.42579068359e-09,0.00999999999999,0.0100000000002,100,3,"[0, 1, 2]"
1540,5,supplementary_operation,1,[5],True,1369,2389797,2391165,1,True,1931.624,1945.304,1931.624,1945.304,13.68,0,0,1368,True,0.01,1.30156286614e-09,0.00999999999999,0.0100000000002,100,3,"[0, 1, 2]"
1541,0,normal_tightening,1,[0],True,1354,2391166,2392519,1,True,1945.314,1958.844,1945.314,1958.844,13.53,0,0,1353,True,0.01,1.28584925751e-09,0.00999999999999,0.0100000000002,100,3,"[0, 1, 2]"
1542,5,supplementary_operation,1,[5],True,1023,2392520,2393542,1,True,1958.854,1969.074,1958.854,1969.074,10.22,0,0,1022,True,0.01,9.31322574615e-10,0.00999999999999,0.0100000000002,100,2,"[1, 2]"
1543,2,extra_component,1,[2],True,1446,2393543,2394988,1,True,1969.084,1983.544,1969.084,1983.544,14.46,0,0,1445,True,0.0100069204152,0.00026297577855,0.00999999999999,0.02,99.9308437068,3,"[0, 1, 2]"
1544,5,supplementary_operation,1,[5],True,1486,2394989,2396474,1,True,1983.554,1998.404,1983.554,1998.404,14.85,0,0,1485,True,0.01,1.38235535555e-09,0.00999999999999,0.0100000000002,100,3,"[0, 1, 2]"
1545,0,normal_tightening,1,[0],True,1316,2396475,2397790,1,True,1998.414,2011.564,1998.414,2011.564,13.15,0,0,1315,True,0.01,1.25922423629e-09,0.00999999999999,0.0100000000002,100,3,"[0, 1, 2]"
1546,5,supplementary_operation,1,[5],True,1853,2397791,2399643,1,True,2011.574,2030.094,2011.574,2030.094,18.52,0,0,1852,True,0.01,1.56187543937e-09,0.00999999999999,0.0100000000002,100,3,"[0, 1, 2]"
1547,0,normal_tightening,1,[0],True,1344,2399644,2400987,1,True,2030.104,2043.534,2030.104,2043.534,13.43,0,0,1343,True,0.01,1.26994123154e-09,0.00999999999999,0.0100000000002,100,3,"[0, 1, 2]"
1548,5,supplementary_operation,1,[5],True,1842,2400988,2402829,1,True,2043.544,2061.954,2043.544,2061.954,18.41,0,0,1841,True,0.01,7.08126757561e-10,0.00999999999976,0.0100000000002,100,3,"[0, 1, 2]"
1549,0,normal_tightening,1,[0],True,1380,2402830,2404209,1,True,2061.964,2075.754,2061.964,2075.754,13.79,0,0,1379,True,0.01,0,0.00999999999976,0.0100000000002,100,3,"[0, 1, 2]"
1550,5,supplementary_operation,1,[5],True,1022,2404210,2405231,1,True,2075.764,2085.974,2075.764,2085.974,10.21,0,0,1021,True,0.01,0,0.00999999999976,0.0100000000002,100,3,"[0, 1, 2]"
1551,2,extra_component,1,[2],True,1271,2405232,2406502,1,True,2085.984,2098.684,2085.984,2098.684,12.7,0,0,1270,True,0.01,0,0.00999999999976,0.0100000000002,100,2,"[1, 2]"
1552,5,supplementary_operation,1,[5],True,1845,2406503,2408347,1,True,2098.694,2117.134,2098.694,2117.134,18.44,0,0,1844,True,0.01,7.9810323664e-10,0.00999999999976,0.0100000000002,100,3,"[0, 1, 2]"
1553,0,normal_tightening,1,[0],True,1570,2408348,2409917,1,True,2117.144,2132.834,2117.144,2132.834,15.69,0,0,1569,True,0.01,0,0.00999999999976,0.0100000000002,100,2,"[1, 2]"
1554,5,supplementary_operation,1,[5],True,1845,2409918,2411762,1,True,2132.844,2151.284,2132.844,2151.284,18.44,0,0,1844,True,0.01,7.9810323664e-10,0.00999999999976,0.0100000000002,100,3,"[0, 1, 2]"
1555,0,normal_tightening,1,[0],True,1573,2411763,2413335,1,True,2151.294,2167.014,2151.294,2167.014,15.72,0,0,1572,True,0.01,0,0.00999999999976,0.0100000000002,100,2,"[1, 2]"
1556,5,supplementary_operation,1,[5],True,1432,2413336,2414767,1,True,2167.024,2181.334,2167.024,2181.334,14.31,0,0,1431,True,0.01,0,0.00999999999976,0.0100000000002,100,2,"[1, 2]"
1557,3,missing_screw,1,[3],True,1312,2414768,2416079,1,True,2181.344,2194.594,2181.344,2194.594,13.25,0,0,1311,True,0.0101067887109,0.0010995629048,0.00999999999976,0.0300000000002,98.9433962264,2,"[1, 2]"
1558,5,supplementary_operation,1,[5],True,1048,2416080,2417127,1,True,2194.604,2205.084,2194.604,2205.084,10.48,0,0,1047,True,0.0100095510984,0.00030890089071,0.00999999999976,0.02,99.9045801527,3,"[0, 1, 2]"
1559,2,extra_component,1,[2],True,1511,2417128,2418638,1,True,2205.094,2220.194,2205.094,2220.194,15.1,0,0,1510,True,0.01,0,0.00999999999976,0.0100000000002,100,3,"[0, 1, 2]"
1560,5,supplementary_operation,1,[5],True,1820,2418639,2420458,1,True,2220.204,2238.394,2220.204,2238.394,18.19,0,0,1819,True,0.01,7.72211884697e-10,0.00999999999976,0.0100000000002,100,3,"[0, 1, 2]"
1561,0,normal_tightening,1,[0],True,1571,2420459,2422029,1,True,2238.404,2254.104,2238.404,2254.104,15.7,0,0,1570,True,0.01,0,0.00999999999976,0.0100000000002,100,3,"[0, 1, 2]"
1562,5,supplementary_operation,1,[5],True,1834,2422030,2423863,1,True,2254.114,2272.444,2254.114,2272.444,18.33,0,0,1833,True,0.01,7.80937719683e-10,0.00999999999976,0.0100000000002,100,3,"[0, 1, 2]"
1563,0,normal_tightening,1,[0],True,1570,2423864,2425433,1,True,2272.454,2288.144,2272.454,2288.144,15.69,0,0,1569,True,0.01,0,0.00999999999976,0.0100000000002,100,3,"[0, 1, 2]"
1564,5,supplementary_operation,1,[5],True,1870,2425434,2427303,1,True,2288.154,2306.844,2288.154,2306.844,18.69,0,0,1869,True,0.01,8.23180634978e-10,0.00999999999976,0.0100000000002,100,3,"[0, 1, 2]"
1565,0,normal_tightening,1,[0],True,1533,2427304,2428836,1,True,2306.854,2322.174,2306.854,2322.174,15.32,0,0,1532,True,0.01,0,0.00999999999976,0.0100000000002,100,2,"[1, 2]"
1566,5,supplementary_operation,1,[5],True,1055,2428837,2429891,1,True,2322.184,2332.724,2322.184,2332.724,10.54,0,0,1054,True,0.01,0,0.00999999999976,0.0100000000002,100,3,"[0, 1, 2]"
1567,2,extra_component,1,[2],True,1582,2429892,2431473,1,True,2332.734,2348.544,2332.734,2348.544,15.81,0,0,1581,True,0.01,0,0.00999999999976,0.0100000000002,100,3,"[0, 1, 2]"
1568,5,supplementary_operation,1,[5],True,1822,2431474,2433295,1,True,2348.554,2366.774,2348.554,2366.774,18.22,0,0,1821,True,0.0100054914882,0.000234274893001,0.00999999999976,0.02,99.945115258,3,"[0, 1, 2]"
1569,0,normal_tightening,1,[0],True,1514,2433296,2434809,1,True,2366.784,2381.914,2366.784,2381.914,15.13,0,0,1513,True,0.01,0,0.00999999999976,0.0100000000002,100,3,"[0, 1, 2]"
1570,5,supplementary_operation,1,[5],True,1762,2434810,2436571,1,True,2381.924,2399.534,2381.924,2399.534,17.61,0,0,1761,True,0.01,6.58544507983e-10,0.00999999999976,0.0100000000002,100,3,"[0, 1, 2]"
1571,0,normal_tightening,1,[0],True,1512,2436572,2438083,1,True,2399.544,2414.654,2399.544,2414.654,15.11,0,0,1511,True,0.01,0,0.00999999999976,0.0100000000002,100,3,"[0, 1, 2]"
1572,5,supplementary_operation,1,[5],True,1820,2438084,2439903,1,True,2414.664,2432.854,2414.664,2432.854,18.19,0,0,1819,True,0.01,7.72211884697e-10,0.00999999999976,0.0100000000002,100,3,"[0, 1, 2]"
1573,0,normal_tightening,1,[0],True,1525,2439904,2441428,1,True,2432.864,2448.104,2432.864,2448.104,15.24,0,0,1524,True,0.01,0,0.00999999999976,0.0100000000002,100,2,"[1, 2]"
1574,5,supplementary_operation,1,[5],True,1036,2441429,2442464,1,True,2448.114,2458.464,2448.114,2458.464,10.35,0,0,1035,True,0.01,0,0.00999999999976,0.0100000000002,100,3,"[0, 1, 2]"
1575,2,extra_component,1,[2],True,1592,2442465,2444056,1,True,2458.474,2474.394,2458.474,2474.394,15.92,0,0,1591,True,0.0100062853551,0.000250627304052,0.00999999999976,0.02,99.9371859297,3,"[0, 1, 2]"
1576,5,supplementary_operation,1,[5],True,2376,2444057,2446432,1,True,2474.404,3113.285,2474.404,3113.285,638.881,0,0,2375,True,0.269002526316,12.6166908898,0.00999999999976,615.001,3.71743720662,3,"[0, 1, 2]"
1577,0,normal_tightening,1,[0],True,1464,2446433,2447896,1,True,3113.295,3127.925,3113.295,3127.925,14.63,0,0,1463,True,0.01,0,0.00999999999976,0.0100000000002,100,3,"[0, 1, 2]"
1578,5,supplementary_operation,1,[5],True,1885,2447897,2449781,1,True,3127.935,3146.775,3127.935,3146.775,18.84,0,0,1884,True,0.01,8.47516335696e-10,0.00999999999976,0.0100000000002,100,2,"[1, 2]"
1579,0,normal_tightening,1,[0],True,1462,2449782,2451243,1,True,3146.785,3161.395,3146.785,3161.395,14.61,0,0,1461,True,0.01,0,0.00999999999976,0.0100000000002,100,3,"[0, 1, 2]"
1580,5,supplementary_operation,1,[5],True,1072,2451244,2452315,1,True,3161.405,3172.115,3161.405,3172.115,10.71,0,0,1071,True,0.01,0,0.00999999999976,0.0100000000002,100,3,"[0, 1, 2]"
1581,2,extra_component,1,[2],True,1455,2452316,2453770,1,True,3172.125,3186.665,3172.125,3186.665,14.54,0,0,1454,True,0.01,0,0.00999999999976,0.0100000000002,100,3,"[0, 1, 2]"
1582,5,supplementary_operation,1,[5],True,1386,2453771,2455156,1,True,3186.675,3200.525,3186.675,3200.525,13.85,0,0,1385,True,0.01,0,0.00999999999976,0.0100000000002,100,3,"[0, 1, 2]"
1583,0,normal_tightening,1,[0],True,1427,2455157,2456583,1,True,3200.535,3214.795,3200.535,3214.795,14.26,0,0,1426,True,0.01,0,0.00999999999976,0.0100000000002,100,3,"[0, 1, 2]"
1584,5,supplementary_operation,1,[5],True,1373,2456584,2457956,1,True,3214.805,3228.525,3214.805,3228.525,13.72,0,0,1372,True,0.01,0,0.00999999999976,0.0100000000002,100,3,"[0, 1, 2]"
1585,0,normal_tightening,1,[0],True,1414,2457957,2459370,1,True,3228.535,3242.665,3228.535,3242.665,14.13,0,0,1413,True,0.01,0,0.00999999999976,0.0100000000002,100,3,"[0, 1, 2]"
1586,5,supplementary_operation,1,[5],True,1409,2459371,2460779,1,True,3242.675,3256.755,3242.675,3256.755,14.08,0,0,1408,True,0.01,0,0.00999999999976,0.0100000000002,100,3,"[0, 1, 2]"
1587,0,normal_tightening,1,[0],True,1372,2460780,2462151,1,True,3256.765,3270.475,3256.765,3270.475,13.71,0,0,1371,True,0.01,0,0.00999999999976,0.0100000000002,100,2,"[1, 2]"
1588,5,supplementary_operation,1,[5],True,1106,2462152,2463257,1,True,3270.485,3281.535,3270.485,3281.535,11.05,0,0,1105,True,0.01,0,0.00999999999976,0.0100000000002,100,3,"[0, 1, 2]"
1589,2,extra_component,1,[2],True,1314,2463258,2464571,1,True,3281.545,3294.675,3281.545,3294.675,13.13,0,0,1313,True,0.01,0,0.00999999999976,0.0100000000002,100,3,"[0, 1, 2]"
1590,5,supplementary_operation,1,[5],True,1826,2464572,2466397,1,True,3294.685,3312.935,3294.685,3312.935,18.25,0,0,1825,True,0.01,7.63386316167e-10,0.00999999999976,0.0100000000002,100,3,"[0, 1, 2]"
1591,0,normal_tightening,1,[0],True,1296,2466398,2467693,1,True,3312.945,3325.895,3312.945,3325.895,12.95,0,0,1295,True,0.01,0,0.00999999999976,0.0100000000002,100,3,"[0, 1, 2]"
1592,5,supplementary_operation,1,[5],True,1855,2467694,2469548,1,True,3325.905,3344.445,3325.905,3344.445,18.54,0,0,1854,True,0.01,7.9810323664e-10,0.00999999999976,0.0100000000002,100,2,"[1, 2]"
1593,0,normal_tightening,1,[0],True,1258,2469549,2470806,1,True,3344.455,3357.025,3344.455,3357.025,12.57,0,0,1257,True,0.01,0,0.00999999999976,0.0100000000002,100,3,"[0, 1, 2]"
1594,5,supplementary_operation,1,[5],True,1806,2470807,2472612,1,True,3357.035,3375.085,3357.035,3375.085,18.05,0,0,1805,True,0.01,7.45421768799e-10,0.00999999999976,0.0100000000002,100,2,"[1, 2]"
1595,0,normal_tightening,1,[0],True,1282,2472613,2473894,1,True,3375.095,3387.905,3375.095,3387.905,12.81,0,0,1281,True,0.01,0,0.00999999999976,0.0100000000002,100,3,"[0, 1, 2]"
1596,5,supplementary_operation,1,[5],True,1036,2473895,2474930,1,True,3387.915,3398.265,3387.915,3398.265,10.35,0,0,1035,True,0.01,0,0.00999999999976,0.0100000000002,100,3,"[0, 1, 2]"
1597,2,extra_component,1,[2],True,1603,2474931,2476533,1,True,3398.275,3414.295,3398.275,3414.295,16.02,0,0,1602,True,0.01,2.32830643654e-10,0.00999999999976,0.0100000000002,100,3,"[0, 1, 2]"
1598,5,supplementary_operation,1,[5],True,1870,2476534,2478403,1,True,3414.305,3432.995,3414.305,3432.995,18.69,0,0,1869,True,0.01,8.23180634978e-10,0.00999999999976,0.0100000000002,100,3,"[0, 1, 2]"
1599,0,normal_tightening,1,[0],True,1620,2478404,2480023,1,True,3433.005,3449.195,3433.005,3449.195,16.19,0,0,1619,True,0.01,3.08005990352e-10,0.00999999999976,0.0100000000002,100,3,"[0, 1, 2]"
1600,5,supplementary_operation,1,[5],True,1867,2480024,2481890,1,True,3449.205,3467.865,3449.205,3467.865,18.66,0,0,1866,True,0.01,8.14907252789e-10,0.00999999999976,0.0100000000002,100,3,"[0, 1, 2]"
1601,0,normal_tightening,1,[0],True,1629,2481891,2483519,1,True,3467.875,3484.155,3467.875,3484.155,16.28,0,0,1628,True,0.01,3.29272253991e-10,0.00999999999976,0.0100000000002,100,2,"[1, 2]"
1602,5,supplementary_operation,1,[5],True,1843,2483520,2485362,1,True,3484.165,3502.585,3484.165,3502.585,18.42,0,0,1842,True,0.01,7.80937719683e-10,0.00999999999976,0.0100000000002,100,2,"[1, 2]"
1603,0,normal_tightening,1,[0],True,1569,2485363,2486931,1,True,3502.595,3518.275,3502.595,3518.275,15.68,0,0,1568,True,0.01,0,0.00999999999976,0.0100000000002,100,2,"[1, 2]"
1604,5,supplementary_operation,1,[5],True,1007,2486932,2487938,1,True,3518.285,3528.345,3518.285,3528.345,10.06,0,0,1006,True,0.01,0,0.00999999999976,0.0100000000002,100,2,"[1, 2]"
1605,2,extra_component,1,[2],True,1532,2487939,2489470,1,True,3528.355,3543.665,3528.355,3543.665,15.31,0,0,1531,True,0.01,0,0.00999999999976,0.0100000000002,100,3,"[0, 1, 2]"
1606,5,supplementary_operation,1,[5],True,1482,2489471,2490952,1,True,3543.675,3558.485,3543.675,3558.485,14.81,0,0,1481,True,0.01,0,0.00999999999976,0.0100000000002,100,3,"[0, 1, 2]"
1607,3,missing_screw,1,[3],True,1256,2490953,2492208,1,True,3558.495,3571.045,3558.495,3571.045,12.55,0,0,1255,True,0.01,0,0.00999999999976,0.0100000000002,100,3,"[0, 1, 2]"
1608,5,supplementary_operation,1,[5],True,1466,2492209,2493674,1,True,3571.055,3585.705,3571.055,3585.705,14.65,0,0,1465,True,0.01,0,0.00999999999976,0.0100000000002,100,3,"[0, 1, 2]"
1609,3,missing_screw,1,[3],True,1354,2493675,2495028,1,True,3585.715,3599.245,3585.715,3599.245,13.53,0,0,1353,True,0.01,0,0.00999999999976,0.0100000000002,100,2,"[1, 2]"
1610,5,supplementary_operation,1,[5],True,1376,2495029,2496404,1,True,3599.255,3613.005,3599.255,3613.005,13.75,0,0,1375,True,0.01,0,0.00999999999976,0.0100000000002,100,3,"[0, 1, 2]"
1611,3,missing_screw,1,[3],True,1264,2496405,2497668,1,True,3613.015,3625.645,3613.015,3625.645,12.63,0,0,1263,True,0.01,0,0.00999999999976,0.0100000000002,100,3,"[0, 1, 2]"
1612,5,supplementary_operation,1,[5],True,1211,2497669,2498879,1,True,3625.655,3949.591,3625.655,3949.591,323.936,0,0,1210,True,0.267715702479,8.13851565965,0.00999999999976,281.636,3.73530573941,3,"[0, 1, 2]"
1613,2,extra_component,1,[2],True,1521,2498880,2500400,1,True,3949.601,3964.801,3949.601,3964.801,15.2,0,0,1520,True,0.01,0,0.00999999999976,0.0100000000002,100,3,"[0, 1, 2]"
1614,5,supplementary_operation,1,[5],True,1815,2500401,2502215,1,True,3964.811,3982.981,3964.811,3982.981,18.17,0,0,1814,True,0.0100165380375,0.00052474798849,0.00999999999976,0.0300000000002,99.8348926802,3,"[0, 1, 2]"
1615,0,normal_tightening,1,[0],True,1528,2502216,2503743,1,True,3982.991,3998.261,3982.991,3998.261,15.27,0,0,1527,True,0.01,0,0.00999999999976,0.0100000000002,100,3,"[0, 1, 2]"
1616,5,supplementary_operation,1,[5],True,1819,2503744,2505562,1,True,3998.271,4016.451,3998.271,4016.451,18.18,0,0,1818,True,0.01,7.72211884697e-10,0.00999999999976,0.0100000000002,100,3,"[0, 1, 2]"
1617,0,normal_tightening,1,[0],True,1364,2505563,2506926,1,True,4016.461,4030.091,4016.461,4030.091,13.63,0,0,1363,True,0.01,0,0.00999999999976,0.0100000000002,100,3,"[0, 1, 2]"
1618,5,supplementary_operation,1,[5],True,1852,2506927,2508778,1,True,4030.101,4048.621,4030.101,4048.621,18.52,0,0,1851,True,0.0100054024851,0.00023236967226,0.00999999999976,0.02,99.9460043197,3,"[0, 1, 2]"
1619,0,normal_tightening,1,[0],True,1391,2508779,2510169,1,True,4048.631,4062.531,4048.631,4062.531,13.9,0,0,1390,True,0.01,0,0.00999999999976,0.0100000000002,100,3,"[0, 1, 2]"
1620,5,supplementary_operation,1,[5],True,1066,2510170,2511235,1,True,4062.541,4073.191,4062.541,4073.191,10.65,0,0,1065,True,0.01,0,0.00999999999976,0.0100000000002,100,2,"[1, 2]"
1621,2,extra_component,1,[2],True,1329,2511236,2512564,1,True,4073.201,4086.481,4073.201,4086.481,13.28,0,0,1328,True,0.01,0,0.00999999999976,0.0100000000002,100,3,"[0, 1, 2]"
1622,5,supplementary_operation,1,[5],True,1841,2512565,2514405,1,True,4086.491,4104.891,4086.491,4104.891,18.4,0,0,1840,True,0.01,7.89567127722e-10,0.0099999999984,0.0100000000011,100,3,"[0, 1, 2]"
1623,0,normal_tightening,1,[0],True,1375,2514406,2515780,1,True,4104.901,4118.641,4104.901,4118.641,13.74,0,0,1374,True,0.01,0,0.0099999999984,0.0100000000011,100,3,"[0, 1, 2]"
1624,5,supplementary_operation,1,[5],True,1844,2515781,2517624,1,True,4118.651,4137.081,4118.651,4137.081,18.43,0,0,1843,True,0.01,7.89567127722e-10,0.0099999999984,0.0100000000011,100,3,"[0, 1, 2]"
1625,0,normal_tightening,1,[0],True,1340,2517625,2518964,1,True,4137.091,4150.481,4137.091,4150.481,13.39,0,0,1339,True,0.01,0,0.0099999999984,0.0100000000011,100,3,"[0, 1, 2]"
1626,5,supplementary_operation,1,[5],True,1845,2518965,2520809,1,True,4150.491,4168.931,4150.491,4168.931,18.44,0,0,1844,True,0.01,7.89567127722e-10,0.0099999999984,0.0100000000011,100,3,"[0, 1, 2]"
1627,0,normal_tightening,1,[0],True,1266,2520810,2522075,1,True,4168.941,4181.591,4168.941,4181.591,12.65,0,0,1265,True,0.01,0,0.0099999999984,0.0100000000011,100,3,"[0, 1, 2]"
1628,5,supplementary_operation,1,[5],True,1058,2522076,2523133,1,True,4181.601,4192.171,4181.601,4192.171,10.57,0,0,1057,True,0.01,0,0.0099999999984,0.0100000000011,100,3,"[0, 1, 2]"
1629,2,extra_component,1,[2],True,1447,2523134,2524580,1,True,4192.181,4206.641,4192.181,4206.641,14.46,0,0,1446,True,0.01,0,0.0099999999984,0.0100000000011,100,3,"[0, 1, 2]"
1630,5,supplementary_operation,1,[5],True,1866,2524581,2526446,1,True,4206.651,4225.311,4206.651,4225.311,18.66,0,0,1865,True,0.0100053619303,0.000231496333984,0.0099999999984,0.0199999999995,99.9464094319,3,"[0, 1, 2]"
1631,0,normal_tightening,1,[0],True,1663,2526447,2528109,1,True,4225.321,4241.941,4225.321,4241.941,16.62,0,0,1662,True,0.01,4.50874602679e-10,0.0099999999984,0.0100000000011,100,3,"[0, 1, 2]"
1632,5,supplementary_operation,1,[5],True,1829,2528110,2529938,1,True,4241.951,4260.231,4241.951,4260.231,18.28,0,0,1828,True,0.01,7.63386316167e-10,0.0099999999984,0.0100000000011,100,3,"[0, 1, 2]"
1633,0,normal_tightening,1,[0],True,1569,2529939,2531507,1,True,4260.241,4275.921,4260.241,4275.921,15.68,0,0,1568,True,0.01,0,0.0099999999984,0.0100000000011,100,3,"[0, 1, 2]"
1634,5,supplementary_operation,1,[5],True,1435,2531508,2532942,1,True,4275.931,4290.271,4275.931,4290.271,14.34,0,0,1434,True,0.01,0,0.0099999999984,0.0100000000011,100,3,"[0, 1, 2]"
1635,3,missing_screw,1,[3],True,1289,2532943,2534231,1,True,4290.281,4303.161,4290.281,4303.161,12.88,0,0,1288,True,0.01,0,0.0099999999984,0.0100000000011,100,3,"[0, 1, 2]"
1636,5,supplementary_operation,1,[5],True,1022,2534232,2535253,1,True,4303.171,4313.381,4303.171,4313.381,10.21,0,0,1021,True,0.01,0,0.0099999999984,0.0100000000011,100,2,"[1, 2]"
1637,2,extra_component,1,[2],True,1585,2535254,2536838,1,True,4313.391,4329.261,4313.391,4329.261,15.87,0,0,1584,True,0.0100189393939,0.000434781828917,0.0099999999984,0.0200000000013,99.8109640832,2,"[1, 2]"
1638,5,supplementary_operation,1,[5],True,1823,2536839,2538661,1,True,4329.271,4347.491,4329.271,4347.491,18.22,0,0,1822,True,0.01,7.72211884697e-10,0.0099999999984,0.0100000000011,100,3,"[0, 1, 2]"
1639,0,normal_tightening,1,[0],True,1532,2538662,2540193,1,True,4347.501,4362.811,4347.501,4362.811,15.31,0,0,1531,True,0.01,0,0.0099999999984,0.0100000000011,100,3,"[0, 1, 2]"
1640,5,supplementary_operation,1,[5],True,1886,2540194,2542079,1,True,4362.821,4381.681,4362.821,4381.681,18.86,0,0,1885,True,0.0100053050398,0.000230265617159,0.0099999999984,0.0200000000013,99.9469777306,3,"[0, 1, 2]"
1641,0,normal_tightening,1,[0],True,1516,2542080,2543595,1,True,4381.691,4396.841,4381.691,4396.841,15.15,0,0,1515,True,0.01,0,0.0099999999984,0.0100000000011,100,3,"[0, 1, 2]"
1642,5,supplementary_operation,1,[5],True,1834,2543596,2545429,1,True,4396.851,4415.181,4396.851,4415.181,18.33,0,0,1833,True,0.01,7.80937719683e-10,0.0099999999984,0.0100000000011,100,3,"[0, 1, 2]"
1643,0,normal_tightening,1,[0],True,1366,2545430,2546795,1,True,4415.191,4428.841,4415.191,4428.841,13.65,0,0,1365,True,0.01,0,0.0099999999984,0.0100000000011,100,3,"[0, 1, 2]"
1644,5,supplementary_operation,1,[5],True,996,2546796,2547791,1,True,4428.851,4438.801,4428.851,4438.801,9.95,0,0,995,True,0.01,0,0.0099999999984,0.0100000000011,100,3,"[0, 1, 2]"
1645,2,extra_component,1,[2],True,1342,2547792,2549133,1,True,4438.811,4452.221,4438.811,4452.221,13.41,0,0,1341,True,0.01,0,0.0099999999984,0.0100000000011,100,3,"[0, 1, 2]"
1646,5,supplementary_operation,1,[5],True,1851,2549134,2550984,1,True,4452.231,4470.731,4452.231,4470.731,18.5,0,0,1850,True,0.01,7.9810323664e-10,0.0099999999984,0.0100000000011,100,3,"[0, 1, 2]"
1647,0,normal_tightening,1,[0],True,1363,2550985,2552347,1,True,4470.741,4484.361,4470.741,4484.361,13.62,0,0,1362,True,0.01,0,0.0099999999984,0.0100000000011,100,2,"[1, 2]"
1648,5,supplementary_operation,1,[5],True,1842,2552348,2554189,1,True,4484.371,4502.781,4484.371,4502.781,18.41,0,0,1841,True,0.01,7.9810323664e-10,0.0099999999984,0.0100000000011,100,3,"[0, 1, 2]"
1649,0,normal_tightening,1,[0],True,1641,2554190,2555830,1,True,4502.791,4519.191,4502.791,4519.191,16.4,0,0,1640,True,0.01,3.86105942348e-10,0.0099999999984,0.0100000000011,100,3,"[0, 1, 2]"
1650,5,supplementary_operation,1,[5],True,1897,2555831,2557727,1,True,13449.539,13468.539,13449.539,13468.539,19,0,0,1896,True,0.0100210970464,0.000725934621714,0.00999999999658,0.0400000000009,99.7894736842,3,"[0, 1, 2]"
1651,4,damaged_thread,1,[4],True,1362,2557728,2559089,1,True,13468.549,13482.199,13468.549,13482.199,13.65,0,0,1361,True,0.0100293901543,0.000541329623992,0.00999999999658,0.0200000000004,99.706959707,2,"[1, 2]"
1652,5,supplementary_operation,1,[5],True,1364,2559090,2560453,1,True,13482.209,13495.859,13482.209,13495.859,13.65,0,0,1363,True,0.0100146735143,0.00038277908907,0.00999999999658,0.0200000000004,99.8534798535,3,"[0, 1, 2]"
1653,0,normal_tightening,1,[0],True,1587,2560454,2562040,1,True,13495.869,13511.729,13495.869,13511.729,15.86,0,0,1586,True,0.01,0,0.00999999999658,0.0100000000039,100,3,"[0, 1, 2]"
1654,5,supplementary_operation,1,[5],True,1313,2562041,2563353,1,True,13511.739,13524.879,13511.739,13524.879,13.14,0,0,1312,True,0.0100152439024,0.000390136704006,0.00999999999658,0.0200000000004,99.8477929985,3,"[0, 1, 2]"
1655,0,normal_tightening,1,[0],True,1435,2563354,2564788,1,True,13524.889,13539.399,13524.889,13539.399,14.51,0,0,1434,True,0.0101185495119,0.00155777766617,0.00999999999658,0.0499999999993,98.8283942109,3,"[0, 1, 2]"
1656,5,supplementary_operation,1,[5],True,1324,2564789,2566112,1,True,13539.409,13552.639,13539.409,13552.639,13.23,0,0,1323,True,0.01,0,0.00999999999658,0.0100000000039,100,3,"[0, 1, 2]"
1657,0,normal_tightening,1,[0],True,1456,2566113,2567568,1,True,13552.649,13567.199,13552.649,13567.199,14.55,0,0,1455,True,0.01,0,0.00999999999658,0.0100000000039,100,3,"[0, 1, 2]"
1658,5,supplementary_operation,1,[5],True,1058,2567569,2568626,1,True,13567.209,13577.779,13567.209,13577.779,10.57,0,0,1057,True,0.01,0,0.00999999999658,0.0100000000039,100,3,"[0, 1, 2]"
1659,2,extra_component,1,[2],True,1483,2568627,2570109,1,True,13577.789,13592.619,13577.789,13592.619,14.83,0,0,1482,True,0.0100067476383,0.00025967451285,0.00999999999658,0.0199999999986,99.9325691167,3,"[0, 1, 2]"
1660,5,supplementary_operation,1,[5],True,1434,2570110,2571543,1,True,13592.629,13606.959,13592.629,13606.959,14.33,0,0,1433,True,0.01,0,0.00999999999658,0.0100000000039,100,3,"[0, 1, 2]"
1661,0,normal_tightening,1,[0],True,1337,2571544,2572880,1,True,13606.969,13620.329,13606.969,13620.329,13.36,0,0,1336,True,0.01,0,0.00999999999658,0.0100000000039,100,2,"[1, 2]"
1662,5,supplementary_operation,1,[5],True,1489,2572881,2574369,1,True,13620.339,13635.219,13620.339,13635.219,14.88,0,0,1488,True,0.01,0,0.00999999999658,0.0100000000039,100,3,"[0, 1, 2]"
1663,0,normal_tightening,1,[0],True,1365,2574370,2575734,1,True,13635.229,13648.869,13635.229,13648.869,13.64,0,0,1364,True,0.01,0,0.00999999999658,0.0100000000039,100,3,"[0, 1, 2]"
1664,5,supplementary_operation,1,[5],True,1019,2575735,2576753,1,True,13648.879,13659.059,13648.879,13659.059,10.18,0,0,1018,True,0.01,0,0.00999999999658,0.0100000000039,100,3,"[0, 1, 2]"
1665,2,extra_component,1,[2],True,1196,2576754,2577949,1,True,13659.069,13671.019,13659.069,13671.019,11.95,0,0,1195,True,0.01,0,0.00999999999658,0.0100000000039,100,2,"[1, 2]"
1666,5,supplementary_operation,1,[5],True,1870,2577950,2579819,1,True,13671.029,13689.719,13671.029,13689.719,18.69,0,0,1869,True,0.01,9.59985336665e-10,0.00999999999658,0.0100000000039,100,3,"[0, 1, 2]"
1667,0,normal_tightening,1,[0],True,1475,2579820,2581294,1,True,13689.729,13704.469,13689.729,13704.469,14.74,0,0,1474,True,0.01,0,0.00999999999658,0.0100000000039,100,3,"[0, 1, 2]"
1668,5,supplementary_operation,1,[5],True,1849,2581295,2583143,1,True,13704.479,13722.969,13704.479,13722.969,18.49,0,0,1848,True,0.0100054112554,0.000232558105498,0.00999999999658,0.0200000000004,99.9459167117,3,"[0, 1, 2]"
1669,0,normal_tightening,1,[0],True,1295,2583144,2584438,1,True,13722.979,13735.919,13722.979,13735.919,12.94,0,0,1294,True,0.01,0,0.00999999999658,0.0100000000039,100,3,"[0, 1, 2]"
1670,5,supplementary_operation,1,[5],True,1864,2584439,2586302,1,True,13735.929,13754.559,13735.929,13754.559,18.63,0,0,1863,True,0.01,9.59985336665e-10,0.00999999999658,0.0100000000039,100,3,"[0, 1, 2]"
1671,0,normal_tightening,1,[0],True,1244,2586303,2587546,1,True,13754.569,13766.999,13754.569,13766.999,12.43,0,0,1243,True,0.01,0,0.00999999999658,0.0100000000039,100,3,"[0, 1, 2]"
1672,5,supplementary_operation,1,[5],True,1896,2587547,2589442,1,True,13767.009,13785.959,13767.009,13785.959,18.95,0,0,1895,True,0.01,1.00818626092e-09,0.00999999999658,0.0100000000039,100,3,"[0, 1, 2]"
1673,0,normal_tightening,1,[0],True,1219,2589443,2590661,1,True,13785.969,13798.149,13785.969,13798.149,12.18,0,0,1218,True,0.01,0,0.00999999999658,0.0100000000039,100,3,"[0, 1, 2]"
1674,5,supplementary_operation,1,[5],True,1022,2590662,2591683,1,True,13798.159,13808.369,13798.159,13808.369,10.21,0,0,1021,True,0.01,0,0.00999999999658,0.0100000000039,100,3,"[0, 1, 2]"
1675,2,extra_component,1,[2],True,1593,2591684,2593276,1,True,13808.379,13824.309,13808.379,13824.309,15.93,0,0,1592,True,0.010006281407,0.000250548626583,0.00999999999658,0.0200000000004,99.937225361,3,"[0, 1, 2]"
1676,5,supplementary_operation,1,[5],True,1055,2593277,2594331,1,True,13824.319,13834.859,13824.319,13834.859,10.54,0,0,1054,True,0.01,0,0.00999999999658,0.0100000000039,100,3,"[0, 1, 2]"
1677,2,extra_component,1,[2],True,1575,2594332,2595906,1,True,13834.869,13850.609,13834.869,13850.609,15.74,0,0,1574,True,0.01,0,0.00999999999658,0.0100000000039,100,3,"[0, 1, 2]"
1678,5,supplementary_operation,1,[5],True,1804,2595907,2597710,1,True,13850.619,13868.649,13850.619,13868.649,18.03,0,0,1803,True,0.01,8.55474410154e-10,0.00999999999658,0.0100000000039,100,3,"[0, 1, 2]"
1679,0,normal_tightening,1,[0],True,1677,2597711,2599387,1,True,13868.659,13885.439,13868.659,13885.439,16.78,0,0,1676,True,0.0100119331742,0.000345238094147,0.00999999999658,0.0200000000041,99.8808104887,3,"[0, 1, 2]"
1680,5,supplementary_operation,1,[5],True,1814,2599388,2601201,1,True,13885.449,13903.579,13885.449,13903.579,18.13,0,0,1813,True,0.01,8.71172497695e-10,0.00999999999658,0.0100000000039,100,3,"[0, 1, 2]"
1681,0,normal_tightening,1,[0],True,1537,2601202,2602738,1,True,13903.589,13918.949,13903.589,13918.949,15.36,0,0,1536,True,0.01,0,0.00999999999658,0.0100000000039,100,3,"[0, 1, 2]"
1682,5,supplementary_operation,1,[5],True,1843,2602739,2604581,1,True,13918.959,13937.379,13918.959,13937.379,18.42,0,0,1842,True,0.01,9.16655160721e-10,0.00999999999658,0.0100000000039,100,3,"[0, 1, 2]"
1683,0,normal_tightening,1,[0],True,1628,2604582,2606209,1,True,13937.389,13953.659,13937.389,13953.659,16.27,0,0,1627,True,0.01,2.01637252184e-10,0.00999999999658,0.0100000000039,100,3,"[0, 1, 2]"
1684,5,supplementary_operation,1,[5],True,1811,2606210,2608020,1,True,13953.669,13971.779,13953.669,13971.779,18.11,0,0,1810,True,0.0100055248619,0.000234985307395,0.00999999999658,0.0200000000004,99.9447818885,3,"[0, 1, 2]"
1685,0,normal_tightening,1,[0],True,1647,2608021,2609667,1,True,13971.789,13988.279,13971.789,13988.279,16.49,0,0,1646,True,0.0100182260024,0.000550848908487,0.00999999999658,0.0299999999988,99.8180715585,3,"[0, 1, 2]"
1686,5,supplementary_operation,1,[5],True,1837,2609668,2611504,1,True,13988.289,14006.649,13988.289,14006.649,18.36,0,0,1836,True,0.01,9.09232729569e-10,0.00999999999658,0.0100000000039,100,3,"[0, 1, 2]"
1687,0,normal_tightening,1,[0],True,1548,2611505,2613052,1,True,14006.659,14022.139,14006.659,14022.139,15.48,0,0,1547,True,0.0100064641241,0.000254164230797,0.00999999999658,0.0200000000004,99.9354005168,3,"[0, 1, 2]"
1688,5,supplementary_operation,1,[5],True,1884,2613053,2614936,1,True,14022.149,14040.979,14022.149,14040.979,18.83,0,0,1883,True,0.01,9.74000462487e-10,0.00999999999658,0.0100000000039,100,3,"[0, 1, 2]"
1689,0,normal_tightening,1,[0],True,1522,2614937,2616458,1,True,14040.989,14056.199,14040.989,14056.199,15.21,0,0,1521,True,0.01,0,0.00999999999658,0.0100000000039,100,3,"[0, 1, 2]"
1690,5,supplementary_operation,1,[5],True,1074,2616459,2617532,1,True,14056.209,14066.959,14056.209,14066.959,10.75,0,0,1073,True,0.010018639329,0.000431330343516,0.00999999999658,0.0200000000004,99.8139534884,2,"[1, 2]"
1691,2,extra_component,1,[2],True,1602,2617533,2619134,1,True,14066.969,14082.979,14066.969,14082.979,16.01,0,0,1601,True,0.01,0,0.00999999999658,0.0100000000039,100,3,"[0, 1, 2]"
1692,5,supplementary_operation,1,[5],True,1868,2619135,2621002,1,True,14082.989,14101.719,14082.989,14101.719,18.73,0,0,1867,True,0.0100321371184,0.000565984442692,0.00999999999658,0.0200000000041,99.6796583022,3,"[0, 1, 2]"
1693,0,normal_tightening,1,[0],True,1551,2621003,2622553,1,True,14101.729,14117.659,14101.729,14117.659,15.93,0,0,1550,True,0.0102774193548,0.00175622573265,0.00999999999658,0.0300000000007,97.300690521,3,"[0, 1, 2]"
1694,5,supplementary_operation,1,[5],True,1342,2622554,2623895,1,True,14117.669,14704.431,14117.669,14704.431,586.762,0,0,1341,True,0.437555555556,15.6500104212,0.00999999999658,573.322,2.28542407313,2,"[1, 2]"
1695,2,extra_component,1,[2],True,1592,2623896,2625487,1,True,14704.441,14720.431,14704.441,14720.431,15.99,0,0,1591,True,0.010050282841,0.000867014561863,0.0099999999984,0.0299999999988,99.4996873046,2,"[1, 2]"
1696,5,supplementary_operation,1,[5],True,1786,2625488,2627273,1,True,14720.441,14738.331,14720.441,14738.331,17.89,0,0,1785,True,0.0100224089636,0.000472850371899,0.0099999999984,0.0200000000023,99.776411403,3,"[0, 1, 2]"
1697,0,normal_tightening,1,[0],True,1422,2627274,2628695,1,True,14738.341,14752.551,14738.341,14752.551,14.21,0,0,1421,True,0.01,0,0.0099999999984,0.0100000000039,100,3,"[0, 1, 2]"
1698,5,supplementary_operation,1,[5],True,1847,2628696,2630542,1,True,14752.561,14771.031,14752.561,14771.031,18.47,0,0,1846,True,0.0100054171181,0.000232683982664,0.0099999999984,0.0200000000023,99.9458581484,3,"[0, 1, 2]"
1699,0,normal_tightening,1,[0],True,1526,2630543,2632068,1,True,14771.041,14786.311,14771.041,14786.311,15.27,0,0,1525,True,0.0100131147541,0.000361905435499,0.0099999999984,0.0200000000023,99.8690242305,3,"[0, 1, 2]"
1700,5,supplementary_operation,1,[5],True,1834,2632069,2633902,1,True,14786.321,14804.651,14786.321,14804.651,18.33,0,0,1833,True,0.01,7.36275143029e-10,0.0099999999984,0.0100000000039,100,3,"[0, 1, 2]"
1701,0,normal_tightening,1,[0],True,1508,2633903,2635410,1,True,14804.661,14819.731,14804.661,14819.731,15.07,0,0,1507,True,0.01,0,0.0099999999984,0.0100000000039,100,2,"[1, 2]"
1702,5,supplementary_operation,1,[5],True,1826,2635411,2637236,1,True,14819.741,14837.991,14819.741,14837.991,18.25,0,0,1825,True,0.01,7.27013451792e-10,0.0099999999984,0.0100000000039,100,3,"[0, 1, 2]"
1703,0,normal_tightening,1,[0],True,1523,2637237,2638759,1,True,14838.001,14853.221,14838.001,14853.221,15.22,0,0,1522,True,0.01,0,0.0099999999984,0.0100000000039,100,2,"[1, 2]"
1704,5,supplementary_operation,1,[5],True,1009,2638760,2639768,1,True,14853.231,14863.311,14853.231,14863.311,10.08,0,0,1008,True,0.01,0,0.0099999999984,0.0100000000039,100,3,"[0, 1, 2]"
1705,2,extra_component,1,[2],True,1290,2639769,2641058,1,True,14863.321,14876.211,14863.321,14876.211,12.89,0,0,1289,True,0.01,0,0.0099999999984,0.0100000000039,100,3,"[0, 1, 2]"
1706,5,supplementary_operation,1,[5],True,1831,2641059,2642889,1,True,14876.221,14894.521,14876.221,14894.521,18.3,0,0,1830,True,0.01,7.36275143029e-10,0.0099999999984,0.0100000000039,100,3,"[0, 1, 2]"
1707,0,normal_tightening,1,[0],True,1372,2642890,2644261,1,True,14894.531,14908.241,14894.531,14908.241,13.71,0,0,1371,True,0.01,0,0.0099999999984,0.0100000000039,100,3,"[0, 1, 2]"
1708,5,supplementary_operation,1,[5],True,2356,2644262,2646617,1,True,14908.251,15226.414,14908.251,15226.414,318.163,0,0,2355,True,0.135101061571,6.06842141895,0.00999999999658,294.563,7.40186633895,3,"[0, 1, 2]"
1709,0,normal_tightening,1,[0],True,1978,2646618,2648595,1,True,15226.424,15246.194,15226.424,15246.194,19.77,0,0,1977,True,0.01,1.12266870693e-09,0.00999999999658,0.0100000000039,100,3,"[0, 1, 2]"
1710,5,supplementary_operation,1,[5],True,1462,2648596,2650057,1,True,15246.204,15260.814,15246.204,15260.814,14.61,0,0,1461,True,0.01,0,0.00999999999658,0.0100000000039,100,3,"[0, 1, 2]"
1711,0,normal_tightening,1,[0],True,1412,2650058,2651469,1,True,15260.824,15274.944,15260.824,15274.944,14.12,0,0,1411,True,0.0100070871722,0.000266123080833,0.00999999999658,0.0199999999986,99.9291784702,3,"[0, 1, 2]"
1712,5,supplementary_operation,1,[5],True,1438,2651470,2652907,1,True,15274.954,15289.364,15274.954,15289.364,14.41,0,0,1437,True,0.010027835769,0.000526861328596,0.00999999999658,0.0200000000004,99.7224149896,3,"[0, 1, 2]"
1713,0,normal_tightening,1,[0],True,1495,2652908,2654402,1,True,15289.374,15304.354,15289.374,15304.354,14.98,0,0,1494,True,0.0100267737617,0.000633158425191,0.00999999999658,0.0300000000007,99.7329773031,3,"[0, 1, 2]"
1714,5,supplementary_operation,1,[5],True,1425,2654403,2655827,1,True,15304.364,15318.654,15304.364,15318.654,14.29,0,0,1424,True,0.0100351123595,0.000591515610626,0.00999999999658,0.0200000000004,99.6501049685,3,"[0, 1, 2]"
1715,0,normal_tightening,1,[0],True,1488,2655828,2657315,1,True,15318.664,15333.534,15318.664,15333.534,14.87,0,0,1487,True,0.01,0,0.00999999999658,0.0100000000039,100,3,"[0, 1, 2]"
1716,5,supplementary_operation,1,[5],True,1023,2657316,2658338,1,True,15333.544,15343.764,15333.544,15343.764,10.22,0,0,1022,True,0.01,0,0.00999999999658,0.0100000000039,100,3,"[0, 1, 2]"
1717,2,extra_component,1,[2],True,1361,2658339,2659699,1,True,15343.774,15357.374,15343.774,15357.374,13.6,0,0,1360,True,0.01,0,0.00999999999658,0.0100000000039,100,3,"[0, 1, 2]"
1718,5,supplementary_operation,1,[5],True,1050,2659700,2660749,1,True,15357.384,15367.874,15357.384,15367.874,10.49,0,0,1049,True,0.01,0,0.00999999999658,0.0100000000039,100,3,"[0, 1, 2]"
1719,2,extra_component,1,[2],True,1498,2660750,2662247,1,True,15367.884,15382.854,15367.884,15382.854,14.97,0,0,1497,True,0.01,0,0.00999999999658,0.0100000000039,100,3,"[0, 1, 2]"
1720,5,supplementary_operation,1,[5],True,1338,2662248,2663585,1,True,15382.864,15396.234,15382.864,15396.234,13.37,0,0,1337,True,0.01,0,0.00999999999658,0.0100000000039,100,2,"[1, 2]"
1721,0,normal_tightening,1,[0],True,1417,2663586,2665002,1,True,15396.244,15410.404,15396.244,15410.404,14.16,0,0,1416,True,0.01,0,0.00999999999658,0.0100000000039,100,3,"[0, 1, 2]"
1722,5,supplementary_operation,1,[5],True,1393,2665003,2666395,1,True,15410.414,15424.334,15410.414,15424.334,13.92,0,0,1392,True,0.01,0,0.00999999999658,0.0100000000039,100,3,"[0, 1, 2]"
1723,0,normal_tightening,1,[0],True,1488,2666396,2667883,1,True,15424.344,15439.214,15424.344,15439.214,14.87,0,0,1487,True,0.01,0,0.00999999999658,0.0100000000039,100,3,"[0, 1, 2]"
1724,5,supplementary_operation,1,[5],True,1472,2667884,2669355,1,True,15439.224,15453.934,15439.224,15453.934,14.71,0,0,1471,True,0.01,0,0.00999999999658,0.0100000000039,100,3,"[0, 1, 2]"
1725,0,normal_tightening,1,[0],True,1342,2669356,2670697,1,True,15453.944,15467.354,15453.944,15467.354,13.41,0,0,1341,True,0.01,0,0.00999999999658,0.0100000000039,100,3,"[0, 1, 2]"
1726,5,supplementary_operation,1,[5],True,1829,2670698,2672526,1,True,15467.364,15485.664,15467.364,15485.664,18.3,0,0,1828,True,0.010010940919,0.000330589604575,0.00999999999658,0.0200000000004,99.8907103825,3,"[0, 1, 2]"
1727,0,normal_tightening,1,[0],True,1341,2672527,2673867,1,True,15485.674,15499.124,15485.674,15499.124,13.45,0,0,1340,True,0.0100373134328,0.000609706516294,0.00999999999658,0.0200000000004,99.6282527881,3,"[0, 1, 2]"
1728,5,supplementary_operation,1,[5],True,1829,2673868,2675696,1,True,15499.134,15517.454,15499.134,15517.454,18.32,0,0,1828,True,0.0100218818381,0.000467268194837,0.00999999999658,0.0200000000004,99.7816593886,3,"[0, 1, 2]"
1729,0,normal_tightening,1,[0],True,1391,2675697,2677087,1,True,15517.464,15531.494,15517.464,15531.494,14.03,0,0,1390,True,0.0100935251799,0.00116540101065,0.00999999999658,0.0300000000007,99.0734141126,3,"[0, 1, 2]"
1730,5,supplementary_operation,1,[5],True,1844,2677088,2678931,1,True,15531.504,15549.954,15531.504,15549.954,18.45,0,0,1843,True,0.0100108518719,0.000329243005005,0.00999999999658,0.0200000000004,99.891598916,3,"[0, 1, 2]"
1731,0,normal_tightening,1,[0],True,1300,2678932,2680231,1,True,15549.964,15562.954,15549.964,15562.954,12.99,0,0,1299,True,0.01,0,0.00999999999658,0.0100000000039,100,3,"[0, 1, 2]"
1732,5,supplementary_operation,1,[5],True,1834,2680232,2682065,1,True,15562.964,15581.294,15562.964,15581.294,18.33,0,0,1833,True,0.01,9.09232729569e-10,0.00999999999658,0.0100000000039,100,3,"[0, 1, 2]"
1733,1,damaged_screw,1,[1],True,1584,2682066,2683649,1,True,15581.304,15597.144,15581.304,15597.144,15.84,0,0,1583,True,0.0100063171194,0.000251259403692,0.00999999999658,0.0200000000004,99.9368686869,2,"[1, 2]"
1734,5,supplementary_operation,1,[5],True,1785,2683650,2685434,1,True,15597.154,15614.994,15597.154,15614.994,17.84,0,0,1784,True,0.01,8.14907252789e-10,0.00999999999658,0.0100000000039,100,3,"[0, 1, 2]"
1735,0,normal_tightening,1,[0],True,1603,2685435,2687037,1,True,15615.004,15631.034,15615.004,15631.034,16.03,0,0,1602,True,0.0100062421973,0.000249765905426,0.00999999999658,0.0200000000004,99.9376169682,3,"[0, 1, 2]"
1736,5,supplementary_operation,1,[5],True,1126,2687038,2688163,1,True,15631.044,15642.294,15631.044,15642.294,11.25,0,0,1125,True,0.01,0,0.00999999999658,0.0100000000039,100,3,"[0, 1, 2]"
1737,2,extra_component,1,[2],True,1574,2688164,2689737,1,True,15642.304,15658.034,15642.304,15658.034,15.73,0,0,1573,True,0.01,0,0.00999999999658,0.0100000000039,100,3,"[0, 1, 2]"
1738,5,supplementary_operation,1,[5],True,1868,2689738,2691605,1,True,15658.044,15676.714,15658.044,15676.714,18.67,0,0,1867,True,0.01,9.67018290297e-10,0.00999999999658,0.0100000000039,100,3,"[0, 1, 2]"
1739,0,normal_tightening,1,[0],True,1534,2691606,2693139,1,True,15676.724,15692.054,15676.724,15692.054,15.33,0,0,1533,True,0.01,0,0.00999999999658,0.0100000000039,100,3,"[0, 1, 2]"
1740,5,supplementary_operation,1,[5],True,960,2693140,2694099,1,True,15692.064,15701.654,15692.064,15701.654,9.59,0,0,959,True,0.01,0,0.00999999999658,0.0100000000039,100,3,"[0, 1, 2]"
1741,2,extra_component,1,[2],True,1547,2694100,2695646,1,True,15701.664,15717.134,15701.664,15717.134,15.47,0,0,1546,True,0.0100064683053,0.000254246364914,0.00999999999658,0.0200000000004,99.9353587589,3,"[0, 1, 2]"
1742,5,supplementary_operation,1,[5],True,1861,2695647,2697507,1,True,15717.144,15735.744,15717.144,15735.744,18.6,0,0,1860,True,0.01,9.4576254541e-10,0.00999999999658,0.0100000000039,100,3,"[0, 1, 2]"
1743,0,normal_tightening,1,[0],True,1645,2697508,2699152,1,True,15735.754,15752.204,15735.754,15752.204,16.45,0,0,1644,True,0.0100060827251,0.000246556790715,0.00999999999658,0.0199999999986,99.9392097264,2,"[1, 2]"
1744,5,supplementary_operation,1,[5],True,1846,2699153,2700998,1,True,15752.214,15770.664,15752.214,15770.664,18.45,0,0,1845,True,0.01,9.16655160721e-10,0.00999999999658,0.0100000000039,100,3,"[0, 1, 2]"
1745,0,normal_tightening,1,[0],True,1548,2700999,2702546,1,True,15770.674,15786.154,15770.674,15786.154,15.48,0,0,1547,True,0.0100064641241,0.000254164230797,0.00999999999658,0.0200000000004,99.9354005168,3,"[0, 1, 2]"
1746,5,supplementary_operation,1,[5],True,1887,2702547,2704433,1,True,15786.164,15805.024,15786.164,15805.024,18.86,0,0,1886,True,0.01,9.87816761974e-10,0.00999999999658,0.0100000000039,100,3,"[0, 1, 2]"
1747,0,normal_tightening,1,[0],True,1524,2704434,2705957,1,True,15805.034,15820.274,15805.034,15820.274,15.24,0,0,1523,True,0.0100065659882,0.000256157704535,0.00999999999658,0.0199999999986,99.9343832021,3,"[0, 1, 2]"
1748,5,supplementary_operation,1,[5],True,1037,2705958,2706994,1,True,15820.284,15830.644,15820.284,15830.644,10.36,0,0,1036,True,0.01,0,0.00999999999658,0.0100000000039,100,2,"[1, 2]"
1749,2,extra_component,1,[2],True,1505,2706995,2708499,1,True,15830.654,15845.694,15830.654,15845.694,15.04,0,0,1504,True,0.01,0,0.00999999999658,0.0100000000039,100,2,"[1, 2]"
1750,5,supplementary_operation,1,[5],True,1810,2708500,2710309,1,True,15845.704,15863.824,15845.704,15863.824,18.12,0,0,1809,True,0.0100165837479,0.000406893669932,0.00999999999658,0.0200000000041,99.8344370861,3,"[0, 1, 2]"
1751,0,normal_tightening,1,[0],True,1608,2710310,2711917,1,True,15863.834,15879.934,15863.834,15879.934,16.1,0,0,1607,True,0.0100186683261,0.000557485660366,0.00999999999658,0.0300000000007,99.8136645963,2,"[1, 2]"
1752,5,supplementary_operation,1,[5],True,1807,2711918,2713724,1,True,15879.944,15898.084,15879.944,15898.084,18.14,0,0,1806,True,0.0100442967885,0.000742797179969,0.00999999999658,0.0300000000007,99.558985667,3,"[0, 1, 2]"
1753,0,normal_tightening,1,[0],True,1524,2713725,2715248,1,True,15898.094,15913.324,15898.094,15913.324,15.23,0,0,1523,True,0.01,0,0.00999999999658,0.0100000000039,100,3,"[0, 1, 2]"
1754,5,supplementary_operation,1,[5],True,1093,2715249,2716341,1,True,15913.334,15924.254,15913.334,15924.254,10.92,0,0,1092,True,0.01,0,0.00999999999658,0.0100000000039,100,2,"[1, 2]"
1755,2,extra_component,1,[2],True,1461,2716342,2717802,1,True,15924.264,15938.874,15924.264,15938.874,14.61,0,0,1460,True,0.0100068493151,0.000261622318569,0.00999999999658,0.0200000000004,99.9315537303,3,"[0, 1, 2]"
1756,5,supplementary_operation,1,[5],True,1851,2717803,2719653,1,True,15938.884,15957.384,15938.884,15957.384,18.5,0,0,1850,True,0.01,9.31322574615e-10,0.00999999999658,0.0100000000039,100,3,"[0, 1, 2]"
1757,0,normal_tightening,1,[0],True,1398,2719654,2721051,1,True,15957.394,15971.364,15957.394,15971.364,13.97,0,0,1397,True,0.01,0,0.00999999999658,0.0100000000039,100,2,"[1, 2]"
1758,5,supplementary_operation,1,[5],True,1045,2721052,2722096,1,True,15971.374,15981.834,15971.374,15981.834,10.46,0,0,1044,True,0.0100191570881,0.000618687941034,0.00999999999658,0.0299999999988,99.8087954111,2,"[1, 2]"
1759,2,extra_component,1,[2],True,1511,2722097,2723607,1,True,15981.844,15996.944,15981.844,15996.944,15.1,0,0,1510,True,0.01,0,0.00999999999658,0.0100000000039,100,3,"[0, 1, 2]"
1760,5,supplementary_operation,1,[5],True,1821,2723608,2725428,1,True,15996.954,16015.164,15996.954,16015.164,18.21,0,0,1820,True,0.0100054945055,0.000234339209993,0.00999999999658,0.0199999999986,99.9450851181,2,"[1, 2]"
1761,0,normal_tightening,1,[0],True,1428,2725429,2726856,1,True,16015.174,16029.444,16015.174,16029.444,14.27,0,0,1427,True,0.01,0,0.00999999999658,0.0100000000039,100,2,"[1, 2]"
1762,5,supplementary_operation,1,[5],True,1421,2726857,2728277,1,True,16029.454,16043.664,16029.454,16043.664,14.21,0,0,1420,True,0.0100070422535,0.00026527898872,0.00999999999658,0.0199999999986,99.9296270232,2,"[1, 2]"
1763,0,normal_tightening,1,[0],True,1416,2728278,2729693,1,True,16043.674,16057.824,16043.674,16057.824,14.15,0,0,1415,True,0.01,0,0.00999999999658,0.0100000000039,100,3,"[0, 1, 2]"
1764,5,supplementary_operation,1,[5],True,1779,2729694,2731472,1,True,16057.834,16196.38,16057.834,16196.38,138.546,0,0,1778,True,0.0779223847019,2.85991173663,0.00999999999476,120.636,12.8332828086,3,"[0, 1, 2]"
1765,0,normal_tightening,1,[0],True,1412,2731473,2732884,1,True,16196.39,16210.5,16196.39,16210.5,14.11,0,0,1411,True,0.01,0,0.00999999999476,0.0100000000057,100,3,"[0, 1, 2]"
1766,5,supplementary_operation,1,[5],True,1095,2732885,2733979,1,True,16210.51,16221.46,16210.51,16221.46,10.95,0,0,1094,True,0.0100091407678,0.00030219881637,0.00999999999476,0.0200000000004,99.9086757991,3,"[0, 1, 2]"
1767,2,extra_component,1,[2],True,1510,2733980,2735489,1,True,16221.47,16236.58,16221.47,16236.58,15.11,0,0,1509,True,0.0100132538105,0.000363816493888,0.00999999999476,0.0200000000004,99.8676373263,3,"[0, 1, 2]"
1768,5,supplementary_operation,1,[5],True,1058,2735490,2736547,1,True,16236.59,16247.16,16236.59,16247.16,10.57,0,0,1057,True,0.01,0,0.00999999999476,0.0100000000057,100,3,"[0, 1, 2]"
1769,2,extra_component,1,[2],True,1874,2736548,2738421,1,True,16247.17,16265.9,16247.17,16265.9,18.73,0,0,1873,True,0.01,1.14063254687e-09,0.00999999999476,0.0100000000057,100,3,"[0, 1, 2]"
1770,5,supplementary_operation,1,[5],True,1557,2738422,2739978,1,True,16265.91,16281.47,16265.91,16281.47,15.56,0,0,1556,True,0.01,4.65661287308e-10,0.00999999999476,0.0100000000057,100,3,"[0, 1, 2]"
1771,0,normal_tightening,1,[0],True,1347,2739979,2741325,1,True,16281.48,16294.94,16281.48,16294.94,13.46,0,0,1346,True,0.01,0,0.00999999999476,0.0100000000057,100,2,"[1, 2]"
1772,5,supplementary_operation,1,[5],True,1816,2741326,2743141,1,True,16294.95,16313.1,16294.95,16313.1,18.15,0,0,1815,True,0.01,1.06696404865e-09,0.00999999999476,0.0100000000057,100,3,"[0, 1, 2]"
1773,0,normal_tightening,1,[0],True,1331,2743142,2744472,1,True,16313.11,16326.41,16313.11,16326.41,13.3,0,0,1330,True,0.01,0,0.00999999999476,0.0100000000057,100,2,"[1, 2]"
1774,5,supplementary_operation,1,[5],True,1857,2744473,2746329,1,True,16326.42,16344.98,16326.42,16344.98,18.56,0,0,1856,True,0.01,1.12868842143e-09,0.00999999999476,0.0100000000057,100,3,"[0, 1, 2]"
1775,0,normal_tightening,1,[0],True,1341,2746330,2747670,1,True,16344.99,16358.39,16344.99,16358.39,13.4,0,0,1340,True,0.01,0,0.00999999999476,0.0100000000057,100,3,"[0, 1, 2]"
1776,5,supplementary_operation,1,[5],True,1841,2747671,2749511,1,True,16358.4,16376.83,16358.4,16376.83,18.43,0,0,1840,True,0.0100163043478,0.000403457118562,0.00999999999476,0.0200000000059,99.8372219208,2,"[1, 2]"
1777,0,normal_tightening,1,[0],True,1280,2749512,2750791,1,True,16376.84,16389.67,16376.84,16389.67,12.83,0,0,1279,True,0.0100312744331,0.000558360314976,0.00999999999476,0.0200000000004,99.6882307093,2,"[1, 2]"
1778,5,supplementary_operation,1,[5],True,1884,2750792,2752675,1,True,16389.68,16408.53,16389.68,16408.53,18.85,0,0,1883,True,0.0100106213489,0.000325730987272,0.0099999999984,0.0200000000004,99.8938992043,2,"[1, 2]"
1779,0,normal_tightening,1,[0],True,1615,2752676,2754290,1,True,16408.54,16424.68,16408.54,16424.68,16.14,0,0,1614,True,0.01,1.64636126996e-10,0.0099999999984,0.010000000002,100,3,"[0, 1, 2]"
1780,5,supplementary_operation,1,[5],True,1848,2754291,2756138,1,True,16424.69,16443.17,16424.69,16443.17,18.48,0,0,1847,True,0.0100054141852,0.000232621018514,0.0099999999984,0.0200000000004,99.9458874459,2,"[1, 2]"
1781,0,normal_tightening,1,[0],True,1577,2756139,2757715,1,True,16443.18,16458.97,16443.18,16458.97,15.79,0,0,1576,True,0.010019035533,0.000562935637352,0.0099999999984,0.0300000000025,99.8100063331,3,"[0, 1, 2]"
1782,5,supplementary_operation,1,[5],True,1803,2757716,2759518,1,True,16458.98,16477.02,16458.98,16477.02,18.04,0,0,1802,True,0.0100110987791,0.000332963373982,0.0099999999984,0.0200000000004,99.889135255,3,"[0, 1, 2]"
1783,1,damaged_screw,1,[1],True,1573,2759519,2761091,1,True,16477.03,16492.75,16477.03,16492.75,15.72,0,0,1572,True,0.01,3.49245965481e-10,0.0099999999984,0.010000000002,100,3,"[0, 1, 2]"
1784,5,supplementary_operation,1,[5],True,1764,2761092,2762855,1,True,16492.76,16510.39,16492.76,16510.39,17.63,0,0,1763,True,0.01,0,0.0099999999984,0.010000000002,100,2,"[1, 2]"
1785,0,normal_tightening,1,[0],True,1694,2762856,2764549,1,True,16510.4,16527.35,16510.4,16527.35,16.95,0,0,1693,True,0.0100118133491,0.000485929446042,0.0099999999984,0.0300000000025,99.8820058997,3,"[0, 1, 2]"
1786,5,supplementary_operation,1,[5],True,1838,2764550,2766387,1,True,16527.36,16545.83,16527.36,16545.83,18.47,0,0,1837,True,0.0100544365814,0.000735800565698,0.0099999999984,0.0200000000004,99.4585814835,3,"[0, 1, 2]"
1787,0,normal_tightening,1,[0],True,1603,2766388,2767990,1,True,16545.84,16561.95,16545.84,16561.95,16.11,0,0,1602,True,0.0100561797753,0.000826731837285,0.0099999999984,0.0300000000025,99.4413407821,3,"[0, 1, 2]"
1788,5,supplementary_operation,1,[5],True,1839,2767991,2769829,1,True,16561.96,16580.34,16561.96,16580.34,18.38,0,0,1838,True,0.01,0,0.0099999999984,0.010000000002,100,3,"[0, 1, 2]"
1789,0,normal_tightening,1,[0],True,1704,2769830,2771533,1,True,16580.35,16597.39,16580.35,16597.39,17.04,0,0,1703,True,0.0100058719906,0.000242250749801,0.0099999999984,0.0200000000004,99.941314554,3,"[0, 1, 2]"
1790,5,supplementary_operation,1,[5],True,1082,2771534,2772615,1,True,16597.4,16608.21,16597.4,16608.21,10.81,0,0,1081,True,0.01,1.11053139136e-09,0.0099999999984,0.010000000002,100,3,"[0, 1, 2]"
1791,2,extra_component,1,[2],True,1546,2772616,2774161,1,True,16608.22,16623.67,16608.22,16623.67,15.45,0,0,1545,True,0.01,4.65661287308e-10,0.0099999999984,0.010000000002,100,2,"[1, 2]"
1792,5,supplementary_operation,1,[5],True,1818,2774162,2775979,1,True,16623.68,16641.85,16623.68,16641.85,18.17,0,0,1817,True,0.01,0,0.0099999999984,0.010000000002,100,3,"[0, 1, 2]"
1793,0,normal_tightening,1,[0],True,1544,2775980,2777523,1,True,16641.86,16657.29,16641.86,16657.29,15.43,0,0,1543,True,0.01,4.50874602679e-10,0.0099999999984,0.010000000002,100,3,"[0, 1, 2]"
1794,5,supplementary_operation,1,[5],True,1848,2777524,2779371,1,True,16657.3,16675.77,16657.3,16675.77,18.47,0,0,1847,True,0.01,0,0.0099999999984,0.010000000002,100,2,"[1, 2]"
1795,0,normal_tightening,1,[0],True,1562,2779372,2780933,1,True,16675.78,16691.39,16675.78,16691.39,15.61,0,0,1561,True,0.01,4.03274504367e-10,0.0099999999984,0.010000000002,100,2,"[1, 2]"
1796,5,supplementary_operation,1,[5],True,2355,2780934,2783288,1,True,16691.4,17039.887,16691.4,17039.887,348.487,0,0,2354,True,0.148040356839,6.69293230708,0.00999999999476,324.807,6.75491481748,3,"[0, 1, 2]"
1797,0,normal_tightening,1,[0],True,1516,2783289,2784804,1,True,17039.897,17055.107,17039.897,17055.107,15.21,0,0,1515,True,0.0100396039604,0.000725592400452,0.00999999999476,0.0299999999988,99.6055226825,3,"[0, 1, 2]"
1798,5,supplementary_operation,1,[5],True,1781,2784805,2786585,1,True,17055.117,17073.067,17055.117,17073.067,17.95,0,0,1780,True,0.0100842696629,0.00131699341589,0.00999999999476,0.0400000000009,99.1643454039,3,"[0, 1, 2]"
1799,0,normal_tightening,1,[0],True,1376,2786586,2787961,1,True,17073.077,17086.827,17073.077,17086.827,13.75,0,0,1375,True,0.01,9.09232729569e-10,0.00999999999476,0.0100000000057,100,3,"[0, 1, 2]"
1800,5,supplementary_operation,1,[5],True,1880,2787962,2789841,1,True,17086.837,17105.787,17086.837,17105.787,18.95,0,0,1879,True,0.0100851516764,0.00121774526458,0.00999999999476,0.0399999999972,99.1556728232,3,"[0, 1, 2]"
1801,0,normal_tightening,1,[0],True,1310,2789842,2791151,1,True,17105.797,17119.667,17105.797,17119.667,13.87,0,0,1309,True,0.0105958747135,0.00314352593873,0.00999999999476,0.0400000000009,94.3763518385,3,"[0, 1, 2]"
1802,5,supplementary_operation,1,[5],True,1808,2791152,2792959,1,True,17119.677,17137.917,17119.677,17137.917,18.24,0,0,1807,True,0.0100940785833,0.00126333652295,0.00999999999476,0.0400000000009,99.0679824562,3,"[0, 1, 2]"
1803,0,normal_tightening,1,[0],True,1323,2792960,2794282,1,True,17137.927,17151.267,17137.927,17151.267,13.34,0,0,1322,True,0.0100907715582,0.00139945618707,0.00999999999476,0.0400000000009,99.1004497751,2,"[1, 2]"
1804,5,supplementary_operation,1,[5],True,1795,2794283,2796077,1,True,17151.277,17169.817,17151.277,17169.817,18.54,0,0,1794,True,0.0103344481605,0.00213785375445,0.00999999999476,0.0400000000009,96.7637540453,3,"[0, 1, 2]"
1805,0,normal_tightening,1,[0],True,1306,2796078,2797383,1,True,17169.837,17183.317,17169.837,17183.317,13.48,0,0,1305,True,0.0103295019157,0.00259062769598,0.00999999999476,0.0499999999993,96.8100890208,3,"[0, 1, 2]"
1806,5,supplementary_operation,1,[5],True,1827,2797384,2799210,1,True,17183.327,17201.837,17183.327,17201.837,18.51,0,0,1826,True,0.0101369112815,0.0015984953528,0.00999999999476,0.0400000000009,98.6493787142,2,"[1, 2]"
1807,0,normal_tightening,1,[0],True,1332,2799211,2800542,1,True,17201.847,17215.417,17201.847,17215.417,13.57,0,0,1331,True,0.0101953418482,0.00176560576738,0.00999999999476,0.0399999999972,98.084008843,3,"[0, 1, 2]"
1808,5,supplementary_operation,1,[5],True,938,2800543,2801480,1,True,17215.427,17225.247,17215.427,17225.247,9.82,0,0,937,True,0.0104802561366,0.00300903739051,0.00999999999476,0.0400000000045,95.417515275,3,"[0, 1, 2]"
1809,2,extra_component,1,[2],True,1092,2801481,2802572,1,True,17225.257,17236.167,17225.257,17236.167,10.91,0,0,1091,True,0.01,1.07329623509e-09,0.00999999999476,0.0100000000057,100,3,"[0, 1, 2]"
1810,5,supplementary_operation,1,[5],True,1822,2802573,2804394,1,True,17236.177,17254.757,17236.177,17254.757,18.58,0,0,1821,True,0.0102031850632,0.00209924302226,0.00999999999476,0.0599999999977,98.0086114101,3,"[0, 1, 2]"
1811,0,normal_tightening,1,[0],True,1303,2804395,2805697,1,True,17254.767,17268.007,17254.767,17268.007,13.24,0,0,1302,True,0.0101689708141,0.00191261203825,0.00999999999476,0.0400000000009,98.3383685801,2,"[1, 2]"
1812,5,supplementary_operation,1,[5],True,1802,2805698,2807499,1,True,17268.017,17286.637,17268.017,17286.637,18.62,0,0,1801,True,0.0103387007218,0.00239068530189,0.00999999999476,0.0499999999993,96.723952739,2,"[1, 2]"
1813,0,normal_tightening,1,[0],True,1740,2807500,2809239,1,True,17286.647,17304.037,17286.647,17304.037,17.39,0,0,1739,True,0.01,0,0.00999999999476,0.0100000000057,100,2,"[1, 2]"
1814,5,supplementary_operation,1,[5],True,1822,2809240,2811061,1,True,17304.047,17322.257,17304.047,17322.257,18.21,0,0,1821,True,0.01,0,0.00999999999476,0.0100000000057,100,3,"[0, 1, 2]"
1815,0,normal_tightening,1,[0],True,1643,2811062,2812704,1,True,17322.267,17338.697,17322.267,17338.697,16.43,0,0,1642,True,0.010006090134,0.000246706810005,0.00999999999476,0.0200000000004,99.9391357273,2,"[1, 2]"
1816,5,supplementary_operation,1,[5],True,1833,2812705,2814537,1,True,17338.707,17357.037,17338.707,17357.037,18.33,0,0,1832,True,0.0100054585153,0.000233570883232,0.00999999999476,0.0200000000041,99.9454446263,2,"[1, 2]"
1817,0,normal_tightening,1,[0],True,1610,2814538,2816147,1,True,17357.047,17373.387,17357.047,17373.387,16.34,0,0,1609,True,0.0101553760099,0.00162736771092,0.00999999999476,0.0400000000009,98.4700122399,3,"[0, 1, 2]"
1818,5,supplementary_operation,1,[5],True,1801,2816148,2817948,1,True,17373.397,17391.657,17373.397,17391.657,18.26,0,0,1800,True,0.0101444444444,0.00175790981389,0.00999999999476,0.0600000000013,98.5761226725,2,"[1, 2]"
1819,1,damaged_screw,1,[1],True,1543,2817949,2819491,1,True,17391.667,17407.127,17391.667,17407.127,15.46,0,0,1542,True,0.0100259403372,0.000508655552581,0.00999999999476,0.0200000000004,99.7412677878,3,"[0, 1, 2]"
1820,5,supplementary_operation,1,[5],True,1789,2819492,2821280,1,True,17407.137,17425.647,17407.137,17425.647,18.51,0,0,1788,True,0.0103523489933,0.00292314111708,0.00999999999476,0.0600000000049,96.5964343598,3,"[0, 1, 2]"
1821,0,normal_tightening,1,[0],True,1583,2821281,2822863,1,True,17425.657,17441.477,17425.657,17441.477,15.82,0,0,1582,True,0.01,5.20625146455e-10,0.00999999999476,0.0100000000057,100,2,"[1, 2]"
1822,5,supplementary_operation,1,[5],True,1877,2822864,2824740,1,True,17441.487,17460.257,17441.487,17460.257,18.77,0,0,1876,True,0.0100053304904,0.000230817005283,0.00999999999476,0.0200000000004,99.946723495,3,"[0, 1, 2]"
1823,0,normal_tightening,1,[0],True,1532,2824741,2826272,1,True,17460.267,17475.577,17460.267,17475.577,15.31,0,0,1531,True,0.01,6.48173080155e-10,0.00999999999476,0.0100000000057,100,3,"[0, 1, 2]"
1824,5,supplementary_operation,1,[5],True,1388,2826273,2827660,1,True,17475.587,756.44,742.54,17475.717,16733.177,1,0,1386,False,0.0101226551227,0.00116439129666,0.0099999999984,0.0299999999997,98.7883107626,3,"[0, 1, 2]"
1825,2,extra_component,1,[2],True,1346,2827661,2829006,1,True,756.45,770.03,756.45,770.03,13.58,0,0,1345,True,0.0100966542751,0.00112008859987,0.00999999999976,0.0300000000003,99.0427098675,3,"[0, 1, 2]"
1826,5,supplementary_operation,1,[5],True,1868,2829007,2830874,1,True,770.04,788.76,770.04,788.76,18.72,0,0,1867,True,0.010026780932,0.000611731827979,0.00999999999976,0.0300000000003,99.7329059829,3,"[0, 1, 2]"
1827,0,normal_tightening,1,[0],True,1374,2830875,2832248,1,True,788.77,802.51,788.77,802.51,13.74,0,0,1373,True,0.0100072833212,0.00026977799239,0.00999999999976,0.02,99.9272197962,3,"[0, 1, 2]"
1828,5,supplementary_operation,1,[5],True,1862,2832249,2834110,1,True,802.52,821.13,802.52,821.13,18.61,0,0,1861,True,0.01,1.5044175069e-09,0.00999999999976,0.0100000000003,100,3,"[0, 1, 2]"
1829,0,normal_tightening,1,[0],True,1397,2834111,2835507,1,True,821.14,835.1,821.14,835.1,13.96,0,0,1396,True,0.01,1.2265115223e-09,0.00999999999976,0.0100000000003,100,3,"[0, 1, 2]"
1830,5,supplementary_operation,1,[5],True,1186,2835508,2836693,1,True,4389.003,4400.853,4389.003,4400.853,11.85,0,0,1185,True,0.01,0,0.0099999999984,0.0100000000011,100,3,"[0, 1, 2]"
1831,2,extra_component,1,[2],True,1672,2836694,2838365,1,True,4400.863,4417.573,4400.863,4417.573,16.71,0,0,1671,True,0.01,4.93908380987e-10,0.0099999999984,0.0100000000011,100,2,"[1, 2]"
1832,5,supplementary_operation,1,[5],True,1302,2838366,2839667,1,True,4417.583,4430.593,4417.583,4430.593,13.01,0,0,1301,True,0.01,0,0.0099999999984,0.0100000000011,100,3,"[0, 1, 2]"
1833,1,damaged_screw,1,[1],True,1535,2839668,2841202,1,True,4430.603,4445.943,4430.603,4445.943,15.34,0,0,1534,True,0.01,0,0.0099999999984,0.0100000000011,100,3,"[0, 1, 2]"
1834,5,supplementary_operation,1,[5],True,1239,2841203,2842441,1,True,4445.953,4458.333,4445.953,4458.333,12.38,0,0,1238,True,0.01,0,0.0099999999984,0.0100000000011,100,3,"[0, 1, 2]"
1835,1,damaged_screw,1,[1],True,1398,2842442,2843839,1,True,4458.343,4472.313,4458.343,4472.313,13.97,0,0,1397,True,0.01,0,0.0099999999984,0.0100000000011,100,2,"[1, 2]"
1836,5,supplementary_operation,1,[5],True,1254,2843840,2845093,1,True,4472.323,4484.853,4472.323,4484.853,12.53,0,0,1253,True,0.01,0,0.0099999999984,0.0100000000011,100,3,"[0, 1, 2]"
1837,1,damaged_screw,1,[1],True,1370,2845094,2846463,1,True,4484.863,4498.553,4484.863,4498.553,13.69,0,0,1369,True,0.01,0,0.0099999999984,0.0100000000011,100,3,"[0, 1, 2]"
1838,5,supplementary_operation,1,[5],True,1375,2846464,2847838,1,True,4498.563,4512.333,4498.563,4512.333,13.77,0,0,1374,True,0.0100218340611,0.000602846823576,0.0099999999984,0.0299999999997,99.7821350763,3,"[0, 1, 2]"
1839,1,damaged_screw,1,[1],True,1449,2847839,2849287,1,True,4512.343,4526.973,4512.343,4526.973,14.63,0,0,1448,True,0.0101035911602,0.00208329009046,0.0099999999984,0.0800000000017,98.974709501,3,"[0, 1, 2]"
1840,5,supplementary_operation,1,[5],True,1387,2849288,2850674,1,True,4526.983,4541.063,4526.983,4541.063,14.08,0,0,1386,True,0.0101587301587,0.00227367762258,0.0099999999984,0.0599999999995,98.4375,3,"[0, 1, 2]"
1841,1,damaged_screw,1,[1],True,1289,2850675,2851963,1,True,4541.073,4554.063,4541.073,4554.063,12.99,0,0,1288,True,0.0100854037267,0.00159837980615,0.0099999999984,0.0499999999993,99.1531947652,3,"[0, 1, 2]"
1842,5,supplementary_operation,1,[5],True,1453,2851964,2853416,1,True,4554.073,4568.673,4554.073,4568.673,14.6,0,0,1452,True,0.0100550964187,0.00104828085898,0.0099999999984,0.04,99.4520547945,3,"[0, 1, 2]"
1843,1,damaged_screw,1,[1],True,1323,2853417,2854739,1,True,4568.683,4582.013,4568.683,4582.013,13.33,0,0,1322,True,0.0100832072617,0.0016249862565,0.0099999999984,0.0500000000011,99.1747936984,3,"[0, 1, 2]"
1844,5,supplementary_operation,1,[5],True,1418,2854740,2856157,1,True,4582.023,4596.253,4582.023,4596.253,14.23,0,0,1417,True,0.0100423429781,0.000839001414918,0.0099999999984,0.0299999999997,99.5783555868,3,"[0, 1, 2]"
1845,1,damaged_screw,1,[1],True,1260,2856158,2857417,1,True,4596.263,4609.093,4596.263,4609.093,12.83,0,0,1259,True,0.0101906274821,0.00221092841389,0.0099999999984,0.0500000000002,98.1293842557,2,"[1, 2]"
1846,5,supplementary_operation,1,[5],True,1772,2857418,2859189,1,True,4609.103,4626.863,4609.103,4626.863,17.76,0,0,1771,True,0.0100282326369,0.000628060375489,0.0099999999984,0.0300000000016,99.7184684685,3,"[0, 1, 2]"
1847,1,damaged_screw,1,[1],True,1390,2859190,2860579,1,True,4626.873,4640.853,4626.873,4640.853,13.98,0,0,1389,True,0.0100647948164,0.00195230540032,0.0099999999984,0.079999999999,99.356223176,3,"[0, 1, 2]"
1848,5,supplementary_operation,1,[5],True,1001,2860580,2861580,1,True,4640.863,4650.873,4640.863,4650.873,10.01,0,0,1000,True,0.01001,0.000316069612569,0.0099999999984,0.0199999999995,99.9000999001,3,"[0, 1, 2]"
1849,2,extra_component,1,[2],True,1272,2861581,2862852,1,True,4650.883,4663.593,4650.883,4663.593,12.71,0,0,1271,True,0.01,0,0.0099999999984,0.0100000000011,100,3,"[0, 1, 2]"
1850,5,supplementary_operation,1,[5],True,1835,2862853,2864687,1,True,4663.603,4681.943,4663.603,4681.943,18.34,0,0,1834,True,0.01,7.72211884697e-10,0.0099999999984,0.0100000000011,100,2,"[1, 2]"
1851,1,damaged_screw,1,[1],True,1242,2864688,2865929,1,True,4681.953,4694.363,4681.953,4694.363,12.41,0,0,1241,True,0.01,0,0.0099999999984,0.0100000000011,100,3,"[0, 1, 2]"
1852,5,supplementary_operation,1,[5],True,1791,2865930,2867720,1,True,4694.373,4712.533,4694.373,4712.533,18.16,0,0,1790,True,0.0101452513966,0.00291041614609,0.0099999999984,0.119999999999,98.5682819383,3,"[0, 1, 2]"
1853,1,damaged_screw,1,[1],True,1127,2867721,2868847,1,True,4712.543,4724.023,4712.543,4724.023,11.48,0,0,1126,True,0.0101953818828,0.00237606029165,0.0099999999984,0.0600000000004,98.0836236934,3,"[0, 1, 2]"
1854,5,supplementary_operation,1,[5],True,1756,2868848,2870603,1,True,4724.033,4741.683,4724.033,4741.683,17.65,0,0,1755,True,0.010056980057,0.00111817464047,0.0099999999984,0.0499999999984,99.433427762,3,"[0, 1, 2]"
1855,1,damaged_screw,1,[1],True,1597,2870604,2872200,1,True,4741.693,4757.763,4741.693,4757.763,16.07,0,0,1596,True,0.0100689223058,0.00139197902482,0.0099999999984,0.0500000000002,99.3154947106,2,"[1, 2]"
1856,5,supplementary_operation,1,[5],True,1803,2872201,2874003,1,True,4757.773,4775.913,4757.773,4775.913,18.14,0,0,1802,True,0.0100665926748,0.00124474675916,0.0099999999984,0.0500000000002,99.3384785006,3,"[0, 1, 2]"
1857,1,damaged_screw,1,[1],True,1541,2874004,2875544,1,True,4775.923,4791.533,4775.923,4791.533,15.61,0,0,1540,True,0.0101363636364,0.00191903717003,0.0099999999984,0.0500000000002,98.6547085202,3,"[0, 1, 2]"
1858,5,supplementary_operation,1,[5],True,1776,2875545,2877320,1,True,4791.543,4809.293,4791.543,4809.293,17.75,0,0,1775,True,0.01,6.88722331903e-10,0.0099999999984,0.0100000000011,100,3,"[0, 1, 2]"
1859,1,damaged_screw,1,[1],True,1576,2877321,2878896,1,True,4809.303,4825.053,4809.303,4825.053,15.75,0,0,1575,True,0.01,0,0.0099999999984,0.0100000000011,100,2,"[1, 2]"
1860,5,supplementary_operation,1,[5],True,1774,2878897,2880670,1,True,4825.063,4842.873,4825.063,4842.873,17.81,0,0,1773,True,0.0100451212634,0.00167870278303,0.0099999999984,0.079999999999,99.5508141494,3,"[0, 1, 2]"
1861,1,damaged_screw,1,[1],True,1519,2880671,2882189,1,True,4842.883,4858.063,4842.883,4858.063,15.18,0,0,1518,True,0.01,0,0.0099999999984,0.0100000000011,100,3,"[0, 1, 2]"
1862,5,supplementary_operation,1,[5],True,1797,2882190,2883986,1,True,4858.073,4876.033,4858.073,4876.033,17.96,0,0,1796,True,0.01,7.08126757561e-10,0.0099999999984,0.0100000000011,100,3,"[0, 1, 2]"
1863,1,damaged_screw,1,[1],True,1467,2883987,2885453,1,True,4876.043,4890.703,4876.043,4890.703,14.66,0,0,1466,True,0.01,0,0.0099999999984,0.0100000000011,100,3,"[0, 1, 2]"
1864,5,supplementary_operation,1,[5],True,1363,2885454,2886816,1,True,4890.713,4904.333,4890.713,4904.333,13.62,0,0,1362,True,0.01,0,0.0099999999984,0.0100000000011,100,3,"[0, 1, 2]"
1865,1,damaged_screw,1,[1],True,1659,2886817,2888475,1,True,4904.343,4920.923,4904.343,4920.923,16.58,0,0,1658,True,0.01,4.19741412097e-10,0.0099999999984,0.0100000000011,100,3,"[0, 1, 2]"
1866,5,supplementary_operation,1,[5],True,1417,2888476,2889892,1,True,4920.933,6037.345,4920.933,6037.345,1116.412,0,0,1416,True,0.788426553672,29.280608003,0.00999999999749,1102.222,1.26834896078,3,"[0, 1, 2]"
1867,2,extra_component,1,[2],True,1498,2889893,2891390,1,True,6037.355,6052.325,6037.355,6052.325,14.97,0,0,1497,True,0.01,3.08005990352e-10,0.00999999999749,0.0100000000029,100,3,"[0, 1, 2]"
1868,5,supplementary_operation,1,[5],True,1776,2891391,2893166,1,True,6052.335,6070.165,6052.335,6070.165,17.83,0,0,1775,True,0.0100450704225,0.000749232232841,0.00999999999749,0.0299999999997,99.5513180034,3,"[0, 1, 2]"
1869,1,damaged_screw,1,[1],True,1587,2893167,2894753,1,True,6070.175,6086.075,6070.175,6086.075,15.9,0,0,1586,True,0.010025220681,0.000501568267384,0.00999999999749,0.0200000000013,99.7484276729,3,"[0, 1, 2]"
1870,5,supplementary_operation,1,[5],True,1821,2894754,2896574,1,True,6086.085,6104.335,6086.085,6104.335,18.25,0,0,1820,True,0.0100274725275,0.00061956488347,0.00999999999749,0.0299999999979,99.7260273973,3,"[0, 1, 2]"
1871,1,damaged_screw,1,[1],True,1596,2896575,2898170,1,True,6104.345,6120.295,6104.345,6120.295,15.95,0,0,1595,True,0.01,6.26915694114e-10,0.00999999999749,0.0100000000029,100,3,"[0, 1, 2]"
1872,5,supplementary_operation,1,[5],True,1849,2898171,2900019,1,True,6120.305,6138.785,6120.305,6138.785,18.48,0,0,1848,True,0.01,9.80932937606e-10,0.00999999999749,0.0100000000029,100,3,"[0, 1, 2]"
1873,1,damaged_screw,1,[1],True,1535,2900020,2901554,1,True,6138.795,6154.175,6138.795,6154.175,15.38,0,0,1534,True,0.0100260756193,0.000509976720082,0.00999999999749,0.0200000000004,99.7399219766,3,"[0, 1, 2]"
1874,5,supplementary_operation,1,[5],True,1788,2901555,2903342,1,True,6154.185,6172.145,6154.185,6172.145,17.96,0,0,1787,True,0.0100503637381,0.000851433914683,0.00999999999749,0.0300000000016,99.4988864143,3,"[0, 1, 2]"
1875,1,damaged_screw,1,[1],True,1424,2903343,2904766,1,True,6172.155,6186.395,6172.155,6186.395,14.24,0,0,1423,True,0.0100070274069,0.000264999404579,0.00999999999749,0.0200000000004,99.9297752809,3,"[0, 1, 2]"
1876,5,supplementary_operation,1,[5],True,1758,2904767,2906524,1,True,6186.405,6204.075,6186.405,6204.075,17.67,0,0,1757,True,0.0100569151964,0.000824465291402,0.00999999999749,0.0299999999997,99.4340690436,3,"[0, 1, 2]"
1877,1,damaged_screw,1,[1],True,1527,2906525,2908051,1,True,6204.085,6219.465,6204.085,6219.465,15.38,0,0,1526,True,0.0100786369594,0.000954592803895,0.00999999999749,0.0299999999979,99.2197659298,3,"[0, 1, 2]"
1878,5,supplementary_operation,1,[5],True,1797,2908052,2909848,1,True,6219.475,6237.475,6219.475,6237.475,18,0,0,1796,True,0.0100222717149,0.000471403351648,0.00999999999749,0.0200000000004,99.7777777778,3,"[0, 1, 2]"
1879,1,damaged_screw,1,[1],True,1456,2909849,2911304,1,True,6237.485,6252.055,6237.485,6252.055,14.57,0,0,1455,True,0.0100137457045,0.000370497098969,0.00999999999749,0.0200000000023,99.8627316404,3,"[0, 1, 2]"
1880,5,supplementary_operation,1,[5],True,1436,2911305,2912740,1,True,6252.065,6266.475,6252.065,6266.475,14.41,0,0,1435,True,0.0100418118467,0.000645267569627,0.00999999999749,0.0200000000023,99.5836224844,3,"[0, 1, 2]"
1881,3,missing_screw,1,[3],True,1326,2912741,2914066,1,True,6266.485,6279.735,6266.485,6279.735,13.25,0,0,1325,True,0.01,0,0.00999999999749,0.0100000000029,100,3,"[0, 1, 2]"
1882,5,supplementary_operation,1,[5],True,1785,2914067,2915851,1,True,6279.745,6297.595,6279.745,6297.595,17.85,0,0,1784,True,0.0100056053812,0.000236690496993,0.00999999999749,0.0200000000004,99.943977591,3,"[0, 1, 2]"
1883,1,damaged_screw,1,[1],True,1464,2915852,2917315,1,True,6297.605,6312.235,6297.605,6312.235,14.63,0,0,1463,True,0.01,0,0.00999999999749,0.0100000000029,100,3,"[0, 1, 2]"
1884,5,supplementary_operation,1,[5],True,1013,2917316,2918328,1,True,6312.245,6322.365,6312.245,6322.365,10.12,0,0,1012,True,0.01,0,0.00999999999749,0.0100000000029,100,3,"[0, 1, 2]"
1885,2,extra_component,1,[2],True,1484,2918329,2919812,1,True,6322.375,6337.215,6322.375,6337.215,14.84,0,0,1483,True,0.0100067430883,0.000259587006797,0.00999999999749,0.0199999999995,99.9326145553,3,"[0, 1, 2]"
1886,5,supplementary_operation,1,[5],True,1846,2919813,2921658,1,True,6337.225,6355.675,6337.225,6355.675,18.45,0,0,1845,True,0.01,9.67018290297e-10,0.00999999999749,0.0100000000029,100,3,"[0, 1, 2]"
1887,0,normal_tightening,1,[0],True,1368,2921659,2923026,1,True,6355.685,6369.355,6355.685,6369.355,13.67,0,0,1367,True,0.01,0,0.00999999999749,0.0100000000029,100,3,"[0, 1, 2]"
1888,5,supplementary_operation,1,[5],True,1826,2923027,2924852,1,True,6369.365,6387.615,6369.365,6387.615,18.25,0,0,1825,True,0.01,9.4576254541e-10,0.00999999999749,0.0100000000029,100,2,"[1, 2]"
1889,0,normal_tightening,1,[0],True,1400,2924853,2926252,1,True,6387.625,6401.625,6387.625,6401.625,14,0,0,1399,True,0.0100071479628,0.000267261173599,0.00999999999749,0.0199999999986,99.9285714286,3,"[0, 1, 2]"
1890,5,supplementary_operation,1,[5],True,1394,2926253,2927646,1,True,6401.635,6415.565,6401.635,6415.565,13.93,0,0,1393,True,0.01,0,0.00999999999749,0.0100000000029,100,3,"[0, 1, 2]"
1891,0,normal_tightening,1,[0],True,1398,2927647,2929044,1,True,6415.575,6429.555,6415.575,6429.555,13.98,0,0,1397,True,0.0100071581961,0.000267452279095,0.00999999999749,0.0200000000013,99.9284692418,3,"[0, 1, 2]"
1892,5,supplementary_operation,1,[5],True,1383,2929045,2930427,1,True,6429.565,6443.385,6429.565,6443.385,13.82,0,0,1382,True,0.01,0,0.00999999999749,0.0100000000029,100,2,"[1, 2]"
1893,0,normal_tightening,1,[0],True,1512,2930428,2931939,1,True,6443.395,6458.505,6443.395,6458.505,15.11,0,0,1511,True,0.01,3.86105942348e-10,0.00999999999749,0.0100000000029,100,2,"[1, 2]"
1894,5,supplementary_operation,1,[5],True,1406,2931940,2933345,1,True,6458.515,6472.565,6458.515,6472.565,14.05,0,0,1405,True,0.01,0,0.00999999999749,0.0100000000029,100,3,"[0, 1, 2]"
1895,0,normal_tightening,1,[0],True,1418,2933346,2934763,1,True,6472.575,6486.745,6472.575,6486.745,14.17,0,0,1417,True,0.01,0,0.00999999999749,0.0100000000029,100,3,"[0, 1, 2]"
1896,5,supplementary_operation,1,[5],True,1359,2934764,2936122,1,True,6486.755,6500.335,6486.755,6500.335,13.58,0,0,1358,True,0.01,0,0.00999999999749,0.0100000000029,100,3,"[0, 1, 2]"
1897,0,normal_tightening,1,[0],True,1553,2936123,2937675,1,True,6500.345,6515.865,6500.345,6515.865,15.52,0,0,1552,True,0.01,5.07442623323e-10,0.00999999999749,0.0100000000029,100,3,"[0, 1, 2]"
1898,5,supplementary_operation,1,[5],True,1351,2937676,2939026,1,True,6515.875,6529.375,6515.875,6529.375,13.5,0,0,1350,True,0.01,0,0.00999999999749,0.0100000000029,100,3,"[0, 1, 2]"
1899,0,normal_tightening,1,[0],True,1485,2939027,2940511,1,True,6529.385,6544.225,6529.385,6544.225,14.84,0,0,1484,True,0.01,2.01637252184e-10,0.00999999999749,0.0100000000029,100,2,"[1, 2]"
1900,5,supplementary_operation,1,[5],True,1302,2940512,2941813,1,True,6544.235,6557.245,6544.235,6557.245,13.01,0,0,1301,True,0.01,0,0.00999999999749,0.0100000000029,100,3,"[0, 1, 2]"
1901,0,normal_tightening,1,[0],True,1472,2941814,2943285,1,True,6557.255,6571.965,6557.255,6571.965,14.71,0,0,1471,True,0.01,1.64636126996e-10,0.00999999999749,0.0100000000029,100,3,"[0, 1, 2]"
1902,5,supplementary_operation,1,[5],True,1042,2943286,2944327,1,True,6571.975,6582.425,6571.975,6582.425,10.45,0,0,1041,True,0.0100384245917,0.00097935608653,0.00999999999749,0.04,99.6172248804,3,"[0, 1, 2]"
1903,2,extra_component,1,[2],True,1052,2944328,2945379,1,True,6582.435,6592.945,6582.435,6592.945,10.51,0,0,1051,True,0.01,0,0.00999999999749,0.0100000000029,100,3,"[0, 1, 2]"
1904,5,supplementary_operation,1,[5],True,1445,2945380,2946824,1,True,6592.955,6607.395,6592.955,6607.395,14.44,0,0,1444,True,0.01,0,0.00999999999749,0.0100000000029,100,3,"[0, 1, 2]"
1905,0,normal_tightening,1,[0],True,1450,2946825,2948274,1,True,6607.405,6621.895,6607.405,6621.895,14.49,0,0,1449,True,0.01,0,0.00999999999749,0.0100000000029,100,3,"[0, 1, 2]"
1906,5,supplementary_operation,1,[5],True,1853,2948275,2950127,1,True,6621.905,6640.425,6621.905,6640.425,18.52,0,0,1852,True,0.01,9.87816761974e-10,0.00999999999749,0.0100000000029,100,3,"[0, 1, 2]"
1907,0,normal_tightening,1,[0],True,1281,2950128,2951408,1,True,6640.435,6653.235,6640.435,6653.235,12.8,0,0,1280,True,0.01,0,0.00999999999749,0.0100000000029,100,3,"[0, 1, 2]"
1908,5,supplementary_operation,1,[5],True,1839,2951409,2953247,1,True,6653.245,6671.625,6653.245,6671.625,18.38,0,0,1838,True,0.01,9.59985336665e-10,0.00999999999749,0.0100000000029,100,3,"[0, 1, 2]"
1909,0,normal_tightening,1,[0],True,1295,2953248,2954542,1,True,6671.635,6684.575,6671.635,6684.575,12.94,0,0,1294,True,0.01,0,0.00999999999749,0.0100000000029,100,3,"[0, 1, 2]"
1910,5,supplementary_operation,1,[5],True,1870,2954543,2956412,1,True,6684.585,6703.275,6684.585,6703.275,18.69,0,0,1869,True,0.01,9.94652945702e-10,0.00999999999749,0.0100000000029,100,3,"[0, 1, 2]"
1911,0,normal_tightening,1,[0],True,1223,2956413,2957635,1,True,6703.285,6715.505,6703.285,6715.505,12.22,0,0,1222,True,0.01,0,0.00999999999749,0.0100000000029,100,3,"[0, 1, 2]"
1912,5,supplementary_operation,1,[5],True,1844,2957636,2959479,1,True,6715.515,6733.945,6715.515,6733.945,18.43,0,0,1843,True,0.01,9.67018290297e-10,0.00999999999749,0.0100000000029,100,3,"[0, 1, 2]"
1913,0,normal_tightening,1,[0],True,1545,2959480,2961024,1,True,6733.955,6749.395,6733.955,6749.395,15.44,0,0,1544,True,0.01,4.93908380987e-10,0.00999999999749,0.0100000000029,100,2,"[1, 2]"
1914,5,supplementary_operation,1,[5],True,1854,2961025,2962878,1,True,6749.405,6767.935,6749.405,6767.935,18.53,0,0,1853,True,0.01,9.74000462487e-10,0.00999999999749,0.0100000000029,100,2,"[1, 2]"
1915,0,normal_tightening,1,[0],True,1560,2962879,2964438,1,True,6767.945,6783.535,6767.945,6783.535,15.59,0,0,1559,True,0.01,5.20625146455e-10,0.00999999999749,0.0100000000029,100,3,"[0, 1, 2]"
1916,5,supplementary_operation,1,[5],True,1854,2964439,2966292,1,True,6783.545,6802.075,6783.545,6802.075,18.53,0,0,1853,True,0.01,9.67018290297e-10,0.00999999999749,0.0100000000029,100,3,"[0, 1, 2]"
1917,0,normal_tightening,1,[0],True,1693,2966293,2967985,1,True,6802.085,6819.005,6802.085,6819.005,16.92,0,0,1692,True,0.01,7.72211884697e-10,0.00999999999749,0.0100000000029,100,3,"[0, 1, 2]"
1918,5,supplementary_operation,1,[5],True,1809,2967986,2969794,1,True,6819.015,6837.105,6819.015,6837.105,18.09,0,0,1808,True,0.0100055309735,0.000235115169335,0.00999999999749,0.0200000000004,99.9447208402,3,"[0, 1, 2]"
1919,0,normal_tightening,1,[0],True,1519,2969795,2971313,1,True,6837.115,6852.295,6837.115,6852.295,15.18,0,0,1518,True,0.01,3.68137571515e-10,0.00999999999749,0.0100000000029,100,3,"[0, 1, 2]"
1920,5,supplementary_operation,1,[5],True,1107,2971314,2972420,1,True,6852.305,6863.375,6852.305,6863.375,11.07,0,0,1106,True,0.0100090415913,0.000300556422021,0.00999999999749,0.0199999999995,99.9096657633,2,"[1, 2]"
1921,2,extra_component,1,[2],True,1553,2972421,2973973,1,True,6863.385,6878.905,6863.385,6878.905,15.52,0,0,1552,True,0.01,4.35586248847e-10,0.00999999999749,0.0100000000029,100,3,"[0, 1, 2]"
1922,5,supplementary_operation,1,[5],True,1786,2973974,2975759,1,True,6878.915,6896.775,6878.915,6896.775,17.86,0,0,1785,True,0.0100056022409,0.00023662422502,0.00999999999749,0.0200000000004,99.9440089586,3,"[0, 1, 2]"
1923,0,normal_tightening,1,[0],True,1566,2975760,2977325,1,True,6896.785,6912.435,6896.785,6912.435,15.65,0,0,1565,True,0.01,4.79992668333e-10,0.00999999999749,0.0100000000029,100,3,"[0, 1, 2]"
1924,5,supplementary_operation,1,[5],True,1820,2977326,2979145,1,True,6912.445,6930.635,6912.445,6930.635,18.19,0,0,1819,True,0.01,9.16655160721e-10,0.00999999999749,0.0100000000029,100,3,"[0, 1, 2]"
1925,0,normal_tightening,1,[0],True,1524,2979146,2980669,1,True,6930.645,6945.875,6930.645,6945.875,15.23,0,0,1523,True,0.01,3.29272253991e-10,0.00999999999749,0.0100000000029,100,3,"[0, 1, 2]"
1926,5,supplementary_operation,1,[5],True,1815,2980670,2982484,1,True,6945.885,6964.075,6945.885,6964.075,18.19,0,0,1814,True,0.0100275633958,0.000703833349524,0.00999999999749,0.0300000000025,99.7251236943,3,"[0, 1, 2]"
1927,0,normal_tightening,1,[0],True,1526,2982485,2984010,1,True,6964.085,6979.365,6964.085,6979.365,15.28,0,0,1525,True,0.0100196721311,0.000572260307694,0.00999999999749,0.0300000000007,99.8036649215,3,"[0, 1, 2]"
1928,5,supplementary_operation,1,[5],True,1868,2984011,2985878,1,True,6979.375,6998.045,6979.375,6998.045,18.67,0,0,1867,True,0.01,9.74000462487e-10,0.00999999999749,0.0100000000029,100,3,"[0, 1, 2]"
1929,0,normal_tightening,1,[0],True,1523,2985879,2987401,1,True,6998.055,7013.295,6998.055,7013.295,15.24,0,0,1522,True,0.0100131406045,0.000362261465265,0.00999999999749,0.0200000000013,99.8687664042,2,"[1, 2]"
1930,5,supplementary_operation,1,[5],True,1764,2987402,2989165,1,True,7013.305,7030.935,7013.305,7030.935,17.63,0,0,1763,True,0.01,8.63359133608e-10,0.00999999999749,0.0100000000029,100,3,"[0, 1, 2]"
1931,0,normal_tightening,1,[0],True,1498,2989166,2990663,1,True,7030.945,7045.925,7030.945,7045.925,14.98,0,0,1497,True,0.0100066800267,0.000258371137053,0.00999999999749,0.0200000000013,99.9332443258,3,"[0, 1, 2]"
1932,5,supplementary_operation,1,[5],True,1821,2990664,2992484,1,True,7045.935,7064.135,7045.935,7064.135,18.2,0,0,1820,True,0.01,9.16655160721e-10,0.00999999999749,0.0100000000029,100,3,"[0, 1, 2]"
1933,0,normal_tightening,1,[0],True,1525,2992485,2994009,1,True,7064.145,7079.385,7064.145,7079.385,15.24,0,0,1524,True,0.01,3.68137571515e-10,0.00999999999749,0.0100000000029,100,3,"[0, 1, 2]"
1934,5,supplementary_operation,1,[5],True,1823,2994010,2995832,1,True,7079.395,7097.635,7079.395,7097.635,18.24,0,0,1822,True,0.0100109769484,0.00033113288977,0.00999999999749,0.0200000000004,99.8903508772,3,"[0, 1, 2]"
1935,0,normal_tightening,1,[0],True,1523,2995833,2997355,1,True,7097.645,7112.865,7097.645,7112.865,15.22,0,0,1522,True,0.01,3.49245965481e-10,0.00999999999749,0.0100000000029,100,2,"[1, 2]"
1936,5,supplementary_operation,1,[5],True,1810,2997356,2999165,1,True,7112.875,7130.965,7112.875,7130.965,18.09,0,0,1809,True,0.01,9.01749205358e-10,0.00999999999749,0.0100000000029,100,3,"[0, 1, 2]"
1937,0,normal_tightening,1,[0],True,1378,2999166,3000543,1,True,7130.975,7144.745,7130.975,7144.745,13.77,0,0,1377,True,0.01,0,0.00999999999749,0.0100000000029,100,3,"[0, 1, 2]"
1938,5,supplementary_operation,1,[5],True,1031,3000544,3001574,1,True,7144.755,7155.055,7144.755,7155.055,10.3,0,0,1030,True,0.01,0,0.00999999999749,0.0100000000029,100,3,"[0, 1, 2]"
1939,2,extra_component,1,[2],True,1245,3001575,3002819,1,True,7155.065,7167.505,7155.065,7167.505,12.44,0,0,1244,True,0.01,0,0.00999999999749,0.0100000000029,100,3,"[0, 1, 2]"
1940,5,supplementary_operation,1,[5],True,1856,3002820,3004675,1,True,7167.515,7186.065,7167.515,7186.065,18.55,0,0,1855,True,0.01,9.59985336665e-10,0.00999999999749,0.0100000000029,100,3,"[0, 1, 2]"
1941,0,normal_tightening,1,[0],True,1398,3004676,3006073,1,True,7186.075,7200.045,7186.075,7200.045,13.97,0,0,1397,True,0.01,0,0.00999999999749,0.0100000000029,100,3,"[0, 1, 2]"
1942,5,supplementary_operation,1,[5],True,1384,3006074,3007457,1,True,7200.055,7213.885,7200.055,7213.885,13.83,0,0,1383,True,0.01,0,0.00999999999749,0.0100000000029,100,2,"[1, 2]"
1943,0,normal_tightening,1,[0],True,1417,3007458,3008874,1,True,7213.895,7228.055,7213.895,7228.055,14.16,0,0,1416,True,0.01,0,0.00999999999749,0.010000000002,100,2,"[1, 2]"
1944,5,supplementary_operation,1,[5],True,1339,3008875,3010213,1,True,7228.065,7241.445,7228.065,7241.445,13.38,0,0,1338,True,0.01,0,0.00999999999749,0.010000000002,100,3,"[0, 1, 2]"
1945,0,normal_tightening,1,[0],True,1349,3010214,3011562,1,True,7241.455,7254.985,7241.455,7254.985,13.53,0,0,1348,True,0.0100370919881,0.000719661043947,0.00999999999749,0.0299999999997,99.63045085,3,"[0, 1, 2]"
1946,5,supplementary_operation,1,[5],True,1373,3011563,3012935,1,True,7254.995,7268.715,7254.995,7268.715,13.72,0,0,1372,True,0.01,0,0.00999999999749,0.010000000002,100,3,"[0, 1, 2]"
1947,0,normal_tightening,1,[0],True,1414,3012936,3014349,1,True,7268.725,7282.855,7268.725,7282.855,14.13,0,0,1413,True,0.01,0,0.00999999999749,0.010000000002,100,3,"[0, 1, 2]"
1948,5,supplementary_operation,1,[5],True,1387,3014350,3015736,1,True,7282.865,7296.765,7282.865,7296.765,13.9,0,0,1386,True,0.0100288600289,0.000657318439958,0.00999999999749,0.0299999999979,99.7122302158,3,"[0, 1, 2]"
1949,0,normal_tightening,1,[0],True,1309,3015737,3017045,1,True,7296.775,7309.975,7296.775,7309.975,13.2,0,0,1308,True,0.0100917431193,0.00195300106746,0.00999999999749,0.0699999999997,99.0909090909,3,"[0, 1, 2]"
1950,5,supplementary_operation,1,[5],True,1506,3017046,3018551,1,True,7309.985,7325.035,7309.985,7325.035,15.05,0,0,1505,True,0.01,0,0.00999999999749,0.010000000002,100,3,"[0, 1, 2]"
1951,0,normal_tightening,1,[0],True,1306,3018552,3019857,1,True,7325.045,7338.095,7325.045,7338.095,13.05,0,0,1305,True,0.01,0,0.00999999999749,0.010000000002,100,3,"[0, 1, 2]"
1952,5,supplementary_operation,1,[5],True,1860,3019858,3021717,1,True,7338.105,7356.705,7338.105,7356.705,18.6,0,0,1859,True,0.0100053792361,0.000231869414323,0.00999999999749,0.0199999999995,99.9462365591,3,"[0, 1, 2]"
1953,0,normal_tightening,1,[0],True,1407,3021718,3023124,1,True,7356.715,7370.855,7356.715,7370.855,14.14,0,0,1406,True,0.0100568990043,0.00106524297165,0.00999999999749,0.04,99.4342291372,3,"[0, 1, 2]"
1954,5,supplementary_operation,1,[5],True,1810,3023125,3024934,1,True,7370.865,7389.075,7370.865,7389.075,18.21,0,0,1809,True,0.0100663349917,0.00155816645398,0.00999999999749,0.0600000000022,99.3410214168,2,"[1, 2]"
1955,0,normal_tightening,1,[0],True,1326,3024935,3026260,1,True,7389.085,7402.335,7389.085,7402.335,13.25,0,0,1325,True,0.01,0,0.00999999999749,0.010000000002,100,3,"[0, 1, 2]"
1956,5,supplementary_operation,1,[5],True,937,3026261,3027197,1,True,7402.345,7411.705,7402.345,7411.705,9.36,0,0,936,True,0.01,0,0.00999999999749,0.010000000002,100,3,"[0, 1, 2]"
1957,2,extra_component,1,[2],True,1400,3027198,3028597,1,True,7411.715,7425.795,7411.715,7425.795,14.08,0,0,1399,True,0.0100643316655,0.000884385293986,0.00999999999749,0.0300000000025,99.3607954545,3,"[0, 1, 2]"
1958,5,supplementary_operation,1,[5],True,1812,3028598,3030409,1,True,7425.805,7443.915,7425.805,7443.915,18.11,0,0,1811,True,0.01,7.45421768799e-10,0.00999999999749,0.010000000002,100,3,"[0, 1, 2]"
1959,0,normal_tightening,1,[0],True,1572,3030410,3031981,1,True,7443.925,7459.635,7443.925,7459.635,15.71,0,0,1571,True,0.01,0,0.00999999999749,0.010000000002,100,3,"[0, 1, 2]"
1960,5,supplementary_operation,1,[5],True,1462,3031982,3033443,1,True,7459.645,7474.255,7459.645,7474.255,14.61,0,0,1461,True,0.01,0,0.00999999999749,0.010000000002,100,3,"[0, 1, 2]"
1961,3,missing_screw,1,[3],True,1274,3033444,3034717,1,True,7474.265,7487.075,7474.265,7487.075,12.81,0,0,1273,True,0.0100628436764,0.00224132656718,0.00999999999749,0.0900000000001,99.3754879001,3,"[0, 1, 2]"
1962,5,supplementary_operation,1,[5],True,1808,3034718,3036525,1,True,7487.085,7505.165,7487.085,7505.165,18.08,0,0,1807,True,0.0100055340343,0.000235180181031,0.00999999999749,0.0199999999977,99.9446902655,2,"[1, 2]"
1963,0,normal_tightening,1,[0],True,1697,3036526,3038222,1,True,7505.175,7522.135,7505.175,7522.135,16.96,0,0,1696,True,0.01,5.46036260182e-10,0.00999999999749,0.010000000002,100,3,"[0, 1, 2]"
1964,5,supplementary_operation,1,[5],True,1791,3038223,3040013,1,True,7522.145,7540.095,7522.145,7540.095,17.95,0,0,1790,True,0.0100279329609,0.000527777754968,0.00999999999749,0.0200000000023,99.721448468,3,"[0, 1, 2]"
1965,0,normal_tightening,1,[0],True,1700,3040014,3041713,1,True,7540.105,7557.125,7540.105,7557.125,17.02,0,0,1699,True,0.0100176574456,0.000542198279095,0.00999999999749,0.0299999999997,99.8237367803,2,"[1, 2]"
1966,5,supplementary_operation,1,[5],True,1856,3041714,3043569,1,True,7557.135,7575.685,7557.135,7575.685,18.55,0,0,1855,True,0.01,8.23180634978e-10,0.00999999999749,0.010000000002,100,3,"[0, 1, 2]"
1967,0,normal_tightening,1,[0],True,1559,3043570,3045128,1,True,7575.695,7591.285,7575.695,7591.285,15.59,0,0,1558,True,0.0100064184852,0.000253265977635,0.00999999999749,0.0200000000004,99.9358563182,2,"[1, 2]"
1968,5,supplementary_operation,1,[5],True,1456,3045129,3046584,1,True,7591.295,7605.865,7591.295,7605.865,14.57,0,0,1455,True,0.0100137457045,0.000370497098884,0.00999999999749,0.0200000000023,99.8627316404,3,"[0, 1, 2]"
1969,0,normal_tightening,1,[0],True,1361,3046585,3047945,1,True,7605.875,7619.535,7605.875,7619.535,13.66,0,0,1360,True,0.0100441176471,0.00101363967856,0.00999999999749,0.04,99.560761347,3,"[0, 1, 2]"
1970,5,supplementary_operation,1,[5],True,1407,3047946,3049352,1,True,7619.545,7633.695,7619.545,7633.695,14.15,0,0,1406,True,0.0100640113798,0.000882192638765,0.00999999999749,0.0299999999997,99.3639575972,3,"[0, 1, 2]"
1971,3,missing_screw,1,[3],True,1254,3049353,3050606,1,True,7633.705,7646.325,7633.705,7646.325,12.62,0,0,1253,True,0.0100718276137,0.00116257671087,0.00999999999749,0.04,99.2868462758,3,"[0, 1, 2]"
1972,5,supplementary_operation,1,[5],True,1446,3050607,3052052,1,True,7646.335,7660.805,7646.335,7660.805,14.47,0,0,1445,True,0.0100138408304,0.00052595155711,0.00999999999749,0.0300000000007,99.8617829993,2,"[1, 2]"
1973,3,missing_screw,1,[3],True,1209,3052053,3053261,1,True,7660.815,7672.955,7660.815,7672.955,12.14,0,0,1208,True,0.0100496688742,0.000812271296229,0.00999999999749,0.0300000000025,99.5057660626,3,"[0, 1, 2]"
1974,5,supplementary_operation,1,[5],True,1014,3053262,3054275,1,True,7672.965,7683.155,7672.965,7683.155,10.19,0,0,1013,True,0.0100592300099,0.000886693448083,0.00999999999749,0.0299999999997,99.4111874386,2,"[1, 2]"
1975,2,extra_component,1,[2],True,1507,3054276,3055782,1,True,7683.165,7698.275,7683.165,7698.275,15.11,0,0,1506,True,0.0100332005312,0.000575241720327,0.00999999999749,0.0200000000023,99.6690933157,3,"[0, 1, 2]"
1976,5,supplementary_operation,1,[5],True,1853,3055783,3057635,1,True,7698.285,7717.075,7698.285,7717.075,18.79,0,0,1852,True,0.0101457883369,0.00174828474241,0.00999999999749,0.0400000000009,98.5630654604,2,"[1, 2]"
1977,0,normal_tightening,1,[0],True,1501,3057636,3059136,1,True,7717.085,7732.125,7717.085,7732.125,15.04,0,0,1500,True,0.0100266666667,0.000631893099251,0.00999999999749,0.0299999999997,99.7340425532,3,"[0, 1, 2]"
1978,5,supplementary_operation,1,[5],True,1850,3059137,3060986,1,True,7732.135,7750.745,7732.135,7750.745,18.61,0,0,1849,True,0.0100648999459,0.000867729239284,0.00999999999749,0.0299999999997,99.3551853842,3,"[0, 1, 2]"
1979,0,normal_tightening,1,[0],True,1358,3060987,3062344,1,True,7750.755,7764.435,7750.755,7764.435,13.68,0,0,1357,True,0.0100810611643,0.000975409998935,0.00999999999749,0.0299999999979,99.1959064328,2,"[1, 2]"
1980,5,supplementary_operation,1,[5],True,1825,3062345,3064169,1,True,7764.445,7782.705,7764.445,7782.705,18.26,0,0,1824,True,0.0100109649123,0.00033095149721,0.00999999999749,0.0200000000023,99.8904709748,3,"[0, 1, 2]"
1981,0,normal_tightening,1,[0],True,1377,3064170,3065546,1,True,7782.715,7796.475,7782.715,7796.475,13.76,0,0,1376,True,0.01,0,0.00999999999749,0.010000000002,100,2,"[1, 2]"
1982,5,supplementary_operation,1,[5],True,2372,3065547,3067918,1,True,7796.485,8668.952,7796.485,8668.952,872.467,0,0,2371,True,0.367974272459,17.422821077,0.00999999999749,848.557,2.71758129534,3,"[0, 1, 2]"
1983,0,normal_tightening,1,[0],True,1339,3067919,3069257,1,True,8668.962,8682.512,8668.962,8682.512,13.55,0,0,1338,True,0.0101270553064,0.00118485730976,0.0099999999984,0.0300000000007,98.7453874539,3,"[0, 1, 2]"
1984,5,supplementary_operation,1,[5],True,1778,3069258,3071035,1,True,8682.522,8700.902,8682.522,8700.902,18.38,0,0,1777,True,0.0103432751829,0.00260843639501,0.0099999999984,0.0900000000001,96.6811751904,2,"[1, 2]"
1985,0,normal_tightening,1,[0],True,1362,3071036,3072397,1,True,8700.912,8714.692,8700.912,8714.692,13.78,0,0,1361,True,0.0101249081558,0.00111062122717,0.0099999999984,0.0200000000004,98.7663280116,2,"[1, 2]"
1986,5,supplementary_operation,1,[5],True,1804,3072398,3074201,1,True,8714.702,8733.092,8714.702,8733.092,18.39,0,0,1803,True,0.0101996672213,0.00139885853954,0.0099999999984,0.0200000000004,98.0424143556,3,"[0, 1, 2]"
1987,0,normal_tightening,1,[0],True,1328,3074202,3075529,1,True,8733.102,8746.552,8733.102,8746.552,13.45,0,0,1327,True,0.0101356443105,0.00122014737891,0.0099999999984,0.0299999999988,98.6617100372,3,"[0, 1, 2]"
1988,5,supplementary_operation,1,[5],True,1767,3075530,3077296,1,True,8746.562,8765.122,8746.562,8765.122,18.56,0,0,1766,True,0.0105096262741,0.00306048282572,0.0099999999984,0.0600000000013,95.150862069,3,"[0, 1, 2]"
1989,0,normal_tightening,1,[0],True,1251,3077297,3078547,1,True,8765.132,8777.832,8765.132,8777.832,12.7,0,0,1250,True,0.01016,0.00164146276232,0.0099999999984,0.0400000000009,98.4251968504,3,"[0, 1, 2]"
1990,5,supplementary_operation,1,[5],True,1815,3078548,3080362,1,True,8777.842,8796.562,8777.842,8796.562,18.72,0,0,1814,True,0.0103197353914,0.00227814426126,0.0099999999984,0.0499999999993,96.9017094017,3,"[0, 1, 2]"
1991,0,normal_tightening,1,[0],True,1315,3080363,3081677,1,True,8796.572,8809.862,8796.572,8809.862,13.29,0,0,1314,True,0.0101141552511,0.0010623187328,0.0099999999984,0.0200000000004,98.8713318284,2,"[1, 2]"
1992,5,supplementary_operation,1,[5],True,1045,3081678,3082722,1,True,8809.872,8820.312,8809.872,8820.312,10.44,0,0,1044,True,0.01,0,0.0099999999984,0.0100000000002,100,3,"[0, 1, 2]"
1993,2,extra_component,1,[2],True,1665,3082723,3084387,1,True,8820.322,8836.972,8820.322,8836.972,16.65,0,0,1664,True,0.0100060096154,0.000245071496411,0.0099999999984,0.0199999999986,99.9399399399,3,"[0, 1, 2]"
1994,5,supplementary_operation,1,[5],True,1863,3084388,3086250,1,True,8836.982,8855.762,8836.982,8855.762,18.78,0,0,1862,True,0.0100859291085,0.00173208977406,0.0099999999984,0.0700000000015,99.148029819,3,"[0, 1, 2]"
1995,0,normal_tightening,1,[0],True,1564,3086251,3087814,1,True,8855.772,8871.922,8855.772,8871.922,16.15,0,0,1563,True,0.0103326935381,0.00253282978465,0.0099999999984,0.0500000000011,96.7801857585,3,"[0, 1, 2]"
1996,5,supplementary_operation,1,[5],True,1433,3087815,3089247,1,True,8871.932,8886.362,8871.932,8886.362,14.43,0,0,1432,True,0.0100768156425,0.00126500775037,0.0099999999984,0.0400000000009,99.2376992377,3,"[0, 1, 2]"
1997,3,missing_screw,1,[3],True,1267,3089248,3090514,1,True,8886.372,8899.452,8886.372,8899.452,13.08,0,0,1266,True,0.0103317535545,0.00239481131901,0.0099999999984,0.0499999999993,96.7889908257,3,"[0, 1, 2]"
1998,5,supplementary_operation,1,[5],True,1404,3090515,3091918,1,True,8899.462,8913.652,8899.462,8913.652,14.19,0,0,1403,True,0.01011404134,0.00112692486338,0.0099999999984,0.0300000000007,98.8724453841,3,"[0, 1, 2]"
1999,3,missing_screw,1,[3],True,1241,3091919,3093159,1,True,8913.662,8926.382,8913.662,8926.382,12.72,0,0,1240,True,0.0102580645161,0.0020708069478,0.0099999999984,0.0499999999993,97.4842767296,3,"[0, 1, 2]"
2000,5,supplementary_operation,1,[5],True,1846,3093160,3095005,1,True,8926.392,8944.862,8926.392,8944.862,18.47,0,0,1845,True,0.0100108401084,0.000329064698914,0.0099999999984,0.0200000000004,99.8917162967,3,"[0, 1, 2]"
2001,0,normal_tightening,1,[0],True,1503,3095006,3096508,1,True,8944.872,8960.142,8944.872,8960.142,15.27,0,0,1502,True,0.0101664447403,0.00142695862895,0.0099999999984,0.0399999999991,98.3628028815,3,"[0, 1, 2]"
2002,5,supplementary_operation,1,[5],True,1859,3096509,3098367,1,True,8960.152,8978.892,8960.152,8978.892,18.74,0,0,1858,True,0.0100861141012,0.00122457385742,0.0099999999984,0.0400000000009,99.1462113127,3,"[0, 1, 2]"
2003,0,normal_tightening,1,[0],True,1539,3098368,3099906,1,True,8978.902,8994.462,8978.902,8994.462,15.56,0,0,1538,True,0.0101170351105,0.00179924375099,0.0099999999984,0.0599999999995,98.8431876607,3,"[0, 1, 2]"
2004,5,supplementary_operation,1,[5],True,1836,3099907,3101742,1,True,8994.472,9013.072,8994.472,9013.072,18.6,0,0,1835,True,0.010136239782,0.00148854665592,0.0099999999984,0.0400000000009,98.6559139785,3,"[0, 1, 2]"
2005,0,normal_tightening,1,[0],True,1410,3101743,3103152,1,True,9013.082,9027.982,9013.082,9027.982,14.9,0,0,1409,True,0.0105748757984,0.00424868790361,0.0099999999984,0.0799999999999,94.5637583893,3,"[0, 1, 2]"
2006,5,supplementary_operation,1,[5],True,1826,3103153,3104978,1,True,9027.992,9046.752,9027.992,9046.752,18.76,0,0,1825,True,0.0102794520548,0.00260215710853,0.0099999999984,0.0799999999999,97.2814498934,3,"[0, 1, 2]"
2007,0,normal_tightening,1,[0],True,1326,3104979,3106304,1,True,9046.762,9060.372,9046.762,9060.372,13.61,0,0,1325,True,0.0102716981132,0.00241101069845,0.0099999999984,0.0499999999993,97.3548861131,3,"[0, 1, 2]"
2008,5,supplementary_operation,1,[5],True,1760,3106305,3108064,1,True,9060.382,9078.602,9060.382,9078.602,18.22,0,0,1759,True,0.0103581580443,0.00294678599763,0.0099999999984,0.0700000000015,96.5422612514,3,"[0, 1, 2]"
2009,0,normal_tightening,1,[0],True,1315,3108065,3109379,1,True,9078.612,9092.172,9078.612,9092.172,13.56,0,0,1314,True,0.0103196347032,0.00274010651846,0.0099999999984,0.0599999999995,96.9026548672,3,"[0, 1, 2]"
2010,5,supplementary_operation,1,[5],True,993,3109380,3110372,1,True,9092.182,9102.622,9092.182,9102.622,10.44,0,0,992,True,0.0105241935484,0.00387914961931,0.0099999999984,0.0799999999999,95.0191570881,3,"[0, 1, 2]"
2011,2,extra_component,1,[2],True,1527,3110373,3111899,1,True,9102.632,9118.482,9102.632,9118.482,15.85,0,0,1526,True,0.0103866317169,0.00259446523588,0.0099999999984,0.0400000000009,96.2776025237,3,"[0, 1, 2]"
2012,5,supplementary_operation,1,[5],True,1773,3111900,3113672,1,True,16282.077,16299.797,16282.077,16299.797,17.72,0,0,1772,True,0.01,9.09232729569e-10,0.0099999999984,0.010000000002,100,2,"[1, 2]"
2013,1,damaged_screw,1,[1],True,1688,3113673,3115360,1,True,16299.807,16316.697,16299.807,16316.697,16.89,0,0,1687,True,0.0100118553646,0.000350934811162,0.00799999999981,0.0200000000004,99.8815867377,2,"[1, 2]"
2014,5,supplementary_operation,1,[5],True,1000,3115361,3116360,1,True,16316.707,16326.697,16316.707,16326.697,9.99,0,0,999,True,0.01,0,0.0099999999984,0.010000000002,100,3,"[0, 1, 2]"
2015,2,extra_component,1,[2],True,1451,3116361,3117811,1,True,16326.707,16341.237,16326.707,16341.237,14.53,0,0,1450,True,0.0100206896552,0.000455903279442,0.00900000000001,0.0200000000004,99.7935306263,3,"[0, 1, 2]"
2016,5,supplementary_operation,1,[5],True,1641,3117812,3119452,1,True,16341.247,16357.647,16341.247,16357.647,16.4,0,0,1640,True,0.01,6.04911756551e-10,0.0099999999984,0.010000000002,100,3,"[0, 1, 2]"
2017,1,damaged_screw,1,[1],True,1713,3119453,3121165,1,True,16357.657,16374.777,16357.657,16374.777,17.12,0,0,1712,True,0.01,6.83585926592e-05,0.00800000000163,0.0119999999988,100,3,"[0, 1, 2]"
2018,5,supplementary_operation,1,[5],True,1616,3121166,3122781,1,True,16374.787,16390.937,16374.787,16390.937,16.15,0,0,1615,True,0.01,0,0.00999999999476,0.0100000000057,100,3,"[0, 1, 2]"
2019,1,damaged_screw,1,[1],True,1719,3122782,3124500,1,True,16390.947,16408.127,16390.947,16408.127,17.18,0,0,1718,True,0.01,0,0.00999999999476,0.0100000000057,100,3,"[0, 1, 2]"
2020,5,supplementary_operation,1,[5],True,1564,3124501,3126064,1,True,16408.137,16423.767,16408.137,16423.767,15.63,0,0,1563,True,0.01,5.46036260182e-10,0.00999999999476,0.0100000000057,100,2,"[1, 2]"
2021,1,damaged_screw,1,[1],True,1715,3126065,3127779,1,True,16423.777,16440.917,16423.777,16440.917,17.14,0,0,1714,True,0.01,1.64636126996e-10,0.00999999999476,0.0100000000057,100,3,"[0, 1, 2]"
2022,5,supplementary_operation,1,[5],True,1540,3127780,3129319,1,True,16440.927,16456.447,16440.927,16456.447,15.52,0,0,1539,True,0.0100844704353,0.00158964706963,0.00999999999476,0.0499999999993,99.162371134,3,"[0, 1, 2]"
2023,1,damaged_screw,1,[1],True,1675,3129320,3130994,1,True,16456.457,16473.207,16456.457,16473.207,16.75,0,0,1674,True,0.0100059737157,0.000244338845127,0.00999999999476,0.0200000000004,99.9402985075,2,"[1, 2]"
2024,5,supplementary_operation,1,[5],True,1893,3130995,3132887,1,True,18684.587,18703.507,18684.587,18703.507,18.92,0,0,1892,True,0.01,0,0.0099999999984,0.010000000002,100,3,"[0, 1, 2]"
2025,1,damaged_screw,1,[1],True,1643,3132888,3134530,1,True,18703.517,18719.937,18703.517,18719.937,16.42,0,0,1642,True,0.01,0,0.0099999999984,0.010000000002,100,3,"[0, 1, 2]"
2026,5,supplementary_operation,1,[5],True,1594,3134531,3136124,1,True,18719.947,18735.877,18719.947,18735.877,15.93,0,0,1593,True,0.01,3.54329336364e-05,0.0089999999982,0.0110000000022,100,3,"[0, 1, 2]"
2027,1,damaged_screw,1,[1],True,1693,3136125,3137817,1,True,18735.887,18752.827,18735.887,18752.827,16.94,0,0,1692,True,0.010011820331,0.00034531959484,0.0089999999982,0.0200000000004,99.8819362456,3,"[0, 1, 2]"
2028,5,supplementary_operation,1,[5],True,1555,3137818,3139372,1,True,18752.837,18768.377,18752.837,18768.377,15.54,0,0,1554,True,0.01,4.19741412097e-10,0.0099999999984,0.010000000002,100,2,"[1, 2]"
2029,1,damaged_screw,1,[1],True,1645,3139373,3141017,1,True,18768.387,18784.827,18768.387,18784.827,16.44,0,0,1644,True,0.01,0,0.0099999999984,0.010000000002,100,3,"[0, 1, 2]"
2030,5,supplementary_operation,1,[5],True,1640,3141018,3142657,1,True,18784.837,18801.227,18784.837,18801.227,16.39,0,0,1639,True,0.01,0,0.0099999999984,0.010000000002,100,3,"[0, 1, 2]"
2031,0,normal_tightening,1,[0],True,1652,3142658,3144309,1,True,18801.237,18817.747,18801.237,18817.747,16.51,0,0,1651,True,0.01,0,0.0099999999984,0.010000000002,100,3,"[0, 1, 2]"
2032,5,supplementary_operation,1,[5],True,995,3144310,3145304,1,True,18817.757,18827.697,18817.757,18827.697,9.94,0,0,994,True,0.01,1.09207252036e-09,0.0099999999984,0.010000000002,100,3,"[0, 1, 2]"
2033,2,extra_component,1,[2],True,1516,3145305,3146820,1,True,18827.707,18842.857,18827.707,18842.857,15.15,0,0,1515,True,0.01,7.2667241902e-05,0.00800000000163,0.0119999999988,100,3,"[0, 1, 2]"
2034,5,supplementary_operation,1,[5],True,1494,3146821,3148314,1,True,18842.867,18857.877,18842.867,18857.877,15.01,0,0,1493,True,0.0100535833892,0.000730042952125,0.0099999999984,0.0200000000004,99.4670219853,2,"[1, 2]"
2035,0,normal_tightening,1,[0],True,1737,3148315,3150051,1,True,18857.887,18875.257,18857.887,18875.257,17.37,0,0,1736,True,0.0100057603687,0.000249356771968,0.00799999999799,0.0200000000004,99.9424294761,3,"[0, 1, 2]"
2036,5,supplementary_operation,1,[5],True,1546,3150052,3151597,1,True,18875.267,18890.717,18875.267,18890.717,15.45,0,0,1545,True,0.01,4.65661287308e-10,0.0099999999984,0.010000000002,100,2,"[1, 2]"
2037,0,normal_tightening,1,[0],True,1710,3151598,3153307,1,True,18890.727,18907.827,18890.727,18907.827,17.1,0,0,1709,True,0.0100058513751,0.000241825375315,0.0099999999984,0.0200000000004,99.9415204678,3,"[0, 1, 2]"
2038,5,supplementary_operation,1,[5],True,1482,3153308,3154789,1,True,18907.837,18922.647,18907.837,18922.647,14.81,0,0,1481,True,0.01,6.26915694114e-10,0.0099999999984,0.010000000002,100,3,"[0, 1, 2]"
2039,0,normal_tightening,1,[0],True,1307,3154790,3156096,1,True,18922.657,18935.727,18922.657,18935.727,13.07,0,0,1306,True,0.0100076569678,0.000276606307337,0.0099999999984,0.0200000000004,99.9234889059,2,"[1, 2]"
2040,5,supplementary_operation,1,[5],True,1580,3156097,3157676,1,True,18935.737,18951.537,18935.737,18951.537,15.8,0,0,1579,True,0.0100063331222,0.000251577252273,0.0099999999984,0.0200000000004,99.9367088608,3,"[0, 1, 2]"
2041,0,normal_tightening,1,[0],True,1279,3157677,3158955,1,True,18951.547,18964.327,18951.547,18964.327,12.78,0,0,1278,True,0.01,3.95593885571e-05,0.00900000000183,0.0109999999986,100,3,"[0, 1, 2]"
2042,5,supplementary_operation,1,[5],True,1576,3158956,3160531,1,True,18964.337,18980.087,18964.337,18980.087,15.75,0,0,1575,True,0.01,3.49245965481e-10,0.0099999999984,0.010000000002,100,3,"[0, 1, 2]"
2043,0,normal_tightening,1,[0],True,1263,3160532,3161794,1,True,18980.097,18992.717,18980.097,18992.717,12.62,0,0,1262,True,0.01,3.9809371384e-05,0.00900000000183,0.0109999999986,100,3,"[0, 1, 2]"
2044,5,supplementary_operation,1,[5],True,1473,3161795,3163267,1,True,18992.727,19007.457,18992.727,19007.457,14.73,0,0,1472,True,0.0100067934783,0.000260554468908,0.0099999999984,0.0200000000004,99.9321113374,3,"[0, 1, 2]"
2045,0,normal_tightening,1,[0],True,1234,3163268,3164501,1,True,19007.467,19019.797,19007.467,19019.797,12.33,0,0,1233,True,0.01,1.14655795062e-09,0.0099999999984,0.010000000002,100,2,"[1, 2]"
2046,5,supplementary_operation,1,[5],True,1491,3164502,3165992,1,True,19019.807,19034.707,19019.807,19034.707,14.9,0,0,1490,True,0.01,6.26915694114e-10,0.0099999999984,0.010000000002,100,2,"[1, 2]"
2047,0,normal_tightening,1,[0],True,1219,3165993,3167211,1,True,19034.717,19046.897,19034.717,19046.897,12.18,0,0,1218,True,0.01,4.05220448739e-05,0.00900000000183,0.0109999999986,100,3,"[0, 1, 2]"
2048,5,supplementary_operation,1,[5],True,1477,3167212,3168688,1,True,19046.907,19061.667,19046.907,19061.667,14.76,0,0,1476,True,0.01,3.68105087717e-05,0.0089999999982,0.0110000000022,100,3,"[0, 1, 2]"
2049,0,normal_tightening,1,[0],True,1227,3168689,3169915,1,True,19061.677,19073.947,19061.677,19073.947,12.27,0,0,1226,True,0.0100081566069,0.000285481239819,0.0099999999984,0.0200000000004,99.9185004075,3,"[0, 1, 2]"
2050,5,supplementary_operation,1,[5],True,1030,3169916,3170945,1,True,19073.957,19084.257,19073.957,19084.257,10.3,0,0,1029,True,0.010009718173,0.000314691788069,0.00900000000183,0.0199999999968,99.9029126214,3,"[0, 1, 2]"
2051,2,extra_component,1,[2],True,1297,3170946,3172242,1,True,19084.267,19097.227,19084.267,19097.227,12.96,0,0,1296,True,0.01,1.03472201355e-09,0.0099999999984,0.010000000002,100,3,"[0, 1, 2]"
2052,5,supplementary_operation,1,[5],True,1441,3172243,3173683,1,True,19097.237,19111.637,19097.237,19111.637,14.4,0,0,1440,True,0.01,7.4535599201e-05,0.00800000000163,0.0119999999988,100,3,"[0, 1, 2]"
2053,0,normal_tightening,1,[0],True,1377,3173684,3175060,1,True,19111.647,19125.407,19111.647,19125.407,13.76,0,0,1376,True,0.01,8.8659267708e-10,0.0099999999984,0.010000000002,100,3,"[0, 1, 2]"
2054,5,supplementary_operation,1,[5],True,1395,3175061,3176455,1,True,19125.417,19139.357,19125.417,19139.357,13.94,0,0,1394,True,0.01,8.47516335696e-10,0.0099999999984,0.010000000002,100,3,"[0, 1, 2]"
2055,0,normal_tightening,1,[0],True,1801,3176456,3178256,1,True,19139.367,19157.367,19139.367,19157.367,18,0,0,1800,True,0.01,3.3333333394e-05,0.0089999999982,0.0110000000022,100,3,"[0, 1, 2]"
2056,5,supplementary_operation,1,[5],True,1421,3178257,3179677,1,True,19157.377,19171.577,19157.377,19171.577,14.2,0,0,1420,True,0.01,7.89567127722e-10,0.0099999999984,0.010000000002,100,3,"[0, 1, 2]"
2057,0,normal_tightening,1,[0],True,1691,3179678,3181368,1,True,19171.587,19188.527,19171.587,19188.527,16.94,0,0,1690,True,0.0100236686391,0.000485928169537,0.0099999999984,0.0200000000004,99.7638724912,3,"[0, 1, 2]"
2058,5,supplementary_operation,1,[5],True,1339,3181369,3182707,1,True,19188.537,19201.957,19188.537,19201.957,13.42,0,0,1338,True,0.0100298953662,0.00054594865078,0.0099999999984,0.0200000000004,99.7019374069,2,"[1, 2]"
2059,0,normal_tightening,1,[0],True,1716,3182708,3184423,1,True,19201.967,19219.127,19201.967,19219.127,17.16,0,0,1715,True,0.0100058309038,0.000241402233765,0.0099999999984,0.0200000000004,99.9417249417,3,"[0, 1, 2]"
2060,5,supplementary_operation,1,[5],True,1715,3184424,3186138,1,True,19219.137,19236.297,19219.137,19236.297,17.16,0,0,1714,True,0.0100116686114,0.000341394138599,0.0099999999984,0.0200000000004,99.8834498835,3,"[0, 1, 2]"
2061,0,normal_tightening,1,[0],True,1703,3186139,3187841,1,True,19236.307,19253.347,19236.307,19253.347,17.04,0,0,1702,True,0.0100117508813,0.000342594118396,0.0099999999984,0.0200000000004,99.882629108,3,"[0, 1, 2]"
2062,5,supplementary_operation,1,[5],True,1710,3187842,3189551,1,True,19253.357,19270.447,19253.357,19270.447,17.09,0,0,1709,True,0.01,0,0.0099999999984,0.010000000002,100,3,"[0, 1, 2]"
2063,0,normal_tightening,1,[0],True,1811,3189552,3191362,1,True,19270.457,19288.557,19270.457,19288.557,18.1,0,0,1810,True,0.01,0,0.0099999999984,0.010000000002,100,3,"[0, 1, 2]"
2064,5,supplementary_operation,1,[5],True,1663,3191363,3193025,1,True,19288.567,19305.207,19288.567,19305.207,16.64,0,0,1662,True,0.0100120336943,0.000346687371637,0.0099999999984,0.0200000000004,99.8798076923,3,"[0, 1, 2]"
2065,0,normal_tightening,1,[0],True,1848,3193026,3194873,1,True,19305.217,19323.687,19305.217,19323.687,18.47,0,0,1847,True,0.01,0,0.0099999999984,0.010000000002,100,3,"[0, 1, 2]"
2066,5,supplementary_operation,1,[5],True,1601,3194874,3196474,1,True,19323.697,19339.727,19323.697,19339.727,16.03,0,0,1600,True,0.01001875,0.000432606562036,0.0099999999984,0.0200000000004,99.8128509046,3,"[0, 1, 2]"
2067,0,normal_tightening,1,[0],True,1755,3196475,3198229,1,True,19339.737,19357.277,19339.737,19357.277,17.54,0,0,1754,True,0.01,0,0.0099999999984,0.010000000002,100,3,"[0, 1, 2]"
2068,5,supplementary_operation,1,[5],True,1060,3198230,3199289,1,True,19357.287,19367.877,19357.287,19367.877,10.59,0,0,1059,True,0.01,4.34577281436e-05,0.0089999999982,0.0110000000022,100,3,"[0, 1, 2]"
2069,2,extra_component,1,[2],True,1690,3199290,3200979,1,True,19367.887,19384.777,19367.887,19384.777,16.89,0,0,1689,True,0.01,0,0.0099999999984,0.010000000002,100,2,"[1, 2]"
2070,5,supplementary_operation,1,[5],True,1672,3200980,3202651,1,True,19384.787,19401.517,19384.787,19401.517,16.73,0,0,1671,True,0.0100119688809,0.000345753604459,0.0099999999984,0.0200000000004,99.8804542738,3,"[0, 1, 2]"
2071,0,normal_tightening,1,[0],True,1681,3202652,3204332,1,True,19401.527,19418.327,19401.527,19418.327,16.8,0,0,1680,True,0.01,6.90065558843e-05,0.00800000000163,0.0119999999988,100,2,"[1, 2]"
2072,5,supplementary_operation,1,[5],True,1638,3204333,3205970,1,True,19418.337,19434.707,19418.337,19434.707,16.37,0,0,1637,True,0.01,0,0.0099999999984,0.010000000002,100,2,"[1, 2]"
2073,0,normal_tightening,1,[0],True,1723,3205971,3207693,1,True,19434.717,19451.937,19434.717,19451.937,17.22,0,0,1722,True,0.01,0,0.0099999999984,0.010000000002,100,3,"[0, 1, 2]"
2074,5,supplementary_operation,1,[5],True,1614,3207694,3209307,1,True,19451.947,19468.087,19451.947,19468.087,16.14,0,0,1613,True,0.010006199628,0.00024891332797,0.0099999999984,0.0200000000004,99.9380421314,3,"[0, 1, 2]"
2075,0,normal_tightening,1,[0],True,1727,3209308,3211034,1,True,19468.097,19485.357,19468.097,19485.357,17.26,0,0,1726,True,0.01,3.40403958196e-05,0.00900000000183,0.0109999999986,100,3,"[0, 1, 2]"
2076,5,supplementary_operation,1,[5],True,1613,3211035,3212647,1,True,19485.367,19501.487,19485.367,19501.487,16.12,0,0,1612,True,0.01,3.52234976269e-05,0.00900000000183,0.0109999999986,100,3,"[0, 1, 2]"
2077,0,normal_tightening,1,[0],True,1737,3212648,3214384,1,True,19501.497,19518.857,19501.497,19518.857,17.36,0,0,1736,True,0.01,3.39422117296e-05,0.0089999999982,0.0110000000022,100,2,"[1, 2]"
2078,5,supplementary_operation,1,[5],True,1616,3214385,3216000,1,True,19518.867,19535.017,19518.867,19535.017,16.15,0,0,1615,True,0.01,1.16415321827e-10,0.0099999999984,0.010000000002,100,3,"[0, 1, 2]"
2079,0,normal_tightening,1,[0],True,1822,3216001,3217822,1,True,19535.027,19553.237,19535.027,19553.237,18.21,0,0,1821,True,0.01,0,0.0099999999984,0.010000000002,100,2,"[1, 2]"
2080,5,supplementary_operation,1,[5],True,1580,3217823,3219402,1,True,19553.247,19569.037,19553.247,19569.037,15.79,0,0,1579,True,0.01,3.08005990352e-10,0.0099999999984,0.010000000002,100,3,"[0, 1, 2]"
2081,0,normal_tightening,1,[0],True,1740,3219403,3221142,1,True,19569.047,19586.437,19569.047,19586.437,17.39,0,0,1739,True,0.01,0,0.0099999999984,0.010000000002,100,3,"[0, 1, 2]"
2082,5,supplementary_operation,1,[5],True,1408,3221143,3222550,1,True,19586.447,20053.211,19586.447,20053.211,466.764,0,0,1407,True,0.331744136461,12.0643325891,0.00999999999476,452.704,3.01437128827,3,"[0, 1, 2]"
2083,2,extra_component,1,[2],True,1690,3222551,3224240,1,True,20053.221,20070.161,20053.221,20070.161,16.94,0,0,1689,True,0.0100296033156,0.000806471689719,0.00999999999476,0.0400000000009,99.7048406139,3,"[0, 1, 2]"
2084,5,supplementary_operation,1,[5],True,1485,3224241,3225725,1,True,20070.171,20085.021,20070.171,20085.021,14.85,0,0,1484,True,0.0100067385445,0.00025949958915,0.00999999999476,0.0200000000004,99.9326599326,3,"[0, 1, 2]"
2085,0,normal_tightening,1,[0],True,1728,3225726,3227453,1,True,20085.031,20102.311,20085.031,20102.311,17.28,0,0,1727,True,0.010005790388,0.000240562571845,0.00999999999476,0.0200000000004,99.9421296297,3,"[0, 1, 2]"
2086,5,supplementary_operation,1,[5],True,1480,3227454,3228933,1,True,20102.321,20117.151,20102.321,20117.151,14.83,0,0,1479,True,0.0100270453009,0.000636355297742,0.00999999999476,0.0299999999988,99.7302764666,3,"[0, 1, 2]"
2087,0,normal_tightening,1,[0],True,1379,3228934,3230312,1,True,20117.161,20130.941,20117.161,20130.941,13.78,0,0,1378,True,0.01,9.16655160721e-10,0.00999999999476,0.0100000000057,100,3,"[0, 1, 2]"
2088,5,supplementary_operation,1,[5],True,1469,3230313,3231781,1,True,20130.951,20145.631,20130.951,20145.631,14.68,0,0,1468,True,0.01,8.23180634978e-10,0.00999999999476,0.0100000000057,100,3,"[0, 1, 2]"
2089,0,normal_tightening,1,[0],True,1207,3231782,3232988,1,True,20145.641,20157.701,20145.641,20157.701,12.06,0,0,1206,True,0.01,1.06696404865e-09,0.00999999999476,0.0100000000057,100,3,"[0, 1, 2]"
2090,5,supplementary_operation,1,[5],True,1497,3232989,3234485,1,True,20157.711,20172.671,20157.711,20172.671,14.96,0,0,1496,True,0.01,7.89567127722e-10,0.00999999999476,0.0100000000057,100,3,"[0, 1, 2]"
2091,0,normal_tightening,1,[0],True,1233,3234486,3235718,1,True,20172.681,20185.001,20172.681,20185.001,12.32,0,0,1232,True,0.01,1.06696404865e-09,0.00999999999476,0.0100000000057,100,2,"[1, 2]"
2092,5,supplementary_operation,1,[5],True,1051,3235719,3236769,1,True,20185.011,20195.511,20185.011,20195.511,10.5,0,0,1050,True,0.01,1.01488524665e-09,0.00999999999476,0.0100000000057,100,3,"[0, 1, 2]"
2093,0,normal_tightening,1,[0],True,1051,3236770,3237820,1,True,20195.521,20206.021,20195.521,20206.021,10.5,0,0,1050,True,0.01,1.02154030318e-09,0.00999999999476,0.0100000000057,100,2,"[1, 2]"
2094,5,supplementary_operation,1,[5],True,1433,3237821,3239253,1,True,20206.031,20220.351,20206.031,20220.351,14.32,0,0,1432,True,0.00999999999999,8.55474410154e-10,0.00999999999476,0.0100000000057,100,3,"[0, 1, 2]"
2095,0,normal_tightening,1,[0],True,1489,3239254,3240742,1,True,20220.361,20235.241,20220.361,20235.241,14.88,0,0,1488,True,0.01,3.6661778771e-05,0.0089999999982,0.0109999999986,100,3,"[0, 1, 2]"
2096,5,supplementary_operation,1,[5],True,1419,3240743,3242161,1,True,20235.251,20249.491,20235.251,20249.491,14.24,0,0,1418,True,0.0100423131171,0.000649107672712,0.00999999999476,0.0200000000004,99.5786516854,3,"[0, 1, 2]"
2097,0,normal_tightening,1,[0],True,1714,3242162,3243875,1,True,20249.501,20266.631,20249.501,20266.631,17.13,0,0,1713,True,0.01,5.07442623323e-10,0.00999999999476,0.0100000000057,100,3,"[0, 1, 2]"
2098,5,supplementary_operation,1,[5],True,1426,3243876,3245301,1,True,20266.641,20280.891,20266.641,20280.891,14.25,0,0,1425,True,0.01,8.63359133608e-10,0.00999999999476,0.0100000000057,100,3,"[0, 1, 2]"
2099,0,normal_tightening,1,[0],True,1717,3245302,3247018,1,True,20280.901,20298.061,20280.901,20298.061,17.16,0,0,1716,True,0.01,5.20625146455e-10,0.00999999999476,0.0100000000057,100,3,"[0, 1, 2]"
2100,5,supplementary_operation,1,[5],True,982,3247019,3248000,1,True,20298.071,20307.881,20298.071,20307.881,9.81,0,0,981,True,0.01,1.00818626092e-09,0.00999999999476,0.0100000000057,100,3,"[0, 1, 2]"
2101,2,extra_component,1,[2],True,1695,3248001,3249695,1,True,20307.891,20324.841,20307.891,20324.841,16.95,0,0,1694,True,0.0100059031877,0.000245311367723,0.00900000000183,0.0200000000004,99.9410029498,3,"[0, 1, 2]"
2102,5,supplementary_operation,1,[5],True,1679,3249696,3251374,1,True,20324.851,20341.641,20324.851,20341.641,16.79,0,0,1678,True,0.0100059594756,0.000244047618956,0.00999999999476,0.0200000000004,99.9404407385,3,"[0, 1, 2]"
2103,0,normal_tightening,1,[0],True,1690,3251375,3253064,1,True,20341.651,20358.541,20341.651,20358.541,16.89,0,0,1689,True,0.01,3.44112282251e-05,0.0089999999982,0.0110000000022,100,3,"[0, 1, 2]"
2104,5,supplementary_operation,1,[5],True,1723,3253065,3254787,1,True,20358.551,20375.781,20358.551,20375.781,17.23,0,0,1722,True,0.0100058072009,0.000240911365026,0.00999999999476,0.0200000000077,99.9419616947,3,"[0, 1, 2]"
2105,0,normal_tightening,1,[0],True,1788,3254788,3256575,1,True,20375.791,20393.661,20375.791,20393.661,17.87,0,0,1787,True,0.01,3.34543596683e-05,0.0089999999982,0.0109999999986,100,3,"[0, 1, 2]"
2106,5,supplementary_operation,1,[5],True,1698,3256576,3258273,1,True,20393.671,20410.641,20393.671,20410.641,16.97,0,0,1697,True,0.01,3.43300215485e-05,0.00900000000183,0.0109999999986,100,3,"[0, 1, 2]"
2107,0,normal_tightening,1,[0],True,1691,3258274,3259964,1,True,20410.651,20427.581,20410.651,20427.581,16.93,0,0,1690,True,0.0100177514793,0.000544725899031,0.00900000000183,0.0299999999988,99.8227997638,3,"[0, 1, 2]"
2108,5,supplementary_operation,1,[5],True,1721,3259965,3261685,1,True,20427.591,20444.811,20427.591,20444.811,17.22,0,0,1720,True,0.010011627907,0.000340798857916,0.00999999999476,0.0200000000004,99.8838559814,2,"[1, 2]"
2109,0,normal_tightening,1,[0],True,1812,3261686,3263497,1,True,20444.821,20462.931,20444.821,20462.931,18.11,0,0,1811,True,0.01,3.49245965481e-10,0.00999999999476,0.0100000000057,100,3,"[0, 1, 2]"
2110,5,supplementary_operation,1,[5],True,1673,3263498,3265170,1,True,20462.941,20479.661,20462.941,20479.661,16.72,0,0,1672,True,0.01,5.58308270214e-10,0.00999999999476,0.0100000000057,100,3,"[0, 1, 2]"
2111,0,normal_tightening,1,[0],True,1747,3265171,3266917,1,True,20479.671,20497.161,20479.671,20497.161,17.49,0,0,1746,True,0.0100171821306,0.00041415707205,0.00999999999476,0.0200000000077,99.8284734134,3,"[0, 1, 2]"
2112,5,supplementary_operation,1,[5],True,1639,3266918,3268556,1,True,20497.171,20513.601,20497.171,20513.601,16.43,0,0,1638,True,0.0100305250305,0.00055165072985,0.00999999999476,0.0200000000004,99.6956786366,3,"[0, 1, 2]"
2113,0,normal_tightening,1,[0],True,1718,3268557,3270274,1,True,20513.611,20530.781,20513.611,20530.781,17.17,0,0,1717,True,0.01,5.33482024325e-10,0.00999999999476,0.0100000000057,100,3,"[0, 1, 2]"
2114,5,supplementary_operation,1,[5],True,2082,3270275,3272356,1,True,20530.791,21038.278,20530.791,21038.278,507.487,0,0,2081,True,0.243866890918,10.6657520085,0.00999999999476,486.677,4.10059765078,3,"[0, 1, 2]"
2115,2,extra_component,1,[2],True,1741,3272357,3274097,1,True,21038.288,21055.688,21038.288,21055.688,17.4,0,0,1740,True,0.01,0,0.00999999999476,0.010000000002,100,3,"[0, 1, 2]"
2116,5,supplementary_operation,1,[5],True,1662,3274098,3275759,1,True,21055.698,21072.308,21055.698,21072.308,16.61,0,0,1661,True,0.01,3.47000564797e-05,0.00900000000183,0.0110000000022,100,3,"[0, 1, 2]"
2117,2,extra_component,1,[2],True,1775,3275760,3277534,1,True,21072.318,21090.058,21072.318,21090.058,17.74,0,0,1774,True,0.01,0,0.00999999999476,0.010000000002,100,3,"[0, 1, 2]"
2118,5,supplementary_operation,1,[5],True,974,3277535,3278508,1,True,21090.068,21099.798,21090.068,21099.798,9.73,0,0,973,True,0.01,1.06696404865e-09,0.00999999999476,0.010000000002,100,3,"[0, 1, 2]"
2119,2,extra_component,1,[2],True,1823,3278509,3280331,1,True,21099.808,21118.028,21099.808,21118.028,18.22,0,0,1822,True,0.01,0,0.00999999999476,0.010000000002,100,3,"[0, 1, 2]"
2120,5,supplementary_operation,1,[5],True,1617,3280332,3281948,1,True,21118.038,21134.198,21118.038,21134.198,16.16,0,0,1616,True,0.01,3.51798771794e-05,0.00900000000183,0.0109999999986,100,3,"[0, 1, 2]"
2121,2,extra_component,1,[2],True,1751,3281949,3283699,1,True,21134.208,21151.708,21134.208,21151.708,17.5,0,0,1750,True,0.01,0,0.00999999999476,0.010000000002,100,2,"[1, 2]"
2122,5,supplementary_operation,1,[5],True,1469,3283700,3285168,1,True,21151.718,21166.398,21151.718,21166.398,14.68,0,0,1468,True,0.01,6.48173080155e-10,0.00999999999476,0.010000000002,100,3,"[0, 1, 2]"
2123,2,extra_component,1,[2],True,1740,3285169,3286908,1,True,21166.408,21183.808,21166.408,21183.808,17.4,0,0,1739,True,0.0100057504313,0.000239731611116,0.00999999999476,0.0200000000004,99.9425287356,3,"[0, 1, 2]"
2124,5,supplementary_operation,1,[5],True,1446,3286909,3288354,1,True,21183.818,21198.268,21183.818,21198.268,14.45,0,0,1445,True,0.01,7.08126757561e-10,0.00999999999476,0.010000000002,100,3,"[0, 1, 2]"
2125,2,extra_component,1,[2],True,1762,3288355,3290116,1,True,21198.278,21215.888,21198.278,21215.888,17.61,0,0,1761,True,0.01,0,0.00999999999476,0.010000000002,100,3,"[0, 1, 2]"
2126,5,supplementary_operation,1,[5],True,1027,3290117,3291143,1,True,21215.898,21226.158,21215.898,21226.158,10.26,0,0,1026,True,0.01,1.06696404865e-09,0.00999999999476,0.010000000002,100,3,"[0, 1, 2]"
2127,3,missing_screw,1,[3],True,1509,3291144,3292652,1,True,21226.168,21241.248,21226.168,21241.248,15.08,0,0,1508,True,0.01,3.64178520479e-05,0.0089999999982,0.0109999999986,100,3,"[0, 1, 2]"
2128,5,supplementary_operation,1,[5],True,1461,3292653,3294113,1,True,21241.258,21255.858,21241.258,21255.858,14.6,0,0,1460,True,0.01,6.78812141396e-10,0.00999999999476,0.010000000002,100,3,"[0, 1, 2]"
2129,2,extra_component,1,[2],True,1700,3294114,3295813,1,True,21255.868,21272.938,21255.868,21272.938,17.07,0,0,1699,True,0.0100470865215,0.000765744329364,0.00999999999476,0.0299999999952,99.5313415349,2,"[1, 2]"
2130,5,supplementary_operation,1,[5],True,1407,3295814,3297220,1,True,21272.948,21287.108,21272.948,21287.108,14.16,0,0,1406,True,0.0100711237553,0.000841190489567,0.0089999999982,0.0200000000004,99.2937853107,3,"[0, 1, 2]"
2131,2,extra_component,1,[2],True,1734,3297221,3298954,1,True,21287.118,21304.448,21287.118,21304.448,17.33,0,0,1733,True,0.01,0,0.00999999999476,0.010000000002,100,3,"[0, 1, 2]"
2132,5,supplementary_operation,1,[5],True,1398,3298955,3300352,1,True,21304.458,21318.428,21304.458,21318.428,13.97,0,0,1397,True,0.01,8.23180634978e-10,0.00999999999476,0.010000000002,100,3,"[0, 1, 2]"
2133,2,extra_component,1,[2],True,1724,3300353,3302076,1,True,21318.438,21335.668,21318.438,21335.668,17.23,0,0,1723,True,0.01,0,0.00999999999476,0.010000000002,100,2,"[1, 2]"
2134,5,supplementary_operation,1,[5],True,1410,3302077,3303486,1,True,21335.678,21349.878,21335.678,21349.878,14.2,0,0,1409,True,0.0100780695529,0.0011586109096,0.00999999999476,0.0299999999988,99.2253521127,3,"[0, 1, 2]"
2135,2,extra_component,1,[2],True,1710,3303487,3305196,1,True,21349.888,21367.008,21349.888,21367.008,17.12,0,0,1709,True,0.0100175541252,0.000540611326562,0.00999999999476,0.0300000000025,99.8247663551,3,"[0, 1, 2]"
2136,5,supplementary_operation,1,[5],True,1032,3305197,3306228,1,True,21367.018,21377.328,21367.018,21377.328,10.31,0,0,1031,True,0.01,1.07959128165e-09,0.00999999999476,0.010000000002,100,3,"[0, 1, 2]"
2137,3,missing_screw,1,[3],True,1472,3306229,3307700,1,True,21377.338,21392.048,21377.338,21392.048,14.71,0,0,1471,True,0.01,3.68730160484e-05,0.0089999999982,0.0110000000022,100,3,"[0, 1, 2]"
2138,5,supplementary_operation,1,[5],True,1689,3307701,3309389,1,True,21392.058,21408.938,21392.058,21408.938,16.88,0,0,1688,True,0.01,3.44214195455e-05,0.0089999999982,0.0109999999986,100,2,"[1, 2]"
2139,2,extra_component,1,[2],True,1800,3309390,3311189,1,True,21408.948,21426.938,21408.948,21426.938,17.99,0,0,1799,True,0.01,3.3342596513e-05,0.0089999999982,0.0110000000022,100,3,"[0, 1, 2]"
2140,5,supplementary_operation,1,[5],True,1704,3311190,3312893,1,True,21426.948,21443.978,21426.948,21443.978,17.03,0,0,1703,True,0.01,0,0.00999999999476,0.010000000002,100,3,"[0, 1, 2]"
2141,2,extra_component,1,[2],True,2224,3312894,3315117,1,True,21443.988,21466.218,21443.988,21466.218,22.23,0,0,2223,True,0.01,0,0.00999999999476,0.010000000002,100,3,"[0, 1, 2]"
2142,5,supplementary_operation,1,[5],True,1650,3315118,3316767,1,True,21466.228,21482.718,21466.228,21482.718,16.49,0,0,1649,True,0.01,0,0.00999999999476,0.010000000002,100,3,"[0, 1, 2]"
2143,2,extra_component,1,[2],True,2164,3316768,3318931,1,True,21482.728,21504.358,21482.728,21504.358,21.63,0,0,2163,True,0.01,3.04079217305e-05,0.0089999999982,0.0110000000022,100,3,"[0, 1, 2]"
2144,5,supplementary_operation,1,[5],True,1617,3318932,3320548,1,True,21504.368,21520.528,21504.368,21520.528,16.16,0,0,1616,True,0.01,3.51798773075e-05,0.0089999999982,0.0110000000022,100,3,"[0, 1, 2]"
2145,2,extra_component,1,[2],True,1717,3320549,3322265,1,True,21520.538,21537.698,21520.538,21537.698,17.16,0,0,1716,True,0.01,0,0.00999999999476,0.010000000002,100,3,"[0, 1, 2]"
2146,5,supplementary_operation,1,[5],True,1614,3322266,3323879,1,True,21537.708,21553.878,21537.708,21553.878,16.17,0,0,1613,True,0.0100247985121,0.000498608142921,0.0089999999982,0.0200000000004,99.7526283241,3,"[0, 1, 2]"
2147,2,extra_component,1,[2],True,1725,3323880,3325604,1,True,21553.888,21571.168,21553.888,21571.168,17.28,0,0,1724,True,0.0100232018561,0.000481123929288,0.00999999999476,0.0200000000041,99.7685185185,3,"[0, 1, 2]"
2148,5,supplementary_operation,1,[5],True,1450,3325605,3327054,1,True,21571.178,21585.668,21571.178,21585.668,14.49,0,0,1449,True,0.01,7.43037616274e-05,0.00800000000163,0.0119999999988,100,3,"[0, 1, 2]"
2149,2,extra_component,1,[2],True,1751,3327055,3328805,1,True,21585.678,21603.178,21585.678,21603.178,17.5,0,0,1750,True,0.01,0,0.00999999999476,0.010000000002,100,3,"[0, 1, 2]"
2150,5,supplementary_operation,1,[5],True,1444,3328806,3330249,1,True,21603.188,21617.618,21603.188,21617.618,14.43,0,0,1443,True,0.01,3.7229039567e-05,0.0089999999982,0.0109999999986,100,3,"[0, 1, 2]"
2151,2,extra_component,1,[2],True,1777,3330250,3332026,1,True,21617.628,21635.388,21617.628,21635.388,17.76,0,0,1776,True,0.01,0,0.00999999999476,0.010000000002,100,3,"[0, 1, 2]"
2152,5,supplementary_operation,1,[5],True,1430,3332027,3333456,1,True,21635.398,21649.708,21635.398,21649.708,14.31,0,0,1429,True,0.0100139958013,0.000373847736525,0.00999999999476,0.0200000000004,99.8602375961,3,"[0, 1, 2]"
2153,2,extra_component,1,[2],True,1737,3333457,3335193,1,True,21649.718,21667.298,21649.718,21667.298,17.58,0,0,1736,True,0.0101267281106,0.00155025637376,0.00999999999476,0.0400000000009,98.7485779295,3,"[0, 1, 2]"
2154,5,supplementary_operation,1,[5],True,1039,3335194,3336232,1,True,21667.308,21677.788,21667.308,21677.788,10.48,0,0,1038,True,0.0100963391137,0.00151751688732,0.00999999999476,0.0499999999956,99.0458015268,3,"[0, 1, 2]"
2155,5,supplementary_operation,1,[5],True,1486,3336233,3337718,1,True,12511.621,12526.471,12511.621,12526.471,14.85,0,0,1485,True,0.01,0,0.0099999999984,0.0100000000039,100,3,"[0, 1, 2]"
2156,0,normal_tightening,1,[0],True,1342,3337719,3339060,1,True,12526.481,12539.911,12526.481,12539.911,13.43,0,0,1341,True,0.0100149142431,0.000385901537095,0.0099999999984,0.0199999999986,99.8510796724,3,"[0, 1, 2]"
2157,5,supplementary_operation,1,[5],True,1381,3339061,3340441,1,True,12539.921,12553.721,12539.921,12553.721,13.8,0,0,1380,True,0.01,0,0.0099999999984,0.0100000000039,100,3,"[0, 1, 2]"
2158,0,normal_tightening,1,[0],True,1582,3340442,3342023,1,True,12553.731,12569.541,12553.731,12569.541,15.81,0,0,1581,True,0.01,2.85158136718e-10,0.0099999999984,0.0100000000039,100,3,"[0, 1, 2]"
2159,5,supplementary_operation,1,[5],True,1046,3342024,3343069,1,True,12569.551,12580.011,12569.551,12580.011,10.46,0,0,1045,True,0.010009569378,0.000309196065494,0.0099999999984,0.0200000000004,99.9043977055,3,"[0, 1, 2]"
2160,2,extra_component,1,[2],True,1475,3343070,3344544,1,True,12580.021,12595.011,12580.021,12595.011,14.99,0,0,1474,True,0.0101696065129,0.00209308455777,0.0099999999984,0.0600000000013,98.332221481,3,"[0, 1, 2]"
2161,5,supplementary_operation,1,[5],True,1240,3344545,3345784,1,True,12595.021,12607.781,12595.021,12607.781,12.76,0,0,1239,True,0.0102986279257,0.00295097248958,0.0099999999984,0.0699999999997,97.1003134796,3,"[0, 1, 2]"
2162,0,normal_tightening,1,[0],True,1351,3345785,3347135,1,True,12607.791,12621.531,12607.791,12621.531,13.74,0,0,1350,True,0.0101777777778,0.00242782227264,0.0099999999984,0.0699999999997,98.2532751092,3,"[0, 1, 2]"
2163,5,supplementary_operation,1,[5],True,1332,3347136,3348467,1,True,12621.541,12635.391,12621.541,12635.391,13.85,0,0,1331,True,0.0104057099925,0.00433226642585,0.0099999999984,0.0799999999999,96.1010830325,3,"[0, 1, 2]"
2164,0,normal_tightening,1,[0],True,1374,3348468,3349841,1,True,12635.401,12649.261,12635.401,12649.261,13.86,0,0,1373,True,0.0100946831755,0.00196244626146,0.0099999999984,0.0699999999961,99.0620490621,2,"[1, 2]"
2165,5,supplementary_operation,1,[5],True,1423,3349842,3351264,1,True,12649.271,12663.491,12649.271,12663.491,14.22,0,0,1422,True,0.01,0,0.0099999999984,0.0100000000039,100,3,"[0, 1, 2]"
2166,0,normal_tightening,1,[0],True,1319,3351265,3352583,1,True,12663.501,12676.911,12663.501,12676.911,13.41,0,0,1318,True,0.0101745068285,0.00259272113919,0.0099999999984,0.0700000000015,98.2848620433,3,"[0, 1, 2]"
2167,5,supplementary_operation,1,[5],True,1478,3352584,3354061,1,True,12676.921,12691.691,12676.921,12691.691,14.77,0,0,1477,True,0.01,0,0.0099999999984,0.0100000000039,100,3,"[0, 1, 2]"
2168,0,normal_tightening,1,[0],True,1306,3354062,3355367,1,True,12691.701,12704.751,12691.701,12704.751,13.05,0,0,1305,True,0.01,0,0.0099999999984,0.0100000000039,100,3,"[0, 1, 2]"
2169,5,supplementary_operation,1,[5],True,1467,3355368,3356834,1,True,12704.761,12719.421,12704.761,12719.421,14.66,0,0,1466,True,0.01,0,0.0099999999984,0.0100000000039,100,2,"[1, 2]"
2170,0,normal_tightening,1,[0],True,1328,3356835,3358162,1,True,12719.431,12732.701,12719.431,12732.701,13.27,0,0,1327,True,0.01,0,0.0099999999984,0.0100000000039,100,3,"[0, 1, 2]"
2171,5,supplementary_operation,1,[5],True,1835,3358163,3359997,1,True,12732.711,12751.051,12732.711,12751.051,18.34,0,0,1834,True,0.01,8.39482824193e-10,0.0099999999984,0.0100000000039,100,3,"[0, 1, 2]"
2172,0,normal_tightening,1,[0],True,1293,3359998,3361290,1,True,12751.061,12763.981,12751.061,12763.981,12.92,0,0,1292,True,0.01,0,0.0099999999984,0.0100000000039,100,3,"[0, 1, 2]"
2173,5,supplementary_operation,1,[5],True,1847,3361291,3363137,1,True,12763.991,12782.451,12763.991,12782.451,18.46,0,0,1846,True,0.01,8.55474410154e-10,0.0099999999984,0.0100000000039,100,3,"[0, 1, 2]"
2174,0,normal_tightening,1,[0],True,1271,3363138,3364408,1,True,12782.461,12795.281,12782.461,12795.281,12.82,0,0,1270,True,0.010094488189,0.00283241381951,0.0099999999984,0.109999999999,99.0639625585,3,"[0, 1, 2]"
2175,5,supplementary_operation,1,[5],True,1840,3364409,3366248,1,True,12795.291,12813.801,12795.291,12813.801,18.51,0,0,1839,True,0.0100652528548,0.00109180786,0.0099999999984,0.0399999999991,99.3517017828,3,"[0, 1, 2]"
2176,0,normal_tightening,1,[0],True,1273,3366249,3367521,1,True,12813.811,12826.531,12813.811,12826.531,12.72,0,0,1272,True,0.01,0,0.0099999999984,0.0100000000039,100,3,"[0, 1, 2]"
2177,5,supplementary_operation,1,[5],True,1797,3367522,3369318,1,True,12826.541,12844.501,12826.541,12844.501,17.96,0,0,1796,True,0.01,7.89567127722e-10,0.0099999999984,0.0100000000039,100,2,"[1, 2]"
2178,0,normal_tightening,1,[0],True,1222,3369319,3370540,1,True,12844.511,12856.721,12844.511,12856.721,12.21,0,0,1221,True,0.01,0,0.0099999999984,0.0100000000039,100,3,"[0, 1, 2]"
2179,5,supplementary_operation,1,[5],True,1844,3370541,3372384,1,True,12856.731,12875.161,12856.731,12875.161,18.43,0,0,1843,True,0.01,8.47516335696e-10,0.0099999999984,0.0100000000039,100,3,"[0, 1, 2]"
2180,0,normal_tightening,1,[0],True,1585,3372385,3373969,1,True,12875.171,12891.011,12875.171,12891.011,15.84,0,0,1584,True,0.01,2.85158136718e-10,0.0099999999984,0.0100000000039,100,3,"[0, 1, 2]"
2181,5,supplementary_operation,1,[5],True,1832,3373970,3375801,1,True,12891.021,12909.331,12891.021,12909.331,18.31,0,0,1831,True,0.01,8.23180634978e-10,0.0099999999984,0.0100000000039,100,3,"[0, 1, 2]"
2182,0,normal_tightening,1,[0],True,1571,3375802,3377372,1,True,12909.341,12925.041,12909.341,12925.041,15.7,0,0,1570,True,0.01,2.60312573228e-10,0.0099999999984,0.0100000000039,100,3,"[0, 1, 2]"
2183,5,supplementary_operation,1,[5],True,1832,3377373,3379204,1,True,12925.051,12943.361,12925.051,12943.361,18.31,0,0,1831,True,0.01,8.39482824193e-10,0.0099999999984,0.0100000000039,100,2,"[1, 2]"
2184,0,normal_tightening,1,[0],True,1586,3379205,3380790,1,True,12943.371,12959.221,12943.371,12959.221,15.85,0,0,1585,True,0.01,3.29272253991e-10,0.0099999999984,0.0100000000039,100,3,"[0, 1, 2]"
2185,5,supplementary_operation,1,[5],True,1830,3380791,3382620,1,True,12959.231,12977.521,12959.231,12977.521,18.29,0,0,1829,True,0.01,8.31371688813e-10,0.0099999999984,0.0100000000039,100,3,"[0, 1, 2]"
2186,0,normal_tightening,1,[0],True,1546,3382621,3384166,1,True,12977.531,12992.981,12977.531,12992.981,15.45,0,0,1545,True,0.01,0,0.0099999999984,0.0100000000039,100,3,"[0, 1, 2]"
2187,5,supplementary_operation,1,[5],True,1806,3384167,3385972,1,True,12992.991,13011.041,12992.991,13011.041,18.05,0,0,1805,True,0.01,7.89567127722e-10,0.0099999999984,0.0100000000039,100,3,"[0, 1, 2]"
2188,0,normal_tightening,1,[0],True,1642,3385973,3387614,1,True,13011.051,13027.461,13011.051,13027.461,16.41,0,0,1641,True,0.01,5.07442623323e-10,0.0099999999984,0.0100000000039,100,3,"[0, 1, 2]"
2189,5,supplementary_operation,1,[5],True,1769,3387615,3389383,1,True,13027.471,13045.151,13027.471,13045.151,17.68,0,0,1768,True,0.01,7.54457514082e-10,0.0099999999984,0.0100000000039,100,3,"[0, 1, 2]"
2190,0,normal_tightening,1,[0],True,1660,3389384,3391043,1,True,13045.161,13061.751,13045.161,13061.751,16.59,0,0,1659,True,0.01,5.58308270214e-10,0.0099999999984,0.0100000000039,100,3,"[0, 1, 2]"
2191,5,supplementary_operation,1,[5],True,1835,3391044,3392878,1,True,13061.761,13080.101,13061.761,13080.101,18.34,0,0,1834,True,0.01,8.31371688813e-10,0.0099999999984,0.0100000000039,100,3,"[0, 1, 2]"
2192,0,normal_tightening,1,[0],True,1620,3392879,3394498,1,True,13080.111,13096.391,13080.111,13096.391,16.28,0,0,1619,True,0.0100555898703,0.000960940999496,0.0099999999984,0.0399999999991,99.4471744472,3,"[0, 1, 2]"
2193,5,supplementary_operation,1,[5],True,1810,3394499,3396308,1,True,13096.401,13114.491,13096.401,13114.491,18.09,0,0,1809,True,0.01,8.06549008735e-10,0.0099999999984,0.0100000000039,100,3,"[0, 1, 2]"
2194,0,normal_tightening,1,[0],True,1498,3396309,3397806,1,True,13114.501,13129.471,13114.501,13129.471,14.97,0,0,1497,True,0.01,0,0.0099999999984,0.0100000000039,100,3,"[0, 1, 2]"
2195,5,supplementary_operation,1,[5],True,1841,3397807,3399647,1,True,13129.481,13147.881,13129.481,13147.881,18.4,0,0,1840,True,0.01,8.47516335696e-10,0.0099999999984,0.0100000000039,100,3,"[0, 1, 2]"
2196,0,normal_tightening,1,[0],True,1511,3399648,3401158,1,True,13147.891,13162.991,13147.891,13162.991,15.1,0,0,1510,True,0.01,0,0.0099999999984,0.0100000000039,100,3,"[0, 1, 2]"
2197,5,supplementary_operation,1,[5],True,1854,3401159,3403012,1,True,13163.001,13181.531,13163.001,13181.531,18.53,0,0,1853,True,0.01,8.55474410154e-10,0.0099999999984,0.0100000000039,100,3,"[0, 1, 2]"
2198,0,normal_tightening,1,[0],True,1488,3403013,3404500,1,True,13181.541,13196.411,13181.541,13196.411,14.87,0,0,1487,True,0.01,0,0.0099999999984,0.0100000000039,100,2,"[1, 2]"
2199,5,supplementary_operation,1,[5],True,1820,3404501,3406320,1,True,13196.421,13214.611,13196.421,13214.611,18.19,0,0,1819,True,0.01,8.31371688813e-10,0.0099999999984,0.0100000000039,100,2,"[1, 2]"
2200,0,normal_tightening,1,[0],True,1428,3406321,3407748,1,True,13214.621,13228.911,13214.621,13228.911,14.29,0,0,1427,True,0.010014015417,0.000374109258988,0.0099999999984,0.0200000000004,99.8600419874,3,"[0, 1, 2]"
2201,5,supplementary_operation,1,[5],True,1763,3407749,3409511,1,True,13228.921,13246.551,13228.921,13246.551,17.63,0,0,1762,True,0.0100056753689,0.000238162715814,0.0099999999984,0.0200000000023,99.9432785026,3,"[0, 1, 2]"
2202,0,normal_tightening,1,[0],True,1428,3409512,3410939,1,True,13246.561,13261.041,13246.561,13261.041,14.48,0,0,1427,True,0.0101471618781,0.00199317265048,0.0099999999984,0.0500000000011,98.5497237569,3,"[0, 1, 2]"
2203,5,supplementary_operation,1,[5],True,1838,3410940,3412777,1,True,13261.051,13279.451,13261.051,13279.451,18.4,0,0,1837,True,0.0100163309744,0.000403785888087,0.0099999999984,0.0200000000023,99.8369565217,3,"[0, 1, 2]"
2204,0,normal_tightening,1,[0],True,1536,3412778,3414313,1,True,13279.461,13294.841,13279.461,13294.841,15.38,0,0,1535,True,0.0100195439739,0.000765465382161,0.0099999999984,0.0399999999991,99.8049414824,3,"[0, 1, 2]"
2205,5,supplementary_operation,1,[5],True,1795,3414314,3416108,1,True,13294.851,13312.791,13294.851,13312.791,17.94,0,0,1794,True,0.01,7.89567127722e-10,0.0099999999984,0.0100000000039,100,2,"[1, 2]"
2206,0,normal_tightening,1,[0],True,1607,3416109,3417715,1,True,13312.801,13328.861,13312.801,13328.861,16.06,0,0,1606,True,0.01,4.19741412097e-10,0.0099999999984,0.0100000000039,100,3,"[0, 1, 2]"
2207,5,supplementary_operation,1,[5],True,1796,3417716,3419511,1,True,13328.871,13346.821,13328.871,13346.821,17.95,0,0,1795,True,0.01,7.80937719683e-10,0.0099999999984,0.0100000000039,100,3,"[0, 1, 2]"
2208,0,normal_tightening,1,[0],True,1472,3419512,3420983,1,True,13346.831,13361.541,13346.831,13361.541,14.71,0,0,1471,True,0.01,0,0.0099999999984,0.0100000000039,100,3,"[0, 1, 2]"
2209,5,supplementary_operation,1,[5],True,1821,3420984,3422804,1,True,13361.551,13379.751,13361.551,13379.751,18.2,0,0,1820,True,0.01,8.31371688813e-10,0.0099999999984,0.0100000000039,100,3,"[0, 1, 2]"
2210,0,normal_tightening,1,[0],True,1439,3422805,3424243,1,True,13379.761,13394.151,13379.761,13394.151,14.39,0,0,1438,True,0.0100069541029,0.000263614623343,0.0099999999984,0.0199999999986,99.9305072967,2,"[1, 2]"
2211,5,supplementary_operation,1,[5],True,1782,3424244,3426025,1,True,13394.161,13412.001,13394.161,13412.001,17.84,0,0,1781,True,0.0100168444694,0.000410074332163,0.0099999999984,0.0200000000023,99.831838565,2,"[1, 2]"
2212,0,normal_tightening,1,[0],True,1400,3426026,3427425,1,True,13412.011,13426.001,13412.011,13426.001,13.99,0,0,1399,True,0.01,0,0.0099999999984,0.0100000000039,100,3,"[0, 1, 2]"
2213,5,supplementary_operation,1,[5],True,1796,3427426,3429221,1,True,13426.011,13443.971,13426.011,13443.971,17.96,0,0,1795,True,0.0100055710306,0.000235964552486,0.0099999999984,0.0200000000004,99.9443207127,3,"[0, 1, 2]"
2214,0,normal_tightening,1,[0],True,1403,3429222,3430624,1,True,13443.981,13458.001,13443.981,13458.001,14.02,0,0,1402,True,0.01,0,0.0099999999984,0.0100000000039,100,3,"[0, 1, 2]"
2215,5,supplementary_operation,1,[5],True,1398,3430625,3432022,1,True,13458.011,13471.981,13458.011,13471.981,13.97,0,0,1397,True,0.01,0,0.0099999999984,0.0100000000039,100,3,"[0, 1, 2]"
2216,0,normal_tightening,1,[0],True,1375,3432023,3433397,1,True,13471.991,13485.741,13471.991,13485.741,13.75,0,0,1374,True,0.0100072780204,0.000269679873523,0.0099999999984,0.0199999999986,99.9272727273,3,"[0, 1, 2]"
2217,5,supplementary_operation,1,[5],True,995,3433398,3434392,1,True,13485.751,13495.701,13485.751,13495.701,9.95,0,0,994,True,0.0100100603622,0.000317021152115,0.0099999999984,0.0200000000023,99.8994974874,3,"[0, 1, 2]"
2218,2,extra_component,1,[2],True,1437,3434393,3435829,1,True,13495.711,13510.071,13495.711,13510.071,14.36,0,0,1436,True,0.01,0,0.0099999999984,0.0100000000039,100,3,"[0, 1, 2]"
2219,5,supplementary_operation,1,[5],True,1383,3435830,3437212,1,True,13510.081,13524.041,13510.081,13524.041,13.96,0,0,1382,True,0.0101013024602,0.00113674887909,0.0099999999984,0.0300000000025,98.9971346705,3,"[0, 1, 2]"
2220,0,normal_tightening,1,[0],True,1423,3437213,3438635,1,True,13524.051,13538.271,13524.051,13538.271,14.22,0,0,1422,True,0.01,0,0.0099999999984,0.0100000000039,100,3,"[0, 1, 2]"
2221,5,supplementary_operation,1,[5],True,1344,3438636,3439979,1,True,13538.281,13551.711,13538.281,13551.711,13.43,0,0,1343,True,0.01,0,0.0099999999984,0.0100000000039,100,3,"[0, 1, 2]"
2222,0,normal_tightening,1,[0],True,1556,3439980,3441535,1,True,13551.721,13567.271,13551.721,13567.271,15.55,0,0,1555,True,0.01,2.01637252184e-10,0.0099999999984,0.0100000000039,100,3,"[0, 1, 2]"
2223,5,supplementary_operation,1,[5],True,986,3441536,3442521,1,True,13567.281,13577.131,13567.281,13577.131,9.85,0,0,985,True,0.01,0,0.0099999999984,0.0100000000039,100,3,"[0, 1, 2]"
2224,2,extra_component,1,[2],True,1459,3442522,3443980,1,True,13577.141,13591.721,13577.141,13591.721,14.58,0,0,1458,True,0.01,0,0.0099999999984,0.0100000000039,100,3,"[0, 1, 2]"
2225,5,supplementary_operation,1,[5],True,1338,3443981,3445318,1,True,13591.731,13605.111,13591.731,13605.111,13.38,0,0,1337,True,0.0100074794316,0.0002733831994,0.0099999999984,0.0199999999986,99.9252615845,3,"[0, 1, 2]"
2226,0,normal_tightening,1,[0],True,1333,3445319,3446651,1,True,13605.121,13618.451,13605.121,13618.451,13.33,0,0,1332,True,0.0100075075075,0.000273895440656,0.0099999999984,0.0200000000004,99.9249812453,3,"[0, 1, 2]"
2227,5,supplementary_operation,1,[5],True,1405,3446652,3448056,1,True,13618.461,13856.53,13618.461,13856.53,238.069,0,0,1404,True,0.169564814815,5.9759611843,0.00999999999476,224.009,5.89744989898,3,"[0, 1, 2]"
2228,2,extra_component,1,[2],True,1390,3448057,3449446,1,True,13856.54,13870.43,13856.54,13870.43,13.89,0,0,1389,True,0.01,0,0.00999999999476,0.0100000000057,100,2,"[1, 2]"
2229,5,supplementary_operation,1,[5],True,1493,3449447,3450939,1,True,13870.44,13885.36,13870.44,13885.36,14.92,0,0,1492,True,0.01,0,0.00999999999476,0.0100000000057,100,3,"[0, 1, 2]"
2230,0,normal_tightening,1,[0],True,1329,3450940,3452268,1,True,13885.37,13898.67,13885.37,13898.67,13.3,0,0,1328,True,0.010015060241,0.000387782927413,0.00999999999476,0.0200000000004,99.8496240602,2,"[1, 2]"
2231,5,supplementary_operation,1,[5],True,1837,3452269,3454105,1,True,13898.68,13917.05,13898.68,13917.05,18.37,0,0,1836,True,0.0100054466231,0.000233316448712,0.00999999999476,0.0200000000004,99.9455634186,3,"[0, 1, 2]"
2232,0,normal_tightening,1,[0],True,1285,3454106,3455390,1,True,13917.06,13929.9,13917.06,13929.9,12.84,0,0,1284,True,0.01,0,0.00999999999476,0.0100000000057,100,3,"[0, 1, 2]"
2233,5,supplementary_operation,1,[5],True,1842,3455391,3457232,1,True,13929.91,13948.32,13929.91,13948.32,18.41,0,0,1841,True,0.01,1.18148647774e-09,0.00999999999476,0.0100000000057,100,2,"[1, 2]"
2234,0,normal_tightening,1,[0],True,1368,3457233,3458600,1,True,13948.33,13962,13948.33,13962,13.67,0,0,1367,True,0.01,0,0.00999999999476,0.0100000000057,100,3,"[0, 1, 2]"
2235,5,supplementary_operation,1,[5],True,1853,3458601,3460453,1,True,13962.01,13980.53,13962.01,13980.53,18.52,0,0,1852,True,0.01,1.18720799535e-09,0.00999999999476,0.0100000000057,100,3,"[0, 1, 2]"
2236,0,normal_tightening,1,[0],True,1242,3460454,3461695,1,True,13980.54,13992.95,13980.54,13992.95,12.41,0,0,1241,True,0.01,0,0.00999999999476,0.0100000000057,100,3,"[0, 1, 2]"
2237,5,supplementary_operation,1,[5],True,1822,3461696,3463517,1,True,13992.96,14011.17,13992.96,14011.17,18.21,0,0,1821,True,0.01,1.15245288897e-09,0.00999999999476,0.0100000000057,100,3,"[0, 1, 2]"
2238,0,normal_tightening,1,[0],True,1547,3463518,3465064,1,True,14011.18,14026.64,14011.18,14026.64,15.46,0,0,1546,True,0.01,3.86105942348e-10,0.00999999999476,0.0100000000057,100,3,"[0, 1, 2]"
2239,5,supplementary_operation,1,[5],True,1857,3465065,3466921,1,True,14026.65,14045.21,14026.65,14045.21,18.56,0,0,1856,True,0.01,1.19290207116e-09,0.00999999999476,0.0100000000057,100,3,"[0, 1, 2]"
2240,0,normal_tightening,1,[0],True,1551,3466922,3468472,1,True,14045.22,14060.72,14045.22,14060.72,15.5,0,0,1550,True,0.01,3.86105942348e-10,0.00999999999476,0.0100000000057,100,3,"[0, 1, 2]"
2241,5,supplementary_operation,1,[5],True,1811,3468473,3470283,1,True,14060.73,14078.83,14060.73,14078.83,18.1,0,0,1810,True,0.01,1.12266870693e-09,0.00999999999476,0.0100000000057,100,3,"[0, 1, 2]"
2242,0,normal_tightening,1,[0],True,1555,3470284,3471838,1,True,14078.84,14094.38,14078.84,14094.38,15.54,0,0,1554,True,0.01,4.50874602679e-10,0.00999999999476,0.0100000000057,100,3,"[0, 1, 2]"
2243,5,supplementary_operation,1,[5],True,1853,3471839,3473691,1,True,14094.39,14112.91,14094.39,14112.91,18.52,0,0,1852,True,0.01,1.18720799535e-09,0.00999999999476,0.0100000000057,100,2,"[1, 2]"
2244,0,normal_tightening,1,[0],True,1534,3473692,3475225,1,True,14112.92,14128.25,14112.92,14128.25,15.33,0,0,1533,True,0.01,2.32830643654e-10,0.00999999999476,0.0100000000057,100,3,"[0, 1, 2]"
2245,5,supplementary_operation,1,[5],True,1793,3475226,3477018,1,True,14128.26,14146.18,14128.26,14146.18,17.92,0,0,1792,True,0.01,1.09207252036e-09,0.00999999999476,0.0100000000057,100,3,"[0, 1, 2]"
2246,0,normal_tightening,1,[0],True,1574,3477019,3478592,1,True,14146.19,14161.92,14146.19,14161.92,15.73,0,0,1573,True,0.01,5.20625146455e-10,0.00999999999476,0.0100000000057,100,3,"[0, 1, 2]"
2247,5,supplementary_operation,1,[5],True,1777,3478593,3480369,1,True,14161.93,14179.69,14161.93,14179.69,17.76,0,0,1776,True,0.01,1.07959128165e-09,0.00999999999476,0.0100000000057,100,3,"[0, 1, 2]"
2248,0,normal_tightening,1,[0],True,1571,3480370,3481940,1,True,14179.7,14195.4,14179.7,14195.4,15.7,0,0,1570,True,0.01,5.20625146455e-10,0.00999999999476,0.0100000000057,100,3,"[0, 1, 2]"
2249,5,supplementary_operation,1,[5],True,1876,3481941,3483816,1,True,14195.41,14214.16,14195.41,14214.16,18.75,0,0,1875,True,0.01,1.22097419595e-09,0.00999999999476,0.0100000000057,100,3,"[0, 1, 2]"
2250,0,normal_tightening,1,[0],True,1527,3483817,3485343,1,True,14214.17,14229.43,14214.17,14229.43,15.26,0,0,1526,True,0.01,2.01637252184e-10,0.00999999999476,0.0100000000057,100,3,"[0, 1, 2]"
2251,5,supplementary_operation,1,[5],True,1806,3485344,3487149,1,True,14229.44,14247.49,14229.44,14247.49,18.05,0,0,1805,True,0.01,1.11053139136e-09,0.00999999999476,0.0100000000057,100,3,"[0, 1, 2]"
2252,0,normal_tightening,1,[0],True,1545,3487150,3488694,1,True,14247.5,14262.94,14247.5,14262.94,15.44,0,0,1544,True,0.01,3.68137571515e-10,0.00999999999476,0.0100000000057,100,3,"[0, 1, 2]"
2253,5,supplementary_operation,1,[5],True,1867,3488695,3490561,1,True,14262.95,14281.61,14262.95,14281.61,18.66,0,0,1866,True,0.01,1.2098235131e-09,0.00999999999476,0.0100000000057,100,3,"[0, 1, 2]"
2254,0,normal_tightening,1,[0],True,1506,3490562,3492067,1,True,14281.62,14296.67,14281.62,14296.67,15.05,0,0,1505,True,0.01,0,0.00999999999476,0.0100000000057,100,2,"[1, 2]"
2255,5,supplementary_operation,1,[5],True,1793,3492068,3493860,1,True,14296.68,14314.6,14296.68,14314.6,17.92,0,0,1792,True,0.01,1.0982599496e-09,0.00999999999476,0.0100000000057,100,3,"[0, 1, 2]"
2256,0,normal_tightening,1,[0],True,1508,3493861,3495368,1,True,14314.61,14329.68,14314.61,14329.68,15.07,0,0,1507,True,0.01,0,0.00999999999476,0.0100000000057,100,3,"[0, 1, 2]"
2257,5,supplementary_operation,1,[5],True,1794,3495369,3497162,1,True,14329.69,14347.62,14329.69,14347.62,17.93,0,0,1793,True,0.01,1.10441271454e-09,0.00999999999476,0.0100000000057,100,3,"[0, 1, 2]"
2258,0,normal_tightening,1,[0],True,1458,3497163,3498620,1,True,14347.63,14362.2,14347.63,14362.2,14.57,0,0,1457,True,0.01,0,0.00999999999476,0.0100000000057,100,3,"[0, 1, 2]"
2259,5,supplementary_operation,1,[5],True,1842,3498621,3500462,1,True,14362.21,14380.62,14362.21,14380.62,18.41,0,0,1841,True,0.01,1.17573711769e-09,0.00999999999476,0.0100000000057,100,3,"[0, 1, 2]"
2260,0,normal_tightening,1,[0],True,1508,3500463,3501970,1,True,14380.63,14395.7,14380.63,14395.7,15.07,0,0,1507,True,0.01,0,0.00999999999476,0.0100000000057,100,3,"[0, 1, 2]"
2261,5,supplementary_operation,1,[5],True,1832,3501971,3503802,1,True,14395.71,14414.02,14395.71,14414.02,18.31,0,0,1831,True,0.01,1.15831782705e-09,0.00999999999476,0.0100000000057,100,3,"[0, 1, 2]"
2262,0,normal_tightening,1,[0],True,1364,3503803,3505166,1,True,14414.03,14427.66,14414.03,14427.66,13.63,0,0,1363,True,0.01,0,0.00999999999476,0.0100000000057,100,3,"[0, 1, 2]"
2263,5,supplementary_operation,1,[5],True,1831,3505167,3506997,1,True,14427.67,14445.97,14427.67,14445.97,18.3,0,0,1830,True,0.01,1.15245288897e-09,0.00999999999476,0.0100000000057,100,3,"[0, 1, 2]"
2264,0,normal_tightening,1,[0],True,1535,3506998,3508532,1,True,14445.98,14461.32,14445.98,14461.32,15.34,0,0,1534,True,0.01,2.60312573228e-10,0.00999999999476,0.0100000000057,100,3,"[0, 1, 2]"
2265,5,supplementary_operation,1,[5],True,1814,3508533,3510346,1,True,14461.33,14479.49,14461.33,14479.49,18.16,0,0,1813,True,0.0100165471594,0.000406445304505,0.00999999999476,0.0200000000004,99.8348017621,3,"[0, 1, 2]"
2266,0,normal_tightening,1,[0],True,1412,3510347,3511758,1,True,14479.5,14493.68,14479.5,14493.68,14.18,0,0,1411,True,0.0100496102055,0.00079710998435,0.00999999999476,0.0300000000007,99.5063469676,3,"[0, 1, 2]"
2267,5,supplementary_operation,1,[5],True,1359,3511759,3513117,1,True,14493.69,14507.27,14493.69,14507.27,13.58,0,0,1358,True,0.01,0,0.00999999999476,0.0100000000057,100,3,"[0, 1, 2]"
2268,0,normal_tightening,1,[0],True,1557,3513118,3514674,1,True,14507.28,14522.85,14507.28,14522.85,15.57,0,0,1556,True,0.0100064267352,0.000253428588098,0.00999999999476,0.0200000000004,99.9357739242,3,"[0, 1, 2]"
2269,5,supplementary_operation,1,[5],True,1088,3514675,3515762,1,True,14522.86,14533.76,14522.86,14533.76,10.9,0,0,1087,True,0.010027598896,0.000524621064549,0.00999999999476,0.0200000000004,99.7247706422,3,"[0, 1, 2]"
2270,2,extra_component,1,[2],True,1385,3515763,3517147,1,True,14533.77,14547.61,14533.77,14547.61,13.84,0,0,1384,True,0.01,0,0.00999999999476,0.0100000000057,100,3,"[0, 1, 2]"
2271,5,supplementary_operation,1,[5],True,1388,3517148,3518535,1,True,14547.62,14561.53,14547.62,14561.53,13.91,0,0,1387,True,0.0100288392213,0.00107365597502,0.00999999999476,0.0499999999956,99.7124370956,3,"[0, 1, 2]"
2272,0,normal_tightening,1,[0],True,1418,3518536,3519953,1,True,14561.54,14575.71,14561.54,14575.71,14.17,0,0,1417,True,0.01,0,0.00999999999476,0.0100000000057,100,3,"[0, 1, 2]"
2273,5,supplementary_operation,1,[5],True,1383,3519954,3521336,1,True,14575.72,14589.74,14575.72,14589.74,14.02,0,0,1382,True,0.0101447178003,0.00130983600567,0.00999999999476,0.0300000000007,98.5734664765,3,"[0, 1, 2]"
2274,0,normal_tightening,1,[0],True,1308,3521337,3522644,1,True,14589.75,14603.15,14589.75,14603.15,13.4,0,0,1307,True,0.0102524866106,0.00170885434765,0.00999999999476,0.0300000000007,97.5373134328,3,"[0, 1, 2]"
2275,5,supplementary_operation,1,[5],True,1459,3522645,3524103,1,True,14603.16,14617.81,14603.16,14617.81,14.65,0,0,1458,True,0.0100480109739,0.000784205902249,0.00999999999476,0.0300000000007,99.5221843003,3,"[0, 1, 2]"
2276,0,normal_tightening,1,[0],True,1322,3524104,3525425,1,True,14617.82,14631.03,14617.82,14631.03,13.21,0,0,1321,True,0.01,0,0.00999999999476,0.0100000000057,100,3,"[0, 1, 2]"
2277,5,supplementary_operation,1,[5],True,1800,3525426,3527225,1,True,14631.04,14649.03,14631.04,14649.03,17.99,0,0,1799,True,0.01,1.10441271454e-09,0.00999999999476,0.0100000000057,100,3,"[0, 1, 2]"
2278,0,normal_tightening,1,[0],True,1320,3527226,3528545,1,True,14649.04,14662.23,14649.04,14662.23,13.19,0,0,1319,True,0.01,0,0.00999999999476,0.0100000000057,100,3,"[0, 1, 2]"
2279,5,supplementary_operation,1,[5],True,1871,3528546,3530416,1,True,14662.24,14680.94,14662.24,14680.94,18.7,0,0,1870,True,0.01,1.22097419595e-09,0.00999999999476,0.0100000000057,100,3,"[0, 1, 2]"
2280,0,normal_tightening,1,[0],True,1469,3530417,3531885,1,True,14680.95,14695.64,14680.95,14695.64,14.69,0,0,1468,True,0.0100068119891,0.000260908964619,0.00999999999476,0.0200000000004,99.9319264806,3,"[0, 1, 2]"
2281,5,supplementary_operation,1,[5],True,1876,3531886,3533761,1,True,14695.65,14714.41,14695.65,14714.41,18.76,0,0,1875,True,0.0100053333333,0.000230878515447,0.00999999999476,0.0200000000004,99.9466950959,3,"[0, 1, 2]"
2282,0,normal_tightening,1,[0],True,1266,3533762,3535027,1,True,14714.42,14727.07,14714.42,14727.07,12.65,0,0,1265,True,0.01,0,0.00999999999476,0.0100000000057,100,3,"[0, 1, 2]"
2283,5,supplementary_operation,1,[5],True,1823,3535028,3536850,1,True,14727.08,14745.3,14727.08,14745.3,18.22,0,0,1822,True,0.01,1.14063254687e-09,0.00999999999476,0.0100000000057,100,3,"[0, 1, 2]"
2284,0,normal_tightening,1,[0],True,1702,3536851,3538552,1,True,14745.31,14762.34,14745.31,14762.34,17.03,0,0,1701,True,0.0100117577895,0.00034269468883,0.00999999999476,0.0200000000004,99.8825601879,3,"[0, 1, 2]"
2285,5,supplementary_operation,1,[5],True,1815,3538553,3540367,1,True,14762.35,14780.5,14762.35,14780.5,18.15,0,0,1814,True,0.0100055126792,0.000234726227753,0.00999999999476,0.0200000000004,99.9449035813,3,"[0, 1, 2]"
2286,0,normal_tightening,1,[0],True,1572,3540368,3541939,1,True,14780.51,14796.22,14780.51,14796.22,15.71,0,0,1571,True,0.01,4.93908380987e-10,0.00999999999476,0.0100000000057,100,3,"[0, 1, 2]"
2287,5,supplementary_operation,1,[5],True,1831,3541940,3543770,1,True,14796.23,14814.54,14796.23,14814.54,18.31,0,0,1830,True,0.0100054644809,0.000233698412913,0.00999999999476,0.0200000000004,99.9453850355,3,"[0, 1, 2]"
2288,0,normal_tightening,1,[0],True,1577,3543771,3545347,1,True,14814.55,14830.6,14814.55,14830.6,16.05,0,0,1576,True,0.0101840101523,0.00139037597075,0.00999999999476,0.0299999999988,98.1931464174,3,"[0, 1, 2]"
2289,5,supplementary_operation,1,[5],True,1822,3545348,3547169,1,True,14830.61,14848.85,14830.61,14848.85,18.24,0,0,1821,True,0.0100164744646,0.000405553002469,0.00999999999476,0.0200000000004,99.8355263158,3,"[0, 1, 2]"
2290,0,normal_tightening,1,[0],True,1616,3547170,3548785,1,True,14848.86,14865.03,14848.86,14865.03,16.17,0,0,1615,True,0.0100123839009,0.000351689704533,0.00999999999476,0.0200000000004,99.876314162,3,"[0, 1, 2]"
2291,5,supplementary_operation,1,[5],True,1851,3548786,3550636,1,True,14865.04,14883.58,14865.04,14883.58,18.54,0,0,1850,True,0.0100216216216,0.000464487590464,0.00999999999476,0.0200000000004,99.7842502697,3,"[0, 1, 2]"
2292,0,normal_tightening,1,[0],True,1566,3550637,3552202,1,True,14883.59,14899.28,14883.59,14899.28,15.69,0,0,1565,True,0.0100255591054,0.000504913642628,0.00999999999476,0.0200000000059,99.7450605481,3,"[0, 1, 2]"
2293,5,supplementary_operation,1,[5],True,1872,3552203,3554074,1,True,14899.29,14918,14899.29,14918,18.71,0,0,1871,True,0.01,1.21541164221e-09,0.00999999999476,0.0100000000057,100,3,"[0, 1, 2]"
2294,0,normal_tightening,1,[0],True,1537,3554075,3555611,1,True,14918.01,14933.38,14918.01,14933.38,15.37,0,0,1536,True,0.0100065104167,0.000255072109701,0.00999999999476,0.0200000000004,99.9349381913,3,"[0, 1, 2]"
2295,5,supplementary_operation,1,[5],True,1877,3555612,3557488,1,True,14933.39,14952.17,14933.39,14952.17,18.78,0,0,1876,True,0.0100106609808,0.000461634010647,0.00999999999476,0.0300000000043,99.8935037274,2,"[1, 2]"
2296,0,normal_tightening,1,[0],True,1512,3557489,3559000,1,True,14952.18,14967.29,14952.18,14967.29,15.11,0,0,1511,True,0.01,0,0.00999999999476,0.0100000000057,100,3,"[0, 1, 2]"
2297,5,supplementary_operation,1,[5],True,1828,3559001,3560828,1,True,14967.3,14985.57,14967.3,14985.57,18.27,0,0,1827,True,0.01,1.14655795062e-09,0.00999999999476,0.0100000000057,100,3,"[0, 1, 2]"
2298,0,normal_tightening,1,[0],True,1535,3560829,3562363,1,True,14985.58,15000.93,14985.58,15000.93,15.35,0,0,1534,True,0.0100065189048,0.000255238226223,0.00999999999476,0.0200000000004,99.9348534202,3,"[0, 1, 2]"
2299,5,supplementary_operation,1,[5],True,1805,3562364,3564168,1,True,15000.94,15018.98,15000.94,15018.98,18.04,0,0,1804,True,0.01,1.11053139136e-09,0.00999999999476,0.0100000000057,100,3,"[0, 1, 2]"
2300,0,normal_tightening,1,[0],True,1522,3564169,3565690,1,True,15018.99,15034.2,15018.99,15034.2,15.21,0,0,1521,True,0.01,2.01637252184e-10,0.00999999999476,0.0100000000057,100,3,"[0, 1, 2]"
2301,5,supplementary_operation,1,[5],True,1813,3565691,3567503,1,True,15034.21,15052.4,15034.21,15052.4,18.19,0,0,1812,True,0.0100386313466,0.000620339491585,0.00999999999476,0.0200000000004,99.6151731721,3,"[0, 1, 2]"
2302,0,normal_tightening,1,[0],True,1532,3567504,3569035,1,True,15052.41,15067.72,15052.41,15067.72,15.31,0,0,1531,True,0.01,2.60312573228e-10,0.00999999999476,0.0100000000057,100,3,"[0, 1, 2]"
2303,5,supplementary_operation,1,[5],True,998,3569036,3570033,1,True,15067.73,15077.71,15067.73,15077.71,9.98,0,0,997,True,0.0100100300903,0.000316544309702,0.00999999999476,0.0200000000004,99.8997995992,2,"[1, 2]"
2304,2,extra_component,1,[2],True,1328,3570034,3571361,1,True,15077.72,15090.99,15077.72,15090.99,13.27,0,0,1327,True,0.01,0,0.00999999999476,0.0100000000057,100,2,"[1, 2]"
2305,5,supplementary_operation,1,[5],True,1856,3571362,3573217,1,True,15091,15109.55,15091,15109.55,18.55,0,0,1855,True,0.01,1.19290207116e-09,0.00999999999476,0.0100000000057,100,3,"[0, 1, 2]"
2306,0,normal_tightening,1,[0],True,1377,3573218,3574594,1,True,15109.56,15123.32,15109.56,15123.32,13.76,0,0,1376,True,0.01,0,0.00999999999476,0.0100000000057,100,3,"[0, 1, 2]"
2307,5,supplementary_operation,1,[5],True,1783,3574595,3576377,1,True,15123.33,15141.15,15123.33,15141.15,17.82,0,0,1782,True,0.01,1.07329623509e-09,0.00999999999476,0.0100000000057,100,2,"[1, 2]"
2308,0,normal_tightening,1,[0],True,1336,3576378,3577713,1,True,15141.16,15154.51,15141.16,15154.51,13.35,0,0,1335,True,0.01,0,0.00999999999476,0.0100000000057,100,3,"[0, 1, 2]"
2309,5,supplementary_operation,1,[5],True,1044,3577714,3578757,1,True,15154.52,15164.95,15154.52,15164.95,10.43,0,0,1043,True,0.01,0,0.00999999999476,0.0100000000057,100,3,"[0, 1, 2]"
2310,2,extra_component,1,[2],True,1319,3578758,3580076,1,True,15164.96,15178.17,15164.96,15178.17,13.21,0,0,1318,True,0.0100227617602,0.000476549582614,0.00999999999476,0.0200000000004,99.7728993187,3,"[0, 1, 2]"
2311,5,supplementary_operation,1,[5],True,1821,3580077,3581897,1,True,15178.18,15196.45,15178.18,15196.45,18.27,0,0,1820,True,0.0100384615385,0.000618979882282,0.00999999999476,0.0200000000004,99.6168582375,2,"[1, 2]"
2312,0,normal_tightening,1,[0],True,1284,3581898,3583181,1,True,15196.46,15209.29,15196.46,15209.29,12.83,0,0,1283,True,0.01,0,0.00999999999476,0.0100000000057,100,3,"[0, 1, 2]"
2313,5,supplementary_operation,1,[5],True,1837,3583182,3585018,1,True,15209.3,15227.66,15209.3,15227.66,18.36,0,0,1836,True,0.01,1.16415321827e-09,0.00999999999476,0.0100000000057,100,2,"[1, 2]"
2314,0,normal_tightening,1,[0],True,1289,3585019,3586307,1,True,15227.67,15240.55,15227.67,15240.55,12.88,0,0,1288,True,0.01,0,0.00999999999476,0.0100000000057,100,2,"[1, 2]"
2315,5,supplementary_operation,1,[5],True,1831,3586308,3588138,1,True,15240.56,15258.87,15240.56,15258.87,18.31,0,0,1830,True,0.0100054644809,0.00023369841287,0.00999999999476,0.0199999999986,99.9453850355,3,"[0, 1, 2]"
2316,0,normal_tightening,1,[0],True,1309,3588139,3589447,1,True,15258.88,15271.96,15258.88,15271.96,13.08,0,0,1308,True,0.01,0,0.00999999999476,0.0100000000057,100,2,"[1, 2]"
2317,5,supplementary_operation,1,[5],True,1873,3589448,3591320,1,True,15271.97,15290.69,15271.97,15290.69,18.72,0,0,1872,True,0.01,1.15245288897e-09,0.00999999999476,0.0100000000057,100,2,"[1, 2]"
2318,0,normal_tightening,1,[0],True,1708,3591321,3593028,1,True,15290.7,15307.78,15290.7,15307.78,17.08,0,0,1707,True,0.0100058582308,0.00024196691774,0.00999999999476,0.0200000000004,99.9414519906,2,"[1, 2]"
2319,5,supplementary_operation,1,[5],True,1855,3593029,3594883,1,True,15307.79,15326.34,15307.79,15326.34,18.55,0,0,1854,True,0.0100053937433,0.000232181696345,0.00999999999476,0.0200000000004,99.9460916442,2,"[1, 2]"
2320,0,normal_tightening,1,[0],True,1617,3594884,3596500,1,True,15326.35,15342.51,15326.35,15342.51,16.16,0,0,1616,True,0.01,6.88722331903e-10,0.00999999999476,0.0100000000057,100,3,"[0, 1, 2]"
2321,5,supplementary_operation,1,[5],True,1047,3596501,3597547,1,True,15342.52,15352.98,15342.52,15352.98,10.46,0,0,1046,True,0.01,0,0.00999999999476,0.0100000000057,100,3,"[0, 1, 2]"
2322,2,extra_component,1,[2],True,1503,3597548,3599050,1,True,15352.99,15368.05,15352.99,15368.05,15.06,0,0,1502,True,0.0100266311585,0.000515366244459,0.00999999999476,0.0200000000004,99.7343957503,2,"[1, 2]"
2323,5,supplementary_operation,1,[5],True,1815,3599051,3600865,1,True,15368.06,15386.24,15368.06,15386.24,18.18,0,0,1814,True,0.0100220507166,0.000742146671526,0.00999999999476,0.0399999999991,99.7799779978,3,"[0, 1, 2]"
2324,0,normal_tightening,1,[0],True,1531,3600866,3602396,1,True,15386.25,15401.55,15386.25,15401.55,15.3,0,0,1530,True,0.01,2.32830643654e-10,0.00999999999476,0.0100000000057,100,3,"[0, 1, 2]"
2325,5,supplementary_operation,1,[5],True,1801,3602397,3604197,1,True,15401.56,15419.56,15401.56,15419.56,18,0,0,1800,True,0.01,1.04125029291e-09,0.00999999999476,0.0100000000057,100,3,"[0, 1, 2]"
2326,0,normal_tightening,1,[0],True,1540,3604198,3605737,1,True,15419.57,15434.98,15419.57,15434.98,15.41,0,0,1539,True,0.0100129954516,0.00036025773291,0.00999999999476,0.0199999999986,99.8702141467,3,"[0, 1, 2]"
2327,5,supplementary_operation,1,[5],True,1809,3605738,3607546,1,True,15434.99,15453.07,15434.99,15453.07,18.08,0,0,1808,True,0.01,1.04773789644e-09,0.00999999999476,0.0100000000057,100,3,"[0, 1, 2]"
2328,0,normal_tightening,1,[0],True,1663,3607547,3609209,1,True,15453.08,15469.71,15453.08,15469.71,16.63,0,0,1662,True,0.0100060168472,0.000245218819129,0.00999999999476,0.0199999999986,99.939867709,3,"[0, 1, 2]"
2329,5,supplementary_operation,1,[5],True,1799,3609210,3611008,1,True,15469.72,15487.71,15469.72,15487.71,17.99,0,0,1798,True,0.0100055617353,0.000235767724086,0.00999999999476,0.0200000000004,99.9444135631,3,"[0, 1, 2]"
2330,0,normal_tightening,1,[0],True,1371,3611009,3612379,1,True,15487.72,15501.58,15487.72,15501.58,13.86,0,0,1370,True,0.0101167883212,0.00107435734268,0.00999999999476,0.0200000000059,98.8455988456,2,"[1, 2]"
2331,5,supplementary_operation,1,[5],True,1773,3612380,3614152,1,True,15501.59,15519.63,15501.59,15519.63,18.04,0,0,1772,True,0.0101805869074,0.00137336239232,0.00999999999476,0.0300000000007,98.2261640798,3,"[0, 1, 2]"
2332,0,normal_tightening,1,[0],True,1295,3614153,3615447,1,True,15519.64,15532.81,15519.64,15532.81,13.17,0,0,1294,True,0.0101777434312,0.00143351337477,0.00999999999476,0.0299999999988,98.2536066819,3,"[0, 1, 2]"
2333,5,supplementary_operation,1,[5],True,1797,3615448,3617244,1,True,15532.82,15550.96,15532.82,15550.96,18.14,0,0,1796,True,0.0101002227171,0.00105049567024,0.00999999999476,0.0300000000007,99.0077177508,3,"[0, 1, 2]"
2334,0,normal_tightening,1,[0],True,1303,3617245,3618547,1,True,15550.97,15564.19,15550.97,15564.19,13.22,0,0,1302,True,0.010153609831,0.00134897071575,0.00999999999476,0.0299999999988,98.4871406959,3,"[0, 1, 2]"
2335,5,supplementary_operation,1,[5],True,1020,3618548,3619567,1,True,15564.2,15574.39,15564.2,15574.39,10.19,0,0,1019,True,0.01,0,0.00999999999476,0.0100000000057,100,3,"[0, 1, 2]"
2336,2,extra_component,1,[2],True,1355,3619568,3620922,1,True,15574.4,15587.94,15574.4,15587.94,13.54,0,0,1354,True,0.01,0,0.00999999999476,0.0100000000057,100,3,"[0, 1, 2]"
2337,5,supplementary_operation,1,[5],True,1776,3620923,3622698,1,True,6122.138,6139.908,6122.138,6139.908,17.77,0,0,1775,True,0.0100112676056,0.000335483378741,0.00999999999658,0.0200000000013,99.8874507597,3,"[0, 1, 2]"
2338,1,damaged_screw,1,[1],True,1351,3622699,3624049,1,True,6139.918,6153.508,6139.918,6153.508,13.59,0,0,1350,True,0.0100666666667,0.00112018516989,0.00999999999658,0.04,99.3377483444,3,"[0, 1, 2]"
2339,5,supplementary_operation,1,[5],True,1367,3624050,3625416,1,True,6153.518,6167.178,6153.518,6167.178,13.66,0,0,1366,True,0.01,6.88722331903e-10,0.00999999999658,0.0100000000039,100,3,"[0, 1, 2]"
2340,0,normal_tightening,1,[0],True,1435,3625417,3626851,1,True,6167.188,6181.558,6167.188,6181.558,14.37,0,0,1434,True,0.0100209205021,0.000590116401522,0.00999999999658,0.0299999999961,99.7912317328,3,"[0, 1, 2]"
2341,5,supplementary_operation,1,[5],True,1303,3626852,3628154,1,True,6181.568,6194.608,6181.568,6194.608,13.04,0,0,1302,True,0.0100153609831,0.000391629762877,0.00999999999658,0.0199999999986,99.8466257669,3,"[0, 1, 2]"
2342,0,normal_tightening,1,[0],True,1394,3628155,3629548,1,True,6194.618,6208.578,6194.618,6208.578,13.96,0,0,1393,True,0.0100215362527,0.000598726761357,0.00999999999658,0.0300000000016,99.7851002865,3,"[0, 1, 2]"
2343,5,supplementary_operation,1,[5],True,1316,3629549,3630864,1,True,6208.588,6221.748,6208.588,6221.748,13.16,0,0,1315,True,0.0100076045627,0.000275658843567,0.00999999999658,0.0200000000023,99.9240121581,2,"[1, 2]"
2344,0,normal_tightening,1,[0],True,1389,3630865,3632253,1,True,6221.758,6235.648,6221.758,6235.648,13.89,0,0,1388,True,0.0100072046109,0.000268317355266,0.00999999999658,0.0200000000032,99.9280057595,3,"[0, 1, 2]"
2345,5,supplementary_operation,1,[5],True,1387,3632254,3633640,1,True,6235.658,6249.548,6235.658,6249.548,13.89,0,0,1386,True,0.0100216450216,0.000600234832278,0.00999999999658,0.0300000000016,99.7840172786,2,"[1, 2]"
2346,1,damaged_screw,1,[1],True,1348,3633641,3634988,1,True,6249.558,6263.048,6249.558,6263.048,13.49,0,0,1347,True,0.0100148478099,0.000385042389953,0.00999999999658,0.0200000000013,99.8517420311,3,"[0, 1, 2]"
2347,5,supplementary_operation,1,[5],True,1474,3634989,3636462,1,True,6263.058,6277.788,6263.058,6277.788,14.73,0,0,1473,True,0.01,6.58544507983e-10,0.00999999999658,0.0100000000039,100,3,"[0, 1, 2]"
2348,0,normal_tightening,1,[0],True,1331,3636463,3637793,1,True,6277.798,6291.098,6277.798,6291.098,13.3,0,0,1330,True,0.01,6.68755109252e-10,0.00999999999658,0.0100000000039,100,3,"[0, 1, 2]"
2349,5,supplementary_operation,1,[5],True,1476,3637794,3639269,1,True,6291.108,6305.868,6291.108,6305.868,14.76,0,0,1475,True,0.010006779661,0.000260289543435,0.00999999999658,0.0200000000041,99.9322493225,3,"[0, 1, 2]"
2350,0,normal_tightening,1,[0],True,1472,3639270,3640741,1,True,6305.878,6320.598,6305.878,6320.598,14.72,0,0,1471,True,0.0100067980965,0.000260642957333,0.00999999999658,0.0199999999995,99.9320652174,2,"[1, 2]"
2351,5,supplementary_operation,1,[5],True,1502,3640742,3642243,1,True,6320.608,6335.618,6320.608,6335.618,15.01,0,0,1501,True,0.01,6.37632978038e-10,0.00999999999658,0.0100000000039,100,3,"[0, 1, 2]"
2352,0,normal_tightening,1,[0],True,1332,3642244,3643575,1,True,6335.628,6348.968,6335.628,6348.968,13.34,0,0,1331,True,0.010022539444,0.000474221903523,0.00999999999658,0.0200000000041,99.7751124438,2,"[1, 2]"
2353,5,supplementary_operation,1,[5],True,1826,3643576,3645401,1,True,6348.978,6367.248,6348.978,6367.248,18.27,0,0,1825,True,0.0100109589041,0.000330860912645,0.00999999999658,0.0200000000023,99.890530925,3,"[0, 1, 2]"
2354,1,damaged_screw,1,[1],True,1400,3645402,3646801,1,True,6367.258,6381.248,6367.258,6381.248,13.99,0,0,1399,True,0.01,6.68755109252e-10,0.00999999999658,0.0100000000039,100,3,"[0, 1, 2]"
2355,5,supplementary_operation,1,[5],True,1842,3646802,3648643,1,True,6381.258,6399.668,6381.258,6399.668,18.41,0,0,1841,True,0.01,6.16011980703e-10,0.00999999999658,0.0100000000039,100,2,"[1, 2]"
2356,0,normal_tightening,1,[0],True,1317,3648644,3649960,1,True,6399.678,6412.908,6399.678,6412.908,13.23,0,0,1316,True,0.0100531914894,0.000825264347342,0.00999999999658,0.0299999999988,99.4708994709,3,"[0, 1, 2]"
2357,5,supplementary_operation,1,[5],True,1858,3649961,3651818,1,True,6412.918,6431.538,6412.918,6431.538,18.62,0,0,1857,True,0.0100269251481,0.000518195443137,0.00999999999658,0.0200000000041,99.731471536,3,"[0, 1, 2]"
2358,0,normal_tightening,1,[0],True,1404,3651819,3653222,1,True,6431.548,6445.578,6431.548,6445.578,14.03,0,0,1403,True,0.01,6.68755109252e-10,0.00999999999658,0.0100000000039,100,2,"[1, 2]"
2359,5,supplementary_operation,1,[5],True,1876,3653223,3655098,1,True,6445.588,6464.358,6445.588,6464.358,18.77,0,0,1875,True,0.0100106666667,0.000461757030883,0.00999999999658,0.0300000000007,99.8934469899,2,"[1, 2]"
2360,0,normal_tightening,1,[0],True,1207,3655099,3656305,1,True,6464.368,6476.458,6464.368,6476.458,12.09,0,0,1206,True,0.0100248756219,0.000643408813761,0.00999999999658,0.0300000000016,99.7518610422,3,"[0, 1, 2]"
2361,5,supplementary_operation,1,[5],True,1846,3656306,3658151,1,True,6476.468,6494.918,6476.468,6494.918,18.45,0,0,1845,True,0.01,6.04911756551e-10,0.00999999999658,0.0100000000039,100,2,"[1, 2]"
2362,1,damaged_screw,1,[1],True,1699,3658152,3659850,1,True,6494.928,6511.918,6494.928,6511.918,16.99,0,0,1698,True,0.0100058892815,0.000242606948535,0.00999999999658,0.0200000000032,99.9411418481,2,"[1, 2]"
2363,5,supplementary_operation,1,[5],True,1874,3659851,3661724,1,True,6511.928,6530.668,6511.928,6530.668,18.74,0,0,1873,True,0.0100053390283,0.000231001683394,0.00999999999658,0.0199999999986,99.946638207,3,"[0, 1, 2]"
2364,0,normal_tightening,1,[0],True,1610,3661725,3663334,1,True,6530.678,6546.798,6530.678,6546.798,16.12,0,0,1609,True,0.0100186451212,0.000431397231687,0.00999999999658,0.0200000000041,99.8138957816,3,"[0, 1, 2]"
2365,5,supplementary_operation,1,[5],True,1850,3663335,3665184,1,True,6546.808,6565.298,6546.808,6565.298,18.49,0,0,1849,True,0.01,6.26915694114e-10,0.00999999999658,0.0100000000039,100,3,"[0, 1, 2]"
2366,0,normal_tightening,1,[0],True,1662,3665185,3666846,1,True,6565.308,6581.918,6565.308,6581.918,16.61,0,0,1661,True,0.01,6.26915694114e-10,0.00999999999658,0.0100000000039,100,3,"[0, 1, 2]"
2367,5,supplementary_operation,1,[5],True,1816,3666847,3668662,1,True,6581.928,6600.088,6581.928,6600.088,18.16,0,0,1815,True,0.0100055096419,0.00023466159169,0.00999999999658,0.0200000000032,99.9449339207,3,"[0, 1, 2]"
2368,0,normal_tightening,1,[0],True,1547,3668663,3670209,1,True,6600.098,6615.568,6600.098,6615.568,15.47,0,0,1546,True,0.0100064683053,0.000254246364985,0.00999999999658,0.0200000000032,99.9353587589,3,"[0, 1, 2]"
2369,5,supplementary_operation,1,[5],True,1863,3670210,3672072,1,True,6615.578,6634.208,6615.578,6634.208,18.63,0,0,1862,True,0.0100053705693,0.000231682648905,0.00999999999658,0.0200000000013,99.9463231347,3,"[0, 1, 2]"
2370,1,damaged_screw,1,[1],True,1652,3672073,3673724,1,True,6634.218,6650.728,6634.218,6650.728,16.51,0,0,1651,True,0.01,6.26915694114e-10,0.00999999999658,0.0100000000039,100,3,"[0, 1, 2]"
2371,5,supplementary_operation,1,[5],True,1842,3673725,3675566,1,True,6650.738,6669.158,6650.738,6669.158,18.42,0,0,1841,True,0.0100054318305,0.000232999571848,0.00999999999658,0.0199999999995,99.9457111835,3,"[0, 1, 2]"
2372,0,normal_tightening,1,[0],True,1541,3675567,3677107,1,True,6669.168,6684.568,6669.168,6684.568,15.4,0,0,1540,True,0.01,6.48173080155e-10,0.00999999999658,0.0100000000039,100,3,"[0, 1, 2]"
2373,5,supplementary_operation,1,[5],True,1455,3677108,3678562,1,True,6684.578,6699.148,6684.578,6699.148,14.57,0,0,1454,True,0.0100206327373,0.000453763884455,0.00999999999658,0.0199999999995,99.7940974605,2,"[1, 2]"
2374,0,normal_tightening,1,[0],True,1250,3678563,3679812,1,True,6699.158,6711.678,6699.158,6711.678,12.52,0,0,1249,True,0.0100240192154,0.000632252586682,0.00999999999658,0.0299999999961,99.7603833866,2,"[1, 2]"
2375,5,supplementary_operation,1,[5],True,1869,3679813,3681681,1,True,6711.688,6730.378,6711.688,6730.378,18.69,0,0,1868,True,0.0100053533191,0.000231310467938,0.00999999999658,0.0200000000023,99.9464954521,3,"[0, 1, 2]"
2376,0,normal_tightening,1,[0],True,1529,3681682,3683210,1,True,6730.388,6745.678,6730.388,6745.678,15.29,0,0,1528,True,0.0100065445026,0.000255738529819,0.00999999999658,0.0199999999977,99.9345977763,3,"[0, 1, 2]"
2377,5,supplementary_operation,1,[5],True,1812,3683211,3685022,1,True,6745.688,6763.808,6745.688,6763.808,18.12,0,0,1811,True,0.0100055218112,0.000234920457086,0.00999999999658,0.0200000000013,99.944812362,3,"[0, 1, 2]"
2378,1,damaged_screw,1,[1],True,1483,3685023,3686505,1,True,6763.818,6778.658,6763.818,6778.658,14.84,0,0,1482,True,0.0100134952767,0.000367111214928,0.00999999999658,0.0200000000032,99.8652291105,3,"[0, 1, 2]"
2379,5,supplementary_operation,1,[5],True,13,3686506,3686518,1,True,6778.668,6778.788,6778.668,6778.788,0.12,0,0,12,True,0.00999999999999,0,0.00999999999749,0.0100000000039,100,1,[1]
2380,0,normal_tightening,1,[0],True,2441,3686519,3688959,1,True,6797.608,6822.039,6797.608,6822.039,24.431,0,0,2440,True,0.010012704918,0.000353325041589,0.00900000000001,0.0199999999995,99.8731120298,5,"[0, 1, 2, 3, 4]"
2381,5,supplementary_operation,1,[5],True,1950,3688960,3690909,1,True,7346.025,7365.535,7346.025,7365.535,19.51,0,0,1949,True,0.0100102616727,0.000320174053648,0.00999999999749,0.0200000000023,99.8974884675,3,"[0, 1, 2]"
2382,0,normal_tightening,1,[0],True,1527,3690910,3692436,1,True,7365.545,7380.805,7365.545,7380.805,15.26,0,0,1526,True,0.01,0,0.00999999999749,0.010000000002,100,3,"[0, 1, 2]"
2383,5,supplementary_operation,1,[5],True,1885,3692437,3694321,1,True,7380.815,7399.715,7380.815,7399.715,18.9,0,0,1884,True,0.0100318471338,0.000563433312506,0.00999999999749,0.0200000000023,99.6825396826,3,"[0, 1, 2]"
2384,0,normal_tightening,1,[0],True,1504,3694322,3695825,1,True,7399.725,7414.765,7399.725,7414.765,15.04,0,0,1503,True,0.0100066533599,0.000257855254503,0.00999999999749,0.0200000000004,99.9335106383,3,"[0, 1, 2]"
2385,5,supplementary_operation,1,[5],True,1830,3695826,3697655,1,True,7414.775,7433.075,7414.775,7433.075,18.3,0,0,1829,True,0.0100054674686,0.000233762256221,0.00999999999749,0.0200000000023,99.9453551913,3,"[0, 1, 2]"
2386,1,damaged_screw,1,[1],True,1626,3697656,3699281,1,True,7433.085,7449.345,7433.085,7449.345,16.26,0,0,1625,True,0.0100061538462,0.000247993128421,0.00999999999749,0.0200000000023,99.938499385,3,"[0, 1, 2]"
2387,5,supplementary_operation,1,[5],True,1886,3699282,3701167,1,True,7449.355,7468.215,7449.355,7468.215,18.86,0,0,1885,True,0.0100053050398,0.000230265617076,0.00999999999749,0.0199999999977,99.9469777307,2,"[1, 2]"
2388,0,normal_tightening,1,[0],True,1498,3701168,3702665,1,True,7468.225,7483.215,7468.225,7483.215,14.99,0,0,1497,True,0.0100133600534,0.000365269822698,0.00999999999749,0.0200000000023,99.8665777185,2,"[1, 2]"
2389,5,supplementary_operation,1,[5],True,1835,3702666,3704500,1,True,7483.225,7501.575,7483.225,7501.575,18.35,0,0,1834,True,0.0100054525627,0.00023344356198,0.00999999999749,0.0200000000023,99.9455040872,3,"[0, 1, 2]"
2390,0,normal_tightening,1,[0],True,1496,3704501,3705996,1,True,7501.585,7516.545,7501.585,7516.545,14.96,0,0,1495,True,0.0100066889632,0.000258543787216,0.00999999999749,0.0200000000023,99.9331550802,2,"[1, 2]"
2391,5,supplementary_operation,1,[5],True,1828,3705997,3707824,1,True,7516.555,7534.825,7516.555,7534.825,18.27,0,0,1827,True,0.01,7.54457514082e-10,0.00999999999749,0.010000000002,100,3,"[0, 1, 2]"
2392,0,normal_tightening,1,[0],True,1562,3707825,3709386,1,True,7534.835,7550.455,7534.835,7550.455,15.62,0,0,1561,True,0.0100064061499,0.000253022647823,0.00999999999749,0.0200000000023,99.9359795134,3,"[0, 1, 2]"
2393,5,supplementary_operation,1,[5],True,1788,3709387,3711174,1,True,7550.465,7568.345,7550.465,7568.345,17.88,0,0,1787,True,0.0100055959709,0.000236491847903,0.00999999999749,0.0200000000004,99.9440715884,3,"[0, 1, 2]"
2394,1,damaged_screw,1,[1],True,1500,3711175,3712674,1,True,7568.355,7583.345,7568.355,7583.345,14.99,0,0,1499,True,0.01,0,0.00999999999749,0.010000000002,100,3,"[0, 1, 2]"
2395,5,supplementary_operation,1,[5],True,1860,3712675,3714534,1,True,7583.355,7601.955,7583.355,7601.955,18.6,0,0,1859,True,0.0100053792361,0.000231869414387,0.00999999999749,0.0200000000023,99.9462365591,3,"[0, 1, 2]"
2396,0,normal_tightening,1,[0],True,1646,3714535,3716180,1,True,7601.965,7618.425,7601.965,7618.425,16.46,0,0,1645,True,0.0100060790274,0.000246481883736,0.00999999999749,0.0200000000023,99.9392466586,2,"[1, 2]"
2397,5,supplementary_operation,1,[5],True,1835,3716181,3718015,1,True,7618.435,7636.785,7618.435,7636.785,18.35,0,0,1834,True,0.0100054525627,0.000233443561916,0.00999999999749,0.0199999999995,99.9455040872,3,"[0, 1, 2]"
2398,0,normal_tightening,1,[0],True,1514,3718016,3719529,1,True,7636.795,7651.935,7636.795,7651.935,15.14,0,0,1513,True,0.0100066093853,0.000257002274875,0.00999999999749,0.0199999999995,99.9339498019,3,"[0, 1, 2]"
2399,5,supplementary_operation,1,[5],True,1820,3719530,3721349,1,True,7651.945,7670.135,7651.945,7670.135,18.19,0,0,1819,True,0.01,6.48173080155e-10,0.00999999999749,0.010000000002,100,3,"[0, 1, 2]"
2400,0,normal_tightening,1,[0],True,1512,3721350,3722861,1,True,7670.145,7685.255,7670.145,7685.255,15.11,0,0,1511,True,0.01,0,0.00999999999749,0.010000000002,100,3,"[0, 1, 2]"
2401,5,supplementary_operation,1,[5],True,1838,3722862,3724699,1,True,7685.265,7703.645,7685.265,7703.645,18.38,0,0,1837,True,0.0100054436581,0.000233252969851,0.00999999999749,0.0199999999977,99.9455930359,2,"[1, 2]"
2402,1,damaged_screw,1,[1],True,1493,3724700,3726192,1,True,7703.655,7718.575,7703.655,7718.575,14.92,0,0,1492,True,0.01,0,0.00999999999749,0.010000000002,100,3,"[0, 1, 2]"
2403,5,supplementary_operation,1,[5],True,1844,3726193,3728036,1,True,7718.585,7737.025,7718.585,7737.025,18.44,0,0,1843,True,0.010005425936,0.00023287318219,0.00999999999749,0.0200000000023,99.9457700651,3,"[0, 1, 2]"
2404,0,normal_tightening,1,[0],True,1402,3728037,3729438,1,True,7737.035,7751.065,7737.035,7751.065,14.03,0,0,1401,True,0.0100142755175,0.000377559776114,0.00999999999749,0.0200000000023,99.857448325,2,"[1, 2]"
2405,5,supplementary_operation,1,[5],True,1396,3729439,3730834,1,True,7751.075,7765.025,7751.075,7765.025,13.95,0,0,1395,True,0.01,0,0.00999999999749,0.010000000002,100,3,"[0, 1, 2]"
2406,0,normal_tightening,1,[0],True,1413,3730835,3732247,1,True,7765.035,7779.165,7765.035,7779.165,14.13,0,0,1412,True,0.010007082153,0.000266028894711,0.00999999999749,0.0199999999977,99.9292285916,3,"[0, 1, 2]"
2407,5,supplementary_operation,1,[5],True,1427,3732248,3733674,1,True,7779.175,7793.435,7779.175,7793.435,14.26,0,0,1426,True,0.01,0,0.00999999999749,0.010000000002,100,3,"[0, 1, 2]"
2408,0,normal_tightening,1,[0],True,1432,3733675,3735106,1,True,7793.445,7807.765,7793.445,7807.765,14.32,0,0,1431,True,0.0100069881202,0.000264258146706,0.00999999999749,0.0199999999977,99.9301675978,3,"[0, 1, 2]"
2409,5,supplementary_operation,1,[5],True,1370,3735107,3736476,1,True,7807.775,7821.485,7807.775,7821.485,13.71,0,0,1369,True,0.0100146092038,0.000381940583233,0.00999999999749,0.0200000000004,99.8541210795,3,"[0, 1, 2]"
2410,1,damaged_screw,1,[1],True,1579,3736477,3738055,1,True,7821.495,7837.285,7821.495,7837.285,15.79,0,0,1578,True,0.0100063371356,0.00025165690312,0.00999999999749,0.0200000000023,99.9366687777,3,"[0, 1, 2]"
2411,5,supplementary_operation,1,[5],True,1400,3738056,3739455,1,True,7837.295,7851.325,7837.295,7851.325,14.03,0,0,1399,True,0.0100285918513,0.000844972655892,0.00999999999749,0.0400000000018,99.71489665,3,"[0, 1, 2]"
2412,0,normal_tightening,1,[0],True,1533,3739456,3740988,1,True,7851.335,7866.665,7851.335,7866.665,15.33,0,0,1532,True,0.0100065274151,0.000255404667766,0.00999999999749,0.0200000000023,99.9347684279,3,"[0, 1, 2]"
2413,5,supplementary_operation,1,[5],True,1360,3740989,3742348,1,True,7866.675,7880.275,7866.675,7880.275,13.6,0,0,1359,True,0.0100073583517,0.000271162998922,0.00999999999749,0.0200000000023,99.9264705882,3,"[0, 1, 2]"
2414,0,normal_tightening,1,[0],True,1368,3742349,3743716,1,True,7880.285,7893.985,7880.285,7893.985,13.7,0,0,1367,True,0.0100219458669,0.000467949834466,0.00999999999749,0.0200000000023,99.7810218978,3,"[0, 1, 2]"
2415,5,supplementary_operation,1,[5],True,1342,3743717,3745058,1,True,7893.995,7907.435,7893.995,7907.435,13.44,0,0,1341,True,0.0100223713647,0.000472454408983,0.00999999999749,0.0200000000023,99.7767857143,3,"[0, 1, 2]"
2416,0,normal_tightening,1,[0],True,1361,3745059,3746419,1,True,7907.445,7921.095,7907.445,7921.095,13.65,0,0,1360,True,0.0100367647059,0.000716487431064,0.00999999999749,0.0300000000025,99.6336996337,3,"[0, 1, 2]"
2417,5,supplementary_operation,1,[5],True,1497,3746420,3747916,1,True,8236.969,8251.939,8236.969,8251.939,14.97,0,0,1496,True,0.010006684492,0.00025845741885,0.0099999999984,0.0200000000004,99.9331997328,3,"[0, 1, 2]"
2418,0,normal_tightening,1,[0],True,1450,3747917,3749366,1,True,8251.949,8266.449,8251.949,8266.449,14.5,0,0,1449,True,0.0100069013112,0.000262612803192,0.0099999999984,0.0200000000004,99.9310344828,3,"[0, 1, 2]"
2419,5,supplementary_operation,1,[5],True,1855,3749367,3751221,1,True,8266.459,8285.019,8266.459,8285.019,18.56,0,0,1854,True,0.0100107874865,0.000328265891133,0.0099999999984,0.0200000000004,99.8922413793,3,"[0, 1, 2]"
2420,0,normal_tightening,1,[0],True,1309,3751222,3752530,1,True,8285.029,8298.119,8285.029,8298.119,13.09,0,0,1308,True,0.0100076452599,0.000276394915646,0.0099999999984,0.0200000000004,99.923605806,3,"[0, 1, 2]"
2421,5,supplementary_operation,1,[5],True,1814,3752531,3754344,1,True,8298.129,8316.259,8298.129,8316.259,18.13,0,0,1813,True,0.01,8.31371688813e-10,0.0099999999984,0.010000000002,100,3,"[0, 1, 2]"
2422,0,normal_tightening,1,[0],True,1281,3754345,3755625,1,True,8316.269,8329.069,8316.269,8329.069,12.8,0,0,1280,True,0.01,0,0.0099999999984,0.010000000002,100,3,"[0, 1, 2]"
2423,5,supplementary_operation,1,[5],True,1874,3755626,3757499,1,True,8329.079,8347.809,8329.079,8347.809,18.73,0,0,1873,True,0.01,9.09232729569e-10,0.0099999999984,0.010000000002,100,2,"[1, 2]"
2424,1,damaged_screw,1,[1],True,1221,3757500,3758720,1,True,8347.819,8360.039,8347.819,8360.039,12.22,0,0,1220,True,0.0100163934426,0.000404556153471,0.0099999999984,0.0200000000023,99.8363338789,2,"[1, 2]"
2425,5,supplementary_operation,1,[5],True,1838,3758721,3760558,1,True,8360.049,8378.429,8360.049,8378.429,18.38,0,0,1837,True,0.0100054436581,0.000233252969915,0.0099999999984,0.0200000000004,99.9455930359,3,"[0, 1, 2]"
2426,0,normal_tightening,1,[0],True,1638,3760559,3762196,1,True,8378.439,8394.829,8378.439,8394.829,16.39,0,0,1637,True,0.010012217471,0.000349321403937,0.0099999999984,0.0200000000004,99.8779743746,2,"[1, 2]"
2427,5,supplementary_operation,1,[5],True,1861,3762197,3764057,1,True,8394.839,8413.439,8394.839,8413.439,18.6,0,0,1860,True,0.01,8.94203054238e-10,0.0099999999984,0.010000000002,100,3,"[0, 1, 2]"
2428,0,normal_tightening,1,[0],True,1740,3764058,3765797,1,True,8413.449,8430.839,8413.449,8430.839,17.39,0,0,1739,True,0.01,3.39129216578e-05,0.00900000000001,0.0109999999986,100,3,"[0, 1, 2]"
2429,5,supplementary_operation,1,[5],True,1861,3765798,3767658,1,True,8430.849,8449.489,8430.849,8449.489,18.64,0,0,1860,True,0.0100215053763,0.000567554547066,0.0099999999984,0.0299999999988,99.7854077253,3,"[0, 1, 2]"
2430,0,normal_tightening,1,[0],True,1557,3767659,3769215,1,True,8449.499,8465.079,8449.499,8465.079,15.58,0,0,1556,True,0.0100128534704,0.000358286886,0.0099999999984,0.0200000000004,99.8716302953,3,"[0, 1, 2]"
2431,5,supplementary_operation,1,[5],True,1863,3769216,3771078,1,True,8465.089,8483.709,8465.089,8483.709,18.62,0,0,1862,True,0.01,8.8659267708e-10,0.0099999999984,0.010000000002,100,2,"[1, 2]"
2432,1,damaged_screw,1,[1],True,1488,3771079,3772566,1,True,8483.719,8498.589,8483.719,8498.589,14.87,0,0,1487,True,0.01,0,0.0099999999984,0.010000000002,100,3,"[0, 1, 2]"
2433,5,supplementary_operation,1,[5],True,1857,3772567,3774423,1,True,8498.599,8517.169,8498.599,8517.169,18.57,0,0,1856,True,0.010005387931,0.000232056632203,0.0099999999984,0.0200000000004,99.9461497038,3,"[0, 1, 2]"
2434,0,normal_tightening,1,[0],True,1559,3774424,3775982,1,True,8517.179,8532.769,8517.179,8532.769,15.59,0,0,1558,True,0.0100064184852,0.000253265977682,0.0099999999984,0.0200000000023,99.9358563182,3,"[0, 1, 2]"
2435,5,supplementary_operation,1,[5],True,1849,3775983,3777831,1,True,8532.779,8551.279,8532.779,8551.279,18.5,0,0,1848,True,0.0100108225108,0.000328797782131,0.0099999999984,0.0200000000023,99.8918918919,3,"[0, 1, 2]"
2436,0,normal_tightening,1,[0],True,1565,3777832,3779396,1,True,8551.289,8566.929,8551.289,8566.929,15.64,0,0,1564,True,0.01,2.85158136718e-10,0.0099999999984,0.010000000002,100,3,"[0, 1, 2]"
2437,5,supplementary_operation,1,[5],True,1881,3779397,3781277,1,True,8566.939,8585.749,8566.939,8585.749,18.81,0,0,1880,True,0.0100053191489,0.000230571455307,0.0099999999984,0.0199999999986,99.9468367889,2,"[1, 2]"
2438,0,normal_tightening,1,[0],True,1591,3781278,3782868,1,True,8585.759,8601.699,8585.759,8601.699,15.94,0,0,1590,True,0.0100251572327,0.000613779768476,0.0099999999984,0.0300000000007,99.7490589711,3,"[0, 1, 2]"
2439,5,supplementary_operation,1,[5],True,1883,3782869,3784751,1,True,8601.709,8620.549,8601.709,8620.549,18.84,0,0,1882,True,0.0100106269926,0.000325817422263,0.0099999999984,0.0200000000004,99.8938428875,3,"[0, 1, 2]"
2440,1,damaged_screw,1,[1],True,1511,3784752,3786262,1,True,8620.559,8635.659,8620.559,8635.659,15.1,0,0,1510,True,0.01,0,0.0099999999984,0.010000000002,100,3,"[0, 1, 2]"
2441,5,supplementary_operation,1,[5],True,1816,3786263,3788078,1,True,8635.669,8653.829,8635.669,8653.829,18.16,0,0,1815,True,0.0100055096419,0.000234661591669,0.0099999999984,0.0200000000023,99.9449339207,3,"[0, 1, 2]"
2442,0,normal_tightening,1,[0],True,1524,3788079,3789602,1,True,8653.839,8669.069,8653.839,8669.069,15.23,0,0,1523,True,0.01,0,0.0099999999984,0.010000000002,100,3,"[0, 1, 2]"
2443,5,supplementary_operation,1,[5],True,1783,3789603,3791385,1,True,8669.079,8686.909,8669.079,8686.909,17.83,0,0,1782,True,0.0100056116723,0.00023682320816,0.0099999999984,0.0200000000004,99.9439147504,2,"[1, 2]"
2444,0,normal_tightening,1,[0],True,1580,3791386,3792965,1,True,8686.919,8702.709,8686.919,8702.709,15.79,0,0,1579,True,0.01,3.49245965481e-10,0.0099999999984,0.010000000002,100,3,"[0, 1, 2]"
2445,5,supplementary_operation,1,[5],True,1802,3792966,3794767,1,True,8702.719,8720.739,8702.719,8720.739,18.02,0,0,1801,True,0.0100055524708,0.000235571387414,0.0099999999984,0.0200000000004,99.9445061043,2,"[1, 2]"
2446,0,normal_tightening,1,[0],True,1658,3794768,3796425,1,True,8720.749,8737.329,8720.749,8737.329,16.58,0,0,1657,True,0.010006035003,0.000245588291495,0.0099999999984,0.0200000000004,99.9396863691,3,"[0, 1, 2]"
2447,5,supplementary_operation,1,[5],True,1839,3796426,3798264,1,True,8737.339,8755.749,8737.339,8755.749,18.41,0,0,1838,True,0.0100163220892,0.000403676208951,0.0099999999984,0.0200000000004,99.8370450842,3,"[0, 1, 2]"
2448,1,damaged_screw,1,[1],True,1591,3798265,3799855,1,True,8755.759,8771.719,8755.759,8771.719,15.96,0,0,1590,True,0.0100377358491,0.000708322426361,0.0099999999984,0.0299999999988,99.6240601504,3,"[0, 1, 2]"
2449,5,supplementary_operation,1,[5],True,3444,3799856,3803299,1,True,8771.729,9240.629,8771.729,9240.629,468.9,0,0,3443,True,0.136189369736,7.19491467726,0.0099999999984,422.07,7.34271699723,3,"[0, 1, 2]"
2450,0,normal_tightening,1,[0],True,1381,3803300,3804680,1,True,9240.639,9254.439,9240.639,9254.439,13.8,0,0,1380,True,0.01,0,0.0099999999984,0.0100000000002,100,3,"[0, 1, 2]"
2451,5,supplementary_operation,1,[5],True,1823,3804681,3806503,1,True,9254.449,9272.669,9254.449,9272.669,18.22,0,0,1822,True,0.01,1.07329623509e-09,0.0099999999984,0.0100000000002,100,2,"[1, 2]"
2452,0,normal_tightening,1,[0],True,1395,3806504,3807898,1,True,9272.679,9286.619,9272.679,9286.619,13.94,0,0,1394,True,0.01,0,0.0099999999984,0.0100000000002,100,3,"[0, 1, 2]"
2453,5,supplementary_operation,1,[5],True,1801,3807899,3809699,1,True,9286.629,9304.659,9286.629,9304.659,18.03,0,0,1800,True,0.0100166666667,0.000526782687643,0.0099999999984,0.0300000000007,99.8336106489,3,"[0, 1, 2]"
2454,0,normal_tightening,1,[0],True,1406,3809700,3811105,1,True,9304.669,9318.729,9304.669,9318.729,14.06,0,0,1405,True,0.0100071174377,0.000266690305943,0.0099999999984,0.0199999999986,99.9288762447,3,"[0, 1, 2]"
2455,5,supplementary_operation,1,[5],True,1360,3811106,3812465,1,True,9318.739,9332.409,9318.739,9332.409,13.67,0,0,1359,True,0.0100588668138,0.00085578611294,0.0099999999984,0.0299999999988,99.4147768837,3,"[0, 1, 2]"
2456,1,damaged_screw,1,[1],True,1519,3812466,3813984,1,True,9332.419,9347.629,9332.419,9347.629,15.21,0,0,1518,True,0.0100197628459,0.000444114724411,0.0099999999984,0.0200000000004,99.8027613412,2,"[1, 2]"
2457,5,supplementary_operation,1,[5],True,1398,3813985,3815382,1,True,9347.639,9361.639,9347.639,9361.639,14,0,0,1397,True,0.0100214745884,0.000597870093587,0.0099999999984,0.0300000000007,99.7857142857,3,"[0, 1, 2]"
2458,0,normal_tightening,1,[0],True,1539,3815383,3816921,1,True,9361.649,9377.039,9361.649,9377.039,15.39,0,0,1538,True,0.0100065019506,0.000254906317097,0.0099999999984,0.0200000000004,99.935022742,3,"[0, 1, 2]"
2459,5,supplementary_operation,1,[5],True,1377,3816922,3818298,1,True,9377.049,9390.809,9377.049,9390.809,13.76,0,0,1376,True,0.01,0,0.0099999999984,0.0100000000002,100,3,"[0, 1, 2]"
2460,0,normal_tightening,1,[0],True,1413,3818299,3819711,1,True,9390.819,9404.949,9390.819,9404.949,14.13,0,0,1412,True,0.010007082153,0.000266028894783,0.0099999999984,0.0200000000004,99.9292285916,3,"[0, 1, 2]"
2461,5,supplementary_operation,1,[5],True,1472,3819712,3821183,1,True,9404.959,9419.689,9404.959,9419.689,14.73,0,0,1471,True,0.0100135961931,0.000368479408115,0.0099999999984,0.0200000000004,99.8642226748,3,"[0, 1, 2]"
2462,0,normal_tightening,1,[0],True,1497,3821184,3822680,1,True,9419.699,9434.659,9419.699,9434.659,14.96,0,0,1496,True,0.01,0,0.0099999999984,0.0100000000002,100,3,"[0, 1, 2]"
2463,5,supplementary_operation,1,[5],True,1463,3822681,3824143,1,True,9434.669,9449.299,9434.669,9449.299,14.63,0,0,1462,True,0.0100068399453,0.000261443431661,0.0099999999984,0.0200000000004,99.9316473001,3,"[0, 1, 2]"
2464,1,damaged_screw,1,[1],True,1263,3824144,3825406,1,True,9449.309,9461.939,9449.309,9461.939,12.63,0,0,1262,True,0.0100079239303,0.000281383215612,0.0099999999984,0.0200000000004,99.9208234363,3,"[0, 1, 2]"
2465,5,supplementary_operation,1,[5],True,1838,3825407,3827244,1,True,9461.949,9480.319,9461.949,9480.319,18.37,0,0,1837,True,0.01,1.10441271454e-09,0.0099999999984,0.0100000000002,100,3,"[0, 1, 2]"
2466,0,normal_tightening,1,[0],True,1336,3827245,3828580,1,True,9480.329,9493.689,9480.329,9493.689,13.36,0,0,1335,True,0.0100074906367,0.000273587750837,0.0099999999984,0.0200000000004,99.9251497006,3,"[0, 1, 2]"
2467,5,supplementary_operation,1,[5],True,1863,3828581,3830443,1,True,9493.699,9512.329,9493.699,9512.329,18.63,0,0,1862,True,0.0100053705693,0.000231682648886,0.0099999999984,0.0200000000004,99.9463231347,2,"[1, 2]"
2468,0,normal_tightening,1,[0],True,1477,3830444,3831920,1,True,9512.339,9527.099,9512.339,9527.099,14.76,0,0,1476,True,0.01,0,0.0099999999984,0.0100000000002,100,3,"[0, 1, 2]"
2469,5,supplementary_operation,1,[5],True,1851,3831921,3833771,1,True,9527.109,9545.719,9527.109,9545.719,18.61,0,0,1850,True,0.0100594594595,0.000956756756782,0.0099999999984,0.0300000000007,99.4089199355,3,"[0, 1, 2]"
2470,0,normal_tightening,1,[0],True,1283,3833772,3835054,1,True,9545.729,9558.599,9545.729,9558.599,12.87,0,0,1282,True,0.0100390015601,0.000737902919919,0.0099999999984,0.0300000000007,99.6114996115,3,"[0, 1, 2]"
2471,5,supplementary_operation,1,[5],True,1837,3835055,3836891,1,True,9558.609,9576.969,9558.609,9576.969,18.36,0,0,1836,True,0.01,1.0982599496e-09,0.0099999999984,0.0100000000002,100,3,"[0, 1, 2]"
2472,1,damaged_screw,1,[1],True,1563,3836892,3838454,1,True,9576.979,9592.609,9576.979,9592.609,15.63,0,0,1562,True,0.0100064020487,0.000252941693547,0.0099999999984,0.0200000000004,99.9360204734,3,"[0, 1, 2]"
2473,5,supplementary_operation,1,[5],True,1867,3838455,3840321,1,True,9592.619,9611.319,9592.619,9611.319,18.7,0,0,1866,True,0.0100214362272,0.000731741873025,0.0099999999984,0.0399999999991,99.7860962567,3,"[0, 1, 2]"
2474,0,normal_tightening,1,[0],True,1631,3840322,3841952,1,True,9611.329,9627.649,9611.329,9627.649,16.32,0,0,1630,True,0.0100122699387,0.000350069757473,0.0099999999984,0.0200000000004,99.8774509804,3,"[0, 1, 2]"
2475,5,supplementary_operation,1,[5],True,1858,3841953,3843810,1,True,9627.659,9646.229,9627.659,9646.229,18.57,0,0,1857,True,0.01,1.12266870693e-09,0.0099999999984,0.0100000000002,100,2,"[1, 2]"
2476,0,normal_tightening,1,[0],True,1760,3843811,3845570,1,True,9646.239,9663.839,9646.239,9663.839,17.6,0,0,1759,True,0.0100056850483,0.000238365608761,0.0099999999984,0.0199999999986,99.9431818182,2,"[1, 2]"
2477,5,supplementary_operation,1,[5],True,1851,3845571,3847421,1,True,9663.849,9682.359,9663.849,9682.359,18.51,0,0,1850,True,0.0100054054054,0.000232432432445,0.0099999999984,0.0200000000004,99.9459751486,3,"[0, 1, 2]"
2478,0,normal_tightening,1,[0],True,1707,3847422,3849128,1,True,9682.369,9699.439,9682.369,9699.439,17.07,0,0,1706,True,0.0100058616647,0.000242037782217,0.0099999999984,0.0200000000004,99.9414176919,3,"[0, 1, 2]"
2479,5,supplementary_operation,1,[5],True,1875,3849129,3851003,1,True,9699.449,9718.199,9699.449,9718.199,18.75,0,0,1874,True,0.0100053361793,0.000230940074809,0.0099999999984,0.0200000000004,99.9466666667,2,"[1, 2]"
2480,1,damaged_screw,1,[1],True,1568,3851004,3852571,1,True,9718.209,9733.889,9718.209,9733.889,15.68,0,0,1567,True,0.0100063816209,0.000252538084726,0.0099999999984,0.0200000000004,99.9362244898,3,"[0, 1, 2]"
2481,5,supplementary_operation,1,[5],True,1836,3852572,3854407,1,True,9733.899,9752.259,9733.899,9752.259,18.36,0,0,1835,True,0.0100054495913,0.000233379979363,0.0099999999984,0.0200000000004,99.9455337691,3,"[0, 1, 2]"
2482,0,normal_tightening,1,[0],True,1747,3854408,3856154,1,True,9752.269,9769.739,9752.269,9769.739,17.47,0,0,1746,True,0.0100057273769,0.000239250842787,0.0099999999984,0.0200000000004,99.9427590155,3,"[0, 1, 2]"
2483,5,supplementary_operation,1,[5],True,1863,3856155,3858017,1,True,9769.749,9788.379,9769.749,9788.379,18.63,0,0,1862,True,0.0100053705693,0.000231682648886,0.0099999999984,0.0200000000004,99.9463231347,3,"[0, 1, 2]"
2484,0,normal_tightening,1,[0],True,1536,3858018,3859553,1,True,9788.389,9803.739,9788.389,9803.739,15.35,0,0,1535,True,0.01,0,0.0099999999984,0.0100000000002,100,3,"[0, 1, 2]"
2485,5,supplementary_operation,1,[5],True,1797,3859554,3861350,1,True,9803.749,9821.889,9803.749,9821.889,18.14,0,0,1796,True,0.0101002227171,0.0011516328852,0.0099999999984,0.0300000000007,99.0077177508,2,"[1, 2]"
2486,0,normal_tightening,1,[0],True,1543,3861351,3862893,1,True,9821.899,9837.339,9821.899,9837.339,15.44,0,0,1542,True,0.0100129701686,0.000359907572662,0.0099999999984,0.0200000000004,99.8704663212,3,"[0, 1, 2]"
2487,5,supplementary_operation,1,[5],True,1870,3862894,3864763,1,True,9837.349,9856.039,9837.349,9856.039,18.69,0,0,1869,True,0.01,1.15245288897e-09,0.0099999999984,0.0100000000002,100,3,"[0, 1, 2]"
2488,1,damaged_screw,1,[1],True,1497,3864764,3866260,1,True,9856.049,9871.049,9856.049,9871.049,15,0,0,1496,True,0.0100267379679,0.000632735805702,0.0099999999984,0.0300000000007,99.7333333333,3,"[0, 1, 2]"
2489,5,supplementary_operation,1,[5],True,1836,3866261,3868096,1,True,9871.059,9889.419,9871.059,9889.419,18.36,0,0,1835,True,0.0100054495913,0.000233379979363,0.0099999999984,0.0200000000004,99.9455337691,3,"[0, 1, 2]"
2490,0,normal_tightening,1,[0],True,1515,3868097,3869611,1,True,9889.429,9904.589,9889.429,9904.589,15.16,0,0,1514,True,0.0100132100396,0.000363216039246,0.0099999999984,0.0200000000004,99.8680738786,2,"[1, 2]"
2491,5,supplementary_operation,1,[5],True,1839,3869612,3871450,1,True,9904.599,9923.029,9904.599,9923.029,18.43,0,0,1838,True,0.010027203482,0.000616529576902,0.0099999999984,0.0299999999988,99.7287032013,3,"[0, 1, 2]"
2492,0,normal_tightening,1,[0],True,1381,3871451,3872831,1,True,9923.039,9936.839,9923.039,9936.839,13.8,0,0,1380,True,0.01,0,0.0099999999984,0.0100000000002,100,3,"[0, 1, 2]"
2493,5,supplementary_operation,1,[5],True,1883,3872832,3874714,1,True,9936.849,9955.679,9936.849,9955.679,18.83,0,0,1882,True,0.0100053134963,0.000230448973894,0.0099999999984,0.0200000000004,99.9468932554,2,"[1, 2]"
2494,0,normal_tightening,1,[0],True,1377,3874715,3876091,1,True,9955.689,9969.449,9955.689,9969.449,13.76,0,0,1376,True,0.01,0,0.0099999999984,0.0100000000002,100,3,"[0, 1, 2]"
2495,5,supplementary_operation,1,[5],True,1844,3876092,3877935,1,True,9969.459,9987.899,9969.459,9987.899,18.44,0,0,1843,True,0.010005425936,0.000232873182149,0.0099999999984,0.0200000000004,99.9457700651,2,"[1, 2]"
2496,1,damaged_screw,1,[1],True,1314,3877936,3879249,1,True,9987.909,10001.039,9987.909,10001.039,13.13,0,0,1313,True,0.01,0,0.0099999999984,0.0100000000002,100,2,"[1, 2]"
2497,5,supplementary_operation,1,[5],True,1891,3879250,3881140,1,True,10001.049,10019.949,10001.049,10019.949,18.9,0,0,1890,True,0.01,1.18148647774e-09,0.0099999999984,0.0100000000002,100,3,"[0, 1, 2]"
2498,0,normal_tightening,1,[0],True,1344,3881141,3882484,1,True,10019.959,10033.389,10019.959,10033.389,13.43,0,0,1343,True,0.01,0,0.0099999999984,0.0100000000002,100,3,"[0, 1, 2]"
2499,5,supplementary_operation,1,[5],True,1846,3882485,3884330,1,True,10033.399,10051.849,10033.399,10051.849,18.45,0,0,1845,True,0.01,1.11661654043e-09,0.0099999999984,0.0100000000002,100,3,"[0, 1, 2]"
2500,0,normal_tightening,1,[0],True,1353,3884331,3885683,1,True,10051.859,10065.399,10051.859,10065.399,13.54,0,0,1352,True,0.0100147928994,0.000384330800476,0.0099999999984,0.0200000000004,99.8522895126,3,"[0, 1, 2]"
2501,5,supplementary_operation,1,[5],True,1838,3885684,3887521,1,True,10065.409,10083.909,10065.409,10083.909,18.5,0,0,1837,True,0.0100707675558,0.00106684589425,0.0099999999984,0.0300000000007,99.2972972973,2,"[1, 2]"
2502,0,normal_tightening,1,[0],True,1229,3887522,3888750,1,True,10083.919,10096.489,10083.919,10096.489,12.57,0,0,1228,True,0.0102361563518,0.00157119704206,0.0099999999984,0.0300000000007,97.69291965,3,"[0, 1, 2]"
2503,5,supplementary_operation,1,[5],True,1865,3888751,3890615,1,True,10096.499,10115.189,10096.499,10115.189,18.69,0,0,1864,True,0.0100268240343,0.000612222959256,0.0099999999984,0.0299999999988,99.7324772606,3,"[0, 1, 2]"
2504,1,damaged_screw,1,[1],True,1327,3890616,3891942,1,True,10115.199,10128.459,10115.199,10128.459,13.26,0,0,1326,True,0.01,0,0.0099999999984,0.0100000000002,100,3,"[0, 1, 2]"
2505,5,supplementary_operation,1,[5],True,1818,3891943,3893760,1,True,10128.469,10146.669,10128.469,10146.669,18.2,0,0,1817,True,0.010016510732,0.00040599841808,0.0099999999984,0.0200000000004,99.8351648352,3,"[0, 1, 2]"
2506,0,normal_tightening,1,[0],True,1645,3893761,3895405,1,True,10146.679,10163.139,10146.679,10163.139,16.46,0,0,1644,True,0.0100121654501,0.000348577829259,0.0099999999984,0.0200000000004,99.8784933171,3,"[0, 1, 2]"
2507,5,supplementary_operation,1,[5],True,1821,3895406,3897226,1,True,10163.149,10181.349,10163.149,10181.349,18.2,0,0,1820,True,0.01,1.07959128165e-09,0.0099999999984,0.0100000000002,100,2,"[1, 2]"
2508,0,normal_tightening,1,[0],True,1568,3897227,3898794,1,True,10181.359,10197.049,10181.359,10197.049,15.69,0,0,1567,True,0.0100127632419,0.000357028735962,0.0099999999984,0.0200000000004,99.8725302741,2,"[1, 2]"
2509,5,supplementary_operation,1,[5],True,1855,3898795,3900649,1,True,10197.059,10215.619,10197.059,10215.619,18.56,0,0,1854,True,0.0100107874865,0.000328265891164,0.0099999999984,0.0200000000004,99.8922413793,3,"[0, 1, 2]"
2510,0,normal_tightening,1,[0],True,1634,3900650,3902283,1,True,10215.629,10231.959,10215.629,10231.959,16.33,0,0,1633,True,0.01,6.26915694114e-10,0.0099999999984,0.0100000000002,100,2,"[1, 2]"
2511,5,supplementary_operation,1,[5],True,1855,3902284,3904138,1,True,10231.969,10250.539,10231.969,10250.539,18.57,0,0,1854,True,0.0100161812298,0.000696545089019,0.0099999999984,0.0400000000009,99.8384491115,3,"[0, 1, 2]"
2512,1,damaged_screw,1,[1],True,1511,3904139,3905649,1,True,10250.549,10265.669,10250.549,10265.669,15.12,0,0,1510,True,0.0100132450331,0.000363696164724,0.0099999999984,0.0200000000004,99.8677248677,3,"[0, 1, 2]"
2513,5,supplementary_operation,1,[5],True,1831,3905650,3907480,1,True,10265.679,10283.979,10265.679,10283.979,18.3,0,0,1830,True,0.01,1.07959128165e-09,0.0099999999984,0.0100000000002,100,3,"[0, 1, 2]"
2514,0,normal_tightening,1,[0],True,1524,3907481,3909004,1,True,10283.989,10299.229,10283.989,10299.229,15.24,0,0,1523,True,0.0100065659882,0.000256157704583,0.0099999999984,0.0200000000004,99.9343832021,2,"[1, 2]"
2515,5,supplementary_operation,1,[5],True,1811,3909005,3910815,1,True,10299.239,10317.359,10299.239,10317.359,18.12,0,0,1810,True,0.0100110497238,0.000332227544229,0.0099999999984,0.0199999999986,99.8896247241,3,"[0, 1, 2]"
2516,0,normal_tightening,1,[0],True,1673,3910816,3912488,1,True,10317.369,10334.099,10317.369,10334.099,16.73,0,0,1672,True,0.0100059808612,0.000244484849724,0.0099999999984,0.0200000000004,99.9402271369,3,"[0, 1, 2]"
2517,5,supplementary_operation,1,[5],True,1827,3912489,3914315,1,True,10334.109,10352.369,10334.109,10352.369,18.26,0,0,1826,True,0.01,1.07959128165e-09,0.0099999999984,0.0100000000002,100,3,"[0, 1, 2]"
2518,0,normal_tightening,1,[0],True,1348,3914316,3915663,1,True,10352.379,10365.849,10352.379,10365.849,13.47,0,0,1347,True,0.01,0,0.0099999999984,0.0100000000002,100,3,"[0, 1, 2]"
2519,5,supplementary_operation,1,[5],True,1843,3915664,3917506,1,True,10365.859,10384.309,10365.859,10384.309,18.45,0,0,1842,True,0.010016286645,0.000520748334357,0.0099999999984,0.0300000000007,99.837398374,3,"[0, 1, 2]"
2520,1,damaged_screw,1,[1],True,1337,3917507,3918843,1,True,10384.319,10397.699,10384.319,10397.699,13.38,0,0,1336,True,0.0100149700599,0.000386621903278,0.0099999999984,0.0200000000004,99.8505231689,3,"[0, 1, 2]"
2521,5,supplementary_operation,1,[5],True,1877,3918844,3920720,1,True,10397.709,10416.509,10397.709,10416.509,18.8,0,0,1876,True,0.0100213219616,0.000565132549271,0.0099999999984,0.0299999999988,99.7872340426,3,"[0, 1, 2]"
2522,0,normal_tightening,1,[0],True,1353,3920721,3922073,1,True,10416.519,10430.039,10416.519,10430.039,13.52,0,0,1352,True,0.01,0,0.0099999999984,0.0100000000002,100,3,"[0, 1, 2]"
2523,5,supplementary_operation,1,[5],True,1843,3922074,3923916,1,True,10430.049,10448.479,10430.049,10448.479,18.43,0,0,1842,True,0.0100054288816,0.000232936351293,0.0099999999984,0.0200000000004,99.9457406403,3,"[0, 1, 2]"
2524,0,normal_tightening,1,[0],True,1616,3923917,3925532,1,True,10448.489,10464.649,10448.489,10464.649,16.16,0,0,1615,True,0.0100061919505,0.000248759249831,0.0099999999984,0.0199999999986,99.9381188119,3,"[0, 1, 2]"
2525,5,supplementary_operation,1,[5],True,1715,3925533,3927247,1,True,10464.659,23619.824,10464.659,23619.824,13155.165,0,0,1714,True,7.67512543757,316.41026037,0.0099999999984,13103.345,0.130291030177,3,"[0, 1, 2]"
2526,1,damaged_screw,1,[1],True,1363,3927248,3928610,1,True,23619.834,23633.484,23619.834,23633.484,13.65,0,0,1362,True,0.0100220264317,0.000605493213488,0.0099999999984,0.0299999999988,99.7802197802,3,"[0, 1, 2]"
2527,5,supplementary_operation,1,[5],True,1364,3928611,3929974,1,True,23633.494,23647.134,23633.494,23647.134,13.64,0,0,1363,True,0.0100073367572,0.000270765107677,0.0099999999984,0.0200000000004,99.926686217,3,"[0, 1, 2]"
2528,0,normal_tightening,1,[0],True,1590,3929975,3931564,1,True,23647.144,23663.044,23647.144,23663.044,15.9,0,0,1589,True,0.0100062932662,0.000250784881637,0.0099999999984,0.0200000000004,99.9371069183,2,"[1, 2]"
2529,5,supplementary_operation,1,[5],True,1311,3931565,3932875,1,True,23663.054,23676.154,23663.054,23676.154,13.1,0,0,1310,True,0.01,1.00818626092e-09,0.0099999999984,0.010000000002,100,3,"[0, 1, 2]"
2530,0,normal_tightening,1,[0],True,1541,3932876,3934416,1,True,23676.164,23691.574,23676.164,23691.574,15.41,0,0,1540,True,0.0100064935065,0.000254740847269,0.0099999999984,0.0199999999968,99.9351070733,2,"[1, 2]"
2531,5,supplementary_operation,1,[5],True,1323,3934417,3935739,1,True,23691.584,23704.804,23691.584,23704.804,13.22,0,0,1322,True,0.01,9.80932937606e-10,0.0099999999984,0.010000000002,100,3,"[0, 1, 2]"
2532,0,normal_tightening,1,[0],True,1535,3935740,3937274,1,True,23704.814,23720.154,23704.814,23720.154,15.34,0,0,1534,True,0.01,4.79992668333e-10,0.0099999999984,0.010000000002,100,3,"[0, 1, 2]"
2533,5,supplementary_operation,1,[5],True,1362,3937275,3938636,1,True,23720.164,23733.784,23720.164,23733.784,13.62,0,0,1361,True,0.0100073475386,0.000270963834173,0.0099999999984,0.0200000000004,99.9265785609,3,"[0, 1, 2]"
2534,1,damaged_screw,1,[1],True,1358,3938637,3939994,1,True,23733.794,23747.364,23733.794,23747.364,13.57,0,0,1357,True,0.01,9.16655160721e-10,0.0099999999984,0.010000000002,100,3,"[0, 1, 2]"
2535,5,supplementary_operation,1,[5],True,1457,3939995,3941451,1,True,23747.374,23761.934,23747.374,23761.934,14.56,0,0,1456,True,0.01,6.98491930962e-10,0.0099999999984,0.010000000002,100,3,"[0, 1, 2]"
2536,0,normal_tightening,1,[0],True,1348,3941452,3942799,1,True,23761.944,23775.414,23761.944,23775.414,13.47,0,0,1347,True,0.01,9.3857033042e-10,0.0099999999984,0.010000000002,100,3,"[0, 1, 2]"
2537,5,supplementary_operation,1,[5],True,1535,3942800,3944334,1,True,23775.424,23790.764,23775.424,23790.764,15.34,0,0,1534,True,0.01,4.79992668333e-10,0.0099999999984,0.010000000002,100,3,"[0, 1, 2]"
2538,0,normal_tightening,1,[0],True,1388,3944335,3945722,1,True,23790.774,23804.674,23790.774,23804.674,13.9,0,0,1387,True,0.010021629416,0.000600018695712,0.0099999999984,0.0300000000025,99.7841726619,3,"[0, 1, 2]"
2539,5,supplementary_operation,1,[5],True,1514,3945723,3947236,1,True,23804.684,23819.814,23804.684,23819.814,15.13,0,0,1513,True,0.01,5.58308270214e-10,0.0099999999984,0.010000000002,100,3,"[0, 1, 2]"
2540,0,normal_tightening,1,[0],True,1284,3947237,3948520,1,True,23819.824,23832.984,23819.824,23832.984,13.16,0,0,1283,True,0.0102572096648,0.00223608903273,0.0099999999984,0.0400000000009,97.4924012158,3,"[0, 1, 2]"
2541,5,supplementary_operation,1,[5],True,1807,3948521,3950327,1,True,23832.994,23851.544,23832.994,23851.544,18.55,0,0,1806,True,0.0102713178295,0.0022032712847,0.0099999999984,0.0599999999977,97.358490566,3,"[0, 1, 2]"
2542,1,damaged_screw,1,[1],True,1452,3950328,3951779,1,True,23851.554,23866.394,23851.554,23866.394,14.84,0,0,1451,True,0.0102274293591,0.0020712578558,0.0099999999984,0.0400000000009,97.7762803234,3,"[0, 1, 2]"
2543,5,supplementary_operation,1,[5],True,1850,3951780,3953629,1,True,23866.404,23885.044,23866.404,23885.044,18.64,0,0,1849,True,0.0100811249324,0.00101044605119,0.0099999999984,0.0300000000025,99.19527897,3,"[0, 1, 2]"
2544,0,normal_tightening,1,[0],True,1291,3953630,3954920,1,True,23885.054,23897.994,23885.054,23897.994,12.94,0,0,1290,True,0.0100310077519,0.000555982048926,0.0099999999984,0.0200000000004,99.6908809892,3,"[0, 1, 2]"
2545,5,supplementary_operation,1,[5],True,1844,3954921,3956764,1,True,23898.004,23916.474,23898.004,23916.474,18.47,0,0,1843,True,0.0100217037439,0.000465366937456,0.0099999999984,0.0200000000004,99.7834325934,3,"[0, 1, 2]"
2546,0,normal_tightening,1,[0],True,1234,3956765,3957998,1,True,23916.484,23928.974,23916.484,23928.974,12.49,0,0,1233,True,0.0101297648013,0.00138911234815,0.0099999999984,0.0300000000025,98.7189751802,2,"[1, 2]"
2547,5,supplementary_operation,1,[5],True,1824,3957999,3959822,1,True,23928.984,23947.234,23928.984,23947.234,18.25,0,0,1823,True,0.010010970927,0.000331042156171,0.0099999999984,0.0200000000004,99.8904109589,3,"[0, 1, 2]"
2548,0,normal_tightening,1,[0],True,1355,3959823,3961177,1,True,23947.244,23960.794,23947.244,23960.794,13.55,0,0,1354,True,0.0100073855244,0.000271662838385,0.0099999999984,0.0200000000004,99.926199262,3,"[0, 1, 2]"
2549,5,supplementary_operation,1,[5],True,1836,3961178,3963013,1,True,23960.804,23979.154,23960.804,23979.154,18.35,0,0,1835,True,0.01,0,0.0099999999984,0.010000000002,100,3,"[0, 1, 2]"
2550,1,damaged_screw,1,[1],True,1585,3963014,3964598,1,True,23979.164,23995.024,23979.164,23995.024,15.86,0,0,1584,True,0.0100126262626,0.000355110129067,0.0099999999984,0.0200000000004,99.8738965952,3,"[0, 1, 2]"
2551,5,supplementary_operation,1,[5],True,1846,3964599,3966444,1,True,23995.034,24013.494,23995.034,24013.494,18.46,0,0,1845,True,0.0100054200542,0.00023274699788,0.0099999999984,0.0200000000004,99.9458288191,2,"[1, 2]"
2552,0,normal_tightening,1,[0],True,1578,3966445,3968022,1,True,24013.504,24029.294,24013.504,24029.294,15.79,0,0,1577,True,0.0100126823082,0.000355896390576,0.0099999999984,0.0200000000004,99.8733375554,2,"[1, 2]"
2553,5,supplementary_operation,1,[5],True,1831,3968023,3969853,1,True,24029.304,24047.604,24029.304,24047.604,18.3,0,0,1830,True,0.01,0,0.0099999999984,0.010000000002,100,3,"[0, 1, 2]"
2554,0,normal_tightening,1,[0],True,1597,3969854,3971450,1,True,24047.614,24063.654,24047.614,24063.654,16.04,0,0,1596,True,0.0100501253133,0.000865659951843,0.0099999999984,0.0300000000025,99.5012468828,3,"[0, 1, 2]"
2555,5,supplementary_operation,1,[5],True,1867,3971451,3973317,1,True,24063.664,24082.334,24063.664,24082.334,18.67,0,0,1866,True,0.0100053590568,0.000231434328859,0.0099999999984,0.0200000000004,99.9464381361,2,"[1, 2]"
2556,0,normal_tightening,1,[0],True,1495,3973318,3974812,1,True,24082.344,24097.284,24082.344,24097.284,14.94,0,0,1494,True,0.01,6.04911756551e-10,0.0099999999984,0.010000000002,100,3,"[0, 1, 2]"
2557,5,supplementary_operation,1,[5],True,1843,3974813,3976655,1,True,24097.294,24115.754,24097.294,24115.754,18.46,0,0,1842,True,0.0100217155266,0.000570316872371,0.0099999999984,0.0299999999988,99.7833152763,3,"[0, 1, 2]"
2558,1,damaged_screw,1,[1],True,1531,3976656,3978186,1,True,24115.764,24131.104,24115.764,24131.104,15.34,0,0,1530,True,0.0100261437908,0.000625678323918,0.0099999999984,0.0300000000025,99.739243807,3,"[0, 1, 2]"
2559,5,supplementary_operation,1,[5],True,1801,3978187,3979987,1,True,24131.114,24149.124,24131.114,24149.124,18.01,0,0,1800,True,0.0100055555556,0.000235636778459,0.0099999999984,0.0200000000004,99.9444752915,3,"[0, 1, 2]"
2560,0,normal_tightening,1,[0],True,1636,3979988,3981623,1,True,24149.134,24165.494,24149.134,24165.494,16.36,0,0,1635,True,0.010006116208,0.000247234041985,0.0099999999984,0.0200000000004,99.9388753056,2,"[1, 2]"
2561,5,supplementary_operation,1,[5],True,1864,3981624,3983487,1,True,24165.504,24184.134,24165.504,24184.134,18.63,0,0,1863,True,0.01,0,0.0099999999984,0.010000000002,100,2,"[1, 2]"
2562,0,normal_tightening,1,[0],True,1613,3983488,3985100,1,True,24184.144,24200.264,24184.144,24200.264,16.12,0,0,1612,True,0.01,1.16415321827e-10,0.0099999999984,0.010000000002,100,3,"[0, 1, 2]"
2563,5,supplementary_operation,1,[5],True,1860,3985101,3986960,1,True,24200.274,24218.874,24200.274,24218.874,18.6,0,0,1859,True,0.0100053792361,0.000231869414342,0.0099999999984,0.0200000000004,99.9462365591,3,"[0, 1, 2]"
2564,0,normal_tightening,1,[0],True,1489,3986961,3988449,1,True,24218.884,24233.804,24218.884,24233.804,14.92,0,0,1488,True,0.0100268817204,0.000634431382845,0.0099999999984,0.0299999999988,99.7319034852,3,"[0, 1, 2]"
2565,5,supplementary_operation,1,[5],True,1864,3988450,3990313,1,True,24233.814,24252.454,24233.814,24252.454,18.64,0,0,1863,True,0.0100053676865,0.000231620493948,0.0099999999984,0.0200000000004,99.9463519313,3,"[0, 1, 2]"
2566,1,damaged_screw,1,[1],True,1514,3990314,3991827,1,True,24252.464,24267.594,24252.464,24267.594,15.13,0,0,1513,True,0.01,5.58308270214e-10,0.0099999999984,0.010000000002,100,3,"[0, 1, 2]"
2567,5,supplementary_operation,1,[5],True,1827,3991828,3993654,1,True,24267.604,24285.904,24267.604,24285.904,18.3,0,0,1826,True,0.010021905805,0.000467523460489,0.0099999999984,0.0200000000004,99.781420765,3,"[0, 1, 2]"
2568,0,normal_tightening,1,[0],True,1511,3993655,3995165,1,True,24285.914,24301.134,24285.914,24301.134,15.22,0,0,1510,True,0.0100794701987,0.00108891573023,0.0099999999984,0.0299999999988,99.2115637319,3,"[0, 1, 2]"
2569,5,supplementary_operation,1,[5],True,1821,3995166,3996986,1,True,24301.144,24319.344,24301.144,24319.344,18.2,0,0,1820,True,0.01,0,0.0099999999984,0.010000000002,100,3,"[0, 1, 2]"
2570,0,normal_tightening,1,[0],True,1487,3996987,3998473,1,True,24319.354,24334.214,24319.354,24334.214,14.86,0,0,1486,True,0.01,6.16011980703e-10,0.0099999999984,0.010000000002,100,3,"[0, 1, 2]"
2571,5,supplementary_operation,1,[5],True,1833,3998474,4000306,1,True,24334.224,24352.554,24334.224,24352.554,18.33,0,0,1832,True,0.0100054585153,0.000233570883146,0.0099999999984,0.0200000000004,99.9454446263,3,"[0, 1, 2]"
2572,0,normal_tightening,1,[0],True,1580,4000307,4001886,1,True,24352.564,24368.364,24352.564,24368.364,15.8,0,0,1579,True,0.0100063331222,0.000251577252273,0.0099999999984,0.0200000000004,99.9367088608,3,"[0, 1, 2]"
2573,5,supplementary_operation,1,[5],True,1844,4001887,4003730,1,True,24368.374,24386.804,24368.374,24386.804,18.43,0,0,1843,True,0.01,0,0.0099999999984,0.010000000002,100,3,"[0, 1, 2]"
2574,1,damaged_screw,1,[1],True,1521,4003731,4005251,1,True,24386.814,24402.014,24386.814,24402.014,15.2,0,0,1520,True,0.01,5.20625146455e-10,0.0099999999984,0.010000000002,100,2,"[1, 2]"
2575,5,supplementary_operation,1,[5],True,1814,4005252,4007065,1,True,24402.024,24420.154,24402.024,24420.154,18.13,0,0,1813,True,0.01,0,0.0099999999984,0.010000000002,100,2,"[1, 2]"
2576,0,normal_tightening,1,[0],True,1665,4007066,4008730,1,True,24420.164,24436.804,24420.164,24436.804,16.64,0,0,1664,True,0.01,0,0.0099999999984,0.010000000002,100,3,"[0, 1, 2]"
2577,5,supplementary_operation,1,[5],True,2359,4008731,4011089,1,True,24436.814,24885.544,24436.814,24885.544,448.73,0,0,2358,True,0.190301102629,8.75342820244,0.0099999999984,425.16,5.25483029884,3,"[0, 1, 2]"
2578,0,normal_tightening,1,[0],True,1487,4011090,4012576,1,True,24885.554,24900.414,24885.554,24900.414,14.86,0,0,1486,True,0.01,6.16011980703e-10,0.0099999999984,0.010000000002,100,3,"[0, 1, 2]"
2579,5,supplementary_operation,1,[5],True,1813,4012577,4014389,1,True,24900.424,24918.564,24900.424,24918.564,18.14,0,0,1812,True,0.0100110375276,0.000332044347779,0.0099999999984,0.0200000000004,99.8897464168,3,"[0, 1, 2]"
2580,0,normal_tightening,1,[0],True,1499,4014390,4015888,1,True,24918.574,24933.564,24918.574,24933.564,14.99,0,0,1498,True,0.0100066755674,0.000258284941563,0.0099999999984,0.0200000000004,99.9332888593,3,"[0, 1, 2]"
2581,5,supplementary_operation,1,[5],True,1830,4015889,4017718,1,True,24933.574,24951.944,24933.574,24951.944,18.37,0,0,1829,True,0.0100437397485,0.000659912357365,0.0099999999984,0.0200000000004,99.5645073489,3,"[0, 1, 2]"
2582,1,damaged_screw,1,[1],True,1408,4017719,4019126,1,True,24951.954,24966.024,24951.954,24966.024,14.07,0,0,1407,True,0.01,8.06549008735e-10,0.0099999999984,0.010000000002,100,3,"[0, 1, 2]"
2583,5,supplementary_operation,1,[5],True,1862,4019127,4020988,1,True,24966.034,24984.664,24966.034,24984.664,18.63,0,0,1861,True,0.0100107469103,0.000327648602198,0.0099999999984,0.0200000000004,99.8926462695,3,"[0, 1, 2]"
2584,0,normal_tightening,1,[0],True,1408,4020989,4022396,1,True,24984.674,24998.744,24984.674,24998.744,14.07,0,0,1407,True,0.01,8.06549008735e-10,0.0099999999984,0.010000000002,100,3,"[0, 1, 2]"
2585,5,supplementary_operation,1,[5],True,1753,4022397,4024149,1,True,24998.754,26599.79,24998.754,26599.79,1601.036,0,0,1752,True,0.913833333333,37.8196674822,0.0099999999984,1583.476,1.09429144629,3,"[0, 1, 2]"
2586,0,normal_tightening,1,[0],True,1397,4024150,4025546,1,True,26599.8,26613.81,26599.8,26613.81,14.01,0,0,1396,True,0.0100358166189,0.000597397153409,0.0099999999984,0.0200000000004,99.6431120628,3,"[0, 1, 2]"
2587,5,supplementary_operation,1,[5],True,1356,4025547,4026902,1,True,26613.82,26627.39,26613.82,26627.39,13.57,0,0,1355,True,0.0100147601476,0.000383905735919,0.0099999999984,0.0200000000004,99.8526160649,2,"[1, 2]"
2588,0,normal_tightening,1,[0],True,1447,4026903,4028349,1,True,26627.4,26641.87,26627.4,26641.87,14.47,0,0,1446,True,0.0100069156293,0.000262884893633,0.0099999999984,0.0200000000004,99.9308914997,3,"[0, 1, 2]"
2589,5,supplementary_operation,1,[5],True,1383,4028350,4029732,1,True,26641.88,26655.97,26641.88,26655.97,14.09,0,0,1382,True,0.0101953690304,0.00166848076033,0.0099999999984,0.0400000000009,98.0837473385,3,"[0, 1, 2]"
2590,1,damaged_screw,1,[1],True,1374,4029733,4031106,1,True,26655.98,26669.94,26655.98,26669.94,13.96,0,0,1373,True,0.0101675163875,0.00133894307523,0.0099999999984,0.0300000000025,98.3524355301,3,"[0, 1, 2]"
2591,5,supplementary_operation,1,[5],True,1377,4031107,4032483,1,True,26669.95,26683.76,26669.95,26683.76,13.81,0,0,1376,True,0.0100363372093,0.000712320530023,0.0099999999984,0.0300000000025,99.6379435192,3,"[0, 1, 2]"
2592,0,normal_tightening,1,[0],True,1565,4032484,4034048,1,True,26683.77,26699.44,26683.77,26699.44,15.67,0,0,1564,True,0.0100191815857,0.00043754762434,0.0099999999984,0.0200000000004,99.8085513721,3,"[0, 1, 2]"
2593,5,supplementary_operation,1,[5],True,1352,4034049,4035400,1,True,26699.45,26712.97,26699.45,26712.97,13.52,0,0,1351,True,0.0100074019245,0.000271964072121,0.0099999999984,0.0200000000004,99.926035503,2,"[1, 2]"
2594,0,normal_tightening,1,[0],True,1371,4035401,4036771,1,True,26712.98,26726.68,26712.98,26726.68,13.7,0,0,1370,True,0.01,8.94203054238e-10,0.0099999999984,0.010000000002,100,3,"[0, 1, 2]"
2595,5,supplementary_operation,1,[5],True,1330,4036772,4038101,1,True,26726.69,26739.98,26726.69,26739.98,13.29,0,0,1329,True,0.01,9.67018290297e-10,0.0099999999984,0.010000000002,100,3,"[0, 1, 2]"
2596,0,normal_tightening,1,[0],True,1358,4038102,4039459,1,True,26739.99,26753.56,26739.99,26753.56,13.57,0,0,1357,True,0.01,9.16655160721e-10,0.0099999999984,0.010000000002,100,3,"[0, 1, 2]"
2597,5,supplementary_operation,1,[5],True,1429,4039460,4040888,1,True,26753.57,26767.86,26753.57,26767.86,14.29,0,0,1428,True,0.0100070028011,0.000264535388914,0.0099999999984,0.0200000000004,99.9300209937,3,"[0, 1, 2]"
2598,1,damaged_screw,1,[1],True,1326,4040889,4042214,1,True,26767.87,26781.12,26767.87,26781.12,13.25,0,0,1325,True,0.01,9.80932937606e-10,0.0099999999984,0.010000000002,100,3,"[0, 1, 2]"
2599,5,supplementary_operation,1,[5],True,1461,4042215,4043675,1,True,26781.13,26795.74,26781.13,26795.74,14.61,0,0,1460,True,0.0100068493151,0.000261622318571,0.0099999999984,0.0200000000004,99.9315537303,3,"[0, 1, 2]"
2600,0,normal_tightening,1,[0],True,1435,4043676,4045110,1,True,26795.75,26810.12,26795.75,26810.12,14.37,0,0,1434,True,0.0100209205021,0.000456910662472,0.0099999999984,0.0200000000004,99.7912317328,2,"[1, 2]"
2601,5,supplementary_operation,1,[5],True,1877,4045111,4046987,1,True,26810.13,26828.89,26810.13,26828.89,18.76,0,0,1876,True,0.01,0,0.0099999999984,0.010000000002,100,2,"[1, 2]"
2602,0,normal_tightening,1,[0],True,1311,4046988,4048298,1,True,26828.9,26842,26828.9,26842,13.1,0,0,1310,True,0.01,1.00818626092e-09,0.0099999999984,0.010000000002,100,3,"[0, 1, 2]"
2603,5,supplementary_operation,1,[5],True,1786,4048299,4050084,1,True,26842.01,26859.89,26842.01,26859.89,17.88,0,0,1785,True,0.0100168067227,0.00052898920487,0.0099999999984,0.0299999999988,99.8322147651,3,"[0, 1, 2]"
2604,0,normal_tightening,1,[0],True,1263,4050085,4051347,1,True,26859.9,26872.52,26859.9,26872.52,12.62,0,0,1262,True,0.01,1.10441271454e-09,0.0099999999984,0.010000000002,100,3,"[0, 1, 2]"
2605,5,supplementary_operation,1,[5],True,1825,4051348,4053172,1,True,26872.53,26890.77,26872.53,26890.77,18.24,0,0,1824,True,0.01,0,0.0099999999984,0.010000000002,100,2,"[1, 2]"
2606,1,damaged_screw,1,[1],True,1216,4053173,4054388,1,True,26890.78,26902.93,26890.78,26902.93,12.15,0,0,1215,True,0.01,1.14063254687e-09,0.0099999999984,0.010000000002,100,3,"[0, 1, 2]"
2607,5,supplementary_operation,1,[5],True,1858,4054389,4056246,1,True,26902.94,26921.51,26902.94,26921.51,18.57,0,0,1857,True,0.01,0,0.0099999999984,0.010000000002,100,3,"[0, 1, 2]"
2608,0,normal_tightening,1,[0],True,1526,4056247,4057772,1,True,26921.52,26936.79,26921.52,26936.79,15.27,0,0,1525,True,0.0100131147541,0.000361905435467,0.0099999999984,0.0200000000004,99.8690242305,3,"[0, 1, 2]"
2609,5,supplementary_operation,1,[5],True,1830,4057773,4059602,1,True,26936.8,26955.1,26936.8,26955.1,18.3,0,0,1829,True,0.0100054674686,0.000233762256176,0.0099999999984,0.0200000000004,99.9453551913,3,"[0, 1, 2]"
2610,0,normal_tightening,1,[0],True,1627,4059603,4061229,1,True,26955.11,26971.37,26955.11,26971.37,16.26,0,0,1626,True,0.01,0,0.0099999999984,0.010000000002,100,2,"[1, 2]"
2611,5,supplementary_operation,1,[5],True,1853,4061230,4063082,1,True,26971.38,26989.91,26971.38,26989.91,18.53,0,0,1852,True,0.010005399568,0.000232306962906,0.0099999999984,0.0200000000004,99.9460334593,3,"[0, 1, 2]"
2612,0,normal_tightening,1,[0],True,1550,4063083,4064632,1,True,26989.92,27005.41,26989.92,27005.41,15.49,0,0,1549,True,0.01,4.19741412097e-10,0.0099999999984,0.010000000002,100,3,"[0, 1, 2]"
2613,5,supplementary_operation,1,[5],True,1858,4064633,4066490,1,True,27005.42,27023.99,27005.42,27023.99,18.57,0,0,1857,True,0.01,0,0.0099999999984,0.010000000002,100,3,"[0, 1, 2]"
2614,1,damaged_screw,1,[1],True,1559,4066491,4068049,1,True,27024,27039.58,27024,27039.58,15.58,0,0,1558,True,0.01,4.03274504367e-10,0.0099999999984,0.010000000002,100,3,"[0, 1, 2]"
2615,5,supplementary_operation,1,[5],True,1844,4068050,4069893,1,True,27039.59,27058.03,27039.59,27058.03,18.44,0,0,1843,True,0.010005425936,0.000232873182145,0.0099999999984,0.0200000000004,99.9457700651,3,"[0, 1, 2]"
2616,0,normal_tightening,1,[0],True,1655,4069894,4071548,1,True,27058.04,27074.62,27058.04,27074.62,16.58,0,0,1654,True,0.0100241837969,0.000601807358504,0.0099999999984,0.0299999999988,99.7587454765,3,"[0, 1, 2]"
2617,5,supplementary_operation,1,[5],True,1824,4071549,4073372,1,True,27074.63,27092.86,27074.63,27092.86,18.23,0,0,1823,True,0.01,0,0.0099999999984,0.010000000002,100,3,"[0, 1, 2]"
2618,0,normal_tightening,1,[0],True,1657,4073373,4075029,1,True,27092.87,27109.44,27092.87,27109.44,16.57,0,0,1656,True,0.0100060386473,0.000245662386566,0.0099999999984,0.0200000000004,99.9396499698,3,"[0, 1, 2]"
2619,5,supplementary_operation,1,[5],True,1847,4075030,4076876,1,True,27109.45,27127.91,27109.45,27127.91,18.46,0,0,1846,True,0.01,0,0.0099999999984,0.010000000002,100,3,"[0, 1, 2]"
2620,0,normal_tightening,1,[0],True,1542,4076877,4078418,1,True,27127.92,27143.33,27127.92,27143.33,15.41,0,0,1541,True,0.01,4.79992668333e-10,0.0099999999984,0.010000000002,100,3,"[0, 1, 2]"
2621,5,supplementary_operation,1,[5],True,1889,4078419,4080307,1,True,27143.34,27162.22,27143.34,27162.22,18.88,0,0,1888,True,0.01,0,0.0099999999984,0.010000000002,100,3,"[0, 1, 2]"
2622,1,damaged_screw,1,[1],True,1525,4080308,4081832,1,True,27162.23,27177.47,27162.23,27177.47,15.24,0,0,1524,True,0.01,5.33482024325e-10,0.0099999999984,0.010000000002,100,3,"[0, 1, 2]"
2623,5,supplementary_operation,1,[5],True,1867,4081833,4083699,1,True,27177.48,27196.22,27177.48,27196.22,18.74,0,0,1866,True,0.0100428724544,0.000730799311175,0.0099999999984,0.0299999999988,99.5731056563,2,"[1, 2]"
2624,0,normal_tightening,1,[0],True,1528,4083700,4085227,1,True,27196.23,27211.56,27196.23,27211.56,15.33,0,0,1527,True,0.0100392927308,0.000625606417596,0.0099999999984,0.0200000000004,99.6086105675,3,"[0, 1, 2]"
2625,5,supplementary_operation,1,[5],True,1786,4085228,4087013,1,True,27211.57,27229.43,27211.57,27229.43,17.86,0,0,1785,True,0.0100056022409,0.000236624225017,0.0099999999984,0.0200000000004,99.9440089586,3,"[0, 1, 2]"
2626,0,normal_tightening,1,[0],True,1648,4087014,4088661,1,True,27229.44,27245.91,27229.44,27245.91,16.47,0,0,1647,True,0.01,0,0.0099999999984,0.010000000002,100,3,"[0, 1, 2]"
2627,5,supplementary_operation,1,[5],True,1853,4088662,4090514,1,True,27245.92,27264.44,27245.92,27264.44,18.52,0,0,1852,True,0.01,0,0.0099999999984,0.010000000002,100,3,"[0, 1, 2]"
2628,0,normal_tightening,1,[0],True,1528,4090515,4092042,1,True,27264.45,27279.72,27264.45,27279.72,15.27,0,0,1527,True,0.01,5.07442623323e-10,0.0099999999984,0.010000000002,100,3,"[0, 1, 2]"
2629,5,supplementary_operation,1,[5],True,1824,4092043,4093866,1,True,27279.73,27297.96,27279.73,27297.96,18.23,0,0,1823,True,0.01,0,0.0099999999984,0.010000000002,100,3,"[0, 1, 2]"
2630,1,damaged_screw,1,[1],True,1610,4093867,4095476,1,True,27297.97,27314.06,27297.97,27314.06,16.09,0,0,1609,True,0.01,1.64636126996e-10,0.0099999999984,0.010000000002,100,3,"[0, 1, 2]"
2631,5,supplementary_operation,1,[5],True,1811,4095477,4097287,1,True,27314.07,27332.17,27314.07,27332.17,18.1,0,0,1810,True,0.01,0,0.0099999999984,0.010000000002,100,3,"[0, 1, 2]"
2632,0,normal_tightening,1,[0],True,1370,4097288,4098657,1,True,27332.18,27345.93,27332.18,27345.93,13.75,0,0,1369,True,0.0100438276114,0.000660571914644,0.0099999999984,0.0200000000004,99.5636363636,2,"[1, 2]"
2633,5,supplementary_operation,1,[5],True,1826,4098658,4100483,1,True,27345.94,27364.24,27345.94,27364.24,18.3,0,0,1825,True,0.0100273972603,0.000522706411758,0.0099999999984,0.0200000000004,99.7267759563,3,"[0, 1, 2]"
2634,0,normal_tightening,1,[0],True,1398,4100484,4101881,1,True,27364.25,27378.23,27364.25,27378.23,13.98,0,0,1397,True,0.0100071581961,0.000267452279072,0.0099999999984,0.0200000000004,99.9284692418,3,"[0, 1, 2]"
2635,5,supplementary_operation,1,[5],True,1824,4101882,4103705,1,True,27378.24,27396.47,27378.24,27396.47,18.23,0,0,1823,True,0.01,0,0.0099999999984,0.010000000002,100,3,"[0, 1, 2]"
2636,0,normal_tightening,1,[0],True,1404,4103706,4105109,1,True,27396.48,27410.52,27396.48,27410.52,14.04,0,0,1403,True,0.0100071275837,0.000266880188564,0.0099999999984,0.0200000000004,99.9287749288,3,"[0, 1, 2]"
2637,5,supplementary_operation,1,[5],True,1368,4105110,4106477,1,True,27410.53,27424.2,27410.53,27424.2,13.67,0,0,1367,True,0.01,8.8659267708e-10,0.0099999999984,0.010000000002,100,3,"[0, 1, 2]"
2638,1,damaged_screw,1,[1],True,1413,4106478,4107890,1,True,27424.21,27438.33,27424.21,27438.33,14.12,0,0,1412,True,0.01,7.9810323664e-10,0.0099999999984,0.010000000002,100,2,"[1, 2]"
2639,5,supplementary_operation,1,[5],True,1350,4107891,4109240,1,True,27438.34,27451.83,27438.34,27451.83,13.49,0,0,1349,True,0.01,9.31322574615e-10,0.0099999999984,0.010000000002,100,3,"[0, 1, 2]"
2640,0,normal_tightening,1,[0],True,1525,4109241,4110765,1,True,27451.84,27467.08,27451.84,27467.08,15.24,0,0,1524,True,0.01,5.33482024325e-10,0.0099999999984,0.010000000002,100,3,"[0, 1, 2]"
2641,5,supplementary_operation,1,[5],True,1344,4110766,4112109,1,True,27467.09,27480.52,27467.09,27480.52,13.43,0,0,1343,True,0.01,9.4576254541e-10,0.0099999999984,0.010000000002,100,3,"[0, 1, 2]"
2642,0,normal_tightening,1,[0],True,1375,4112110,4113484,1,True,27480.53,27494.27,27480.53,27494.27,13.74,0,0,1374,True,0.01,8.8659267708e-10,0.0099999999984,0.010000000002,100,3,"[0, 1, 2]"
2643,5,supplementary_operation,1,[5],True,1438,4113485,4114922,1,True,27494.28,27508.66,27494.28,27508.66,14.38,0,0,1437,True,0.0100069589422,0.000263706267535,0.0099999999984,0.0200000000004,99.9304589708,2,"[1, 2]"
2644,0,normal_tightening,1,[0],True,1495,4114923,4116417,1,True,27508.67,27523.61,27508.67,27523.61,14.94,0,0,1494,True,0.01,6.04911756551e-10,0.0099999999984,0.010000000002,100,3,"[0, 1, 2]"
2645,5,supplementary_operation,1,[5],True,1517,4116418,4117934,1,True,27523.62,27538.78,27523.62,27538.78,15.16,0,0,1516,True,0.01,5.33482024325e-10,0.0099999999984,0.010000000002,100,3,"[0, 1, 2]"
2646,1,damaged_screw,1,[1],True,1317,4117935,4119251,1,True,27538.79,27551.95,27538.79,27551.95,13.16,0,0,1316,True,0.01,1.00818626092e-09,0.0099999999984,0.010000000002,100,3,"[0, 1, 2]"
2647,5,supplementary_operation,1,[5],True,1851,4119252,4121102,1,True,27551.96,27570.46,27551.96,27570.46,18.5,0,0,1850,True,0.01,0,0.0099999999984,0.010000000002,100,3,"[0, 1, 2]"
2648,0,normal_tightening,1,[0],True,1283,4121103,4122385,1,True,27570.47,27583.3,27570.47,27583.3,12.83,0,0,1282,True,0.010007800312,0.000279181437895,0.0099999999984,0.0200000000004,99.9220576773,3,"[0, 1, 2]"
2649,5,supplementary_operation,1,[5],True,1865,4122386,4124250,1,True,27583.31,27601.98,27583.31,27601.98,18.67,0,0,1864,True,0.0100160944206,0.000400855554592,0.0099999999984,0.0200000000004,99.8393144082,3,"[0, 1, 2]"
2650,0,normal_tightening,1,[0],True,1471,4124251,4125721,1,True,27601.99,27616.69,27601.99,27616.69,14.7,0,0,1470,True,0.01,6.58544507983e-10,0.0099999999984,0.010000000002,100,3,"[0, 1, 2]"
2651,5,supplementary_operation,1,[5],True,1871,4125722,4127592,1,True,27616.7,27635.4,27616.7,27635.4,18.7,0,0,1870,True,0.01,0,0.0099999999984,0.010000000002,100,3,"[0, 1, 2]"
2652,0,normal_tightening,1,[0],True,1213,4127593,4128805,1,True,27635.41,27647.54,27635.41,27647.54,12.13,0,0,1212,True,0.0100082508251,0.000287123970993,0.0099999999984,0.0200000000004,99.9175597692,2,"[1, 2]"
2653,5,supplementary_operation,1,[5],True,1849,4128806,4130654,1,True,27647.55,27666.09,27647.55,27666.09,18.54,0,0,1848,True,0.0100324675325,0.00065715012914,0.0099999999984,0.0299999999988,99.6763754045,3,"[0, 1, 2]"
2654,1,damaged_screw,1,[1],True,1582,4130655,4132236,1,True,27666.1,27681.92,27666.1,27681.92,15.82,0,0,1581,True,0.0100063251107,0.000251418177296,0.0099999999984,0.0200000000004,99.9367888748,3,"[0, 1, 2]"
2655,5,supplementary_operation,1,[5],True,1826,4132237,4134062,1,True,27681.93,27700.21,27681.93,27700.21,18.28,0,0,1825,True,0.0100164383562,0.000405109049645,0.0099999999984,0.0200000000004,99.8358862144,3,"[0, 1, 2]"
2656,0,normal_tightening,1,[0],True,1624,4134063,4135686,1,True,27700.22,27716.58,27700.22,27716.58,16.36,0,0,1623,True,0.0100800985829,0.00102030741629,0.0099999999984,0.0299999999988,99.2053789731,3,"[0, 1, 2]"
2657,5,supplementary_operation,1,[5],True,1835,4135687,4137521,1,True,27716.59,27734.99,27716.59,27734.99,18.4,0,0,1834,True,0.0100327153762,0.000571037184827,0.0099999999984,0.0200000000004,99.6739130435,3,"[0, 1, 2]"
2658,0,normal_tightening,1,[0],True,1597,4137522,4139118,1,True,27735,27751,27735,27751,16,0,0,1596,True,0.0100250626566,0.000612626895377,0.0099999999984,0.0300000000025,99.75,3,"[0, 1, 2]"
2659,5,supplementary_operation,1,[5],True,1804,4139119,4140922,1,True,27751.01,27769.05,27751.01,27769.05,18.04,0,0,1803,True,0.0100055463117,0.000235440768471,0.0099999999984,0.0200000000004,99.9445676275,2,"[1, 2]"
2660,0,normal_tightening,1,[0],True,1550,4140923,4142472,1,True,27769.06,27784.56,27769.06,27784.56,15.5,0,0,1549,True,0.0100064557779,0.000254000200989,0.0099999999984,0.0199999999968,99.935483871,2,"[1, 2]"
2661,5,supplementary_operation,1,[5],True,1829,4142473,4144301,1,True,27784.57,27802.86,27784.57,27802.86,18.29,0,0,1828,True,0.0100054704595,0.000233826151709,0.0099999999984,0.0199999999968,99.9453253144,2,"[1, 2]"
2662,1,damaged_screw,1,[1],True,1623,4144302,4145924,1,True,27802.87,27819.1,27802.87,27819.1,16.23,0,0,1622,True,0.0100061652281,0.000248222221209,0.0099999999984,0.0200000000004,99.9383857055,3,"[0, 1, 2]"
2663,5,supplementary_operation,1,[5],True,1859,4145925,4147783,1,True,27819.11,27837.7,27819.11,27837.7,18.59,0,0,1858,True,0.0100053821313,0.000231931769938,0.0099999999984,0.0200000000004,99.9462076385,3,"[0, 1, 2]"
2664,0,normal_tightening,1,[0],True,1534,4147784,4149317,1,True,27837.71,27853.04,27837.71,27853.04,15.33,0,0,1533,True,0.01,4.79992668333e-10,0.0099999999984,0.010000000002,100,2,"[1, 2]"
2665,5,supplementary_operation,1,[5],True,1860,4149318,4151177,1,True,27853.05,27871.64,27853.05,27871.64,18.59,0,0,1859,True,0.01,0,0.0099999999984,0.010000000002,100,3,"[0, 1, 2]"
2666,0,normal_tightening,1,[0],True,1548,4151178,4152725,1,True,27871.65,27887.12,27871.65,27887.12,15.47,0,0,1547,True,0.01,4.50874602679e-10,0.0099999999984,0.010000000002,100,2,"[1, 2]"
2667,5,supplementary_operation,1,[5],True,1815,4152726,4154540,1,True,27887.13,27905.28,27887.13,27905.28,18.15,0,0,1814,True,0.0100055126792,0.000234726227664,0.0099999999984,0.0199999999968,99.9449035813,3,"[0, 1, 2]"
2668,0,normal_tightening,1,[0],True,1537,4154541,4156077,1,True,27905.29,27920.65,27905.29,27920.65,15.36,0,0,1536,True,0.01,4.93908380987e-10,0.0099999999984,0.010000000002,100,2,"[1, 2]"
2669,5,supplementary_operation,1,[5],True,1820,4156078,4157897,1,True,27920.66,27938.88,27920.66,27938.88,18.22,0,0,1819,True,0.0100164925783,0.000524027003675,0.0099999999984,0.0300000000025,99.8353457739,3,"[0, 1, 2]"
2670,1,damaged_screw,1,[1],True,1529,4157898,4159426,1,True,27938.89,27954.18,27938.89,27954.18,15.29,0,0,1528,True,0.0100065445026,0.000255738529888,0.0099999999984,0.0200000000004,99.9345977763,3,"[0, 1, 2]"
2671,5,supplementary_operation,1,[5],True,1829,4159427,4161255,1,True,27954.19,27972.53,27954.19,27972.53,18.34,0,0,1828,True,0.0100328227571,0.000738896892965,0.0099999999984,0.0299999999988,99.6728462377,2,"[1, 2]"
2672,0,normal_tightening,1,[0],True,1495,4161256,4162750,1,True,27972.54,27987.5,27972.54,27987.5,14.96,0,0,1494,True,0.0100133868809,0.00051726048421,0.0099999999984,0.0299999999988,99.8663101604,2,"[1, 2]"
2673,5,supplementary_operation,1,[5],True,1833,4162751,4164583,1,True,27987.51,28005.84,27987.51,28005.84,18.33,0,0,1832,True,0.0100054585153,0.000233570883146,0.0099999999984,0.0200000000004,99.9454446263,3,"[0, 1, 2]"
2674,0,normal_tightening,1,[0],True,1376,4164584,4165959,1,True,28005.85,28019.61,28005.85,28019.61,13.76,0,0,1375,True,0.0100072727273,0.000269581861727,0.0099999999984,0.0200000000004,99.9273255814,3,"[0, 1, 2]"
2675,5,supplementary_operation,1,[5],True,1817,4165960,4167776,1,True,28019.62,28037.78,28019.62,28037.78,18.16,0,0,1816,True,0.01,0,0.0099999999984,0.010000000002,100,3,"[0, 1, 2]"
2676,0,normal_tightening,1,[0],True,1395,4167777,4169171,1,True,28037.79,28051.74,28037.79,28051.74,13.95,0,0,1394,True,0.0100071736011,0.000267739707424,0.0099999999984,0.0200000000004,99.9283154122,2,"[1, 2]"
2677,5,supplementary_operation,1,[5],True,1884,4169172,4171055,1,True,28051.75,28070.61,28051.75,28070.61,18.86,0,0,1883,True,0.0100159320234,0.000398831298014,0.0099999999984,0.0200000000004,99.8409331919,3,"[0, 1, 2]"
2678,1,damaged_screw,1,[1],True,1351,4171056,4172406,1,True,28070.62,28084.12,28070.62,28084.12,13.5,0,0,1350,True,0.01,9.31322574615e-10,0.0099999999984,0.010000000002,100,3,"[0, 1, 2]"
2679,5,supplementary_operation,1,[5],True,1836,4172407,4174242,1,True,28084.13,28102.59,28084.13,28102.59,18.46,0,0,1835,True,0.0100599455041,0.00101578978131,0.0099999999984,0.0400000000009,99.4041170098,3,"[0, 1, 2]"
2680,0,normal_tightening,1,[0],True,1367,4174243,4175609,1,True,28102.6,28116.28,28102.6,28116.28,13.68,0,0,1366,True,0.0100146412884,0.00054093567206,0.0099999999984,0.0299999999988,99.8538011696,3,"[0, 1, 2]"
2681,5,supplementary_operation,1,[5],True,1839,4175610,4177448,1,True,28116.29,28134.69,28116.29,28134.69,18.4,0,0,1838,True,0.0100108813928,0.000329690041527,0.0099999999984,0.0200000000004,99.8913043478,3,"[0, 1, 2]"
2682,0,normal_tightening,1,[0],True,1354,4177449,4178802,1,True,28134.7,28148.26,28134.7,28148.26,13.56,0,0,1353,True,0.010022172949,0.000607501037318,0.0099999999984,0.0299999999988,99.778761062,3,"[0, 1, 2]"
2683,5,supplementary_operation,1,[5],True,1842,4178803,4180644,1,True,28148.27,28166.72,28148.27,28166.72,18.45,0,0,1841,True,0.0100217273221,0.000736689199104,0.0099999999984,0.0399999999972,99.783197832,3,"[0, 1, 2]"
2684,0,normal_tightening,1,[0],True,1249,4180645,4181893,1,True,28166.73,28179.23,28166.73,28179.23,12.5,0,0,1248,True,0.010016025641,0.000399999486376,0.0099999999984,0.0200000000004,99.84,3,"[0, 1, 2]"
2685,5,supplementary_operation,1,[5],True,1809,4181894,4183702,1,True,28179.24,28197.32,28179.24,28197.32,18.08,0,0,1808,True,0.01,0,0.0099999999984,0.010000000002,100,3,"[0, 1, 2]"
2686,1,damaged_screw,1,[1],True,1305,4183703,4185007,1,True,28197.33,28210.37,28197.33,28210.37,13.04,0,0,1304,True,0.01,1.02154030318e-09,0.0099999999984,0.010000000002,100,3,"[0, 1, 2]"
2687,5,supplementary_operation,1,[5],True,1835,4185008,4186842,1,True,28210.38,28228.73,28210.38,28228.73,18.35,0,0,1834,True,0.0100054525627,0.000233443561935,0.0099999999984,0.0200000000004,99.9455040872,3,"[0, 1, 2]"
2688,0,normal_tightening,1,[0],True,1533,4186843,4188375,1,True,28228.74,28244.06,28228.74,28244.06,15.32,0,0,1532,True,0.01,5.20625146455e-10,0.0099999999984,0.010000000002,100,3,"[0, 1, 2]"
2689,5,supplementary_operation,1,[5],True,1818,4188376,4190193,1,True,28244.07,28262.27,28244.07,28262.27,18.2,0,0,1817,True,0.010016510732,0.000405998418102,0.0099999999984,0.0200000000004,99.8351648352,3,"[0, 1, 2]"
2690,0,normal_tightening,1,[0],True,1566,4190194,4191759,1,True,28262.28,28277.95,28262.28,28277.95,15.67,0,0,1565,True,0.0100127795527,0.00035725650477,0.0099999999984,0.0200000000004,99.8723675814,3,"[0, 1, 2]"
2691,5,supplementary_operation,1,[5],True,1870,4191760,4193629,1,True,28277.96,28296.66,28277.96,28296.66,18.7,0,0,1869,True,0.0100053504548,0.00023124861194,0.0099999999984,0.0200000000004,99.9465240642,3,"[0, 1, 2]"
2692,0,normal_tightening,1,[0],True,1689,4193630,4195318,1,True,28296.67,28313.57,28296.67,28313.57,16.9,0,0,1688,True,0.0100118483412,0.000344010216625,0.0099999999984,0.0200000000004,99.8816568047,2,"[1, 2]"
2693,5,supplementary_operation,1,[5],True,1854,4195319,4197172,1,True,28313.58,28332.13,28313.58,28332.13,18.55,0,0,1853,True,0.0100107933081,0.000328354360406,0.0099999999984,0.0200000000004,99.8921832884,2,"[1, 2]"
2694,1,damaged_screw,1,[1],True,1541,4197173,4198713,1,True,28332.14,28347.54,28332.14,28347.54,15.4,0,0,1540,True,0.01,4.65661287308e-10,0.0099999999984,0.010000000002,100,3,"[0, 1, 2]"
2695,5,supplementary_operation,1,[5],True,1874,4198714,4200587,1,True,28347.55,28366.3,28347.55,28366.3,18.75,0,0,1873,True,0.0100106780566,0.000326598446189,0.0099999999984,0.0200000000004,99.8933333333,3,"[0, 1, 2]"
2696,0,normal_tightening,1,[0],True,1491,4200588,4202078,1,True,28366.31,28381.24,28366.31,28381.24,14.93,0,0,1490,True,0.0100201342282,0.000578934437246,0.0099999999984,0.0299999999988,99.7990622907,3,"[0, 1, 2]"
2697,5,supplementary_operation,1,[5],True,1859,4202079,4203937,1,True,28381.25,28399.83,28381.25,28399.83,18.58,0,0,1858,True,0.01,0,0.0099999999984,0.010000000002,100,3,"[0, 1, 2]"
2698,0,normal_tightening,1,[0],True,1645,4203938,4205582,1,True,28399.84,28416.37,28399.84,28416.37,16.53,0,0,1644,True,0.0100547445255,0.000816151207519,0.0099999999984,0.0299999999988,99.4555353902,3,"[0, 1, 2]"
2699,5,supplementary_operation,1,[5],True,1834,4205583,4207416,1,True,28416.38,28434.73,28416.38,28434.73,18.35,0,0,1833,True,0.0100109110747,0.000330138903836,0.0099999999984,0.0200000000004,99.8910081744,3,"[0, 1, 2]"
2700,0,normal_tightening,1,[0],True,1337,4207417,4208753,1,True,28434.74,28448.11,28434.74,28448.11,13.37,0,0,1336,True,0.0100074850299,0.000273485417775,0.0099999999984,0.0200000000004,99.9252056844,3,"[0, 1, 2]"
2701,5,supplementary_operation,1,[5],True,1853,4208754,4210606,1,True,28448.12,28466.64,28448.12,28466.64,18.52,0,0,1852,True,0.01,0,0.0099999999984,0.010000000002,100,2,"[1, 2]"
2702,1,damaged_screw,1,[1],True,1374,4210607,4211980,1,True,28466.65,28480.38,28466.65,28480.38,13.73,0,0,1373,True,0.01,8.78916405522e-10,0.0099999999984,0.010000000002,100,2,"[1, 2]"
2703,5,supplementary_operation,1,[5],True,1826,4211981,4213806,1,True,28480.39,28498.65,28480.39,28498.65,18.26,0,0,1825,True,0.0100054794521,0.000234018153478,0.0099999999984,0.0200000000004,99.9452354874,3,"[0, 1, 2]"
2704,0,normal_tightening,1,[0],True,1328,4213807,4215134,1,True,28498.66,28511.93,28498.66,28511.93,13.27,0,0,1327,True,0.01,9.74000462487e-10,0.0099999999984,0.010000000002,100,3,"[0, 1, 2]"
2705,5,supplementary_operation,1,[5],True,931,4215135,4216065,1,True,8204.064,8213.364,8204.064,8213.364,9.3,0,0,930,True,0.01,0,0.0099999999984,0.010000000002,100,3,"[0, 1, 2]"
2706,3,missing_screw,1,[3],True,912,4216066,4216977,1,True,8213.374,8222.484,8213.374,8222.484,9.11,0,0,911,True,0.01,0,0.0099999999984,0.010000000002,100,3,"[0, 1, 2]"
2707,5,supplementary_operation,1,[5],True,1545,4216978,4218522,1,True,8222.494,8237.934,8222.494,8237.934,15.44,0,0,1544,True,0.01,1.64636126996e-10,0.0099999999984,0.010000000002,100,3,"[0, 1, 2]"
2708,0,normal_tightening,1,[0],True,1265,4218523,4219787,1,True,8237.944,8250.584,8237.944,8250.584,12.64,0,0,1264,True,0.01,0,0.0099999999984,0.010000000002,100,2,"[1, 2]"
2709,5,supplementary_operation,1,[5],True,790,4219788,4220577,1,True,8250.594,8258.484,8250.594,8258.484,7.89,0,0,789,True,0.01,0,0.0099999999984,0.010000000002,100,3,"[0, 1, 2]"
2710,3,missing_screw,1,[3],True,895,4220578,4221472,1,True,8258.494,8267.434,8258.494,8267.434,8.94,0,0,894,True,0.01,0,0.0099999999984,0.010000000002,100,2,"[1, 2]"
2711,5,supplementary_operation,1,[5],True,1506,4221473,4222978,1,True,8267.444,8282.494,8267.444,8282.494,15.05,0,0,1505,True,0.01,0,0.0099999999984,0.010000000002,100,3,"[0, 1, 2]"
2712,0,normal_tightening,1,[0],True,1246,4222979,4224224,1,True,8282.504,8294.954,8282.504,8294.954,12.45,0,0,1245,True,0.01,0,0.0099999999984,0.010000000002,100,3,"[0, 1, 2]"
2713,5,supplementary_operation,1,[5],True,752,4224225,4224976,1,True,8294.964,8302.484,8294.964,8302.484,7.52,0,0,751,True,0.0100133155792,0.000364662155479,0.0099999999984,0.0200000000004,99.8670212766,3,"[0, 1, 2]"
2714,3,missing_screw,1,[3],True,976,4224977,4225952,1,True,8302.494,8312.244,8302.494,8312.244,9.75,0,0,975,True,0.01,0,0.0099999999984,0.010000000002,100,3,"[0, 1, 2]"
2715,5,supplementary_operation,1,[5],True,1432,4225953,4227384,1,True,8312.254,8326.564,8312.254,8326.564,14.31,0,0,1431,True,0.01,0,0.0099999999984,0.010000000002,100,3,"[0, 1, 2]"
2716,0,normal_tightening,1,[0],True,1345,4227385,4228729,1,True,8326.574,8340.014,8326.574,8340.014,13.44,0,0,1344,True,0.01,0,0.0099999999984,0.010000000002,100,3,"[0, 1, 2]"
2717,5,supplementary_operation,1,[5],True,714,4228730,4229443,1,True,8340.024,8347.154,8340.024,8347.154,7.13,0,0,713,True,0.01,4.79992668333e-10,0.0099999999984,0.010000000002,100,3,"[0, 1, 2]"
2718,3,missing_screw,1,[3],True,1155,4229444,4230598,1,True,8347.164,8358.704,8347.164,8358.704,11.54,0,0,1154,True,0.01,0,0.0099999999984,0.010000000002,100,2,"[1, 2]"
2719,5,supplementary_operation,1,[5],True,1422,4230599,4232020,1,True,8358.714,8372.924,8358.714,8372.924,14.21,0,0,1421,True,0.01,0,0.0099999999984,0.010000000002,100,2,"[1, 2]"
2720,0,normal_tightening,1,[0],True,1496,4232021,4233516,1,True,8372.934,8387.884,8372.934,8387.884,14.95,0,0,1495,True,0.01,0,0.0099999999984,0.010000000002,100,2,"[1, 2]"
2721,5,supplementary_operation,1,[5],True,695,4233517,4234211,1,True,8387.894,8394.834,8387.894,8394.834,6.94,0,0,694,True,0.01,5.58308270214e-10,0.0099999999984,0.010000000002,100,3,"[0, 1, 2]"
2722,3,missing_screw,1,[3],True,1433,4234212,4235644,1,True,8394.844,8409.164,8394.844,8409.164,14.32,0,0,1432,True,0.01,0,0.0099999999984,0.010000000002,100,3,"[0, 1, 2]"
2723,5,supplementary_operation,1,[5],True,1386,4235645,4237030,1,True,8409.174,8423.024,8409.174,8423.024,13.85,0,0,1385,True,0.01,0,0.0099999999984,0.010000000002,100,3,"[0, 1, 2]"
2724,0,normal_tightening,1,[0],True,1717,4237031,4238747,1,True,8423.034,8440.194,8423.034,8440.194,17.16,0,0,1716,True,0.01,6.78812141396e-10,0.0099999999984,0.010000000002,100,2,"[1, 2]"
2725,5,supplementary_operation,1,[5],True,645,4238748,4239392,1,True,8440.204,8446.644,8440.204,8446.644,6.44,0,0,644,True,0.01,7.1763224003e-10,0.0099999999984,0.010000000002,100,3,"[0, 1, 2]"
2726,3,missing_screw,1,[3],True,1412,4239393,4240804,1,True,8446.654,8460.764,8446.654,8460.764,14.11,0,0,1411,True,0.01,0,0.0099999999984,0.010000000002,100,3,"[0, 1, 2]"
2727,5,supplementary_operation,1,[5],True,1338,4240805,4242142,1,True,8460.774,8474.144,8460.774,8474.144,13.37,0,0,1337,True,0.01,0,0.0099999999984,0.010000000002,100,3,"[0, 1, 2]"
2728,0,normal_tightening,1,[0],True,1750,4242143,4243892,1,True,8474.154,8491.644,8474.154,8491.644,17.49,0,0,1749,True,0.01,7.45421768799e-10,0.0099999999984,0.010000000002,100,3,"[0, 1, 2]"
2729,5,supplementary_operation,1,[5],True,966,4243893,4244858,1,True,8491.654,8501.304,8491.654,8501.304,9.65,0,0,965,True,0.01,0,0.0099999999984,0.010000000002,100,3,"[0, 1, 2]"
2730,3,missing_screw,1,[3],True,1423,4244859,4246281,1,True,8501.314,8515.534,8501.314,8515.534,14.22,0,0,1422,True,0.01,0,0.0099999999984,0.010000000002,100,3,"[0, 1, 2]"
2731,5,supplementary_operation,1,[5],True,1684,4246282,4247965,1,True,8515.544,8532.374,8515.544,8532.374,16.83,0,0,1683,True,0.01,6.37632978038e-10,0.0099999999984,0.010000000002,100,3,"[0, 1, 2]"
2732,0,normal_tightening,1,[0],True,1715,4247966,4249680,1,True,8532.384,8549.524,8532.384,8549.524,17.14,0,0,1714,True,0.01,6.98491930962e-10,0.0099999999984,0.010000000002,100,3,"[0, 1, 2]"
2733,5,supplementary_operation,1,[5],True,966,4249681,4250646,1,True,8549.534,8559.184,8549.534,8559.184,9.65,0,0,965,True,0.01,0,0.0099999999984,0.010000000002,100,3,"[0, 1, 2]"
2734,3,missing_screw,1,[3],True,1413,4250647,4252059,1,True,8559.194,8573.314,8559.194,8573.314,14.12,0,0,1412,True,0.01,0,0.0099999999984,0.010000000002,100,3,"[0, 1, 2]"
2735,5,supplementary_operation,1,[5],True,1647,4252060,4253706,1,True,8573.324,8589.784,8573.324,8589.784,16.46,0,0,1646,True,0.01,5.58308270214e-10,0.0099999999984,0.010000000002,100,3,"[0, 1, 2]"
2736,0,normal_tightening,1,[0],True,2389,4253707,4256095,1,True,8589.794,8613.674,8589.794,8613.674,23.88,0,0,2388,True,0.01,1.26994123154e-09,0.0099999999984,0.010000000002,100,3,"[0, 1, 2]"
2737,5,supplementary_operation,1,[5],True,888,4256096,4256983,1,True,8613.684,8622.554,8613.684,8622.554,8.87,0,0,887,True,0.01,0,0.0099999999984,0.010000000002,100,3,"[0, 1, 2]"
2738,3,missing_screw,1,[3],True,1414,4256984,4258397,1,True,8622.564,8636.694,8622.564,8636.694,14.13,0,0,1413,True,0.01,0,0.0099999999984,0.010000000002,100,3,"[0, 1, 2]"
2739,5,supplementary_operation,1,[5],True,1647,4258398,4260044,1,True,8636.704,8653.164,8636.704,8653.164,16.46,0,0,1646,True,0.01,5.70316273436e-10,0.0099999999984,0.010000000002,100,2,"[1, 2]"
2740,0,normal_tightening,1,[0],True,1858,4260045,4261902,1,True,8653.174,8671.744,8653.174,8671.744,18.57,0,0,1857,True,0.01,8.78916405522e-10,0.0099999999984,0.010000000002,100,3,"[0, 1, 2]"
2741,5,supplementary_operation,1,[5],True,891,4261903,4262793,1,True,8671.754,8680.664,8671.754,8680.664,8.91,0,0,890,True,0.0100112359551,0.000335012393568,0.0099999999984,0.0199999999986,99.8877665544,3,"[0, 1, 2]"
2742,3,missing_screw,1,[3],True,1413,4262794,4264206,1,True,8680.674,8694.804,8680.674,8694.804,14.13,0,0,1412,True,0.010007082153,0.000266028894784,0.0099999999984,0.0200000000004,99.9292285916,3,"[0, 1, 2]"
2743,5,supplementary_operation,1,[5],True,1617,4264207,4265823,1,True,8694.814,8710.974,8694.814,8710.974,16.16,0,0,1616,True,0.01,4.79992668333e-10,0.0099999999984,0.010000000002,100,3,"[0, 1, 2]"
2744,0,normal_tightening,1,[0],True,1763,4265824,4267586,1,True,8710.984,8728.604,8710.984,8728.604,17.62,0,0,1762,True,0.01,7.54457514082e-10,0.0099999999984,0.010000000002,100,3,"[0, 1, 2]"
2745,5,supplementary_operation,1,[5],True,884,4267587,4268470,1,True,8728.614,8737.444,8728.614,8737.444,8.83,0,0,883,True,0.01,0,0.0099999999984,0.010000000002,100,3,"[0, 1, 2]"
2746,3,missing_screw,1,[3],True,1436,4268471,4269906,1,True,8737.454,8751.804,8737.454,8751.804,14.35,0,0,1435,True,0.01,0,0.0099999999984,0.010000000002,100,3,"[0, 1, 2]"
2747,5,supplementary_operation,1,[5],True,1615,4269907,4271521,1,True,8751.814,8767.954,8751.814,8767.954,16.14,0,0,1614,True,0.01,4.79992668333e-10,0.0099999999984,0.010000000002,100,3,"[0, 1, 2]"
2748,0,normal_tightening,1,[0],True,1710,4271522,4273231,1,True,8767.964,8785.054,8767.964,8785.054,17.09,0,0,1709,True,0.01,6.88722331903e-10,0.0099999999984,0.010000000002,100,3,"[0, 1, 2]"
2749,5,supplementary_operation,1,[5],True,824,4273232,4274055,1,True,8785.064,8793.294,8785.064,8793.294,8.23,0,0,823,True,0.01,0,0.0099999999984,0.010000000002,100,3,"[0, 1, 2]"
2750,3,missing_screw,1,[3],True,1440,4274056,4275495,1,True,8793.304,8807.694,8793.304,8807.694,14.39,0,0,1439,True,0.01,0,0.0099999999984,0.010000000002,100,2,"[1, 2]"
2751,5,supplementary_operation,1,[5],True,1589,4275496,4277084,1,True,8807.704,8823.584,8807.704,8823.584,15.88,0,0,1588,True,0.01,4.19741412097e-10,0.0099999999984,0.010000000002,100,3,"[0, 1, 2]"
2752,0,normal_tightening,1,[0],True,1686,4277085,4278770,1,True,8823.594,8840.444,8823.594,8840.444,16.85,0,0,1685,True,0.01,6.48173080155e-10,0.0099999999984,0.010000000002,100,2,"[1, 2]"
2753,5,supplementary_operation,1,[5],True,871,4278771,4279641,1,True,8840.454,8849.154,8840.454,8849.154,8.7,0,0,870,True,0.01,0,0.0099999999984,0.010000000002,100,3,"[0, 1, 2]"
2754,3,missing_screw,1,[3],True,1388,4279642,4281029,1,True,8849.164,8863.034,8849.164,8863.034,13.87,0,0,1387,True,0.01,0,0.0099999999984,0.010000000002,100,2,"[1, 2]"
2755,5,supplementary_operation,1,[5],True,1562,4281030,4282591,1,True,8863.044,8878.654,8863.044,8878.654,15.61,0,0,1561,True,0.01,3.08005990352e-10,0.0099999999984,0.010000000002,100,3,"[0, 1, 2]"
2756,0,normal_tightening,1,[0],True,1679,4282592,4284270,1,True,8878.664,8895.444,8878.664,8895.444,16.78,0,0,1678,True,0.01,6.16011980703e-10,0.0099999999984,0.010000000002,100,3,"[0, 1, 2]"
2757,5,supplementary_operation,1,[5],True,859,4284271,4285129,1,True,8895.454,8904.034,8895.454,8904.034,8.58,0,0,858,True,0.01,0,0.0099999999984,0.010000000002,100,3,"[0, 1, 2]"
2758,3,missing_screw,1,[3],True,1415,4285130,4286544,1,True,8904.044,8918.184,8904.044,8918.184,14.14,0,0,1414,True,0.01,0,0.0099999999984,0.010000000002,100,3,"[0, 1, 2]"
2759,5,supplementary_operation,1,[5],True,1552,4286545,4288096,1,True,8918.194,8933.704,8918.194,8933.704,15.51,0,0,1551,True,0.01,2.60312573228e-10,0.0099999999984,0.010000000002,100,3,"[0, 1, 2]"
2760,0,normal_tightening,1,[0],True,1679,4288097,4289775,1,True,8933.714,8950.494,8933.714,8950.494,16.78,0,0,1678,True,0.01,6.26915694114e-10,0.0099999999984,0.010000000002,100,3,"[0, 1, 2]"
2761,5,supplementary_operation,1,[5],True,764,4289776,4290539,1,True,8950.504,8958.134,8950.504,8958.134,7.63,0,0,763,True,0.01,2.32830643654e-10,0.0099999999984,0.010000000002,100,3,"[0, 1, 2]"
2762,3,missing_screw,1,[3],True,1570,4290540,4292109,1,True,8958.144,8973.834,8958.144,8973.834,15.69,0,0,1569,True,0.01,3.08005990352e-10,0.0099999999984,0.010000000002,100,3,"[0, 1, 2]"
2763,5,supplementary_operation,1,[5],True,1514,4292110,4293623,1,True,8973.844,8988.974,8973.844,8988.974,15.13,0,0,1513,True,0.01,0,0.0099999999984,0.010000000002,100,3,"[0, 1, 2]"
2764,0,normal_tightening,1,[0],True,1725,4293624,4295348,1,True,8988.984,9006.224,8988.984,9006.224,17.24,0,0,1724,True,0.01,7.08126757561e-10,0.0099999999984,0.010000000002,100,3,"[0, 1, 2]"
2765,5,supplementary_operation,1,[5],True,799,4295349,4296147,1,True,9006.234,9014.214,9006.234,9014.214,7.98,0,0,798,True,0.01,0,0.0099999999984,0.010000000002,100,3,"[0, 1, 2]"
2766,3,missing_screw,1,[3],True,1047,4296148,4297194,1,True,9014.224,9024.684,9014.224,9024.684,10.46,0,0,1046,True,0.01,0,0.0099999999984,0.0100000000002,100,3,"[0, 1, 2]"
2767,5,supplementary_operation,1,[5],True,1526,4297195,4298720,1,True,9024.694,9039.944,9024.694,9039.944,15.25,0,0,1525,True,0.01,0,0.0099999999984,0.0100000000002,100,3,"[0, 1, 2]"
2768,0,normal_tightening,1,[0],True,1305,4298721,4300025,1,True,9039.954,9052.994,9039.954,9052.994,13.04,0,0,1304,True,0.01,0,0.0099999999984,0.0100000000002,100,3,"[0, 1, 2]"
2769,5,supplementary_operation,1,[5],True,826,4300026,4300851,1,True,9053.004,9061.254,9053.004,9061.254,8.25,0,0,825,True,0.01,0,0.0099999999984,0.0100000000002,100,3,"[0, 1, 2]"
2770,3,missing_screw,1,[3],True,1126,4300852,4301977,1,True,9061.264,9072.514,9061.264,9072.514,11.25,0,0,1125,True,0.01,0,0.0099999999984,0.0100000000002,100,3,"[0, 1, 2]"
2771,5,supplementary_operation,1,[5],True,1526,4301978,4303503,1,True,9072.524,9087.774,9072.524,9087.774,15.25,0,0,1525,True,0.01,0,0.0099999999984,0.0100000000002,100,3,"[0, 1, 2]"
2772,0,normal_tightening,1,[0],True,1286,4303504,4304789,1,True,9087.784,9100.634,9087.784,9100.634,12.85,0,0,1285,True,0.01,0,0.0099999999984,0.0100000000002,100,3,"[0, 1, 2]"
2773,5,supplementary_operation,1,[5],True,752,4304790,4305541,1,True,9100.644,9108.154,9100.644,9108.154,7.51,0,0,751,True,0.01,0,0.0099999999984,0.0100000000002,100,3,"[0, 1, 2]"
2774,3,missing_screw,1,[3],True,918,4305542,4306459,1,True,9108.164,9117.334,9108.164,9117.334,9.17,0,0,917,True,0.01,0,0.0099999999984,0.0100000000002,100,3,"[0, 1, 2]"
2775,5,supplementary_operation,1,[5],True,1456,4306460,4307915,1,True,9117.344,9131.894,9117.344,9131.894,14.55,0,0,1455,True,0.01,0,0.0099999999984,0.0100000000002,100,3,"[0, 1, 2]"
2776,0,normal_tightening,1,[0],True,1240,4307916,4309155,1,True,9131.904,9144.294,9131.904,9144.294,12.39,0,0,1239,True,0.01,0,0.0099999999984,0.0100000000002,100,3,"[0, 1, 2]"
2777,5,supplementary_operation,1,[5],True,708,4309156,4309863,1,True,9144.304,9151.374,9144.304,9151.374,7.07,0,0,707,True,0.01,0,0.0099999999984,0.0100000000002,100,3,"[0, 1, 2]"
2778,3,missing_screw,1,[3],True,1036,4309864,4310899,1,True,9151.384,9161.734,9151.384,9161.734,10.35,0,0,1035,True,0.01,0,0.0099999999984,0.0100000000002,100,3,"[0, 1, 2]"
2779,5,supplementary_operation,1,[5],True,1447,4310900,4312346,1,True,9161.744,9176.204,9161.744,9176.204,14.46,0,0,1446,True,0.01,0,0.0099999999984,0.0100000000002,100,3,"[0, 1, 2]"
2780,0,normal_tightening,1,[0],True,1483,4312347,4313829,1,True,9176.214,9191.034,9176.214,9191.034,14.82,0,0,1482,True,0.01,0,0.0099999999984,0.0100000000002,100,3,"[0, 1, 2]"
2781,5,supplementary_operation,1,[5],True,678,4313830,4314507,1,True,9191.044,9197.814,9191.044,9197.814,6.77,0,0,677,True,0.01,4.03274504367e-10,0.0099999999984,0.0100000000002,100,3,"[0, 1, 2]"
2782,3,missing_screw,1,[3],True,1374,4314508,4315881,1,True,9197.824,9211.554,9197.824,9211.554,13.73,0,0,1373,True,0.01,0,0.0099999999984,0.0100000000002,100,3,"[0, 1, 2]"
2783,5,supplementary_operation,1,[5],True,1406,4315882,4317287,1,True,9211.564,9225.614,9211.564,9225.614,14.05,0,0,1405,True,0.01,0,0.0099999999984,0.0100000000002,100,3,"[0, 1, 2]"
2784,0,normal_tightening,1,[0],True,1699,4317288,4318986,1,True,9225.624,9242.604,9225.624,9242.604,16.98,0,0,1698,True,0.01,8.06549008735e-10,0.0099999999984,0.0100000000002,100,3,"[0, 1, 2]"
2785,5,supplementary_operation,1,[5],True,642,4318987,4319628,1,True,9242.614,9249.024,9242.614,9249.024,6.41,0,0,641,True,0.01,6.58544507983e-10,0.0099999999984,0.0100000000002,100,3,"[0, 1, 2]"
2786,3,missing_screw,1,[3],True,1408,4319629,4321036,1,True,9249.034,9263.104,9249.034,9263.104,14.07,0,0,1407,True,0.01,0,0.0099999999984,0.0100000000002,100,3,"[0, 1, 2]"
2787,5,supplementary_operation,1,[5],True,1666,4321037,4322702,1,True,9263.114,9279.764,9263.114,9279.764,16.65,0,0,1665,True,0.01,7.1763224003e-10,0.0099999999984,0.0100000000002,100,2,"[1, 2]"
2788,0,normal_tightening,1,[0],True,1733,4322703,4324435,1,True,9279.774,9297.094,9279.774,9297.094,17.32,0,0,1732,True,0.01,9.16655160721e-10,0.0099999999984,0.0100000000002,100,3,"[0, 1, 2]"
2789,5,supplementary_operation,1,[5],True,945,4324436,4325380,1,True,9297.104,9306.544,9297.104,9306.544,9.44,0,0,944,True,0.01,0,0.0099999999984,0.0100000000002,100,3,"[0, 1, 2]"
2790,3,missing_screw,1,[3],True,1451,4325381,4326831,1,True,9306.554,9321.054,9306.554,9321.054,14.5,0,0,1450,True,0.01,0,0.0099999999984,0.0100000000002,100,3,"[0, 1, 2]"
2791,5,supplementary_operation,1,[5],True,1650,4326832,4328481,1,True,9321.064,9337.554,9321.064,9337.554,16.49,0,0,1649,True,0.01,6.68755109252e-10,0.0099999999984,0.0100000000002,100,3,"[0, 1, 2]"
2792,0,normal_tightening,1,[0],True,1856,4328482,4330337,1,True,9337.564,9356.114,9337.564,9356.114,18.55,0,0,1855,True,0.01,1.12868842143e-09,0.0099999999984,0.0100000000002,100,3,"[0, 1, 2]"
2793,5,supplementary_operation,1,[5],True,873,4330338,4331210,1,True,9356.124,9364.844,9356.124,9364.844,8.72,0,0,872,True,0.01,0,0.0099999999984,0.0100000000002,100,3,"[0, 1, 2]"
2794,3,missing_screw,1,[3],True,1392,4331211,4332602,1,True,9364.854,9378.764,9364.854,9378.764,13.91,0,0,1391,True,0.01,0,0.0099999999984,0.0100000000002,100,3,"[0, 1, 2]"
2795,5,supplementary_operation,1,[5],True,1679,4332603,4334281,1,True,9378.774,9395.554,9378.774,9395.554,16.78,0,0,1678,True,0.01,7.63386316167e-10,0.0099999999984,0.0100000000002,100,3,"[0, 1, 2]"
2796,0,normal_tightening,1,[0],True,1892,4334282,4336173,1,True,9395.564,9414.474,9395.564,9414.474,18.91,0,0,1891,True,0.01,1.18148647774e-09,0.0099999999984,0.0100000000002,100,3,"[0, 1, 2]"
2797,5,supplementary_operation,1,[5],True,943,4336174,4337116,1,True,9414.484,9423.904,9414.484,9423.904,9.42,0,0,942,True,0.01,0,0.0099999999984,0.0100000000002,100,3,"[0, 1, 2]"
2798,3,missing_screw,1,[3],True,1408,4337117,4338524,1,True,9423.914,9437.984,9423.914,9437.984,14.07,0,0,1407,True,0.01,0,0.0099999999984,0.0100000000002,100,3,"[0, 1, 2]"
2799,5,supplementary_operation,1,[5],True,1711,4338525,4340235,1,True,9437.994,9455.094,9437.994,9455.094,17.1,0,0,1710,True,0.01,8.39482824193e-10,0.0099999999984,0.0100000000002,100,2,"[1, 2]"
2800,0,normal_tightening,1,[0],True,1749,4340236,4341984,1,True,9455.104,9472.584,9455.104,9472.584,17.48,0,0,1748,True,0.01,9.31322574615e-10,0.0099999999984,0.0100000000002,100,3,"[0, 1, 2]"
2801,5,supplementary_operation,1,[5],True,923,4341985,4342907,1,True,9472.594,9481.814,9472.594,9481.814,9.22,0,0,922,True,0.01,0,0.0099999999984,0.0100000000002,100,3,"[0, 1, 2]"
2802,3,missing_screw,1,[3],True,1510,4342908,4344417,1,True,9481.824,9496.914,9481.824,9496.914,15.09,0,0,1509,True,0.01,0,0.0099999999984,0.0100000000002,100,3,"[0, 1, 2]"
2803,5,supplementary_operation,1,[5],True,1586,4344418,4346003,1,True,9496.924,9512.774,9496.924,9512.774,15.85,0,0,1585,True,0.01,3.68137571515e-10,0.0099999999984,0.0100000000002,100,2,"[1, 2]"
2804,0,normal_tightening,1,[0],True,1905,4346004,4347908,1,True,9512.784,9531.824,9512.784,9531.824,19.04,0,0,1904,True,0.01,1.20420945259e-09,0.0099999999984,0.0100000000002,100,3,"[0, 1, 2]"
2805,5,supplementary_operation,1,[5],True,873,4347909,4348781,1,True,9531.834,9540.554,9531.834,9540.554,8.72,0,0,872,True,0.01,0,0.0099999999984,0.0100000000002,100,3,"[0, 1, 2]"
2806,3,missing_screw,1,[3],True,1641,4348782,4350422,1,True,9540.564,9556.964,9540.564,9556.964,16.4,0,0,1640,True,0.01,6.48173080155e-10,0.0099999999984,0.0100000000002,100,3,"[0, 1, 2]"
2807,5,supplementary_operation,1,[5],True,1572,4350423,4351994,1,True,9556.974,9572.684,9556.974,9572.684,15.71,0,0,1571,True,0.01,3.08005990352e-10,0.0099999999984,0.0100000000002,100,3,"[0, 1, 2]"
2808,0,normal_tightening,1,[0],True,1762,4351995,4353756,1,True,9572.694,9590.304,9572.694,9590.304,17.61,0,0,1761,True,0.01,9.74000462487e-10,0.0099999999984,0.0100000000002,100,3,"[0, 1, 2]"
2809,5,supplementary_operation,1,[5],True,884,4353757,4354640,1,True,9590.314,9599.144,9590.314,9599.144,8.83,0,0,883,True,0.01,0,0.0099999999984,0.0100000000002,100,3,"[0, 1, 2]"
2810,3,missing_screw,1,[3],True,1535,4354641,4356175,1,True,9599.154,9614.494,9599.154,9614.494,15.34,0,0,1534,True,0.01,0,0.0099999999984,0.0100000000002,100,3,"[0, 1, 2]"
2811,5,supplementary_operation,1,[5],True,1458,4356176,4357633,1,True,9614.504,9629.074,9614.504,9629.074,14.57,0,0,1457,True,0.01,0,0.0099999999984,0.0100000000002,100,3,"[0, 1, 2]"
2812,0,normal_tightening,1,[0],True,1881,4357634,4359514,1,True,9629.084,9647.884,9629.084,9647.884,18.8,0,0,1880,True,0.01,1.16415321827e-09,0.0099999999984,0.0100000000002,100,2,"[1, 2]"
2813,5,supplementary_operation,1,[5],True,776,4359515,4360290,1,True,9647.894,9655.644,9647.894,9655.644,7.75,0,0,775,True,0.01,0,0.0099999999984,0.0100000000002,100,3,"[0, 1, 2]"
2814,3,missing_screw,1,[3],True,1415,4360291,4361705,1,True,9655.654,9669.794,9655.654,9669.794,14.14,0,0,1414,True,0.01,0,0.0099999999984,0.0100000000002,100,3,"[0, 1, 2]"
2815,5,supplementary_operation,1,[5],True,1533,4361706,4363238,1,True,9669.804,9685.124,9669.804,9685.124,15.32,0,0,1532,True,0.01,0,0.0099999999984,0.0100000000002,100,3,"[0, 1, 2]"
2816,0,normal_tightening,1,[0],True,1815,4363239,4365053,1,True,9685.134,9703.274,9685.134,9703.274,18.14,0,0,1814,True,0.01,1.0605940571e-09,0.0099999999984,0.0100000000002,100,3,"[0, 1, 2]"
2817,5,supplementary_operation,1,[5],True,798,4365054,4365851,1,True,9703.284,9711.254,9703.284,9711.254,7.97,0,0,797,True,0.01,0,0.0099999999984,0.0100000000002,100,3,"[0, 1, 2]"
2818,3,missing_screw,1,[3],True,976,4365852,4366827,1,True,9711.264,9721.014,9711.264,9721.014,9.75,0,0,975,True,0.01,0,0.0099999999984,0.0100000000002,100,2,"[1, 2]"
2819,5,supplementary_operation,1,[5],True,1468,4366828,4368295,1,True,9721.024,9735.694,9721.024,9735.694,14.67,0,0,1467,True,0.01,0,0.0099999999984,0.0100000000002,100,3,"[0, 1, 2]"
2820,0,normal_tightening,1,[0],True,1217,4368296,4369512,1,True,9735.704,9747.864,9735.704,9747.864,12.16,0,0,1216,True,0.01,0,0.0099999999984,0.0100000000002,100,3,"[0, 1, 2]"
2821,5,supplementary_operation,1,[5],True,754,4369513,4370266,1,True,9747.874,9755.404,9747.874,9755.404,7.53,0,0,753,True,0.01,0,0.0099999999984,0.0100000000002,100,3,"[0, 1, 2]"
2822,3,missing_screw,1,[3],True,1096,4370267,4371362,1,True,9755.414,9766.364,9755.414,9766.364,10.95,0,0,1095,True,0.01,0,0.0099999999984,0.0100000000002,100,3,"[0, 1, 2]"
2823,5,supplementary_operation,1,[5],True,1423,4371363,4372785,1,True,9766.374,9780.594,9766.374,9780.594,14.22,0,0,1422,True,0.01,0,0.0099999999984,0.0100000000002,100,3,"[0, 1, 2]"
2824,0,normal_tightening,1,[0],True,1278,4372786,4374063,1,True,9780.604,9793.374,9780.604,9793.374,12.77,0,0,1277,True,0.01,0,0.0099999999984,0.0100000000002,100,3,"[0, 1, 2]"
2825,5,supplementary_operation,1,[5],True,681,4374064,4374744,1,True,9793.384,9800.184,9793.384,9800.184,6.8,0,0,680,True,0.01,3.86105942348e-10,0.0099999999984,0.0100000000002,100,3,"[0, 1, 2]"
2826,3,missing_screw,1,[3],True,1168,4374745,4375912,1,True,9800.194,9811.864,9800.194,9811.864,11.67,0,0,1167,True,0.01,0,0.0099999999984,0.0100000000002,100,3,"[0, 1, 2]"
2827,5,supplementary_operation,1,[5],True,1373,4375913,4377285,1,True,9811.874,9825.594,9811.874,9825.594,13.72,0,0,1372,True,0.01,0,0.0099999999984,0.0100000000002,100,3,"[0, 1, 2]"
2828,0,normal_tightening,1,[0],True,1728,4377286,4379013,1,True,9825.604,9842.874,9825.604,9842.874,17.27,0,0,1727,True,0.01,8.78916405522e-10,0.0099999999984,0.0100000000002,100,2,"[1, 2]"
2829,5,supplementary_operation,1,[5],True,666,4379014,4379679,1,True,9842.884,9849.534,9842.884,9849.534,6.65,0,0,665,True,0.01,4.93908380987e-10,0.0099999999984,0.0100000000002,100,3,"[0, 1, 2]"
2830,3,missing_screw,1,[3],True,1446,4379680,4381125,1,True,9849.544,9863.994,9849.544,9863.994,14.45,0,0,1445,True,0.01,0,0.0099999999984,0.0100000000002,100,3,"[0, 1, 2]"
2831,5,supplementary_operation,1,[5],True,1381,4381126,4382506,1,True,9864.004,9877.804,9864.004,9877.804,13.8,0,0,1380,True,0.01,0,0.0099999999984,0.0100000000002,100,2,"[1, 2]"
2832,0,normal_tightening,1,[0],True,1710,4382507,4384216,1,True,9877.814,9894.904,9877.814,9894.904,17.09,0,0,1709,True,0.01,8.47516335696e-10,0.0099999999984,0.0100000000002,100,3,"[0, 1, 2]"
2833,5,supplementary_operation,1,[5],True,969,4384217,4385185,1,True,9894.914,9904.594,9894.914,9904.594,9.68,0,0,968,True,0.01,0,0.0099999999984,0.0100000000002,100,3,"[0, 1, 2]"
2834,3,missing_screw,1,[3],True,1519,4385186,4386704,1,True,9904.604,9919.784,9904.604,9919.784,15.18,0,0,1518,True,0.01,0,0.0099999999984,0.0100000000002,100,3,"[0, 1, 2]"
2835,5,supplementary_operation,1,[5],True,1660,4386705,4388364,1,True,9919.794,9936.384,9919.794,9936.384,16.59,0,0,1659,True,0.01,7.1763224003e-10,0.0099999999984,0.0100000000002,100,3,"[0, 1, 2]"
2836,0,normal_tightening,1,[0],True,1809,4388365,4390173,1,True,9936.394,9954.474,9936.394,9954.474,18.08,0,0,1808,True,0.01,1.04773789644e-09,0.0099999999984,0.0100000000002,100,3,"[0, 1, 2]"
2837,5,supplementary_operation,1,[5],True,964,4390174,4391137,1,True,9954.484,9964.114,9954.484,9964.114,9.63,0,0,963,True,0.01,0,0.0099999999984,0.0100000000002,100,3,"[0, 1, 2]"
2838,3,missing_screw,1,[3],True,1410,4391138,4392547,1,True,9964.124,9978.214,9964.124,9978.214,14.09,0,0,1409,True,0.01,0,0.0099999999984,0.0100000000002,100,3,"[0, 1, 2]"
2839,5,supplementary_operation,1,[5],True,1675,4392548,4394222,1,True,9978.224,9994.964,9978.224,9994.964,16.74,0,0,1674,True,0.01,7.45421768799e-10,0.0099999999984,0.0100000000002,100,3,"[0, 1, 2]"
2840,0,normal_tightening,1,[0],True,1701,4394223,4395923,1,True,9994.974,10011.974,9994.974,10011.974,17,0,0,1700,True,0.01,8.23180634978e-10,0.0099999999984,0.0100000000002,100,3,"[0, 1, 2]"
2841,5,supplementary_operation,1,[5],True,944,4395924,4396867,1,True,10011.984,10021.414,10011.984,10021.414,9.43,0,0,943,True,0.01,0,0.0099999999984,0.0100000000002,100,3,"[0, 1, 2]"
2842,3,missing_screw,1,[3],True,1415,4396868,4398282,1,True,10021.424,10035.564,10021.424,10035.564,14.14,0,0,1414,True,0.01,0,0.0099999999984,0.0100000000002,100,3,"[0, 1, 2]"
2843,5,supplementary_operation,1,[5],True,1637,4398283,4399919,1,True,10035.574,10051.934,10035.574,10051.934,16.36,0,0,1636,True,0.01,6.26915694114e-10,0.0099999999984,0.0100000000002,100,2,"[1, 2]"
2844,0,normal_tightening,1,[0],True,1724,4399920,4401643,1,True,10051.944,10069.174,10051.944,10069.174,17.23,0,0,1723,True,0.01,8.8659267708e-10,0.0099999999984,0.0100000000002,100,3,"[0, 1, 2]"
2845,5,supplementary_operation,1,[5],True,896,4401644,4402539,1,True,10069.184,10078.134,10069.184,10078.134,8.95,0,0,895,True,0.01,0,0.0099999999984,0.0100000000002,100,3,"[0, 1, 2]"
2846,3,missing_screw,1,[3],True,1434,4402540,4403973,1,True,10078.144,10092.474,10078.144,10092.474,14.33,0,0,1433,True,0.01,0,0.0099999999984,0.0100000000002,100,3,"[0, 1, 2]"
2847,5,supplementary_operation,1,[5],True,1634,4403974,4405607,1,True,10092.484,10108.814,10092.484,10108.814,16.33,0,0,1633,True,0.01,6.26915694114e-10,0.0099999999984,0.0100000000002,100,3,"[0, 1, 2]"
2848,0,normal_tightening,1,[0],True,1729,4405608,4407336,1,True,10108.824,10126.104,10108.824,10126.104,17.28,0,0,1728,True,0.01,8.78916405522e-10,0.0099999999984,0.0100000000002,100,3,"[0, 1, 2]"
2849,5,supplementary_operation,1,[5],True,896,4407337,4408232,1,True,10126.114,10135.064,10126.114,10135.064,8.95,0,0,895,True,0.01,0,0.0099999999984,0.0100000000002,100,3,"[0, 1, 2]"
2850,3,missing_screw,1,[3],True,1476,4408233,4409708,1,True,10135.074,10149.824,10135.074,10149.824,14.75,0,0,1475,True,0.01,0,0.0099999999984,0.0100000000002,100,3,"[0, 1, 2]"
2851,5,supplementary_operation,1,[5],True,1599,4409709,4411307,1,True,10149.834,10165.814,10149.834,10165.814,15.98,0,0,1598,True,0.01,4.79992668333e-10,0.0099999999984,0.0100000000002,100,3,"[0, 1, 2]"
2852,0,normal_tightening,1,[0],True,1758,4411308,4413065,1,True,10165.824,10183.394,10165.824,10183.394,17.57,0,0,1757,True,0.01,9.59985336665e-10,0.0099999999984,0.0100000000002,100,3,"[0, 1, 2]"
2853,5,supplementary_operation,1,[5],True,738,4413066,4413803,1,True,10183.404,10190.774,10183.404,10190.774,7.37,0,0,737,True,0.01,0,0.0099999999984,0.0100000000002,100,3,"[0, 1, 2]"
2854,3,missing_screw,1,[3],True,1435,4413804,4415238,1,True,10190.784,10205.124,10190.784,10205.124,14.34,0,0,1434,True,0.01,0,0.0099999999984,0.0100000000002,100,3,"[0, 1, 2]"
2855,5,supplementary_operation,1,[5],True,1527,4415239,4416765,1,True,10205.134,10220.394,10205.134,10220.394,15.26,0,0,1526,True,0.01,0,0.0099999999984,0.0100000000002,100,3,"[0, 1, 2]"
2856,0,normal_tightening,1,[0],True,1870,4416766,4418635,1,True,10220.404,10239.094,10220.404,10239.094,18.69,0,0,1869,True,0.01,1.15245288897e-09,0.0099999999984,0.0100000000002,100,3,"[0, 1, 2]"
2857,5,supplementary_operation,1,[5],True,728,4418636,4419363,1,True,10239.104,10246.374,10239.104,10246.374,7.27,0,0,727,True,0.01,0,0.0099999999984,0.0100000000002,100,3,"[0, 1, 2]"
2858,3,missing_screw,1,[3],True,1408,4419364,4420771,1,True,10246.384,10260.454,10246.384,10260.454,14.07,0,0,1407,True,0.01,0,0.0099999999984,0.0100000000002,100,3,"[0, 1, 2]"
2859,5,supplementary_operation,1,[5],True,1463,4420772,4422234,1,True,10260.464,10275.084,10260.464,10275.084,14.62,0,0,1462,True,0.01,0,0.0099999999984,0.0100000000002,100,2,"[1, 2]"
2860,0,normal_tightening,1,[0],True,1908,4422235,4424142,1,True,10275.094,10294.164,10275.094,10294.164,19.07,0,0,1907,True,0.01,1.20420945259e-09,0.0099999999984,0.0100000000002,100,3,"[0, 1, 2]"
2861,5,supplementary_operation,1,[5],True,709,4424143,4424851,1,True,10294.174,10301.254,10294.174,10301.254,7.08,0,0,708,True,0.01,0,0.0099999999984,0.0100000000002,100,3,"[0, 1, 2]"
2862,3,missing_screw,1,[3],True,1425,4424852,4426276,1,True,10301.264,10315.504,10301.264,10315.504,14.24,0,0,1424,True,0.01,0,0.0099999999984,0.0100000000002,100,2,"[1, 2]"
2863,5,supplementary_operation,1,[5],True,1430,4426277,4427706,1,True,10315.514,10329.804,10315.514,10329.804,14.29,0,0,1429,True,0.01,0,0.0099999999984,0.0100000000002,100,3,"[0, 1, 2]"
2864,0,normal_tightening,1,[0],True,1726,4427707,4429432,1,True,10329.814,10347.064,10329.814,10347.064,17.25,0,0,1725,True,0.01,8.78916405522e-10,0.0099999999984,0.0100000000002,100,3,"[0, 1, 2]"
2865,5,supplementary_operation,1,[5],True,680,4429433,4430112,1,True,10347.074,10353.864,10347.074,10353.864,6.79,0,0,679,True,0.01,4.03274504367e-10,0.0099999999984,0.0100000000002,100,3,"[0, 1, 2]"
2866,3,missing_screw,1,[3],True,1436,4430113,4431548,1,True,10353.874,10368.224,10353.874,10368.224,14.35,0,0,1435,True,0.01,0,0.0099999999984,0.0100000000002,100,3,"[0, 1, 2]"
2867,5,supplementary_operation,1,[5],True,1675,4431549,4433223,1,True,10368.234,10384.974,10368.234,10384.974,16.74,0,0,1674,True,0.01,7.45421768799e-10,0.0099999999984,0.0100000000002,100,3,"[0, 1, 2]"
2868,0,normal_tightening,1,[0],True,1711,4433224,4434934,1,True,10384.984,10402.084,10384.984,10402.084,17.1,0,0,1710,True,0.01,8.39482824193e-10,0.0099999999984,0.0100000000002,100,3,"[0, 1, 2]"
2869,5,supplementary_operation,1,[5],True,943,4434935,4435877,1,True,10402.094,10411.514,10402.094,10411.514,9.42,0,0,942,True,0.01,0,0.0099999999984,0.0100000000002,100,3,"[0, 1, 2]"
2870,3,missing_screw,1,[3],True,1374,4435878,4437251,1,True,10411.524,10425.254,10411.524,10425.254,13.73,0,0,1373,True,0.01,0,0.0099999999984,0.0100000000002,100,3,"[0, 1, 2]"
2871,5,supplementary_operation,1,[5],True,1683,4437252,4438934,1,True,10425.264,10442.084,10425.264,10442.084,16.82,0,0,1682,True,0.01,7.72211884697e-10,0.0099999999984,0.0100000000002,100,3,"[0, 1, 2]"
2872,0,normal_tightening,1,[0],True,1721,4438935,4440655,1,True,10442.094,10459.294,10442.094,10459.294,17.2,0,0,1720,True,0.01,8.71172497695e-10,0.0099999999984,0.0100000000002,100,3,"[0, 1, 2]"
2873,5,supplementary_operation,1,[5],True,920,4440656,4441575,1,True,10459.304,10468.494,10459.304,10468.494,9.19,0,0,919,True,0.01,0,0.0099999999984,0.0100000000002,100,3,"[0, 1, 2]"
2874,3,missing_screw,1,[3],True,1400,4441576,4442975,1,True,10468.504,10482.494,10468.504,10482.494,13.99,0,0,1399,True,0.01,0,0.0099999999984,0.0100000000002,100,3,"[0, 1, 2]"
2875,5,supplementary_operation,1,[5],True,1638,4442976,4444613,1,True,10482.504,10498.874,10482.504,10498.874,16.37,0,0,1637,True,0.01,4.65661287308e-10,0.0099999999984,0.0100000000039,100,2,"[1, 2]"
2876,0,normal_tightening,1,[0],True,1737,4444614,4446350,1,True,10498.884,10516.244,10498.884,10516.244,17.36,0,0,1736,True,0.01,6.98491930962e-10,0.0099999999984,0.0100000000039,100,3,"[0, 1, 2]"
2877,5,supplementary_operation,1,[5],True,901,4446351,4447251,1,True,10516.254,10525.254,10516.254,10525.254,9,0,0,900,True,0.01,0,0.0099999999984,0.0100000000039,100,3,"[0, 1, 2]"
2878,3,missing_screw,1,[3],True,1435,4447252,4448686,1,True,10525.264,10539.604,10525.264,10539.604,14.34,0,0,1434,True,0.01,0,0.0099999999984,0.0100000000039,100,3,"[0, 1, 2]"
2879,5,supplementary_operation,1,[5],True,1466,4448687,4450152,1,True,10539.614,10554.264,10539.614,10554.264,14.65,0,0,1465,True,0.01,0,0.0099999999984,0.0100000000039,100,3,"[0, 1, 2]"
2880,0,normal_tightening,1,[0],True,1771,4450153,4451923,1,True,10554.274,10571.974,10554.274,10571.974,17.7,0,0,1770,True,0.01,7.54457514082e-10,0.0099999999984,0.0100000000039,100,2,"[1, 2]"
2881,5,supplementary_operation,1,[5],True,718,4451924,4452641,1,True,10571.984,10579.154,10571.984,10579.154,7.17,0,0,717,True,0.01,3.49245965481e-10,0.0099999999984,0.0100000000039,100,3,"[0, 1, 2]"
2882,3,missing_screw,1,[3],True,1520,4452642,4454161,1,True,10579.164,10594.354,10579.164,10594.354,15.19,0,0,1519,True,0.01,0,0.0099999999984,0.0100000000039,100,3,"[0, 1, 2]"
2883,5,supplementary_operation,1,[5],True,1415,4454162,4455576,1,True,10594.364,10608.504,10594.364,10608.504,14.14,0,0,1414,True,0.01,0,0.0099999999984,0.0100000000039,100,3,"[0, 1, 2]"
2884,0,normal_tightening,1,[0],True,1700,4455577,4457276,1,True,10608.514,10625.504,10608.514,10625.504,16.99,0,0,1699,True,0.01,6.26915694114e-10,0.0099999999984,0.0100000000039,100,3,"[0, 1, 2]"
2885,5,supplementary_operation,1,[5],True,942,4457277,4458218,1,True,10625.514,10634.924,10625.514,10634.924,9.41,0,0,941,True,0.01,0,0.0099999999984,0.0100000000039,100,3,"[0, 1, 2]"
2886,3,missing_screw,1,[3],True,1398,4458219,4459616,1,True,10634.934,10648.904,10634.934,10648.904,13.97,0,0,1397,True,0.01,0,0.0099999999984,0.0100000000039,100,3,"[0, 1, 2]"
2887,5,supplementary_operation,1,[5],True,1884,4459617,4461500,1,True,6110.398,6129.228,6110.398,6129.228,18.83,0,0,1883,True,0.01,5.82076609135e-10,0.00999999999658,0.0100000000039,100,3,"[0, 1, 2]"
2888,0,normal_tightening,1,[0],True,1363,4461501,4462863,1,True,6129.238,6142.858,6129.238,6142.858,13.62,0,0,1362,True,0.01,6.68755109252e-10,0.00999999999658,0.0100000000039,100,3,"[0, 1, 2]"
2889,5,supplementary_operation,1,[5],True,816,4462864,4463679,1,True,6142.868,6151.138,6142.868,6151.138,8.27,0,0,815,True,0.0101472392638,0.00184767513954,0.00999999999658,0.0500000000011,98.5489721886,3,"[0, 1, 2]"
2890,3,missing_screw,1,[3],True,900,4463680,4464579,1,True,6151.148,6160.138,6151.148,6160.138,8.99,0,0,899,True,0.01,4.65661287308e-10,0.00999999999658,0.0100000000039,100,3,"[0, 1, 2]"
2891,5,supplementary_operation,1,[5],True,806,4464580,4465385,1,True,6160.148,6168.198,6160.148,6168.198,8.05,0,0,805,True,0.01,3.08005990352e-10,0.00999999999658,0.0100000000039,100,3,"[0, 1, 2]"
2892,3,missing_screw,1,[3],True,898,4465386,4466283,1,True,6168.208,6177.218,6168.208,6177.218,9.01,0,0,897,True,0.0100445930881,0.000672949444586,0.00800000000163,0.0200000000041,99.5560488346,3,"[0, 1, 2]"
2893,5,supplementary_operation,1,[5],True,788,4466284,4467071,1,True,6177.228,6185.128,6177.228,6185.128,7.9,0,0,787,True,0.0100381194409,0.000616231545343,0.00999999999658,0.0200000000041,99.6202531645,3,"[0, 1, 2]"
2894,3,missing_screw,1,[3],True,866,4467072,4467937,1,True,6185.138,6193.798,6185.138,6193.798,8.66,0,0,865,True,0.0100115606936,0.000339813605888,0.00999999999658,0.0199999999986,99.8845265589,3,"[0, 1, 2]"
2895,5,supplementary_operation,1,[5],True,1488,4467938,4469425,1,True,6193.808,6208.698,6193.808,6208.698,14.89,0,0,1487,True,0.0100134498991,0.000373762024809,0.00800000000072,0.0200000000041,99.8656816656,3,"[0, 1, 2]"
2896,0,normal_tightening,1,[0],True,1282,4469426,4470707,1,True,6208.708,6221.718,6208.708,6221.718,13.01,0,0,1281,True,0.010156128025,0.0014166332076,0.00900000000001,0.04,98.4627209839,3,"[0, 1, 2]"
2897,5,supplementary_operation,1,[5],True,733,4470708,4471440,1,True,6221.728,6229.058,6221.728,6229.058,7.33,0,0,732,True,0.0100136612022,0.00037303838119,0.00899999999729,0.0199999999995,99.863574352,3,"[0, 1, 2]"
2898,3,missing_screw,1,[3],True,990,4471441,4472430,1,True,6229.068,6239.038,6229.068,6239.038,9.97,0,0,989,True,0.0100808897877,0.00141975403991,0.00999999999658,0.0499999999993,99.1975927783,2,"[1, 2]"
2899,5,supplementary_operation,1,[5],True,723,4472431,4473153,1,True,6239.048,6246.338,6239.048,6246.338,7.29,0,0,722,True,0.0100969529086,0.00200180434428,0.00999999999658,0.060000000004,99.0397805213,3,"[0, 1, 2]"
2900,3,missing_screw,1,[3],True,1073,4473154,4474226,1,True,6246.348,6257.068,6246.348,6257.068,10.72,0,0,1072,True,0.01,6.04911756551e-10,0.00999999999658,0.0100000000039,100,3,"[0, 1, 2]"
2901,5,supplementary_operation,1,[5],True,1445,4474227,4475671,1,True,6257.078,6271.568,6257.078,6271.568,14.49,0,0,1444,True,0.0100346260388,0.000788713975629,0.00999999999658,0.0299999999988,99.6549344376,3,"[0, 1, 2]"
2902,0,normal_tightening,1,[0],True,1356,4475672,4477027,1,True,6271.578,6285.238,6271.578,6285.238,13.66,0,0,1355,True,0.0100811808118,0.00135643066189,0.00900000000001,0.0499999999993,99.1947291362,3,"[0, 1, 2]"
2903,5,supplementary_operation,1,[5],True,1372,4477028,4478399,1,True,6285.248,6299.478,6285.248,6299.478,14.23,0,0,1371,True,0.0103792851933,0.00272904411196,0.0079999999989,0.0599999999995,96.3457484188,3,"[0, 1, 2]"
2904,0,normal_tightening,1,[0],True,1829,4478400,4480228,1,True,6299.488,6317.918,6299.488,6317.918,18.43,0,0,1828,True,0.0100820568928,0.00121300652437,0.00900000000001,0.04,99.1861096039,3,"[0, 1, 2]"
2905,5,supplementary_operation,1,[5],True,683,4480229,4480911,1,True,6317.928,6324.848,6317.928,6324.848,6.92,0,0,682,True,0.010146627566,0.00120198835961,0.00999999999658,0.0200000000013,98.5549132948,3,"[0, 1, 2]"
2906,3,missing_screw,1,[3],True,1394,4480912,4482305,1,True,6324.858,6339.008,6324.858,6339.008,14.15,0,0,1393,True,0.0101579325197,0.00172920001615,0.00999999999658,0.0499999999975,98.4452296819,3,"[0, 1, 2]"
2907,5,supplementary_operation,1,[5],True,647,4482306,4482952,1,True,6339.018,6345.538,6339.018,6345.538,6.52,0,0,646,True,0.010092879257,0.00175796605515,0.00900000000001,0.0499999999993,99.0797546012,3,"[0, 1, 2]"
2908,3,missing_screw,1,[3],True,1410,4482953,4484362,1,True,6345.548,6359.718,6345.548,6359.718,14.17,0,0,1409,True,0.0100567778566,0.000995895683599,0.00900000000001,0.0399999999991,99.4354269584,3,"[0, 1, 2]"
2909,5,supplementary_operation,1,[5],True,592,4484363,4484954,1,True,6359.728,6365.638,6359.728,6365.638,5.91,0,0,591,True,0.01,5.81729726472e-05,0.00900000000001,0.0109999999977,100,3,"[0, 1, 2]"
2910,3,missing_screw,1,[3],True,1515,4484955,4486469,1,True,6365.648,6380.828,6365.648,6380.828,15.18,0,0,1514,True,0.0100264200793,0.000514610314648,0.00900000000001,0.0200000000013,99.7364953887,3,"[0, 1, 2]"
2911,5,supplementary_operation,1,[5],True,959,4486470,4487428,1,True,6380.838,6390.478,6380.838,6390.478,9.64,0,0,958,True,0.0100626304802,0.000912818807067,0.00900000000001,0.0300000000016,99.377593361,3,"[0, 1, 2]"
2912,3,missing_screw,1,[3],True,1371,4487429,4488799,1,True,6390.488,6404.208,6390.488,6404.208,13.72,0,0,1370,True,0.0100145985401,0.00038370840249,0.00900000000001,0.0200000000041,99.8542274052,3,"[0, 1, 2]"
2913,5,supplementary_operation,1,[5],True,1645,4488800,4490444,1,True,6404.218,6420.688,6404.218,6420.688,16.47,0,0,1644,True,0.0100182481752,0.00055118350582,0.00999999999658,0.0299999999997,99.8178506375,3,"[0, 1, 2]"
2914,1,damaged_screw,1,[1],True,1701,4490445,4492145,1,True,6420.698,6437.888,6420.698,6437.888,17.19,0,0,1700,True,0.0101117647059,0.00158685124882,0.00900000000092,0.0500000000002,98.8947062245,3,"[0, 1, 2]"
2915,5,supplementary_operation,1,[5],True,1674,4492146,4493819,1,True,6437.898,6454.648,6437.898,6454.648,16.75,0,0,1673,True,0.0100119545726,0.000345547123255,0.00999999999658,0.0199999999986,99.8805970149,2,"[1, 2]"
2916,0,normal_tightening,1,[0],True,1686,4493820,4495505,1,True,6454.658,6471.598,6454.658,6471.598,16.94,0,0,1685,True,0.0100534124629,0.00100361154317,0.00900000000001,0.04,99.4687131051,3,"[0, 1, 2]"
2917,5,supplementary_operation,1,[5],True,903,4495506,4496408,1,True,6471.608,6480.648,6471.608,6480.648,9.04,0,0,902,True,0.010022172949,0.000470359277908,0.00999999999658,0.0199999999995,99.7787610619,3,"[0, 1, 2]"
2918,3,missing_screw,1,[3],True,1402,4496409,4497810,1,True,6480.658,6494.788,6480.658,6494.788,14.13,0,0,1401,True,0.0100856531049,0.00113024781335,0.00999999999658,0.04,99.1507430998,3,"[0, 1, 2]"
2919,5,supplementary_operation,1,[5],True,1591,4497811,4499401,1,True,6494.798,6510.748,6494.798,6510.748,15.95,0,0,1590,True,0.0100314465409,0.000564365103766,0.0079999999989,0.0200000000004,99.6865203762,3,"[0, 1, 2]"
2920,0,normal_tightening,1,[0],True,2382,4499402,4501783,1,True,6510.758,6534.738,6510.758,6534.738,23.98,0,0,2381,True,0.010071398572,0.00146180005628,0.00999999999658,0.0599999999959,99.2910758966,3,"[0, 1, 2]"
2921,5,supplementary_operation,1,[5],True,916,4501784,4502699,1,True,6534.748,6543.898,6534.748,6543.898,9.15,0,0,915,True,0.01,4.67524582118e-05,0.00900000000183,0.0110000000013,100,3,"[0, 1, 2]"
2922,3,missing_screw,1,[3],True,1358,4502700,4504057,1,True,6543.908,6557.478,6543.908,6557.478,13.57,0,0,1357,True,0.01,7.67812306803e-05,0.00800000000345,0.0119999999961,100,3,"[0, 1, 2]"
2923,5,supplementary_operation,1,[5],True,905,4504058,4504962,1,True,6557.488,6566.538,6557.488,6566.538,9.05,0,0,904,True,0.0100110619469,0.000335722343339,0.00900000000092,0.0200000000041,99.8895027624,3,"[0, 1, 2]"
2924,3,missing_screw,1,[3],True,1419,4504963,4506381,1,True,6566.548,6580.728,6566.548,6580.728,14.18,0,0,1418,True,0.01,6.58544507983e-10,0.00999999999658,0.0100000000039,100,3,"[0, 1, 2]"
2925,5,supplementary_operation,1,[5],True,1580,4506382,4507961,1,True,6580.738,6596.578,6580.738,6596.578,15.84,0,0,1579,True,0.0100316656111,0.000665068301092,0.00999999999658,0.0300000000007,99.6843434343,3,"[0, 1, 2]"
2926,1,damaged_screw,1,[1],True,1675,4507962,4509636,1,True,6596.588,6613.348,6596.588,6613.348,16.76,0,0,1674,True,0.0100119474313,0.00034544402135,0.00999999999658,0.0199999999995,99.8806682578,3,"[0, 1, 2]"
2927,5,supplementary_operation,1,[5],True,1630,4509637,4511266,1,True,6613.358,6629.658,6613.358,6629.658,16.3,0,0,1629,True,0.0100061387354,0.000247688655674,0.00999999999658,0.0200000000013,99.9386503067,3,"[0, 1, 2]"
2928,0,normal_tightening,1,[0],True,1769,4511267,4513035,1,True,6629.668,6648.028,6629.668,6648.028,18.36,0,0,1768,True,0.0103846153846,0.00251088822801,0.0079999999989,0.0599999999959,96.2962962963,3,"[0, 1, 2]"
2929,5,supplementary_operation,1,[5],True,708,4513036,4513743,1,True,6648.048,6656.918,6648.048,6656.918,8.87,0,0,707,True,0.0125459688826,0.00744781524508,0.00999999999658,0.0600000000004,79.7068771139,3,"[0, 1, 2]"
2930,3,missing_screw,1,[3],True,1430,4513744,4515173,1,True,6656.928,6671.238,6656.928,6671.238,14.31,0,0,1429,True,0.0100139958013,0.000375714932191,0.00900000000001,0.0200000000013,99.8602375961,3,"[0, 1, 2]"
2931,5,supplementary_operation,1,[5],True,827,4515174,4516000,1,True,6671.248,6679.528,6671.248,6679.528,8.28,0,0,826,True,0.0100242130751,0.000493928927239,0.00900000000001,0.0200000000041,99.7584541063,3,"[0, 1, 2]"
2932,3,missing_screw,1,[3],True,1634,4516001,4517634,1,True,6679.538,6695.948,6679.538,6695.948,16.41,0,0,1633,True,0.0100489895897,0.000698209078419,0.00999999999658,0.0200000000041,99.5124923827,3,"[0, 1, 2]"
2933,5,supplementary_operation,1,[5],True,1559,4517635,4519193,1,True,6695.958,6711.548,6695.958,6711.548,15.59,0,0,1558,True,0.0100064184852,0.000253265977613,0.00999999999658,0.0199999999995,99.9358563182,3,"[0, 1, 2]"
2934,0,normal_tightening,1,[0],True,1699,4519194,4520892,1,True,6711.558,6728.548,6711.558,6728.548,16.99,0,0,1698,True,0.0100058892815,0.000242606948403,0.00999999999658,0.0199999999977,99.9411418481,3,"[0, 1, 2]"
2935,5,supplementary_operation,1,[5],True,1608,4520893,4522500,1,True,6728.558,6744.668,6728.558,6744.668,16.11,0,0,1607,True,0.0100248911014,0.000498288518268,0.00999999999658,0.0200000000041,99.7517070143,3,"[0, 1, 2]"
2936,0,normal_tightening,1,[0],True,1829,4522501,4524329,1,True,6744.678,6762.968,6744.678,6762.968,18.29,0,0,1828,True,0.0100054704595,0.000233826151775,0.00999999999658,0.0199999999995,99.9453253144,3,"[0, 1, 2]"
2937,5,supplementary_operation,1,[5],True,862,4524330,4525191,1,True,6762.978,6771.608,6762.978,6771.608,8.63,0,0,861,True,0.0100232288037,0.000493318215423,0.0079999999989,0.0199999999995,99.7682502897,3,"[0, 1, 2]"
2938,3,missing_screw,1,[3],True,1493,4525192,4526684,1,True,6771.618,6786.558,6771.618,6786.558,14.94,0,0,1492,True,0.0100134048257,0.000365880537758,0.00999999999658,0.0199999999959,99.8661311914,3,"[0, 1, 2]"
2939,5,supplementary_operation,1,[5],True,1583,4526685,4528267,1,True,6786.568,6802.398,6786.568,6802.398,15.83,0,0,1582,True,0.0100063211125,0.000251338752974,0.00999999999658,0.0200000000041,99.936828806,3,"[0, 1, 2]"
2940,0,normal_tightening,1,[0],True,1732,4528268,4529999,1,True,6802.408,6819.738,6802.408,6819.738,17.33,0,0,1731,True,0.010011554015,0.000339715550179,0.00999999999658,0.0200000000041,99.884593191,3,"[0, 1, 2]"
2941,5,supplementary_operation,1,[5],True,864,4530000,4530863,1,True,6819.748,6828.408,6819.748,6828.408,8.66,0,0,863,True,0.0100347624565,0.000596394270129,0.0079999999989,0.0200000000023,99.6535796767,3,"[0, 1, 2]"
2942,3,missing_screw,1,[3],True,1830,4530864,4532693,1,True,6828.418,6846.758,6828.418,6846.758,18.34,0,0,1829,True,0.0100273373428,0.000618041640256,0.00999999999658,0.0300000000007,99.7273718648,3,"[0, 1, 2]"
2943,5,supplementary_operation,1,[5],True,1499,4532694,4534192,1,True,6846.768,6861.748,6846.768,6861.748,14.98,0,0,1498,True,0.01,6.58544507983e-10,0.00999999999658,0.0100000000039,100,2,"[1, 2]"
2944,0,normal_tightening,1,[0],True,1716,4534193,4535908,1,True,6861.758,6878.918,6861.758,6878.918,17.16,0,0,1715,True,0.0100058309038,0.000241402233788,0.00999999999658,0.0200000000013,99.9417249417,3,"[0, 1, 2]"
2945,5,supplementary_operation,1,[5],True,1492,4535909,4537400,1,True,6878.928,6893.878,6878.928,6893.878,14.95,0,0,1491,True,0.0100268276325,0.000517258738677,0.00999999999658,0.0200000000032,99.7324414716,3,"[0, 1, 2]"
2946,0,normal_tightening,1,[0],True,1698,4537401,4539098,1,True,6893.888,6910.898,6893.888,6910.898,17.01,0,0,1697,True,0.0100235710077,0.000484927297875,0.00999999999658,0.0200000000032,99.7648442093,2,"[1, 2]"
2947,5,supplementary_operation,1,[5],True,1489,4539099,4540587,1,True,6910.908,6925.808,6910.908,6925.808,14.9,0,0,1488,True,0.0100134408602,0.000366371321803,0.00999999999658,0.0200000000013,99.8657718121,3,"[0, 1, 2]"
2948,0,normal_tightening,1,[0],True,1326,4540588,4541913,1,True,6925.818,6939.098,6925.818,6939.098,13.28,0,0,1325,True,0.0100226415094,0.000475291969589,0.00999999999658,0.0200000000032,99.7740963855,3,"[0, 1, 2]"
2949,5,supplementary_operation,1,[5],True,1551,4541914,4543464,1,True,6939.108,6954.618,6939.108,6954.618,15.51,0,0,1550,True,0.0100064516129,0.000253918305227,0.00999999999658,0.0200000000004,99.9355254674,3,"[0, 1, 2]"
2950,0,normal_tightening,1,[0],True,1267,4543465,4544731,1,True,6954.628,6967.328,6954.628,6967.328,12.7,0,0,1266,True,0.0100315955766,0.000561210732067,0.00999999999658,0.0200000000041,99.6850393701,3,"[0, 1, 2]"
2951,5,supplementary_operation,1,[5],True,816,4544732,4545547,1,True,6967.338,6975.488,6967.338,6975.488,8.15,0,0,815,True,0.01,3.68137571515e-10,0.00999999999658,0.0100000000039,100,3,"[0, 1, 2]"
2952,3,missing_screw,1,[3],True,959,4545548,4546506,1,True,6975.498,6985.078,6975.498,6985.078,9.58,0,0,958,True,0.01,5.07442623323e-10,0.00999999999658,0.0100000000039,100,3,"[0, 1, 2]"
2953,5,supplementary_operation,1,[5],True,780,4546507,4547286,1,True,6985.088,6992.878,6985.088,6992.878,7.79,0,0,779,True,0.01,2.60312573228e-10,0.00999999999658,0.0100000000039,100,3,"[0, 1, 2]"
2954,3,missing_screw,1,[3],True,925,4547287,4548211,1,True,6992.888,7002.128,6992.888,7002.128,9.24,0,0,924,True,0.01,4.93908380987e-10,0.00999999999658,0.0100000000039,100,3,"[0, 1, 2]"
2955,5,supplementary_operation,1,[5],True,1417,4548212,4549628,1,True,7002.138,7016.298,7002.138,7016.298,14.16,0,0,1416,True,0.01,6.78812141396e-10,0.00999999999658,0.0100000000039,100,3,"[0, 1, 2]"
2956,1,damaged_screw,1,[1],True,1222,4549629,4550850,1,True,7016.308,7028.518,7016.308,7028.518,12.21,0,0,1221,True,0.01,7.08126757561e-10,0.00999999999658,0.0100000000039,100,3,"[0, 1, 2]"
2957,5,supplementary_operation,1,[5],True,1466,4550851,4552316,1,True,7028.528,7043.178,7028.528,7043.178,14.65,0,0,1465,True,0.01,6.58544507983e-10,0.00999999999658,0.0100000000039,100,2,"[1, 2]"
2958,0,normal_tightening,1,[0],True,1213,4552317,4553529,1,True,7043.188,7055.368,7043.188,7055.368,12.18,0,0,1212,True,0.0100495049505,0.000701853805889,0.00999999999658,0.0200000000041,99.5073891626,3,"[0, 1, 2]"
2959,5,supplementary_operation,1,[5],True,1414,4553530,4554943,1,True,7055.378,7069.508,7055.378,7069.508,14.13,0,0,1413,True,0.01,6.78812141396e-10,0.00999999999658,0.0100000000039,100,2,"[1, 2]"
2960,0,normal_tightening,1,[0],True,1435,4554944,4556378,1,True,7069.518,7083.868,7069.518,7083.868,14.35,0,0,1434,True,0.0100069735007,0.000263981774476,0.00999999999658,0.0199999999995,99.9303135888,3,"[0, 1, 2]"
2961,5,supplementary_operation,1,[5],True,703,4556379,4557081,1,True,7083.878,7090.898,7083.878,7090.898,7.02,0,0,702,True,0.01,0,0.00999999999658,0.0100000000039,100,3,"[0, 1, 2]"
2962,3,missing_screw,1,[3],True,1018,4557082,4558099,1,True,7090.908,7101.078,7090.908,7101.078,10.17,0,0,1017,True,0.01,5.70316273436e-10,0.00999999999658,0.0100000000039,100,2,"[1, 2]"
2963,5,supplementary_operation,1,[5],True,697,4558100,4558796,1,True,7101.088,7108.048,7101.088,7108.048,6.96,0,0,696,True,0.01,0,0.00999999999658,0.0100000000039,100,3,"[0, 1, 2]"
2964,3,missing_screw,1,[3],True,1397,4558797,4560193,1,True,7108.058,7122.018,7108.058,7122.018,13.96,0,0,1396,True,0.01,6.88722331903e-10,0.00999999999658,0.0100000000039,100,3,"[0, 1, 2]"
2965,5,supplementary_operation,1,[5],True,690,4560194,4560883,1,True,7122.028,7128.918,7122.028,7128.918,6.89,0,0,689,True,0.01,0,0.00999999999658,0.0100000000039,99.9999999999,3,"[0, 1, 2]"
2966,3,missing_screw,1,[3],True,1407,4560884,4562290,1,True,7128.928,7142.998,7128.928,7142.998,14.07,0,0,1406,True,0.0100071123755,0.000266595516546,0.00999999999658,0.0199999999995,99.9289267946,3,"[0, 1, 2]"
2967,5,supplementary_operation,1,[5],True,639,4562291,4562929,1,True,7143.008,7149.388,7143.008,7149.388,6.38,0,0,638,True,0.01,0,0.00999999999658,0.0100000000039,100,3,"[0, 1, 2]"
2968,3,missing_screw,1,[3],True,1456,4562930,4564385,1,True,7149.398,7163.948,7149.398,7163.948,14.55,0,0,1455,True,0.01,6.37632978038e-10,0.00999999999658,0.0100000000039,100,3,"[0, 1, 2]"
2969,5,supplementary_operation,1,[5],True,1604,4564386,4565989,1,True,7163.958,7180.108,7163.958,7180.108,16.15,0,0,1603,True,0.0100748596382,0.00131951541312,0.00999999999658,0.04,99.2569659443,3,"[0, 1, 2]"
2970,1,damaged_screw,1,[1],True,1728,4565990,4567717,1,True,7180.118,7197.418,7180.118,7197.418,17.3,0,0,1727,True,0.0100173711639,0.000416425120903,0.00999999999658,0.0200000000041,99.8265895954,3,"[0, 1, 2]"
2971,5,supplementary_operation,1,[5],True,1681,4567718,4569398,1,True,7197.428,7214.228,7197.428,7214.228,16.8,0,0,1680,True,0.01,0,0.00999999999658,0.0100000000039,100,3,"[0, 1, 2]"
2972,0,normal_tightening,1,[0],True,1747,4569399,4571145,1,True,7214.238,7231.978,7214.238,7231.978,17.74,0,0,1746,True,0.0101603665521,0.00181553329593,0.00999999999658,0.0400000000009,98.4216459977,3,"[0, 1, 2]"
2973,5,supplementary_operation,1,[5],True,1679,4571146,4572824,1,True,7231.988,7248.858,7231.988,7248.858,16.87,0,0,1678,True,0.0100536352801,0.00135858477005,0.00900000000001,0.0600000000031,99.4665085951,3,"[0, 1, 2]"
2974,0,normal_tightening,1,[0],True,1825,4572825,4574649,1,True,7248.868,7267.458,7248.868,7267.458,18.59,0,0,1824,True,0.0101918859649,0.00159371708981,0.00999999999658,0.04,98.117267348,3,"[0, 1, 2]"
2975,5,supplementary_operation,1,[5],True,1615,4574650,4576264,1,True,7267.468,7283.618,7267.468,7283.618,16.15,0,0,1614,True,0.0100061957869,0.000248836253122,0.00999999999658,0.0199999999995,99.9380804954,3,"[0, 1, 2]"
2976,0,normal_tightening,1,[0],True,1711,4576265,4577975,1,True,7283.628,7300.818,7283.628,7300.818,17.19,0,0,1710,True,0.0100526315789,0.00120846506431,0.00900000000001,0.050000000002,99.4764397906,3,"[0, 1, 2]"
2977,5,supplementary_operation,1,[5],True,958,4577976,4578933,1,True,7300.828,7310.398,7300.828,7310.398,9.57,0,0,957,True,0.01,0,0.00999999999658,0.0100000000039,100,3,"[0, 1, 2]"
2978,3,missing_screw,1,[3],True,1375,4578934,4580308,1,True,7310.408,7324.168,7310.408,7324.168,13.76,0,0,1374,True,0.0100145560408,0.000381246021958,0.00999999999658,0.0200000000023,99.8546511628,3,"[0, 1, 2]"
2979,5,supplementary_operation,1,[5],True,1657,4580309,4581965,1,True,7324.178,7340.788,7324.178,7340.788,16.61,0,0,1656,True,0.0100301932367,0.000814456614126,0.00999999999658,0.0400000000009,99.6989765202,2,"[1, 2]"
2980,0,normal_tightening,1,[0],True,1712,4581966,4583677,1,True,7340.798,7357.908,7340.798,7357.908,17.11,0,0,1711,True,0.01,6.83785659872e-05,0.00799999999981,0.0119999999997,100,2,"[1, 2]"
2981,5,supplementary_operation,1,[5],True,1658,4583678,4585335,1,True,7357.918,7374.498,7357.918,7374.498,16.58,0,0,1657,True,0.010006035003,0.000255228547143,0.00799999999981,0.0199999999959,99.9396863691,3,"[0, 1, 2]"
2982,0,normal_tightening,1,[0],True,1770,4585336,4587105,1,True,7374.508,7392.268,7374.508,7392.268,17.76,0,0,1769,True,0.0100395703787,0.000627804087745,0.00999999999658,0.0200000000041,99.6058558559,2,"[1, 2]"
2983,5,supplementary_operation,1,[5],True,928,4587106,4588033,1,True,7392.278,7401.558,7392.278,7401.558,9.28,0,0,927,True,0.0100107874865,0.000328265891013,0.00999999999658,0.0199999999959,99.8922413793,3,"[0, 1, 2]"
2984,3,missing_screw,1,[3],True,1398,4588034,4589431,1,True,7401.568,7415.638,7401.568,7415.638,14.07,0,0,1397,True,0.0100715819613,0.0010684657428,0.00900000000092,0.04,99.289267946,3,"[0, 1, 2]"
2985,5,supplementary_operation,1,[5],True,888,4589432,4590319,1,True,7415.648,7424.518,7415.648,7424.518,8.87,0,0,887,True,0.01,0,0.00999999999658,0.0100000000039,100,3,"[0, 1, 2]"
2986,3,missing_screw,1,[3],True,1391,4590320,4591710,1,True,7424.528,7438.448,7424.528,7438.448,13.92,0,0,1390,True,0.0100143884892,0.000379048629505,0.00999999999658,0.0200000000041,99.8563218391,3,"[0, 1, 2]"
2987,5,supplementary_operation,1,[5],True,1630,4591711,4593340,1,True,7438.458,7454.748,7438.458,7454.748,16.29,0,0,1629,True,0.01,0,0.00999999999658,0.0100000000039,100,2,"[1, 2]"
2988,0,normal_tightening,1,[0],True,1728,4593341,4595068,1,True,7454.758,7472.038,7454.758,7472.038,17.28,0,0,1727,True,0.010005790388,0.000242957668134,0.00900000000001,0.0199999999959,99.9421296296,3,"[0, 1, 2]"
2989,5,supplementary_operation,1,[5],True,886,4595069,4595954,1,True,7472.048,7480.908,7472.048,7480.908,8.86,0,0,885,True,0.010011299435,0.000335956355733,0.00999999999658,0.0199999999959,99.8871331829,3,"[0, 1, 2]"
2990,3,missing_screw,1,[3],True,1434,4595955,4597388,1,True,7480.918,7495.518,7480.918,7495.518,14.6,0,0,1433,True,0.0101884159107,0.00180159030783,0.00900000000001,0.0400000000009,98.1506849315,2,"[1, 2]"
2991,5,supplementary_operation,1,[5],True,879,4597389,4598267,1,True,7495.528,7504.388,7495.528,7504.388,8.86,0,0,878,True,0.0100911161731,0.00134770145427,0.00900000000092,0.0399999999981,99.0970654627,3,"[0, 1, 2]"
2992,3,missing_screw,1,[3],True,1448,4598268,4599715,1,True,7504.398,7518.868,7504.398,7518.868,14.47,0,0,1447,True,0.01,0,0.00999999999658,0.0100000000039,100,3,"[0, 1, 2]"
2993,5,supplementary_operation,1,[5],True,1050,4599716,4600765,1,True,7518.878,7529.368,7518.878,7529.368,10.49,0,0,1049,True,0.01,4.36643754695e-05,0.00900000000001,0.0109999999959,100,2,"[1, 2]"
2994,0,normal_tightening,1,[0],True,1592,4600766,4602357,1,True,7529.378,7545.348,7529.378,7545.348,15.97,0,0,1591,True,0.0100377121307,0.000870545055675,0.00799999999981,0.04,99.6242955542,3,"[0, 1, 2]"
2995,5,supplementary_operation,1,[5],True,779,4602358,4603136,1,True,7545.358,7553.138,7545.358,7553.138,7.78,0,0,778,True,0.01,0,0.00999999999658,0.0100000000039,100,3,"[0, 1, 2]"
2996,3,missing_screw,1,[3],True,1399,4603137,4604535,1,True,7553.148,7567.138,7553.148,7567.138,13.99,0,0,1398,True,0.0100071530758,0.00026735667523,0.00999999999658,0.0200000000041,99.9285203717,3,"[0, 1, 2]"
2997,5,supplementary_operation,1,[5],True,1510,4604536,4606045,1,True,7567.148,7582.238,7567.148,7582.238,15.09,0,0,1509,True,0.01,0,0.00999999999658,0.0100000000039,100,3,"[0, 1, 2]"
2998,0,normal_tightening,1,[0],True,1714,4606046,4607759,1,True,7582.248,7599.398,7582.248,7599.398,17.15,0,0,1713,True,0.0100116754232,0.00034149365564,0.00999999999658,0.0200000000032,99.8833819242,3,"[0, 1, 2]"
2999,5,supplementary_operation,1,[5],True,794,4607760,4608553,1,True,7599.408,7607.338,7599.408,7607.338,7.93,0,0,793,True,0.01,0.000100440392188,0.00799999999981,0.0119999999997,100,3,"[0, 1, 2]"
3000,3,missing_screw,1,[3],True,1036,4608554,4609589,1,True,7607.348,7618.038,7607.348,7618.038,10.69,0,0,1035,True,0.0103285024155,0.00350131916882,0.00999999999658,0.100000000002,96.8194574369,3,"[0, 1, 2]"
3001,5,supplementary_operation,1,[5],True,746,4609590,4610335,1,True,7618.048,7625.498,7618.048,7625.498,7.45,0,0,745,True,0.01,0,0.00999999999658,0.0100000000039,100,3,"[0, 1, 2]"
3002,3,missing_screw,1,[3],True,934,4610336,4611269,1,True,7625.508,7634.838,7625.508,7634.838,9.33,0,0,933,True,0.01,0,0.00999999999658,0.0100000000039,100,3,"[0, 1, 2]"
3003,5,supplementary_operation,1,[5],True,1435,4611270,4612704,1,True,7634.848,7649.188,7634.848,7649.188,14.34,0,0,1434,True,0.01,0,0.00999999999658,0.0100000000039,100,3,"[0, 1, 2]"
3004,1,damaged_screw,1,[1],True,1218,4612705,4613922,1,True,7649.198,7661.368,7649.198,7661.368,12.17,0,0,1217,True,0.01,4.05386897737e-05,0.00900000000001,0.0109999999968,100,3,"[0, 1, 2]"
3005,5,supplementary_operation,1,[5],True,1408,4613923,4615330,1,True,7661.378,7675.788,7661.378,7675.788,14.41,0,0,1407,True,0.0102416488984,0.00218508209852,0.00999999999658,0.0499999999993,97.6405274115,3,"[0, 1, 2]"
3006,0,normal_tightening,1,[0],True,1476,4615331,4616806,1,True,7675.798,7690.568,7675.798,7690.568,14.77,0,0,1475,True,0.010013559322,0.000520579086697,0.00999999999658,0.0300000000016,99.8645903859,3,"[0, 1, 2]"
3007,5,supplementary_operation,1,[5],True,688,4616807,4617494,1,True,7690.578,7697.448,7690.578,7697.448,6.87,0,0,687,True,0.01,0,0.00999999999658,0.0100000000039,100,3,"[0, 1, 2]"
3008,3,missing_screw,1,[3],True,1035,4617495,4618529,1,True,7697.458,7707.798,7697.458,7707.798,10.34,0,0,1034,True,0.01,0,0.00999999999658,0.0100000000039,100,3,"[0, 1, 2]"
3009,5,supplementary_operation,1,[5],True,1428,4618530,4619957,1,True,7707.808,7722.078,7707.808,7722.078,14.27,0,0,1427,True,0.01,0,0.00999999999658,0.0100000000039,100,3,"[0, 1, 2]"
3010,0,normal_tightening,1,[0],True,1728,4619958,4621685,1,True,7722.088,7739.368,7722.088,7739.368,17.28,0,0,1727,True,0.010005790388,0.000240562571755,0.00999999999658,0.0199999999968,99.9421296297,3,"[0, 1, 2]"
3011,5,supplementary_operation,1,[5],True,1406,4621686,4623091,1,True,7739.378,7753.448,7739.378,7753.448,14.07,0,0,1405,True,0.0100142348754,0.000533380612029,0.00999999999658,0.0300000000025,99.8578535892,2,"[1, 2]"
3012,0,normal_tightening,1,[0],True,1650,4623092,4624741,1,True,7753.478,7770.708,7753.478,7770.708,17.23,0,0,1649,True,0.0104487568223,0.00274970861801,0.00999999999658,0.04,95.7051654092,3,"[0, 1, 2]"
3013,5,supplementary_operation,1,[5],True,1354,4624742,4626095,1,True,7770.718,7784.248,7770.718,7784.248,13.53,0,0,1353,True,0.01,0,0.00999999999658,0.0100000000039,100,2,"[1, 2]"
3014,1,damaged_screw,1,[1],True,1733,4626096,4627828,1,True,7784.258,7801.578,7784.258,7801.578,17.32,0,0,1732,True,0.01,0,0.00999999999658,0.0100000000039,100,3,"[0, 1, 2]"
3015,5,supplementary_operation,1,[5],True,1585,4627829,4629413,1,True,7801.588,7817.988,7801.588,7817.988,16.4,0,0,1584,True,0.0103535353535,0.00288697223985,0.00999999999658,0.0500000000038,96.5853658537,2,"[1, 2]"
3016,1,damaged_screw,1,[1],True,1699,4629414,4631112,1,True,7817.998,7834.978,7817.998,7834.978,16.98,0,0,1698,True,0.01,0,0.00999999999658,0.0100000000039,100,2,"[1, 2]"
3017,5,supplementary_operation,1,[5],True,1673,4631113,4632785,1,True,7834.988,7851.828,7834.988,7851.828,16.84,0,0,1672,True,0.0100717703349,0.0010350864906,0.00999999999658,0.0300000000034,99.2874109264,3,"[0, 1, 2]"
3018,0,normal_tightening,1,[0],True,1743,4632786,4634528,1,True,7851.838,7869.738,7851.838,7869.738,17.9,0,0,1742,True,0.0102755453502,0.00225622473972,0.00999999999658,0.0400000000018,97.3184357542,3,"[0, 1, 2]"
3019,5,supplementary_operation,1,[5],True,950,4634529,4635478,1,True,7869.748,7879.328,7869.748,7879.328,9.58,0,0,949,True,0.0100948366702,0.0013350525576,0.00999999999658,0.04,99.0605427975,3,"[0, 1, 2]"
3020,3,missing_screw,1,[3],True,1378,4635479,4636856,1,True,7879.338,7893.568,7879.338,7893.568,14.23,0,0,1377,True,0.0103340595497,0.00275458719632,0.00900000000001,0.0599999999959,96.7673928321,3,"[0, 1, 2]"
3021,5,supplementary_operation,1,[5],True,959,4636857,4637815,1,True,7893.578,7903.158,7893.578,7903.158,9.58,0,0,958,True,0.01,4.56911662487e-05,0.00900000000183,0.0110000000022,100,3,"[0, 1, 2]"
3022,3,missing_screw,1,[3],True,1392,4637816,4639207,1,True,7903.168,7917.088,7903.168,7917.088,13.92,0,0,1391,True,0.0100071890726,0.000268028064385,0.00999999999658,0.0199999999977,99.9281609195,3,"[0, 1, 2]"
3023,5,supplementary_operation,1,[5],True,931,4639208,4640138,1,True,7917.098,7926.608,7917.098,7926.608,9.51,0,0,930,True,0.0102258064516,0.00168885678876,0.00999999999658,0.04,97.7917981073,3,"[0, 1, 2]"
3024,3,missing_screw,1,[3],True,1427,4640139,4641565,1,True,7926.618,7940.878,7926.618,7940.878,14.26,0,0,1426,True,0.01,3.74502942316e-05,0.00900000000001,0.0109999999959,100,3,"[0, 1, 2]"
3025,5,supplementary_operation,1,[5],True,926,4641566,4642491,1,True,7940.888,7950.138,7940.888,7950.138,9.25,0,0,925,True,0.01,2.32830643654e-10,0.00999999999658,0.0100000000039,100,3,"[0, 1, 2]"
3026,3,missing_screw,1,[3],True,1437,4642492,4643928,1,True,7950.148,7964.508,7950.148,7964.508,14.36,0,0,1436,True,0.01,0,0.00999999999658,0.0100000000039,100,3,"[0, 1, 2]"
3027,5,supplementary_operation,1,[5],True,1644,4643929,4645572,1,True,7964.518,7980.948,7964.518,7980.948,16.43,0,0,1643,True,0.01,3.48896180501e-05,0.00900000000001,0.0109999999959,100,3,"[0, 1, 2]"
3028,0,normal_tightening,1,[0],True,1723,4645573,4647295,1,True,7980.958,7998.428,7980.958,7998.428,17.47,0,0,1722,True,0.0101451800232,0.00157353714941,0.00999999999658,0.04,98.5689753864,3,"[0, 1, 2]"
3029,5,supplementary_operation,1,[5],True,1682,4647296,4648977,1,True,7998.438,8015.258,7998.438,8015.258,16.82,0,0,1681,True,0.01000594884,0.000243829881301,0.00999999999658,0.0199999999959,99.9405469679,3,"[0, 1, 2]"
3030,0,normal_tightening,1,[0],True,1710,4648978,4650687,1,True,8015.268,8032.368,8015.268,8032.368,17.1,0,0,1709,True,0.0100058513751,0.000244233059161,0.00900000000001,0.0200000000032,99.9415204679,3,"[0, 1, 2]"
3031,5,supplementary_operation,1,[5],True,913,4650688,4651600,1,True,8032.378,8041.498,8032.378,8041.498,9.12,0,0,912,True,0.01,3.08005990352e-10,0.00999999999658,0.0100000000039,100,3,"[0, 1, 2]"
3032,3,missing_screw,1,[3],True,1650,4651601,4653250,1,True,8041.508,8057.998,8041.508,8057.998,16.49,0,0,1649,True,0.01,0,0.00999999999658,0.0100000000039,100,3,"[0, 1, 2]"
3033,5,supplementary_operation,1,[5],True,1624,4653251,4654874,1,True,8058.008,8074.328,8058.008,8074.328,16.32,0,0,1623,True,0.0100554528651,0.00113614486959,0.00999999999658,0.050000000002,99.4485294118,3,"[0, 1, 2]"
3034,0,normal_tightening,1,[0],True,1743,4654875,4656617,1,True,8074.338,8091.858,8074.338,8091.858,17.52,0,0,1742,True,0.0100574052813,0.001122328304,0.00999999999658,0.04,99.4292237443,3,"[0, 1, 2]"
3035,5,supplementary_operation,1,[5],True,742,4656618,4657359,1,True,8091.868,8099.368,8091.868,8099.368,7.5,0,0,741,True,0.0101214574899,0.00204175998617,0.00999999999658,0.060000000004,98.8,3,"[0, 1, 2]"
3036,3,missing_screw,1,[3],True,1434,4657360,4658793,1,True,8099.378,8113.758,8099.378,8113.758,14.38,0,0,1433,True,0.0100348918353,0.00058966169372,0.00999999999658,0.0200000000041,99.652294854,3,"[0, 1, 2]"
3037,5,supplementary_operation,1,[5],True,1488,4658794,4660281,1,True,8113.768,8128.638,8113.768,8128.638,14.87,0,0,1487,True,0.01,0,0.00999999999658,0.0100000000039,100,3,"[0, 1, 2]"
3038,0,normal_tightening,1,[0],True,1881,4660282,4662162,1,True,8128.648,8147.498,8128.648,8147.498,18.85,0,0,1880,True,0.0100265957447,0.00060961716841,0.00999999999658,0.0300000000034,99.7347480106,3,"[0, 1, 2]"
3039,5,supplementary_operation,1,[5],True,1450,4662163,4663612,1,True,8147.508,8161.998,8147.508,8161.998,14.49,0,0,1449,True,0.01,0,0.00999999999658,0.0100000000039,100,3,"[0, 1, 2]"
3040,0,normal_tightening,1,[0],True,1760,4663613,4665372,1,True,8162.008,8179.598,8162.008,8179.598,17.59,0,0,1759,True,0.01,0,0.00999999999658,0.0100000000039,100,3,"[0, 1, 2]"
3041,5,supplementary_operation,1,[5],True,1437,4665373,4666809,1,True,8179.608,8193.968,8179.608,8193.968,14.36,0,0,1436,True,0.01,7.9810323664e-10,0.00999999999658,0.0100000000039,100,3,"[0, 1, 2]"
3042,0,normal_tightening,1,[0],True,1874,4666810,4668683,1,True,8193.978,8212.908,8193.978,8212.908,18.93,0,0,1873,True,0.0101067805659,0.00152897690018,0.0099999999984,0.0400000000009,98.9434759641,3,"[0, 1, 2]"
3043,5,supplementary_operation,1,[5],True,694,4668684,4669377,1,True,8212.918,8219.898,8212.918,8219.898,6.98,0,0,693,True,0.0100721500722,0.00125781395855,0.0099999999984,0.0399999999991,99.2836676218,3,"[0, 1, 2]"
3044,3,missing_screw,1,[3],True,1574,4669378,4670951,1,True,8219.908,8235.978,8219.908,8235.978,16.07,0,0,1573,True,0.0102161474889,0.00184016601657,0.0099999999984,0.0399999999991,97.8842563783,3,"[0, 1, 2]"
3045,5,supplementary_operation,1,[5],True,1400,4670952,4672351,1,True,8235.988,8249.988,8235.988,8249.988,14,0,0,1399,True,0.0100071479628,0.000269922447158,0.00900000000001,0.0199999999986,99.9285714286,2,"[1, 2]"
3046,0,normal_tightening,1,[0],True,1731,4672352,4674082,1,True,8249.998,8267.318,8249.998,8267.318,17.32,0,0,1730,True,0.0100115606936,0.000341510404133,0.00900000000001,0.0200000000004,99.8845265589,3,"[0, 1, 2]"
3047,5,supplementary_operation,1,[5],True,692,4674083,4674774,1,True,8267.328,8274.288,8267.328,8274.288,6.96,0,0,691,True,0.0100723589001,0.000847557190417,0.0099999999984,0.0200000000023,99.2816091954,3,"[0, 1, 2]"
3048,3,missing_screw,1,[3],True,1428,4674775,4676202,1,True,8274.298,8288.678,8274.298,8288.678,14.38,0,0,1427,True,0.0100770847933,0.00165138252431,0.0099999999984,0.0600000000013,99.2350486787,3,"[0, 1, 2]"
3049,5,supplementary_operation,1,[5],True,1664,4676203,4677866,1,True,8288.688,8305.338,8288.688,8305.338,16.65,0,0,1663,True,0.0100120264582,0.000346583245917,0.0099999999984,0.0199999999986,99.8798798799,3,"[0, 1, 2]"
3050,1,damaged_screw,1,[1],True,1703,4677867,4679569,1,True,8305.348,8322.628,8305.348,8322.628,17.28,0,0,1702,True,0.0101527614571,0.0012734941387,0.0099999999984,0.0299999999988,98.4953703704,3,"[0, 1, 2]"
3051,5,supplementary_operation,1,[5],True,1731,4679570,4681300,1,True,8322.638,8339.938,8322.638,8339.938,17.3,0,0,1730,True,0.01,7.08126757561e-10,0.0099999999984,0.010000000002,100,3,"[0, 1, 2]"
3052,0,normal_tightening,1,[0],True,1692,4681301,4682992,1,True,8339.948,8356.958,8339.948,8356.958,17.01,0,0,1691,True,0.0100591366056,0.0011390821674,0.0099999999984,0.0399999999991,99.4121105232,3,"[0, 1, 2]"
3053,5,supplementary_operation,1,[5],True,954,4682993,4683946,1,True,8356.968,8366.568,8356.968,8366.568,9.6,0,0,953,True,0.010073452256,0.00133437022811,0.00900000000001,0.0400000000009,99.2708333333,3,"[0, 1, 2]"
3054,3,missing_screw,1,[3],True,1456,4683947,4685402,1,True,8366.578,8381.248,8366.578,8381.248,14.67,0,0,1455,True,0.0100824742268,0.0012274363787,0.00900000000001,0.0400000000009,99.18200409,2,"[1, 2]"
3055,5,supplementary_operation,1,[5],True,928,4685403,4686330,1,True,8381.258,8390.638,8381.258,8390.638,9.38,0,0,927,True,0.0101186623517,0.0017025100897,0.0099999999984,0.0500000000011,98.8272921109,3,"[0, 1, 2]"
3056,3,missing_screw,1,[3],True,1389,4686331,4687719,1,True,8390.648,8405.008,8390.648,8405.008,14.36,0,0,1388,True,0.0103458213256,0.00271536424807,0.0099999999984,0.0600000000013,96.6573816156,2,"[1, 2]"
3057,5,supplementary_operation,1,[5],True,908,4687720,4688627,1,True,8405.018,8414.188,8405.018,8414.188,9.17,0,0,907,True,0.0101102535832,0.00181533788722,0.0099999999984,0.0500000000011,98.9094874591,3,"[0, 1, 2]"
3058,3,missing_screw,1,[3],True,1381,4688628,4690008,1,True,8414.198,8428.318,8414.198,8428.318,14.12,0,0,1380,True,0.010231884058,0.0020014120199,0.00900000000001,0.0499999999993,97.7337110482,3,"[0, 1, 2]"
3059,5,supplementary_operation,1,[5],True,880,4690009,4690888,1,True,8428.328,8437.318,8428.328,8437.318,8.99,0,0,879,True,0.0102275312856,0.00246857236814,0.00900000000001,0.0600000000013,97.7753058954,3,"[0, 1, 2]"
3060,3,missing_screw,1,[3],True,1524,4690889,4692412,1,True,8437.328,8452.708,8437.328,8452.708,15.38,0,0,1523,True,0.0100984898227,0.00142375183537,0.00900000000001,0.0500000000011,99.0247074122,3,"[0, 1, 2]"
3061,5,supplementary_operation,1,[5],True,1462,4692413,4693874,1,True,8452.718,8467.368,8452.718,8467.368,14.65,0,0,1461,True,0.0100273785079,0.000522527985847,0.0099999999984,0.0200000000004,99.7269624573,3,"[0, 1, 2]"
3062,0,normal_tightening,1,[0],True,1779,4693875,4695653,1,True,8467.378,8485.238,8467.378,8485.238,17.86,0,0,1778,True,0.0100449943757,0.000947556341467,0.0099999999984,0.0400000000009,99.5520716685,3,"[0, 1, 2]"
3063,5,supplementary_operation,1,[5],True,733,4695654,4696386,1,True,8485.248,8492.568,8485.248,8492.568,7.32,0,0,732,True,0.01,3.86105942348e-10,0.0099999999984,0.010000000002,100,3,"[0, 1, 2]"
3064,3,missing_screw,1,[3],True,1423,4696387,4697809,1,True,8492.578,8506.838,8492.578,8506.838,14.26,0,0,1422,True,0.0100281293952,0.000529625045931,0.0099999999984,0.0200000000023,99.7194950912,3,"[0, 1, 2]"
3065,5,supplementary_operation,1,[5],True,1361,4697810,4699170,1,True,8506.848,8520.448,8506.848,8520.448,13.6,0,0,1360,True,0.01,0,0.0099999999984,0.010000000002,100,3,"[0, 1, 2]"
3066,1,damaged_screw,1,[1],True,1712,4699171,4700882,1,True,8520.458,8537.568,8520.458,8537.568,17.11,0,0,1711,True,0.01,6.78812141396e-10,0.0099999999984,0.010000000002,100,3,"[0, 1, 2]"
3067,5,supplementary_operation,1,[5],True,951,4700883,4701833,1,True,8537.578,8547.098,8537.578,8547.098,9.52,0,0,950,True,0.0100210526316,0.000458348232717,0.0099999999984,0.0199999999986,99.7899159664,3,"[0, 1, 2]"
3068,3,missing_screw,1,[3],True,1413,4701834,4703246,1,True,8547.108,8561.268,8547.108,8561.268,14.16,0,0,1412,True,0.0100283286119,0.00106411557912,0.0099999999984,0.0500000000011,99.7175141243,3,"[0, 1, 2]"
3069,5,supplementary_operation,1,[5],True,1223,4703247,4704469,1,True,12754.454,12766.674,12754.454,12766.674,12.22,0,0,1222,True,0.01,0,0.0099999999984,0.010000000002,100,3,"[0, 1, 2]"
3070,3,missing_screw,1,[3],True,975,4704470,4705444,1,True,12766.684,12776.474,12766.684,12776.474,9.79,0,0,974,True,0.0100513347023,0.000846197719201,0.0099999999984,0.0300000000007,99.4892747702,3,"[0, 1, 2]"
3071,5,supplementary_operation,1,[5],True,1459,4705445,4706903,1,True,12776.484,12791.344,12776.484,12791.344,14.86,0,0,1458,True,0.0101920438957,0.00276493670308,0.0099999999984,0.0799999999999,98.1157469717,3,"[0, 1, 2]"
3072,1,damaged_screw,1,[1],True,1333,4706904,4708236,1,True,12791.354,12804.674,12791.354,12804.674,13.32,0,0,1332,True,0.01,0,0.0099999999984,0.010000000002,100,2,"[1, 2]"
3073,5,supplementary_operation,1,[5],True,786,4708237,4709022,1,True,12804.684,12812.634,12804.684,12812.634,7.95,0,0,785,True,0.010127388535,0.00181545423295,0.0099999999984,0.0499999999993,98.7421383648,3,"[0, 1, 2]"
3074,3,missing_screw,1,[3],True,852,4709023,4709874,1,True,12812.644,12821.364,12812.644,12821.364,8.72,0,0,851,True,0.0102467685076,0.00326073723276,0.0099999999984,0.0799999999999,97.5917431193,3,"[0, 1, 2]"
3075,5,supplementary_operation,1,[5],True,1478,4709875,4711352,1,True,12821.374,12836.564,12821.374,12836.564,15.19,0,0,1477,True,0.0102843601896,0.0031526894431,0.0099999999984,0.0799999999999,97.2350230415,3,"[0, 1, 2]"
3076,1,damaged_screw,1,[1],True,1175,4711353,4712527,1,True,12836.574,12848.314,12836.574,12848.314,11.74,0,0,1174,True,0.01,0,0.0099999999984,0.010000000002,100,3,"[0, 1, 2]"
3077,5,supplementary_operation,1,[5],True,714,4712528,4713241,1,True,12848.324,12855.914,12848.324,12855.914,7.59,0,0,713,True,0.0106451612903,0.00460246074292,0.0099999999984,0.0600000000013,93.9393939394,3,"[0, 1, 2]"
3078,3,missing_screw,1,[3],True,1213,4713242,4714454,1,True,12855.924,12868.544,12855.924,12868.544,12.62,0,0,1212,True,0.0104125412541,0.00329938105167,0.0099999999984,0.0500000000011,96.0380348653,3,"[0, 1, 2]"
3079,5,supplementary_operation,1,[5],True,1352,4714455,4715806,1,True,12868.554,12882.614,12868.554,12882.614,14.06,0,0,1351,True,0.0104071058475,0.00393094460972,0.0099999999984,0.0699999999997,96.0881934566,3,"[0, 1, 2]"
3080,1,damaged_screw,1,[1],True,1264,4715807,4717070,1,True,12882.624,12895.614,12882.624,12895.614,12.99,0,0,1263,True,0.0102850356295,0.00304328592334,0.0099999999984,0.0600000000031,97.2286374134,3,"[0, 1, 2]"
3081,5,supplementary_operation,1,[5],True,716,4717071,4717786,1,True,12895.624,12902.774,12895.624,12902.774,7.15,0,0,715,True,0.01,0,0.0099999999984,0.010000000002,100,3,"[0, 1, 2]"
3082,3,missing_screw,1,[3],True,1056,4717787,4718842,1,True,12902.784,12913.334,12902.784,12913.334,10.55,0,0,1055,True,0.01,0,0.0099999999984,0.010000000002,100,3,"[0, 1, 2]"
3083,5,supplementary_operation,1,[5],True,1375,4718843,4720217,1,True,12913.344,12927.084,12913.344,12927.084,13.74,0,0,1374,True,0.01,0,0.0099999999984,0.010000000002,100,3,"[0, 1, 2]"
3084,1,damaged_screw,1,[1],True,1318,4720218,4721535,1,True,12927.094,12940.264,12927.094,12940.264,13.17,0,0,1317,True,0.01,0,0.0099999999984,0.010000000002,100,3,"[0, 1, 2]"
3085,5,supplementary_operation,1,[5],True,677,4721536,4722212,1,True,12940.274,12947.114,12940.274,12947.114,6.84,0,0,676,True,0.0101183431953,0.00153390312386,0.0099999999984,0.0399999999991,98.8304093567,3,"[0, 1, 2]"
3086,3,missing_screw,1,[3],True,1463,4722213,4723675,1,True,12947.124,12961.744,12947.124,12961.744,14.62,0,0,1462,True,0.01,0,0.0099999999984,0.010000000002,100,3,"[0, 1, 2]"
3087,5,supplementary_operation,1,[5],True,1382,4723676,4725057,1,True,12961.754,12975.564,12961.754,12975.564,13.81,0,0,1381,True,0.01,0,0.0099999999984,0.010000000002,100,3,"[0, 1, 2]"
3088,0,normal_tightening,1,[0],True,1771,4725058,4726828,1,True,12975.574,12993.384,12975.574,12993.384,17.81,0,0,1770,True,0.0100621468927,0.00123351590691,0.0099999999984,0.0500000000011,99.3823694554,3,"[0, 1, 2]"
3089,5,supplementary_operation,1,[5],True,633,4726829,4727461,1,True,12993.394,12999.714,12993.394,12999.714,6.32,0,0,632,True,0.01,6.98491930962e-10,0.0099999999984,0.010000000002,100,3,"[0, 1, 2]"
3090,3,missing_screw,1,[3],True,1401,4727462,4728862,1,True,12999.724,13013.724,12999.724,13013.724,14,0,0,1400,True,0.01,0,0.0099999999984,0.010000000002,100,3,"[0, 1, 2]"
3091,5,supplementary_operation,1,[5],True,1241,4728863,4730103,1,True,13013.734,13026.134,13013.734,13026.134,12.4,0,0,1240,True,0.01,0,0.0099999999984,0.010000000002,100,3,"[0, 1, 2]"
3092,1,damaged_screw,1,[1],True,1693,4730104,4731796,1,True,13026.144,13043.154,13026.144,13043.154,17.01,0,0,1692,True,0.0100531914894,0.00176905578552,0.0099999999984,0.0799999999999,99.4708994709,3,"[0, 1, 2]"
3093,5,supplementary_operation,1,[5],True,930,4731797,4732726,1,True,13043.164,13052.744,13043.164,13052.744,9.58,0,0,929,True,0.0103121636168,0.00328244712842,0.0099999999984,0.0599999999995,96.9728601253,3,"[0, 1, 2]"
3094,3,missing_screw,1,[3],True,1374,4732727,4734100,1,True,13052.754,13066.754,13052.754,13066.754,14,0,0,1373,True,0.0101966496723,0.00229742320402,0.0099999999984,0.0500000000011,98.0714285714,3,"[0, 1, 2]"
3095,5,supplementary_operation,1,[5],True,2061,4734101,4736161,1,True,13066.764,13433.948,13066.764,13433.948,367.184,0,0,2060,True,0.178244660194,7.63430422783,0.0099999999984,346.594,5.61026624254,3,"[0, 1, 2]"
3096,1,damaged_screw,1,[1],True,1790,4736162,4737951,1,True,13433.958,13451.968,13433.958,13451.968,18.01,0,0,1789,True,0.0100670765791,0.0013357430548,0.0099999999984,0.0500000000011,99.3337034981,3,"[0, 1, 2]"
3097,5,supplementary_operation,1,[5],True,938,4737952,4738889,1,True,13451.978,13461.418,13451.978,13461.418,9.44,0,0,937,True,0.0100747065101,0.00163171951788,0.0099999999984,0.0499999999993,99.2584745763,3,"[0, 1, 2]"
3098,3,missing_screw,1,[3],True,1397,4738890,4740286,1,True,13461.428,13475.388,13461.428,13475.388,13.96,0,0,1396,True,0.01,0,0.0099999999984,0.0100000000002,100,2,"[1, 2]"
3099,5,supplementary_operation,1,[5],True,1602,4740287,4741888,1,True,13475.398,13491.408,13475.398,13491.408,16.01,0,0,1601,True,0.01,4.93908380987e-10,0.0099999999984,0.0100000000002,100,3,"[0, 1, 2]"
3100,1,damaged_screw,1,[1],True,1760,4741889,4743648,1,True,13491.418,13509.008,13491.418,13509.008,17.59,0,0,1759,True,0.01,9.4576254541e-10,0.0099999999984,0.0100000000002,100,3,"[0, 1, 2]"
3101,5,supplementary_operation,1,[5],True,867,4743649,4744515,1,True,13509.018,13517.788,13509.018,13517.788,8.77,0,0,866,True,0.0101270207852,0.00211833187282,0.0099999999984,0.0599999999995,98.7457240593,3,"[0, 1, 2]"
3102,3,missing_screw,1,[3],True,1370,4744516,4745885,1,True,13517.798,13531.618,13517.798,13531.618,13.82,0,0,1369,True,0.0100949598247,0.00221021851956,0.0099999999984,0.0799999999999,99.0593342981,3,"[0, 1, 2]"
3103,5,supplementary_operation,1,[5],True,1612,4745886,4747497,1,True,13531.628,13547.868,13531.628,13547.868,16.24,0,0,1611,True,0.0100806952204,0.00163175913603,0.0099999999984,0.0500000000011,99.1995073892,3,"[0, 1, 2]"
3104,1,damaged_screw,1,[1],True,1729,4747498,4749226,1,True,13547.878,13565.158,13547.878,13565.158,17.28,0,0,1728,True,0.01,8.78916405522e-10,0.0099999999984,0.0100000000002,100,3,"[0, 1, 2]"
3105,5,supplementary_operation,1,[5],True,885,4749227,4750111,1,True,13565.168,13574.008,13565.168,13574.008,8.84,0,0,884,True,0.01,0,0.0099999999984,0.0100000000002,100,3,"[0, 1, 2]"
3106,3,missing_screw,1,[3],True,1425,4750112,4751536,1,True,13574.018,13588.358,13574.018,13588.358,14.34,0,0,1424,True,0.0100702247191,0.00158844527023,0.0099999999984,0.0600000000013,99.3026499303,2,"[1, 2]"
3107,5,supplementary_operation,1,[5],True,1551,4751537,4753087,1,True,13588.368,13603.868,13588.368,13603.868,15.5,0,0,1550,True,0.01,0,0.0099999999984,0.0100000000002,100,3,"[0, 1, 2]"
3108,1,damaged_screw,1,[1],True,1698,4753088,4754785,1,True,13603.878,13620.918,13603.878,13620.918,17.04,0,0,1697,True,0.0100412492634,0.00121304842321,0.0099999999984,0.0499999999993,99.5892018779,2,"[1, 2]"
3109,5,supplementary_operation,1,[5],True,875,4754786,4755660,1,True,13620.928,13629.768,13620.928,13629.768,8.84,0,0,874,True,0.010114416476,0.00165314980971,0.0099999999984,0.0499999999993,98.8687782805,3,"[0, 1, 2]"
3110,3,missing_screw,1,[3],True,1371,4755661,4757031,1,True,13629.798,13644.028,13629.798,13644.028,14.23,0,0,1370,True,0.0103868613139,0.00342755722677,0.0099999999984,0.0599999999995,96.27547435,3,"[0, 1, 2]"
3111,5,supplementary_operation,1,[5],True,1550,4757032,4758581,1,True,13644.038,13659.528,13644.038,13659.528,15.49,0,0,1549,True,0.01,0,0.0099999999984,0.0100000000002,100,3,"[0, 1, 2]"
3112,1,damaged_screw,1,[1],True,1689,4758582,4760270,1,True,13659.538,13676.458,13659.538,13676.458,16.92,0,0,1688,True,0.0100236966825,0.000769321472989,0.0099999999984,0.0399999999991,99.7635933806,3,"[0, 1, 2]"
3113,5,supplementary_operation,1,[5],True,817,4760271,4761087,1,True,13676.468,13684.708,13676.468,13684.708,8.24,0,0,816,True,0.0100980392157,0.00203888571991,0.0099999999984,0.0599999999995,99.0291262136,3,"[0, 1, 2]"
3114,3,missing_screw,1,[3],True,1383,4761088,4762470,1,True,13684.718,13698.858,13684.718,13698.858,14.14,0,0,1382,True,0.0102315484805,0.0027334430516,0.0099999999984,0.0599999999995,97.7369165488,3,"[0, 1, 2]"
3115,5,supplementary_operation,1,[5],True,1469,4762471,4763939,1,True,13698.868,13713.708,13698.868,13713.708,14.84,0,0,1468,True,0.0101089918256,0.00187892392455,0.0099999999984,0.0499999999993,98.9218328841,3,"[0, 1, 2]"
3116,1,damaged_screw,1,[1],True,1623,4763940,4765562,1,True,13713.718,13730.048,13713.718,13730.048,16.33,0,0,1622,True,0.0100678175092,0.00133540890309,0.0099999999984,0.0500000000011,99.3263931415,2,"[1, 2]"
3117,5,supplementary_operation,1,[5],True,851,4765563,4766413,1,True,13730.058,13738.788,13730.058,13738.788,8.73,0,0,850,True,0.0102705882353,0.00311311546349,0.0099999999984,0.0599999999995,97.3654066438,3,"[0, 1, 2]"
3118,3,missing_screw,1,[3],True,1976,4766414,4768389,1,True,13738.798,13758.548,13738.798,13758.548,19.75,0,0,1975,True,0.01,1.29110837663e-09,0.0099999999984,0.0100000000002,100,3,"[0, 1, 2]"
3119,5,supplementary_operation,1,[5],True,1523,4768390,4769912,1,True,13758.558,13773.918,13758.558,13773.918,15.36,0,0,1522,True,0.0100919842313,0.00130377048671,0.0099999999984,0.0399999999991,99.0885416667,3,"[0, 1, 2]"
3120,1,damaged_screw,1,[1],True,1633,4769913,4771545,1,True,13773.928,13790.748,13773.928,13790.748,16.82,0,0,1632,True,0.010306372549,0.0035047948359,0.0099999999984,0.0900000000001,97.0273483948,3,"[0, 1, 2]"
3121,5,supplementary_operation,1,[5],True,874,4771546,4772419,1,True,13790.758,13799.488,13790.758,13799.488,8.73,0,0,873,True,0.01,0,0.0099999999984,0.0100000000002,100,3,"[0, 1, 2]"
3122,3,missing_screw,1,[3],True,1706,4772420,4774125,1,True,13799.498,13816.608,13799.498,13816.608,17.11,0,0,1705,True,0.0100351906158,0.000838196836808,0.0099999999984,0.0399999999991,99.6493278784,3,"[0, 1, 2]"
3123,5,supplementary_operation,1,[5],True,1590,4774126,4775715,1,True,13816.618,13832.688,13816.618,13832.688,16.07,0,0,1589,True,0.0101132787917,0.00224093303769,0.0099999999984,0.0799999999999,98.8799004356,2,"[1, 2]"
3124,0,normal_tightening,1,[0],True,1659,4775716,4777374,1,True,13832.698,13849.578,13832.698,13849.578,16.88,0,0,1658,True,0.0101809408926,0.0027507776872,0.0099999999984,0.0799999999999,98.2227488152,2,"[1, 2]"
3125,5,supplementary_operation,1,[5],True,766,4777375,4778140,1,True,13849.588,13857.348,13849.588,13857.348,7.76,0,0,765,True,0.0101437908497,0.00308574267424,0.0099999999984,0.0900000000001,98.5824742268,3,"[0, 1, 2]"
3126,3,missing_screw,1,[3],True,1450,4778141,4779590,1,True,13857.358,13871.848,13857.358,13871.848,14.49,0,0,1449,True,0.01,0,0.0099999999984,0.0100000000002,100,2,"[1, 2]"
3127,5,supplementary_operation,1,[5],True,1468,4779591,4781058,1,True,13871.858,13886.528,13871.858,13886.528,14.67,0,0,1467,True,0.01,0,0.0099999999984,0.0100000000002,100,2,"[1, 2]"
3128,0,normal_tightening,1,[0],True,1712,4781059,4782770,1,True,13886.538,13903.648,13886.538,13903.648,17.11,0,0,1711,True,0.01,8.55474410154e-10,0.0099999999984,0.0100000000002,100,2,"[1, 2]"
3129,5,supplementary_operation,1,[5],True,790,4782771,4783560,1,True,13903.658,13911.548,13903.658,13911.548,7.89,0,0,789,True,0.01,0,0.0099999999984,0.0100000000002,100,3,"[0, 1, 2]"
3130,3,missing_screw,1,[3],True,1108,4783561,4784668,1,True,13911.558,13922.788,13911.558,13922.788,11.23,0,0,1107,True,0.0101445347787,0.00203334320389,0.0099999999984,0.0599999999995,98.5752448798,3,"[0, 1, 2]"
3131,5,supplementary_operation,1,[5],True,1523,4784669,4786191,1,True,13922.798,13938.168,13922.798,13938.168,15.37,0,0,1522,True,0.0100985545335,0.00151323917008,0.0099999999984,0.0400000000009,99.0240728692,3,"[0, 1, 2]"
3132,0,normal_tightening,1,[0],True,1276,4786192,4787467,1,True,13938.178,13950.928,13938.178,13950.928,12.75,0,0,1275,True,0.01,0,0.0099999999984,0.0100000000002,100,3,"[0, 1, 2]"
3133,5,supplementary_operation,1,[5],True,801,4787468,4788268,1,True,13950.938,13958.978,13950.938,13958.978,8.04,0,0,800,True,0.01005,0.000864580823295,0.0099999999984,0.0300000000007,99.5024875622,3,"[0, 1, 2]"
3134,3,missing_screw,1,[3],True,956,4788269,4789224,1,True,13958.988,13968.638,13958.988,13968.638,9.65,0,0,955,True,0.0101047120419,0.00209450260145,0.0099999999984,0.0600000000013,98.9637305699,3,"[0, 1, 2]"
3135,5,supplementary_operation,1,[5],True,1493,4789225,4790717,1,True,13968.648,13983.678,13968.648,13983.678,15.03,0,0,1492,True,0.0100737265416,0.00173512252821,0.0099999999984,0.0599999999995,99.2681304059,3,"[0, 1, 2]"
3136,0,normal_tightening,1,[0],True,1198,4790718,4791915,1,True,13983.688,13996.208,13983.688,13996.208,12.52,0,0,1197,True,0.0104594820384,0.00347412982069,0.0099999999984,0.0699999999997,95.607028754,3,"[0, 1, 2]"
3137,5,supplementary_operation,1,[5],True,729,4791916,4792644,1,True,13996.218,14003.738,13996.218,14003.738,7.52,0,0,728,True,0.0103296703297,0.00308329403225,0.0099999999984,0.0499999999993,96.8085106383,3,"[0, 1, 2]"
3138,3,missing_screw,1,[3],True,939,4792645,4793583,1,True,14003.748,14013.368,14003.748,14013.368,9.62,0,0,938,True,0.0102558635394,0.00238567883137,0.0099999999984,0.0499999999993,97.5051975052,3,"[0, 1, 2]"
3139,5,supplementary_operation,1,[5],True,1412,4793584,4794995,1,True,14013.378,14028.038,14013.378,14028.038,14.66,0,0,1411,True,0.010389794472,0.00371615251833,0.0099999999984,0.0799999999999,96.2482946794,3,"[0, 1, 2]"
3140,0,normal_tightening,1,[0],True,1201,4794996,4796196,1,True,14028.048,14040.488,14028.048,14040.488,12.44,0,0,1200,True,0.0103666666667,0.00308742971127,0.0099999999984,0.0599999999995,96.463022508,2,"[1, 2]"
3141,5,supplementary_operation,1,[5],True,708,4796197,4796904,1,True,14040.498,14047.568,14040.498,14047.568,7.07,0,0,707,True,0.01,0,0.0099999999984,0.0100000000002,100,3,"[0, 1, 2]"
3142,3,missing_screw,1,[3],True,926,4796905,4797830,1,True,14047.578,14056.988,14047.578,14056.988,9.41,0,0,925,True,0.010172972973,0.00231850938238,0.0099999999984,0.0600000000013,98.2996811902,2,"[1, 2]"
3143,5,supplementary_operation,1,[5],True,1355,4797831,4799185,1,True,14056.998,14071.038,14056.998,14071.038,14.04,0,0,1354,True,0.0103692762186,0.00388301626073,0.0099999999984,0.0799999999999,96.4387464387,3,"[0, 1, 2]"
3144,0,normal_tightening,1,[0],True,1299,4799186,4800484,1,True,14071.048,14084.218,14071.048,14084.218,13.17,0,0,1298,True,0.0101463790447,0.00205325627014,0.0099999999984,0.0599999999995,98.5573272589,3,"[0, 1, 2]"
3145,5,supplementary_operation,1,[5],True,668,4800485,4801152,1,True,14084.228,14091.048,14084.228,14091.048,6.82,0,0,667,True,0.0102248875562,0.00258767313886,0.0099999999984,0.0599999999995,97.8005865102,3,"[0, 1, 2]"
3146,3,missing_screw,1,[3],True,1341,4801153,4802493,1,True,14091.058,14104.968,14091.058,14104.968,13.91,0,0,1340,True,0.0103805970149,0.0031981682633,0.0099999999984,0.0599999999995,96.3335729691,3,"[0, 1, 2]"
3147,5,supplementary_operation,1,[5],True,1397,4802494,4803890,1,True,14104.978,14119.088,14104.978,14119.088,14.11,0,0,1396,True,0.0101074498567,0.00237644278624,0.0099999999984,0.0900000000001,98.9369241673,3,"[0, 1, 2]"
3148,0,normal_tightening,1,[0],True,1672,4803891,4805562,1,True,14119.098,14135.998,14119.098,14135.998,16.9,0,0,1671,True,0.0101137043686,0.00196899913971,0.0099999999984,0.0599999999995,98.875739645,3,"[0, 1, 2]"
3149,5,supplementary_operation,1,[5],True,628,4805563,4806190,1,True,14136.008,14142.338,14136.008,14142.338,6.33,0,0,627,True,0.0100956937799,0.0013801153208,0.0099999999984,0.0300000000007,99.0521327014,3,"[0, 1, 2]"
3150,3,missing_screw,1,[3],True,1340,4806191,4807530,1,True,14142.348,14156.658,14142.348,14156.658,14.31,0,0,1339,True,0.0106870799104,0.00469915589024,0.0099999999984,0.0799999999999,93.57092942,3,"[0, 1, 2]"
3151,5,supplementary_operation,1,[5],True,1642,4807531,4809172,1,True,14156.668,14173.268,14156.668,14173.268,16.6,0,0,1641,True,0.0101157830591,0.00189260745026,0.0099999999984,0.0500000000011,98.8554216867,3,"[0, 1, 2]"
3152,0,normal_tightening,1,[0],True,1681,4809173,4810853,1,True,14173.278,14190.578,14173.278,14190.578,17.3,0,0,1680,True,0.0102976190476,0.00327791949807,0.0099999999984,0.0799999999999,97.1098265896,3,"[0, 1, 2]"
3153,5,supplementary_operation,1,[5],True,928,4810854,4811781,1,True,14190.588,14199.978,14190.588,14199.978,9.39,0,0,927,True,0.0101294498382,0.002582921675,0.0099999999984,0.0699999999997,98.7220447284,3,"[0, 1, 2]"
3154,3,missing_screw,1,[3],True,1459,4811782,4813240,1,True,14199.988,14214.568,14199.988,14214.568,14.58,0,0,1458,True,0.01,0,0.0099999999984,0.0100000000002,100,3,"[0, 1, 2]"
3155,5,supplementary_operation,1,[5],True,2160,4813241,4815400,1,True,14214.578,14550.755,14214.578,14550.755,336.177,0,0,2159,True,0.155709587772,6.76711170224,0.00999999999476,314.517,6.4222121085,3,"[0, 1, 2]"
3156,0,normal_tightening,1,[0],True,1718,4815401,4817118,1,True,14550.765,14567.935,14550.765,14567.935,17.17,0,0,1717,True,0.01,9.59985336665e-10,0.00999999999476,0.0100000000057,100,2,"[1, 2]"
3157,5,supplementary_operation,1,[5],True,858,4817119,4817976,1,True,14567.945,14576.965,14567.945,14576.965,9.02,0,0,857,True,0.0105250875146,0.00448824610667,0.00999999999476,0.0900000000001,95.0110864745,3,"[0, 1, 2]"
3158,3,missing_screw,1,[3],True,1385,4817977,4819361,1,True,14576.975,14590.985,14576.975,14590.985,14.01,0,0,1384,True,0.0101228323699,0.00171678185988,0.00999999999476,0.0499999999993,98.7865810136,3,"[0, 1, 2]"
3159,5,supplementary_operation,1,[5],True,1657,4819362,4821018,1,True,14590.995,14607.665,14590.995,14607.665,16.67,0,0,1656,True,0.0100664251208,0.00153318627933,0.00999999999476,0.0599999999995,99.3401319736,2,"[1, 2]"
3160,0,normal_tightening,1,[0],True,1786,4821019,4822804,1,True,14607.675,14626.085,14607.675,14626.085,18.41,0,0,1785,True,0.0103137254902,0.00323013764445,0.00999999999476,0.0699999999997,96.9581749049,3,"[0, 1, 2]"
3161,5,supplementary_operation,1,[5],True,886,4822805,4823690,1,True,14626.095,14635.495,14626.095,14635.495,9.4,0,0,885,True,0.0106214689266,0.00419283651823,0.00999999999476,0.0600000000013,94.1489361702,3,"[0, 1, 2]"
3162,3,missing_screw,1,[3],True,1363,4823691,4825053,1,True,14635.505,14649.415,14635.505,14649.415,13.91,0,0,1362,True,0.0102129221733,0.00254738537024,0.00999999999476,0.0600000000013,97.9151689432,3,"[0, 1, 2]"
3163,5,supplementary_operation,1,[5],True,1629,4825054,4826682,1,True,14649.425,14666.075,14649.425,14666.075,16.65,0,0,1628,True,0.0102272727273,0.00235330144629,0.00999999999476,0.0499999999993,97.7777777778,3,"[0, 1, 2]"
3164,0,normal_tightening,1,[0],True,1684,4826683,4828366,1,True,14666.085,14683.385,14666.085,14683.385,17.3,0,0,1683,True,0.0102792632204,0.00279724275223,0.00999999999476,0.0599999999995,97.2832369942,3,"[0, 1, 2]"
3165,5,supplementary_operation,1,[5],True,870,4828367,4829236,1,True,14683.395,14692.685,14683.395,14692.685,9.29,0,0,869,True,0.0106904487917,0.0046494775837,0.00999999999476,0.0600000000013,93.5414424112,3,"[0, 1, 2]"
3166,3,missing_screw,1,[3],True,1372,4829237,4830608,1,True,14692.695,14706.855,14692.695,14706.855,14.16,0,0,1371,True,0.0103282275711,0.0030736518922,0.00999999999476,0.0600000000013,96.8220338983,2,"[1, 2]"
3167,5,supplementary_operation,1,[5],True,1590,4830609,4832198,1,True,14706.915,14723.115,14706.915,14723.115,16.2,0,0,1589,True,0.0101950912524,0.00288651753089,0.00999999999476,0.0700000000015,98.0864197531,3,"[0, 1, 2]"
3168,0,normal_tightening,1,[0],True,1739,4832199,4833937,1,True,14723.125,14740.505,14723.125,14740.505,17.38,0,0,1738,True,0.01,1.00144246442e-09,0.00999999999476,0.0100000000057,100,3,"[0, 1, 2]"
3169,5,supplementary_operation,1,[5],True,876,4833938,4834813,1,True,14740.515,14749.475,14740.515,14749.475,8.96,0,0,875,True,0.01024,0.00271495330131,0.00999999999476,0.0599999999995,97.65625,3,"[0, 1, 2]"
3170,3,missing_screw,1,[3],True,1412,4834814,4836225,1,True,14749.485,14763.725,14749.485,14763.725,14.24,0,0,1411,True,0.0100921332388,0.00152652490916,0.00999999999476,0.0400000000009,99.0870786517,3,"[0, 1, 2]"
3171,5,supplementary_operation,1,[5],True,1623,4836226,4837848,1,True,14763.735,14780.025,14763.735,14780.025,16.29,0,0,1622,True,0.0100431565968,0.00082238227161,0.00999999999476,0.0300000000007,99.5702885206,3,"[0, 1, 2]"
3172,0,normal_tightening,1,[0],True,1607,4837849,4839455,1,True,14780.035,14796.805,14780.035,14796.805,16.77,0,0,1606,True,0.0104420921544,0.0041143459016,0.00999999999476,0.0900000000001,95.7662492547,3,"[0, 1, 2]"
3173,5,supplementary_operation,1,[5],True,873,4839456,4840328,1,True,14796.815,14805.605,14796.815,14805.605,8.79,0,0,872,True,0.0100802752294,0.00147392502184,0.00999999999476,0.0399999999991,99.2036405006,3,"[0, 1, 2]"
3174,3,missing_screw,1,[3],True,1439,4840329,4841767,1,True,14805.615,14820.095,14805.615,14820.095,14.48,0,0,1438,True,0.0100695410292,0.00153608562205,0.00999999999476,0.0499999999993,99.3093922652,2,"[1, 2]"
3175,5,supplementary_operation,1,[5],True,1066,4841768,4842833,1,True,14820.105,14830.985,14820.105,14830.985,10.88,0,0,1065,True,0.0102159624413,0.00301020621293,0.00999999999476,0.0900000000001,97.8860294118,3,"[0, 1, 2]"
3176,0,normal_tightening,1,[0],True,1417,4842834,4844250,1,True,14830.995,14845.295,14830.995,14845.295,14.3,0,0,1416,True,0.0100988700565,0.0025191579775,0.00999999999476,0.0900000000001,99.020979021,3,"[0, 1, 2]"
3177,5,supplementary_operation,1,[5],True,747,4844251,4844997,1,True,14845.305,14853.235,14845.305,14853.235,7.93000000001,0,0,746,True,0.0106300268097,0.004573482168,0.00999999999476,0.0599999999995,94.0731399747,3,"[0, 1, 2]"
3178,3,missing_screw,1,[3],True,1422,4844998,4846419,1,True,14853.245,14867.695,14853.245,14867.695,14.45,0,0,1421,True,0.0101688951443,0.0027771391531,0.00999999999476,0.0699999999997,98.339100346,3,"[0, 1, 2]"
3179,5,supplementary_operation,1,[5],True,1481,4846420,4847900,1,True,14867.705,14882.595,14867.705,14882.595,14.89,0,0,1480,True,0.0100608108108,0.00166330163096,0.00999999999476,0.0699999999997,99.395567495,3,"[0, 1, 2]"
3180,0,normal_tightening,1,[0],True,1721,4847901,4849621,1,True,14882.605,14899.895,14882.605,14899.895,17.29,0,0,1720,True,0.0100523255814,0.0016166450146,0.00999999999476,0.0699999999997,99.4794679005,3,"[0, 1, 2]"
3181,5,supplementary_operation,1,[5],True,778,4849622,4850399,1,True,14899.905,14907.675,14899.905,14907.675,7.77,0,0,777,True,0.01,0,0.00999999999476,0.0100000000057,100,3,"[0, 1, 2]"
3182,3,missing_screw,1,[3],True,944,4850400,4851343,1,True,14907.685,14917.385,14907.685,14917.385,9.7,0,0,943,True,0.0102863202545,0.00338775374411,0.00999999999476,0.0799999999999,97.2164948454,2,"[1, 2]"
3183,5,supplementary_operation,1,[5],True,1488,4851344,4852831,1,True,14917.395,14932.535,14917.395,14932.535,15.14,0,0,1487,True,0.0101815736382,0.00291679909467,0.00999999999476,0.0700000000015,98.2166446499,3,"[0, 1, 2]"
3184,0,normal_tightening,1,[0],True,1367,4852832,4854198,1,True,14932.545,14946.215,14932.545,14946.215,13.67,0,0,1366,True,0.0100073206442,0.000270467836056,0.00999999999476,0.0200000000004,99.9268471105,3,"[0, 1, 2]"
3185,5,supplementary_operation,1,[5],True,750,4854199,4854948,1,True,14946.225,14953.725,14946.225,14953.725,7.5,0,0,749,True,0.0100133511348,0.000365148046242,0.00999999999476,0.0200000000004,99.8666666667,3,"[0, 1, 2]"
3186,3,missing_screw,1,[3],True,944,4854949,4855892,1,True,14953.735,14963.165,14953.735,14963.165,9.43,0,0,943,True,0.01,0,0.00999999999476,0.0100000000057,100,3,"[0, 1, 2]"
3187,5,supplementary_operation,1,[5],True,1446,4855893,4857338,1,True,14963.175,14977.625,14963.175,14977.625,14.45,0,0,1445,True,0.01,0,0.00999999999476,0.0100000000057,100,3,"[0, 1, 2]"
3188,0,normal_tightening,1,[0],True,1445,4857339,4858783,1,True,14977.635,14992.305,14977.635,14992.305,14.67,0,0,1444,True,0.0101592797784,0.00230370135313,0.00999999999476,0.0699999999997,98.4321745058,3,"[0, 1, 2]"
3189,5,supplementary_operation,1,[5],True,675,4858784,4859458,1,True,14992.315,14999.225,14992.315,14999.225,6.91,0,0,674,True,0.0102522255193,0.00332625596226,0.00999999999476,0.0699999999997,97.5397973951,3,"[0, 1, 2]"
3190,3,missing_screw,1,[3],True,1004,4859459,4860462,1,True,14999.235,15009.705,14999.235,15009.705,10.47,0,0,1003,True,0.0104386839482,0.00446622185407,0.00999999999476,0.1,95.7975167144,3,"[0, 1, 2]"
3191,5,supplementary_operation,1,[5],True,1394,4860463,4861856,1,True,15009.715,15023.905,15009.715,15023.905,14.19,0,0,1393,True,0.0101866475233,0.00323204873299,0.00999999999476,0.110000000001,98.1677237491,3,"[0, 1, 2]"
3192,0,normal_tightening,1,[0],True,1704,4861857,4863560,1,True,15023.915,15040.945,15023.915,15040.945,17.03,0,0,1703,True,0.01,9.24017971055e-10,0.00999999999476,0.0100000000057,100,3,"[0, 1, 2]"
3193,5,supplementary_operation,1,[5],True,641,4863561,4864201,1,True,15040.955,15047.675,15040.955,15047.675,6.72,0,0,640,True,0.0105,0.00458257569499,0.00999999999476,0.0699999999997,95.2380952381,3,"[0, 1, 2]"
3194,3,missing_screw,1,[3],True,1385,4864202,4865586,1,True,15047.705,15061.575,15047.705,15061.575,13.87,0,0,1384,True,0.0100216763006,0.000465073267009,0.00999999999476,0.0200000000004,99.7837058399,3,"[0, 1, 2]"
3195,5,supplementary_operation,1,[5],True,1370,4865587,4866956,1,True,15061.585,15075.385,15061.585,15075.385,13.8,0,0,1369,True,0.0100803506209,0.00159692029931,0.00999999999476,0.0499999999993,99.2028985507,3,"[0, 1, 2]"
3196,0,normal_tightening,1,[0],True,1714,4866957,4868670,1,True,15075.395,15092.525,15075.395,15092.525,17.13,0,0,1713,True,0.01,9.3857033042e-10,0.00999999999476,0.0100000000057,100,3,"[0, 1, 2]"
3197,5,supplementary_operation,1,[5],True,957,4868671,4869627,1,True,15092.535,15102.095,15092.535,15102.095,9.56,0,0,956,True,0.01,0,0.00999999999476,0.0100000000057,100,3,"[0, 1, 2]"
3198,3,missing_screw,1,[3],True,1452,4869628,4871079,1,True,15102.105,15116.785,15102.105,15116.785,14.68,0,0,1451,True,0.0101171605789,0.00244584102498,0.00999999999476,0.0900000000001,98.8419618529,3,"[0, 1, 2]"
3199,5,supplementary_operation,1,[5],True,1712,4871080,4872791,1,True,15116.795,15133.905,15116.795,15133.905,17.11,0,0,1711,True,0.01,9.3857033042e-10,0.00999999999476,0.0100000000057,100,3,"[0, 1, 2]"
3200,0,normal_tightening,1,[0],True,2257,4872792,4875048,1,True,15133.915,15156.545,15133.915,15156.545,22.63,0,0,2256,True,0.0100310283688,0.0010935473245,0.00999999999476,0.0599999999995,99.6906760937,3,"[0, 1, 2]"
3201,5,supplementary_operation,1,[5],True,976,4875049,4876024,1,True,15156.555,15166.305,15156.555,15166.305,9.75,0,0,975,True,0.01,0,0.00999999999476,0.0100000000057,100,3,"[0, 1, 2]"
3202,3,missing_screw,1,[3],True,1483,4876025,4877507,1,True,15166.315,15181.585,15166.315,15181.585,15.27,0,0,1482,True,0.0103036437247,0.00261875313177,0.00999999999476,0.0500000000047,97.0530451866,3,"[0, 1, 2]"
3203,5,supplementary_operation,1,[5],True,1648,4877508,4879155,1,True,15181.595,15198.165,15181.595,15198.165,16.57,0,0,1647,True,0.0100607164542,0.00180969666979,0.00999999999476,0.0799999999999,99.3964996982,3,"[0, 1, 2]"
3204,0,normal_tightening,1,[0],True,1828,4879156,4880983,1,True,15198.175,15216.635,15198.175,15216.635,18.46,0,0,1827,True,0.0101039956212,0.00191217125875,0.00999999999476,0.0599999999995,98.9707475623,3,"[0, 1, 2]"
3205,5,supplementary_operation,1,[5],True,914,4880984,4881897,1,True,15216.645,15225.995,15216.645,15225.995,9.35,0,0,913,True,0.0102409638554,0.00339882525153,0.00999999999476,0.0699999999997,97.6470588235,3,"[0, 1, 2]"
3206,3,missing_screw,1,[3],True,1416,4881898,4883313,1,True,15226.005,15240.155,15226.005,15240.155,14.15,0,0,1415,True,0.01,0,0.00999999999476,0.0100000000057,100,3,"[0, 1, 2]"
3207,5,supplementary_operation,1,[5],True,1631,4883314,4884944,1,True,15240.165,15256.465,15240.165,15256.465,16.3,0,0,1630,True,0.01,7.1763224003e-10,0.00999999999476,0.0100000000057,100,3,"[0, 1, 2]"
3208,0,normal_tightening,1,[0],True,1701,4884945,4886645,1,True,15256.475,15273.715,15256.475,15273.715,17.24,0,0,1700,True,0.0101411764706,0.00213735923482,0.00999999999476,0.0599999999995,98.6078886311,3,"[0, 1, 2]"
3209,5,supplementary_operation,1,[5],True,923,4886646,4887568,1,True,15273.725,15282.945,15273.725,15282.945,9.22,0,0,922,True,0.01,0,0.00999999999476,0.0100000000057,100,3,"[0, 1, 2]"
3210,3,missing_screw,1,[3],True,1451,4887569,4889019,1,True,15282.955,15297.455,15282.955,15297.455,14.5,0,0,1450,True,0.01,0,0.00999999999476,0.0100000000057,100,3,"[0, 1, 2]"
3211,5,supplementary_operation,1,[5],True,1603,4889020,4890622,1,True,15297.465,15313.545,15297.465,15313.545,16.08,0,0,1602,True,0.0100374531835,0.00105933600177,0.00999999999476,0.0499999999993,99.6268656716,3,"[0, 1, 2]"
3212,0,normal_tightening,1,[0],True,1838,4890623,4892460,1,True,15313.555,15331.935,15313.555,15331.935,18.38,0,0,1837,True,0.0100054436581,0.000233252969916,0.00999999999476,0.0200000000004,99.9455930359,3,"[0, 1, 2]"
3213,5,supplementary_operation,1,[5],True,889,4892461,4893349,1,True,15331.945,15340.825,15331.945,15340.825,8.88,0,0,888,True,0.01,0,0.00999999999476,0.0100000000057,100,3,"[0, 1, 2]"
3214,3,missing_screw,1,[3],True,1391,4893350,4894740,1,True,15340.835,15354.935,15340.835,15354.935,14.1,0,0,1390,True,0.0101438848921,0.00233386439988,0.00999999999476,0.0599999999995,98.5815602837,3,"[0, 1, 2]"
3215,5,supplementary_operation,1,[5],True,1603,4894741,4896343,1,True,15354.945,15371.135,15354.945,15371.135,16.19,0,0,1602,True,0.0101061173533,0.00194845565302,0.00999999999476,0.0500000000011,98.9499691167,3,"[0, 1, 2]"
3216,0,normal_tightening,1,[0],True,1722,4896344,4898065,1,True,15371.145,15388.575,15371.145,15388.575,17.43,0,0,1721,True,0.0101278326554,0.00245492506379,0.00999999999476,0.0900000000001,98.7378083764,3,"[0, 1, 2]"
3217,5,supplementary_operation,1,[5],True,733,4898066,4898798,1,True,15388.585,15395.995,15388.585,15395.995,7.41,0,0,732,True,0.0101229508197,0.00151897579559,0.00999999999476,0.0400000000009,98.7854251012,3,"[0, 1, 2]"
3218,3,missing_screw,1,[3],True,1348,4898799,4900146,1,True,15396.005,15410.255,15396.005,15410.255,14.25,0,0,1347,True,0.010579064588,0.00448939438355,0.00999999999476,0.0699999999997,94.5263157895,2,"[1, 2]"
3219,5,supplementary_operation,1,[5],True,1450,4900147,4901596,1,True,15410.265,15425.005,15410.265,15425.005,14.74,0,0,1449,True,0.0101725327812,0.00232857645916,0.00999999999476,0.0699999999997,98.3039348711,3,"[0, 1, 2]"
3220,0,normal_tightening,1,[0],True,1807,4901597,4903403,1,True,15425.015,15443.575,15425.015,15443.575,18.56,0,0,1806,True,0.010276854928,0.00296356357194,0.00999999999476,0.0699999999997,97.3060344828,2,"[1, 2]"
3221,5,supplementary_operation,1,[5],True,700,4903404,4904103,1,True,15443.585,15450.865,15443.585,15450.865,7.28,0,0,699,True,0.0104148783977,0.00377850354988,0.00999999999476,0.0799999999999,96.0164835165,3,"[0, 1, 2]"
3222,3,missing_screw,1,[3],True,1368,4904104,4905471,1,True,15450.875,15464.905,15450.875,15464.905,14.03,0,0,1367,True,0.0102633504023,0.00279842073958,0.00999999999476,0.0599999999995,97.4340698503,3,"[0, 1, 2]"
3223,5,supplementary_operation,1,[5],True,1442,4905472,4906913,1,True,15464.915,15479.695,15464.915,15479.695,14.78,0,0,1441,True,0.0102567661346,0.00347540146708,0.00999999999476,0.0999999999985,97.4966170501,3,"[0, 1, 2]"
3224,0,normal_tightening,1,[0],True,1763,4906914,4908676,1,True,15479.705,15497.325,15479.705,15497.325,17.62,0,0,1762,True,0.01,9.80932937606e-10,0.00999999999476,0.0100000000057,100,3,"[0, 1, 2]"
3225,5,supplementary_operation,1,[5],True,694,4908677,4909370,1,True,15497.335,15504.265,15497.335,15504.265,6.93,0,0,693,True,0.01,3.08005990352e-10,0.00999999999476,0.0100000000057,100,3,"[0, 1, 2]"
3226,3,missing_screw,1,[3],True,1500,4909371,4910870,1,True,15504.275,15519.485,15504.275,15519.485,15.21,0,0,1499,True,0.0101467645097,0.00218670124014,0.00999999999476,0.0600000000013,98.553583169,3,"[0, 1, 2]"
3227,5,supplementary_operation,1,[5],True,1402,4910871,4912272,1,True,15519.495,15533.665,15519.495,15533.665,14.17,0,0,1401,True,0.0101142041399,0.00155363940072,0.00999999999476,0.0400000000009,98.8708539167,3,"[0, 1, 2]"
3228,0,normal_tightening,1,[0],True,1707,4912273,4913979,1,True,15533.675,15550.915,15533.675,15550.915,17.24,0,0,1706,True,0.0101055099648,0.0016386681834,0.00999999999476,0.0500000000011,98.9559164733,2,"[1, 2]"
3229,5,supplementary_operation,1,[5],True,679,4913980,4914658,1,True,15550.925,15557.715,15550.925,15557.715,6.79,0,0,678,True,0.0100147492625,0.000383764360821,0.00999999999476,0.0200000000004,99.852724595,3,"[0, 1, 2]"
3230,3,missing_screw,1,[3],True,1427,4914659,4916085,1,True,15557.725,15572.015,15557.725,15572.015,14.29,0,0,1426,True,0.0100210378682,0.000458187832388,0.00999999999476,0.0200000000004,99.7900629811,3,"[0, 1, 2]"
3231,5,supplementary_operation,1,[5],True,1666,4916086,4917751,1,True,15572.025,15588.675,15572.025,15588.675,16.65,0,0,1665,True,0.01,7.89567127722e-10,0.00999999999476,0.0100000000057,100,3,"[0, 1, 2]"
3232,0,normal_tightening,1,[0],True,1707,4917752,4919458,1,True,15588.685,15605.745,15588.685,15605.745,17.06,0,0,1706,True,0.01,9.01749205358e-10,0.00999999999476,0.0100000000057,100,3,"[0, 1, 2]"
3233,5,supplementary_operation,1,[5],True,968,4919459,4920426,1,True,15605.755,15615.425,15605.755,15615.425,9.67,0,0,967,True,0.01,0,0.00999999999476,0.0100000000057,100,3,"[0, 1, 2]"
3234,3,missing_screw,1,[3],True,1429,4920427,4921855,1,True,15615.435,15629.715,15615.435,15629.715,14.28,0,0,1428,True,0.01,0,0.00999999999476,0.0100000000057,100,3,"[0, 1, 2]"
3235,5,supplementary_operation,1,[5],True,1648,4921856,4923503,1,True,15629.725,15646.305,15629.725,15646.305,16.58,0,0,1647,True,0.0100667880996,0.00137030997546,0.00999999999476,0.0500000000011,99.3365500603,2,"[1, 2]"
3236,0,normal_tightening,1,[0],True,2141,4923504,4925644,1,True,15646.315,15668.105,15646.315,15668.105,21.79,0,0,2140,True,0.0101822429907,0.00296623721113,0.00999999999476,0.0900000000001,98.2101881597,2,"[1, 2]"
3237,5,supplementary_operation,1,[5],True,908,4925645,4926552,1,True,15668.115,15677.385,15668.115,15677.385,9.27,0,0,907,True,0.0102205071665,0.00233753197869,0.00999999999476,0.0400000000009,97.8425026969,3,"[0, 1, 2]"
3238,3,missing_screw,1,[3],True,1414,4926553,4927966,1,True,15677.395,15691.695,15677.395,15691.695,14.3,0,0,1413,True,0.0101203113942,0.00181983003626,0.00999999999476,0.0599999999995,98.8111888112,3,"[0, 1, 2]"
3239,5,supplementary_operation,1,[5],True,1628,4927967,4929594,1,True,15691.705,15708.145,15691.705,15708.145,16.44,0,0,1627,True,0.0101044867855,0.00202659594307,0.00999999999476,0.0599999999995,98.9659367397,3,"[0, 1, 2]"
3240,0,normal_tightening,1,[0],True,1741,4929595,4931335,1,True,15708.155,15725.555,15708.155,15725.555,17.4,0,0,1740,True,0.01,9.59985336665e-10,0.00999999999476,0.0100000000057,100,2,"[1, 2]"
3241,5,supplementary_operation,1,[5],True,895,4931336,4932230,1,True,15725.565,15734.515,15725.565,15734.515,8.95,0,0,894,True,0.0100111856823,0.000334262926132,0.00999999999476,0.0200000000004,99.8882681564,3,"[0, 1, 2]"
3242,3,missing_screw,1,[3],True,1450,4932231,4933680,1,True,15734.525,15749.025,15734.525,15749.025,14.5,0,0,1449,True,0.0100069013112,0.000265227726164,0.00900000000001,0.0200000000059,99.9310344828,3,"[0, 1, 2]"
3243,5,supplementary_operation,1,[5],True,1462,4933681,4935142,1,True,15749.035,15763.645,15749.035,15763.645,14.61,0,0,1461,True,0.01,0,0.00999999999476,0.0100000000057,100,3,"[0, 1, 2]"
3244,0,normal_tightening,1,[0],True,1754,4935143,4936896,1,True,15763.655,15781.185,15763.655,15781.185,17.53,0,0,1753,True,0.01,9.74000462487e-10,0.00999999999476,0.0100000000057,100,3,"[0, 1, 2]"
3245,5,supplementary_operation,1,[5],True,719,4936897,4937615,1,True,15781.195,15788.375,15781.195,15788.375,7.18,0,0,718,True,0.01,0,0.00999999999476,0.0100000000057,100,3,"[0, 1, 2]"
3246,3,missing_screw,1,[3],True,1414,4937616,4939029,1,True,15788.385,15802.515,15788.385,15802.515,14.13,0,0,1413,True,0.01,0,0.00999999999476,0.0100000000057,100,3,"[0, 1, 2]"
3247,5,supplementary_operation,1,[5],True,1470,4939030,4940499,1,True,15802.525,15817.215,15802.525,15817.215,14.69,0,0,1469,True,0.01,0,0.00999999999476,0.0100000000057,100,3,"[0, 1, 2]"
3248,0,normal_tightening,1,[0],True,1756,4940500,4942255,1,True,15817.225,15834.775,15817.225,15834.775,17.55,0,0,1755,True,0.01,9.80932937606e-10,0.00999999999476,0.0100000000057,100,3,"[0, 1, 2]"
3249,5,supplementary_operation,1,[5],True,947,4942256,4943202,1,True,15834.785,15844.245,15834.785,15844.245,9.46,0,0,946,True,0.01,0,0.00999999999476,0.0100000000057,100,3,"[0, 1, 2]"
3250,3,missing_screw,1,[3],True,1399,4943203,4944601,1,True,15844.255,15858.235,15844.255,15858.235,13.98,0,0,1398,True,0.01,0,0.00999999999476,0.0100000000057,100,2,"[1, 2]"
3251,5,supplementary_operation,1,[5],True,949,4944602,4945550,1,True,9718.83,9728.31,9718.83,9728.31,9.48,0,0,948,True,0.01,0,0.0099999999984,0.0100000000002,100,3,"[0, 1, 2]"
3252,3,missing_screw,1,[3],True,1191,4945551,4946741,1,True,9728.32,9740.31,9728.32,9740.31,11.99,0,0,1190,True,0.0100756302521,0.000958462212529,0.0099999999984,0.0300000000007,99.2493744787,2,"[1, 2]"
3253,5,supplementary_operation,1,[5],True,1341,4946742,4948082,1,True,9740.32,9753.73,9740.32,9753.73,13.41,0,0,1340,True,0.0100074626866,0.000273077230759,0.0099999999984,0.0199999999986,99.9254287845,3,"[0, 1, 2]"
3254,0,normal_tightening,1,[0],True,1575,4948083,4949657,1,True,9753.74,9769.69,9753.74,9769.69,15.95,0,0,1574,True,0.0101334180432,0.0013507920898,0.0099999999984,0.0399999999991,98.6833855799,3,"[0, 1, 2]"
3255,5,supplementary_operation,1,[5],True,1293,4949658,4950950,1,True,9769.7,9783.07,9769.7,9783.07,13.37,0,0,1292,True,0.0103482972136,0.00218056186379,0.0099999999984,0.0400000000009,96.6342557966,3,"[0, 1, 2]"
3256,0,normal_tightening,1,[0],True,1442,4950951,4952392,1,True,9783.08,9797.55,9783.08,9797.55,14.47,0,0,1441,True,0.0100416377516,0.000643928422435,0.0099999999984,0.0200000000004,99.5853489979,2,"[1, 2]"
3257,5,supplementary_operation,1,[5],True,1320,4952393,4953712,1,True,9797.56,9810.77,9797.56,9810.77,13.21,0,0,1319,True,0.0100151630023,0.000550481724324,0.0099999999984,0.0299999999988,99.8485995458,3,"[0, 1, 2]"
3258,0,normal_tightening,1,[0],True,1449,4953713,4955161,1,True,9810.78,9825.26,9810.78,9825.26,14.48,0,0,1448,True,0.01,0,0.0099999999984,0.0100000000002,100,3,"[0, 1, 2]"
3259,5,supplementary_operation,1,[5],True,1282,4955162,4956443,1,True,9825.27,9839.02,9825.27,9839.02,13.75,0,0,1281,True,0.0107338017174,0.0033188866941,0.0099999999984,0.0499999999993,93.1636363636,3,"[0, 1, 2]"
3260,0,normal_tightening,1,[0],True,1367,4956444,4957810,1,True,9839.03,9853.03,9839.03,9853.03,14,0,0,1366,True,0.0102489019034,0.00181811555799,0.0099999999984,0.0400000000009,97.5714285714,3,"[0, 1, 2]"
3261,5,supplementary_operation,1,[5],True,722,4957811,4958532,1,True,9853.04,9860.28,9853.04,9860.28,7.24,0,0,721,True,0.0100416088766,0.000643706040853,0.0099999999984,0.0200000000004,99.5856353591,3,"[0, 1, 2]"
3262,3,missing_screw,1,[3],True,1011,4958533,4959543,1,True,9860.29,9870.73,9860.29,9870.73,10.44,0,0,1010,True,0.0103366336634,0.00228762156623,0.0099999999984,0.0400000000009,96.7432950192,3,"[0, 1, 2]"
3263,5,supplementary_operation,1,[5],True,1429,4959544,4960972,1,True,9870.74,9885.37,9870.74,9885.37,14.63,0,0,1428,True,0.0102450980392,0.00187386112679,0.0099999999984,0.0399999999991,97.6076555024,3,"[0, 1, 2]"
3264,0,normal_tightening,1,[0],True,1287,4960973,4962259,1,True,9885.41,9898.62,9885.41,9898.62,13.21,0,0,1286,True,0.0102721617418,0.00193292327109,0.0099999999984,0.0499999999993,97.3504920515,3,"[0, 1, 2]"
3265,5,supplementary_operation,1,[5],True,1437,4962260,4963696,1,True,9898.63,9913.25,9898.63,9913.25,14.62,0,0,1436,True,0.0101810584958,0.00143399941123,0.0099999999984,0.0300000000007,98.2216142271,3,"[0, 1, 2]"
3266,0,normal_tightening,1,[0],True,1260,4963697,4964956,1,True,9913.26,9926.53,9913.26,9926.53,13.27,0,0,1259,True,0.0105401111994,0.00306569897965,0.0099999999984,0.0599999999995,94.8756593821,3,"[0, 1, 2]"
3267,5,supplementary_operation,1,[5],True,1806,4964957,4966762,1,True,9926.54,9945.03,9926.54,9945.03,18.49,0,0,1805,True,0.010243767313,0.00174443990207,0.0099999999984,0.0300000000007,97.6203353164,3,"[0, 1, 2]"
3268,0,normal_tightening,1,[0],True,1459,4966763,4968221,1,True,9945.04,9959.87,9945.04,9959.87,14.83,0,0,1458,True,0.0101714677641,0.00144803283121,0.0099999999984,0.0300000000007,98.3142279164,3,"[0, 1, 2]"
3269,5,supplementary_operation,1,[5],True,1791,4968222,4970012,1,True,9959.88,9978.46,9959.88,9978.46,18.58,0,0,1790,True,0.0103798882682,0.00242676831544,0.0099999999984,0.0599999999995,96.3401506997,3,"[0, 1, 2]"
3270,0,normal_tightening,1,[0],True,1314,4970013,4971326,1,True,9978.47,9991.8,9978.47,9991.8,13.33,0,0,1313,True,0.0101523229246,0.00139892664083,0.0099999999984,0.0300000000007,98.4996249062,3,"[0, 1, 2]"
3271,5,supplementary_operation,1,[5],True,1130,4971327,4972456,1,True,9991.81,10003.12,9991.81,10003.12,11.31,0,0,1129,True,0.0100177147919,0.000420516473727,0.0099999999984,0.0200000000004,99.8231653404,3,"[0, 1, 2]"
3272,3,missing_screw,1,[3],True,994,4972457,4973450,1,True,10003.13,10013.08,10003.13,10013.08,9.95,0,0,993,True,0.0100201409869,0.00044833493028,0.0099999999984,0.0200000000004,99.7989949749,3,"[0, 1, 2]"
3273,5,supplementary_operation,1,[5],True,1884,4973451,4975334,1,True,10013.09,10032.03,10013.09,10032.03,18.94,0,0,1883,True,0.010058417419,0.000762077158359,0.0099999999984,0.0200000000004,99.419218585,3,"[0, 1, 2]"
3274,0,normal_tightening,1,[0],True,1218,4975335,4976552,1,True,10032.04,10044.21,10032.04,10044.21,12.17,0,0,1217,True,0.01,0,0.0099999999984,0.0100000000002,100,3,"[0, 1, 2]"
3275,5,supplementary_operation,1,[5],True,1727,4976553,4978279,1,True,10044.22,10062.66,10044.22,10062.66,18.44,0,0,1726,True,0.0106836616454,0.00321075821021,0.0099999999984,0.0400000000009,93.600867679,3,"[0, 1, 2]"
3276,0,normal_tightening,1,[0],True,1638,4978280,4979917,1,True,10062.67,10079.11,10062.67,10079.11,16.44,0,0,1637,True,0.0100427611484,0.000652520473685,0.0099999999984,0.0200000000004,99.5742092457,3,"[0, 1, 2]"
3277,5,supplementary_operation,1,[5],True,3795,4979918,4983712,1,True,10079.12,10213.93,10079.12,10213.93,134.81,0,0,3794,True,0.0355324196099,1.32336795127,0.0099999999984,79.87,28.1433128106,3,"[0, 1, 2]"
3278,0,normal_tightening,1,[0],True,1680,4983713,4985392,1,True,10213.94,10230.87,10213.94,10230.87,16.93,0,0,1679,True,0.0100833829661,0.00128868405826,0.0099999999984,0.0400000000009,99.1730655641,3,"[0, 1, 2]"
3279,5,supplementary_operation,1,[5],True,1087,4985393,4986479,1,True,10230.88,10242.07,10230.88,10242.07,11.19,0,0,1086,True,0.0103038674033,0.0022707451168,0.0099999999984,0.0399999999991,97.0509383378,3,"[0, 1, 2]"
3280,3,missing_screw,1,[3],True,1219,4986480,4987698,1,True,10242.08,10254.58,10242.08,10254.58,12.5,0,0,1218,True,0.01026272578,0.00238287674912,0.0099999999984,0.0400000000009,97.44,3,"[0, 1, 2]"
3281,5,supplementary_operation,1,[5],True,1823,4987699,4989521,1,True,10254.59,10273,10254.59,10273,18.41,0,0,1822,True,0.0101042810099,0.0014212181136,0.0099999999984,0.0399999999991,98.9679521999,3,"[0, 1, 2]"
3282,0,normal_tightening,1,[0],True,1603,4989522,4991124,1,True,10273.01,10289.49,10273.01,10289.49,16.48,0,0,1602,True,0.0102871410737,0.00207052845456,0.0099999999984,0.0400000000009,97.2087378641,3,"[0, 1, 2]"
3283,5,supplementary_operation,1,[5],True,1784,4991125,4992908,1,True,10289.5,10307.33,10289.5,10307.33,17.83,0,0,1783,True,0.01,1.00818626092e-09,0.0099999999984,0.0100000000002,100,3,"[0, 1, 2]"
3284,0,normal_tightening,1,[0],True,1565,4992909,4994473,1,True,10307.34,10322.99,10307.34,10322.99,15.65,0,0,1564,True,0.0100063938619,0.000252780017924,0.0099999999984,0.0200000000004,99.9361022364,3,"[0, 1, 2]"
3285,5,supplementary_operation,1,[5],True,1826,4994474,4996299,1,True,10323,10341.68,10323,10341.68,18.68,0,0,1825,True,0.0102356164384,0.00193010538878,0.0099999999984,0.0400000000009,97.6980728051,3,"[0, 1, 2]"
3286,0,normal_tightening,1,[0],True,1500,4996300,4997799,1,True,10341.69,10356.93,10341.69,10356.93,15.24,0,0,1499,True,0.0101667778519,0.00172458298794,0.0099999999984,0.0400000000009,98.3595800525,3,"[0, 1, 2]"
3287,5,supplementary_operation,1,[5],True,1876,4997800,4999675,1,True,10356.94,10375.7,10356.94,10375.7,18.76,0,0,1875,True,0.0100053333333,0.000230878515405,0.0099999999984,0.0199999999986,99.9466950959,3,"[0, 1, 2]"
3288,0,normal_tightening,1,[0],True,1499,4999676,5001174,1,True,10375.71,10390.85,10375.71,10390.85,15.14,0,0,1498,True,0.0101068090788,0.001411120848,0.0099999999984,0.0400000000009,98.9431968296,2,"[1, 2]"
3289,5,supplementary_operation,1,[5],True,1072,5001175,5002246,1,True,10390.86,10402.21,10390.86,10402.21,11.35,0,0,1071,True,0.0105975723623,0.00302765863261,0.0099999999984,0.0400000000009,94.3612334802,3,"[0, 1, 2]"
3290,3,missing_screw,1,[3],True,1166,5002247,5003412,1,True,10402.22,10414.45,10402.22,10414.45,12.23,0,0,1165,True,0.0104978540773,0.00282709827656,0.0099999999984,0.0400000000009,95.2575633688,2,"[1, 2]"
3291,5,supplementary_operation,1,[5],True,1825,5003413,5005237,1,True,10414.46,10432.95,10414.46,10432.95,18.49,0,0,1824,True,0.0101370614035,0.0016332843232,0.0099999999984,0.0499999999993,98.6479177934,2,"[1, 2]"
3292,0,normal_tightening,1,[0],True,1497,5005238,5006734,1,True,10432.96,10448.02,10432.96,10448.02,15.06,0,0,1496,True,0.0100668449198,0.000965070273945,0.0099999999984,0.0300000000007,99.3359893758,2,"[1, 2]"
3293,5,supplementary_operation,1,[5],True,1763,5006735,5008497,1,True,10448.03,10466.23,10448.03,10466.23,18.2,0,0,1762,True,0.0103291713961,0.00228615243519,0.0099999999984,0.0400000000009,96.8131868132,3,"[0, 1, 2]"
3294,0,normal_tightening,1,[0],True,1471,5008498,5009968,1,True,10466.24,10481.32,10466.24,10481.32,15.08,0,0,1470,True,0.0102585034014,0.00225903608177,0.0099999999984,0.0499999999993,97.4801061008,2,"[1, 2]"
3295,5,supplementary_operation,1,[5],True,1775,5009969,5011743,1,True,10481.33,10499.62,10481.33,10499.62,18.29,0,0,1774,True,0.0103100338219,0.00231770322762,0.0099999999984,0.0400000000009,96.9928922909,3,"[0, 1, 2]"
3296,0,normal_tightening,1,[0],True,1437,5011744,5013180,1,True,10499.63,10514.43,10499.63,10514.43,14.8,0,0,1436,True,0.0103064066852,0.00285015528318,0.0099999999984,0.0799999999999,97.027027027,2,"[1, 2]"
3297,5,supplementary_operation,1,[5],True,1763,5013181,5014943,1,True,10514.44,10532.45,10514.44,10532.45,18.01,0,0,1762,True,0.0102213393871,0.00205122781522,0.0099999999984,0.0400000000009,97.8345363687,2,"[1, 2]"
3298,0,normal_tightening,1,[0],True,1498,5014944,5016441,1,True,10532.46,10547.76,10532.46,10547.76,15.3,0,0,1497,True,0.0102204408818,0.00179572239236,0.0099999999984,0.0400000000009,97.8431372549,3,"[0, 1, 2]"
3299,5,supplementary_operation,1,[5],True,1063,5016442,5017504,1,True,10547.77,10558.72,10547.77,10558.72,10.95,0,0,1062,True,0.0103107344633,0.00208063839868,0.0099999999984,0.0400000000009,96.9863013699,3,"[0, 1, 2]"
3300,3,missing_screw,1,[3],True,1133,5017505,5018637,1,True,10558.73,10570.41,10558.73,10570.41,11.68,0,0,1132,True,0.0103180212014,0.00267257904837,0.0099999999984,0.0499999999993,96.9178082192,3,"[0, 1, 2]"
3301,5,supplementary_operation,1,[5],True,1793,5018638,5020430,1,True,10570.42,10588.76,10570.42,10588.76,18.34,0,0,1792,True,0.010234375,0.00172001779539,0.0099999999984,0.0399999999991,97.7099236641,2,"[1, 2]"
3302,0,normal_tightening,1,[0],True,1535,5020431,5021965,1,True,10588.77,10604.11,10588.77,10604.11,15.34,0,0,1534,True,0.01,0,0.0099999999984,0.0100000000002,100,3,"[0, 1, 2]"
3303,5,supplementary_operation,1,[5],True,1827,5021966,5023792,1,True,10604.12,10622.38,10604.12,10622.38,18.26,0,0,1826,True,0.01,1.07329623509e-09,0.0099999999984,0.0100000000002,100,3,"[0, 1, 2]"
3304,0,normal_tightening,1,[0],True,1501,5023793,5025293,1,True,10622.39,10637.4,10622.39,10637.4,15.01,0,0,1500,True,0.0100066666667,0.000258112809112,0.0099999999984,0.0200000000004,99.9333777482,2,"[1, 2]"
3305,5,supplementary_operation,1,[5],True,1840,5025294,5027133,1,True,10637.41,10655.83,10637.41,10655.83,18.42,0,0,1839,True,0.0100163132137,0.000699378502759,0.0099999999984,0.0399999999991,99.8371335505,2,"[1, 2]"
3306,0,normal_tightening,1,[0],True,1394,5027134,5028527,1,True,10655.84,10669.78,10655.84,10669.78,13.94,0,0,1393,True,0.0100071787509,0.000267835722999,0.0099999999984,0.0200000000004,99.9282639885,3,"[0, 1, 2]"
3307,5,supplementary_operation,1,[5],True,1825,5028528,5030352,1,True,10669.79,10688.05,10669.79,10688.05,18.26,0,0,1824,True,0.0100109649123,0.000330951497227,0.0099999999984,0.0200000000004,99.8904709748,3,"[0, 1, 2]"
3308,0,normal_tightening,1,[0],True,1393,5030353,5031745,1,True,10688.06,10702,10688.06,10702,13.94,0,0,1392,True,0.0100143678161,0.000378776618592,0.0099999999984,0.0200000000004,99.856527977,3,"[0, 1, 2]"
3309,5,supplementary_operation,1,[5],True,721,5031746,5032466,1,True,10702.01,10709.21,10702.01,10709.21,7.2,0,0,720,True,0.01,0,0.0099999999984,0.0100000000002,100,3,"[0, 1, 2]"
3310,3,missing_screw,1,[3],True,1120,5032467,5033586,1,True,10709.22,10720.43,10709.22,10720.43,11.21,0,0,1119,True,0.010017873101,0.000422387928456,0.0099999999984,0.0200000000004,99.821587868,2,"[1, 2]"
3311,5,supplementary_operation,1,[5],True,1406,5033587,5034992,1,True,10720.44,10734.49,10720.44,10734.49,14.05,0,0,1405,True,0.01,0,0.0099999999984,0.0100000000002,100,3,"[0, 1, 2]"
3312,0,normal_tightening,1,[0],True,1446,5034993,5036438,1,True,10734.5,10749.51,10734.5,10749.51,15.01,0,0,1445,True,0.0103875432526,0.00246539731683,0.0099999999984,0.0400000000009,96.2691538974,3,"[0, 1, 2]"
3313,5,supplementary_operation,1,[5],True,1404,5036439,5037842,1,True,10749.52,10763.78,10749.52,10763.78,14.26,0,0,1403,True,0.0101639344262,0.00152486987677,0.0099999999984,0.0399999999991,98.3870967742,3,"[0, 1, 2]"
3314,0,normal_tightening,1,[0],True,1368,5037843,5039210,1,True,10763.79,10777.99,10763.79,10777.99,14.2,0,0,1367,True,0.0103877103146,0.00249278601204,0.0099999999984,0.0400000000009,96.2676056338,2,"[1, 2]"
3315,5,supplementary_operation,1,[5],True,1334,5039211,5040544,1,True,10778,10791.44,10778,10791.44,13.44,0,0,1333,True,0.0100825206302,0.00105757820796,0.0099999999984,0.0300000000007,99.181547619,3,"[0, 1, 2]"
3316,0,normal_tightening,1,[0],True,1411,5040545,5041955,1,True,10791.45,10805.71,10791.45,10805.71,14.26,0,0,1410,True,0.0101134751773,0.00145422933492,0.0099999999984,0.0499999999993,98.8779803647,3,"[0, 1, 2]"
3317,5,supplementary_operation,1,[5],True,1336,5041956,5043291,1,True,10805.72,10819.26,10805.72,10819.26,13.54,0,0,1335,True,0.0101423220974,0.00156577601624,0.0099999999984,0.0400000000009,98.5967503693,3,"[0, 1, 2]"
3318,0,normal_tightening,1,[0],True,1519,5043292,5044810,1,True,10819.27,10834.71,10819.27,10834.71,15.44,0,0,1518,True,0.0101712779974,0.0018782907391,0.0099999999984,0.0500000000011,98.3160621762,3,"[0, 1, 2]"
3319,5,supplementary_operation,1,[5],True,584,5044811,5045394,1,True,10834.73,10840.84,10834.73,10840.84,6.11,0,0,583,True,0.0104802744425,0.00317189716998,0.0099999999984,0.0400000000009,95.4173486088,3,"[0, 1, 2]"
3320,3,missing_screw,1,[3],True,1091,5045395,5046485,1,True,10840.85,10851.96,10840.85,10851.96,11.11,0,0,1090,True,0.0101926605505,0.00156203269251,0.0099999999984,0.0400000000009,98.1098109811,3,"[0, 1, 2]"
3321,5,supplementary_operation,1,[5],True,1422,5046486,5047907,1,True,10851.97,10866.31,10851.97,10866.31,14.34,0,0,1421,True,0.0100914848698,0.00121221410278,0.0099999999984,0.0400000000009,99.0934449093,3,"[0, 1, 2]"
3322,0,normal_tightening,1,[0],True,1430,5047908,5049337,1,True,10866.32,10881.07,10866.32,10881.07,14.75,0,0,1429,True,0.010321903429,0.00231403126029,0.0099999999984,0.0400000000009,96.8813559322,3,"[0, 1, 2]"
3323,5,supplementary_operation,1,[5],True,1402,5049338,5050739,1,True,10881.08,10895.72,10881.08,10895.72,14.64,0,0,1401,True,0.0104496788009,0.00275280693236,0.0099999999984,0.0400000000009,95.6967213115,3,"[0, 1, 2]"
3324,0,normal_tightening,1,[0],True,1301,5050740,5052040,1,True,10895.73,10909.17,10895.73,10909.17,13.44,0,0,1300,True,0.0103384615385,0.00236172637685,0.0099999999984,0.0400000000009,96.7261904762,3,"[0, 1, 2]"
3325,5,supplementary_operation,1,[5],True,1802,5052041,5053842,1,True,10909.18,10927.55,10909.18,10927.55,18.37,0,0,1801,True,0.0101998889506,0.00201714472365,0.0099999999984,0.0500000000011,98.0402830702,3,"[0, 1, 2]"
3326,0,normal_tightening,1,[0],True,1323,5053843,5055165,1,True,10927.56,10941.03,10927.56,10941.03,13.47,0,0,1322,True,0.010189107413,0.00195500117946,0.0099999999984,0.0400000000009,98.1440237565,3,"[0, 1, 2]"
3327,5,supplementary_operation,1,[5],True,1790,5055166,5056955,1,True,10941.04,10959.27,10941.04,10959.27,18.23,0,0,1789,True,0.0101900503074,0.00199711682842,0.0099999999984,0.0400000000009,98.1349424026,3,"[0, 1, 2]"
3328,0,normal_tightening,1,[0],True,1260,5056956,5058215,1,True,10959.28,10972.27,10959.28,10972.27,12.99,0,0,1259,True,0.0103177124702,0.00240348486273,0.0099999999984,0.0500000000011,96.9207082371,3,"[0, 1, 2]"
3329,5,supplementary_operation,1,[5],True,1085,5058216,5059300,1,True,10972.28,10983.43,10972.28,10983.43,11.15,0,0,1084,True,0.0102859778598,0.00250669709316,0.0099999999984,0.0599999999995,97.2197309417,3,"[0, 1, 2]"
3330,3,missing_screw,1,[3],True,980,5059301,5060280,1,True,10983.44,10993.25,10983.44,10993.25,9.81,0,0,979,True,0.0100204290092,0.000451522698758,0.0099999999984,0.0200000000004,99.7961264016,3,"[0, 1, 2]"
3331,5,supplementary_operation,1,[5],True,1751,5060281,5062031,1,True,10993.26,11011.54,10993.26,11011.54,18.28,0,0,1750,True,0.0104457142857,0.00312156946397,0.0099999999984,0.0500000000011,95.7330415755,3,"[0, 1, 2]"
3332,0,normal_tightening,1,[0],True,1493,5062032,5063524,1,True,11011.55,11027.49,11011.55,11027.49,15.94,0,0,1492,True,0.0106836461126,0.00370698573968,0.0099999999984,0.0500000000011,93.6010037641,3,"[0, 1, 2]"
3333,5,supplementary_operation,1,[5],True,1800,5063525,5065324,1,True,11027.5,11045.89,11027.5,11045.89,18.39,0,0,1799,True,0.0102223457476,0.00184307391523,0.0099999999984,0.0500000000011,97.8249048396,3,"[0, 1, 2]"
3334,0,normal_tightening,1,[0],True,1576,5065325,5066900,1,True,11045.9,11062.14,11045.9,11062.14,16.24,0,0,1575,True,0.0103111111111,0.00200753430945,0.0099999999984,0.0400000000009,96.9827586207,3,"[0, 1, 2]"
3335,5,supplementary_operation,1,[5],True,1813,5066901,5068713,1,True,11062.15,11080.65,11062.15,11080.65,18.5,0,0,1812,True,0.0102097130243,0.00183783949289,0.0099999999984,0.0400000000009,97.9459459459,3,"[0, 1, 2]"
3336,0,normal_tightening,1,[0],True,1558,5068714,5070271,1,True,11080.66,11096.24,11080.66,11096.24,15.58,0,0,1557,True,0.0100064226076,0.000253347243727,0.0099999999984,0.0200000000004,99.9358151476,3,"[0, 1, 2]"
3337,5,supplementary_operation,1,[5],True,1850,5070272,5072121,1,True,11096.25,11114.77,11096.25,11114.77,18.52,0,0,1849,True,0.0100162249865,0.000519762629586,0.0099999999984,0.0299999999988,99.838012959,3,"[0, 1, 2]"
3338,0,normal_tightening,1,[0],True,1471,5072122,5073592,1,True,11114.78,11130.18,11114.78,11130.18,15.4,0,0,1470,True,0.0104761904762,0.00269374011881,0.0099999999984,0.0500000000011,95.4545454545,3,"[0, 1, 2]"
3339,5,supplementary_operation,1,[5],True,1579,5073593,5075171,1,True,11130.19,11219.342,11130.19,11219.342,89.152,0,0,1578,True,0.0564968314322,1.84192484501,0.0099999999984,73.202,17.7001076813,3,"[0, 1, 2]"
3340,3,missing_screw,1,[3],True,1286,5075172,5076457,1,True,11219.352,11232.352,11219.352,11232.352,13,0,0,1285,True,0.0101167315175,0.00121036067955,0.0099999999984,0.0300000000007,98.8461538462,3,"[0, 1, 2]"
3341,5,supplementary_operation,1,[5],True,1787,5076458,5078244,1,True,11232.362,11250.832,11232.362,11250.832,18.47,0,0,1786,True,0.0103415453527,0.00258036097967,0.0099999999984,0.0499999999993,96.6973470493,3,"[0, 1, 2]"
3342,0,normal_tightening,1,[0],True,1582,5078245,5079826,1,True,11250.842,11267.232,11250.842,11267.232,16.39,0,0,1581,True,0.01036685642,0.00253841121259,0.0099999999984,0.0400000000009,96.4612568639,3,"[0, 1, 2]"
3343,5,supplementary_operation,1,[5],True,1791,5079827,5081617,1,True,11267.242,11285.852,11267.242,11285.852,18.61,0,0,1790,True,0.0103966480447,0.00271745648907,0.0099999999984,0.0500000000011,96.1848468565,3,"[0, 1, 2]"
3344,0,normal_tightening,1,[0],True,1504,5081618,5083121,1,True,11285.882,11301.652,11285.882,11301.652,15.77,0,0,1503,True,0.0104923486361,0.00303403426892,0.0099999999984,0.0499999999993,95.3075459734,3,"[0, 1, 2]"
3345,5,supplementary_operation,1,[5],True,1828,5083122,5084949,1,True,11301.662,11320.742,11301.662,11320.742,19.08,0,0,1827,True,0.0104433497537,0.00304508061998,0.0099999999984,0.0599999999995,95.7547169811,3,"[0, 1, 2]"
3346,0,normal_tightening,1,[0],True,1548,5084950,5086497,1,True,11320.752,11336.682,11320.752,11336.682,15.93,0,0,1547,True,0.0102973497091,0.00233895914589,0.0099999999984,0.0499999999993,97.1123666039,3,"[0, 1, 2]"
3347,5,supplementary_operation,1,[5],True,1813,5086498,5088310,1,True,11336.692,11355.522,11336.692,11355.522,18.83,0,0,1812,True,0.0103918322296,0.00263925610769,0.0099999999984,0.0500000000011,96.2294211365,3,"[0, 1, 2]"
3348,0,normal_tightening,1,[0],True,1444,5088311,5089754,1,True,11355.532,11370.922,11355.532,11370.922,15.39,0,0,1443,True,0.0106652806653,0.00336725606647,0.0099999999984,0.0599999999995,93.7621832359,3,"[0, 1, 2]"
3349,5,supplementary_operation,1,[5],True,1102,5089755,5090856,1,True,11370.932,11381.942,11370.932,11381.942,11.01,0,0,1101,True,0.01,0,0.0099999999984,0.0100000000002,100,3,"[0, 1, 2]"
3350,3,missing_screw,1,[3],True,1181,5090857,5092037,1,True,11381.952,11393.852,11381.952,11393.852,11.9,0,0,1180,True,0.0100847457627,0.00159222832437,0.0099999999984,0.0499999999993,99.1596638655,3,"[0, 1, 2]"
3351,5,supplementary_operation,1,[5],True,1855,5092038,5093892,1,True,11393.862,11412.402,11393.862,11412.402,18.54,0,0,1854,True,0.01,1.13467620043e-09,0.0099999999984,0.0100000000002,100,3,"[0, 1, 2]"
3352,0,normal_tightening,1,[0],True,1643,5093893,5095535,1,True,11412.412,11428.942,11412.412,11428.942,16.53,0,0,1642,True,0.0100669914738,0.00132727201335,0.0099999999984,0.0499999999993,99.3345432547,2,"[1, 2]"
3353,5,supplementary_operation,1,[5],True,1818,5095536,5097353,1,True,11428.952,11447.182,11428.952,11447.182,18.23,0,0,1817,True,0.010033021464,0.000811996836148,0.0099999999984,0.0399999999991,99.6708721887,3,"[0, 1, 2]"
3354,0,normal_tightening,1,[0],True,1507,5097354,5098860,1,True,11447.192,11462.342,11447.192,11462.342,15.15,0,0,1506,True,0.0100597609562,0.00112162775195,0.0099999999984,0.0399999999991,99.4059405941,3,"[0, 1, 2]"
3355,5,supplementary_operation,1,[5],True,1808,5098861,5100668,1,True,11462.352,11480.542,11462.352,11480.542,18.19,0,0,1807,True,0.0100664084117,0.00124302837056,0.0099999999984,0.0400000000009,99.3402968664,3,"[0, 1, 2]"
3356,0,normal_tightening,1,[0],True,2062,5100669,5102730,1,True,11480.552,11501.252,11480.552,11501.252,20.7,0,0,2061,True,0.0100436681223,0.000851994796333,0.0099999999984,0.0300000000007,99.5652173913,3,"[0, 1, 2]"
3357,5,supplementary_operation,1,[5],True,1806,5102731,5104536,1,True,11501.262,11519.672,11501.262,11519.672,18.41,0,0,1805,True,0.0101994459834,0.00193068234547,0.0099999999984,0.0400000000009,98.0445410103,3,"[0, 1, 2]"
3358,0,normal_tightening,1,[0],True,1520,5104537,5106056,1,True,11519.772,11535.152,11519.772,11535.152,15.38,0,0,1519,True,0.010125082291,0.00171663325529,0.0099999999984,0.0400000000009,98.7646293888,3,"[0, 1, 2]"
3359,5,supplementary_operation,1,[5],True,1082,5106057,5107138,1,True,11535.162,11546.092,11535.162,11546.092,10.93,0,0,1081,True,0.0101110083256,0.00135566069208,0.0099999999984,0.0400000000009,98.9021043001,3,"[0, 1, 2]"
3360,3,missing_screw,1,[3],True,1086,5107139,5108224,1,True,11546.102,11557.032,11546.102,11557.032,10.93,0,0,1085,True,0.0100737327189,0.00128590421933,0.0099999999984,0.0400000000009,99.2680695334,2,"[1, 2]"
3361,5,supplementary_operation,1,[5],True,1370,5108225,5109594,1,True,11557.042,11571.052,11557.042,11571.052,14.01,0,0,1369,True,0.0102337472608,0.00249545984767,0.0099999999984,0.0599999999995,97.715917202,3,"[0, 1, 2]"
3362,0,normal_tightening,1,[0],True,1531,5109595,5111125,1,True,11571.062,11586.592,11571.062,11586.592,15.53,0,0,1530,True,0.0101503267974,0.00178326000153,0.0099999999984,0.0499999999993,98.5189954926,3,"[0, 1, 2]"
3363,5,supplementary_operation,1,[5],True,1363,5111126,5112488,1,True,11586.602,11600.222,11586.602,11600.222,13.62,0,0,1362,True,0.01,0,0.0099999999984,0.0100000000002,100,3,"[0, 1, 2]"
3364,0,normal_tightening,1,[0],True,1402,5112489,5113890,1,True,11600.232,11614.292,11600.232,11614.292,14.06,0,0,1401,True,0.0100356887937,0.00133535238646,0.0099999999984,0.0600000000013,99.6443812233,3,"[0, 1, 2]"
3365,5,supplementary_operation,1,[5],True,1336,5113891,5115226,1,True,11614.302,11627.992,11614.302,11627.992,13.69,0,0,1335,True,0.0102546816479,0.00252528905747,0.0099999999984,0.0499999999993,97.5164353543,3,"[0, 1, 2]"
3366,0,normal_tightening,1,[0],True,1337,5115227,5116563,1,True,11628.002,11641.442,11628.002,11641.442,13.44,0,0,1336,True,0.0100598802395,0.00115918926244,0.0099999999984,0.0400000000009,99.4047619048,3,"[0, 1, 2]"
3367,5,supplementary_operation,1,[5],True,1414,5116564,5117977,1,True,11641.452,11655.752,11641.452,11655.752,14.3,0,0,1413,True,0.0101203113942,0.0016569882601,0.0099999999984,0.0500000000011,98.8111888112,3,"[0, 1, 2]"
3368,0,normal_tightening,1,[0],True,1341,5117978,5119318,1,True,11655.762,11669.162,11655.762,11669.162,13.4,0,0,1340,True,0.01,0,0.0099999999984,0.0100000000002,100,3,"[0, 1, 2]"
3369,5,supplementary_operation,1,[5],True,751,5119319,5120069,1,True,11669.172,11676.672,11669.172,11676.672,7.5,0,0,750,True,0.01,0,0.0099999999984,0.0100000000002,100,3,"[0, 1, 2]"
3370,3,missing_screw,1,[3],True,1001,5120070,5121070,1,True,11676.682,11686.682,11676.682,11686.682,10,0,0,1000,True,0.01,0,0.0099999999984,0.0100000000002,100,3,"[0, 1, 2]"
3371,5,supplementary_operation,1,[5],True,1782,5121071,5122852,1,True,11686.692,11704.722,11686.692,11704.722,18.03,0,0,1781,True,0.0101235261089,0.00167097362845,0.0099999999984,0.0400000000009,98.7798114254,3,"[0, 1, 2]"
3372,0,normal_tightening,1,[0],True,1282,5122853,5124134,1,True,11704.732,11717.542,11704.732,11717.542,12.81,0,0,1281,True,0.01,0,0.0099999999984,0.0100000000002,100,3,"[0, 1, 2]"
3373,5,supplementary_operation,1,[5],True,1860,5124135,5125994,1,True,11717.552,11736.142,11717.552,11736.142,18.59,0,0,1859,True,0.01,1.13467620043e-09,0.0099999999984,0.0100000000002,100,3,"[0, 1, 2]"
3374,0,normal_tightening,1,[0],True,1258,5125995,5127252,1,True,11736.152,11748.892,11736.152,11748.892,12.74,0,0,1257,True,0.0101352426412,0.00180095633373,0.0099999999984,0.0500000000011,98.6656200942,3,"[0, 1, 2]"
3375,5,supplementary_operation,1,[5],True,1851,5127253,5129103,1,True,11748.902,11767.482,11748.902,11767.482,18.58,0,0,1850,True,0.0100432432432,0.00108964178108,0.0099999999984,0.0400000000009,99.5694294941,2,"[1, 2]"
3376,0,normal_tightening,1,[0],True,1333,5129104,5130436,1,True,11767.492,11781.092,11767.492,11781.092,13.6,0,0,1332,True,0.0102102102102,0.00203961169629,0.0099999999984,0.0399999999991,97.9411764706,3,"[0, 1, 2]"
3377,5,supplementary_operation,1,[5],True,1855,5130437,5132291,1,True,11781.102,11799.682,11781.102,11799.682,18.58,0,0,1854,True,0.010021574973,0.000734104111347,0.0099999999984,0.0399999999991,99.784714747,3,"[0, 1, 2]"
3378,0,normal_tightening,1,[0],True,1669,5132292,5133960,1,True,11799.692,11816.372,11799.692,11816.372,16.68,0,0,1668,True,0.01,7.45421768799e-10,0.0099999999984,0.0100000000002,100,2,"[1, 2]"
3379,5,supplementary_operation,1,[5],True,1107,5133961,5135067,1,True,11816.382,11827.542,11816.382,11827.542,11.16,0,0,1106,True,0.0100904159132,0.00147030843004,0.0099999999984,0.0400000000009,99.1039426523,3,"[0, 1, 2]"
3380,3,missing_screw,1,[3],True,1233,5135068,5136300,1,True,11827.552,11839.992,11827.552,11839.992,12.44,0,0,1232,True,0.0100974025974,0.00192983910413,0.0099999999984,0.0599999999995,99.0353697749,2,"[1, 2]"
3381,5,supplementary_operation,1,[5],True,1799,5136301,5138099,1,True,11840.002,11858.172,11840.002,11858.172,18.17,0,0,1798,True,0.01010567297,0.00122086106662,0.0099999999984,0.0399999999991,98.9543203082,2,"[1, 2]"
3382,0,normal_tightening,1,[0],True,1763,5138100,5139862,1,True,11858.182,11875.992,11858.182,11875.992,17.81,0,0,1762,True,0.0101078320091,0.00103280799213,0.0099999999984,0.0200000000004,98.9331836047,3,"[0, 1, 2]"
3383,5,supplementary_operation,1,[5],True,1782,5139863,5141644,1,True,11876.002,11894.412,11876.002,11894.412,18.41,0,0,1781,True,0.010336889388,0.00224769722668,0.0099999999984,0.0500000000011,96.7409016839,2,"[1, 2]"
3384,0,normal_tightening,1,[0],True,1494,5141645,5143138,1,True,11894.422,11910.012,11894.422,11910.012,15.59,0,0,1493,True,0.0104420629605,0.00262761857986,0.0099999999984,0.0599999999995,95.7665169981,3,"[0, 1, 2]"
3385,5,supplementary_operation,1,[5],True,1783,5143139,5144921,1,True,11910.022,11928.382,11910.022,11928.382,18.36,0,0,1782,True,0.010303030303,0.00204280287028,0.0099999999984,0.0400000000009,97.0588235294,3,"[0, 1, 2]"
3386,0,normal_tightening,1,[0],True,1574,5144922,5146495,1,True,11928.392,11944.122,11928.392,11944.122,15.73,0,0,1573,True,0.01,3.08005990352e-10,0.0099999999984,0.0100000000002,100,3,"[0, 1, 2]"
3387,5,supplementary_operation,1,[5],True,1832,5146496,5148327,1,True,11944.132,11962.742,11944.132,11962.742,18.61,0,0,1831,True,0.0101638448935,0.00139258521208,0.0099999999984,0.0300000000007,98.3879634605,3,"[0, 1, 2]"
3388,0,normal_tightening,1,[0],True,1677,5148328,5150004,1,True,11962.752,11979.632,11962.752,11979.632,16.88,0,0,1676,True,0.0100715990453,0.000843127529004,0.0099999999984,0.0200000000004,99.2890995261,3,"[0, 1, 2]"
3389,5,supplementary_operation,1,[5],True,1122,5150005,5151126,1,True,11979.642,11990.892,11979.642,11990.892,11.25,0,0,1121,True,0.0100356824264,0.000730727829286,0.0099999999984,0.0299999999988,99.6444444444,3,"[0, 1, 2]"
3390,3,missing_screw,1,[3],True,1778,5151127,5152904,1,True,11990.902,12008.862,11990.902,12008.862,17.96,0,0,1777,True,0.0101069217783,0.00131646532724,0.0099999999984,0.0400000000009,98.9420935412,3,"[0, 1, 2]"
3391,5,supplementary_operation,1,[5],True,1808,5152905,5154712,1,True,12008.872,12027.282,12008.872,12027.282,18.41,0,0,1807,True,0.0101881571666,0.00181246171471,0.0099999999984,0.0400000000009,98.1531776209,2,"[1, 2]"
3392,0,normal_tightening,1,[0],True,1554,5154713,5156266,1,True,12027.292,12042.942,12027.292,12042.942,15.65,0,0,1553,True,0.0100772698004,0.00107381394278,0.0099999999984,0.0399999999991,99.2332268371,2,"[1, 2]"
3393,5,supplementary_operation,1,[5],True,1856,5156267,5158122,1,True,12042.952,12061.612,12042.952,12061.612,18.66,0,0,1855,True,0.0100592991914,0.000897278631671,0.0099999999984,0.0300000000007,99.4105037513,2,"[1, 2]"
3394,0,normal_tightening,1,[0],True,1579,5158123,5159701,1,True,12061.622,12077.922,12061.622,12077.922,16.3,0,0,1578,True,0.010329531052,0.00233839445489,0.0099999999984,0.0400000000009,96.8098159509,2,"[1, 2]"
3395,5,supplementary_operation,1,[5],True,1815,5159702,5161516,1,True,12077.932,12096.472,12077.932,12096.472,18.54,0,0,1814,True,0.0102205071665,0.00180526565547,0.0099999999984,0.0400000000009,97.8425026969,2,"[1, 2]"
3396,0,normal_tightening,1,[0],True,1523,5161517,5163039,1,True,12096.482,12111.752,12096.482,12111.752,15.27,0,0,1522,True,0.0100328515112,0.000677378723148,0.0099999999984,0.0299999999988,99.6725605763,3,"[0, 1, 2]"
3397,5,supplementary_operation,1,[5],True,1838,5163040,5164877,1,True,12111.762,12130.172,12111.762,12130.172,18.41,0,0,1837,True,0.0100217746326,0.000466124651706,0.0099999999984,0.0200000000004,99.7827267789,3,"[0, 1, 2]"
3398,0,normal_tightening,1,[0],True,1384,5164878,5166261,1,True,12130.182,12144.022,12130.182,12144.022,13.84,0,0,1383,True,0.010007230658,0.000268801595027,0.0099999999984,0.0200000000004,99.9277456647,3,"[0, 1, 2]"
3399,5,supplementary_operation,1,[5],True,1139,5166262,5167400,1,True,12144.032,12155.462,12144.032,12155.462,11.43,0,0,1138,True,0.0100439367311,0.00122144112476,0.0099999999984,0.0499999999993,99.5625546807,3,"[0, 1, 2]"
3400,3,missing_screw,1,[3],True,1089,5167401,5168489,1,True,12155.472,12166.682,12155.472,12166.682,11.21,0,0,1088,True,0.0103033088235,0.00191739044288,0.0099999999984,0.0399999999991,97.0561998216,3,"[0, 1, 2]"
3401,5,supplementary_operation,1,[5],True,1785,5168490,5170274,1,True,12166.692,12184.982,12166.692,12184.982,18.29,0,0,1784,True,0.0102522421525,0.00203479968817,0.0099999999984,0.0400000000009,97.5396391471,3,"[0, 1, 2]"
3402,0,normal_tightening,1,[0],True,1320,5170275,5171594,1,True,12184.992,12198.652,12184.992,12198.652,13.66,0,0,1319,True,0.0103563305534,0.0023254084301,0.0099999999984,0.0399999999991,96.5592972182,2,"[1, 2]"
3403,5,supplementary_operation,1,[5],True,1805,5171595,5173399,1,True,12198.662,12217.152,12198.662,12217.152,18.49,0,0,1804,True,0.0102494456763,0.00193974497229,0.0099999999984,0.0500000000011,97.5662520281,3,"[0, 1, 2]"
3404,0,normal_tightening,1,[0],True,1334,5173400,5174733,1,True,12217.162,12230.772,12217.162,12230.772,13.61,0,0,1333,True,0.0102100525131,0.00153508243808,0.0099999999984,0.0300000000007,97.9426891991,3,"[0, 1, 2]"
3405,5,supplementary_operation,1,[5],True,1827,5174734,5176560,1,True,12230.782,12249.162,12230.782,12249.162,18.38,0,0,1826,True,0.0100657174151,0.000873146263633,0.0099999999984,0.0300000000007,99.3471164309,3,"[0, 1, 2]"
3406,0,normal_tightening,1,[0],True,1324,5176561,5177884,1,True,12249.172,12262.742,12249.172,12262.742,13.57,0,0,1323,True,0.0102569916856,0.00180547224514,0.0099999999984,0.0400000000009,97.4944731024,3,"[0, 1, 2]"
3407,5,supplementary_operation,1,[5],True,1799,5177885,5179683,1,True,12262.752,12281.112,12262.752,12281.112,18.36,0,0,1798,True,0.0102113459399,0.00172007846763,0.0099999999984,0.0399999999991,97.9302832244,3,"[0, 1, 2]"
3408,0,normal_tightening,1,[0],True,1322,5179684,5181005,1,True,12281.122,12294.522,12281.122,12294.522,13.4,0,0,1321,True,0.0101438304315,0.00157398230652,0.0099999999984,0.0399999999991,98.5820895522,3,"[0, 1, 2]"
3409,5,supplementary_operation,1,[5],True,1126,5181006,5182131,1,True,12294.532,12305.872,12294.532,12305.872,11.34,0,0,1125,True,0.01008,0.000890842298091,0.0099999999984,0.0200000000004,99.2063492063,3,"[0, 1, 2]"
3410,3,missing_screw,1,[3],True,989,5182132,5183120,1,True,12305.882,12315.852,12305.882,12315.852,9.97,0,0,988,True,0.0100910931174,0.000950070112178,0.0099999999984,0.0200000000004,99.0972918756,3,"[0, 1, 2]"
3411,5,supplementary_operation,1,[5],True,1774,5183121,5184894,1,True,12315.862,12334.042,12315.862,12334.042,18.18,0,0,1773,True,0.0102538071066,0.00217479106774,0.0099999999984,0.0400000000009,97.5247524752,3,"[0, 1, 2]"
3412,0,normal_tightening,1,[0],True,1573,5184895,5186467,1,True,12334.052,12349.892,12334.052,12349.892,15.84,0,0,1572,True,0.0100763358779,0.000940615795906,0.0099999999984,0.0300000000007,99.2424242424,3,"[0, 1, 2]"
3413,5,supplementary_operation,1,[5],True,1766,5186468,5188233,1,True,12349.902,12368.332,12349.902,12368.332,18.43,0,0,1765,True,0.0104419263456,0.00263505432645,0.0099999999984,0.0499999999993,95.7677699403,3,"[0, 1, 2]"
3414,0,normal_tightening,1,[0],True,1631,5188234,5189864,1,True,12368.342,12384.802,12368.342,12384.802,16.46,0,0,1630,True,0.0100981595092,0.0010462596185,0.0099999999984,0.0300000000007,99.0279465371,3,"[0, 1, 2]"
3415,5,supplementary_operation,1,[5],True,1421,5189865,5191285,1,True,12384.812,12399.092,12384.812,12399.092,14.28,0,0,1420,True,0.0100563380282,0.000837288109747,0.0099999999984,0.0300000000007,99.4397759104,3,"[0, 1, 2]"
3416,0,normal_tightening,1,[0],True,1290,5191286,5192575,1,True,12399.102,12412.102,12399.102,12412.102,13,0,0,1289,True,0.0100853374709,0.001000625436,0.0099999999984,0.0300000000007,99.1538461538,3,"[0, 1, 2]"
3417,5,supplementary_operation,1,[5],True,1717,5192576,5194292,1,True,12412.112,12430.332,12412.112,12430.332,18.22,0,0,1716,True,0.0106177156177,0.0029903907336,0.0099999999984,0.0400000000009,94.1822173436,3,"[0, 1, 2]"
3418,0,normal_tightening,1,[0],True,1497,5194293,5195789,1,True,12430.342,12445.702,12430.342,12445.702,15.36,0,0,1496,True,0.0102673796791,0.00195077252768,0.0099999999984,0.0399999999991,97.3958333333,3,"[0, 1, 2]"
3419,5,supplementary_operation,1,[5],True,1123,5195790,5196912,1,True,12445.712,12456.962,12445.712,12456.962,11.25,0,0,1122,True,0.0100267379679,0.000516395933599,0.0099999999984,0.0200000000004,99.7333333333,3,"[0, 1, 2]"
3420,3,missing_screw,1,[3],True,1305,5196913,5198217,1,True,12456.972,12470.222,12456.972,12470.222,13.25,0,0,1304,True,0.0101610429448,0.00142990115645,0.0099999999984,0.0300000000007,98.4150943396,3,"[0, 1, 2]"
3421,5,supplementary_operation,1,[5],True,1856,5198218,5200073,1,True,12470.232,12488.982,12470.232,12488.982,18.75,0,0,1855,True,0.0101078167116,0.00130898546293,0.0099999999984,0.0400000000009,98.9333333333,3,"[0, 1, 2]"
3422,0,normal_tightening,1,[0],True,1526,5200074,5201599,1,True,12488.992,12504.822,12488.992,12504.822,15.83,0,0,1525,True,0.0103803278689,0.00245342314705,0.0099999999984,0.0400000000009,96.3360707517,3,"[0, 1, 2]"
3423,5,supplementary_operation,1,[5],True,1841,5201600,5203440,1,True,12504.832,12523.892,12504.832,12523.892,19.06,0,0,1840,True,0.0103586956522,0.00205406025131,0.0099999999984,0.0300000000007,96.537250787,3,"[0, 1, 2]"
3424,0,normal_tightening,1,[0],True,1339,5203441,5204779,1,True,12523.902,12537.292,12523.902,12537.292,13.39,0,0,1338,True,0.0100074738416,0.000273281095657,0.0099999999984,0.0200000000004,99.925317401,3,"[0, 1, 2]"
3425,5,supplementary_operation,1,[5],True,1785,5204780,5206564,1,True,12537.302,12555.842,12537.302,12555.842,18.54,0,0,1784,True,0.0103923766816,0.00245192981593,0.0099999999984,0.0400000000009,96.2243797195,3,"[0, 1, 2]"
3426,0,normal_tightening,1,[0],True,1358,5206565,5207922,1,True,12555.852,12569.462,12555.852,12569.462,13.61,0,0,1357,True,0.010029476787,0.000542124514621,0.0099999999984,0.0200000000004,99.706098457,3,"[0, 1, 2]"
3427,5,supplementary_operation,1,[5],True,1880,5207923,5209802,1,True,12569.472,12588.412,12569.472,12588.412,18.94,0,0,1879,True,0.0100798296966,0.00105415509893,0.0099999999984,0.0400000000009,99.2080253432,3,"[0, 1, 2]"
3428,0,normal_tightening,1,[0],True,1372,5209803,5211174,1,True,12588.422,12602.172,12588.422,12602.172,13.75,0,0,1371,True,0.0100291757841,0.000853547524246,0.0099999999984,0.0400000000009,99.7090909091,3,"[0, 1, 2]"
3429,5,supplementary_operation,1,[5],True,1074,5211175,5212248,1,True,12602.182,12613.402,12602.182,12613.402,11.22,0,0,1073,True,0.0104566635601,0.00256803689072,0.0099999999984,0.0400000000009,95.632798574,3,"[0, 1, 2]"
3430,3,missing_screw,1,[3],True,1304,5212249,5213552,1,True,12613.412,12626.642,12613.412,12626.642,13.23,0,0,1303,True,0.0101534919417,0.00145785026913,0.0099999999984,0.0300000000007,98.4882842026,3,"[0, 1, 2]"
3431,5,supplementary_operation,1,[5],True,1809,5213553,5215361,1,True,696.604,714.684,696.604,714.684,18.08,0,0,1808,True,0.01,1.63396690595e-09,0.00999999999976,0.0100000000001,100,3,"[0, 1, 2]"
3432,0,normal_tightening,1,[0],True,1458,5215362,5216819,1,True,714.694,729.274,714.694,729.274,14.58,0,0,1457,True,0.010006863418,0.000261891338759,0.00999999999976,0.02,99.9314128944,3,"[0, 1, 2]"
3433,5,supplementary_operation,1,[5],True,1590,5216820,5218409,1,True,729.284,745.174,729.284,745.174,15.89,0,0,1589,True,0.01,1.47255028606e-09,0.00999999999976,0.0100000000002,100,3,"[0, 1, 2]"
3434,0,normal_tightening,1,[0],True,1274,5218410,5219683,1,True,745.184,757.914,745.184,757.914,12.73,0,0,1273,True,0.01,1.26459408682e-09,0.00999999999976,0.0100000000002,100,3,"[0, 1, 2]"
3435,5,supplementary_operation,1,[5],True,1567,5219684,5221250,1,True,757.924,773.604,757.924,773.604,15.68,0,0,1566,True,0.0100127713921,0.000357142565882,0.00999999999976,0.0200000000001,99.8724489796,3,"[0, 1, 2]"
3436,0,normal_tightening,1,[0],True,1255,5221251,5222505,1,True,773.614,786.164,773.614,786.164,12.55,0,0,1254,True,0.0100079744817,0.00028227862872,0.00999999999976,0.0200000000001,99.9203187251,3,"[0, 1, 2]"
3437,5,supplementary_operation,1,[5],True,1529,5222506,5224034,1,True,786.174,801.454,786.174,801.454,15.28,0,0,1528,True,0.01,1.439978005e-09,0.00999999999976,0.0100000000002,100,3,"[0, 1, 2]"
3438,0,normal_tightening,1,[0],True,1275,5224035,5225309,1,True,801.464,814.204,801.464,814.204,12.74,0,0,1274,True,0.01,1.26994123154e-09,0.00999999999976,0.0100000000002,100,3,"[0, 1, 2]"
3439,5,supplementary_operation,1,[5],True,1497,5225310,5226806,1,True,814.214,829.174,814.214,829.174,14.96,0,0,1496,True,0.01,1.42579068359e-09,0.00999999999976,0.0100000000002,100,3,"[0, 1, 2]"
3440,0,normal_tightening,1,[0],True,1309,5226807,5228115,1,True,829.184,842.264,829.184,842.264,13.08,0,0,1308,True,0.01,1.18720799535e-09,0.00999999999976,0.0100000000002,100,3,"[0, 1, 2]"
3441,5,supplementary_operation,1,[5],True,1460,5228116,5229575,1,True,842.274,856.864,842.274,856.864,14.59,0,0,1459,True,0.01,1.31193404896e-09,0.00999999999976,0.0100000000002,100,3,"[0, 1, 2]"
3442,0,normal_tightening,1,[0],True,1438,5229576,5231013,1,True,856.874,871.254,856.874,871.254,14.38,0,0,1437,True,0.0100069589422,0.000263706267525,0.00999999999976,0.02,99.9304589708,3,"[0, 1, 2]"
3443,5,supplementary_operation,1,[5],True,742,5231014,5231755,1,True,871.264,878.674,871.264,878.674,7.41,0,0,741,True,0.01,0,0.00999999999976,0.0100000000002,100,3,"[0, 1, 2]"
3444,3,missing_screw,1,[3],True,1099,5231756,5232854,1,True,878.684,889.664,878.684,889.664,10.98,0,0,1098,True,0.01,9.87816761974e-10,0.00999999999976,0.0100000000002,100,3,"[0, 1, 2]"
3445,5,supplementary_operation,1,[5],True,1440,5232855,5234294,1,True,889.674,904.064,889.674,904.064,14.39,0,0,1439,True,0.01,1.34256698595e-09,0.00999999999976,0.0100000000002,100,3,"[0, 1, 2]"
3446,0,normal_tightening,1,[0],True,1463,5234295,5235757,1,True,904.074,918.694,904.074,918.694,14.62,0,0,1462,True,0.01,1.45402690358e-09,0.00999999999999,0.0100000000001,100,3,"[0, 1, 2]"
3447,5,supplementary_operation,1,[5],True,1457,5235758,5237214,1,True,918.704,933.264,918.704,933.264,14.56,0,0,1456,True,0.01,1.45402690358e-09,0.00999999999999,0.0100000000001,100,3,"[0, 1, 2]"
3448,0,normal_tightening,1,[0],True,1849,5237215,5239063,1,True,933.274,951.754,933.274,951.754,18.48,0,0,1848,True,0.01,1.62147780382e-09,0.00999999999999,0.0100000000001,100,3,"[0, 1, 2]"
3449,5,supplementary_operation,1,[5],True,1438,5239064,5240501,1,True,951.764,966.134,951.764,966.134,14.37,0,0,1437,True,0.01,1.44467615127e-09,0.00999999999999,0.0100000000001,100,3,"[0, 1, 2]"
3450,0,normal_tightening,1,[0],True,1776,5240502,5242277,1,True,966.144,983.894,966.144,983.894,17.75,0,0,1775,True,0.01,1.59195558298e-09,0.00999999999999,0.0100000000001,100,3,"[0, 1, 2]"
3451,5,supplementary_operation,1,[5],True,639,5242278,5242916,1,True,983.904,990.284,983.904,990.284,6.38,0,0,638,True,0.01,0,0.00999999999999,0.0100000000001,100,3,"[0, 1, 2]"
3452,3,missing_screw,1,[3],True,1413,5242917,5244329,1,True,990.294,1004.414,990.294,1004.414,14.12,0,0,1412,True,0.01,1.4210301004e-09,0.00999999999999,0.0100000000001,100,3,"[0, 1, 2]"
3453,5,supplementary_operation,1,[5],True,1328,5244330,5245657,1,True,1004.424,1017.694,1004.424,1017.694,13.27,0,0,1327,True,0.01,1.37251640234e-09,0.00999999999999,0.0100000000001,100,3,"[0, 1, 2]"
3454,0,normal_tightening,1,[0],True,1753,5245658,5247410,1,True,1017.704,1035.224,1017.704,1035.224,17.52,0,0,1752,True,0.01,1.51787009211e-09,0.00999999999976,0.0100000000004,100,3,"[0, 1, 2]"
3455,5,supplementary_operation,1,[5],True,1723,5247411,5249133,1,True,1035.234,1052.454,1035.234,1052.454,17.22,0,0,1722,True,0.01,1.50891502816e-09,0.00999999999976,0.0100000000004,100,3,"[0, 1, 2]"
3456,0,normal_tightening,1,[0],True,1764,5249134,5250897,1,True,1052.464,1070.094,1052.464,1070.094,17.63,0,0,1763,True,0.01,1.52232786997e-09,0.00999999999976,0.0100000000004,100,3,"[0, 1, 2]"
3457,5,supplementary_operation,1,[5],True,1715,5250898,5252612,1,True,1070.104,1087.244,1070.104,1087.244,17.14,0,0,1714,True,0.01,1.5044175069e-09,0.00999999999976,0.0100000000004,100,3,"[0, 1, 2]"
3458,0,normal_tightening,1,[0],True,2313,5252613,5254925,1,True,1087.254,1110.654,1087.254,1110.654,23.4,0,0,2312,True,0.0101211072664,0.00127629606516,0.00999999999976,0.04,98.8034188034,3,"[0, 1, 2]"
3459,5,supplementary_operation,1,[5],True,963,5254926,5255888,1,True,1110.664,1120.284,1110.664,1120.284,9.62,0,0,962,True,0.01,8.31371688813e-10,0.00999999999976,0.0100000000004,100,3,"[0, 1, 2]"
3460,3,missing_screw,1,[3],True,1415,5255889,5257303,1,True,1120.294,1134.474,1120.294,1134.474,14.18,0,0,1414,True,0.0100282885431,0.000531116926607,0.00999999999976,0.02,99.7179125529,2,"[1, 2]"
3461,5,supplementary_operation,1,[5],True,1592,5257304,5258895,1,True,1168.124,1184.034,1168.124,1184.034,15.91,0,0,1591,True,0.01,1.44935906841e-09,0.00999999999976,0.0100000000004,100,3,"[0, 1, 2]"
3462,0,normal_tightening,1,[0],True,1700,5258896,5260595,1,True,1184.044,1201.034,1184.044,1201.034,16.99,0,0,1699,True,0.01,1.49538188459e-09,0.00999999999976,0.0100000000004,100,3,"[0, 1, 2]"
3463,5,supplementary_operation,1,[5],True,1643,5260596,5262238,1,True,1201.044,1217.464,1201.044,1217.464,16.42,0,0,1642,True,0.01,1.4771448379e-09,0.00999999999976,0.0100000000004,100,2,"[1, 2]"
3464,0,normal_tightening,1,[0],True,1714,5262239,5263952,1,True,1217.474,1234.654,1217.474,1234.654,17.18,0,0,1713,True,0.0100291885581,0.000638582681625,0.00999999999976,0.03,99.7089639115,2,"[1, 2]"
3465,5,supplementary_operation,1,[5],True,917,5263953,5264869,1,True,1234.664,1243.824,1234.664,1243.824,9.16,0,0,916,True,0.01,7.1763224003e-10,0.00999999999976,0.0100000000004,100,3,"[0, 1, 2]"
3466,3,missing_screw,1,[3],True,1463,5264870,5266332,1,True,1243.834,1258.454,1243.834,1258.454,14.62,0,0,1462,True,0.01,1.37251640234e-09,0.00999999999976,0.0100000000004,100,2,"[1, 2]"
3467,5,supplementary_operation,1,[5],True,1649,5266333,5267981,1,True,1258.464,1274.954,1258.464,1274.954,16.49,0,0,1648,True,0.0100060679612,0.000246257571457,0.00999999999976,0.02,99.9393571862,3,"[0, 1, 2]"
3468,0,normal_tightening,1,[0],True,1746,5267982,5269727,1,True,1274.964,1292.414,1274.964,1292.414,17.45,0,0,1745,True,0.01,1.51787009211e-09,0.00999999999976,0.0100000000004,100,3,"[0, 1, 2]"
3469,5,supplementary_operation,1,[5],True,1589,5269728,5271316,1,True,1292.424,1308.314,1292.424,1308.314,15.89,0,0,1588,True,0.0100062972292,0.000250863781968,0.00999999999976,0.0200000000004,99.9370673379,3,"[0, 1, 2]"
3470,0,normal_tightening,1,[0],True,1754,5271317,5273070,1,True,1308.324,1325.864,1308.324,1325.864,17.54,0,0,1753,True,0.0100057045066,0.000238772955355,0.00999999999976,0.02,99.9429874572,3,"[0, 1, 2]"
3471,5,supplementary_operation,1,[5],True,1598,5273071,5274668,1,True,1325.874,1341.874,1325.874,1341.874,16,0,0,1597,True,0.0100187852223,0.000433011937872,0.00999999999976,0.02,99.8125,3,"[0, 1, 2]"
3472,0,normal_tightening,1,[0],True,1766,5274669,5276434,1,True,1341.884,1359.534,1341.884,1359.534,17.65,0,0,1765,True,0.01,1.52677263233e-09,0.00999999999976,0.0100000000004,100,3,"[0, 1, 2]"
3473,5,supplementary_operation,1,[5],True,863,5276435,5277297,1,True,1359.544,1368.164,1359.544,1368.164,8.62,0,0,862,True,0.01,5.33482024325e-10,0.00999999999976,0.0100000000004,100,3,"[0, 1, 2]"
3474,3,missing_screw,1,[3],True,1436,5277298,5278733,1,True,1368.174,1382.524,1368.174,1382.524,14.35,0,0,1435,True,0.01,1.30156286614e-09,0.00999999999954,0.0100000000007,100,3,"[0, 1, 2]"
3475,5,supplementary_operation,1,[5],True,1565,5278734,5280298,1,True,1382.534,1398.194,1382.534,1398.194,15.66,0,0,1564,True,0.0100127877238,0.000357370552751,0.00999999999954,0.02,99.8722860792,3,"[0, 1, 2]"
3476,0,normal_tightening,1,[0],True,1950,5280299,5282248,1,True,1398.204,1417.714,1398.204,1417.714,19.51,0,0,1949,True,0.0100102616727,0.000320174053606,0.00999999999954,0.02,99.8974884675,3,"[0, 1, 2]"
3477,5,supplementary_operation,1,[5],True,1687,5282249,5283935,1,True,1417.724,1434.584,1417.724,1434.584,16.86,0,0,1686,True,0.01,1.3921247729e-09,0.00999999999954,0.0100000000007,100,3,"[0, 1, 2]"
3478,0,normal_tightening,1,[0],True,1714,5283936,5285649,1,True,1434.594,1451.724,1434.594,1451.724,17.13,0,0,1713,True,0.01,1.39698386192e-09,0.00999999999954,0.0100000000007,100,3,"[0, 1, 2]"
3479,5,supplementary_operation,1,[5],True,1213,5285650,5286862,1,True,1451.734,1463.874,1451.734,1463.874,12.14,0,0,1212,True,0.0100165016502,0.00040588692661,0.00999999999954,0.02,99.8352553542,3,"[0, 1, 2]"
3480,0,normal_tightening,1,[0],True,1501,5286863,5288363,1,True,1463.884,1478.884,1463.884,1478.884,15,0,0,1500,True,0.01,1.3222238854e-09,0.00999999999954,0.0100000000007,100,3,"[0, 1, 2]"
3481,5,supplementary_operation,1,[5],True,883,5288364,5289246,1,True,1478.894,1487.714,1478.894,1487.714,8.82,0,0,882,True,0.01,6.26915694114e-10,0.00999999999954,0.0100000000007,100,3,"[0, 1, 2]"
3482,3,missing_screw,1,[3],True,1563,5289247,5290809,1,True,1487.724,1503.364,1487.724,1503.364,15.64,0,0,1562,True,0.0100128040973,0.000357598976795,0.00999999999954,0.02,99.8721227621,3,"[0, 1, 2]"
3483,5,supplementary_operation,1,[5],True,1594,5290810,5292403,1,True,1503.374,1519.304,1503.374,1519.304,15.93,0,0,1593,True,0.01,1.35762428279e-09,0.00999999999954,0.0100000000007,100,3,"[0, 1, 2]"
3484,0,normal_tightening,1,[0],True,1751,5292404,5294154,1,True,1519.314,1536.814,1519.314,1536.814,17.5,0,0,1750,True,0.01,1.41625351512e-09,0.00999999999954,0.0100000000007,100,3,"[0, 1, 2]"
3485,5,supplementary_operation,1,[5],True,1530,5294155,5295684,1,True,1536.824,1552.114,1536.824,1552.114,15.29,0,0,1529,True,0.01,1.34256698595e-09,0.00999999999954,0.0100000000007,100,3,"[0, 1, 2]"
3486,0,normal_tightening,1,[0],True,1744,5295685,5297428,1,True,1552.124,1569.554,1552.124,1569.554,17.43,0,0,1743,True,0.01,1.40665168567e-09,0.00999999999954,0.0100000000007,100,3,"[0, 1, 2]"
3487,5,supplementary_operation,1,[5],True,1487,5297429,5298915,1,True,1569.564,1584.424,1569.564,1584.424,14.86,0,0,1486,True,0.01,1.32733889052e-09,0.00999999999954,0.0100000000007,100,3,"[0, 1, 2]"
3488,0,normal_tightening,1,[0],True,1732,5298916,5300647,1,True,1584.434,1601.744,1584.434,1601.744,17.31,0,0,1731,True,0.01,1.4018261082e-09,0.00999999999954,0.0100000000007,100,2,"[1, 2]"
3489,5,supplementary_operation,1,[5],True,808,5300648,5301455,1,True,1601.754,1609.824,1601.754,1609.824,8.07,0,0,807,True,0.01,1.16415321827e-10,0.00999999999954,0.0100000000007,100,3,"[0, 1, 2]"
3490,3,missing_screw,1,[3],True,1312,5301456,5302767,1,True,1609.834,1622.944,1609.834,1622.944,13.11,0,0,1311,True,0.01,1.2265115223e-09,0.00999999999954,0.0100000000007,100,3,"[0, 1, 2]"
3491,5,supplementary_operation,1,[5],True,1527,5302768,5304294,1,True,1622.954,1638.214,1622.954,1638.214,15.26,0,0,1526,True,0.01,1.3375102185e-09,0.00999999999954,0.0100000000007,100,3,"[0, 1, 2]"
3492,0,normal_tightening,1,[0],True,1368,5304295,5305662,1,True,1638.224,1651.894,1638.224,1651.894,13.67,0,0,1367,True,0.01,1.25383138823e-09,0.00999999999954,0.0100000000007,100,3,"[0, 1, 2]"
3493,5,supplementary_operation,1,[5],True,1567,5305663,5307229,1,True,1651.904,1667.564,1651.904,1667.564,15.66,0,0,1566,True,0.01,1.35762428279e-09,0.00999999999954,0.0100000000007,100,3,"[0, 1, 2]"
3494,0,normal_tightening,1,[0],True,1273,5307230,5308502,1,True,1667.574,1680.294,1667.574,1680.294,12.72,0,0,1272,True,0.01,1.22097419595e-09,0.00999999999954,0.0100000000007,100,2,"[1, 2]"
3495,5,supplementary_operation,1,[5],True,1486,5308503,5309988,1,True,1680.304,1695.154,1680.304,1695.154,14.85,0,0,1485,True,0.01,1.31193404896e-09,0.00999999999954,0.0100000000007,100,3,"[0, 1, 2]"
3496,0,normal_tightening,1,[0],True,1284,5309989,5311272,1,True,1695.164,1707.994,1695.164,1707.994,12.83,0,0,1283,True,0.01,1.22097419595e-09,0.00999999999954,0.0100000000007,100,2,"[1, 2]"
3497,5,supplementary_operation,1,[5],True,767,5311273,5312039,1,True,1708.004,1715.664,1708.004,1715.664,7.66,0,0,766,True,0.01,0,0.00999999999954,0.0100000000007,100,3,"[0, 1, 2]"
3498,3,missing_screw,1,[3],True,932,5312040,5312971,1,True,1715.674,1724.984,1715.674,1724.984,9.31,0,0,931,True,0.01,7.54457514082e-10,0.00999999999954,0.0100000000007,100,3,"[0, 1, 2]"
3499,5,supplementary_operation,1,[5],True,1436,5312972,5314407,1,True,1724.994,1739.344,1724.994,1739.344,14.35,0,0,1435,True,0.01,1.29110837663e-09,0.00999999999954,0.0100000000007,100,3,"[0, 1, 2]"
3500,0,normal_tightening,1,[0],True,1230,5314408,5315637,1,True,1739.354,1751.644,1739.354,1751.644,12.29,0,0,1229,True,0.01,1.17573711769e-09,0.00999999999954,0.0100000000007,100,3,"[0, 1, 2]"
3501,5,supplementary_operation,1,[5],True,1406,5315638,5317043,1,True,1751.654,1765.704,1751.654,1765.704,14.05,0,0,1405,True,0.01,1.28584925751e-09,0.00999999999954,0.0100000000007,100,2,"[1, 2]"
3502,0,normal_tightening,1,[0],True,1350,5317044,5318393,1,True,1765.714,1779.204,1765.714,1779.204,13.49,0,0,1349,True,0.01,1.2484152446e-09,0.00999999999954,0.0100000000007,100,3,"[0, 1, 2]"
3503,5,supplementary_operation,1,[5],True,1426,5318394,5319819,1,True,1779.214,1793.464,1779.214,1793.464,14.25,0,0,1425,True,0.01,1.29634616031e-09,0.00999999999954,0.0100000000007,100,3,"[0, 1, 2]"
3504,0,normal_tightening,1,[0],True,1382,5319820,5321201,1,True,1793.474,1807.284,1793.474,1807.284,13.81,0,0,1381,True,0.01,1.30156286614e-09,0.00999999999954,0.0100000000004,100,2,"[1, 2]"
3505,5,supplementary_operation,1,[5],True,688,5321202,5321889,1,True,1807.294,1814.164,1807.294,1814.164,6.87,0,0,687,True,0.01,0,0.00999999999999,0.0100000000002,100,3,"[0, 1, 2]"
3506,3,missing_screw,1,[3],True,1515,5321890,5323404,1,True,1814.174,1829.314,1814.174,1829.314,15.14,0,0,1514,True,0.01,1.4018261082e-09,0.00999999999999,0.0100000000002,100,3,"[0, 1, 2]"
3507,5,supplementary_operation,1,[5],True,1405,5323405,5324809,1,True,1829.324,1843.364,1829.324,1843.364,14.04,0,0,1404,True,0.01,1.33243426008e-09,0.00999999999999,0.0100000000002,100,2,"[1, 2]"
3508,0,normal_tightening,1,[0],True,1780,5324810,5326589,1,True,1843.374,1861.164,1843.374,1861.164,17.79,0,0,1779,True,0.01,1.53562356232e-09,0.00999999999999,0.0100000000002,100,3,"[0, 1, 2]"
3509,5,supplementary_operation,1,[5],True,1342,5326590,5327931,1,True,1861.174,1874.584,1861.174,1874.584,13.41,0,0,1341,True,0.01,1.2805685401e-09,0.00999999999999,0.0100000000002,100,2,"[1, 2]"
3510,0,normal_tightening,1,[0],True,1729,5327932,5329660,1,True,1874.594,1891.874,1874.594,1891.874,17.28,0,0,1728,True,0.01,1.51339918375e-09,0.00999999999999,0.0100000000002,100,3,"[0, 1, 2]"
3511,5,supplementary_operation,1,[5],True,1716,5329661,5331376,1,True,1891.884,1909.034,1891.884,1909.034,17.15,0,0,1715,True,0.01,1.5044175069e-09,0.00999999999999,0.0100000000002,100,3,"[0, 1, 2]"
3512,0,normal_tightening,1,[0],True,1721,5331377,5333097,1,True,1909.044,1926.244,1909.044,1926.244,17.2,0,0,1720,True,0.01,1.50891502816e-09,0.00999999999999,0.0100000000002,100,3,"[0, 1, 2]"
3513,5,supplementary_operation,1,[5],True,960,5333098,5334057,1,True,1926.254,1935.854,1926.254,1935.854,9.6,0,0,959,True,0.0100104275287,0.000322748436717,0.00999999999999,0.02,99.8958333333,3,"[0, 1, 2]"
3514,3,missing_screw,1,[3],True,1430,5334058,5335487,1,True,1935.864,1950.154,1935.864,1950.154,14.29,0,0,1429,True,0.01,1.34760477845e-09,0.00999999999999,0.0100000000002,100,3,"[0, 1, 2]"
3515,5,supplementary_operation,1,[5],True,1657,5335488,5337144,1,True,1950.164,1966.724,1950.164,1966.724,16.56,0,0,1656,True,0.01,1.4771448379e-09,0.00999999999999,0.0100000000002,100,3,"[0, 1, 2]"
3516,0,normal_tightening,1,[0],True,1828,5337145,5338972,1,True,1966.734,1985.004,1966.734,1985.004,18.27,0,0,1827,True,0.01,1.54880512222e-09,0.00999999999999,0.0100000000002,100,3,"[0, 1, 2]"
3517,5,supplementary_operation,1,[5],True,1630,5338973,5340602,1,True,1985.014,2001.304,1985.014,2001.304,16.29,0,0,1629,True,0.01,1.46331790485e-09,0.00999999999999,0.0100000000002,100,3,"[0, 1, 2]"
3518,0,normal_tightening,1,[0],True,1743,5340603,5342345,1,True,2001.314,2018.734,2001.314,2018.734,17.42,0,0,1742,True,0.01,1.51787009211e-09,0.00999999999999,0.0100000000002,100,3,"[0, 1, 2]"
3519,5,supplementary_operation,1,[5],True,1714,5342346,5344059,1,True,2018.744,2035.874,2018.744,2035.874,17.13,0,0,1713,True,0.01,1.49990649972e-09,0.00999999999999,0.0100000000002,100,3,"[0, 1, 2]"
3520,0,normal_tightening,1,[0],True,1823,5344060,5345882,1,True,2035.884,2054.104,2035.884,2054.104,18.22,0,0,1822,True,0.01,1.49990649972e-09,0.00999999999976,0.0100000000002,100,3,"[0, 1, 2]"
3521,5,supplementary_operation,1,[5],True,954,5345883,5346836,1,True,2054.114,2063.644,2054.114,2063.644,9.53,0,0,953,True,0.01,0,0.00999999999976,0.0100000000002,100,3,"[0, 1, 2]"
3522,3,missing_screw,1,[3],True,1377,5346837,5348213,1,True,2063.654,2077.414,2063.654,2077.414,13.76,0,0,1376,True,0.01,0,0.00999999999976,0.0100000000002,100,3,"[0, 1, 2]"
3523,5,supplementary_operation,1,[5],True,1678,5348214,5349891,1,True,2077.424,2094.194,2077.424,2094.194,16.77,0,0,1677,True,0.01,4.79992668333e-10,0.00999999999976,0.0100000000002,100,3,"[0, 1, 2]"
3524,0,normal_tightening,1,[0],True,1730,5349892,5351621,1,True,2094.204,2111.494,2094.204,2111.494,17.29,0,0,1729,True,0.01,6.26915694114e-10,0.00999999999976,0.0100000000002,100,2,"[1, 2]"
3525,5,supplementary_operation,1,[5],True,1678,5351622,5353299,1,True,2111.504,2128.274,2111.504,2128.274,16.77,0,0,1677,True,0.01,4.79992668333e-10,0.00999999999976,0.0100000000002,100,3,"[0, 1, 2]"
3526,0,normal_tightening,1,[0],True,1719,5353300,5355018,1,True,2128.284,2145.464,2128.284,2145.464,17.18,0,0,1718,True,0.01,5.82076609135e-10,0.00999999999976,0.0100000000002,100,3,"[0, 1, 2]"
3527,5,supplementary_operation,1,[5],True,1605,5355019,5356623,1,True,2145.474,2161.514,2145.474,2161.514,16.04,0,0,1604,True,0.01,2.01637252184e-10,0.00999999999976,0.0100000000002,100,2,"[1, 2]"
3528,0,normal_tightening,1,[0],True,1758,5356624,5358381,1,True,2161.524,2179.094,2161.524,2179.094,17.57,0,0,1757,True,0.01,6.58544507983e-10,0.00999999999976,0.0100000000002,100,3,"[0, 1, 2]"
3529,5,supplementary_operation,1,[5],True,877,5358382,5359258,1,True,2179.104,2187.864,2179.104,2187.864,8.76,0,0,876,True,0.01,0,0.00999999999976,0.0100000000002,100,3,"[0, 1, 2]"
3530,3,missing_screw,1,[3],True,1476,5359259,5360734,1,True,2187.874,2202.624,2187.874,2202.624,14.75,0,0,1475,True,0.01,0,0.00999999999976,0.0100000000002,100,3,"[0, 1, 2]"
3531,5,supplementary_operation,1,[5],True,1581,5360735,5362315,1,True,2202.634,2218.434,2202.634,2218.434,15.8,0,0,1580,True,0.01,0,0.00999999999976,0.0100000000002,100,2,"[1, 2]"
3532,0,normal_tightening,1,[0],True,1758,5362316,5364073,1,True,2218.444,2236.014,2218.444,2236.014,17.57,0,0,1757,True,0.01,6.58544507983e-10,0.00999999999976,0.0100000000002,100,3,"[0, 1, 2]"
3533,5,supplementary_operation,1,[5],True,1594,5364074,5365667,1,True,2236.024,2251.954,2236.024,2251.954,15.93,0,0,1593,True,0.01,0,0.00999999999976,0.0100000000002,100,3,"[0, 1, 2]"
3534,0,normal_tightening,1,[0],True,1755,5365668,5367422,1,True,2251.964,2269.514,2251.964,2269.514,17.55,0,0,1754,True,0.0100057012543,0.000238704919219,0.00999999999976,0.02,99.943019943,3,"[0, 1, 2]"
3535,5,supplementary_operation,1,[5],True,1449,5367423,5368871,1,True,2269.524,2284.004,2269.524,2284.004,14.48,0,0,1448,True,0.01,0,0.00999999999976,0.0100000000002,100,3,"[0, 1, 2]"
3536,0,normal_tightening,1,[0],True,1757,5368872,5370628,1,True,2284.014,2301.584,2284.014,2301.584,17.57,0,0,1756,True,0.0100056947608,0.000238569021249,0.00999999999976,0.02,99.9430848036,3,"[0, 1, 2]"
3537,5,supplementary_operation,1,[5],True,778,5370629,5371406,1,True,2301.594,2309.374,2301.594,2309.374,7.78,0,0,777,True,0.0100128700129,0.000358517072771,0.00999999999976,0.02,99.8714652956,3,"[0, 1, 2]"
3538,3,missing_screw,1,[3],True,1415,5371407,5372821,1,True,2309.384,2323.534,2309.384,2323.534,14.15,0,0,1414,True,0.0100070721358,0.000265840822194,0.00999999999976,0.02,99.9293286219,3,"[0, 1, 2]"
3539,5,supplementary_operation,1,[5],True,1505,5372822,5374326,1,True,2323.544,2338.594,2323.544,2338.594,15.05,0,0,1504,True,0.0100066489362,0.000257769574134,0.00999999999976,0.02,99.9335548173,3,"[0, 1, 2]"
3540,0,normal_tightening,1,[0],True,1827,5374327,5376153,1,True,2338.604,2356.884,2338.604,2356.884,18.28,0,0,1826,True,0.0100109529025,0.000330770402422,0.00999999999976,0.02,99.8905908096,3,"[0, 1, 2]"
3541,5,supplementary_operation,1,[5],True,1496,5376154,5377649,1,True,2356.894,2371.854,2356.894,2371.854,14.96,0,0,1495,True,0.0100066889632,0.000258543787157,0.00999999999976,0.02,99.9331550802,3,"[0, 1, 2]"
3542,0,normal_tightening,1,[0],True,1304,5377650,5378953,1,True,2371.864,2384.904,2371.864,2384.904,13.04,0,0,1303,True,0.0100076745971,0.000276924306255,0.00999999999976,0.02,99.9233128834,3,"[0, 1, 2]"
3543,5,supplementary_operation,1,[5],True,1479,5378954,5380432,1,True,2384.914,2399.694,2384.914,2399.694,14.78,0,0,1478,True,0.01,0,0.00999999999976,0.0100000000002,100,3,"[0, 1, 2]"
3544,0,normal_tightening,1,[0],True,1218,5380433,5381650,1,True,2399.704,2411.874,2399.704,2411.874,12.17,0,0,1217,True,0.01,0,0.00999999999976,0.0100000000002,100,2,"[1, 2]"
3545,5,supplementary_operation,1,[5],True,756,5381651,5382406,1,True,2411.884,2419.434,2411.884,2419.434,7.55,0,0,755,True,0.01,0,0.00999999999976,0.0100000000002,100,3,"[0, 1, 2]"
3546,3,missing_screw,1,[3],True,1106,5382407,5383512,1,True,2419.444,2430.494,2419.444,2430.494,11.05,0,0,1105,True,0.01,0,0.00999999999976,0.0100000000002,100,3,"[0, 1, 2]"
3547,5,supplementary_operation,1,[5],True,1415,5383513,5384927,1,True,2430.504,2444.664,2430.504,2444.664,14.16,0,0,1414,True,0.0100141442716,0.000375822638063,0.00999999999976,0.02,99.8587570621,3,"[0, 1, 2]"
3548,0,normal_tightening,1,[0],True,1494,5384928,5386421,1,True,2444.674,2459.614,2444.674,2459.614,14.94,0,0,1493,True,0.0100066979236,0.000258716783868,0.00999999999976,0.02,99.9330655957,3,"[0, 1, 2]"
3549,5,supplementary_operation,1,[5],True,1426,5386422,5387847,1,True,2459.624,2473.874,2459.624,2473.874,14.25,0,0,1425,True,0.01,0,0.00999999999976,0.0100000000002,100,3,"[0, 1, 2]"
3550,0,normal_tightening,1,[0],True,1378,5387848,5389225,1,True,2473.884,2487.654,2473.884,2487.654,13.77,0,0,1377,True,0.01,0,0.00999999999976,0.0100000000002,100,3,"[0, 1, 2]"
3551,5,supplementary_operation,1,[5],True,1397,5389226,5390622,1,True,2487.664,2501.634,2487.664,2501.634,13.97,0,0,1396,True,0.0100071633238,0.000267547985629,0.00999999999976,0.02,99.9284180387,3,"[0, 1, 2]"
3552,1,damaged_screw,1,[1],True,1649,5390623,5392271,1,True,2501.644,2518.144,2501.644,2518.144,16.5,0,0,1648,True,0.0100121359223,0.000348155055528,0.00999999999976,0.02,99.8787878788,3,"[0, 1, 2]"
3553,5,supplementary_operation,1,[5],True,674,5392272,5392945,1,True,2518.154,2524.894,2518.154,2524.894,6.74,0,0,673,True,0.010014858841,0.000385185182668,0.00999999999976,0.02,99.8516320475,3,"[0, 1, 2]"
3554,1,damaged_screw,1,[1],True,1433,5392946,5394378,1,True,2524.904,2539.244,2524.904,2539.244,14.34,0,0,1432,True,0.0100139664804,0.000373456479248,0.00999999999976,0.02,99.8605299861,3,"[0, 1, 2]"
3555,5,supplementary_operation,1,[5],True,1369,5394379,5395747,1,True,2539.254,2552.934,2539.254,2552.934,13.68,0,0,1368,True,0.01,0,0.00999999999976,0.0100000000002,100,3,"[0, 1, 2]"
3556,0,normal_tightening,1,[0],True,1718,5395748,5397465,1,True,2552.944,2570.124,2552.944,2570.124,17.18,0,0,1717,True,0.0100058241118,0.000241261679409,0.00999999999976,0.02,99.9417927823,3,"[0, 1, 2]"
3557,5,supplementary_operation,1,[5],True,1708,5397466,5399173,1,True,2570.134,2587.224,2570.134,2587.224,17.09,0,0,1707,True,0.0100117164616,0.000342092590994,0.00999999999976,0.02,99.8829724985,2,"[1, 2]"
3558,1,damaged_screw,1,[1],True,1678,5399174,5400851,1,True,2587.234,2604.004,2587.234,2604.004,16.77,0,0,1677,True,0.01,4.79992668333e-10,0.00999999999976,0.0100000000002,100,3,"[0, 1, 2]"
3559,5,supplementary_operation,1,[5],True,1684,5400852,5402535,1,True,2604.014,2620.844,2604.014,2620.844,16.83,0,0,1683,True,0.01,5.07442623323e-10,0.00999999999976,0.0100000000002,100,3,"[0, 1, 2]"
3560,0,normal_tightening,1,[0],True,1869,5402536,5404404,1,True,2620.854,2639.544,2620.854,2639.544,18.69,0,0,1868,True,0.0100053533191,0.000231310467882,0.00999999999931,0.02,99.9464954521,3,"[0, 1, 2]"
3561,5,supplementary_operation,1,[5],True,963,5404405,5405367,1,True,2639.554,2649.174,2639.554,2649.174,9.62,0,0,962,True,0.01,6.04911756551e-10,0.00999999999931,0.0100000000007,100,3,"[0, 1, 2]"
3562,3,missing_screw,1,[3],True,1384,5405368,5406751,1,True,2649.184,2663.024,2649.184,2663.024,13.84,0,0,1383,True,0.010007230658,0.000268801595017,0.00999999999931,0.02,99.9277456647,3,"[0, 1, 2]"
3563,5,supplementary_operation,1,[5],True,1681,5406752,5408432,1,True,2663.034,2679.834,2663.034,2679.834,16.8,0,0,1680,True,0.01,0,0.00999999999931,0.0100000000007,100,3,"[0, 1, 2]"
3564,0,normal_tightening,1,[0],True,1829,5408433,5410261,1,True,2679.844,2698.134,2679.844,2698.134,18.29,0,0,1828,True,0.0100054704595,0.000233826151782,0.00999999999931,0.02,99.9453253144,3,"[0, 1, 2]"
3565,5,supplementary_operation,1,[5],True,1661,5410262,5411922,1,True,2698.144,2714.744,2698.144,2714.744,16.6,0,0,1660,True,0.01,0,0.00999999999931,0.0100000000007,100,3,"[0, 1, 2]"
3566,0,normal_tightening,1,[0],True,1695,5411923,5413617,1,True,2714.754,2731.694,2714.754,2731.694,16.94,0,0,1694,True,0.01,0,0.00999999999931,0.0100000000007,100,2,"[1, 2]"
3567,5,supplementary_operation,1,[5],True,1633,5413618,5415250,1,True,2731.704,2748.024,2731.704,2748.024,16.32,0,0,1632,True,0.01,0,0.00999999999931,0.0100000000007,100,3,"[0, 1, 2]"
3568,0,normal_tightening,1,[0],True,1721,5415251,5416971,1,True,2748.034,2765.244,2748.034,2765.244,17.21,0,0,1720,True,0.0100058139535,0.000241051307437,0.00999999999931,0.0199999999991,99.9418942475,3,"[0, 1, 2]"
3569,5,supplementary_operation,1,[5],True,929,5416972,5417900,1,True,2765.254,2774.534,2765.254,2774.534,9.28,0,0,928,True,0.01,5.70316273436e-10,0.00999999999931,0.0100000000007,100,3,"[0, 1, 2]"
3570,3,missing_screw,1,[3],True,1525,5417901,5419425,1,True,2774.544,2789.794,2774.544,2789.794,15.25,0,0,1524,True,0.0100065616798,0.000256073704738,0.00999999999931,0.02,99.9344262295,2,"[1, 2]"
3571,5,supplementary_operation,1,[5],True,1247,5419426,5420672,1,True,2789.804,2802.264,2789.804,2802.264,12.46,0,0,1246,True,0.01,8.94203054238e-10,0.00999999999931,0.0100000000007,100,3,"[0, 1, 2]"
3572,3,missing_screw,1,[3],True,1487,5420673,5422159,1,True,2802.274,2817.134,2802.274,2817.134,14.86,0,0,1486,True,0.01,0,0.00999999999931,0.0100000000007,100,3,"[0, 1, 2]"
3573,5,supplementary_operation,1,[5],True,1644,5422160,5423803,1,True,2817.144,2833.574,2817.144,2833.574,16.43,0,0,1643,True,0.01,0,0.00999999999931,0.0100000000007,100,3,"[0, 1, 2]"
3574,0,normal_tightening,1,[0],True,1731,5423804,5425534,1,True,2833.584,2850.884,2833.584,2850.884,17.3,0,0,1730,True,0.01,0,0.00999999999931,0.0100000000007,100,3,"[0, 1, 2]"
3575,5,supplementary_operation,1,[5],True,2200,5425535,5427734,1,True,2850.894,3134.273,2850.894,3134.273,283.379,0,0,2199,True,0.128867212369,5.5726183349,0.00999999999931,261.389,7.75992575314,3,"[0, 1, 2]"
3576,0,normal_tightening,1,[0],True,1745,5427735,5429479,1,True,3134.283,3151.723,3134.283,3151.723,17.44,0,0,1744,True,0.01,6.37632978038e-10,0.00999999999976,0.0100000000002,100,3,"[0, 1, 2]"
3577,5,supplementary_operation,1,[5],True,756,5429480,5430235,1,True,3151.733,3159.283,3151.733,3159.283,7.55,0,0,755,True,0.01,0,0.00999999999976,0.0100000000002,100,3,"[0, 1, 2]"
3578,3,missing_screw,1,[3],True,1475,5430236,5431710,1,True,3159.293,3174.033,3159.293,3174.033,14.74,0,0,1474,True,0.01,0,0.00999999999976,0.0100000000002,100,3,"[0, 1, 2]"
3579,5,supplementary_operation,1,[5],True,1512,5431711,5433222,1,True,3174.043,3189.153,3174.043,3189.153,15.11,0,0,1511,True,0.01,0,0.00999999999976,0.0100000000002,100,3,"[0, 1, 2]"
3580,0,normal_tightening,1,[0],True,1764,5433223,5434986,1,True,3189.163,3206.803,3189.163,3206.803,17.64,0,0,1763,True,0.0100056721497,0.000238095199794,0.00999999999976,0.02,99.9433106576,3,"[0, 1, 2]"
3581,5,supplementary_operation,1,[5],True,1435,5434987,5436421,1,True,3206.813,3221.153,3206.813,3221.153,14.34,0,0,1434,True,0.01,0,0.00999999999976,0.0100000000002,100,2,"[1, 2]"
3582,0,normal_tightening,1,[0],True,1729,5436422,5438150,1,True,3221.163,3238.443,3221.163,3238.443,17.28,0,0,1728,True,0.01,6.04911756551e-10,0.00999999999976,0.0100000000002,100,3,"[0, 1, 2]"
3583,5,supplementary_operation,1,[5],True,1420,5438151,5439570,1,True,3238.453,3252.643,3238.453,3252.643,14.19,0,0,1419,True,0.01,0,0.00999999999976,0.0100000000002,100,3,"[0, 1, 2]"
3584,0,normal_tightening,1,[0],True,1703,5439571,5441273,1,True,3252.653,3269.673,3252.653,3269.673,17.02,0,0,1702,True,0.01,5.33482024325e-10,0.00999999999976,0.0100000000002,100,3,"[0, 1, 2]"
3585,5,supplementary_operation,1,[5],True,715,5441274,5441988,1,True,3269.683,3276.823,3269.683,3276.823,7.14,0,0,714,True,0.01,0,0.00999999999976,0.0100000000002,100,3,"[0, 1, 2]"
3586,3,missing_screw,1,[3],True,1402,5441989,5443390,1,True,3276.833,3290.843,3276.833,3290.843,14.01,0,0,1401,True,0.01,0,0.00999999999976,0.0100000000002,100,3,"[0, 1, 2]"
3587,5,supplementary_operation,1,[5],True,1353,5443391,5444743,1,True,3290.853,3304.373,3290.853,3304.373,13.52,0,0,1352,True,0.01,0,0.00999999999976,0.0100000000002,100,3,"[0, 1, 2]"
3588,0,normal_tightening,1,[0],True,1703,5444744,5446446,1,True,3304.383,3321.403,3304.383,3321.403,17.02,0,0,1702,True,0.01,5.33482024325e-10,0.00999999999976,0.0100000000002,100,3,"[0, 1, 2]"
3589,5,supplementary_operation,1,[5],True,1394,5446447,5447840,1,True,3321.413,3335.343,3321.413,3335.343,13.93,0,0,1393,True,0.01,0,0.00999999999976,0.0100000000002,100,3,"[0, 1, 2]"
3590,1,damaged_screw,1,[1],True,1746,5447841,5449586,1,True,3335.353,3352.803,3335.353,3352.803,17.45,0,0,1745,True,0.01,6.37632978038e-10,0.00999999999976,0.0100000000002,100,3,"[0, 1, 2]"
3591,5,supplementary_operation,1,[5],True,1672,5449587,5451258,1,True,3352.813,3369.523,3352.813,3369.523,16.71,0,0,1671,True,0.01,4.65661287308e-10,0.00999999999976,0.0100000000002,100,3,"[0, 1, 2]"
3592,0,normal_tightening,1,[0],True,1798,5451259,5453056,1,True,3369.533,3387.503,3369.533,3387.503,17.97,0,0,1797,True,0.01,7.1763224003e-10,0.00999999999976,0.0100000000002,100,3,"[0, 1, 2]"
3593,5,supplementary_operation,1,[5],True,959,5453057,5454015,1,True,3387.513,3397.093,3387.513,3397.093,9.58,0,0,958,True,0.01,0,0.00999999999976,0.0100000000002,100,3,"[0, 1, 2]"
3594,3,missing_screw,1,[3],True,1413,5454016,5455428,1,True,3397.103,3411.223,3397.103,3411.223,14.12,0,0,1412,True,0.01,0,0.00999999999976,0.0100000000002,100,3,"[0, 1, 2]"
3595,5,supplementary_operation,1,[5],True,1674,5455429,5457102,1,True,3411.233,3427.963,3411.233,3427.963,16.73,0,0,1673,True,0.01,4.93908380987e-10,0.00999999999976,0.0100000000002,100,3,"[0, 1, 2]"
3596,0,normal_tightening,1,[0],True,1719,5457103,5458821,1,True,3427.973,3445.153,3427.973,3445.153,17.18,0,0,1718,True,0.01,5.82076609135e-10,0.00999999999976,0.0100000000002,100,3,"[0, 1, 2]"
3597,5,supplementary_operation,1,[5],True,1687,5458822,5460508,1,True,3445.163,3462.023,3445.163,3462.023,16.86,0,0,1686,True,0.01,5.07442623323e-10,0.00999999999976,0.0100000000002,100,3,"[0, 1, 2]"
3598,1,damaged_screw,1,[1],True,1822,5460509,5462330,1,True,3462.033,3480.243,3462.033,3480.243,18.21,0,0,1821,True,0.01,7.72211884697e-10,0.00999999999976,0.0100000000002,100,3,"[0, 1, 2]"
3599,5,supplementary_operation,1,[5],True,1648,5462331,5463978,1,True,3480.253,3496.723,3480.253,3496.723,16.47,0,0,1647,True,0.01,4.03274504367e-10,0.00999999999976,0.0100000000002,100,3,"[0, 1, 2]"
3600,0,normal_tightening,1,[0],True,1736,5463979,5465714,1,True,3496.733,3514.083,3496.733,3514.083,17.35,0,0,1735,True,0.01,6.16011980703e-10,0.00999999999976,0.0100000000002,100,3,"[0, 1, 2]"
3601,5,supplementary_operation,1,[5],True,901,5465715,5466615,1,True,3514.093,3523.093,3514.093,3523.093,9,0,0,900,True,0.01,0,0.00999999999976,0.0100000000002,100,3,"[0, 1, 2]"
3602,3,missing_screw,1,[3],True,1464,5466616,5468079,1,True,3523.103,3537.733,3523.103,3537.733,14.63,0,0,1463,True,0.01,0,0.00999999999976,0.0100000000002,100,3,"[0, 1, 2]"
3603,5,supplementary_operation,1,[5],True,1448,5468080,5469527,1,True,3537.743,3552.213,3537.743,3552.213,14.47,0,0,1447,True,0.01,0,0.00999999999976,0.0100000000002,100,3,"[0, 1, 2]"
3604,1,damaged_screw,1,[1],True,1726,5469528,5471253,1,True,3552.223,3569.473,3552.223,3569.473,17.25,0,0,1725,True,0.01,5.93603997677e-10,0.00999999999976,0.0100000000002,100,2,"[1, 2]"
3605,5,supplementary_operation,1,[5],True,1482,5471254,5472735,1,True,3569.483,3584.293,3569.483,3584.293,14.81,0,0,1481,True,0.01,0,0.00999999999976,0.0100000000002,100,2,"[1, 2]"
3606,1,damaged_screw,1,[1],True,1717,5472736,5474452,1,True,3584.303,3601.463,3584.303,3601.463,17.16,0,0,1716,True,0.01,5.82076609135e-10,0.00999999999976,0.0100000000002,100,3,"[0, 1, 2]"
3607,5,supplementary_operation,1,[5],True,1413,5474453,5475865,1,True,3601.473,3615.593,3601.473,3615.593,14.12,0,0,1412,True,0.01,0,0.00999999999976,0.0100000000002,100,3,"[0, 1, 2]"
3608,1,damaged_screw,1,[1],True,1736,5475866,5477601,1,True,3615.603,3632.953,3615.603,3632.953,17.35,0,0,1735,True,0.01,6.16011980703e-10,0.00999999999976,0.0100000000002,100,3,"[0, 1, 2]"
3609,5,supplementary_operation,1,[5],True,962,5477602,5478563,1,True,3632.963,3642.573,3632.963,3642.573,9.61,0,0,961,True,0.01,0,0.00999999999976,0.0100000000002,100,3,"[0, 1, 2]"
3610,3,missing_screw,1,[3],True,1461,5478564,5480024,1,True,3642.583,3657.183,3642.583,3657.183,14.6,0,0,1460,True,0.01,0,0.00999999999976,0.0100000000002,100,2,"[1, 2]"
3611,5,supplementary_operation,1,[5],True,1652,5480025,5481676,1,True,16945.92,16962.49,16945.92,16962.49,16.57,0,0,1651,True,0.0100363416111,0.000601743632032,0.0099999999984,0.0200000000004,99.637899819,3,"[0, 1, 2]"
3612,0,normal_tightening,1,[0],True,1372,5481677,5483048,1,True,16962.5,16976.21,16962.5,16976.21,13.71,0,0,1371,True,0.01,8.8659267708e-10,0.0099999999984,0.010000000002,100,3,"[0, 1, 2]"
3613,5,supplementary_operation,1,[5],True,1545,5483049,5484593,1,True,16976.22,16991.66,16976.22,16991.66,15.44,0,0,1544,True,0.01,4.50874602679e-10,0.0099999999984,0.010000000002,100,3,"[0, 1, 2]"
3614,0,normal_tightening,1,[0],True,1184,5484594,5485777,1,True,16991.67,17003.5,16991.67,17003.5,11.83,0,0,1183,True,0.01,1.12266870693e-09,0.0099999999984,0.010000000002,100,3,"[0, 1, 2]"
3615,5,supplementary_operation,1,[5],True,1521,5485778,5487298,1,True,17003.51,17018.72,17003.51,17018.72,15.21,0,0,1520,True,0.0100065789474,0.000256410200838,0.0099999999984,0.0199999999968,99.9342537804,3,"[0, 1, 2]"
3616,0,normal_tightening,1,[0],True,1299,5487299,5488597,1,True,17018.73,17031.71,17018.73,17031.71,12.98,0,0,1298,True,0.01,1.04125029291e-09,0.0099999999984,0.010000000002,100,3,"[0, 1, 2]"
3617,5,supplementary_operation,1,[5],True,1445,5488598,5490042,1,True,17031.72,17046.16,17031.72,17046.16,14.44,0,0,1444,True,0.01,7.36275143029e-10,0.0099999999984,0.010000000002,100,3,"[0, 1, 2]"
3618,0,normal_tightening,1,[0],True,1381,5490043,5491423,1,True,17046.17,17059.97,17046.17,17059.97,13.8,0,0,1380,True,0.01,8.71172497695e-10,0.0099999999984,0.010000000002,100,2,"[1, 2]"
3619,5,supplementary_operation,1,[5],True,1411,5491424,5492834,1,True,17059.98,17074.08,17059.98,17074.08,14.1,0,0,1410,True,0.01,8.06549008735e-10,0.0099999999984,0.010000000002,100,2,"[1, 2]"
3620,0,normal_tightening,1,[0],True,1684,5492835,5494518,1,True,17074.09,17090.92,17074.09,17090.92,16.83,0,0,1683,True,0.01,0,0.0099999999984,0.010000000002,100,3,"[0, 1, 2]"
3621,5,supplementary_operation,1,[5],True,1367,5494519,5495885,1,True,17090.93,17104.59,17090.93,17104.59,13.66,0,0,1366,True,0.01,9.09232729569e-10,0.0099999999984,0.010000000002,100,3,"[0, 1, 2]"
3622,0,normal_tightening,1,[0],True,1815,5495886,5497700,1,True,17104.6,17122.74,17104.6,17122.74,18.14,0,0,1814,True,0.01,0,0.0099999999984,0.010000000002,100,3,"[0, 1, 2]"
3623,5,supplementary_operation,1,[5],True,1691,5497701,5499391,1,True,17122.75,17139.65,17122.75,17139.65,16.9,0,0,1690,True,0.01,0,0.0099999999984,0.010000000002,100,3,"[0, 1, 2]"
3624,0,normal_tightening,1,[0],True,1687,5499392,5501078,1,True,17139.66,17156.52,17139.66,17156.52,16.86,0,0,1686,True,0.01,0,0.0099999999984,0.010000000002,100,3,"[0, 1, 2]"
3625,5,supplementary_operation,1,[5],True,1673,5501079,5502751,1,True,17156.53,17173.25,17156.53,17173.25,16.72,0,0,1672,True,0.01,0,0.0099999999984,0.010000000002,100,3,"[0, 1, 2]"
3626,0,normal_tightening,1,[0],True,1705,5502752,5504456,1,True,17173.26,17190.3,17173.26,17190.3,17.04,0,0,1704,True,0.01,0,0.0099999999984,0.010000000002,100,3,"[0, 1, 2]"
3627,5,supplementary_operation,1,[5],True,1606,5504457,5506062,1,True,17190.31,17206.36,17190.31,17206.36,16.05,0,0,1605,True,0.01,2.01637252184e-10,0.0099999999984,0.010000000002,100,3,"[0, 1, 2]"
3628,0,normal_tightening,1,[0],True,1718,5506063,5507780,1,True,17206.37,17223.54,17206.37,17223.54,17.17,0,0,1717,True,0.01,0,0.0099999999984,0.010000000002,100,3,"[0, 1, 2]"
3629,5,supplementary_operation,1,[5],True,1614,5507781,5509394,1,True,17223.55,17239.68,17223.55,17239.68,16.13,0,0,1613,True,0.01,1.16415321827e-10,0.0099999999984,0.010000000002,100,2,"[1, 2]"
3630,0,normal_tightening,1,[0],True,1746,5509395,5511140,1,True,17239.69,17257.14,17239.69,17257.14,17.45,0,0,1745,True,0.01,0,0.0099999999984,0.010000000002,100,3,"[0, 1, 2]"
3631,5,supplementary_operation,1,[5],True,1604,5511141,5512744,1,True,17257.15,17273.18,17257.15,17273.18,16.03,0,0,1603,True,0.01,1.64636126996e-10,0.0099999999984,0.010000000002,100,3,"[0, 1, 2]"
3632,0,normal_tightening,1,[0],True,1745,5512745,5514489,1,True,17273.19,17290.63,17273.19,17290.63,17.44,0,0,1744,True,0.01,0,0.0099999999984,0.010000000002,100,3,"[0, 1, 2]"
3633,5,supplementary_operation,1,[5],True,1579,5514490,5516068,1,True,17290.64,17306.42,17290.64,17306.42,15.78,0,0,1578,True,0.01,3.29272253991e-10,0.0099999999984,0.010000000002,100,3,"[0, 1, 2]"
3634,0,normal_tightening,1,[0],True,1755,5516069,5517823,1,True,17306.43,17323.97,17306.43,17323.97,17.54,0,0,1754,True,0.01,0,0.0099999999984,0.010000000002,100,3,"[0, 1, 2]"
3635,5,supplementary_operation,1,[5],True,1606,5517824,5519429,1,True,17323.98,17340.03,17323.98,17340.03,16.05,0,0,1605,True,0.01,1.64636126996e-10,0.0099999999984,0.010000000002,100,3,"[0, 1, 2]"
3636,0,normal_tightening,1,[0],True,1731,5519430,5521160,1,True,17340.04,17357.34,17340.04,17357.34,17.3,0,0,1730,True,0.01,0,0.0099999999984,0.010000000002,100,3,"[0, 1, 2]"
3637,5,supplementary_operation,1,[5],True,1605,5521161,5522765,1,True,17357.35,17373.39,17357.35,17373.39,16.04,0,0,1604,True,0.01,1.64636126996e-10,0.0099999999984,0.010000000002,100,2,"[1, 2]"
3638,0,normal_tightening,1,[0],True,1673,5522766,5524438,1,True,17373.4,17390.12,17373.4,17390.12,16.72,0,0,1672,True,0.01,0,0.0099999999984,0.010000000002,100,3,"[0, 1, 2]"
3639,5,supplementary_operation,1,[5],True,1473,5524439,5525911,1,True,17390.13,17404.85,17390.13,17404.85,14.72,0,0,1472,True,0.01,6.68755109252e-10,0.0099999999984,0.010000000002,100,3,"[0, 1, 2]"
3640,0,normal_tightening,1,[0],True,1730,5525912,5527641,1,True,17404.86,17422.15,17404.86,17422.15,17.29,0,0,1729,True,0.01,0,0.0099999999984,0.010000000002,100,3,"[0, 1, 2]"
3641,5,supplementary_operation,1,[5],True,1494,5527642,5529135,1,True,17422.16,17437.09,17422.16,17437.09,14.93,0,0,1493,True,0.01,6.16011980703e-10,0.0099999999984,0.010000000002,100,3,"[0, 1, 2]"
3642,0,normal_tightening,1,[0],True,1318,5529136,5530453,1,True,17437.1,17450.27,17437.1,17450.27,13.17,0,0,1317,True,0.01,9.94652945702e-10,0.0099999999984,0.010000000002,100,3,"[0, 1, 2]"
3643,5,supplementary_operation,1,[5],True,1559,5530454,5532012,1,True,17450.28,17465.86,17450.28,17465.86,15.58,0,0,1558,True,0.01,4.03274504367e-10,0.0099999999984,0.010000000002,100,2,"[1, 2]"
3644,0,normal_tightening,1,[0],True,1256,5532013,5533268,1,True,17465.87,17478.42,17465.87,17478.42,12.55,0,0,1255,True,0.01,1.12266870693e-09,0.0099999999984,0.010000000002,100,3,"[0, 1, 2]"
3645,5,supplementary_operation,1,[5],True,1484,5533269,5534752,1,True,17478.43,17493.26,17478.43,17493.26,14.83,0,0,1483,True,0.01,6.26915694114e-10,0.0099999999984,0.010000000002,100,3,"[0, 1, 2]"
3646,0,normal_tightening,1,[0],True,1227,5534753,5535979,1,True,17493.27,17505.53,17493.27,17505.53,12.26,0,0,1226,True,0.01,1.14063254687e-09,0.0099999999984,0.010000000002,100,3,"[0, 1, 2]"
3647,5,supplementary_operation,1,[5],True,1400,5535980,5537379,1,True,17505.54,17519.53,17505.54,17519.53,13.99,0,0,1399,True,0.01,8.39482824193e-10,0.0099999999984,0.010000000002,100,3,"[0, 1, 2]"
3648,0,normal_tightening,1,[0],True,1287,5537380,5538666,1,True,17519.54,17532.4,17519.54,17532.4,12.86,0,0,1286,True,0.01,1.06696404865e-09,0.0099999999984,0.010000000002,100,3,"[0, 1, 2]"
3649,5,supplementary_operation,1,[5],True,1411,5538667,5540077,1,True,17532.41,17546.51,17532.41,17546.51,14.1,0,0,1410,True,0.01,8.06549008735e-10,0.0099999999984,0.010000000002,100,2,"[1, 2]"
3650,0,normal_tightening,1,[0],True,1708,5540078,5541785,1,True,17546.52,17563.59,17546.52,17563.59,17.07,0,0,1707,True,0.01,0,0.0099999999984,0.010000000002,100,3,"[0, 1, 2]"
3651,5,supplementary_operation,1,[5],True,1341,5541786,5543126,1,True,17563.6,17577,17563.6,17577,13.4,0,0,1340,True,0.01,9.4576254541e-10,0.0099999999984,0.010000000002,100,3,"[0, 1, 2]"
3652,0,normal_tightening,1,[0],True,1729,5543127,5544855,1,True,17577.01,17594.29,17577.01,17594.29,17.28,0,0,1728,True,0.01,0,0.0099999999984,0.010000000002,100,3,"[0, 1, 2]"
3653,5,supplementary_operation,1,[5],True,1703,5544856,5546558,1,True,17594.3,17611.32,17594.3,17611.32,17.02,0,0,1702,True,0.01,0,0.0099999999984,0.010000000002,100,3,"[0, 1, 2]"
3654,0,normal_tightening,1,[0],True,1811,5546559,5548369,1,True,17611.33,17629.43,17611.33,17629.43,18.1,0,0,1810,True,0.01,0,0.0099999999984,0.010000000002,100,3,"[0, 1, 2]"
3655,5,supplementary_operation,1,[5],True,1646,5548370,5550015,1,True,17629.44,17645.89,17629.44,17645.89,16.45,0,0,1645,True,0.01,0,0.0099999999984,0.010000000002,100,3,"[0, 1, 2]"
3656,0,normal_tightening,1,[0],True,1823,5550016,5551838,1,True,17645.9,17664.12,17645.9,17664.12,18.22,0,0,1822,True,0.01,0,0.0099999999984,0.010000000002,100,3,"[0, 1, 2]"
3657,5,supplementary_operation,1,[5],True,1687,5551839,5553525,1,True,17664.13,17680.99,17664.13,17680.99,16.86,0,0,1686,True,0.01,0,0.0099999999984,0.010000000002,100,3,"[0, 1, 2]"
3658,0,normal_tightening,1,[0],True,1692,5553526,5555217,1,True,17681,17697.91,17681,17697.91,16.91,0,0,1691,True,0.01,3.49245965481e-10,0.00999999999476,0.0100000000057,100,3,"[0, 1, 2]"
3659,5,supplementary_operation,1,[5],True,1637,5555218,5556854,1,True,17697.92,17714.28,17697.92,17714.28,16.36,0,0,1636,True,0.01,3.86105942348e-10,0.00999999999476,0.0100000000057,100,3,"[0, 1, 2]"
3660,0,normal_tightening,1,[0],True,1731,5556855,5558585,1,True,17714.29,17731.59,17714.29,17731.59,17.3,0,0,1730,True,0.01,0,0.00999999999476,0.0100000000057,100,3,"[0, 1, 2]"
3661,5,supplementary_operation,1,[5],True,1664,5558586,5560249,1,True,17731.6,17748.23,17731.6,17748.23,16.63,0,0,1663,True,0.01,3.29272253991e-10,0.00999999999476,0.0100000000057,100,3,"[0, 1, 2]"
3662,0,normal_tightening,1,[0],True,1729,5560250,5561978,1,True,17748.24,17765.52,17748.24,17765.52,17.28,0,0,1728,True,0.01,0,0.00999999999476,0.0100000000057,100,3,"[0, 1, 2]"
3663,5,supplementary_operation,1,[5],True,1606,5561979,5563584,1,True,17765.53,17781.58,17765.53,17781.58,16.05,0,0,1605,True,0.01,4.65661287308e-10,0.00999999999476,0.0100000000057,100,3,"[0, 1, 2]"
3664,0,normal_tightening,1,[0],True,1763,5563585,5565347,1,True,17781.59,17799.21,17781.59,17799.21,17.62,0,0,1762,True,0.01,0,0.00999999999476,0.0100000000057,100,3,"[0, 1, 2]"
3665,5,supplementary_operation,1,[5],True,1557,5565348,5566904,1,True,17799.22,17814.78,17799.22,17814.78,15.56,0,0,1556,True,0.01,5.82076609135e-10,0.00999999999476,0.0100000000057,100,3,"[0, 1, 2]"
3666,0,normal_tightening,1,[0],True,1714,5566905,5568618,1,True,17814.79,17831.92,17814.79,17831.92,17.13,0,0,1713,True,0.01,2.01637252184e-10,0.00999999999476,0.0100000000057,100,3,"[0, 1, 2]"
3667,5,supplementary_operation,1,[5],True,1494,5568619,5570112,1,True,17831.93,17846.86,17831.93,17846.86,14.93,0,0,1493,True,0.01,6.98491930962e-10,0.00999999999476,0.0100000000057,100,3,"[0, 1, 2]"
3668,0,normal_tightening,1,[0],True,1270,5570113,5571382,1,True,17846.87,17859.56,17846.87,17859.56,12.69,0,0,1269,True,0.01,1.07329623509e-09,0.00999999999476,0.0100000000057,100,3,"[0, 1, 2]"
3669,5,supplementary_operation,1,[5],True,1487,5571383,5572869,1,True,17859.57,17874.43,17859.57,17874.43,14.86,0,0,1486,True,0.01,7.08126757561e-10,0.00999999999476,0.0100000000057,100,3,"[0, 1, 2]"
3670,0,normal_tightening,1,[0],True,1220,5572870,5574089,1,True,17874.44,17886.63,17874.44,17886.63,12.19,0,0,1219,True,0.01,1.10441271454e-09,0.00999999999476,0.0100000000057,100,3,"[0, 1, 2]"
3671,5,supplementary_operation,1,[5],True,1391,5574090,5575480,1,True,17886.64,17900.54,17886.64,17900.54,13.9,0,0,1390,True,0.01,8.71172497695e-10,0.00999999999476,0.0100000000057,100,3,"[0, 1, 2]"
3672,0,normal_tightening,1,[0],True,1498,5575481,5576978,1,True,17900.55,17915.52,17900.55,17915.52,14.97,0,0,1497,True,0.01,6.98491930962e-10,0.00999999999476,0.0100000000057,100,3,"[0, 1, 2]"
3673,5,supplementary_operation,1,[5],True,1421,5576979,5578399,1,True,17915.53,17929.73,17915.53,17929.73,14.2,0,0,1420,True,0.01,8.39482824193e-10,0.00999999999476,0.0100000000057,100,2,"[1, 2]"
3674,0,normal_tightening,1,[0],True,1701,5578400,5580100,1,True,17929.74,17946.74,17929.74,17946.74,17,0,0,1700,True,0.01,2.01637252184e-10,0.00999999999476,0.0100000000057,100,3,"[0, 1, 2]"
3675,5,supplementary_operation,1,[5],True,1716,5580101,5581816,1,True,17946.75,17963.9,17946.75,17963.9,17.15,0,0,1715,True,0.01,1.64636126996e-10,0.00999999999476,0.0100000000057,100,3,"[0, 1, 2]"
3676,0,normal_tightening,1,[0],True,1704,5581817,5583520,1,True,17963.91,17980.94,17963.91,17980.94,17.03,0,0,1703,True,0.01,1.64636126996e-10,0.00999999999476,0.0100000000057,100,3,"[0, 1, 2]"
3677,5,supplementary_operation,1,[5],True,1714,5583521,5585234,1,True,17980.95,17998.08,17980.95,17998.08,17.13,0,0,1713,True,0.01,1.64636126996e-10,0.00999999999476,0.0100000000057,100,3,"[0, 1, 2]"
3678,0,normal_tightening,1,[0],True,2212,5585235,5587446,1,True,17998.09,18020.2,17998.09,18020.2,22.11,0,0,2211,True,0.01,0,0.00999999999476,0.0100000000057,100,3,"[0, 1, 2]"
3679,5,supplementary_operation,1,[5],True,1698,5587447,5589144,1,True,18020.21,18037.18,18020.21,18037.18,16.97,0,0,1697,True,0.01,0,0.0099999999984,0.010000000002,100,2,"[1, 2]"
3680,0,normal_tightening,1,[0],True,1811,5589145,5590955,1,True,18037.19,18055.29,18037.19,18055.29,18.1,0,0,1810,True,0.01,0,0.0099999999984,0.010000000002,100,3,"[0, 1, 2]"
3681,5,supplementary_operation,1,[5],True,1645,5590956,5592600,1,True,18055.3,18071.74,18055.3,18071.74,16.44,0,0,1644,True,0.01,0,0.0099999999984,0.010000000002,100,3,"[0, 1, 2]"
3682,0,normal_tightening,1,[0],True,1717,5592601,5594317,1,True,18071.75,18088.91,18071.75,18088.91,17.16,0,0,1716,True,0.01,0,0.0099999999984,0.010000000002,100,3,"[0, 1, 2]"
3683,5,supplementary_operation,1,[5],True,1605,5594318,5595922,1,True,18088.92,18104.96,18088.92,18104.96,16.04,0,0,1604,True,0.01,1.64636126996e-10,0.0099999999984,0.010000000002,100,3,"[0, 1, 2]"
3684,0,normal_tightening,1,[0],True,1823,5595923,5597745,1,True,18104.97,18123.19,18104.97,18123.19,18.22,0,0,1822,True,0.01,0,0.0099999999984,0.010000000002,100,3,"[0, 1, 2]"
3685,5,supplementary_operation,1,[5],True,1460,5597746,5599205,1,True,18123.2,18137.79,18123.2,18137.79,14.59,0,0,1459,True,0.01,6.98491930962e-10,0.0099999999984,0.010000000002,100,3,"[0, 1, 2]"
3686,0,normal_tightening,1,[0],True,1740,5599206,5600945,1,True,18137.8,18155.19,18137.8,18155.19,17.39,0,0,1739,True,0.01,0,0.0099999999984,0.010000000002,100,3,"[0, 1, 2]"
3687,5,supplementary_operation,1,[5],True,1449,5600946,5602394,1,True,18155.2,18169.68,18155.2,18169.68,14.48,0,0,1448,True,0.01,7.1763224003e-10,0.0099999999984,0.010000000002,100,3,"[0, 1, 2]"
3688,0,normal_tightening,1,[0],True,1777,5602395,5604171,1,True,18169.69,18187.45,18169.69,18187.45,17.76,0,0,1776,True,0.01,0,0.0099999999984,0.010000000002,100,3,"[0, 1, 2]"
3689,5,supplementary_operation,1,[5],True,1400,5604172,5605571,1,True,18187.46,18201.45,18187.46,18201.45,13.99,0,0,1399,True,0.01,8.39482824193e-10,0.0099999999984,0.010000000002,100,3,"[0, 1, 2]"
3690,0,normal_tightening,1,[0],True,1732,5605572,5607303,1,True,18201.46,18218.77,18201.46,18218.77,17.31,0,0,1731,True,0.01,0,0.0099999999984,0.010000000002,100,3,"[0, 1, 2]"
3691,5,supplementary_operation,1,[5],True,1409,5607304,5608712,1,True,18218.78,18232.86,18218.78,18232.86,14.08,0,0,1408,True,0.01,8.06549008735e-10,0.0099999999984,0.010000000002,100,3,"[0, 1, 2]"
3692,0,normal_tightening,1,[0],True,1694,5608713,5610406,1,True,18232.87,18249.8,18232.87,18249.8,16.93,0,0,1693,True,0.01,0,0.0099999999984,0.010000000002,100,3,"[0, 1, 2]"
3693,5,supplementary_operation,1,[5],True,1667,5610407,5612073,1,True,18249.81,18266.47,18249.81,18266.47,16.66,0,0,1666,True,0.01,0,0.0099999999984,0.010000000002,100,3,"[0, 1, 2]"
3694,0,normal_tightening,1,[0],True,1793,5612074,5613866,1,True,18266.48,18284.4,18266.48,18284.4,17.92,0,0,1792,True,0.01,0,0.0099999999984,0.010000000002,100,3,"[0, 1, 2]"
3695,5,supplementary_operation,1,[5],True,1675,5613867,5615541,1,True,18284.41,18301.15,18284.41,18301.15,16.74,0,0,1674,True,0.01,0,0.0099999999984,0.010000000002,100,3,"[0, 1, 2]"
3696,0,normal_tightening,1,[0],True,1816,5615542,5617357,1,True,18301.16,18319.31,18301.16,18319.31,18.15,0,0,1815,True,0.01,0,0.0099999999984,0.010000000002,100,3,"[0, 1, 2]"
3697,5,supplementary_operation,1,[5],True,1666,5617358,5619023,1,True,18319.32,18335.97,18319.32,18335.97,16.65,0,0,1665,True,0.01,0,0.0099999999984,0.010000000002,100,3,"[0, 1, 2]"
3698,0,normal_tightening,1,[0],True,1715,5619024,5620738,1,True,18335.98,18353.12,18335.98,18353.12,17.14,0,0,1714,True,0.01,0,0.0099999999984,0.010000000002,100,3,"[0, 1, 2]"
3699,5,supplementary_operation,1,[5],True,1446,5620739,5622184,1,True,18353.13,18367.58,18353.13,18367.58,14.45,0,0,1445,True,0.01,7.27013451792e-10,0.0099999999984,0.010000000002,100,3,"[0, 1, 2]"
3700,0,normal_tightening,1,[0],True,1704,5622185,5623888,1,True,18367.59,18384.62,18367.59,18384.62,17.03,0,0,1703,True,0.01,0,0.0099999999984,0.010000000002,100,3,"[0, 1, 2]"
3701,5,supplementary_operation,1,[5],True,1653,5623889,5625541,1,True,18384.63,1912.568,1896.288,18419.78,16523.492,1,0,1651,False,0.0311508176862,0.859150275863,0.0099999999984,34.93,32.1018860587,3,"[0, 1, 2]"
3702,0,normal_tightening,1,[0],True,1455,5625542,5626996,1,True,1912.578,1927.118,1912.578,1927.118,14.54,0,0,1454,True,0.01,1.3675703812e-09,0.00999999999999,0.0100000000002,100,3,"[0, 1, 2]"
3703,5,supplementary_operation,1,[5],True,1346,5626997,5628342,1,True,1927.128,1940.578,1927.128,1940.578,13.45,0,0,1345,True,0.01,1.28584925751e-09,0.00999999999999,0.0100000000002,100,3,"[0, 1, 2]"
3704,0,normal_tightening,1,[0],True,1436,5628343,5629778,1,True,1940.588,1954.948,1940.588,1954.948,14.36,0,0,1435,True,0.0100069686411,0.000263889842913,0.00999999999999,0.02,99.930362117,3,"[0, 1, 2]"
3705,5,supplementary_operation,1,[5],True,1311,5629779,5631089,1,True,1954.958,1968.058,1954.958,1968.058,13.1,0,0,1310,True,0.01,1.2484152446e-09,0.00999999999999,0.0100000000002,100,3,"[0, 1, 2]"
3706,0,normal_tightening,1,[0],True,1467,5631090,5632556,1,True,1968.068,1982.728,1968.068,1982.728,14.66,0,0,1466,True,0.01,1.3675703812e-09,0.00999999999999,0.0100000000002,100,3,"[0, 1, 2]"
3707,5,supplementary_operation,1,[5],True,1320,5632557,5633876,1,True,1982.738,1995.928,1982.738,1995.928,13.19,0,0,1319,True,0.01,1.25922423629e-09,0.00999999999999,0.0100000000002,100,3,"[0, 1, 2]"
3708,0,normal_tightening,1,[0],True,1472,5633877,5635348,1,True,1995.938,2010.648,1995.938,2010.648,14.71,0,0,1471,True,0.01,1.37251640234e-09,0.00999999999999,0.0100000000002,100,3,"[0, 1, 2]"
3709,5,supplementary_operation,1,[5],True,1370,5635349,5636718,1,True,2010.658,2024.348,2010.658,2024.348,13.69,0,0,1369,True,0.01,1.29634616031e-09,0.00999999999999,0.0100000000002,100,3,"[0, 1, 2]"
3710,0,normal_tightening,1,[0],True,1399,5636719,5638117,1,True,2024.358,2038.338,2024.358,2038.338,13.98,0,0,1398,True,0.01,1.32733889052e-09,0.00999999999999,0.0100000000002,100,3,"[0, 1, 2]"
3711,5,supplementary_operation,1,[5],True,1479,5638118,5639596,1,True,2038.348,2053.138,2038.348,2053.138,14.79,0,0,1478,True,0.0100067658999,0.00026002542423,0.00999999999976,0.02,99.9323867478,3,"[0, 1, 2]"
3712,0,normal_tightening,1,[0],True,1343,5639597,5640939,1,True,2053.148,2066.588,2053.148,2066.588,13.44,0,0,1342,True,0.0100149031297,0.000385757946512,0.00999999999976,0.02,99.8511904762,3,"[0, 1, 2]"
3713,5,supplementary_operation,1,[5],True,1470,5640940,5642409,1,True,2066.598,2081.288,2066.598,2081.288,14.69,0,0,1469,True,0.01,0,0.00999999999976,0.0100000000002,100,3,"[0, 1, 2]"
3714,0,normal_tightening,1,[0],True,1331,5642410,5643740,1,True,2081.298,2094.598,2081.298,2094.598,13.3,0,0,1330,True,0.01,0,0.00999999999976,0.0100000000002,100,3,"[0, 1, 2]"
3715,5,supplementary_operation,1,[5],True,1506,5643741,5645246,1,True,2094.608,2109.658,2094.608,2109.658,15.05,0,0,1505,True,0.01,0,0.00999999999976,0.0100000000002,100,3,"[0, 1, 2]"
3716,0,normal_tightening,1,[0],True,1338,5645247,5646584,1,True,2109.668,2123.038,2109.668,2123.038,13.37,0,0,1337,True,0.01,0,0.00999999999976,0.0100000000002,100,3,"[0, 1, 2]"
3717,5,supplementary_operation,1,[5],True,1863,5646585,5648447,1,True,2123.048,2141.668,2123.048,2141.668,18.62,0,0,1862,True,0.01,8.14907252789e-10,0.00999999999976,0.0100000000002,100,3,"[0, 1, 2]"
3718,0,normal_tightening,1,[0],True,1339,5648448,5649786,1,True,2141.678,2155.058,2141.678,2155.058,13.38,0,0,1338,True,0.01,0,0.00999999999976,0.0100000000002,100,3,"[0, 1, 2]"
3719,5,supplementary_operation,1,[5],True,1846,5649787,5651632,1,True,2155.068,2173.518,2155.068,2173.518,18.45,0,0,1845,True,0.01,7.9810323664e-10,0.00999999999976,0.0100000000002,100,3,"[0, 1, 2]"
3720,0,normal_tightening,1,[0],True,1448,5651633,5653080,1,True,2173.528,2187.998,2173.528,2187.998,14.47,0,0,1447,True,0.01,0,0.00999999999976,0.0100000000002,100,3,"[0, 1, 2]"
3721,5,supplementary_operation,1,[5],True,1830,5653081,5654910,1,True,2188.008,2206.298,2188.008,2206.298,18.29,0,0,1829,True,0.01,7.80937719683e-10,0.00999999999976,0.0100000000002,100,3,"[0, 1, 2]"
3722,0,normal_tightening,1,[0],True,1252,5654911,5656162,1,True,2206.308,2218.818,2206.308,2218.818,12.51,0,0,1251,True,0.01,0,0.00999999999976,0.0100000000002,100,3,"[0, 1, 2]"
3723,5,supplementary_operation,1,[5],True,1402,5656163,5657564,1,True,2218.828,2232.838,2218.828,2232.838,14.01,0,0,1401,True,0.01,0,0.00999999999976,0.0100000000002,100,3,"[0, 1, 2]"
3724,0,normal_tightening,1,[0],True,914,5657565,5658478,1,True,2232.848,2241.978,2232.848,2241.978,9.13,0,0,913,True,0.01,0,0.00999999999976,0.0100000000002,100,3,"[0, 1, 2]"
3725,5,supplementary_operation,1,[5],True,1855,5658479,5660333,1,True,2241.988,2260.598,2241.988,2260.598,18.61,0,0,1854,True,0.0100377562028,0.000613299679762,0.00999999999976,0.02,99.6238581408,2,"[1, 2]"
3726,0,normal_tightening,1,[0],True,1677,5660334,5662010,1,True,2260.608,2277.368,2260.608,2277.368,16.76,0,0,1676,True,0.01,4.93908380987e-10,0.00999999999976,0.0100000000002,100,3,"[0, 1, 2]"
3727,5,supplementary_operation,1,[5],True,1833,5662011,5663843,1,True,2277.378,2295.698,2277.378,2295.698,18.32,0,0,1832,True,0.01,7.80937719683e-10,0.00999999999976,0.0100000000002,100,3,"[0, 1, 2]"
3728,0,normal_tightening,1,[0],True,1640,5663844,5665483,1,True,2295.708,2312.108,2295.708,2312.108,16.4,0,0,1639,True,0.0100061012813,0.000246932353201,0.00999999999976,0.02,99.9390243902,3,"[0, 1, 2]"
3729,5,supplementary_operation,1,[5],True,1827,5665484,5667310,1,True,2312.118,2330.378,2312.118,2330.378,18.26,0,0,1826,True,0.01,7.72211884697e-10,0.00999999999976,0.0100000000002,100,3,"[0, 1, 2]"
3730,0,normal_tightening,1,[0],True,1568,5667311,5668878,1,True,2330.388,2346.058,2330.388,2346.058,15.67,0,0,1567,True,0.01,0,0.00999999999976,0.0100000000002,100,3,"[0, 1, 2]"
3731,5,supplementary_operation,1,[5],True,1835,5668879,5670713,1,True,2346.068,2364.408,2346.068,2364.408,18.34,0,0,1834,True,0.01,7.72211884697e-10,0.00999999999976,0.0100000000002,100,3,"[0, 1, 2]"
3732,0,normal_tightening,1,[0],True,1561,5670714,5672274,1,True,2364.418,2380.018,2364.418,2380.018,15.6,0,0,1560,True,0.01,0,0.00999999999976,0.0100000000002,100,3,"[0, 1, 2]"
3733,5,supplementary_operation,1,[5],True,1795,5672275,5674069,1,True,2380.028,2397.978,2380.028,2397.978,17.95,0,0,1794,True,0.010005574136,0.00023603027157,0.00999999999976,0.02,99.9442896936,3,"[0, 1, 2]"
3734,0,normal_tightening,1,[0],True,1664,5674070,5675733,1,True,2397.988,2414.618,2397.988,2414.618,16.63,0,0,1663,True,0.01,4.50874602679e-10,0.00999999999976,0.0100000000002,100,3,"[0, 1, 2]"
3735,5,supplementary_operation,1,[5],True,1826,5675734,5677559,1,True,2414.628,2432.878,2414.628,2432.878,18.25,0,0,1825,True,0.01,7.63386316167e-10,0.00999999999976,0.0100000000002,100,3,"[0, 1, 2]"
3736,0,normal_tightening,1,[0],True,1579,5677560,5679138,1,True,2432.888,2448.718,2432.888,2448.718,15.83,0,0,1578,True,0.0100316856781,0.000562007827827,0.00999999999976,0.02,99.6841440303,3,"[0, 1, 2]"
3737,5,supplementary_operation,1,[5],True,1681,5679139,5680819,1,True,2448.728,3017.529,2448.728,3017.529,568.801,0,0,1680,True,0.33857202381,13.4627045029,0.00999999999885,551.981,2.95358130524,3,"[0, 1, 2]"
3738,0,normal_tightening,1,[0],True,1238,5680820,5682057,1,True,3017.539,3029.909,3017.539,3029.909,12.37,0,0,1237,True,0.01,0,0.00999999999885,0.0100000000011,100,3,"[0, 1, 2]"
3739,5,supplementary_operation,1,[5],True,1529,5682058,5683586,1,True,3029.919,3045.199,3029.919,3045.199,15.28,0,0,1528,True,0.01,0,0.00999999999885,0.0100000000011,100,3,"[0, 1, 2]"
3740,0,normal_tightening,1,[0],True,1276,5683587,5684862,1,True,3045.209,3057.959,3045.209,3057.959,12.75,0,0,1275,True,0.01,0,0.00999999999885,0.0100000000011,100,3,"[0, 1, 2]"
3741,5,supplementary_operation,1,[5],True,1510,5684863,5686372,1,True,3057.969,3073.069,3057.969,3073.069,15.1,0,0,1509,True,0.0100066269052,0.000257342449819,0.00999999999885,0.02,99.9337748344,3,"[0, 1, 2]"
3742,0,normal_tightening,1,[0],True,1330,5686373,5687702,1,True,3073.079,3086.429,3073.079,3086.429,13.35,0,0,1329,True,0.0100451467269,0.000670394690955,0.00999999999885,0.02,99.5505617978,3,"[0, 1, 2]"
3743,5,supplementary_operation,1,[5],True,1503,5687703,5689205,1,True,3086.439,3101.489,3086.439,3101.489,15.05,0,0,1502,True,0.0100199733688,0.000446469207171,0.00999999999885,0.02,99.8006644518,3,"[0, 1, 2]"
3744,0,normal_tightening,1,[0],True,1185,5689206,5690390,1,True,3101.499,3113.339,3101.499,3113.339,11.84,0,0,1184,True,0.01,0,0.00999999999885,0.0100000000011,100,3,"[0, 1, 2]"
3745,5,supplementary_operation,1,[5],True,1524,5690391,5691914,1,True,3113.349,3128.579,3113.349,3128.579,15.23,0,0,1523,True,0.01,0,0.00999999999885,0.0100000000011,100,3,"[0, 1, 2]"
3746,0,normal_tightening,1,[0],True,1395,5691915,5693309,1,True,3128.589,3142.529,3128.589,3142.529,13.94,0,0,1394,True,0.01,0,0.00999999999885,0.0100000000011,100,3,"[0, 1, 2]"
3747,5,supplementary_operation,1,[5],True,1439,5693310,5694748,1,True,3142.539,3156.919,3142.539,3156.919,14.38,0,0,1438,True,0.01,0,0.00999999999885,0.0100000000011,100,3,"[0, 1, 2]"
3748,0,normal_tightening,1,[0],True,1349,5694749,5696097,1,True,3156.929,3170.409,3156.929,3170.409,13.48,0,0,1348,True,0.01,0,0.00999999999885,0.0100000000011,100,3,"[0, 1, 2]"
3749,5,supplementary_operation,1,[5],True,1443,5696098,5697540,1,True,3170.419,3184.839,3170.419,3184.839,14.42,0,0,1442,True,0.01,0,0.00999999999885,0.0100000000011,100,3,"[0, 1, 2]"
3750,0,normal_tightening,1,[0],True,1445,5697541,5698985,1,True,3184.849,3199.329,3184.849,3199.329,14.48,0,0,1444,True,0.010027700831,0.000525586314714,0.00999999999885,0.0200000000004,99.7237569061,3,"[0, 1, 2]"
3751,5,supplementary_operation,1,[5],True,1451,5698986,5700436,1,True,3199.339,3213.889,3199.339,3213.889,14.55,0,0,1450,True,0.0100344827586,0.00058620689655,0.00999999999885,0.02,99.6563573883,3,"[0, 1, 2]"
3752,0,normal_tightening,1,[0],True,1369,5700437,5701805,1,True,3213.899,3227.579,3213.899,3227.579,13.68,0,0,1368,True,0.01,0,0.00999999999885,0.0100000000011,100,3,"[0, 1, 2]"
3753,5,supplementary_operation,1,[5],True,1422,5701806,5703227,1,True,3227.589,3241.799,3227.589,3241.799,14.21,0,0,1421,True,0.01,0,0.00999999999885,0.0100000000011,100,3,"[0, 1, 2]"
3754,0,normal_tightening,1,[0],True,1844,5703228,5705071,1,True,3241.809,3260.239,3241.809,3260.239,18.43,0,0,1843,True,0.01,7.89567127722e-10,0.00999999999885,0.0100000000011,100,3,"[0, 1, 2]"
3755,5,supplementary_operation,1,[5],True,1412,5705072,5706483,1,True,3260.249,3274.359,3260.249,3274.359,14.11,0,0,1411,True,0.01,0,0.00999999999885,0.0100000000011,100,3,"[0, 1, 2]"
3756,0,normal_tightening,1,[0],True,1728,5706484,5708211,1,True,3274.369,3291.639,3274.369,3291.639,17.27,0,0,1727,True,0.01,5.93603997677e-10,0.00999999999885,0.0100000000011,100,3,"[0, 1, 2]"
3757,5,supplementary_operation,1,[5],True,1392,5708212,5709603,1,True,3291.649,3305.569,3291.649,3305.569,13.92,0,0,1391,True,0.0100071890726,0.000268028064446,0.00999999999885,0.02,99.9281609195,2,"[1, 2]"
3758,0,normal_tightening,1,[0],True,1724,5709604,5711327,1,True,3305.579,3322.819,3305.579,3322.819,17.24,0,0,1723,True,0.0100058038305,0.000240841484867,0.00999999999885,0.02,99.9419953596,3,"[0, 1, 2]"
3759,5,supplementary_operation,1,[5],True,1304,5711328,5712631,1,True,3322.829,3335.859,3322.829,3335.859,13.03,0,0,1303,True,0.01,0,0.00999999999885,0.0100000000011,100,3,"[0, 1, 2]"
3760,0,normal_tightening,1,[0],True,1761,5712632,5714392,1,True,3335.869,3353.489,3335.869,3353.489,17.62,0,0,1760,True,0.0100113636364,0.000336908342736,0.00999999999885,0.02,99.886492622,3,"[0, 1, 2]"
3761,5,supplementary_operation,1,[5],True,1715,5714393,5716107,1,True,3353.499,3370.659,3353.499,3370.659,17.16,0,0,1714,True,0.0100116686114,0.000341394138584,0.00999999999885,0.02,99.8834498835,3,"[0, 1, 2]"
3762,0,normal_tightening,1,[0],True,1683,5716108,5717790,1,True,3370.669,3387.509,3370.669,3387.509,16.84,0,0,1682,True,0.0100118906064,0.000344622514772,0.00999999999885,0.02,99.8812351544,3,"[0, 1, 2]"
3763,5,supplementary_operation,1,[5],True,1739,5717791,5719529,1,True,3387.519,3404.919,3387.519,3404.919,17.4,0,0,1738,True,0.0100115074799,0.000339031527349,0.00999999999885,0.0200000000009,99.8850574713,3,"[0, 1, 2]"
3764,0,normal_tightening,1,[0],True,1889,5719530,5721418,1,True,3404.929,3423.829,3404.929,3423.829,18.9,0,0,1888,True,0.0100105932203,0.000325299841797,0.00999999999885,0.02,99.8941798942,3,"[0, 1, 2]"
3765,5,supplementary_operation,1,[5],True,1708,5721419,5723126,1,True,3423.839,3440.949,3423.839,3440.949,17.11,0,0,1707,True,0.0100234329233,0.000483508149553,0.00999999999885,0.0200000000004,99.7662185856,3,"[0, 1, 2]"
3766,0,normal_tightening,1,[0],True,1708,5723127,5724834,1,True,3440.959,3458.029,3440.959,3458.029,17.07,0,0,1707,True,0.01,5.70316273436e-10,0.00999999999885,0.0100000000011,100,3,"[0, 1, 2]"
3767,5,supplementary_operation,1,[5],True,1689,5724835,5726523,1,True,3458.039,3474.919,3458.039,3474.919,16.88,0,0,1688,True,0.01,5.07442623323e-10,0.00999999999885,0.0100000000011,100,3,"[0, 1, 2]"
3768,0,normal_tightening,1,[0],True,1731,5726524,5728254,1,True,3474.929,3492.229,3474.929,3492.229,17.3,0,0,1730,True,0.01,5.93603997677e-10,0.00999999999885,0.0100000000011,100,3,"[0, 1, 2]"
3769,5,supplementary_operation,1,[5],True,1688,5728255,5729942,1,True,19499.687,19516.557,19499.687,19516.557,16.87,0,0,1687,True,0.01,0,0.0099999999984,0.010000000002,100,3,"[0, 1, 2]"
3770,0,normal_tightening,1,[0],True,1459,5729943,5731401,1,True,19516.567,19531.147,19516.567,19531.147,14.58,0,0,1458,True,0.01,6.98491930962e-10,0.0099999999984,0.010000000002,100,3,"[0, 1, 2]"
3771,5,supplementary_operation,1,[5],True,1341,5731402,5732742,1,True,19531.157,19544.557,19531.157,19544.557,13.4,0,0,1340,True,0.01,9.4576254541e-10,0.0099999999984,0.010000000002,100,3,"[0, 1, 2]"
3772,0,normal_tightening,1,[0],True,1462,5732743,5734204,1,True,19544.567,19559.177,19544.567,19559.177,14.61,0,0,1461,True,0.01,6.68755109252e-10,0.0099999999984,0.010000000002,100,3,"[0, 1, 2]"
3773,5,supplementary_operation,1,[5],True,1301,5734205,5735505,1,True,19559.187,19572.187,19559.187,19572.187,13,0,0,1300,True,0.01,1.03472201355e-09,0.0099999999984,0.010000000002,100,3,"[0, 1, 2]"
3774,0,normal_tightening,1,[0],True,1456,5735506,5736961,1,True,19572.197,19586.747,19572.197,19586.747,14.55,0,0,1455,True,0.01,6.88722331903e-10,0.0099999999984,0.010000000002,100,3,"[0, 1, 2]"
3775,5,supplementary_operation,1,[5],True,1330,5736962,5738291,1,True,19586.757,19600.047,19586.757,19600.047,13.29,0,0,1329,True,0.01,9.67018290297e-10,0.0099999999984,0.010000000002,100,3,"[0, 1, 2]"
3776,0,normal_tightening,1,[0],True,1381,5738292,5739672,1,True,19600.057,19613.857,19600.057,19613.857,13.8,0,0,1380,True,0.01,8.71172497695e-10,0.0099999999984,0.010000000002,100,3,"[0, 1, 2]"
3777,5,supplementary_operation,1,[5],True,1376,5739673,5741048,1,True,19613.867,19627.617,19613.867,19627.617,13.75,0,0,1375,True,0.01,8.78916405522e-10,0.0099999999984,0.010000000002,100,3,"[0, 1, 2]"
3778,0,normal_tightening,1,[0],True,1534,5741049,5742582,1,True,19627.627,19642.957,19627.627,19642.957,15.33,0,0,1533,True,0.01,4.79992668333e-10,0.0099999999984,0.010000000002,100,3,"[0, 1, 2]"
3779,5,supplementary_operation,1,[5],True,1414,5742583,5743996,1,True,19642.967,19657.097,19642.967,19657.097,14.13,0,0,1413,True,0.01,8.06549008735e-10,0.0099999999984,0.010000000002,100,3,"[0, 1, 2]"
3780,0,normal_tightening,1,[0],True,1363,5743997,5745359,1,True,19657.107,19670.727,19657.107,19670.727,13.62,0,0,1362,True,0.01,9.01749205358e-10,0.0099999999984,0.010000000002,100,2,"[1, 2]"
3781,5,supplementary_operation,1,[5],True,1460,5745360,5746819,1,True,19670.737,19685.327,19670.737,19685.327,14.59,0,0,1459,True,0.01,6.98491930962e-10,0.0099999999984,0.010000000002,100,3,"[0, 1, 2]"
3782,0,normal_tightening,1,[0],True,1335,5746820,5748154,1,True,19685.337,19698.677,19685.337,19698.677,13.34,0,0,1334,True,0.01,9.59985336665e-10,0.0099999999984,0.010000000002,100,3,"[0, 1, 2]"
3783,5,supplementary_operation,1,[5],True,1516,5748155,5749670,1,True,19698.687,19713.837,19698.687,19713.837,15.15,0,0,1515,True,0.01,5.33482024325e-10,0.0099999999984,0.010000000002,100,3,"[0, 1, 2]"
3784,0,normal_tightening,1,[0],True,1328,5749671,5750998,1,True,19713.847,19727.117,19713.847,19727.117,13.27,0,0,1327,True,0.01,9.74000462487e-10,0.0099999999984,0.010000000002,100,2,"[1, 2]"
3785,5,supplementary_operation,1,[5],True,1834,5750999,5752832,1,True,19727.127,19745.457,19727.127,19745.457,18.33,0,0,1833,True,0.01,0,0.0099999999984,0.010000000002,100,3,"[0, 1, 2]"
3786,0,normal_tightening,1,[0],True,1279,5752833,5754111,1,True,19745.467,19758.247,19745.467,19758.247,12.78,0,0,1278,True,0.01,1.07959128165e-09,0.0099999999984,0.010000000002,100,3,"[0, 1, 2]"
3787,5,supplementary_operation,1,[5],True,1878,5754112,5755989,1,True,19758.257,19777.027,19758.257,19777.027,18.77,0,0,1877,True,0.01,0,0.0099999999984,0.010000000002,100,3,"[0, 1, 2]"
3788,0,normal_tightening,1,[0],True,1323,5755990,5757312,1,True,19777.037,19790.257,19777.037,19790.257,13.22,0,0,1322,True,0.01,9.94652945702e-10,0.0099999999984,0.010000000002,100,3,"[0, 1, 2]"
3789,5,supplementary_operation,1,[5],True,1867,5757313,5759179,1,True,19790.267,19808.927,19790.267,19808.927,18.66,0,0,1866,True,0.01,0,0.0099999999984,0.010000000002,100,3,"[0, 1, 2]"
3790,0,normal_tightening,1,[0],True,1389,5759180,5760568,1,True,19808.937,19822.817,19808.937,19822.817,13.88,0,0,1388,True,0.01,8.47516335696e-10,0.0099999999984,0.010000000002,100,3,"[0, 1, 2]"
3791,5,supplementary_operation,1,[5],True,1838,5760569,5762406,1,True,19822.827,19841.197,19822.827,19841.197,18.37,0,0,1837,True,0.01,0,0.0099999999984,0.010000000002,100,2,"[1, 2]"
3792,0,normal_tightening,1,[0],True,1207,5762407,5763613,1,True,19841.207,19853.267,19841.207,19853.267,12.06,0,0,1206,True,0.01,1.12868842143e-09,0.0099999999984,0.010000000002,100,3,"[0, 1, 2]"
3793,5,supplementary_operation,1,[5],True,1871,5763614,5765484,1,True,19853.277,19871.977,19853.277,19871.977,18.7,0,0,1870,True,0.01,0,0.0099999999984,0.010000000002,100,3,"[0, 1, 2]"
3794,0,normal_tightening,1,[0],True,1679,5765485,5767163,1,True,19871.987,19888.767,19871.987,19888.767,16.78,0,0,1678,True,0.01,0,0.0099999999984,0.010000000002,100,3,"[0, 1, 2]"
3795,5,supplementary_operation,1,[5],True,1856,5767164,5769019,1,True,19888.777,19907.327,19888.777,19907.327,18.55,0,0,1855,True,0.01,0,0.0099999999984,0.010000000002,100,3,"[0, 1, 2]"
3796,0,normal_tightening,1,[0],True,1633,5769020,5770652,1,True,19907.337,19923.667,19907.337,19923.667,16.33,0,0,1632,True,0.010006127451,0.000247461035627,0.0099999999984,0.0200000000004,99.9387630128,3,"[0, 1, 2]"
3797,5,supplementary_operation,1,[5],True,1804,5770653,5772456,1,True,21442.835,21460.865,21442.835,21460.865,18.03,0,0,1803,True,0.01,0,0.0099999999984,0.010000000002,100,3,"[0, 1, 2]"
3798,0,normal_tightening,1,[0],True,1538,5772457,5773994,1,True,21460.875,21476.245,21460.875,21476.245,15.37,0,0,1537,True,0.01,4.79992668333e-10,0.0099999999984,0.010000000002,100,3,"[0, 1, 2]"
3799,5,supplementary_operation,1,[5],True,1798,5773995,5775792,1,True,21476.255,21494.225,21476.255,21494.225,17.97,0,0,1797,True,0.01,0,0.0099999999984,0.010000000002,100,3,"[0, 1, 2]"
3800,0,normal_tightening,1,[0],True,1681,5775793,5777473,1,True,21494.235,21511.035,21494.235,21511.035,16.8,0,0,1680,True,0.01,0,0.0099999999984,0.010000000002,100,3,"[0, 1, 2]"
3801,5,supplementary_operation,1,[5],True,1792,5777474,5779265,1,True,21511.045,21528.955,21511.045,21528.955,17.91,0,0,1791,True,0.01,0,0.0099999999984,0.010000000002,100,3,"[0, 1, 2]"
3802,0,normal_tightening,1,[0],True,1570,5779266,5780835,1,True,21528.965,21544.655,21528.965,21544.655,15.69,0,0,1569,True,0.01,3.49245965481e-10,0.0099999999984,0.010000000002,100,3,"[0, 1, 2]"
3803,5,supplementary_operation,1,[5],True,1877,5780836,5782712,1,True,21544.665,21563.425,21544.665,21563.425,18.76,0,0,1876,True,0.01,0,0.0099999999984,0.010000000002,100,3,"[0, 1, 2]"
3804,0,normal_tightening,1,[0],True,1507,5782713,5784219,1,True,21563.435,21578.495,21563.435,21578.495,15.06,0,0,1506,True,0.01,5.70316273436e-10,0.0099999999984,0.010000000002,100,2,"[1, 2]"
3805,5,supplementary_operation,1,[5],True,1844,5784220,5786063,1,True,21578.505,21596.935,21578.505,21596.935,18.43,0,0,1843,True,0.01,0,0.0099999999984,0.010000000002,100,3,"[0, 1, 2]"
3806,0,normal_tightening,1,[0],True,1500,5786064,5787563,1,True,21596.945,21611.935,21596.945,21611.935,14.99,0,0,1499,True,0.01,6.04911756551e-10,0.0099999999984,0.010000000002,100,3,"[0, 1, 2]"
3807,5,supplementary_operation,1,[5],True,1816,5787564,5789379,1,True,21611.945,21630.095,21611.945,21630.095,18.15,0,0,1815,True,0.01,0,0.0099999999984,0.010000000002,100,2,"[1, 2]"
3808,0,normal_tightening,1,[0],True,1533,5789380,5790912,1,True,21630.105,21645.425,21630.105,21645.425,15.32,0,0,1532,True,0.01,5.20625146455e-10,0.0099999999984,0.010000000002,100,3,"[0, 1, 2]"
3809,5,supplementary_operation,1,[5],True,1836,5790913,5792748,1,True,21645.435,21663.785,21645.435,21663.785,18.35,0,0,1835,True,0.01,0,0.0099999999984,0.010000000002,100,2,"[1, 2]"
3810,0,normal_tightening,1,[0],True,1495,5792749,5794243,1,True,21663.795,21678.735,21663.795,21678.735,14.94,0,0,1494,True,0.01,6.04911756551e-10,0.0099999999984,0.010000000002,100,2,"[1, 2]"
3811,5,supplementary_operation,1,[5],True,1817,5794244,5796060,1,True,21678.745,21696.905,21678.745,21696.905,18.16,0,0,1816,True,0.01,0,0.0099999999984,0.010000000002,100,3,"[0, 1, 2]"
3812,0,normal_tightening,1,[0],True,1581,5796061,5797641,1,True,21696.915,21712.725,21696.915,21712.725,15.81,0,0,1580,True,0.0100063291139,0.000251497677053,0.0099999999984,0.0200000000004,99.9367488931,3,"[0, 1, 2]"
3813,5,supplementary_operation,1,[5],True,1843,5797642,5799484,1,True,21712.735,21731.155,21712.735,21731.155,18.42,0,0,1842,True,0.01,0,0.0099999999984,0.010000000002,100,3,"[0, 1, 2]"
3814,0,normal_tightening,1,[0],True,1566,5799485,5801050,1,True,21731.165,21746.815,21731.165,21746.815,15.65,0,0,1565,True,0.01,3.86105942348e-10,0.0099999999984,0.010000000002,100,3,"[0, 1, 2]"
3815,5,supplementary_operation,1,[5],True,1794,5801051,5802844,1,True,21746.825,21764.755,21746.825,21764.755,17.93,0,0,1793,True,0.01,0,0.0099999999984,0.010000000002,100,3,"[0, 1, 2]"
3816,0,normal_tightening,1,[0],True,1518,5802845,5804362,1,True,21764.765,21779.935,21764.765,21779.935,15.17,0,0,1517,True,0.01,5.20625146455e-10,0.0099999999984,0.010000000002,100,3,"[0, 1, 2]"
3817,5,supplementary_operation,1,[5],True,1821,5804363,5806183,1,True,21779.945,21798.145,21779.945,21798.145,18.2,0,0,1820,True,0.01,0,0.0099999999984,0.010000000002,100,3,"[0, 1, 2]"
3818,0,normal_tightening,1,[0],True,1526,5806184,5807709,1,True,21798.155,21813.415,21798.155,21813.415,15.26,0,0,1525,True,0.0100065573771,0.000255989787406,0.0099999999984,0.0199999999968,99.9344692005,3,"[0, 1, 2]"
3819,5,supplementary_operation,1,[5],True,1821,5807710,5809530,1,True,21813.425,21831.625,21813.425,21831.625,18.2,0,0,1820,True,0.01,0,0.0099999999984,0.010000000002,100,3,"[0, 1, 2]"
3820,0,normal_tightening,1,[0],True,1608,5809531,5811138,1,True,21831.635,21847.705,21831.635,21847.705,16.07,0,0,1607,True,0.01,2.01637252184e-10,0.0099999999984,0.010000000002,100,3,"[0, 1, 2]"
3821,5,supplementary_operation,1,[5],True,1813,5811139,5812951,1,True,21847.715,21865.835,21847.715,21865.835,18.12,0,0,1812,True,0.01,0,0.0099999999984,0.010000000002,100,3,"[0, 1, 2]"
3822,0,normal_tightening,1,[0],True,1492,5812952,5814443,1,True,21865.845,21880.755,21865.845,21880.755,14.91,0,0,1491,True,0.01,5.93603997677e-10,0.0099999999984,0.010000000002,100,3,"[0, 1, 2]"
3823,5,supplementary_operation,1,[5],True,1430,5814444,5815873,1,True,21880.765,21895.055,21880.765,21895.055,14.29,0,0,1429,True,0.01,7.63386316167e-10,0.0099999999984,0.010000000002,100,3,"[0, 1, 2]"
3824,0,normal_tightening,1,[0],True,1110,5815874,5816983,1,True,21895.065,21906.155,21895.065,21906.155,11.09,0,0,1109,True,0.01,1.10441271454e-09,0.0099999999984,0.010000000002,100,3,"[0, 1, 2]"
3825,5,supplementary_operation,1,[5],True,1803,5816984,5818786,1,True,22770.143,22788.163,22770.143,22788.163,18.02,0,0,1802,True,0.01,0,0.0099999999984,0.010000000002,100,3,"[0, 1, 2]"
3826,0,normal_tightening,1,[0],True,1400,5818787,5820186,1,True,22788.173,22802.163,22788.173,22802.163,13.99,0,0,1399,True,0.01,8.39482824193e-10,0.0099999999984,0.010000000002,100,3,"[0, 1, 2]"
3827,5,supplementary_operation,1,[5],True,1408,5820187,5821594,1,True,22802.173,22816.243,22802.173,22816.243,14.07,0,0,1407,True,0.01,8.06549008735e-10,0.0099999999984,0.010000000002,100,3,"[0, 1, 2]"
3828,0,normal_tightening,1,[0],True,1482,5821595,5823076,1,True,22816.253,22831.063,22816.253,22831.063,14.81,0,0,1481,True,0.01,6.26915694114e-10,0.0099999999984,0.010000000002,100,2,"[1, 2]"
3829,5,supplementary_operation,1,[5],True,1407,5823077,5824483,1,True,22831.073,22845.133,22831.073,22845.133,14.06,0,0,1406,True,0.01,8.23180634978e-10,0.0099999999984,0.010000000002,100,3,"[0, 1, 2]"
3830,0,normal_tightening,1,[0],True,1436,5824484,5825919,1,True,22845.143,22859.493,22845.143,22859.493,14.35,0,0,1435,True,0.01,7.63386316167e-10,0.0099999999984,0.010000000002,100,2,"[1, 2]"
3831,5,supplementary_operation,1,[5],True,1372,5825920,5827291,1,True,22859.503,22873.213,22859.503,22873.213,13.71,0,0,1371,True,0.01,8.8659267708e-10,0.0099999999984,0.010000000002,100,3,"[0, 1, 2]"
3832,0,normal_tightening,1,[0],True,1423,5827292,5828714,1,True,22873.223,22887.443,22873.223,22887.443,14.22,0,0,1422,True,0.01,7.72211884697e-10,0.0099999999984,0.010000000002,100,3,"[0, 1, 2]"
3833,5,supplementary_operation,1,[5],True,1341,5828715,5830055,1,True,22887.453,22900.853,22887.453,22900.853,13.4,0,0,1340,True,0.01,9.4576254541e-10,0.0099999999984,0.010000000002,100,3,"[0, 1, 2]"
3834,0,normal_tightening,1,[0],True,1543,5830056,5831598,1,True,22900.863,22916.283,22900.863,22916.283,15.42,0,0,1542,True,0.01,4.65661287308e-10,0.0099999999984,0.010000000002,100,2,"[1, 2]"
3835,5,supplementary_operation,1,[5],True,1384,5831599,5832982,1,True,22916.293,22930.123,22916.293,22930.123,13.83,0,0,1383,True,0.01,8.55474410154e-10,0.0099999999984,0.010000000002,100,3,"[0, 1, 2]"
3836,0,normal_tightening,1,[0],True,1414,5832983,5834396,1,True,22930.133,22944.263,22930.133,22944.263,14.13,0,0,1413,True,0.01,8.06549008735e-10,0.0099999999984,0.010000000002,100,3,"[0, 1, 2]"
3837,5,supplementary_operation,1,[5],True,1349,5834397,5835745,1,True,22944.273,22957.753,22944.273,22957.753,13.48,0,0,1348,True,0.01,9.31322574615e-10,0.0099999999984,0.010000000002,100,3,"[0, 1, 2]"
3838,0,normal_tightening,1,[0],True,1343,5835746,5837088,1,True,22957.763,22971.183,22957.763,22971.183,13.42,0,0,1342,True,0.01,9.4576254541e-10,0.0099999999984,0.010000000002,100,2,"[1, 2]"
3839,5,supplementary_operation,1,[5],True,1491,5837089,5838579,1,True,22971.193,22986.093,22971.193,22986.093,14.9,0,0,1490,True,0.01,3.66371653517e-05,0.0089999999982,0.0110000000022,100,3,"[0, 1, 2]"
3840,0,normal_tightening,1,[0],True,1350,5838580,5839929,1,True,22986.103,22999.593,22986.103,22999.593,13.49,0,0,1349,True,0.01,9.31322574615e-10,0.0099999999984,0.010000000002,100,3,"[0, 1, 2]"
3841,5,supplementary_operation,1,[5],True,1471,5839930,5841400,1,True,22999.603,23014.303,22999.603,23014.303,14.7,0,0,1470,True,0.01,6.68755109252e-10,0.0099999999984,0.010000000002,100,3,"[0, 1, 2]"
3842,0,normal_tightening,1,[0],True,1451,5841401,5842851,1,True,23014.313,23028.813,23014.313,23028.813,14.5,0,0,1450,True,0.01,7.08126757561e-10,0.0099999999984,0.010000000002,100,3,"[0, 1, 2]"
3843,5,supplementary_operation,1,[5],True,1853,5842852,5844704,1,True,23028.823,23047.353,23028.823,23047.353,18.53,0,0,1852,True,0.010005399568,0.000232306962906,0.0099999999984,0.0200000000004,99.9460334593,3,"[0, 1, 2]"
3844,0,normal_tightening,1,[0],True,1280,5844705,5845984,1,True,23047.363,23060.153,23047.363,23060.153,12.79,0,0,1279,True,0.01,1.07959128165e-09,0.0099999999984,0.010000000002,100,2,"[1, 2]"
3845,5,supplementary_operation,1,[5],True,1841,5845985,5847825,1,True,23060.163,23078.563,23060.163,23078.563,18.4,0,0,1840,True,0.01,0,0.0099999999984,0.010000000002,100,3,"[0, 1, 2]"
3846,0,normal_tightening,1,[0],True,1283,5847826,5849108,1,True,23078.573,23091.393,23078.573,23091.393,12.82,0,0,1282,True,0.01,1.06696404865e-09,0.0099999999984,0.010000000002,100,2,"[1, 2]"
3847,5,supplementary_operation,1,[5],True,1878,5849109,5850986,1,True,23091.403,23110.173,23091.403,23110.173,18.77,0,0,1877,True,0.01,0,0.0099999999984,0.010000000002,100,2,"[1, 2]"
3848,0,normal_tightening,1,[0],True,1231,5850987,5852217,1,True,23110.183,23122.483,23110.183,23122.483,12.3,0,0,1230,True,0.01,1.13467620043e-09,0.0099999999984,0.010000000002,100,3,"[0, 1, 2]"
3849,5,supplementary_operation,1,[5],True,1817,5852218,5854034,1,True,23122.493,23140.673,23122.493,23140.673,18.18,0,0,1816,True,0.0100110132159,0.000331678862208,0.0099999999984,0.0200000000004,99.8899889989,3,"[0, 1, 2]"
3850,0,normal_tightening,1,[0],True,1552,5854035,5855586,1,True,23140.683,23156.203,23140.683,23156.203,15.52,0,0,1551,True,0.0100064474533,0.000253836488535,0.0099999999984,0.0200000000004,99.9355670103,2,"[1, 2]"
3851,5,supplementary_operation,1,[5],True,1880,5855587,5857466,1,True,23156.213,23175.003,23156.213,23175.003,18.79,0,0,1879,True,0.01,0,0.0099999999984,0.010000000002,100,3,"[0, 1, 2]"
3852,0,normal_tightening,1,[0],True,1541,5857467,5859007,1,True,23175.013,23190.413,23175.013,23190.413,15.4,0,0,1540,True,0.01,4.65661287308e-10,0.0099999999984,0.010000000002,100,2,"[1, 2]"
3853,5,supplementary_operation,1,[5],True,1853,5859008,5860860,1,True,23190.423,23208.943,23190.423,23208.943,18.52,0,0,1852,True,0.01,0,0.0099999999984,0.010000000002,100,3,"[0, 1, 2]"
3854,0,normal_tightening,1,[0],True,1562,5860861,5862422,1,True,23208.953,23224.563,23208.953,23224.563,15.61,0,0,1561,True,0.01,4.03274504367e-10,0.0099999999984,0.010000000002,100,2,"[1, 2]"
3855,5,supplementary_operation,1,[5],True,1802,5862423,5864224,1,True,23224.573,23242.593,23224.573,23242.593,18.02,0,0,1801,True,0.0100055524708,0.000235571387412,0.0099999999984,0.0200000000004,99.9445061043,3,"[0, 1, 2]"
3856,0,normal_tightening,1,[0],True,1513,5864225,5865737,1,True,23242.603,23257.733,23242.603,23257.733,15.13,0,0,1512,True,0.0100066137566,0.000257087192149,0.0099999999984,0.0200000000004,99.9339061467,3,"[0, 1, 2]"
3857,5,supplementary_operation,1,[5],True,1813,5865738,5867550,1,True,23257.743,23275.863,23257.743,23275.863,18.12,0,0,1812,True,0.01,0,0.0099999999984,0.010000000002,100,3,"[0, 1, 2]"
3858,0,normal_tightening,1,[0],True,1677,5867551,5869227,1,True,23275.873,23292.633,23275.873,23292.633,16.76,0,0,1676,True,0.01,0,0.0099999999984,0.010000000002,100,3,"[0, 1, 2]"
3859,5,supplementary_operation,1,[5],True,1806,5869228,5871033,1,True,23292.643,23310.693,23292.643,23310.693,18.05,0,0,1805,True,0.01,0,0.0099999999984,0.010000000002,100,3,"[0, 1, 2]"
3860,0,normal_tightening,1,[0],True,1669,5871034,5872702,1,True,23310.703,23327.383,23310.703,23327.383,16.68,0,0,1668,True,0.01,0,0.0099999999984,0.010000000002,100,3,"[0, 1, 2]"
3861,5,supplementary_operation,1,[5],True,2388,5872703,5875090,1,True,23327.393,24373.619,23327.393,24373.619,1046.226,0,0,2387,True,0.43830163385,20.9211209759,0.0099999999984,1022.366,2.28153381774,3,"[0, 1, 2]"
3862,0,normal_tightening,1,[0],True,1537,5875091,5876627,1,True,24373.629,24388.989,24373.629,24388.989,15.36,0,0,1536,True,0.01,4.93908380987e-10,0.0099999999984,0.010000000002,100,3,"[0, 1, 2]"
3863,5,supplementary_operation,1,[5],True,1867,5876628,5878494,1,True,24388.999,24407.659,24388.999,24407.659,18.66,0,0,1866,True,0.01,0,0.0099999999984,0.010000000002,100,3,"[0, 1, 2]"
3864,0,normal_tightening,1,[0],True,1534,5878495,5880028,1,True,24407.669,24422.999,24407.669,24422.999,15.33,0,0,1533,True,0.01,4.79992668333e-10,0.0099999999984,0.010000000002,100,3,"[0, 1, 2]"
3865,5,supplementary_operation,1,[5],True,1788,5880029,5881816,1,True,24423.009,24440.879,24423.009,24440.879,17.87,0,0,1787,True,0.01,0,0.0099999999984,0.010000000002,100,3,"[0, 1, 2]"
3866,0,normal_tightening,1,[0],True,1651,5881817,5883467,1,True,24440.889,24457.389,24440.889,24457.389,16.5,0,0,1650,True,0.01,0,0.0099999999984,0.010000000002,100,3,"[0, 1, 2]"
3867,5,supplementary_operation,1,[5],True,1857,5883468,5885324,1,True,24457.399,24475.959,24457.399,24475.959,18.56,0,0,1856,True,0.01,0,0.0099999999984,0.010000000002,100,3,"[0, 1, 2]"
3868,0,normal_tightening,1,[0],True,1524,5885325,5886848,1,True,24475.969,24491.199,24475.969,24491.199,15.23,0,0,1523,True,0.01,5.07442623323e-10,0.0099999999984,0.010000000002,100,3,"[0, 1, 2]"
3869,5,supplementary_operation,1,[5],True,1820,5886849,5888668,1,True,24491.209,24509.409,24491.209,24509.409,18.2,0,0,1819,True,0.0100054975261,0.000236737288078,0.0089999999982,0.0200000000004,99.9450549451,3,"[0, 1, 2]"
3870,0,normal_tightening,1,[0],True,1519,5888669,5890187,1,True,24509.419,24524.599,24509.419,24524.599,15.18,0,0,1518,True,0.01,5.46036260182e-10,0.0099999999984,0.010000000002,100,3,"[0, 1, 2]"
3871,5,supplementary_operation,1,[5],True,2008,5890188,5892195,1,True,24524.609,1069.127,1049.167,24524.719,23475.552,1,0,2006,False,0.0100049850449,0.000223216482331,0.0099999999984,0.02,99.9501743897,3,"[0, 1, 2]"
3872,0,normal_tightening,1,[0],True,1415,5892196,5893610,1,True,1069.137,1083.277,1069.137,1083.277,14.14,0,0,1414,True,0.01,1.25383138823e-09,0.00999999999954,0.0100000000004,100,3,"[0, 1, 2]"
3873,5,supplementary_operation,1,[5],True,1846,5893611,5895456,1,True,1083.287,1101.737,1083.287,1101.737,18.45,0,0,1845,True,0.01,1.50891502816e-09,0.00999999999954,0.0100000000004,100,3,"[0, 1, 2]"
3874,0,normal_tightening,1,[0],True,1446,5895457,5896902,1,True,1101.747,1116.197,1101.747,1116.197,14.45,0,0,1445,True,0.01,1.29110837663e-09,0.00999999999954,0.0100000000004,100,3,"[0, 1, 2]"
3875,5,supplementary_operation,1,[5],True,1891,5896903,5898793,1,True,1116.207,1135.107,1116.207,1135.107,18.9,0,0,1890,True,0.01,1.51787009211e-09,0.00999999999954,0.0100000000004,100,3,"[0, 1, 2]"
3876,0,normal_tightening,1,[0],True,1544,5898794,5900337,1,True,1135.117,1150.547,1135.117,1150.547,15.43,0,0,1543,True,0.01,1.35262380804e-09,0.00999999999954,0.0100000000004,100,3,"[0, 1, 2]"
3877,5,supplementary_operation,1,[5],True,1428,5900338,5901765,1,True,1150.557,1164.827,1150.557,1164.827,14.27,0,0,1427,True,0.01,1.26459408682e-09,0.00999999999954,0.0100000000004,100,3,"[0, 1, 2]"
3878,0,normal_tightening,1,[0],True,1565,5901766,5903330,1,True,1164.837,1180.477,1164.837,1180.477,15.64,0,0,1564,True,0.01,1.36260640699e-09,0.00999999999954,0.0100000000004,100,3,"[0, 1, 2]"
3879,5,supplementary_operation,1,[5],True,1367,5903331,5904697,1,True,1180.487,1194.147,1180.487,1194.147,13.66,0,0,1366,True,0.01,1.23202396141e-09,0.00999999999954,0.0100000000004,100,3,"[0, 1, 2]"
3880,0,normal_tightening,1,[0],True,1535,5904698,5906232,1,True,1194.157,1209.497,1194.157,1209.497,15.34,0,0,1534,True,0.01,1.34256698595e-09,0.00999999999954,0.0100000000004,100,3,"[0, 1, 2]"
3881,5,supplementary_operation,1,[5],True,1380,5906233,5907612,1,True,1209.507,1223.297,1209.507,1223.297,13.79,0,0,1379,True,0.01,1.23751184586e-09,0.00999999999954,0.0100000000004,100,3,"[0, 1, 2]"
3882,0,normal_tightening,1,[0],True,1399,5907613,5909011,1,True,1223.307,1237.287,1223.307,1237.287,13.98,0,0,1398,True,0.01,1.2484152446e-09,0.00999999999954,0.0100000000004,100,3,"[0, 1, 2]"
3883,5,supplementary_operation,1,[5],True,1417,5909012,5910428,1,True,1237.297,1251.457,1237.297,1251.457,14.16,0,0,1416,True,0.01,1.25383138823e-09,0.00999999999954,0.0100000000004,100,3,"[0, 1, 2]"
3884,0,normal_tightening,1,[0],True,1489,5910429,5911917,1,True,1251.467,1266.347,1251.467,1266.347,14.88,0,0,1488,True,0.01,1.3222238854e-09,0.00999999999954,0.0100000000004,100,3,"[0, 1, 2]"
3885,5,supplementary_operation,1,[5],True,1464,5911918,5913381,1,True,1266.357,1280.987,1266.357,1280.987,14.63,0,0,1463,True,0.01,1.29634616031e-09,0.00999999999954,0.0100000000004,100,2,"[1, 2]"
3886,0,normal_tightening,1,[0],True,1304,5913382,5914685,1,True,1280.997,1294.027,1280.997,1294.027,13.03,0,0,1303,True,0.01,1.16415321827e-09,0.00999999999954,0.0100000000004,100,3,"[0, 1, 2]"
3887,5,supplementary_operation,1,[5],True,1858,5914686,5916543,1,True,1294.037,1312.607,1294.037,1312.607,18.57,0,0,1857,True,0.01,1.50891502816e-09,0.00999999999954,0.0100000000004,100,3,"[0, 1, 2]"
3888,0,normal_tightening,1,[0],True,1351,5916544,5917894,1,True,1312.617,1326.117,1312.617,1326.117,13.5,0,0,1350,True,0.01,1.02815228355e-09,0.00999999999954,0.0100000000004,100,3,"[0, 1, 2]"
3889,5,supplementary_operation,1,[5],True,1867,5917895,5919761,1,True,1326.127,1344.787,1326.127,1344.787,18.66,0,0,1866,True,0.01,1.40665168567e-09,0.00999999999954,0.0100000000004,100,2,"[1, 2]"
3890,0,normal_tightening,1,[0],True,1467,5919762,5921228,1,True,1344.797,1359.457,1344.797,1359.457,14.66,0,0,1466,True,0.01,1.14655795062e-09,0.00999999999954,0.0100000000004,100,3,"[0, 1, 2]"
3891,5,supplementary_operation,1,[5],True,1869,5921229,5923097,1,True,1359.467,1378.147,1359.467,1378.147,18.68,0,0,1868,True,0.01,1.33243426008e-09,0.00999999999931,0.0100000000007,100,3,"[0, 1, 2]"
3892,0,normal_tightening,1,[0],True,1290,5923098,5924387,1,True,1378.157,1391.047,1378.157,1391.047,12.89,0,0,1289,True,0.01,1.03472201355e-09,0.00999999999931,0.0100000000007,100,2,"[1, 2]"
3893,5,supplementary_operation,1,[5],True,1860,5924388,5926247,1,True,1391.057,1409.647,1391.057,1409.647,18.59,0,0,1859,True,0.01,1.32733889052e-09,0.00999999999931,0.0100000000007,100,3,"[0, 1, 2]"
3894,0,normal_tightening,1,[0],True,1611,5926248,5927858,1,True,1409.657,1425.757,1409.657,1425.757,16.1,0,0,1610,True,0.01,1.23751184586e-09,0.00999999999931,0.0100000000007,100,3,"[0, 1, 2]"
3895,5,supplementary_operation,1,[5],True,1858,5927859,5929716,1,True,1425.767,1444.337,1425.767,1444.337,18.57,0,0,1857,True,0.01,1.3375102185e-09,0.00999999999931,0.0100000000007,100,3,"[0, 1, 2]"
3896,0,normal_tightening,1,[0],True,1561,5929717,5931277,1,True,1444.347,1459.947,1444.347,1459.947,15.6,0,0,1560,True,0.01,1.21541164221e-09,0.00999999999931,0.0100000000007,100,3,"[0, 1, 2]"
3897,5,supplementary_operation,1,[5],True,1861,5931278,5933138,1,True,1459.957,1478.557,1459.957,1478.557,18.6,0,0,1860,True,0.01,1.33243426008e-09,0.00999999999931,0.0100000000007,100,3,"[0, 1, 2]"
3898,0,normal_tightening,1,[0],True,1763,5933139,5934901,1,True,1478.567,1496.187,1478.567,1496.187,17.62,0,0,1762,True,0.01,1.30675874654e-09,0.00999999999931,0.0100000000007,100,2,"[1, 2]"
3899,5,supplementary_operation,1,[5],True,1846,5934902,5936747,1,True,1496.197,1514.647,1496.197,1514.647,18.45,0,0,1845,True,0.01,1.3375102185e-09,0.00999999999931,0.0100000000007,100,3,"[0, 1, 2]"
3900,0,normal_tightening,1,[0],True,1704,5936748,5938451,1,True,1514.657,1531.687,1514.657,1531.687,17.03,0,0,1703,True,0.01,1.27526595608e-09,0.00999999999931,0.0100000000007,100,3,"[0, 1, 2]"
3901,5,supplementary_operation,1,[5],True,1879,5938452,5940330,1,True,1531.697,1550.477,1531.697,1550.477,18.78,0,0,1878,True,0.01,1.35262380804e-09,0.00999999999931,0.0100000000007,100,2,"[1, 2]"
3902,0,normal_tightening,1,[0],True,1621,5940331,5941951,1,True,1550.487,1566.687,1550.487,1566.687,16.2,0,0,1620,True,0.01,1.23751184586e-09,0.00999999999931,0.0100000000007,100,3,"[0, 1, 2]"
3903,5,supplementary_operation,1,[5],True,1852,5941952,5943803,1,True,1566.697,1585.207,1566.697,1585.207,18.51,0,0,1851,True,0.01,1.3375102185e-09,0.00999999999931,0.0100000000007,100,3,"[0, 1, 2]"
3904,0,normal_tightening,1,[0],True,1545,5943804,5945348,1,True,1585.217,1600.657,1585.217,1600.657,15.44,0,0,1544,True,0.01,1.2098235131e-09,0.00999999999931,0.0100000000007,100,3,"[0, 1, 2]"
3905,5,supplementary_operation,1,[5],True,1865,5945349,5947213,1,True,1600.667,1619.307,1600.667,1619.307,18.64,0,0,1864,True,0.01,1.3375102185e-09,0.00999999999931,0.0100000000007,100,3,"[0, 1, 2]"
3906,0,normal_tightening,1,[0],True,1529,5947214,5948742,1,True,1619.317,1634.597,1619.317,1634.597,15.28,0,0,1528,True,0.01,1.20420945259e-09,0.00999999999931,0.0100000000007,100,3,"[0, 1, 2]"
3907,5,supplementary_operation,1,[5],True,1819,5948743,5950561,1,True,1634.607,1652.787,1634.607,1652.787,18.18,0,0,1818,True,0.01,1.3222238854e-09,0.00999999999931,0.0100000000007,100,3,"[0, 1, 2]"
3908,0,normal_tightening,1,[0],True,1541,5950562,5952102,1,True,1652.797,1668.197,1652.797,1668.197,15.4,0,0,1540,True,0.01,1.20420945259e-09,0.00999999999931,0.0100000000007,100,3,"[0, 1, 2]"
3909,5,supplementary_operation,1,[5],True,1852,5952103,5953954,1,True,2046.474,2064.984,2046.474,2064.984,18.51,0,0,1851,True,0.01,7.89567127722e-10,0.00999999999976,0.0100000000002,100,3,"[0, 1, 2]"
3910,0,normal_tightening,1,[0],True,1371,5953955,5955325,1,True,2064.994,2078.694,2064.994,2078.694,13.7,0,0,1370,True,0.01,0,0.00999999999976,0.0100000000002,100,2,"[1, 2]"
3911,5,supplementary_operation,1,[5],True,1834,5955326,5957159,1,True,2078.704,2097.034,2078.704,2097.034,18.33,0,0,1833,True,0.01,7.80937719683e-10,0.00999999999976,0.0100000000002,100,3,"[0, 1, 2]"
3912,0,normal_tightening,1,[0],True,1397,5957160,5958556,1,True,2097.044,2111.004,2097.044,2111.004,13.96,0,0,1396,True,0.01,0,0.00999999999976,0.0100000000002,100,3,"[0, 1, 2]"
3913,5,supplementary_operation,1,[5],True,1870,5958557,5960426,1,True,2111.014,2129.704,2111.014,2129.704,18.69,0,0,1869,True,0.01,8.31371688813e-10,0.00999999999976,0.0100000000002,100,3,"[0, 1, 2]"
3914,0,normal_tightening,1,[0],True,1396,5960427,5961822,1,True,2129.714,2143.664,2129.714,2143.664,13.95,0,0,1395,True,0.01,0,0.00999999999976,0.0100000000002,100,2,"[1, 2]"
3915,5,supplementary_operation,1,[5],True,1864,5961823,5963686,1,True,2143.674,2162.304,2143.674,2162.304,18.63,0,0,1863,True,0.01,8.14907252789e-10,0.00999999999976,0.0100000000002,100,3,"[0, 1, 2]"
3916,0,normal_tightening,1,[0],True,1395,5963687,5965081,1,True,2162.314,2176.254,2162.314,2176.254,13.94,0,0,1394,True,0.01,0,0.00999999999976,0.0100000000002,100,3,"[0, 1, 2]"
3917,5,supplementary_operation,1,[5],True,1831,5965082,5966912,1,True,2176.264,2194.564,2176.264,2194.564,18.3,0,0,1830,True,0.01,7.72211884697e-10,0.00999999999976,0.0100000000002,100,3,"[0, 1, 2]"
3918,0,normal_tightening,1,[0],True,1342,5966913,5968254,1,True,2194.574,2207.984,2194.574,2207.984,13.41,0,0,1341,True,0.01,0,0.00999999999976,0.0100000000002,100,3,"[0, 1, 2]"
3919,5,supplementary_operation,1,[5],True,1854,5968255,5970108,1,True,2207.994,2226.524,2207.994,2226.524,18.53,0,0,1853,True,0.01,7.9810323664e-10,0.00999999999976,0.0100000000002,100,3,"[0, 1, 2]"
3920,0,normal_tightening,1,[0],True,1330,5970109,5971438,1,True,2226.534,2239.824,2226.534,2239.824,13.29,0,0,1329,True,0.01,0,0.00999999999976,0.0100000000002,100,3,"[0, 1, 2]"
3921,5,supplementary_operation,1,[5],True,1874,5971439,5973312,1,True,2239.834,2258.564,2239.834,2258.564,18.73,0,0,1873,True,0.01,8.39482824193e-10,0.00999999999976,0.0100000000002,100,2,"[1, 2]"
3922,0,normal_tightening,1,[0],True,1359,5973313,5974671,1,True,2258.574,2272.154,2258.574,2272.154,13.58,0,0,1358,True,0.01,0,0.00999999999976,0.0100000000002,100,2,"[1, 2]"
3923,5,supplementary_operation,1,[5],True,1853,5974672,5976524,1,True,2560.62,2579.14,2560.62,2579.14,18.52,0,0,1852,True,0.01,8.06549008735e-10,0.00999999999976,0.0100000000002,100,3,"[0, 1, 2]"
3924,0,normal_tightening,1,[0],True,1575,5976525,5978099,1,True,2579.15,2594.89,2579.15,2594.89,15.74,0,0,1574,True,0.01,0,0.00999999999976,0.0100000000002,100,3,"[0, 1, 2]"
3925,5,supplementary_operation,1,[5],True,1860,5978100,5979959,1,True,2594.9,2613.49,2594.9,2613.49,18.59,0,0,1859,True,0.01,8.14907252789e-10,0.00999999999976,0.0100000000002,100,3,"[0, 1, 2]"
3926,0,normal_tightening,1,[0],True,1541,5979960,5981500,1,True,2613.5,2628.9,2613.5,2628.9,15.4,0,0,1540,True,0.01,0,0.00999999999976,0.0100000000002,100,3,"[0, 1, 2]"
3927,5,supplementary_operation,1,[5],True,1876,5981501,5983376,1,True,2628.91,2647.67,2628.91,2647.67,18.76,0,0,1875,True,0.0100053333333,0.000230878515435,0.00999999999976,0.02,99.9466950959,3,"[0, 1, 2]"
3928,0,normal_tightening,1,[0],True,1529,5983377,5984905,1,True,2647.68,2662.96,2647.68,2662.96,15.28,0,0,1528,True,0.01,0,0.00999999999976,0.0100000000002,100,2,"[1, 2]"
3929,5,supplementary_operation,1,[5],True,1878,5984906,5986783,1,True,2662.97,2681.74,2662.97,2681.74,18.77,0,0,1877,True,0.01,8.39482824193e-10,0.00999999999976,0.0100000000002,100,3,"[0, 1, 2]"
3930,0,normal_tightening,1,[0],True,1660,5986784,5988443,1,True,2681.75,2698.34,2681.75,2698.34,16.59,0,0,1659,True,0.01,4.65661287308e-10,0.00999999999976,0.0100000000002,100,3,"[0, 1, 2]"
3931,5,supplementary_operation,1,[5],True,1835,5988444,5990278,1,True,2698.35,2716.7,2698.35,2716.7,18.35,0,0,1834,True,0.0100054525627,0.000233443561927,0.00999999999976,0.02,99.9455040872,3,"[0, 1, 2]"
3932,0,normal_tightening,1,[0],True,1344,5990279,5991622,1,True,2716.71,2730.14,2716.71,2730.14,13.43,0,0,1343,True,0.01,0,0.00999999999976,0.0100000000002,100,2,"[1, 2]"
3933,5,supplementary_operation,1,[5],True,1853,5991623,5993475,1,True,2730.15,2748.69,2730.15,2748.69,18.54,0,0,1852,True,0.0100107991361,0.000328442901204,0.00999999999976,0.02,99.8921251348,3,"[0, 1, 2]"
3934,0,normal_tightening,1,[0],True,1455,5993476,5994930,1,True,2748.7,2763.25,2748.7,2763.25,14.55,0,0,1454,True,0.0100068775791,0.000262161190543,0.00999999999976,0.02,99.9312714777,3,"[0, 1, 2]"
3935,5,supplementary_operation,1,[5],True,1814,5994931,5996744,1,True,2763.26,2781.39,2763.26,2781.39,18.13,0,0,1813,True,0.01,7.54457514082e-10,0.00999999999976,0.0100000000002,100,3,"[0, 1, 2]"
3936,0,normal_tightening,1,[0],True,1356,5996745,5998100,1,True,2781.4,2794.97,2781.4,2794.97,13.57,0,0,1355,True,0.0100147601476,0.000383905735899,0.00999999999976,0.02,99.8526160649,3,"[0, 1, 2]"
3937,5,supplementary_operation,1,[5],True,1867,5998101,5999967,1,True,2794.98,2813.64,2794.98,2813.64,18.66,0,0,1866,True,0.01,8.14907252789e-10,0.00999999999976,0.0100000000002,100,3,"[0, 1, 2]"
3938,0,normal_tightening,1,[0],True,1612,5999968,6001579,1,True,2813.65,2829.76,2813.65,2829.76,16.11,0,0,1611,True,0.01,2.85158136718e-10,0.00999999999976,0.0100000000002,100,3,"[0, 1, 2]"
3939,5,supplementary_operation,1,[5],True,1596,6001580,6003175,1,True,17766.565,17782.515,17766.565,17782.515,15.95,0,0,1595,True,0.01,5.07442623323e-10,0.00999999999476,0.0100000000057,100,3,"[0, 1, 2]"
3940,1,damaged_screw,1,[1],True,1184,6003176,6004359,1,True,17782.525,17794.365,17782.525,17794.365,11.84,0,0,1183,True,0.0100084530854,0.000290618993044,0.00999999999476,0.0200000000004,99.9155405405,3,"[0, 1, 2]"
3941,5,supplementary_operation,1,[5],True,1446,6004360,6005805,1,True,17794.375,17808.825,17794.375,17808.825,14.45,0,0,1445,True,0.01,7.9810323664e-10,0.00999999999476,0.0100000000057,100,2,"[1, 2]"
3942,1,damaged_screw,1,[1],True,1243,6005806,6007048,1,True,17808.835,17821.255,17808.835,17821.255,12.42,0,0,1242,True,0.01,1.10441271454e-09,0.00999999999476,0.0100000000057,100,3,"[0, 1, 2]"
3943,5,supplementary_operation,1,[5],True,1375,6007049,6008423,1,True,17821.265,17835.005,17821.265,17835.005,13.74,0,0,1374,True,0.01,8.94203054238e-10,0.00999999999476,0.0100000000057,100,3,"[0, 1, 2]"
3944,1,damaged_screw,1,[1],True,1317,6008424,6009740,1,True,17835.015,17848.175,17835.015,17848.175,13.16,0,0,1316,True,0.01,9.94652945702e-10,0.00999999999476,0.0100000000057,100,3,"[0, 1, 2]"
3945,5,supplementary_operation,1,[5],True,1378,6009741,6011118,1,True,17848.185,17861.955,17848.185,17861.955,13.77,0,0,1377,True,0.01,8.94203054238e-10,0.00999999999476,0.0100000000057,100,3,"[0, 1, 2]"
3946,1,damaged_screw,1,[1],True,1806,6011119,6012924,1,True,17861.965,17880.015,17861.965,17880.015,18.05,0,0,1805,True,0.01,0,0.00999999999476,0.0100000000057,100,3,"[0, 1, 2]"
3947,5,supplementary_operation,1,[5],True,1618,6012925,6014542,1,True,17880.025,18511.755,17880.025,18511.755,631.73,0,0,1617,True,0.390680272109,15.3029087872,0.0099999999984,615.56,2.55963781995,3,"[0, 1, 2]"
3948,1,damaged_screw,1,[1],True,1764,6014543,6016306,1,True,18511.765,18529.415,18511.765,18529.415,17.65,0,0,1763,True,0.0100113442995,0.000336621897347,0.0099999999984,0.0200000000004,99.8866855524,3,"[0, 1, 2]"
3949,5,supplementary_operation,1,[5],True,1676,6016307,6017982,1,True,18529.425,18546.175,18529.425,18546.175,16.75,0,0,1675,True,0.01,0,0.0099999999984,0.010000000002,100,3,"[0, 1, 2]"
3950,0,normal_tightening,1,[0],True,1704,6017983,6019686,1,True,18546.185,18563.215,18546.185,18563.215,17.03,0,0,1703,True,0.01,0,0.0099999999984,0.010000000002,100,3,"[0, 1, 2]"
3951,5,supplementary_operation,1,[5],True,1639,6019687,6021325,1,True,18563.225,18579.605,18563.225,18579.605,16.38,0,0,1638,True,0.01,0,0.0099999999984,0.010000000002,100,3,"[0, 1, 2]"
3952,1,damaged_screw,1,[1],True,1693,6021326,6023018,1,True,18579.615,18596.545,18579.615,18596.545,16.93,0,0,1692,True,0.0100059101655,0.000243036468036,0.0099999999984,0.0200000000004,99.9409332546,3,"[0, 1, 2]"
3953,5,supplementary_operation,1,[5],True,1528,6023019,6024546,1,True,18596.555,18611.825,18596.555,18611.825,15.27,0,0,1527,True,0.01,5.07442623323e-10,0.0099999999984,0.010000000002,100,3,"[0, 1, 2]"
3954,1,damaged_screw,1,[1],True,1668,6024547,6026214,1,True,18611.835,18628.515,18611.835,18628.515,16.68,0,0,1667,True,0.0100059988002,0.000244851009392,0.0099999999984,0.0200000000004,99.9400479616,3,"[0, 1, 2]"
3955,5,supplementary_operation,1,[5],True,1669,6026215,6027883,1,True,18628.525,18645.205,18628.525,18645.205,16.68,0,0,1668,True,0.01,0,0.0099999999984,0.010000000002,100,3,"[0, 1, 2]"
3956,0,normal_tightening,1,[0],True,1731,6027884,6029614,1,True,18645.215,18662.515,18645.215,18662.515,17.3,0,0,1730,True,0.01,0,0.0099999999984,0.010000000002,100,3,"[0, 1, 2]"
3957,5,supplementary_operation,1,[5],True,1541,6029615,6031155,1,True,18662.525,18677.935,18662.525,18677.935,15.41,0,0,1540,True,0.0100064935065,0.000254740847361,0.0099999999984,0.0200000000004,99.9351070733,3,"[0, 1, 2]"
3958,1,damaged_screw,1,[1],True,1693,6031156,6032848,1,True,18677.945,18694.875,18677.945,18694.875,16.93,0,0,1692,True,0.0100059101655,0.000243036468036,0.0099999999984,0.0200000000004,99.9409332546,3,"[0, 1, 2]"
3959,5,supplementary_operation,1,[5],True,1509,6032849,6034357,1,True,18694.885,18709.965,18694.885,18709.965,15.08,0,0,1508,True,0.01,5.82076609135e-10,0.0099999999984,0.010000000002,100,3,"[0, 1, 2]"
3960,1,damaged_screw,1,[1],True,1707,6034358,6036064,1,True,18709.975,18727.035,18709.975,18727.035,17.06,0,0,1706,True,0.01,0,0.0099999999984,0.010000000002,100,3,"[0, 1, 2]"
3961,5,supplementary_operation,1,[5],True,1594,6036065,6037658,1,True,18727.045,18742.975,18727.045,18742.975,15.93,0,0,1593,True,0.01,2.85158136718e-10,0.0099999999984,0.010000000002,100,3,"[0, 1, 2]"
3962,1,damaged_screw,1,[1],True,1666,6037659,6039324,1,True,18742.985,18759.645,18742.985,18759.645,16.66,0,0,1665,True,0.010006006006,0.000244997934597,0.0099999999984,0.0200000000004,99.9399759904,3,"[0, 1, 2]"
3963,5,supplementary_operation,1,[5],True,1552,6039325,6040876,1,True,18759.655,18775.165,18759.655,18775.165,15.51,0,0,1551,True,0.01,4.35586248847e-10,0.0099999999984,0.010000000002,100,3,"[0, 1, 2]"
3964,0,normal_tightening,1,[0],True,1666,6040877,6042542,1,True,18775.175,18791.825,18775.175,18791.825,16.65,0,0,1665,True,0.01,0,0.0099999999984,0.010000000002,100,3,"[0, 1, 2]"
3965,5,supplementary_operation,1,[5],True,1496,6042543,6044038,1,True,18791.835,18806.795,18791.835,18806.795,14.96,0,0,1495,True,0.0100066889632,0.00025854378717,0.0099999999984,0.0200000000004,99.9331550802,3,"[0, 1, 2]"
3966,0,normal_tightening,1,[0],True,1714,6044039,6045752,1,True,18806.805,18823.935,18806.805,18823.935,17.13,0,0,1713,True,0.01,0,0.0099999999984,0.010000000002,100,3,"[0, 1, 2]"
3967,5,supplementary_operation,1,[5],True,1492,6045753,6047244,1,True,18823.945,18838.855,18823.945,18838.855,14.91,0,0,1491,True,0.01,5.93603997677e-10,0.0099999999984,0.010000000002,100,2,"[1, 2]"
3968,0,normal_tightening,1,[0],True,1308,6047245,6048552,1,True,18838.865,18851.935,18838.865,18851.935,13.07,0,0,1307,True,0.01,1.01488524665e-09,0.0099999999984,0.010000000002,100,3,"[0, 1, 2]"
3969,5,supplementary_operation,1,[5],True,1556,6048553,6050108,1,True,18851.945,18867.495,18851.945,18867.495,15.55,0,0,1555,True,0.01,4.35586248847e-10,0.0099999999984,0.010000000002,100,3,"[0, 1, 2]"
3970,0,normal_tightening,1,[0],True,1271,6050109,6051379,1,True,18867.505,18880.215,18867.505,18880.215,12.71,0,0,1270,True,0.0100078740157,0.000280496269787,0.0099999999984,0.0200000000004,99.9213217939,3,"[0, 1, 2]"
3971,5,supplementary_operation,1,[5],True,1486,6051380,6052865,1,True,18880.225,18895.075,18880.225,18895.075,14.85,0,0,1485,True,0.01,6.37632978038e-10,0.0099999999984,0.010000000002,100,2,"[1, 2]"
3972,0,normal_tightening,1,[0],True,1234,6052866,6054099,1,True,18895.085,18907.415,18895.085,18907.415,12.33,0,0,1233,True,0.01,1.14063254687e-09,0.0099999999984,0.010000000002,100,2,"[1, 2]"
3973,5,supplementary_operation,1,[5],True,1470,6054100,6055569,1,True,18907.425,18922.115,18907.425,18922.115,14.69,0,0,1469,True,0.01,6.48173080155e-10,0.0099999999984,0.010000000002,100,3,"[0, 1, 2]"
3974,0,normal_tightening,1,[0],True,1282,6055570,6056851,1,True,18922.125,18934.935,18922.125,18934.935,12.81,0,0,1281,True,0.01,1.07329623509e-09,0.0099999999984,0.010000000002,100,3,"[0, 1, 2]"
3975,5,supplementary_operation,1,[5],True,1407,6056852,6058258,1,True,18934.945,18949.005,18934.945,18949.005,14.06,0,0,1406,True,0.01,8.06549008735e-10,0.0099999999984,0.010000000002,100,2,"[1, 2]"
3976,0,normal_tightening,1,[0],True,1718,6058259,6059976,1,True,18949.015,18966.185,18949.015,18966.185,17.17,0,0,1717,True,0.01,0,0.0099999999984,0.010000000002,100,3,"[0, 1, 2]"
3977,5,supplementary_operation,1,[5],True,1335,6059977,6061311,1,True,18966.195,18979.535,18966.195,18979.535,13.34,0,0,1334,True,0.01,9.59985336665e-10,0.0099999999984,0.010000000002,100,3,"[0, 1, 2]"
3978,0,normal_tightening,1,[0],True,1718,6061312,6063029,1,True,18979.545,18996.715,18979.545,18996.715,17.17,0,0,1717,True,0.01,0,0.0099999999984,0.010000000002,100,3,"[0, 1, 2]"
3979,5,supplementary_operation,1,[5],True,1648,6063030,6064677,1,True,18996.725,19013.195,18996.725,19013.195,16.47,0,0,1647,True,0.01,0,0.0099999999984,0.010000000002,100,3,"[0, 1, 2]"
3980,0,normal_tightening,1,[0],True,1702,6064678,6066379,1,True,19013.205,19030.215,19013.205,19030.215,17.01,0,0,1701,True,0.01,0,0.0099999999984,0.010000000002,100,3,"[0, 1, 2]"
3981,5,supplementary_operation,1,[5],True,1606,6066380,6067985,1,True,19030.225,19046.285,19030.225,19046.285,16.06,0,0,1605,True,0.0100062305296,0.00024953251583,0.0099999999984,0.0200000000004,99.9377334994,3,"[0, 1, 2]"
3982,0,normal_tightening,1,[0],True,1745,6067986,6069730,1,True,19046.295,19063.735,19046.295,19063.735,17.44,0,0,1744,True,0.01,0,0.0099999999984,0.010000000002,100,3,"[0, 1, 2]"
3983,5,supplementary_operation,1,[5],True,1810,6069731,6071540,1,True,19063.745,19169.321,19063.745,19169.321,105.576,0,0,1809,True,0.0583615257048,1.49019768957,0.00999999999476,53.616,17.13457604,3,"[0, 1, 2]"
3984,0,normal_tightening,1,[0],True,1723,6071541,6073263,1,True,19169.331,19186.561,19169.331,19186.561,17.23,0,0,1722,True,0.0100058072009,0.000240911364851,0.00999999999476,0.0200000000004,99.9419616947,3,"[0, 1, 2]"
3985,5,supplementary_operation,1,[5],True,1614,6073264,6074877,1,True,19186.571,19202.701,19186.571,19202.701,16.13,0,0,1613,True,0.01,6.37632978038e-10,0.00999999999476,0.0100000000057,100,3,"[0, 1, 2]"
3986,0,normal_tightening,1,[0],True,1808,6074878,6076685,1,True,19202.711,19220.781,19202.711,19220.781,18.07,0,0,1807,True,0.01,3.68137571515e-10,0.00999999999476,0.0100000000057,100,3,"[0, 1, 2]"
3987,5,supplementary_operation,1,[5],True,1578,6076686,6078263,1,True,19220.791,19236.561,19220.791,19236.561,15.77,0,0,1577,True,0.01,7.08126757561e-10,0.00999999999476,0.0100000000057,100,3,"[0, 1, 2]"
3988,0,normal_tightening,1,[0],True,1687,6078264,6079950,1,True,19236.571,19253.431,19236.571,19253.431,16.86,0,0,1686,True,0.01,5.33482024325e-10,0.00999999999476,0.0100000000057,100,2,"[1, 2]"
3989,5,supplementary_operation,1,[5],True,1484,6079951,6081434,1,True,19253.441,19268.271,19253.441,19268.271,14.83,0,0,1483,True,0.01,8.06549008735e-10,0.00999999999476,0.0100000000057,100,3,"[0, 1, 2]"
3990,0,normal_tightening,1,[0],True,1714,6081435,6083148,1,True,19268.281,19285.411,19268.281,19285.411,17.13,0,0,1713,True,0.01,5.07442623323e-10,0.00999999999476,0.0100000000057,100,3,"[0, 1, 2]"
3991,5,supplementary_operation,1,[5],True,1505,6083149,6084653,1,True,19285.421,19300.461,19285.421,19300.461,15.04,0,0,1504,True,0.01,7.63386316167e-10,0.00999999999476,0.0100000000057,100,3,"[0, 1, 2]"
3992,0,normal_tightening,1,[0],True,1377,6084654,6086030,1,True,19300.471,19314.231,19300.471,19314.231,13.76,0,0,1376,True,0.01,9.31322574615e-10,0.00999999999476,0.0100000000057,100,2,"[1, 2]"
3993,5,supplementary_operation,1,[5],True,1455,6086031,6087485,1,True,19314.241,19328.781,19314.241,19328.781,14.54,0,0,1454,True,0.01,8.47516335696e-10,0.00999999999476,0.0100000000057,100,3,"[0, 1, 2]"
3994,0,normal_tightening,1,[0],True,1289,6087486,6088774,1,True,19328.791,19341.671,19328.791,19341.671,12.88,0,0,1288,True,0.01,1.02154030318e-09,0.00999999999476,0.0100000000057,100,3,"[0, 1, 2]"
3995,5,supplementary_operation,1,[5],True,1407,6088775,6090181,1,True,19341.681,19355.751,19341.681,19355.751,14.07,0,0,1406,True,0.0100071123755,0.000266595516765,0.00999999999476,0.0200000000077,99.9289267946,3,"[0, 1, 2]"
3996,0,normal_tightening,1,[0],True,1375,6090182,6091556,1,True,19355.761,19369.501,19355.761,19369.501,13.74,0,0,1374,True,0.01,9.31322574615e-10,0.00999999999476,0.0100000000057,100,3,"[0, 1, 2]"
3997,5,supplementary_operation,1,[5],True,1383,6091557,6092939,1,True,19369.511,19383.331,19369.511,19383.331,13.82,0,0,1382,True,0.01,9.31322574615e-10,0.00999999999476,0.0100000000057,100,3,"[0, 1, 2]"
3998,0,normal_tightening,1,[0],True,1713,6092940,6094652,1,True,19383.341,19400.461,19383.341,19400.461,17.12,0,0,1712,True,0.01,5.20625146455e-10,0.00999999999476,0.0100000000057,100,3,"[0, 1, 2]"
3999,5,supplementary_operation,1,[5],True,1710,6094653,6096362,1,True,19400.471,19417.561,19400.471,19417.561,17.09,0,0,1709,True,0.01,3.42092825286e-05,0.0089999999982,0.010999999995,100,2,"[1, 2]"
4000,0,normal_tightening,1,[0],True,1725,6096363,6098087,1,True,19417.571,19434.811,19417.571,19434.811,17.24,0,0,1724,True,0.01,4.93908380987e-10,0.00999999999476,0.0100000000057,100,3,"[0, 1, 2]"
4001,5,supplementary_operation,1,[5],True,1696,6098088,6099783,1,True,19434.821,19451.771,19434.821,19451.771,16.95,0,0,1695,True,0.01,5.46036260182e-10,0.00999999999476,0.0100000000057,100,3,"[0, 1, 2]"
4002,0,normal_tightening,1,[0],True,1702,6099784,6101485,1,True,19451.781,19468.791,19451.781,19468.791,17.01,0,0,1701,True,0.01,5.20625146455e-10,0.00999999999476,0.0100000000057,100,3,"[0, 1, 2]"
4003,5,supplementary_operation,1,[5],True,1711,6101486,6103196,1,True,19468.801,19485.901,19468.801,19485.901,17.1,0,0,1710,True,0.01,4.93908380987e-10,0.00999999999476,0.0100000000057,100,3,"[0, 1, 2]"
4004,0,normal_tightening,1,[0],True,2160,6103197,6105356,1,True,19485.911,19507.501,19485.911,19507.501,21.59,0,0,2159,True,0.01,0,0.00999999999476,0.0100000000057,100,3,"[0, 1, 2]"
4005,5,supplementary_operation,1,[5],True,1638,6105357,6106994,1,True,19507.511,19523.881,19507.511,19523.881,16.37,0,0,1637,True,0.01,6.16011980703e-10,0.00999999999476,0.0100000000057,100,3,"[0, 1, 2]"
4006,0,normal_tightening,1,[0],True,1833,6106995,6108827,1,True,19523.891,19542.211,19523.891,19542.211,18.32,0,0,1832,True,0.01,3.30409299713e-05,0.0089999999982,0.010999999995,100,3,"[0, 1, 2]"
4007,5,supplementary_operation,1,[5],True,1662,6108828,6110489,1,True,19542.221,19558.831,19542.221,19558.831,16.61,0,0,1661,True,0.01,5.93603997677e-10,0.00999999999476,0.0100000000057,100,3,"[0, 1, 2]"
4008,0,normal_tightening,1,[0],True,1730,6110490,6112219,1,True,19558.841,19576.131,19558.841,19576.131,17.29,0,0,1729,True,0.01,4.79992668333e-10,0.00999999999476,0.0100000000057,100,3,"[0, 1, 2]"
4009,5,supplementary_operation,1,[5],True,1473,6112220,6113692,1,True,19576.141,19590.861,19576.141,19590.861,14.72,0,0,1472,True,0.01,8.14907252789e-10,0.00999999999476,0.0100000000057,100,3,"[0, 1, 2]"
4010,0,normal_tightening,1,[0],True,1753,6113693,6115445,1,True,19590.871,19608.401,19590.871,19608.401,17.53,0,0,1752,True,0.0100057077626,0.000238841049615,0.00999999999476,0.0199999999968,99.9429549344,2,"[1, 2]"
4011,5,supplementary_operation,1,[5],True,1434,6115446,6116879,1,True,19608.411,19622.741,19608.411,19622.741,14.33,0,0,1433,True,0.01,8.63359133608e-10,0.00999999999476,0.0100000000057,100,3,"[0, 1, 2]"
4012,0,normal_tightening,1,[0],True,1761,6116880,6118640,1,True,19622.751,19640.351,19622.751,19640.351,17.6,0,0,1760,True,0.01,4.65661287308e-10,0.00999999999476,0.0100000000057,100,2,"[1, 2]"
4013,5,supplementary_operation,1,[5],True,1436,6118641,6120076,1,True,19640.361,19654.711,19640.361,19654.711,14.35,0,0,1435,True,0.01,8.71172497695e-10,0.00999999999476,0.0100000000057,100,3,"[0, 1, 2]"
4014,0,normal_tightening,1,[0],True,1776,6120077,6121852,1,True,19654.721,19672.471,19654.721,19672.471,17.75,0,0,1775,True,0.01,4.19741412097e-10,0.00999999999476,0.0100000000057,100,3,"[0, 1, 2]"
4015,5,supplementary_operation,1,[5],True,1407,6121853,6123259,1,True,19672.481,19686.541,19672.481,19686.541,14.06,0,0,1406,True,0.01,8.8659267708e-10,0.00999999999476,0.0100000000057,100,3,"[0, 1, 2]"
4016,0,normal_tightening,1,[0],True,1701,6123260,6124960,1,True,19686.551,19703.551,19686.551,19703.551,17,0,0,1700,True,0.01,5.33482024325e-10,0.00999999999476,0.0100000000057,100,3,"[0, 1, 2]"
4017,5,supplementary_operation,1,[5],True,1661,6124961,6126621,1,True,19703.561,19720.161,19703.561,19720.161,16.6,0,0,1660,True,0.01,5.70316273436e-10,0.00999999999476,0.0100000000057,100,3,"[0, 1, 2]"
4018,0,normal_tightening,1,[0],True,1702,6126622,6128323,1,True,19720.171,19737.181,19720.171,19737.181,17.01,0,0,1701,True,0.01,5.46036260182e-10,0.00999999999476,0.0100000000057,100,3,"[0, 1, 2]"
4019,5,supplementary_operation,1,[5],True,1734,6128324,6130057,1,True,19737.191,19822.377,19737.191,19822.377,85.186,0,0,1733,True,0.0491552221581,1.15971972141,0.00999999999476,37.89,20.3437184514,3,"[0, 1, 2]"
4020,0,normal_tightening,1,[0],True,1716,6130058,6131773,1,True,19822.387,19839.557,19822.387,19839.557,17.17,0,0,1715,True,0.0100116618076,0.000482804467481,0.0099999999984,0.0299999999988,99.8835177635,3,"[0, 1, 2]"
4021,5,supplementary_operation,1,[5],True,1449,6131774,6133222,1,True,19839.567,19854.247,19839.567,19854.247,14.68,0,0,1448,True,0.010138121547,0.00188999541249,0.0099999999984,0.0600000000013,98.6376021798,3,"[0, 1, 2]"
4022,0,normal_tightening,1,[0],True,1738,6133223,6134960,1,True,19854.257,19871.777,19854.257,19871.777,17.52,0,0,1737,True,0.0100863557858,0.00167734860685,0.0099999999984,0.0599999999977,99.1438356164,3,"[0, 1, 2]"
4023,5,supplementary_operation,1,[5],True,1482,6134961,6136442,1,True,15938.56,15953.39,15938.56,15953.39,14.83,0,0,1481,True,0.0100135043889,0.000367234966651,0.00999999999476,0.0200000000004,99.8651382333,2,"[1, 2]"
4024,0,normal_tightening,1,[0],True,1416,6136443,6137858,1,True,15953.4,15967.55,15953.4,15967.55,14.15,0,0,1415,True,0.01,0,0.00999999999476,0.0100000000057,100,3,"[0, 1, 2]"
4025,5,supplementary_operation,1,[5],True,1500,6137859,6139358,1,True,15967.56,15982.55,15967.56,15982.55,14.99,0,0,1499,True,0.01,0,0.00999999999476,0.0100000000057,100,2,"[1, 2]"
4026,0,normal_tightening,1,[0],True,1341,6139359,6140699,1,True,15982.56,15995.98,15982.56,15995.98,13.42,0,0,1340,True,0.0100149253731,0.000386045288266,0.00999999999476,0.0200000000004,99.8509687034,2,"[1, 2]"
4027,5,supplementary_operation,1,[5],True,1856,6140700,6142555,1,True,15995.99,16014.54,15995.99,16014.54,18.55,0,0,1855,True,0.01,1.11661654043e-09,0.00999999999476,0.0100000000057,100,2,"[1, 2]"
4028,0,normal_tightening,1,[0],True,1316,6142556,6143871,1,True,16014.55,16027.7,16014.55,16027.7,13.15,0,0,1315,True,0.01,0,0.00999999999476,0.0100000000057,100,2,"[1, 2]"
4029,5,supplementary_operation,1,[5],True,1873,6143872,6145744,1,True,16027.71,16046.43,16027.71,16046.43,18.72,0,0,1872,True,0.01,1.14063254687e-09,0.00999999999476,0.0100000000057,100,3,"[0, 1, 2]"
4030,0,normal_tightening,1,[0],True,1540,6145745,6147284,1,True,16046.44,16061.83,16046.44,16061.83,15.39,0,0,1539,True,0.01,3.68137571515e-10,0.00999999999476,0.0100000000057,100,3,"[0, 1, 2]"
4031,5,supplementary_operation,1,[5],True,1870,6147285,6149154,1,True,16061.84,16080.66,16061.84,16080.66,18.82,0,0,1869,True,0.0100695559123,0.00089315742918,0.00999999999476,0.0299999999988,99.3092454835,3,"[0, 1, 2]"
4032,0,normal_tightening,1,[0],True,1614,6149155,6150768,1,True,16080.67,16096.97,16080.67,16096.97,16.3,0,0,1613,True,0.0101053936764,0.00113613998148,0.00999999999476,0.0300000000007,98.9570552147,2,"[1, 2]"
4033,5,supplementary_operation,1,[5],True,1857,6150769,6152625,1,True,16096.98,16115.55,16096.98,16115.55,18.57,0,0,1856,True,0.010005387931,0.000232056632204,0.00999999999476,0.0200000000004,99.9461497038,3,"[0, 1, 2]"
4034,0,normal_tightening,1,[0],True,1528,6152626,6154153,1,True,16115.56,16130.83,16115.56,16130.83,15.27,0,0,1527,True,0.01,2.85158136718e-10,0.00999999999476,0.0100000000057,100,3,"[0, 1, 2]"
4035,5,supplementary_operation,1,[5],True,1454,6154154,6155607,1,True,16130.84,16145.39,16130.84,16145.39,14.55,0,0,1453,True,0.0100137646249,0.000524502653376,0.00999999999476,0.0300000000007,99.8625429553,3,"[0, 1, 2]"
4036,0,normal_tightening,1,[0],True,1424,6155608,6157031,1,True,16145.4,16159.63,16145.4,16159.63,14.23,0,0,1423,True,0.01,0,0.00999999999476,0.0100000000057,100,3,"[0, 1, 2]"
4037,5,supplementary_operation,1,[5],True,1343,6157032,6158374,1,True,16159.64,16173.06,16159.64,16173.06,13.42,0,0,1342,True,0.01,0,0.00999999999476,0.0100000000057,100,3,"[0, 1, 2]"
4038,0,normal_tightening,1,[0],True,1393,6158375,6159767,1,True,16173.07,16187,16173.07,16187,13.93,0,0,1392,True,0.010007183908,0.00026793184195,0.00999999999476,0.0200000000004,99.928212491,3,"[0, 1, 2]"
4039,5,supplementary_operation,1,[5],True,1841,6159768,6161608,1,True,16187.01,16205.49,16187.01,16205.49,18.48,0,0,1840,True,0.0100434782609,0.000735926559995,0.00999999999476,0.0300000000007,99.5670995671,3,"[0, 1, 2]"
4040,0,normal_tightening,1,[0],True,1232,6161609,6162840,1,True,16205.5,16218.01,16205.5,16218.01,12.51,0,0,1231,True,0.010162469537,0.00160409358853,0.00999999999476,0.0300000000007,98.4012789768,3,"[0, 1, 2]"
4041,5,supplementary_operation,1,[5],True,1865,6162841,6164705,1,True,16218.02,16236.75,16218.02,16236.75,18.73,0,0,1864,True,0.0100482832618,0.000833722747324,0.00999999999476,0.0300000000043,99.5194874533,3,"[0, 1, 2]"
4042,0,normal_tightening,1,[0],True,1738,6164706,6166443,1,True,16236.76,16254.16,16236.76,16254.16,17.4,0,0,1737,True,0.0100172711572,0.000415226779965,0.00999999999476,0.0200000000004,99.8275862069,3,"[0, 1, 2]"
4043,5,supplementary_operation,1,[5],True,1770,6166444,6168213,1,True,16254.17,16271.86,16254.17,16271.86,17.69,0,0,1769,True,0.01,1.00144246442e-09,0.00999999999476,0.0100000000057,100,3,"[0, 1, 2]"
4044,0,normal_tightening,1,[0],True,1590,6168214,6169803,1,True,16271.87,16287.77,16271.87,16287.77,15.9,0,0,1589,True,0.0100062932662,0.000250784881592,0.00999999999476,0.0199999999986,99.9371069182,3,"[0, 1, 2]"
4045,5,supplementary_operation,1,[5],True,1871,6169804,6171674,1,True,16287.78,16306.49,16287.78,16306.49,18.71,0,0,1870,True,0.0100053475936,0.000231186805545,0.00999999999476,0.0199999999986,99.9465526456,3,"[0, 1, 2]"
4046,0,normal_tightening,1,[0],True,1480,6171675,6173154,1,True,16306.5,16321.29,16306.5,16321.29,14.79,0,0,1479,True,0.01,0,0.00999999999476,0.0100000000057,100,3,"[0, 1, 2]"
4047,5,supplementary_operation,1,[5],True,1494,6173155,6174648,1,True,16321.3,16336.23,16321.3,16336.23,14.93,0,0,1493,True,0.01,0,0.00999999999476,0.0100000000057,100,3,"[0, 1, 2]"
4048,0,normal_tightening,1,[0],True,1314,6174649,6175962,1,True,16336.24,16349.37,16336.24,16349.37,13.13,0,0,1313,True,0.01,0,0.00999999999476,0.0100000000057,100,3,"[0, 1, 2]"
4049,5,supplementary_operation,1,[5],True,1845,6175963,6177807,1,True,16349.38,16367.82,16349.38,16367.82,18.44,0,0,1844,True,0.01,1.11053139136e-09,0.00999999999476,0.0100000000057,100,3,"[0, 1, 2]"
4050,0,normal_tightening,1,[0],True,1646,6177808,6179453,1,True,16367.83,16384.3,16367.83,16384.3,16.47,0,0,1645,True,0.0100121580547,0.000348471991392,0.00999999999476,0.0199999999986,99.8785670917,3,"[0, 1, 2]"
4051,5,supplementary_operation,1,[5],True,1834,6179454,6181287,1,True,16384.31,16402.87,16384.31,16402.87,18.56,0,0,1833,True,0.0101254773595,0.00125154355486,0.0099999999984,0.0300000000025,98.7607758621,3,"[0, 1, 2]"
4052,0,normal_tightening,1,[0],True,1586,6181288,6182873,1,True,16402.88,16418.89,16402.88,16418.89,16.01,0,0,1585,True,0.0101009463722,0.00127678830618,0.0099999999984,0.0400000000009,99.0006246096,3,"[0, 1, 2]"
4053,5,supplementary_operation,1,[5],True,1860,6182874,6184733,1,True,16418.9,16437.49,16418.9,16437.49,18.59,0,0,1859,True,0.01,0,0.0099999999984,0.010000000002,100,3,"[0, 1, 2]"
4054,0,normal_tightening,1,[0],True,1395,6184734,6186128,1,True,16437.5,16451.46,16437.5,16451.46,13.96,0,0,1394,True,0.0100143472023,0.000535479414888,0.0099999999984,0.0300000000025,99.8567335244,3,"[0, 1, 2]"
4055,5,supplementary_operation,1,[5],True,1883,6186129,6188011,1,True,16451.47,16470.34,16451.47,16470.34,18.87,0,0,1882,True,0.0100265674814,0.000514751379739,0.0099999999984,0.0200000000004,99.7350291468,3,"[0, 1, 2]"
4056,0,normal_tightening,1,[0],True,1447,6188012,6189458,1,True,16470.35,16485.03,16470.35,16485.03,14.68,0,0,1446,True,0.0101521438451,0.00143232016222,0.0099999999984,0.0400000000009,98.5013623978,3,"[0, 1, 2]"
4057,5,supplementary_operation,1,[5],True,1879,6189459,6191337,1,True,16485.04,16503.88,16485.04,16503.88,18.84,0,0,1878,True,0.0100319488818,0.000564329767806,0.0099999999984,0.0200000000004,99.6815286624,3,"[0, 1, 2]"
4058,0,normal_tightening,1,[0],True,1585,6191338,6192922,1,True,16503.89,16519.76,16503.89,16519.76,15.87,0,0,1584,True,0.0100189393939,0.00043478182893,0.0099999999984,0.0200000000004,99.8109640832,3,"[0, 1, 2]"
4059,5,supplementary_operation,1,[5],True,1580,6192923,6194502,1,True,11081.519,11097.669,11081.519,11097.669,16.15,0,0,1579,True,0.0102279924003,0.00161490891442,0.0099999999984,0.0400000000027,97.7708978328,2,"[1, 2]"
4060,0,normal_tightening,1,[0],True,1419,6194503,6195921,1,True,11097.679,11112.309,11097.679,11112.309,14.63,0,0,1418,True,0.010317348378,0.00179271233338,0.0099999999984,0.0299999999988,96.9241285031,3,"[0, 1, 2]"
4061,5,supplementary_operation,1,[5],True,949,6195922,6196870,1,True,11112.319,11121.809,11112.319,11121.809,9.49,0,0,948,True,0.0100105485232,0.000324613555993,0.0099999999984,0.0200000000004,99.894625922,3,"[0, 1, 2]"
4062,3,missing_screw,1,[3],True,1466,6196871,6198336,1,True,11121.819,11136.599,11121.819,11136.599,14.78,0,0,1465,True,0.0100887372014,0.000937815399092,0.0099999999984,0.0200000000004,99.1204330176,2,"[1, 2]"
4063,5,supplementary_operation,1,[5],True,1329,6198337,6199665,1,True,11136.609,11149.959,11136.609,11149.959,13.35,0,0,1328,True,0.0100527108434,0.000821542701451,0.0099999999984,0.0299999999988,99.4756554307,2,"[1, 2]"
4064,3,missing_screw,1,[3],True,1375,6199666,6201040,1,True,11149.969,11164.259,11149.969,11164.259,14.29,0,0,1374,True,0.0104002911208,0.0024842795229,0.0099999999984,0.0400000000009,96.1511546536,2,"[1, 2]"
4065,5,supplementary_operation,1,[5],True,1624,6201041,6202664,1,True,11164.269,11180.819,11164.269,11180.819,16.55,0,0,1623,True,0.0101971657425,0.00159653563684,0.0099999999984,0.0400000000009,98.0664652568,2,"[1, 2]"
4066,0,normal_tightening,1,[0],True,1691,6202665,6204355,1,True,11180.829,11197.959,11180.829,11197.959,17.13,0,0,1690,True,0.0101360946746,0.00130286398788,0.0099999999984,0.0399999999991,98.6573263281,2,"[1, 2]"
4067,5,supplementary_operation,1,[5],True,1543,6204356,6205898,1,True,11197.969,11213.749,11197.969,11213.749,15.78,0,0,1542,True,0.010233463035,0.00159358988882,0.0099999999984,0.0300000000007,97.7186311787,3,"[0, 1, 2]"
4068,0,normal_tightening,1,[0],True,1638,6205899,6207536,1,True,11213.759,11230.869,11213.759,11230.869,17.11,0,0,1637,True,0.0104520464264,0.00266948246268,0.0099999999984,0.0500000000011,95.675043834,2,"[1, 2]"
4069,5,supplementary_operation,1,[5],True,1563,6207537,6209099,1,True,11230.879,11246.889,11230.879,11246.889,16.01,0,0,1562,True,0.0102496798976,0.00182503307813,0.0099999999984,0.0400000000009,97.5640224859,3,"[0, 1, 2]"
4070,0,normal_tightening,1,[0],True,1695,6209100,6210794,1,True,11246.899,11264.199,11246.899,11264.199,17.3,0,0,1694,True,0.010212514758,0.001597573183,0.0099999999984,0.0400000000009,97.9190751445,3,"[0, 1, 2]"
4071,5,supplementary_operation,1,[5],True,1534,6210795,6212328,1,True,11264.209,11279.659,11264.209,11279.659,15.45,0,0,1533,True,0.0100782778865,0.000881278297392,0.0099999999984,0.0200000000023,99.2233009709,3,"[0, 1, 2]"
4072,0,normal_tightening,1,[0],True,1325,6212329,6213653,1,True,11279.669,11292.929,11279.669,11292.929,13.26,0,0,1324,True,0.0100151057402,0.000388367375611,0.0099999999984,0.0200000000004,99.8491704374,3,"[0, 1, 2]"
4073,5,supplementary_operation,1,[5],True,1520,6213654,6215173,1,True,11292.939,11308.129,11292.939,11308.129,15.19,0,0,1519,True,0.01,0,0.0099999999984,0.010000000002,100,3,"[0, 1, 2]"
4074,0,normal_tightening,1,[0],True,1226,6215174,6216399,1,True,11308.139,11320.389,11308.139,11320.389,12.25,0,0,1225,True,0.01,0,0.0099999999984,0.010000000002,100,3,"[0, 1, 2]"
4075,5,supplementary_operation,1,[5],True,1459,6216400,6217858,1,True,11320.399,11334.979,11320.399,11334.979,14.58,0,0,1458,True,0.01,0,0.0099999999984,0.010000000002,100,3,"[0, 1, 2]"
4076,0,normal_tightening,1,[0],True,1776,6217859,6219634,1,True,11334.989,11352.739,11334.989,11352.739,17.75,0,0,1775,True,0.01,8.63359133608e-10,0.0099999999984,0.010000000002,100,3,"[0, 1, 2]"
4077,5,supplementary_operation,1,[5],True,1707,6219635,6221341,1,True,11352.749,11369.809,11352.749,11369.809,17.06,0,0,1706,True,0.01,7.36275143029e-10,0.0099999999984,0.010000000002,100,3,"[0, 1, 2]"
4078,0,normal_tightening,1,[0],True,1737,6221342,6223078,1,True,11369.819,11387.179,11369.819,11387.179,17.36,0,0,1736,True,0.01,7.9810323664e-10,0.0099999999984,0.010000000002,100,3,"[0, 1, 2]"
4079,5,supplementary_operation,1,[5],True,1692,6223079,6224770,1,True,11387.189,11404.109,11387.189,11404.109,16.92,0,0,1691,True,0.0100059136606,0.000243108276666,0.0099999999984,0.0200000000004,99.9408983451,3,"[0, 1, 2]"
4080,0,normal_tightening,1,[0],True,1772,6224771,6226542,1,True,11404.119,11421.869,11404.119,11421.869,17.75,0,0,1771,True,0.0100225861095,0.000474711452466,0.0099999999984,0.0200000000004,99.7746478873,3,"[0, 1, 2]"
4081,5,supplementary_operation,1,[5],True,1601,6226543,6228143,1,True,11421.879,11437.909,11421.879,11437.909,16.03,0,0,1600,True,0.01001875,0.000432606562036,0.0099999999984,0.0200000000004,99.8128509045,3,"[0, 1, 2]"
4082,0,normal_tightening,1,[0],True,1829,6228144,6229972,1,True,11437.919,11456.199,11437.919,11456.199,18.28,0,0,1828,True,0.01,9.31322574615e-10,0.0099999999984,0.010000000002,100,3,"[0, 1, 2]"
4083,5,supplementary_operation,1,[5],True,1519,6229973,6231491,1,True,11456.209,11471.409,11456.209,11471.409,15.2,0,0,1518,True,0.0100131752306,0.000362737810271,0.0099999999984,0.0200000000023,99.8684210526,3,"[0, 1, 2]"
4084,0,normal_tightening,1,[0],True,1730,6231492,6233221,1,True,11471.419,11488.719,11471.419,11488.719,17.3,0,0,1729,True,0.01000578369,0.000240423478217,0.0099999999984,0.0200000000004,99.9421965318,3,"[0, 1, 2]"
4085,5,supplementary_operation,1,[5],True,1447,6233222,6234668,1,True,11488.729,11503.189,11488.729,11503.189,14.46,0,0,1446,True,0.01,0,0.0099999999984,0.010000000002,100,3,"[0, 1, 2]"
4086,0,normal_tightening,1,[0],True,1235,6234669,6235903,1,True,11503.199,11515.539,11503.199,11515.539,12.34,0,0,1234,True,0.01,0,0.0099999999984,0.010000000002,100,3,"[0, 1, 2]"
4087,5,supplementary_operation,1,[5],True,1394,6235904,6237297,1,True,11515.549,11529.479,11515.549,11529.479,13.93,0,0,1393,True,0.01,0,0.0099999999984,0.010000000002,100,3,"[0, 1, 2]"
4088,0,normal_tightening,1,[0],True,1768,6237298,6239065,1,True,11529.489,11547.169,11529.489,11547.169,17.68,0,0,1767,True,0.0100056593096,0.000237825709004,0.0099999999984,0.0200000000004,99.943438914,3,"[0, 1, 2]"
4089,5,supplementary_operation,1,[5],True,1720,6239066,6240785,1,True,11547.179,11564.399,11547.179,11564.399,17.22,0,0,1719,True,0.010017452007,0.000417391299902,0.0099999999984,0.0200000000004,99.8257839721,2,"[1, 2]"
4090,0,normal_tightening,1,[0],True,1771,6240786,6242556,1,True,11564.409,11582.429,11564.409,11582.429,18.02,0,0,1770,True,0.0101807909605,0.00141464233421,0.0099999999984,0.0300000000007,98.2241953385,3,"[0, 1, 2]"
4091,5,supplementary_operation,1,[5],True,1636,6242557,6244192,1,True,11582.439,11599.079,11582.439,11599.079,16.64,0,0,1635,True,0.0101773700306,0.00136549051151,0.0099999999984,0.0300000000007,98.2572115384,3,"[0, 1, 2]"
4092,0,normal_tightening,1,[0],True,1679,6244193,6245871,1,True,11599.089,11616.309,11599.089,11616.309,17.22,0,0,1678,True,0.0102622169249,0.00167086521173,0.0099999999984,0.0299999999988,97.4448315912,3,"[0, 1, 2]"
4093,5,supplementary_operation,1,[5],True,1452,6245872,6247323,1,True,11616.319,11630.979,11616.319,11630.979,14.66,0,0,1451,True,0.0101033769814,0.00107745950683,0.0099999999984,0.0300000000007,98.9768076398,3,"[0, 1, 2]"
4094,0,normal_tightening,1,[0],True,1750,6247324,6249073,1,True,11630.989,11648.479,11630.989,11648.479,17.49,0,0,1749,True,0.01,8.14907252789e-10,0.0099999999984,0.010000000002,100,3,"[0, 1, 2]"
