seed,commissioning_size,detector,split,context_type,context,episode_count,score_mean,score_std,score_median,score_q90,score_q95,score_q99,score_max,score_second_max,max_second_ratio,max_second_gap,predicted_anomaly_count,predicted_anomaly_rate,threshold_episode_count
0,10,Pooled,anomaly_evaluation,exploratory_cluster,0,260,108.38422710679606,133.63832763809518,52.45565330093528,253.75576366781473,541.3061715021317,553.295384585491,613.5747393091391,554.9252055234921,1.1056890788197657,58.64953378564701,113,0.4346153846153846,0
0,10,Pooled,anomaly_evaluation,exploratory_cluster,1,208,113.31965950382089,154.1804966209502,65.3779786792549,329.193965169771,425.7140576543242,552.7367109653611,1472.113714686824,553.8907100429163,2.657769281908993,918.2230046439078,126,0.6057692307692307,0
0,10,Pooled,anomaly_evaluation,exploratory_cluster,2,287,107.67676505366225,116.66331923337917,65.71763260184467,232.94867919087616,427.3846198329136,551.5748998266791,553.9070139690398,553.0734963831193,1.0015070647777762,0.8335175859205037,165,0.5749128919860628,0
0,10,Pooled,calibration,exploratory_cluster,0,43,28.907706464534375,3.194982840657075,28.352074665664524,31.329309465376408,32.215256939548425,40.208074585471564,45.23371850692684,33.26789964631909,1.3596806226969518,11.965818860607754,0,0.0,0
0,10,Pooled,calibration,exploratory_cluster,1,32,32.21705124877629,7.416533430015066,29.59486441661262,44.42292765745975,47.66163813815967,55.11620575391774,58.09883282854951,48.47745516844698,1.198471178544143,9.621377660102532,0,0.0,1
0,10,Pooled,calibration,exploratory_cluster,2,25,28.664781092253502,1.7168893255885203,28.914174865542318,30.313563198217626,31.400831899702393,32.260375331878244,32.469784126946486,31.597247480828816,1.0276143245277003,0.8725366461176698,0,0.0,0
0,10,Pooled,healthy_evaluation,exploratory_cluster,0,38,29.23386678936099,4.342385155339892,27.943250931478218,34.02114555785082,40.394364538896355,41.47481168709035,41.69816624572786,41.094505276437296,1.0146895786974395,0.6036609692905657,0,0.0,0
0,10,Pooled,healthy_evaluation,exploratory_cluster,1,35,29.021267746290516,2.4192015102522477,29.166890016301924,31.89796160788953,33.5771594173385,34.74285068410634,35.06090655666552,34.12544810796204,1.027412341831937,0.9354584487034785,0,0.0,0
0,10,Pooled,healthy_evaluation,exploratory_cluster,2,27,29.809712666663454,5.174245549504966,28.219412057242014,34.47792722183737,42.36226096258511,46.133637455504505,46.71549445844653,44.47758290866954,1.0503154938606336,2.237911549776989,0,0.0,0
0,10,RACE,anomaly_evaluation,exploratory_cluster,0,260,82.15313202958085,93.69930926508482,41.98042578087662,200.3059580616288,350.55551963112435,389.3868908282485,390.24228037725254,390.1867166856893,1.0001424028271264,0.05556369156323626,93,0.3576923076923077,0
0,10,RACE,anomaly_evaluation,exploratory_cluster,1,208,87.98543357333259,112.03826774850391,56.79465179537999,281.5420902599945,302.45455391826493,389.4173136657928,1116.1970810291257,389.59630247552803,2.8650094313953045,726.6007785535976,114,0.5480769230769231,0
0,10,RACE,anomaly_evaluation,exploratory_cluster,2,287,84.65714886341195,85.3596265339009,56.565371984254256,184.99759763092703,301.393870757649,388.6961385601054,390.06515383310693,389.6681393497825,1.0010188528217547,0.39701448332442624,150,0.5226480836236934,0
0,10,RACE,calibration,exploratory_cluster,0,43,29.599525209657862,2.7733983738208834,30.25248101143774,32.165348930260635,32.451909906551435,33.30838133417851,33.35404117054177,33.24532727443878,1.0032700504105603,0.10871389610299076,0,0.0,0
0,10,RACE,calibration,exploratory_cluster,1,32,30.714590448647748,5.9476060508539685,29.687389842389013,33.37894266842079,39.68834313440936,51.79298735156237,53.86848461985673,47.17333214148778,1.1419266389384592,6.6951524783689464,0,0.0,1
0,10,RACE,calibration,exploratory_cluster,2,25,29.38606451210824,2.5817566681289477,29.779662716894048,32.1947203980183,32.75915211609063,33.01731144792692,33.06991280505483,32.85074048368856,1.006671761979767,0.21917232136626552,0,0.0,0
0,10,RACE,healthy_evaluation,exploratory_cluster,0,38,29.932557773353263,3.0084471878219823,30.53313545116703,32.60443410240876,32.959722788353744,33.016578720580135,33.031812131614295,32.990640750440896,1.0012479715530487,0.04117138117339891,0,0.0,0
0,10,RACE,healthy_evaluation,exploratory_cluster,1,35,29.142237820313376,2.724357214745719,30.0239565360613,31.711708648796662,32.350155580534654,32.788792534618246,32.875837199596965,32.61982347907132,1.0078484091334798,0.25601372052564386,0,0.0,0
0,10,RACE,healthy_evaluation,exploratory_cluster,2,27,28.501447029926773,3.4345285936251657,29.47480866091587,31.051271675967016,32.7892398582553,35.92604864133921,36.78215760173761,33.48943083097455,1.0983213715211189,3.2927267707630605,0,0.0,0
0,10,SourceOnly,anomaly_evaluation,exploratory_cluster,0,260,108.3283642331576,133.98100073115424,51.78109977722197,255.21014262055988,544.5054242614334,553.6644323134863,614.1332181254023,555.2070271840735,1.1061337268013225,58.926190941328855,113,0.4346153846153846,0
0,10,SourceOnly,anomaly_evaluation,exploratory_cluster,1,208,114.00038071438993,154.9897048728508,66.25249607502616,332.8865921452841,428.42570116465623,552.8825997915571,1484.1011178479648,554.2412373738036,2.6777168816960915,929.8598804741612,127,0.6105769230769231,0
0,10,SourceOnly,anomaly_evaluation,exploratory_cluster,2,287,108.00118884615836,117.26050488185346,66.15043263218294,234.64460545892777,430.1018314496422,551.8999383522621,554.3313911223405,553.46697658449,1.0015618177315382,0.8644145378505073,165,0.5749128919860628,0
0,10,SourceOnly,calibration,exploratory_cluster,0,43,36.00342394675145,3.4681129918697264,36.619179946594656,39.431118234268844,40.58012704103055,41.639419535780746,42.008934249455876,41.129137312134134,1.0213910865828488,0.8797969373217427,0,0.0,0
0,10,SourceOnly,calibration,exploratory_cluster,1,32,36.43653627129933,5.693373144144935,35.49346801746911,39.12315068493432,44.52845471111962,56.195800019340595,58.51449921287333,51.03482439502577,1.1465602146477962,7.47967481784756,0,0.0,1
0,10,SourceOnly,calibration,exploratory_cluster,2,25,35.93505428984121,3.649827387303217,36.716273426476626,39.945570271830384,40.22557567104065,41.78099165731437,42.263051438810045,40.254469015911404,1.0498971287412762,2.008582422898641,0,0.0,0
0,10,SourceOnly,healthy_evaluation,exploratory_cluster,0,38,36.06214318660041,3.7914578619548944,36.9065822066259,39.253585598084555,39.73051134509372,41.56308457645265,41.57189177681542,41.54808853259172,1.0005729082868644,0.02380324422369995,0,0.0,0
0,10,SourceOnly,healthy_evaluation,exploratory_cluster,1,35,35.844597292348226,3.5023178939067012,36.76931855821464,39.07235782086462,39.74785475604002,40.25294148712966,40.41019491978276,39.94768482374424,1.0115778948912606,0.4625100960385211,0,0.0,0
0,10,SourceOnly,healthy_evaluation,exploratory_cluster,2,27,34.390494772209685,3.654154613721139,34.31018267145069,38.071408927923606,38.41788982529652,42.55286736178802,43.99057039074653,38.460943356290755,1.1437725274502746,5.529627034455771,0,0.0,0
0,10,TargetOnly,anomaly_evaluation,exploratory_cluster,0,260,183.2623641395499,73.56316845065244,154.669358800477,257.7396429877226,425.7929853027808,430.23820197487424,468.2992743337747,431.3753495332024,1.085595815432032,36.92392480057231,260,1.0,0
0,10,TargetOnly,anomaly_evaluation,exploratory_cluster,1,208,185.05288517091822,89.93938210417976,159.86927873972968,229.72152591974034,396.3551619598178,432.8993277380551,1068.9942596127844,433.08345105389196,2.4683331977045713,635.9108085588924,208,1.0,0
0,10,TargetOnly,anomaly_evaluation,exploratory_cluster,2,287,353.8874323738717,1486.9395759824693,160.22138771462596,285.9289967551992,431.8058392941425,7086.114359993046,18656.583322995088,14257.159693213063,1.3085764433063278,4399.423629782024,287,1.0,0
0,10,TargetOnly,calibration,exploratory_cluster,0,43,31.203698958918324,8.5543238562143,29.993204562990545,35.84506840667557,37.47928978849973,63.674766124248464,80.73736900172884,40.11212405534716,2.012792164541736,40.62524494638168,0,0.0,1
0,10,TargetOnly,calibration,exploratory_cluster,1,32,31.119458384984185,2.806428784044266,30.757449940998264,34.384220972153244,35.04292180047951,36.254825782167266,36.52181436592472,35.66056086993293,1.0241514287768243,0.8612534959917895,0,0.0,0
0,10,TargetOnly,calibration,exploratory_cluster,2,25,31.97300517134996,2.8074817308216113,31.463792453025395,35.89540193868903,36.10094723091998,36.2052599121814,36.229857232785676,36.12736839693452,1.0028368752112,0.10248883585115465,0,0.0,0
0,10,TargetOnly,healthy_evaluation,exploratory_cluster,0,38,29.9475634011725,3.5368423861582574,29.295934802181137,34.95473472787881,35.656782234826785,36.61176292840194,37.03251775270469,35.895342551886436,1.0316802994476089,1.1371752008182554,0,0.0,0
0,10,TargetOnly,healthy_evaluation,exploratory_cluster,1,35,30.284658615384597,2.754330144951468,30.514617295015967,33.332520107599905,34.61512754004164,36.91959377942163,37.99342964478271,34.83508886430899,1.090665500891248,3.158340780473715,0,0.0,0
0,10,TargetOnly,healthy_evaluation,exploratory_cluster,2,27,35.71331736180838,17.45212436201562,31.96405256305888,36.49540723399715,37.44915026771449,100.28832960526074,122.22709273835595,37.84723453414409,3.2294854364613643,84.37985820421186,1,0.037037037037037035,0
0,25,Pooled,anomaly_evaluation,exploratory_cluster,0,260,106.9216424378844,133.50689813266274,50.80302456173948,252.8257608242547,540.269617606088,551.2411724248244,618.8092025149671,552.7488246311622,1.1195124710177098,66.0603778838049,114,0.43846153846153846,0
0,25,Pooled,anomaly_evaluation,exploratory_cluster,1,208,112.27355002901172,153.7621621298999,64.13416466878067,327.15131791559423,424.74303813085345,550.565213540485,1468.3113442918427,551.6647828928751,2.661600649206144,916.6465613989676,126,0.6057692307692307,0
0,25,Pooled,anomaly_evaluation,exploratory_cluster,2,287,106.38655821473807,116.49033182122713,65.2714015257612,232.7430666016546,426.2544598133085,549.4661616871444,551.7118383053613,550.6837205343617,1.0018669841374683,1.0281177709996427,165,0.5749128919860628,0
0,25,Pooled,calibration,exploratory_cluster,0,43,26.895748273895055,2.2496014124388735,26.49013889059484,29.80354291945686,30.0816772931857,33.86778461270545,36.17018465487035,30.688279792573,1.1786318718204611,5.481904862297348,0,0.0,0
0,25,Pooled,calibration,exploratory_cluster,1,32,29.761268577858722,6.774469013106567,27.652535040801535,36.08580307520334,43.082449865070885,53.81040215737207,56.41415922864847,48.01494286969229,1.174929216967951,8.399216358956181,0,0.0,1
0,25,Pooled,calibration,exploratory_cluster,2,25,26.68805322572712,1.4795585102368431,26.66254219765519,28.20543567576818,28.83753368099629,29.48665713789267,29.64456634388488,28.98661131891735,1.0226985837609148,0.6579550249675279,0,0.0,0
0,25,Pooled,healthy_evaluation,exploratory_cluster,0,38,27.083596256052523,2.990716899435537,26.122777879851377,31.011873917228066,34.29382255632116,35.08672162750854,35.335880539411114,34.662478074809556,1.0194274184075416,0.6734024646015584,0,0.0,0
0,25,Pooled,healthy_evaluation,exploratory_cluster,1,35,26.943371166281505,2.0255721436915275,27.189976698713984,29.625400131747337,30.079884967769136,30.803562757611815,31.175253844263786,30.082044765875644,1.0363409165466122,1.093209078388142,0,0.0,0
0,25,Pooled,healthy_evaluation,exploratory_cluster,2,27,27.282177433605344,3.452221487506245,26.66386304238516,31.31880010971669,35.9323665488369,36.844548002595964,37.118501140191995,36.06483522636112,1.0292158804336007,1.0536659138308764,0,0.0,0
0,25,RACE,anomaly_evaluation,exploratory_cluster,0,260,77.63551740352173,88.28605492984055,38.796490453470994,193.29226761028698,354.07930225957034,364.02671106419115,365.00688995208463,364.6264573305353,1.0010433489229897,0.3804326215493461,90,0.34615384615384615,0
0,25,RACE,anomaly_evaluation,exploratory_cluster,1,208,83.38229095682755,106.51631613621365,51.98372279275017,276.39218909161593,286.23742798519163,363.9808084365516,1074.524229975423,364.307652316878,2.949496732066425,710.216577658545,97,0.46634615384615385,0
0,25,RACE,anomaly_evaluation,exploratory_cluster,2,287,80.59594367605078,81.48381927887978,50.5185876686915,180.33993268749757,281.7794915486924,372.44465978523135,373.5741649939378,373.4144206375258,1.0004277937529549,0.159744356412034,136,0.4738675958188153,0
0,25,RACE,calibration,exploratory_cluster,0,43,22.994260035885883,1.381170997032791,22.754634131280618,24.791888109977773,25.284566909801654,26.424025750875145,26.977322830490493,25.65994883140634,1.0513396970406956,1.317373999084154,0,0.0,0
0,25,RACE,calibration,exploratory_cluster,1,32,25.367451131189,6.727021681055705,23.8658827988514,26.55494064571829,35.53842945118329,51.589294940300306,54.52499296393688,45.05499933930272,1.2101874101321588,9.469993624634164,0,0.0,1
0,25,RACE,calibration,exploratory_cluster,2,25,22.829750456909405,1.2064840277271551,22.714994008613978,24.06469153581943,24.25290447857524,25.49861109503944,25.87902869237512,24.29395537014314,1.0652455846765903,1.5850733222319775,0,0.0,0
0,25,RACE,healthy_evaluation,exploratory_cluster,0,38,23.04458683334446,1.575346590914296,22.724570422227636,25.44421647222423,25.71259866200331,26.447621489832844,26.815741709788174,25.820822196395383,1.038531674391518,0.9949195133927908,0,0.0,0
0,25,RACE,healthy_evaluation,exploratory_cluster,1,35,23.050889101213986,1.6172607501048544,23.253218843836404,25.289696937343557,25.778241122821978,25.99708056111355,26.106765891133147,25.784161979310806,1.0125117082370643,0.32260391182234116,0,0.0,0
0,25,RACE,healthy_evaluation,exploratory_cluster,2,27,22.87567346582338,2.179772665991415,22.48691133256592,24.48096016783668,26.088091164860458,29.94164673539298,31.118306168985427,26.592692962860653,1.170182584082223,4.525613206124774,0,0.0,0
0,25,SourceOnly,anomaly_evaluation,exploratory_cluster,0,260,108.3283642331576,133.98100073115424,51.78109977722197,255.21014262055988,544.5054242614334,553.6644323134863,614.1332181254023,555.2070271840735,1.1061337268013225,58.926190941328855,113,0.4346153846153846,0
0,25,SourceOnly,anomaly_evaluation,exploratory_cluster,1,208,114.00038071438993,154.9897048728508,66.25249607502616,332.8865921452841,428.42570116465623,552.8825997915571,1484.1011178479648,554.2412373738036,2.6777168816960915,929.8598804741612,127,0.6105769230769231,0
0,25,SourceOnly,anomaly_evaluation,exploratory_cluster,2,287,108.00118884615836,117.26050488185346,66.15043263218294,234.64460545892777,430.1018314496422,551.8999383522621,554.3313911223405,553.46697658449,1.0015618177315382,0.8644145378505073,165,0.5749128919860628,0
0,25,SourceOnly,calibration,exploratory_cluster,0,43,36.00342394675145,3.4681129918697264,36.619179946594656,39.431118234268844,40.58012704103055,41.639419535780746,42.008934249455876,41.129137312134134,1.0213910865828488,0.8797969373217427,0,0.0,0
0,25,SourceOnly,calibration,exploratory_cluster,1,32,36.43653627129933,5.693373144144935,35.49346801746911,39.12315068493432,44.52845471111962,56.195800019340595,58.51449921287333,51.03482439502577,1.1465602146477962,7.47967481784756,0,0.0,1
0,25,SourceOnly,calibration,exploratory_cluster,2,25,35.93505428984121,3.649827387303217,36.716273426476626,39.945570271830384,40.22557567104065,41.78099165731437,42.263051438810045,40.254469015911404,1.0498971287412762,2.008582422898641,0,0.0,0
0,25,SourceOnly,healthy_evaluation,exploratory_cluster,0,38,36.06214318660041,3.7914578619548944,36.9065822066259,39.253585598084555,39.73051134509372,41.56308457645265,41.57189177681542,41.54808853259172,1.0005729082868644,0.02380324422369995,0,0.0,0
0,25,SourceOnly,healthy_evaluation,exploratory_cluster,1,35,35.844597292348226,3.5023178939067012,36.76931855821464,39.07235782086462,39.74785475604002,40.25294148712966,40.41019491978276,39.94768482374424,1.0115778948912606,0.4625100960385211,0,0.0,0
0,25,SourceOnly,healthy_evaluation,exploratory_cluster,2,27,34.390494772209685,3.654154613721139,34.31018267145069,38.071408927923606,38.41788982529652,42.55286736178802,43.99057039074653,38.460943356290755,1.1437725274502746,5.529627034455771,0,0.0,0
0,25,TargetOnly,anomaly_evaluation,exploratory_cluster,0,260,228.046094503736,90.87972142288584,194.59130147035876,291.0564948037361,537.7381350283887,542.8890080345022,642.2711171168523,543.1789352555536,1.182430089662218,99.09218186129874,260,1.0,0
0,25,TargetOnly,anomaly_evaluation,exploratory_cluster,1,208,225.988393478282,97.18159967475923,196.70758281841995,283.92360699263554,413.9593116342868,541.794903820712,1068.73337722342,543.0488637141021,1.9680243319431265,525.6845135093178,208,1.0,0
0,25,TargetOnly,anomaly_evaluation,exploratory_cluster,2,287,456.88521470737464,2041.448861041221,197.66565125491164,313.8379680219064,506.9534795748048,9717.870357530528,25581.16697389345,19549.50729521635,1.3085325674756525,6031.659678677101,287,1.0,0
0,25,TargetOnly,calibration,exploratory_cluster,0,43,31.15161738057278,7.99610728945035,29.54152708108323,33.85435135693147,35.873810762136586,62.61609801180959,77.98926576334554,41.38648540254581,1.884413837144726,36.602780360799734,0,0.0,1
0,25,TargetOnly,calibration,exploratory_cluster,1,32,29.528784594588927,2.291591817078915,29.484237757269216,32.44777526227395,33.27767146140438,35.02171297436993,35.657850342527965,33.605794316211735,1.0610625657887307,2.0520560263162295,0,0.0,0
0,25,TargetOnly,calibration,exploratory_cluster,2,25,28.261168599260696,2.457164013588131,28.040529075405917,31.934633530996145,32.65563267532765,32.972942840930585,33.059723838979686,32.69813634710843,1.011058351706434,0.36158749187125494,0,0.0,0
0,25,TargetOnly,healthy_evaluation,exploratory_cluster,0,38,29.891981040051434,2.8790825712578827,29.094045802595495,33.942954648294226,34.661435994628846,35.315413931668374,35.38598778418643,35.19524764224574,1.0054194857180587,0.19074014194069377,0,0.0,0
0,25,TargetOnly,healthy_evaluation,exploratory_cluster,1,35,29.021413854974185,2.4525122802736665,29.244850675785113,32.54642363868862,33.10742845662077,33.64006591156703,33.65391190475847,33.61318839537188,1.001211533666714,0.04072350938659497,0,0.0,0
0,25,TargetOnly,healthy_evaluation,exploratory_cluster,2,27,32.12519847645173,18.764649967553396,28.375433465555155,31.64620317663819,32.52209680369521,101.2869870309624,125.40849648186492,32.633460132240366,3.8429420592751384,92.77503634962454,1,0.037037037037037035,0
0,50,Pooled,anomaly_evaluation,exploratory_cluster,0,260,105.42221539854629,132.3296007001136,49.548271983924124,250.2118175942204,534.8781930846117,544.1620782418321,625.9060224955821,545.4916997444334,1.1474162169448652,80.41432275114869,113,0.4346153846153846,0
0,50,Pooled,anomaly_evaluation,exploratory_cluster,1,208,111.18181776412551,152.45916718423356,63.24534456044991,322.10971307977263,420.3461353748687,543.4268808227674,1459.4898145910895,544.6834742712101,2.679519176791431,914.8063403198794,126,0.6057692307692307,0
0,50,Pooled,anomaly_evaluation,exploratory_cluster,2,287,105.10283773033306,115.4236862880377,64.31610005904584,230.86599352874381,421.8117117861598,542.5495510633874,544.6844663688637,543.8543125484201,1.0015264268413238,0.8301538204435701,165,0.5749128919860628,0
0,50,Pooled,calibration,exploratory_cluster,0,43,25.475091893819712,1.7283170029150956,25.0933446641464,27.58904811112727,28.33403677047385,30.424752075198032,30.596963568775426,30.186936203114964,1.0135829407430275,0.4100273656604614,0,0.0,0
0,50,Pooled,calibration,exploratory_cluster,1,32,28.20656781765446,6.678199855640932,26.574096443956286,31.06500322949872,40.074936856271364,53.47047670656733,56.280908934268616,47.21499852232896,1.192013357951334,9.065910411939655,0,0.0,1
0,50,Pooled,calibration,exploratory_cluster,2,25,25.337646513342385,1.3698263454503128,25.17814186394727,26.994473258794855,27.491681283164446,28.13442677114247,28.323024844779873,27.53719953795736,1.0285368635884462,0.7858253068225132,0,0.0,0
0,50,Pooled,healthy_evaluation,exploratory_cluster,0,38,25.604553769248366,1.9047412155582395,25.022699794792782,28.300435419635534,29.438940518363363,30.0714989818912,30.39093836174248,29.527588686468736,1.0292387463277481,0.8633496752737457,0,0.0,0
0,50,Pooled,healthy_evaluation,exploratory_cluster,1,35,25.71681984951093,1.8326937864093398,25.760865380362084,28.166698643846928,28.573732364950786,29.30977159608714,29.63137828934544,28.685476250350444,1.0329749463017348,0.9459020389949977,0,0.0,0
0,50,Pooled,healthy_evaluation,exploratory_cluster,2,27,25.76478518919634,2.815626372151429,25.137895366886468,28.6432582377958,31.48156751030668,34.40350545442811,35.307300747499276,31.831165004917874,1.1092054199726697,3.476135742581402,0,0.0,0
0,50,RACE,anomaly_evaluation,exploratory_cluster,0,260,79.28266682529258,89.14725136539383,39.37609706971651,197.9478028540393,360.71859503396416,365.6677622253596,371.0543108476944,366.19803659309565,1.0132613334024914,4.856274254598759,84,0.3230769230769231,0
0,50,RACE,anomaly_evaluation,exploratory_cluster,1,208,85.9951075174503,108.47138318606028,53.63203079226865,280.6062995247125,295.1178539779938,365.3475068149016,1108.4768710187193,365.49496884943665,3.0328102039493445,742.9819021692826,90,0.4326923076923077,0
0,50,RACE,anomaly_evaluation,exploratory_cluster,2,287,83.04480312962494,82.88652913815227,52.16415018963932,186.29400505296115,287.4379988556797,385.44455781428564,386.67419256060884,386.5242996441704,1.0003877968773927,0.14989291643843217,130,0.4529616724738676,0
0,50,RACE,calibration,exploratory_cluster,0,43,22.281235209569243,1.3101849829032142,22.031422327067858,23.813576132556612,24.15630758808512,25.951713064314234,26.976451483213985,24.536598104881254,1.0994373126993247,2.4398533783327316,0,0.0,0
0,50,RACE,calibration,exploratory_cluster,1,32,24.913727305236037,7.741304434406365,23.177576387324123,24.867459529526958,36.180970347052416,55.54457500162763,58.968150207005976,47.92435922191448,1.2304421209671903,11.043790985091498,0,0.0,1
0,50,RACE,calibration,exploratory_cluster,2,25,22.11322264776183,1.1681229389898597,21.919175874902308,23.381785021101944,23.91665810995655,25.139024388011727,25.48555925473848,24.04166397671036,1.0600580425475894,1.4438952780281191,0,0.0,0
0,50,RACE,healthy_evaluation,exploratory_cluster,0,38,22.2963422240203,1.097659411861498,22.273076902882956,23.779618990499113,24.03972331938033,24.750867413701314,25.133213692235245,24.09984537187326,1.042878628655768,1.0333683203619835,0,0.0,0
0,50,RACE,healthy_evaluation,exploratory_cluster,1,35,22.55605776037199,1.554330406393899,22.524852729029703,24.735888869046686,25.066640973771985,25.486612144885374,25.667807882397078,25.134879242656776,1.0212027531381913,0.5329286397403017,0,0.0,0
0,50,RACE,healthy_evaluation,exploratory_cluster,2,27,22.257151911084673,2.247879735971564,22.12185741297294,23.613565852498983,24.574304293638452,29.87973967528217,31.60152013782203,24.97928758959184,1.2651089437390313,6.622232548230187,0,0.0,0
0,50,SourceOnly,anomaly_evaluation,exploratory_cluster,0,260,108.3283642331576,133.98100073115424,51.78109977722197,255.21014262055988,544.5054242614334,553.6644323134863,614.1332181254023,555.2070271840735,1.1061337268013225,58.926190941328855,113,0.4346153846153846,0
0,50,SourceOnly,anomaly_evaluation,exploratory_cluster,1,208,114.00038071438993,154.9897048728508,66.25249607502616,332.8865921452841,428.42570116465623,552.8825997915571,1484.1011178479648,554.2412373738036,2.6777168816960915,929.8598804741612,127,0.6105769230769231,0
0,50,SourceOnly,anomaly_evaluation,exploratory_cluster,2,287,108.00118884615836,117.26050488185346,66.15043263218294,234.64460545892777,430.1018314496422,551.8999383522621,554.3313911223405,553.46697658449,1.0015618177315382,0.8644145378505073,165,0.5749128919860628,0
0,50,SourceOnly,calibration,exploratory_cluster,0,43,36.00342394675145,3.4681129918697264,36.619179946594656,39.431118234268844,40.58012704103055,41.639419535780746,42.008934249455876,41.129137312134134,1.0213910865828488,0.8797969373217427,0,0.0,0
0,50,SourceOnly,calibration,exploratory_cluster,1,32,36.43653627129933,5.693373144144935,35.49346801746911,39.12315068493432,44.52845471111962,56.195800019340595,58.51449921287333,51.03482439502577,1.1465602146477962,7.47967481784756,0,0.0,1
0,50,SourceOnly,calibration,exploratory_cluster,2,25,35.93505428984121,3.649827387303217,36.716273426476626,39.945570271830384,40.22557567104065,41.78099165731437,42.263051438810045,40.254469015911404,1.0498971287412762,2.008582422898641,0,0.0,0
0,50,SourceOnly,healthy_evaluation,exploratory_cluster,0,38,36.06214318660041,3.7914578619548944,36.9065822066259,39.253585598084555,39.73051134509372,41.56308457645265,41.57189177681542,41.54808853259172,1.0005729082868644,0.02380324422369995,0,0.0,0
0,50,SourceOnly,healthy_evaluation,exploratory_cluster,1,35,35.844597292348226,3.5023178939067012,36.76931855821464,39.07235782086462,39.74785475604002,40.25294148712966,40.41019491978276,39.94768482374424,1.0115778948912606,0.4625100960385211,0,0.0,0
0,50,SourceOnly,healthy_evaluation,exploratory_cluster,2,27,34.390494772209685,3.654154613721139,34.31018267145069,38.071408927923606,38.41788982529652,42.55286736178802,43.99057039074653,38.460943356290755,1.1437725274502746,5.529627034455771,0,0.0,0
0,50,TargetOnly,anomaly_evaluation,exploratory_cluster,0,260,244.97752583125168,94.16187533606393,209.5504916049815,321.57823497251945,566.2124759062804,571.8247342747292,572.7644062690377,572.5417891095485,1.000388822551862,0.2226171594892321,260,1.0,0
0,50,TargetOnly,anomaly_evaluation,exploratory_cluster,1,208,243.47415101296824,110.32362152159914,210.63583486997527,318.81172558520956,479.83559038814417,572.8445599389801,1287.9950601602459,572.9388571256104,2.248049759833042,715.0562030346355,208,1.0,0
0,50,TargetOnly,anomaly_evaluation,exploratory_cluster,2,287,478.4297217341899,2079.8267559386427,213.24976525037943,328.18803494620425,538.0148773447212,9911.200761271539,26075.757113689382,19929.077005773655,1.3084277363239136,6146.680107915727,287,1.0,0
0,50,TargetOnly,calibration,exploratory_cluster,0,43,32.42185898696724,8.657416996619064,30.619640369916493,36.14877958964486,37.72823148972447,65.06099052067712,84.48908421711731,38.2317182732123,2.209921186731385,46.25736594390501,0,0.0,1
0,50,TargetOnly,calibration,exploratory_cluster,1,32,30.627714307919263,2.4527130867311224,30.087476609785522,33.597723561117476,34.67380444752756,36.49242914490021,36.9775013343072,35.412752336220116,1.0441860317218739,1.564748998087083,0,0.0,0
0,50,TargetOnly,calibration,exploratory_cluster,2,25,29.46338383572562,2.0056213583844085,29.43411690996468,32.12186199902642,33.21791111411612,33.874587914113405,34.00892379700144,33.44919095163464,1.0167338231342018,0.5597328453667956,0,0.0,0
0,50,TargetOnly,healthy_evaluation,exploratory_cluster,0,38,30.908757643914107,2.5915903145862575,30.703375875215727,34.80811200666644,35.53298759351792,36.65685412698763,36.814817822364375,36.387888915940735,1.0117327198456025,0.42692890642364034,0,0.0,0
0,50,TargetOnly,healthy_evaluation,exploratory_cluster,1,35,30.5426850072147,2.4020751873704085,30.509271435442123,33.159543199600016,33.8539964897112,35.77413223989262,36.620960554293006,34.13028904135073,1.0729754005283896,2.490671512942278,0,0.0,0
0,50,TargetOnly,healthy_evaluation,exploratory_cluster,2,27,33.85430974417938,20.96138792417771,29.5394102481237,33.13742403144751,33.522746125689864,110.90996851373754,138.0904893526895,33.5500245874903,4.115957918080897,104.5404647651992,1,0.037037037037037035,0
0,100,Pooled,anomaly_evaluation,exploratory_cluster,0,260,104.41709308402491,132.2931088036982,48.74934400313171,248.8769263239516,533.6757306116996,542.3093166105322,642.7453912405855,543.8311169835316,1.1818841753772784,98.91427425705388,259,0.9961538461538462,0
0,100,Pooled,anomaly_evaluation,exploratory_cluster,1,208,108.35600380770802,152.67372392730275,58.94516386404385,318.1917779636103,419.2338922104385,541.5071109848544,1455.7588257957725,542.7580468150745,2.6821506089835467,913.000778980698,207,0.9951923076923077,0
0,100,Pooled,anomaly_evaluation,exploratory_cluster,2,287,102.75567150228608,115.36158758551919,58.90658995098333,227.83636572526214,420.79685513145114,540.7841342680235,542.6682308515537,542.1161048348404,1.0010184645167137,0.5521260167133732,287,1.0,0
0,100,Pooled,calibration,exploratory_cluster,0,43,24.511158640310807,1.5232863443633111,24.136909546331673,26.36837964431337,26.720189149622176,28.440776985037818,29.486265286579847,26.9970074257655,1.0922049552217643,2.489257860814348,0,0.0,0
0,100,Pooled,calibration,exploratory_cluster,1,32,25.900137038426987,2.365104454081242,25.44240729461731,27.863141415573214,30.784496233045108,32.83043491686948,33.73018608905201,30.827762952979306,1.0941496514197182,2.9024231360727057,0,0.0,1
0,100,Pooled,calibration,exploratory_cluster,2,25,24.381433442936796,1.240319510936582,24.56569022876522,25.73995341506524,26.09827102846761,26.998005373575165,27.265862247784344,26.149791938579444,1.0426798925141096,1.1160703092049005,0,0.0,0
0,100,Pooled,healthy_evaluation,exploratory_cluster,0,38,24.579446579668385,1.456214407092678,24.310140777626717,26.898335597477764,27.158938147953975,27.330969207105575,27.416766888092507,27.1848812638035,1.0085299480265806,0.2318856242890064,0,0.0,0
0,100,Pooled,healthy_evaluation,exploratory_cluster,1,35,24.75129161268812,1.6554616466093275,24.71808675852474,26.976341688819453,27.178342201515576,28.10031563761782,28.543605457574138,27.23981186946733,1.0478635313031734,1.3037935881068066,0,0.0,0
0,100,Pooled,healthy_evaluation,exploratory_cluster,2,27,24.802691718447857,2.537318221717514,24.321226952643435,26.938826731564426,28.4603915121149,32.9107763230624,34.37858361838198,28.73317094407594,1.19647718956233,5.645412674306041,1,0.037037037037037035,0
0,100,RACE,anomaly_evaluation,exploratory_cluster,0,260,86.27898265201497,98.09166691938361,43.00783190456111,214.6191874154601,396.6538175429911,403.50458429571887,404.4749969404109,404.18918007163256,1.000707136367994,0.28581686877834045,260,1.0,0
0,100,RACE,anomaly_evaluation,exploratory_cluster,1,208,90.66253149696347,120.91458159614157,52.51607194262668,304.9136773609485,319.62543223965133,403.5542693252512,1237.261335769137,403.76459597879176,3.064313582942586,833.4967397903454,208,1.0,0
0,100,RACE,anomaly_evaluation,exploratory_cluster,2,287,87.88745938584587,90.86027728176109,52.22314684061202,196.36145564380766,313.62352293021297,412.5513854208387,413.87489413458957,413.6646118269731,1.0005083400938932,0.21028230761646682,287,1.0,0
0,100,RACE,calibration,exploratory_cluster,0,43,23.0931193968121,1.4663769748543816,22.869328924832857,24.695738880665132,24.932027505284204,27.398011563095775,28.927892809695052,25.28531841303012,1.1440588699404248,3.6425743966649335,0,0.0,1
0,100,RACE,calibration,exploratory_cluster,1,32,24.029041332808063,1.5283019115568166,23.876403042308503,26.238531622384702,26.535516930998966,27.197202691049043,27.45144813179904,26.63130154873453,1.0307963387205716,0.8201465830645098,0,0.0,0
0,100,RACE,calibration,exploratory_cluster,2,25,22.791412307803544,1.0963354932537823,22.73685729206236,23.94191257141563,24.06987999706573,25.33122725457972,25.72033291433202,24.099059332030777,1.0672753886350395,1.6212735823012423,0,0.0,0
0,100,RACE,healthy_evaluation,exploratory_cluster,0,38,23.18161407137833,1.1007898256906832,23.202475404852635,24.50920751336817,25.25272181160392,25.861288713886925,25.876799140159005,25.834879069153388,1.0016226153369407,0.04192007100561668,0,0.0,0
0,100,RACE,healthy_evaluation,exploratory_cluster,1,35,23.274606474211293,1.5349117792753206,22.908380539654626,25.375230856382696,25.664215886631144,26.39045084127505,26.638305475328202,25.90932125752482,1.0281359828209187,0.728984217803383,0,0.0,0
0,100,RACE,healthy_evaluation,exploratory_cluster,2,27,23.203262995557694,2.4339447179974014,22.994547857979796,24.47465371963483,25.301574726504533,31.353329990610682,33.3608270898645,25.639684400426784,1.301140317051219,7.721142689437716,1,0.037037037037037035,0
0,100,SourceOnly,anomaly_evaluation,exploratory_cluster,0,260,108.3283642331576,133.98100073115424,51.78109977722197,255.21014262055988,544.5054242614334,553.6644323134863,614.1332181254023,555.2070271840735,1.1061337268013225,58.926190941328855,113,0.4346153846153846,0
0,100,SourceOnly,anomaly_evaluation,exploratory_cluster,1,208,114.00038071438993,154.9897048728508,66.25249607502616,332.8865921452841,428.42570116465623,552.8825997915571,1484.1011178479648,554.2412373738036,2.6777168816960915,929.8598804741612,127,0.6105769230769231,0
0,100,SourceOnly,anomaly_evaluation,exploratory_cluster,2,287,108.00118884615836,117.26050488185346,66.15043263218294,234.64460545892777,430.1018314496422,551.8999383522621,554.3313911223405,553.46697658449,1.0015618177315382,0.8644145378505073,165,0.5749128919860628,0
0,100,SourceOnly,calibration,exploratory_cluster,0,43,36.00342394675145,3.4681129918697264,36.619179946594656,39.431118234268844,40.58012704103055,41.639419535780746,42.008934249455876,41.129137312134134,1.0213910865828488,0.8797969373217427,0,0.0,0
0,100,SourceOnly,calibration,exploratory_cluster,1,32,36.43653627129933,5.693373144144935,35.49346801746911,39.12315068493432,44.52845471111962,56.195800019340595,58.51449921287333,51.03482439502577,1.1465602146477962,7.47967481784756,0,0.0,1
0,100,SourceOnly,calibration,exploratory_cluster,2,25,35.93505428984121,3.649827387303217,36.716273426476626,39.945570271830384,40.22557567104065,41.78099165731437,42.263051438810045,40.254469015911404,1.0498971287412762,2.008582422898641,0,0.0,0
0,100,SourceOnly,healthy_evaluation,exploratory_cluster,0,38,36.06214318660041,3.7914578619548944,36.9065822066259,39.253585598084555,39.73051134509372,41.56308457645265,41.57189177681542,41.54808853259172,1.0005729082868644,0.02380324422369995,0,0.0,0
0,100,SourceOnly,healthy_evaluation,exploratory_cluster,1,35,35.844597292348226,3.5023178939067012,36.76931855821464,39.07235782086462,39.74785475604002,40.25294148712966,40.41019491978276,39.94768482374424,1.0115778948912606,0.4625100960385211,0,0.0,0
0,100,SourceOnly,healthy_evaluation,exploratory_cluster,2,27,34.390494772209685,3.654154613721139,34.31018267145069,38.071408927923606,38.41788982529652,42.55286736178802,43.99057039074653,38.460943356290755,1.1437725274502746,5.529627034455771,0,0.0,0
0,100,TargetOnly,anomaly_evaluation,exploratory_cluster,0,260,286.23697466008394,118.1437899583279,239.53828173767934,416.04813365728785,635.5527057648707,705.505177232201,708.1121787963568,706.2980236165565,1.0025685406431,1.8141551798003093,260,1.0,0
0,100,TargetOnly,anomaly_evaluation,exploratory_cluster,1,208,283.94197228669844,140.41998129699408,241.40311128366676,413.9733531190091,517.5042485337028,707.631683787382,1629.2588510467708,708.3335155206154,2.300129551048122,920.9253355261554,208,1.0,0
0,100,TargetOnly,anomaly_evaluation,exploratory_cluster,2,287,561.056684284704,2466.8347489779844,244.06990713364954,415.79900579886714,647.7938895891544,11752.098840097866,30914.006882135178,23625.73926233861,1.3084884472341007,7288.267619796567,287,1.0,0
0,100,TargetOnly,calibration,exploratory_cluster,0,43,33.39035326663547,7.984849979114534,32.06637204283555,35.592298490358004,37.992187733919586,64.54324162561694,81.51190521575606,41.11032523923452,1.9827599208084938,40.40157997652154,0,0.0,1
0,100,TargetOnly,calibration,exploratory_cluster,1,32,33.396109466114034,2.87434122211827,32.58868559812185,38.95964997183209,39.58611285037568,40.206101931877605,40.428031713333,39.71212919250914,1.0180273013656216,0.7159025208238603,0,0.0,0
0,100,TargetOnly,calibration,exploratory_cluster,2,25,31.43190929490912,2.285732631035525,31.44144389262479,34.41327515492708,35.00094600552456,35.98256266248823,36.27515539520751,35.05601900887716,1.0347768064029643,1.219136386330355,0,0.0,0
0,100,TargetOnly,healthy_evaluation,exploratory_cluster,0,38,32.77633830645127,2.0921799129815906,32.83635913141128,35.331137366684004,36.290025225674036,37.14947872165517,37.23446939109138,37.00476487910163,1.0062074306576523,0.22970451198975184,0,0.0,0
0,100,TargetOnly,healthy_evaluation,exploratory_cluster,1,35,32.299501164571666,2.5218682713406326,31.959346619473802,35.7918594738264,36.46332196436555,37.69753044749909,38.29188922227392,36.54377517881856,1.0478361645697898,1.7481140434553666,0,0.0,0
0,100,TargetOnly,healthy_evaluation,exploratory_cluster,2,27,36.570477798418295,21.61710053655665,32.217007291941414,35.91719138018773,37.88559308527547,116.61567404628397,144.06648492526108,38.48644308304206,3.743304742774211,105.58004184221902,1,0.037037037037037035,0
1,10,Pooled,anomaly_evaluation,exploratory_cluster,0,260,111.846246691261,132.5333711060361,60.01326206739199,253.3111263880338,540.0009049008166,552.7720265892882,613.3393697271274,554.114718276171,1.106881570724564,59.22465145095646,120,0.46153846153846156,0
1,10,Pooled,anomaly_evaluation,exploratory_cluster,1,208,115.04861642279873,153.7943197447963,67.83910382877542,327.32777128960794,424.6887906789049,552.0603454374581,1475.3854822242442,553.1718000519724,2.6671379164404745,922.2136821722719,94,0.4519230769230769,0
1,10,Pooled,anomaly_evaluation,exploratory_cluster,2,287,110.61322595995172,115.68181609334498,70.95036288141435,233.1288606518755,426.5037040808507,550.825467728495,553.2182303722846,552.1412739761174,1.0019505087681848,1.0769563961671338,149,0.519163763066202,0
1,10,Pooled,calibration,exploratory_cluster,0,39,32.189046988041255,9.970550079688158,29.60243541590041,32.447664857943145,65.48933279718028,66.09840484993896,66.10494060035343,66.08774125715745,1.0002602501291284,0.017199343195983374,0,0.0,0
1,10,Pooled,calibration,exploratory_cluster,1,39,34.21656453291034,12.12672480349093,30.00762377564234,60.36802622594888,65.53632044068223,68.42458619921888,70.06045828275145,65.75553174713946,1.0654686597648764,4.3049265356119975,0,0.0,1
1,10,Pooled,calibration,exploratory_cluster,2,22,32.548678850367295,11.119002970497096,28.921298821312334,37.17715429445194,64.48207322339913,66.2974985759902,66.40605502825008,65.88911954129827,1.007845536418616,0.5169354869518088,0,0.0,0
1,10,Pooled,healthy_evaluation,exploratory_cluster,0,49,32.063348266476105,9.82890418552553,29.40042959674783,32.31967307344035,62.48377970038486,66.29600324066055,66.5501525681177,66.020674802582,1.0080198781233147,0.5294777655357024,0,0.0,0
1,10,Pooled,healthy_evaluation,exploratory_cluster,1,24,31.456580220943625,8.714046716251248,29.149721294695354,32.55838219592826,46.898072086422175,62.59087932390588,66.5402469679102,49.369083298326224,1.347812082428643,17.171163669583983,0,0.0,0
1,10,Pooled,healthy_evaluation,exploratory_cluster,2,27,31.570879022165496,10.053999918933226,28.936726937601268,30.99066320365011,55.34336203274118,66.45863179953008,66.74168025663134,65.6530323447034,1.0165818374726718,1.0886479119279358,0,0.0,0
1,10,RACE,anomaly_evaluation,exploratory_cluster,0,260,82.92579813789577,93.75517044052472,44.76564286485869,200.37083143921856,345.62967136838773,390.93334169345354,391.86280728353626,391.7271237683174,1.0003463725307393,0.1356835152188296,98,0.3769230769230769,0
1,10,RACE,anomaly_evaluation,exploratory_cluster,1,208,87.85554969091292,112.37839294333953,55.76401751857469,280.1914609292218,302.3662140750283,390.9577329115897,1120.1498586122043,391.2937760085259,2.862682534944786,728.8560826036784,107,0.5144230769230769,0
1,10,RACE,anomaly_evaluation,exploratory_cluster,2,287,84.97130476446614,85.30281168982538,56.372020784938655,184.76075382453251,302.593488755325,390.0487843763436,391.81171143462984,391.22714924531874,1.0014941759293514,0.5845621893111002,147,0.5121951219512195,0
1,10,RACE,calibration,exploratory_cluster,0,39,27.776727739385414,3.663971258818029,27.36373332085948,30.11706861883144,38.45651376961561,39.05323121429822,39.28371167109458,38.67718415320943,1.015681790987745,0.6065275178851479,0,0.0,0
1,10,RACE,calibration,exploratory_cluster,1,39,29.199483538690558,6.035972544533028,27.55548691980396,37.45881466349138,39.472259933935376,51.35417258606978,55.44140486144903,44.68553045255633,1.240701504490642,10.755874408892701,0,0.0,1
1,10,RACE,calibration,exploratory_cluster,2,22,27.522866486050187,4.344230011306599,26.538763587576348,32.80456126868109,38.89064998442023,39.29191636175298,39.31979000930004,39.18705835431403,1.0033871298474588,0.13273165498601003,0,0.0,0
1,10,RACE,healthy_evaluation,exploratory_cluster,0,49,28.177054124777893,5.154386841301849,27.304887619875057,29.448420554281128,38.45594038699694,47.708362252110135,55.1786027657008,39.61560169572038,1.3928503014927494,15.563001069980423,0,0.0,0
1,10,RACE,healthy_evaluation,exploratory_cluster,1,24,27.998643399175894,4.967285662510622,26.62369289124498,29.750944517223697,37.9758638509516,44.549312229769036,46.098710302906625,39.36219694143886,1.1711417015541592,6.736513361467765,0,0.0,0
1,10,RACE,healthy_evaluation,exploratory_cluster,2,27,27.22638635475046,3.665260705754639,26.584331284917052,28.65730774057705,35.24452839348616,39.007176287299544,39.36330600433724,37.99357632342302,1.0360516122318757,1.3697296809142188,0,0.0,0
1,10,SourceOnly,anomaly_evaluation,exploratory_cluster,0,260,108.3283642331576,133.98100073115424,51.78109977722197,255.21014262055988,544.5054242614334,553.6644323134863,614.1332181254023,555.2070271840735,1.1061337268013225,58.926190941328855,103,0.39615384615384613,0
1,10,SourceOnly,anomaly_evaluation,exploratory_cluster,1,208,114.00038071438993,154.9897048728508,66.25249607502616,332.8865921452841,428.42570116465623,552.8825997915571,1484.1011178479648,554.2412373738036,2.6777168816960915,929.8598804741612,123,0.5913461538461539,0
1,10,SourceOnly,anomaly_evaluation,exploratory_cluster,2,287,108.00118884615836,117.26050488185346,66.15043263218294,234.64460545892777,430.1018314496422,551.8999383522621,554.3313911223405,553.46697658449,1.0015618177315382,0.8644145378505073,158,0.5505226480836237,0
1,10,SourceOnly,calibration,exploratory_cluster,0,39,36.48557623354415,3.7597630057888622,37.54441758952896,40.69158747557931,41.55046885701409,41.8428581098525,42.008934249455876,41.57189177681542,1.0105129320307764,0.4370424726404565,0,0.0,0
1,10,SourceOnly,calibration,exploratory_cluster,1,39,36.72092197990873,5.058719256524086,37.057904898753094,39.24169555977394,40.79411538715133,53.92196566078614,61.968002022180706,40.79422212377411,1.5190386970528091,21.173779898406593,0,0.0,1
1,10,SourceOnly,calibration,exploratory_cluster,2,22,35.39681082870354,3.379760349758023,35.52836986056229,38.49376463547569,40.030037806518095,43.17565108991686,43.99057039074653,40.110002291557656,1.0967481395533516,3.8805680991888707,0,0.0,0
1,10,SourceOnly,healthy_evaluation,exploratory_cluster,0,49,36.63927904065959,4.885599553116045,36.76248599937759,38.777283688048975,39.34218581214141,52.16725632368225,62.880289611075185,40.56147026234009,1.550246803293453,22.318819348735097,1,0.02040816326530612,0
1,10,SourceOnly,healthy_evaluation,exploratory_cluster,1,24,36.598945960757575,4.662795688852701,36.85727852836361,40.309336333664525,42.01218063748446,49.009522958832086,51.03482439502577,42.22916597679238,1.208520775027209,8.805658418233392,0,0.0,0
1,10,SourceOnly,healthy_evaluation,exploratory_cluster,2,27,35.925123433024126,3.351222199099767,36.917236384522795,39.34883618337917,39.79831643063469,40.38430797568802,40.57523020446192,39.84091393994693,1.0184312103287048,0.7343162645149874,0,0.0,0
1,10,TargetOnly,anomaly_evaluation,exploratory_cluster,0,260,10341.1397673268,11619.633344366655,391.12010447977093,21911.967562923714,21912.35369697428,43816.67005853036,43819.21108105904,43818.6576515468,1.0000126299969443,0.5534295122415642,115,0.4423076923076923,0
1,10,TargetOnly,anomaly_evaluation,exploratory_cluster,1,208,21731.55310605454,16884.74461807915,21910.541598954704,43819.0687446486,43819.70935021488,64192.16453486169,65727.77814175145,65725.72115693659,1.0000312964966933,2.056984814858879,147,0.7067307692307693,0
1,10,TargetOnly,anomaly_evaluation,exploratory_cluster,2,287,16804.729337374607,15596.910712460714,21909.56692343647,43818.099734179465,43819.26092362057,43821.07487234655,65728.08030401813,65727.97262827696,1.0000016382026842,0.10767574117926415,167,0.5818815331010453,0
1,10,TargetOnly,calibration,exploratory_cluster,0,39,1718.2846076507558,5904.191341632505,35.14690060699252,50.46691492748449,21906.775934801557,21907.276263436244,21907.403165459964,21907.069212765964,1.000015244060753,0.33395269399989047,0,0.0,1
1,10,TargetOnly,calibration,exploratory_cluster,1,39,1712.7633031137339,5905.822742109312,30.005382522652354,42.689815998674696,21907.071389302182,21907.188401943837,21907.233516248736,21907.11479439374,1.000005419328657,0.11872185499669285,0,0.0,0
1,10,TargetOnly,calibration,exploratory_cluster,2,22,32.60974798814811,15.285275010489896,30.097085808544772,33.16748555192782,33.723666675938205,86.0802533347438,99.9911345838139,33.748842921575594,2.9628018600865778,66.2422916622383,0,0.0,0
1,10,TargetOnly,healthy_evaluation,exploratory_cluster,0,49,1930.2081428706397,5750.392223220935,33.73099856965826,3320.562450337017,16430.350284100616,21907.384196964078,21908.039831317554,21906.673926414478,1.0000623510856859,1.365904903075716,1,0.02040816326530612,0
1,10,TargetOnly,healthy_evaluation,exploratory_cluster,1,24,2535.6965372110385,6838.142093824146,29.171208205479786,11511.46876952629,21085.34647433646,21906.839490527447,21906.85701639747,21906.780816962593,1.0000034783492615,0.07619943487588898,0,0.0,0
1,10,TargetOnly,healthy_evaluation,exploratory_cluster,2,27,2459.90073793751,7006.563341877381,29.738299409684974,8783.434603179605,21906.87603643893,21907.25559860767,21907.359130342626,21906.96093136203,1.0000181768243364,0.3981989805943158,0,0.0,0
1,25,Pooled,anomaly_evaluation,exploratory_cluster,0,260,108.09755363891956,132.7503288505134,53.87294586007583,252.14143244106154,538.5717912032104,549.6335210286371,619.5721067951879,550.9761713230906,1.1244989149120077,68.59593547209727,106,0.4076923076923077,0
1,25,Pooled,anomaly_evaluation,exploratory_cluster,1,208,112.7971110189654,153.6824868000723,64.53890615833613,325.7149220130646,423.6242681550979,549.1576254501098,1473.4187422614953,549.9566303820717,2.6791544293917617,923.4621118794236,121,0.5817307692307693,0
1,25,Pooled,anomaly_evaluation,exploratory_cluster,2,287,107.19730533935443,115.55395625856964,65.50125730724308,231.15817201667954,425.355809902253,547.7823616635001,549.9407825598868,548.9985612406296,1.0017162546239247,0.9422213192572144,162,0.5644599303135889,0
1,25,Pooled,calibration,exploratory_cluster,0,39,28.16995767550312,4.889925081067536,26.991627140224413,30.164313968213293,43.56440321999576,44.47707404347784,44.54618253823918,44.364318078340915,1.0040993408165797,0.18186445989826439,0,0.0,0
1,25,Pooled,calibration,exploratory_cluster,1,39,29.676853890704596,7.599644592598812,27.33529324631267,43.07161351987812,44.875376993967194,55.72359392721062,58.980269167218346,50.410071167198076,1.170009638978588,8.57019800002027,0,0.0,1
1,25,Pooled,calibration,exploratory_cluster,2,22,28.285911304990012,5.805177463776184,26.494824824750843,34.7994486268593,43.9328870855989,44.880679152120905,45.01479302465813,44.37615553638561,1.0143914559644285,0.6386374882725221,0,0.0,0
1,25,Pooled,healthy_evaluation,exploratory_cluster,0,49,28.09258896957854,6.281280611319088,26.518264870181547,29.563133537002674,43.6972912129051,51.74397422438252,57.872537885369916,45.104696924979606,1.2830712061235312,12.76784096039031,0,0.0,0
1,25,Pooled,healthy_evaluation,exploratory_cluster,1,24,28.427670234961255,5.750483624070134,26.922833594820876,30.101526326476574,43.32646373713601,46.77654740465891,47.116575126296915,45.63819372787082,1.0323935124873984,1.4783813984260945,0,0.0,0
1,25,Pooled,healthy_evaluation,exploratory_cluster,2,27,27.64853265404566,5.040822455172654,26.468488445351028,27.90515564002379,39.07682055754562,45.21898011062076,45.741402411359154,43.732085870057674,1.0459460485665335,2.00931654130148,0,0.0,0
1,25,RACE,anomaly_evaluation,exploratory_cluster,0,260,78.74695411435604,89.2975804294081,39.26124202734755,195.43860533338585,345.8303322053294,369.6881755220202,370.55594109535525,370.2188612877207,1.0009104879380324,0.33707980763455225,85,0.3269230769230769,0
1,25,RACE,anomaly_evaluation,exploratory_cluster,1,208,84.74093399983317,108.23152611584757,53.52145112485042,278.4786924780107,290.21439252808983,369.6034351831221,1095.7076436223213,370.05451901694846,2.9609357197773822,725.6531246053728,90,0.4326923076923077,0
1,25,RACE,anomaly_evaluation,exploratory_cluster,2,287,81.57016244558656,81.8179478216901,52.64240707463212,180.4298105556227,286.37319872852584,369.268108671095,370.39833337214014,370.2266662293319,1.0004636811944332,0.17166714280824635,131,0.4564459930313589,0
1,25,RACE,calibration,exploratory_cluster,0,39,24.07659843507758,1.6527416584172399,23.840496586335878,26.813360863262865,27.52454915506198,28.323037750958715,28.79871148392536,27.546938502434198,1.04544145554979,1.2517729814911611,0,0.0,0
1,25,RACE,calibration,exploratory_cluster,1,39,25.31625557625579,5.704416582770823,23.86830183771355,27.108885030948965,28.90698149513127,48.804031307128454,56.912784649914755,35.573960063635155,1.5998439461929017,21.3388245862796,0,0.0,1
1,25,RACE,calibration,exploratory_cluster,2,22,23.760561697873985,2.545720879257104,23.05286349766272,28.24260001518433,28.950450018599515,30.326341680785998,30.6872057845933,28.96880529027282,1.0593189976977575,1.7184004943204805,0,0.0,0
1,25,RACE,healthy_evaluation,exploratory_cluster,0,49,24.406915644332454,4.854056815130377,23.832556245422786,25.28538828073983,27.459951116335723,42.97943610560578,55.78964468295937,29.101710146806276,1.9170572588869634,26.687934536153094,0,0.0,0
1,25,RACE,healthy_evaluation,exploratory_cluster,1,24,24.90117787866673,4.556117191842766,23.74630759201746,26.245736060206667,28.57615792393761,41.17273506085609,44.81891822234107,28.965947955015107,1.5472967876606714,15.852970267325961,0,0.0,0
1,25,RACE,healthy_evaluation,exploratory_cluster,2,27,23.554060624393816,1.6071992856044313,23.303780592849048,24.576075988586716,26.38321139837693,28.684877792640275,29.26757351935396,27.026436108916723,1.0829238972317858,2.2411374104372364,0,0.0,0
1,25,SourceOnly,anomaly_evaluation,exploratory_cluster,0,260,108.3283642331576,133.98100073115424,51.78109977722197,255.21014262055988,544.5054242614334,553.6644323134863,614.1332181254023,555.2070271840735,1.1061337268013225,58.926190941328855,103,0.39615384615384613,0
1,25,SourceOnly,anomaly_evaluation,exploratory_cluster,1,208,114.00038071438993,154.9897048728508,66.25249607502616,332.8865921452841,428.42570116465623,552.8825997915571,1484.1011178479648,554.2412373738036,2.6777168816960915,929.8598804741612,123,0.5913461538461539,0
1,25,SourceOnly,anomaly_evaluation,exploratory_cluster,2,287,108.00118884615836,117.26050488185346,66.15043263218294,234.64460545892777,430.1018314496422,551.8999383522621,554.3313911223405,553.46697658449,1.0015618177315382,0.8644145378505073,158,0.5505226480836237,0
1,25,SourceOnly,calibration,exploratory_cluster,0,39,36.48557623354415,3.7597630057888622,37.54441758952896,40.69158747557931,41.55046885701409,41.8428581098525,42.008934249455876,41.57189177681542,1.0105129320307764,0.4370424726404565,0,0.0,0
1,25,SourceOnly,calibration,exploratory_cluster,1,39,36.72092197990873,5.058719256524086,37.057904898753094,39.24169555977394,40.79411538715133,53.92196566078614,61.968002022180706,40.79422212377411,1.5190386970528091,21.173779898406593,0,0.0,1
1,25,SourceOnly,calibration,exploratory_cluster,2,22,35.39681082870354,3.379760349758023,35.52836986056229,38.49376463547569,40.030037806518095,43.17565108991686,43.99057039074653,40.110002291557656,1.0967481395533516,3.8805680991888707,0,0.0,0
1,25,SourceOnly,healthy_evaluation,exploratory_cluster,0,49,36.63927904065959,4.885599553116045,36.76248599937759,38.777283688048975,39.34218581214141,52.16725632368225,62.880289611075185,40.56147026234009,1.550246803293453,22.318819348735097,1,0.02040816326530612,0
1,25,SourceOnly,healthy_evaluation,exploratory_cluster,1,24,36.598945960757575,4.662795688852701,36.85727852836361,40.309336333664525,42.01218063748446,49.009522958832086,51.03482439502577,42.22916597679238,1.208520775027209,8.805658418233392,0,0.0,0
1,25,SourceOnly,healthy_evaluation,exploratory_cluster,2,27,35.925123433024126,3.351222199099767,36.917236384522795,39.34883618337917,39.79831643063469,40.38430797568802,40.57523020446192,39.84091393994693,1.0184312103287048,0.7343162645149874,0,0.0,0
1,25,TargetOnly,anomaly_evaluation,exploratory_cluster,0,260,209.09106325988563,86.95694937892344,176.46797138877952,275.67208954366197,515.776541245104,518.8473065732986,531.1831583900782,520.2009263048536,1.0211115196645935,10.98223208522461,260,1.0,0
1,25,TargetOnly,anomaly_evaluation,exploratory_cluster,1,208,208.2374848388625,98.18170024892406,179.41203588127235,267.2619399584027,391.25133143550653,519.9287538010788,1107.588897947385,520.7662041895793,2.1268448087391234,586.8226937578057,208,1.0,0
1,25,TargetOnly,anomaly_evaluation,exploratory_cluster,2,287,372.93211760027685,1460.4066166273774,180.2555379195426,296.0733891933582,468.8597481131797,6971.816991378516,18353.71121580764,14023.482890267465,1.3087840844834222,4330.228325540176,287,1.0,0
1,25,TargetOnly,calibration,exploratory_cluster,0,39,32.30473020234715,5.751494250599162,30.704754105064445,35.60897731831788,38.562660894833144,52.87260198246581,60.56220324287113,40.32641045233095,1.5018000006338406,20.23579279054018,0,0.0,0
1,25,TargetOnly,calibration,exploratory_cluster,1,39,31.029915182895003,5.321774041087366,30.47802906024465,36.29829711811992,38.17061327088205,48.59479508282965,53.16318501277191,41.14110624976604,1.292215738925937,12.022078763005872,0,0.0,0
1,25,TargetOnly,calibration,exploratory_cluster,2,22,32.54952269230174,17.596932745238252,28.605700274579355,33.3280875989437,34.13250275760924,94.44500823038607,110.46657636534725,34.17339477029429,3.232531538288139,76.29318159505297,0,0.0,1
1,25,TargetOnly,healthy_evaluation,exploratory_cluster,0,49,30.087782792346736,2.8847792153754277,29.52904526880815,34.03069392884226,34.891743343233216,35.52564700821325,35.768279384986634,35.26279526670876,1.0143347716610287,0.5054841182778773,0,0.0,0
1,25,TargetOnly,healthy_evaluation,exploratory_cluster,1,24,29.74726347578611,2.0364309255173123,29.06276437935822,32.234686091062436,33.73402309485677,34.05892630479462,34.08844828588177,33.96009184637243,1.0037796258057838,0.12835643950933928,0,0.0,0
1,25,TargetOnly,healthy_evaluation,exploratory_cluster,2,27,29.062674535323662,2.103693157145531,28.87884368847411,31.61799928930152,32.211793095561916,33.87903968066703,34.409001507473164,32.370686788988024,1.0629679169852688,2.0383147184851396,0,0.0,0
1,50,Pooled,anomaly_evaluation,exploratory_cluster,0,260,105.99864929205793,132.29473843243082,50.38096402422268,249.25334762432126,534.6153796210988,544.8364862810785,628.9255065695367,546.2186162207337,1.1514171943114075,82.70689034880297,104,0.4,0
1,50,Pooled,anomaly_evaluation,exploratory_cluster,1,208,111.55727777367267,152.9782007739421,63.57571730347891,322.08131471581544,420.28899190458657,544.2520618919159,1468.7803470667682,545.1757689723757,2.6941409186900085,923.6045780943924,120,0.5769230769230769,0
1,50,Pooled,anomaly_evaluation,exploratory_cluster,2,287,105.38791626531592,115.1532131779195,64.79716033144929,229.4738612086215,422.1862170756153,543.1090270911357,545.2414871284,544.2269571718937,1.0018641670412256,1.0145299565062942,157,0.5470383275261324,0
1,50,Pooled,calibration,exploratory_cluster,0,39,26.20293306593236,2.4381148270666193,25.495777024462587,28.72544266297916,31.90720841817176,33.41599463997105,33.586400556052126,33.13796393478615,1.0135324132209353,0.4484366212659765,0,0.0,0
1,50,Pooled,calibration,exploratory_cluster,1,39,27.692170513334524,6.238340631864792,26.313683793006724,32.41648777565369,35.189844628195615,52.524570858486086,59.04034552608832,41.89357008502992,1.4092937270864285,17.146775441058402,0,0.0,1
1,50,Pooled,calibration,exploratory_cluster,2,22,26.433862298780866,3.5659729996874168,25.565778422070096,33.63657555262386,34.81464954721995,34.87683552699449,34.88700733545476,34.838570152310616,1.001390332121335,0.048437183144145024,0,0.0,0
1,50,Pooled,healthy_evaluation,exploratory_cluster,0,49,26.279172058939924,5.248420182702374,24.93275470628875,28.253666980457716,33.09510641182372,46.85942175509172,57.71492478311988,35.09929347472805,1.6443329500257715,22.615631308391833,0,0.0,0
1,50,Pooled,healthy_evaluation,exploratory_cluster,1,24,27.07360887207405,5.010706780593356,25.9510325936252,29.203134400764856,35.520510642103154,44.444625948540626,46.78151664634338,36.621122308070575,1.2774462850373554,10.160394338272802,0,0.0,0
1,50,Pooled,healthy_evaluation,exploratory_cluster,2,27,25.8361887394043,2.8004966920180725,25.382338411740996,26.783774188020693,31.664757803441773,35.30824679611726,35.864264033384785,33.72573619774048,1.0634093744642283,2.138527835644304,0,0.0,0
1,50,RACE,anomaly_evaluation,exploratory_cluster,0,260,80.51387717141594,90.58239770781687,40.12636879669659,199.8879400353576,352.73261826511856,373.3786898591427,374.2939817995392,374.1253645443412,1.0004506972025362,0.16861725519800075,83,0.3192307692307692,0
1,50,RACE,anomaly_evaluation,exploratory_cluster,1,208,87.50621765814988,111.34167647243494,55.17564304761405,286.6958011213908,299.0852207974924,373.4685649274925,1145.4772012892288,373.6011531519213,3.0660430023443515,771.8760481373074,90,0.4326923076923077,0
1,50,RACE,anomaly_evaluation,exploratory_cluster,2,287,84.02936748316354,83.72937593110295,53.851327536260506,186.66679037540413,291.7655716463598,383.9444356591235,385.1987659674576,384.8536743782246,1.0008966825892738,0.3450915892329931,127,0.4425087108013937,0
1,50,RACE,calibration,exploratory_cluster,0,39,23.021696452000743,1.3490041479082322,22.97651689883177,24.643353974710955,25.911450367597006,26.51444196080051,26.67053050526173,26.25977117773221,1.0156421518203418,0.41075932752952227,0,0.0,0
1,50,RACE,calibration,exploratory_cluster,1,39,24.393407926198506,6.456006183809118,23.401968502888764,25.21336151989072,26.713361261854544,51.0479822514573,61.24433651401399,34.411825296759716,1.7797468162719305,26.83251121725427,0,0.0,1
1,50,RACE,calibration,exploratory_cluster,2,22,22.94334052980886,2.375860094952355,22.43537213604226,25.744459117385702,26.184008273896037,30.062621614400864,31.090645346792137,26.195294240167055,1.1868790272689016,4.895351106625082,0,0.0,0
1,50,RACE,healthy_evaluation,exploratory_cluster,0,49,23.330522790172953,5.534210205652877,22.490719346408742,24.153232572208,25.24674293733567,44.03191883727042,60.16105789943439,26.558684853259724,2.2652122359157563,33.60237304617466,0,0.0,0
1,50,RACE,healthy_evaluation,exploratory_cluster,1,24,24.226709969779577,5.221548381568091,23.366620862530098,25.612416073187212,26.45446963460379,42.87371777518922,47.73966484496891,26.58337323723118,1.795846765530396,21.156291607737728,0,0.0,0
1,50,RACE,healthy_evaluation,exploratory_cluster,2,27,22.49452826620203,1.2544246792778846,22.257117312141077,23.613462988200816,24.080715001140508,26.402789483686337,27.195070358969915,24.147836223263873,1.1261907736797698,3.0472341357060415,0,0.0,0
1,50,SourceOnly,anomaly_evaluation,exploratory_cluster,0,260,108.3283642331576,133.98100073115424,51.78109977722197,255.21014262055988,544.5054242614334,553.6644323134863,614.1332181254023,555.2070271840735,1.1061337268013225,58.926190941328855,103,0.39615384615384613,0
1,50,SourceOnly,anomaly_evaluation,exploratory_cluster,1,208,114.00038071438993,154.9897048728508,66.25249607502616,332.8865921452841,428.42570116465623,552.8825997915571,1484.1011178479648,554.2412373738036,2.6777168816960915,929.8598804741612,123,0.5913461538461539,0
1,50,SourceOnly,anomaly_evaluation,exploratory_cluster,2,287,108.00118884615836,117.26050488185346,66.15043263218294,234.64460545892777,430.1018314496422,551.8999383522621,554.3313911223405,553.46697658449,1.0015618177315382,0.8644145378505073,158,0.5505226480836237,0
1,50,SourceOnly,calibration,exploratory_cluster,0,39,36.48557623354415,3.7597630057888622,37.54441758952896,40.69158747557931,41.55046885701409,41.8428581098525,42.008934249455876,41.57189177681542,1.0105129320307764,0.4370424726404565,0,0.0,0
1,50,SourceOnly,calibration,exploratory_cluster,1,39,36.72092197990873,5.058719256524086,37.057904898753094,39.24169555977394,40.79411538715133,53.92196566078614,61.968002022180706,40.79422212377411,1.5190386970528091,21.173779898406593,0,0.0,1
1,50,SourceOnly,calibration,exploratory_cluster,2,22,35.39681082870354,3.379760349758023,35.52836986056229,38.49376463547569,40.030037806518095,43.17565108991686,43.99057039074653,40.110002291557656,1.0967481395533516,3.8805680991888707,0,0.0,0
1,50,SourceOnly,healthy_evaluation,exploratory_cluster,0,49,36.63927904065959,4.885599553116045,36.76248599937759,38.777283688048975,39.34218581214141,52.16725632368225,62.880289611075185,40.56147026234009,1.550246803293453,22.318819348735097,1,0.02040816326530612,0
1,50,SourceOnly,healthy_evaluation,exploratory_cluster,1,24,36.598945960757575,4.662795688852701,36.85727852836361,40.309336333664525,42.01218063748446,49.009522958832086,51.03482439502577,42.22916597679238,1.208520775027209,8.805658418233392,0,0.0,0
1,50,SourceOnly,healthy_evaluation,exploratory_cluster,2,27,35.925123433024126,3.351222199099767,36.917236384522795,39.34883618337917,39.79831643063469,40.38430797568802,40.57523020446192,39.84091393994693,1.0184312103287048,0.7343162645149874,0,0.0,0
1,50,TargetOnly,anomaly_evaluation,exploratory_cluster,0,260,229.18635894960354,92.31904967073079,193.1579816351305,321.0026749310313,514.7896509768078,556.2449005600528,558.302461909006,556.8246979297722,1.002653912415753,1.477763979233714,260,1.0,0
1,50,TargetOnly,anomaly_evaluation,exploratory_cluster,1,208,228.82324890754535,111.14970436281818,196.14219093118265,319.75194347763295,422.1141784241042,558.0514023224888,1315.3733809990679,558.6758828277672,2.3544481181847994,756.6974981713007,208,1.0,0
1,50,TargetOnly,anomaly_evaluation,exploratory_cluster,2,287,458.27999755307656,2040.9238421774612,196.6477897470737,320.7577000819806,521.1141534994194,9713.536453247598,25579.63738595871,19543.975691776846,1.3088246623598379,6035.661694181865,287,1.0,0
1,50,TargetOnly,calibration,exploratory_cluster,0,39,32.566899797027844,5.903686850938943,31.523145728125762,35.513666600041745,37.64620701054065,54.70885578101068,63.77297053826755,39.92003696653911,1.597517822734531,23.852933571728443,0,0.0,0
1,50,TargetOnly,calibration,exploratory_cluster,1,39,30.749237495178477,3.3642619474259687,30.65110892142915,34.344438180756086,36.5763963599047,39.5816523057824,40.328269254359896,38.36348781073491,1.051214880495699,1.964781443624986,0,0.0,0
1,50,TargetOnly,calibration,exploratory_cluster,2,22,34.65276010008644,20.19324339348151,29.96466969203113,35.07526844939714,36.52980666130644,105.90993028885268,124.33353520412513,36.60208322663767,3.396897778584354,87.73145197748747,0,0.0,1
1,50,TargetOnly,healthy_evaluation,exploratory_cluster,0,49,30.315023620308022,2.322994258587621,30.288418605601226,33.735011716300335,33.95349623901446,35.71027010368966,36.97297565027915,34.3423390948844,1.0766003896277003,2.6306365553947515,0,0.0,0
1,50,TargetOnly,healthy_evaluation,exploratory_cluster,1,24,31.12613821665394,1.8642421577359944,30.517729840989695,32.85971092998402,33.60631693090986,35.19149798658694,35.62616534018515,33.73630728106247,1.056018521629471,1.8898580591226803,0,0.0,0
1,50,TargetOnly,healthy_evaluation,exploratory_cluster,2,27,30.417545228754907,2.257815028907621,30.43393289777455,33.2821945883879,34.25843739612338,34.68587592215838,34.69561678385159,34.6581519311854,1.0010809824118891,0.03746485266619004,0,0.0,0
1,100,Pooled,anomaly_evaluation,exploratory_cluster,0,260,104.70720811894775,131.48153229759527,49.573248837242815,247.52635334633692,529.3144537309961,538.4543371589269,647.9195471829096,539.6374029514101,1.2006572258321564,108.2821442314995,102,0.3923076923076923,0
1,100,Pooled,anomaly_evaluation,exploratory_cluster,1,208,110.85349467698342,152.03434478936592,63.392749330891235,321.54384287112526,415.7948527595959,537.9011429677432,1465.259132380713,538.862050168356,2.7191729904210624,926.3970822123571,116,0.5576923076923077,0
1,100,Pooled,anomaly_evaluation,exploratory_cluster,2,287,104.29306785953767,114.16063300396256,64.01079165661206,228.0814232960967,417.8073342030644,536.9766731758791,538.8280550287343,538.1865893825675,1.0011919019515196,0.6414656461668073,157,0.5470383275261324,0
1,100,Pooled,calibration,exploratory_cluster,0,39,25.178908410504835,1.5864518432862424,24.839821539414046,27.49119475630853,27.933554914350715,29.218582033712206,29.38222161599216,28.95159113630807,1.0148741558851333,0.4306304796840905,0,0.0,0
1,100,Pooled,calibration,exploratory_cluster,1,39,26.38942381488084,5.919264431347313,25.50282556125334,27.505871053919215,30.019672779745363,50.727935640005676,59.03196236897907,37.17926045062818,1.5877659117875669,21.852701918350895,0,0.0,1
1,100,Pooled,calibration,exploratory_cluster,2,22,25.312726378695423,2.6976641509211357,24.77436726476995,29.15648904508709,30.141215050286917,33.093915692620136,33.87012019662292,30.17390827280016,1.1224969563241716,3.696211923822762,0,0.0,0
1,100,Pooled,healthy_evaluation,exploratory_cluster,0,49,25.169774639085936,5.036492391889937,24.421757180243507,25.963655324654212,27.907762328919084,44.169254069544685,58.16279610889943,29.00958352691062,2.0049510898681104,29.153212581988807,0,0.0,0
1,100,Pooled,healthy_evaluation,exploratory_cluster,1,24,26.056203824048907,4.76925683486655,24.91412645083557,27.667474844041454,30.7821602169792,43.05174707741949,46.55786531155788,31.313872989217067,1.4868127403975255,15.243992322340816,0,0.0,0
1,100,Pooled,healthy_evaluation,exploratory_cluster,2,27,24.740339364330712,1.7660608687011616,24.430310979111884,26.02114432133981,27.843993164277393,30.286281896161732,30.89197135421201,28.5623965155571,1.0815609025449269,2.32957483865491,0,0.0,0
1,100,RACE,anomaly_evaluation,exploratory_cluster,0,260,86.42227984577845,96.58029643397887,43.10344262881509,213.6043707731194,378.8049499807302,396.67159439781943,397.85962131923213,397.4671093975915,1.0009875330872924,0.39251192164061877,79,0.3038461538461538,0
1,100,RACE,anomaly_evaluation,exploratory_cluster,1,208,94.73212096009564,119.27009108158569,59.028469841168445,305.38301163829857,321.8516436726497,397.0635795150823,1234.3050426268778,397.26100069623385,3.1070380441665626,837.044041930644,86,0.41346153846153844,0
1,100,RACE,anomaly_evaluation,exploratory_cluster,2,287,90.53286185120766,89.20465170075637,58.11961076886488,199.8563935388971,314.0250148581697,408.30234575505176,409.60315669681233,409.44416907273046,1.0003883011069419,0.15898762408187395,125,0.4355400696864111,0
1,100,RACE,calibration,exploratory_cluster,0,39,23.539093404706477,1.464774072941739,23.398222737572343,24.90677806001702,25.36706494147849,27.95233705934047,28.310842370926792,27.367407340436475,1.0344729414355722,0.943435030490317,0,0.0,0
1,100,RACE,calibration,exploratory_cluster,1,39,24.910457992809892,7.7799538022450205,23.987290762432256,25.21900696212229,26.583601593038654,56.55181635364108,70.3697544587824,34.00675944525286,2.0692872713164556,36.362995013529535,0,0.0,1
1,100,RACE,calibration,exploratory_cluster,2,22,23.591320526908838,2.476953612806494,23.277940667511597,25.591493616792413,26.31490029005691,31.35066339025154,32.68028406635511,26.348757037290532,1.2402969908638868,6.331527029064574,0,0.0,0
1,100,RACE,healthy_evaluation,exploratory_cluster,0,49,23.80805460268537,6.7376620390276925,23.004469557262297,24.205797006904163,24.77252384283531,48.12017885671667,69.41345181924096,25.05246648064906,2.770723268818943,44.3609853385919,0,0.0,0
1,100,RACE,healthy_evaluation,exploratory_cluster,1,24,24.877854220221508,6.381983351606148,23.886631584562224,25.598841942183913,25.96540339796035,47.72083998968891,54.20552691677803,26.011235929434104,2.0839273867582544,28.194290987343923,0,0.0,0
1,100,RACE,healthy_evaluation,exploratory_cluster,2,27,22.870168815148826,1.361314826240377,22.74514286534775,24.285197711908175,24.702316222581267,26.252613278508413,26.775718631207802,24.76377496697939,1.081245434789776,2.0119436642284114,0,0.0,0
1,100,SourceOnly,anomaly_evaluation,exploratory_cluster,0,260,108.3283642331576,133.98100073115424,51.78109977722197,255.21014262055988,544.5054242614334,553.6644323134863,614.1332181254023,555.2070271840735,1.1061337268013225,58.926190941328855,103,0.39615384615384613,0
1,100,SourceOnly,anomaly_evaluation,exploratory_cluster,1,208,114.00038071438993,154.9897048728508,66.25249607502616,332.8865921452841,428.42570116465623,552.8825997915571,1484.1011178479648,554.2412373738036,2.6777168816960915,929.8598804741612,123,0.5913461538461539,0
1,100,SourceOnly,anomaly_evaluation,exploratory_cluster,2,287,108.00118884615836,117.26050488185346,66.15043263218294,234.64460545892777,430.1018314496422,551.8999383522621,554.3313911223405,553.46697658449,1.0015618177315382,0.8644145378505073,158,0.5505226480836237,0
1,100,SourceOnly,calibration,exploratory_cluster,0,39,36.48557623354415,3.7597630057888622,37.54441758952896,40.69158747557931,41.55046885701409,41.8428581098525,42.008934249455876,41.57189177681542,1.0105129320307764,0.4370424726404565,0,0.0,0
1,100,SourceOnly,calibration,exploratory_cluster,1,39,36.72092197990873,5.058719256524086,37.057904898753094,39.24169555977394,40.79411538715133,53.92196566078614,61.968002022180706,40.79422212377411,1.5190386970528091,21.173779898406593,0,0.0,1
1,100,SourceOnly,calibration,exploratory_cluster,2,22,35.39681082870354,3.379760349758023,35.52836986056229,38.49376463547569,40.030037806518095,43.17565108991686,43.99057039074653,40.110002291557656,1.0967481395533516,3.8805680991888707,0,0.0,0
1,100,SourceOnly,healthy_evaluation,exploratory_cluster,0,49,36.63927904065959,4.885599553116045,36.76248599937759,38.777283688048975,39.34218581214141,52.16725632368225,62.880289611075185,40.56147026234009,1.550246803293453,22.318819348735097,1,0.02040816326530612,0
1,100,SourceOnly,healthy_evaluation,exploratory_cluster,1,24,36.598945960757575,4.662795688852701,36.85727852836361,40.309336333664525,42.01218063748446,49.009522958832086,51.03482439502577,42.22916597679238,1.208520775027209,8.805658418233392,0,0.0,0
1,100,SourceOnly,healthy_evaluation,exploratory_cluster,2,27,35.925123433024126,3.351222199099767,36.917236384522795,39.34883618337917,39.79831643063469,40.38430797568802,40.57523020446192,39.84091393994693,1.0184312103287048,0.7343162645149874,0,0.0,0
1,100,TargetOnly,anomaly_evaluation,exploratory_cluster,0,260,267.7936108206328,109.84780268240189,225.31737455155252,399.1006467788471,593.0027991685635,654.6000915290558,656.3076578838795,655.4008540537873,1.001383586585955,0.9068038300922581,260,1.0,0
1,100,TargetOnly,anomaly_evaluation,exploratory_cluster,1,208,266.7213663611668,130.98154693810278,225.84457417272972,398.6206838396743,492.3152706149022,654.7786047024567,1522.9334883546853,655.4827032084872,2.323377079059691,867.4507851461981,208,1.0,0
1,100,TargetOnly,anomaly_evaluation,exploratory_cluster,2,287,267.27229570175274,101.43293207848217,227.95009634350578,363.8682141315663,541.5143271186608,655.799156725025,661.7687921583961,657.4102708755815,1.0066298344822169,4.358521282814536,287,1.0,0
1,100,TargetOnly,calibration,exploratory_cluster,0,39,34.24541680248064,5.782827463897301,33.4138323982907,37.40928917735321,39.24279979827449,55.859645960195095,65.66615121464751,39.859558439772904,1.6474379994416626,25.80659277487461,0,0.0,0
1,100,TargetOnly,calibration,exploratory_cluster,1,39,32.542056979754854,3.043209194877756,31.758165141293073,36.163482948258434,36.62602610348407,39.76089617624013,39.813826263367304,39.674536560401066,1.00351080856998,0.13928970296623788,0,0.0,0
1,100,TargetOnly,calibration,exploratory_cluster,2,22,36.54356193268237,19.16846639704395,32.83022622522533,36.85449502064719,38.69198058760148,104.0900371412732,121.449331786729,38.78602395122551,3.1312653222576996,82.6633078355035,0,0.0,1
1,100,TargetOnly,healthy_evaluation,exploratory_cluster,0,49,32.08804035499164,2.5576178394965154,31.86322845918531,35.15687327221066,36.93643907768575,38.55017232875295,39.22045876240774,37.82402869229361,1.0369191257090666,1.3964300701141283,0,0.0,0
1,100,TargetOnly,healthy_evaluation,exploratory_cluster,1,24,33.0806815384503,2.3351064594574567,32.96840384930624,35.95330115459214,36.28826793936153,38.0875987423864,38.61029218710709,36.337711992669306,1.0625405417626803,2.2725801944377864,0,0.0,0
1,100,TargetOnly,healthy_evaluation,exploratory_cluster,2,27,32.12255565081961,2.7401155682515115,31.396011849249863,35.69877131244902,36.87688624736064,37.83859430497775,38.01275506167731,37.34290599744822,1.0179377862096448,0.6698490642290906,0,0.0,0
2,10,Pooled,anomaly_evaluation,exploratory_cluster,0,260,108.01824033669682,132.95755005732852,52.61658528874416,253.28172699830802,538.8104349100332,549.7646770253298,612.902174543608,551.3639627912842,1.111610870323817,61.53821175232383,153,0.5884615384615385,0
2,10,Pooled,anomaly_evaluation,exploratory_cluster,1,208,113.1070661231446,154.10101764031862,65.1902735668311,330.53854675003225,423.9038242034977,548.8763398486218,1479.4111989666615,550.5655391872388,2.687075549898405,928.8456597794227,146,0.7019230769230769,0
2,10,Pooled,anomaly_evaluation,exploratory_cluster,2,287,107.44564580137794,116.26785341714553,65.62812230643314,233.05093571744516,425.52904751378145,548.0683015116583,550.5196362651293,549.8365479570487,1.001242347949802,0.6830883080806416,208,0.7247386759581882,0
2,10,Pooled,calibration,exploratory_cluster,0,40,29.252588131318724,4.0356220031115555,28.06307242605095,34.28345110336485,38.096667987728814,42.292109730471935,44.55207524855268,38.757291868858466,1.149514661635849,5.794783379694216,0,0.0,0
2,10,Pooled,calibration,exploratory_cluster,1,36,30.32160273730413,5.840052514605367,28.450658843830084,36.8387116939803,45.24670971671169,48.577802235957975,48.89361922869721,47.99128496372797,1.0188020442805652,0.902334264969241,0,0.0,1
2,10,Pooled,calibration,exploratory_cluster,2,24,28.241905378406656,2.889152770750965,27.374685584092013,30.06469153288343,32.35137681703125,38.154571096420895,39.77059161210877,32.744415456944125,1.2145763195682455,7.026176155164642,0,0.0,0
2,10,Pooled,healthy_evaluation,exploratory_cluster,0,40,28.989866279129576,5.571637128526108,27.295020173204982,32.216683059724794,32.95749239767718,51.26215476384325,58.123853407144914,40.52975432175605,1.4341032749844351,17.594099085388862,1,0.025,0
2,10,Pooled,healthy_evaluation,exploratory_cluster,1,32,32.409650943116105,8.64625533767672,29.108688748760656,43.87340968333895,51.762732897777624,60.399373596074824,61.467497861439504,58.021935715101804,1.0593837848371008,3.4455621463377,2,0.0625,0
2,10,Pooled,healthy_evaluation,exploratory_cluster,2,28,29.574933685944227,3.6319103346127544,28.693811532829507,34.78762676433313,36.32731445650278,40.12135801134168,41.52297514686674,36.33180057084798,1.1428823921318139,5.19117457601876,0,0.0,0
2,10,RACE,anomaly_evaluation,exploratory_cluster,0,260,86.82787952489166,97.33027046173594,47.66512367087441,205.5886107937028,355.30991778073894,406.91639085362675,407.95235101312693,407.8840677082654,1.0001674086101113,0.0682833048615521,100,0.38461538461538464,0
2,10,RACE,anomaly_evaluation,exploratory_cluster,1,208,94.59102080501071,116.49577179291958,63.37623753148847,292.214641850981,315.6039864375851,406.5390307217001,1168.3077054560845,407.53041554494746,2.866798798057391,760.777289911137,121,0.5817307692307693,0
2,10,RACE,anomaly_evaluation,exploratory_cluster,2,287,90.02495516293601,88.1676931653903,59.42964814082265,189.44791807864735,314.8680276588753,406.0692686277959,407.7764682579992,407.7258051358596,1.000124257825974,0.05066312213961055,153,0.5331010452961672,0
2,10,RACE,calibration,exploratory_cluster,0,40,40.31052171875598,6.507173328019714,43.28943349959529,44.054224812724165,44.82512523533373,45.11863001980321,45.15135290082318,45.06744807769506,1.001861761131526,0.08390482312811542,0,0.0,0
2,10,RACE,calibration,exploratory_cluster,1,36,39.02645618000068,8.661338080166464,43.330933913726795,44.59032042381559,45.2530886105944,52.840230316816054,56.63101752159665,45.80019693650929,1.2364797819559952,10.83082058508736,0,0.0,1
2,10,RACE,calibration,exploratory_cluster,2,24,38.762113455963224,8.301716977226008,43.355360487082365,44.33658186635398,44.471656294233995,44.60923075459122,44.648211001488406,44.47873166715284,1.0038103454838556,0.16947933433556273,0,0.0,0
2,10,RACE,healthy_evaluation,exploratory_cluster,0,40,39.51506157080398,9.103381335870097,43.24265955593391,44.42438261741167,45.54908746805831,57.831146369905426,65.5171705985768,45.80941616608613,1.4302118665088077,19.707754432490667,1,0.025,0
2,10,RACE,healthy_evaluation,exploratory_cluster,1,32,38.91537936834253,8.725873079302078,43.053399737865334,44.87197037928606,49.195113029832086,56.37482139643788,57.264210629126055,54.39521310432549,1.0527435662270146,2.8689975248005624,1,0.03125,0
2,10,RACE,healthy_evaluation,exploratory_cluster,2,28,38.70237557871421,7.776224914697932,42.975015381753266,44.387649245223464,44.80431715016888,47.22015570673918,48.070446494721374,44.921221354046565,1.070105510174227,3.149225140674808,0,0.0,0
2,10,SourceOnly,anomaly_evaluation,exploratory_cluster,0,260,108.3283642331576,133.98100073115424,51.78109977722197,255.21014262055988,544.5054242614334,553.6644323134863,614.1332181254023,555.2070271840735,1.1061337268013225,58.926190941328855,135,0.5192307692307693,0
2,10,SourceOnly,anomaly_evaluation,exploratory_cluster,1,208,114.00038071438993,154.9897048728508,66.25249607502616,332.8865921452841,428.42570116465623,552.8825997915571,1484.1011178479648,554.2412373738036,2.6777168816960915,929.8598804741612,138,0.6634615384615384,0
2,10,SourceOnly,anomaly_evaluation,exploratory_cluster,2,287,108.00118884615836,117.26050488185346,66.15043263218294,234.64460545892777,430.1018314496422,551.8999383522621,554.3313911223405,553.46697658449,1.0015618177315382,0.8644145378505073,189,0.6585365853658537,0
2,10,SourceOnly,calibration,exploratory_cluster,0,40,35.94112229006881,3.233962990988895,36.63758399832413,38.970091134598064,39.294910640285785,40.76938582216248,41.57189177681542,39.51418420078224,1.0520751628219733,2.057707576033181,0,0.0,0
2,10,SourceOnly,calibration,exploratory_cluster,1,36,35.65606597422216,4.679931964657999,36.320332771388735,39.807628126580504,40.79413317658846,47.45061360008768,51.03482439502577,40.79422212377411,1.251030703323146,10.24060227125166,0,0.0,1
2,10,SourceOnly,calibration,exploratory_cluster,2,24,35.31439444517833,4.250982543944944,36.41963784388584,39.9866782767622,40.505446017526275,41.195875703351206,41.38126331990255,40.57523020446192,1.0198651519998523,0.8060331154406342,0,0.0,0
2,10,SourceOnly,healthy_evaluation,exploratory_cluster,0,40,36.20338562874552,5.867912316724988,36.91222725593968,39.337257833104026,41.17312715900022,54.74046102004364,62.880289611075185,42.008934249455876,1.4968313463436564,20.871355361619308,1,0.025,0
2,10,SourceOnly,healthy_evaluation,exploratory_cluster,1,32,36.86432791191109,6.8424542303442095,36.16149111697413,39.60133708761085,48.580495028065975,60.897416151295424,61.968002022180706,58.51449921287333,1.0590196080589134,3.4535028093073734,2,0.0625,0
2,10,SourceOnly,healthy_evaluation,exploratory_cluster,2,28,35.54571842749131,3.442249544790585,36.047654498618144,38.131682541262855,41.000241445128154,43.524140273723674,43.99057039074653,42.263051438810045,1.040875395720956,1.7275189519364815,0,0.0,0
2,10,TargetOnly,anomaly_evaluation,exploratory_cluster,0,260,391.8611697209354,114.77953248005683,354.9719012450727,471.17283619604046,781.9497202929688,870.2284687351473,874.1325516776143,873.4228873063129,1.0008125094746372,0.7096643713014146,260,1.0,0
2,10,TargetOnly,anomaly_evaluation,exploratory_cluster,1,208,385.6652256874491,113.00072758842583,355.45706541113634,429.9217182790651,489.3531868215854,866.1389142637694,1235.0288328724332,872.6829943026411,1.4152090059453282,362.34583856979214,208,1.0,0
2,10,TargetOnly,anomaly_evaluation,exploratory_cluster,2,287,573.5480440249389,1655.8431396432707,360.58496114225636,475.42447637319816,781.8313971548822,7986.013952693748,21001.99154983978,16050.66045209163,1.308481455484464,4951.331097748149,287,1.0,0
2,10,TargetOnly,calibration,exploratory_cluster,0,40,32.73111662244768,3.278150914338357,32.814590692597434,36.82095158371544,38.328089148724764,39.7730901620337,39.97459000853793,39.457923735450144,1.0130941069416584,0.516666273087786,0,0.0,0
2,10,TargetOnly,calibration,exploratory_cluster,1,36,33.058378681724705,3.4703150362667627,32.48826698618872,37.838920414615146,39.39026907489693,41.17560013113825,41.72659273980858,40.15232814360766,1.039207305503443,1.5742645962009192,0,0.0,1
2,10,TargetOnly,calibration,exploratory_cluster,2,24,31.81038038388874,2.3748553830724406,31.801629173839007,34.51895732512416,35.07458015852282,35.94514248901365,36.18220189880526,35.15150881275476,1.0293214465285345,1.0306930860504977,0,0.0,0
2,10,TargetOnly,healthy_evaluation,exploratory_cluster,0,40,34.16765870689592,5.9368049979538045,33.96769489899207,37.542403450750534,38.5141246299472,55.07938754813422,65.10992838370066,39.390592907889314,1.6529309049994059,25.71933547581135,1,0.025,0
2,10,TargetOnly,healthy_evaluation,exploratory_cluster,1,32,33.05869156505207,3.1794893842780967,33.24473777826797,37.130444088929785,38.844204237047144,39.365690428415036,39.59393975174781,38.85765161196467,1.018948343742843,0.7362881397831416,0,0.0,0
2,10,TargetOnly,healthy_evaluation,exploratory_cluster,2,28,371.94708389520144,1780.264723314939,32.004852806449406,39.93462138876449,87.81951439427985,6932.674125273822,9455.448903911974,111.83861265954357,84.54547744343026,9343.610291252431,3,0.10714285714285714,0
2,25,Pooled,anomaly_evaluation,exploratory_cluster,0,260,106.58227207210517,133.00335881635777,50.345255591759916,251.94080566825616,537.5214744363451,547.668510456663,618.7630845750592,549.1860345869884,1.126691222292999,69.57704998807083,147,0.5653846153846154,0
2,25,Pooled,anomaly_evaluation,exploratory_cluster,1,208,112.21568302142182,153.97722572019651,63.91959243691376,330.42622593759546,422.55961889092345,546.7357411217255,1479.1008288663163,548.367997678117,2.6972778045565744,930.7328311881993,148,0.7115384615384616,0
2,25,Pooled,anomaly_evaluation,exploratory_cluster,2,287,106.19895102098478,116.30193648492569,64.82311422958601,232.27362129473582,424.149367731856,545.9675127180601,548.2132814641564,547.5123222310109,1.0012802620227599,0.7009592331454542,205,0.7142857142857143,0
2,25,Pooled,calibration,exploratory_cluster,0,40,26.8958948842018,2.402125957697213,26.184913808326694,29.772515996574132,31.085764137512395,34.5113493943942,36.3838476299065,31.58257010295189,1.1520230149510806,4.801277526954607,0,0.0,0
2,25,Pooled,calibration,exploratory_cluster,1,36,27.870067156545165,4.828600146319793,26.807393066901923,30.942508479861146,37.16413786154052,45.48944327811119,47.21091203914953,42.29242986475429,1.1162969871942545,4.918482174395237,0,0.0,1
2,25,Pooled,calibration,exploratory_cluster,2,24,26.15291623654483,1.8449281109560092,25.790066448246378,27.376252278891073,27.62542706333836,32.437594947877265,33.86739301101078,27.650879693038984,1.2248215386629013,6.216513317971799,0,0.0,0
2,25,Pooled,healthy_evaluation,exploratory_cluster,0,40,26.946964638822216,5.374049395871969,25.792021238958807,28.435770937437148,31.061481222042076,48.292484537955794,57.70307274186147,33.57335939851362,1.7187160825024896,24.129713343347852,1,0.025,0
2,25,Pooled,healthy_evaluation,exploratory_cluster,1,32,29.56506841106568,7.975744469546099,27.258341357566323,36.59017994522742,46.91450867659172,57.64328697091514,58.397901027260794,55.9636621358232,1.04349677627475,2.4342388914375945,2,0.0625,0
2,25,Pooled,healthy_evaluation,exploratory_cluster,2,28,27.473943742581017,3.021097964487293,26.922220253720653,31.026238384413304,35.06606864846312,35.51729864516587,35.564797777369755,35.38887506550351,1.0049711303775726,0.1759227118662423,0,0.0,0
2,25,RACE,anomaly_evaluation,exploratory_cluster,0,260,78.44048571247185,88.58633885934968,38.97412783700496,194.86598119681477,348.5643712380619,365.1291439799531,366.04200355822485,365.59935895866334,1.0012107368044143,0.44264459956150404,105,0.40384615384615385,0
2,25,RACE,anomaly_evaluation,exploratory_cluster,1,208,85.02648601736131,108.07298201686122,54.84171963837014,279.57744054013125,291.36360234288065,365.0059851882214,1104.9070684989965,365.5465028810507,3.0226169852281,739.3605656179459,121,0.5817307692307693,0
2,25,RACE,anomaly_evaluation,exploratory_cluster,2,287,81.82050199449918,81.76102107693919,53.52951532116925,181.62953261151858,285.0408348007018,374.7091268734744,376.55584181046123,376.35162947163997,1.0005426104813415,0.20421233882126444,162,0.5644599303135889,0
2,25,RACE,calibration,exploratory_cluster,0,40,24.831666017292267,1.2050696416087623,24.866865003004158,26.096188259803586,26.583306856537384,26.945448281706014,27.009332241449226,26.84552721646663,1.006101762266085,0.1638050249825973,0,0.0,0
2,25,RACE,calibration,exploratory_cluster,1,36,25.439610599874896,4.393392441465466,24.70908639448085,27.25828576802791,29.522281856008057,42.48347203157629,46.21375274422592,35.555807850941314,1.2997525731370057,10.657944893284608,0,0.0,1
2,25,RACE,calibration,exploratory_cluster,2,24,24.081365406060883,1.4000617486284717,24.347226023517486,25.62642873825192,26.003462367349336,26.29783172834698,26.367618550675374,26.064197584030186,1.0116412932209775,0.3034209666451879,0,0.0,0
2,25,RACE,healthy_evaluation,exploratory_cluster,0,40,25.25276941315662,5.396760048772848,24.564405625896697,26.84464873707258,27.03289664225933,46.01137308658752,57.01976729644572,28.793115476296524,1.9803264201606228,28.226651820149197,1,0.025,0
2,25,RACE,healthy_evaluation,exploratory_cluster,1,32,26.686678162493607,7.682899297071739,24.928716218737662,26.889734306126172,40.21368300421685,55.737436757554015,56.31839790515491,54.4443296870875,1.0344217337019006,1.874068218067407,2,0.0625,0
2,25,RACE,healthy_evaluation,exploratory_cluster,2,28,25.208984657468296,2.4046175805153642,25.02665916860672,27.007400608294876,30.576918305764657,32.31538603246517,32.4869510826984,31.851524970723492,1.0199496291797319,0.6354261119749047,0,0.0,0
2,25,SourceOnly,anomaly_evaluation,exploratory_cluster,0,260,108.3283642331576,133.98100073115424,51.78109977722197,255.21014262055988,544.5054242614334,553.6644323134863,614.1332181254023,555.2070271840735,1.1061337268013225,58.926190941328855,135,0.5192307692307693,0
2,25,SourceOnly,anomaly_evaluation,exploratory_cluster,1,208,114.00038071438993,154.9897048728508,66.25249607502616,332.8865921452841,428.42570116465623,552.8825997915571,1484.1011178479648,554.2412373738036,2.6777168816960915,929.8598804741612,138,0.6634615384615384,0
2,25,SourceOnly,anomaly_evaluation,exploratory_cluster,2,287,108.00118884615836,117.26050488185346,66.15043263218294,234.64460545892777,430.1018314496422,551.8999383522621,554.3313911223405,553.46697658449,1.0015618177315382,0.8644145378505073,189,0.6585365853658537,0
2,25,SourceOnly,calibration,exploratory_cluster,0,40,35.94112229006881,3.233962990988895,36.63758399832413,38.970091134598064,39.294910640285785,40.76938582216248,41.57189177681542,39.51418420078224,1.0520751628219733,2.057707576033181,0,0.0,0
2,25,SourceOnly,calibration,exploratory_cluster,1,36,35.65606597422216,4.679931964657999,36.320332771388735,39.807628126580504,40.79413317658846,47.45061360008768,51.03482439502577,40.79422212377411,1.251030703323146,10.24060227125166,0,0.0,1
2,25,SourceOnly,calibration,exploratory_cluster,2,24,35.31439444517833,4.250982543944944,36.41963784388584,39.9866782767622,40.505446017526275,41.195875703351206,41.38126331990255,40.57523020446192,1.0198651519998523,0.8060331154406342,0,0.0,0
2,25,SourceOnly,healthy_evaluation,exploratory_cluster,0,40,36.20338562874552,5.867912316724988,36.91222725593968,39.337257833104026,41.17312715900022,54.74046102004364,62.880289611075185,42.008934249455876,1.4968313463436564,20.871355361619308,1,0.025,0
2,25,SourceOnly,healthy_evaluation,exploratory_cluster,1,32,36.86432791191109,6.8424542303442095,36.16149111697413,39.60133708761085,48.580495028065975,60.897416151295424,61.968002022180706,58.51449921287333,1.0590196080589134,3.4535028093073734,2,0.0625,0
2,25,SourceOnly,healthy_evaluation,exploratory_cluster,2,28,35.54571842749131,3.442249544790585,36.047654498618144,38.131682541262855,41.000241445128154,43.524140273723674,43.99057039074653,42.263051438810045,1.040875395720956,1.7275189519364815,0,0.0,0
2,25,TargetOnly,anomaly_evaluation,exploratory_cluster,0,260,11270.180046465832,11608.87306072649,686.688558747692,21957.50426980636,21958.724188714754,43908.95428603628,43909.43356291005,43909.19112091503,1.0000055214407015,0.24244199502572883,112,0.4307692307692308,0
2,25,TargetOnly,anomaly_evaluation,exploratory_cluster,1,208,22600.33749755522,17047.48785730907,21956.22428994573,43909.820990765926,43910.45830199208,65862.68383812184,65865.93351298432,65863.39095387024,1.0000386035258322,2.5425591140810866,137,0.6586538461538461,0
2,25,TargetOnly,anomaly_evaluation,exploratory_cluster,2,287,18135.462999592863,15539.479708519137,21955.700319104624,43909.27076123967,43910.52494956201,47004.938609835444,65865.73220403669,65865.35694636434,1.000005697345156,0.37525767234910745,169,0.5888501742160279,0
2,25,TargetOnly,calibration,exploratory_cluster,0,40,1673.053586122728,5848.536418611888,29.03448738781527,32.15455809899736,21953.483810183785,21954.392065804004,21954.412422717483,21954.36022550343,1.0000023775329145,0.052197214052284835,0,0.0,0
2,25,TargetOnly,calibration,exploratory_cluster,1,36,1856.6841170521252,6145.603476077092,29.540155011600305,37.76558725606148,21953.681060972776,21954.7618844476,21955.082359137123,21954.166717167056,1.0000417069789924,0.9156419700666447,0,0.0,0
2,25,TargetOnly,calibration,exploratory_cluster,2,24,2311.8694550790788,6241.592950674102,28.31382217692325,11535.416115055163,16465.980849821008,20692.66149724907,21955.162094190793,16466.02906400941,1.3333610677378946,5489.133030181383,0,0.0,1
2,25,TargetOnly,healthy_evaluation,exploratory_cluster,0,40,1536.8700640421876,5408.129901834829,29.402878591065395,35.90721330244967,16740.75786480682,21954.32345326356,21954.95501489089,21953.33562610287,1.0000737650448934,1.6193887880181137,0,0.0,0
2,25,TargetOnly,healthy_evaluation,exploratory_cluster,1,32,1399.2792314346427,5392.265539013372,29.002949554735565,32.99267437539596,9897.834420879788,21954.55514220898,21954.60000806016,21954.455279507973,1.0000065922178594,0.14472855218627956,0,0.0,0
2,25,TargetOnly,healthy_evaluation,exploratory_cluster,2,28,2460.8484762823596,7146.506456410206,29.600883747013537,6665.027023007462,21955.027896771226,23576.02525374838,24175.454852710867,21955.345226923866,1.1011193220985875,2220.1096257870013,2,0.07142857142857142,0
2,50,Pooled,anomaly_evaluation,exploratory_cluster,0,260,105.75419848385883,132.8784834939765,49.42423780818267,250.4853501237069,535.9573270442187,546.1576567680994,629.1812143409275,547.398534882273,1.1494024449229538,81.78267945865446,146,0.5615384615384615,0
2,50,Pooled,anomaly_evaluation,exploratory_cluster,1,208,111.46229087622838,153.35164189003265,63.01262230951328,326.4488098643379,421.5045365915564,544.9481779930834,1470.1908364039773,546.5701763062107,2.6898482576193787,923.6206600977666,146,0.7019230769230769,0
2,50,Pooled,anomaly_evaluation,exploratory_cluster,2,287,105.28460050075917,115.81434688718994,64.52810514327952,230.58066321244576,423.10309771101,544.4623305718214,546.5037431958464,545.8501068378122,1.0011974649264443,0.6536363580341913,206,0.7177700348432056,0
2,50,Pooled,calibration,exploratory_cluster,0,40,25.583323736332474,1.7942819032393795,25.077884336380478,27.78959692050873,28.700015588533983,30.82876690240067,31.923692820260438,29.116190466773855,1.0964240963010041,2.8075023534865835,0,0.0,0
2,50,Pooled,calibration,exploratory_cluster,1,36,26.644746545498663,4.56534453649076,25.758558016402347,28.419962562895755,33.371447495696344,44.26758623155331,46.672051474827114,39.80215077975914,1.172601242909757,6.869900695067976,0,0.0,1
2,50,Pooled,calibration,exploratory_cluster,2,24,25.04395143106358,1.5705814191057823,24.889719346994525,25.914392310250324,26.497112770209455,30.330269851037023,31.448300173246498,26.587298772335753,1.1828317138395663,4.8610014009107445,0,0.0,0
2,50,Pooled,healthy_evaluation,exploratory_cluster,0,40,25.986631839776187,5.430887087402146,24.87766584381715,27.444553357929472,30.150267494428967,47.01910950591814,57.683901418168674,30.338281130346825,1.901356941427658,27.34562028782185,1,0.025,0
2,50,Pooled,healthy_evaluation,exploratory_cluster,1,32,28.3029118822987,7.95909676349505,25.934759892687005,30.940989835330065,44.424731301402666,57.68979658434387,58.43783105877852,56.024816625118326,1.0430704566122282,2.4130144336601944,2,0.0625,0
2,50,Pooled,healthy_evaluation,exploratory_cluster,2,28,26.243612222437292,2.945723309404639,25.71159593284422,28.988171246281386,33.5144944538424,34.83333182684793,34.92919145190015,34.57415580355858,1.0102688161168356,0.35503564834156975,0,0.0,0
2,50,RACE,anomaly_evaluation,exploratory_cluster,0,260,83.34026296120058,94.7730535004068,40.845694380452684,209.2728294194053,379.8080518510753,389.15783543402836,390.0881481327588,389.60480213765163,1.0012406058458603,0.4833459951071859,104,0.4,0
2,50,RACE,anomaly_evaluation,exploratory_cluster,1,208,90.4414181122529,115.68641653760088,57.203659475907,297.68447058771557,308.77222255654624,388.814560242702,1186.0041934536243,389.5438493915152,3.0445974061873025,796.4603440621091,119,0.5721153846153846,0
2,50,RACE,anomaly_evaluation,exploratory_cluster,2,287,86.98171194960744,87.38963783596424,55.8047985333046,194.52096882367567,303.5406243578988,399.7947383307293,401.30847935969155,400.896096679261,1.0010286522713652,0.4123826804305395,162,0.5644599303135889,0
2,50,RACE,calibration,exploratory_cluster,0,40,23.32377960187156,1.0138912696578262,23.344502197673975,24.439973436272055,25.093980188434212,25.20150574699738,25.202851561841804,25.19940075454841,1.000136940053734,0.003450807293393865,0,0.0,0
2,50,RACE,calibration,exploratory_cluster,1,36,24.462293033069997,4.7995914742871495,23.567770784565393,25.91387752100527,28.427175753544677,43.9223457384355,48.46493887400819,35.48610134380057,1.3657442502478516,12.97883753020762,0,0.0,1
2,50,RACE,calibration,exploratory_cluster,2,24,22.866986027297855,0.811912881553852,22.741376866398742,23.8498903776881,23.88133123985481,25.17512655863638,25.559929780584604,23.886872293853195,1.0700408771039454,1.673057486731409,0,0.0,0
2,50,RACE,healthy_evaluation,exploratory_cluster,0,40,24.16641028162544,6.167295738613962,22.97138634655333,24.695720612985575,25.893147104021846,48.1795855374894,61.42109505919957,27.468506541994056,2.2360551333687746,33.95258851720551,1,0.025,0
2,50,RACE,healthy_evaluation,exploratory_cluster,1,32,26.03976022488156,9.222055674851967,23.86972533390861,25.876513825806935,42.00888040793411,61.16188585510817,61.677143721538286,60.01502157176371,1.0276951020968488,1.662122149774575,2,0.0625,0
2,50,RACE,healthy_evaluation,exploratory_cluster,2,28,24.07077367843275,2.9142157624581397,23.371199185959803,25.82936071794584,30.41309370778967,34.01506966501602,34.56088324354684,32.539351471210466,1.062125754845635,2.021531772336374,0,0.0,0
2,50,SourceOnly,anomaly_evaluation,exploratory_cluster,0,260,108.3283642331576,133.98100073115424,51.78109977722197,255.21014262055988,544.5054242614334,553.6644323134863,614.1332181254023,555.2070271840735,1.1061337268013225,58.926190941328855,135,0.5192307692307693,0
2,50,SourceOnly,anomaly_evaluation,exploratory_cluster,1,208,114.00038071438993,154.9897048728508,66.25249607502616,332.8865921452841,428.42570116465623,552.8825997915571,1484.1011178479648,554.2412373738036,2.6777168816960915,929.8598804741612,138,0.6634615384615384,0
2,50,SourceOnly,anomaly_evaluation,exploratory_cluster,2,287,108.00118884615836,117.26050488185346,66.15043263218294,234.64460545892777,430.1018314496422,551.8999383522621,554.3313911223405,553.46697658449,1.0015618177315382,0.8644145378505073,189,0.6585365853658537,0
2,50,SourceOnly,calibration,exploratory_cluster,0,40,35.94112229006881,3.233962990988895,36.63758399832413,38.970091134598064,39.294910640285785,40.76938582216248,41.57189177681542,39.51418420078224,1.0520751628219733,2.057707576033181,0,0.0,0
2,50,SourceOnly,calibration,exploratory_cluster,1,36,35.65606597422216,4.679931964657999,36.320332771388735,39.807628126580504,40.79413317658846,47.45061360008768,51.03482439502577,40.79422212377411,1.251030703323146,10.24060227125166,0,0.0,1
2,50,SourceOnly,calibration,exploratory_cluster,2,24,35.31439444517833,4.250982543944944,36.41963784388584,39.9866782767622,40.505446017526275,41.195875703351206,41.38126331990255,40.57523020446192,1.0198651519998523,0.8060331154406342,0,0.0,0
2,50,SourceOnly,healthy_evaluation,exploratory_cluster,0,40,36.20338562874552,5.867912316724988,36.91222725593968,39.337257833104026,41.17312715900022,54.74046102004364,62.880289611075185,42.008934249455876,1.4968313463436564,20.871355361619308,1,0.025,0
2,50,SourceOnly,healthy_evaluation,exploratory_cluster,1,32,36.86432791191109,6.8424542303442095,36.16149111697413,39.60133708761085,48.580495028065975,60.897416151295424,61.968002022180706,58.51449921287333,1.0590196080589134,3.4535028093073734,2,0.0625,0
2,50,SourceOnly,healthy_evaluation,exploratory_cluster,2,28,35.54571842749131,3.442249544790585,36.047654498618144,38.131682541262855,41.000241445128154,43.524140273723674,43.99057039074653,42.263051438810045,1.040875395720956,1.7275189519364815,0,0.0,0
2,50,TargetOnly,anomaly_evaluation,exploratory_cluster,0,260,284.9463150132553,112.90782290459275,241.86237300433947,374.4704018170172,673.3288134573692,679.3023146207049,726.7366168575235,680.3421077686255,1.0681929114178481,46.39450908889796,260,1.0,0
2,50,TargetOnly,anomaly_evaluation,exploratory_cluster,1,208,282.08118414938673,135.89670833949077,242.22749008120957,373.4363027859004,524.1325250513281,678.562365272514,1625.4383129430544,680.2444755862564,2.389491383288633,945.193837356798,208,1.0,0
2,50,TargetOnly,anomaly_evaluation,exploratory_cluster,2,287,550.7159375209485,2387.706913764365,245.21976866167225,382.50214641359076,614.0560026072711,11372.597687322903,29941.133150599067,22880.97708675148,1.3085600775298862,7060.156063847586,287,1.0,0
2,50,TargetOnly,calibration,exploratory_cluster,0,40,32.22756826040928,2.4645953527497406,31.992187571703585,35.087224152052954,35.79924354430843,38.34161035610565,38.602043465833106,37.934266261403735,1.017603535542977,0.6677772044293704,0,0.0,0
2,50,TargetOnly,calibration,exploratory_cluster,1,36,32.684780063603434,4.423324217033693,31.600841381137112,36.36866991487981,37.96660498004885,47.99147142546469,52.66896978747002,39.304688753169124,1.340017475223572,13.364281034300895,0,0.0,1
2,50,TargetOnly,calibration,exploratory_cluster,2,24,31.378367173300415,2.240903967703805,30.980261286565465,34.47442316272576,34.87417100452289,35.05764138644121,35.10451303795434,34.900723248766816,1.0058391279669177,0.20378978918752466,0,0.0,0
2,50,TargetOnly,healthy_evaluation,exploratory_cluster,0,40,32.846216172709504,5.980897904664408,32.14460102253522,34.10775666853863,34.749729069940386,55.643661771708594,67.72378416327226,36.749111364391105,1.8428686204612494,30.97467279888115,1,0.025,0
2,50,TargetOnly,healthy_evaluation,exploratory_cluster,1,32,32.008624410908226,2.2777438528995764,31.485227462768787,35.08147131699452,36.167044257056055,37.50414611369821,38.032346312175584,36.32847470418406,1.046901820730593,1.7038716079915233,0,0.0,0
2,50,TargetOnly,healthy_evaluation,exploratory_cluster,2,28,515.5041514487594,2540.8459851109715,31.834439105058404,37.61081444335183,96.84390531967205,9874.836397258925,13479.885274505661,127.8523958140276,105.43318479626555,13352.032878691634,2,0.07142857142857142,0
2,100,Pooled,anomaly_evaluation,exploratory_cluster,0,260,104.81080707369365,131.95631840350174,49.27593538708621,248.27801450261077,531.3722113051143,541.0564439035657,645.9705568597063,542.3614279427348,1.1910333655362952,103.60912891697149,144,0.5538461538461539,0
2,100,Pooled,anomaly_evaluation,exploratory_cluster,1,208,110.74224867346601,151.85749552833408,63.09104855496294,324.3141840448361,417.6408452302673,539.6973181045969,1454.418012285944,541.3849560358339,2.686476593172414,913.0330562501102,143,0.6875,0
2,100,Pooled,anomaly_evaluation,exploratory_cluster,2,287,104.48614539065515,114.67263700013801,64.33105673266788,229.8582800819433,418.9234128385087,539.4505560558774,541.057696092331,540.4327881917195,1.0011563101171237,0.6249079006114471,198,0.6898954703832753,0
2,100,Pooled,calibration,exploratory_cluster,0,40,24.545348465306294,1.3018792052401713,24.219738342563833,26.535975419270322,26.70872645453441,27.162252884385815,27.25627910639802,27.01518622944365,1.0089243462882962,0.24109287695436876,0,0.0,0
2,100,Pooled,calibration,exploratory_cluster,1,36,25.633192255543086,4.417772918927898,24.968054803956754,26.9662038465528,29.548003593457743,43.28005719268692,46.83239044689495,36.68286686344348,1.2766829435996463,10.149523583451469,0,0.0,1
2,100,Pooled,calibration,exploratory_cluster,2,24,24.17167185584221,1.2363990029205094,24.054140388870213,25.11151388525602,25.631025203297657,27.93020823026847,28.595060134760157,25.704399680448475,1.1124578084004195,2.890660454311682,0,0.0,0
2,100,Pooled,healthy_evaluation,exploratory_cluster,0,40,25.164760601211057,5.564247022896743,24.169588837609474,26.602958742075284,27.561300496571985,46.88676367071645,57.98307183839759,29.53099961357418,1.9634645828834445,28.45207222482341,1,0.025,0
2,100,Pooled,healthy_evaluation,exploratory_cluster,1,32,27.21633679169223,8.122669120969178,25.15921322359388,27.986388884893515,42.330453008233036,57.8436351664037,58.462599022662204,56.46594142182831,1.035360388059731,1.9966576008338919,2,0.0625,0
2,100,Pooled,healthy_evaluation,exploratory_cluster,2,28,25.218524863290504,2.8722321251333844,24.743340037376917,26.920020187166195,32.097645224489604,34.34883771952341,34.46015816296317,34.047860224297395,1.0121093641700147,0.41229793866577324,0,0.0,0
2,100,RACE,anomaly_evaluation,exploratory_cluster,0,260,93.51992013639031,106.92318339201398,45.890031513220784,229.28660416269082,416.3140601485645,442.5329271034623,443.4317167183497,442.99419944862007,1.0009876365656125,0.43751726972965344,100,0.38461538461538464,0
2,100,RACE,anomaly_evaluation,exploratory_cluster,1,208,101.91546697677002,130.17372192405358,63.37346972419838,328.5751785428026,341.6777074286141,441.7814018520636,1333.1279651041343,442.80275061457684,3.0106587261570827,890.3252144895575,117,0.5625,0
2,100,RACE,anomaly_evaluation,exploratory_cluster,2,287,97.37972591757907,97.5375101351502,62.18348030067072,215.01864319755754,342.3753911123795,441.32914527571353,443.9167238273382,443.1549777969722,1.0017189156582484,0.7617460303659982,160,0.5574912891986062,0
2,100,RACE,calibration,exploratory_cluster,0,40,24.287418486069633,1.1218370993397384,24.420246973838637,25.70832951201376,26.170614497609993,26.85299717971291,27.023183740187257,26.586807944099196,1.0164132451329086,0.4363757960880612,0,0.0,0
2,100,RACE,calibration,exploratory_cluster,1,36,25.69976722258052,5.7998010690049275,24.53869652598663,27.314287972451602,29.692561097289285,49.19735096375587,56.353141816085035,35.90802509514466,1.5693745803832828,20.445116720940376,0,0.0,1
2,100,RACE,calibration,exploratory_cluster,2,24,23.947413469997553,0.9853939044780277,23.72669007974426,24.96614856049858,25.34578152437766,26.26282961635523,26.518607209682784,25.406530716954293,1.0437712848368699,1.112076492728491,0,0.0,0
2,100,RACE,healthy_evaluation,exploratory_cluster,0,40,25.338752061781243,7.675246322267789,23.98508896603211,26.03979356303348,26.960281053805478,55.22103466950085,71.72601636356114,29.40555048135532,2.4391999193839013,42.32046588220582,1,0.025,0
2,100,RACE,healthy_evaluation,exploratory_cluster,1,32,27.63070719968915,11.638103553586644,24.599219285269314,26.9972801746157,47.155558309422574,71.90858654545949,72.2533737014354,71.14115706925503,1.015633940717293,1.1122166321803633,2,0.0625,0
2,100,RACE,healthy_evaluation,exploratory_cluster,2,28,25.090847723893436,3.60872420388768,24.32698697578618,26.005552343665364,32.344316421737936,38.039496468340104,39.03012614307855,35.36112734775097,1.1037579701361226,3.6689987953275747,0,0.0,0
2,100,SourceOnly,anomaly_evaluation,exploratory_cluster,0,260,108.3283642331576,133.98100073115424,51.78109977722197,255.21014262055988,544.5054242614334,553.6644323134863,614.1332181254023,555.2070271840735,1.1061337268013225,58.926190941328855,135,0.5192307692307693,0
2,100,SourceOnly,anomaly_evaluation,exploratory_cluster,1,208,114.00038071438993,154.9897048728508,66.25249607502616,332.8865921452841,428.42570116465623,552.8825997915571,1484.1011178479648,554.2412373738036,2.6777168816960915,929.8598804741612,138,0.6634615384615384,0
2,100,SourceOnly,anomaly_evaluation,exploratory_cluster,2,287,108.00118884615836,117.26050488185346,66.15043263218294,234.64460545892777,430.1018314496422,551.8999383522621,554.3313911223405,553.46697658449,1.0015618177315382,0.8644145378505073,189,0.6585365853658537,0
2,100,SourceOnly,calibration,exploratory_cluster,0,40,35.94112229006881,3.233962990988895,36.63758399832413,38.970091134598064,39.294910640285785,40.76938582216248,41.57189177681542,39.51418420078224,1.0520751628219733,2.057707576033181,0,0.0,0
2,100,SourceOnly,calibration,exploratory_cluster,1,36,35.65606597422216,4.679931964657999,36.320332771388735,39.807628126580504,40.79413317658846,47.45061360008768,51.03482439502577,40.79422212377411,1.251030703323146,10.24060227125166,0,0.0,1
2,100,SourceOnly,calibration,exploratory_cluster,2,24,35.31439444517833,4.250982543944944,36.41963784388584,39.9866782767622,40.505446017526275,41.195875703351206,41.38126331990255,40.57523020446192,1.0198651519998523,0.8060331154406342,0,0.0,0
2,100,SourceOnly,healthy_evaluation,exploratory_cluster,0,40,36.20338562874552,5.867912316724988,36.91222725593968,39.337257833104026,41.17312715900022,54.74046102004364,62.880289611075185,42.008934249455876,1.4968313463436564,20.871355361619308,1,0.025,0
2,100,SourceOnly,healthy_evaluation,exploratory_cluster,1,32,36.86432791191109,6.8424542303442095,36.16149111697413,39.60133708761085,48.580495028065975,60.897416151295424,61.968002022180706,58.51449921287333,1.0590196080589134,3.4535028093073734,2,0.0625,0
2,100,SourceOnly,healthy_evaluation,exploratory_cluster,2,28,35.54571842749131,3.442249544790585,36.047654498618144,38.131682541262855,41.000241445128154,43.524140273723674,43.99057039074653,42.263051438810045,1.040875395720956,1.7275189519364815,0,0.0,0
2,100,TargetOnly,anomaly_evaluation,exploratory_cluster,0,260,304.1253492477455,126.834209306699,255.88796702220225,438.0685232270849,741.1463656818216,750.7150648806968,753.3147950289365,752.0444662270921,1.0016891671422268,1.2703288018443573,260,1.0,0
2,100,TargetOnly,anomaly_evaluation,exploratory_cluster,1,208,301.71808919614665,147.63285875326335,257.5932888266117,437.20359409638064,568.3513272560757,750.3280766347108,1688.1813190487003,751.1580418642532,2.2474382552823458,937.0232771844471,208,1.0,0
2,100,TargetOnly,anomaly_evaluation,exploratory_cluster,2,287,575.5852718964312,2437.7904090262878,259.44186250926083,439.3156156681274,663.9296693563837,11619.613770784883,30576.093704623607,23366.269259833054,1.3085569358384628,7209.824444790553,287,1.0,0
2,100,TargetOnly,calibration,exploratory_cluster,0,40,34.55857840096663,2.8239418990376572,33.792189213897615,37.445543545049354,38.23489218226575,43.39576082768041,44.05749421331453,42.36074194245783,1.04005482890648,1.6967522708566989,0,0.0,0
2,100,TargetOnly,calibration,exploratory_cluster,1,36,35.46700142443817,3.6301529616688977,34.815818207613006,39.28619175908621,40.86503915410442,45.64961570824526,47.05825962661042,43.03356271699568,1.0935246039488435,4.02469690961474,0,0.0,1
2,100,TargetOnly,calibration,exploratory_cluster,2,24,34.82216042930218,3.103586618533806,34.32191127691039,38.97823803958966,41.08328560712657,42.360030672581075,42.65657042293989,41.36726716051025,1.03116723319979,1.289303262429641,0,0.0,0
2,100,TargetOnly,healthy_evaluation,exploratory_cluster,0,40,35.86534487949149,6.771582059784665,34.49040544353254,41.117788601115784,42.56089045681338,60.81968379518906,72.42955181003133,42.66065946428196,1.6978066612091087,29.768892345749364,1,0.025,0
2,100,TargetOnly,healthy_evaluation,exploratory_cluster,1,32,34.67321016775183,2.095743498605839,34.82805131564439,37.31944873227189,37.931380419547615,38.452972209732664,38.5270108282039,38.28817657507088,1.0062378069288502,0.23883425313302098,0,0.0,0
2,100,TargetOnly,healthy_evaluation,exploratory_cluster,2,28,528.0824683617465,2593.800280472532,34.83618205210564,38.904177391953,98.4935181797173,10081.994847347123,13762.670993877562,130.53711783887843,105.43109287018873,13632.133876038684,2,0.07142857142857142,0
3,10,Pooled,anomaly_evaluation,exploratory_cluster,0,260,108.23383576763236,133.57950860876284,52.464062341539716,254.05287161654323,541.6559989513096,552.8443520236709,613.6936518857849,554.3735572499434,1.1070038313697863,59.32009463584154,111,0.4269230769230769,0
3,10,Pooled,anomaly_evaluation,exploratory_cluster,1,208,113.41113452527179,154.41704690101892,65.51519993492533,328.2557063381101,426.05021223644303,552.0930970972908,1479.1493433117118,553.4607000524362,2.672546294924958,925.6886432592756,126,0.6057692307692307,0
3,10,Pooled,anomaly_evaluation,exploratory_cluster,2,287,107.6672269898932,116.62400257102298,65.51597146070966,233.9185441342794,427.7223675351237,550.9969254608434,553.5863630764065,552.605996054991,1.001774079594529,0.9803670214155318,163,0.5679442508710801,0
3,10,Pooled,calibration,exploratory_cluster,0,43,30.389729184520853,5.7236739068711575,28.73641827453991,33.09808226472709,42.089471462922035,52.19045177415321,58.629983289546374,43.29776539575319,1.3541110667872256,15.332217893793185,0,0.0,1
3,10,Pooled,calibration,exploratory_cluster,1,26,29.649990699696424,3.226918524844752,28.983961866021627,31.950594505386483,36.99106490484514,39.31740266682803,39.637611938373816,38.356774852190675,1.0333927211325482,1.2808370861831406,0,0.0,0
3,10,Pooled,calibration,exploratory_cluster,2,31,29.2974992524627,3.63297117007018,28.476057995558786,31.47987164796099,36.73993070486149,42.050758982462256,42.349878638138954,41.35281311921663,1.0241111896317154,0.9970655189223265,0,0.0,0
3,10,Pooled,healthy_evaluation,exploratory_cluster,0,46,29.670098844239284,3.778392607304145,28.974411907519954,35.042668262179404,38.84845847309813,41.05065297938897,41.5542860104667,40.43510149696065,1.0276785384992833,1.119184513506049,0,0.0,0
3,10,Pooled,healthy_evaluation,exploratory_cluster,1,30,30.35553445980296,6.392888374555137,28.881954262811785,30.868087344374295,37.568536863973016,55.44379006260706,60.54140526083891,42.96342181866007,1.4091383483459943,17.577983442178834,1,0.03333333333333333,0
3,10,Pooled,healthy_evaluation,exploratory_cluster,2,24,28.911483505332768,3.6037224311345746,28.14202932636705,29.91938331402391,34.59646866670622,41.58544394989048,43.43598355829642,35.390159173922775,1.2273463745905446,8.045824384373645,0,0.0,0
3,10,RACE,anomaly_evaluation,exploratory_cluster,0,260,82.6970945517066,93.29328580324903,43.11458360675975,200.31120896482815,347.6864627655726,388.3383537921397,389.2746402060034,389.2268683185805,1.0001227353281887,0.047771887422925374,85,0.3269230769230769,0
3,10,RACE,anomaly_evaluation,exploratory_cluster,1,208,88.733225688745,111.72408857874613,58.120842648740776,282.71756809929076,302.1103593191002,388.2905125663916,1115.64849019744,388.7478656171988,2.8698511011145267,726.9006245802411,102,0.49038461538461536,0
3,10,RACE,anomaly_evaluation,exploratory_cluster,2,287,85.29568824481254,84.83096641510087,56.80481524683125,184.80191459262088,300.50369178935165,387.5698528439878,389.3341348337521,388.9091101621384,1.0010928637579009,0.4250246716136985,133,0.4634146341463415,0
3,10,RACE,calibration,exploratory_cluster,0,43,33.19567611812327,5.579274762043611,33.99445227940894,35.58659067875266,35.971945783899386,49.556124795771595,58.78795672573337,36.807404511538756,1.5971774567072212,21.980552214194617,0,0.0,1
3,10,RACE,calibration,exploratory_cluster,1,26,31.763467929181676,4.014167882358416,33.62304219219414,35.217116233683775,35.58100724337304,35.738813520878,35.78934128558373,35.58723022676079,1.005679314111694,0.20211105882294333,0,0.0,0
3,10,RACE,calibration,exploratory_cluster,2,31,31.17306740297093,4.223010964894003,33.179184152345954,34.70116336766966,34.91307118971598,35.33407781044116,35.486886597837085,34.977523973184,1.0145625695244636,0.509362624653086,0,0.0,0
3,10,RACE,healthy_evaluation,exploratory_cluster,0,46,32.46033820683451,3.7387941337001713,33.74797403627693,34.92457326686768,35.15808586234718,35.72248308599715,35.7766911133613,35.65622883032985,1.0033784358857654,0.12046228303145057,0,0.0,0
3,10,RACE,healthy_evaluation,exploratory_cluster,1,30,31.891460047989884,6.586570474177329,33.59805935046467,35.28228911995949,35.56808725756236,50.273137494792714,56.26708638131209,35.59829711745212,1.5806117409399076,20.66878926385997,0,0.0,0
3,10,RACE,healthy_evaluation,exploratory_cluster,2,24,31.233959365429666,4.616742563249917,32.96682183410236,35.1132575378273,36.1463577161653,36.63812996578032,36.743349593523305,36.2858729511625,1.0126075688733334,0.45747664236080254,0,0.0,0
3,10,SourceOnly,anomaly_evaluation,exploratory_cluster,0,260,108.3283642331576,133.98100073115424,51.78109977722197,255.21014262055988,544.5054242614334,553.6644323134863,614.1332181254023,555.2070271840735,1.1061337268013225,58.926190941328855,102,0.3923076923076923,0
3,10,SourceOnly,anomaly_evaluation,exploratory_cluster,1,208,114.00038071438993,154.98970487285078,66.25249607502616,332.8865921452841,428.42570116465623,552.8825997915571,1484.1011178479648,554.2412373738036,2.6777168816960915,929.8598804741612,119,0.5721153846153846,0
3,10,SourceOnly,anomaly_evaluation,exploratory_cluster,2,287,108.00118884615836,117.26050488185346,66.15043263218294,234.64460545892777,430.1018314496422,551.8999383522621,554.3313911223405,553.46697658449,1.0015618177315382,0.8644145378505073,156,0.5435540069686411,0
3,10,SourceOnly,calibration,exploratory_cluster,0,43,36.7253341545053,5.274969905308897,36.69147172237261,40.288962394640954,41.50619341054596,54.11432035919504,62.880289611075185,42.008934249455876,1.4968313463436564,20.871355361619308,0,0.0,1
3,10,SourceOnly,calibration,exploratory_cluster,1,26,35.10903344094435,3.530730158845337,35.39232968785209,38.878726600114305,39.439502495417145,40.48125950186493,40.79422212377411,39.5423716361374,1.0316584573923901,1.251850487636709,0,0.0,0
3,10,SourceOnly,calibration,exploratory_cluster,2,31,35.04588799701279,3.5664895261397787,35.866607528266016,38.655022885433226,40.414849610186664,41.13945338527036,41.38126331990255,40.57523020446192,1.0198651519998523,0.8060331154406342,0,0.0,0
3,10,SourceOnly,healthy_evaluation,exploratory_cluster,0,46,35.8607527720071,3.7457557741798997,36.94291290722964,39.325291657763536,40.12667932417371,41.12653048464675,41.57189177681542,40.5822000164406,1.0243873363192206,0.9896917603748179,0,0.0,0
3,10,SourceOnly,healthy_evaluation,exploratory_cluster,1,30,36.153775621102824,6.296090896430995,36.772838896314354,39.99818368360127,40.63413141648165,55.824234579689474,61.968002022180706,40.78259704807294,1.519471698899784,21.18540497410777,0,0.0,0
3,10,SourceOnly,healthy_evaluation,exploratory_cluster,2,24,35.697281526396004,4.2210853214386175,36.72353008376054,39.52387921280932,40.04834028415993,43.037437571342515,43.91186629127825,40.110002291557656,1.0947859332464016,3.801863999720595,0,0.0,0
3,10,TargetOnly,anomaly_evaluation,exploratory_cluster,0,260,11120.867635646438,11612.396640384739,421.30246391928426,21822.342177230017,21823.950639207662,43638.242175806445,43639.86413235418,43639.59106308462,1.0000062573746205,0.2730692695622565,79,0.3038461538461538,0
3,10,TargetOnly,anomaly_evaluation,exploratory_cluster,1,208,22421.495019189817,16994.288653931133,21820.32564589809,43639.96322124356,43640.37616981157,65457.67292934655,65458.40936104537,65457.85243763308,1.0000085081222734,0.5569234122885973,116,0.5576923076923077,0
3,10,TargetOnly,anomaly_evaluation,exploratory_cluster,2,287,17891.18932466045,15496.99100054499,21819.93632451922,43639.35647448217,43640.05943753719,46696.434579708686,65459.375550087214,65457.64763805114,1.0000263974050156,1.7279120360763045,157,0.5470383275261324,0
3,10,TargetOnly,calibration,exploratory_cluster,0,43,1427.3446735552964,5192.496252914938,32.092025387926256,48.23663476541989,14735.86904319016,21819.32688205453,21819.677200685735,21818.84310870668,1.000038228057047,0.8340919790571206,0,0.0,1
3,10,TargetOnly,calibration,exploratory_cluster,1,26,2542.793214801793,7099.537727424511,28.52397412341027,10925.913274182803,21818.78197942736,21819.06063725127,21819.1004135045,21818.94130849158,1.0000072920592558,0.15910501292091794,0,0.0,0
3,10,TargetOnly,calibration,exploratory_cluster,2,31,1786.169461922636,5516.218686682384,29.447997835609087,34.78670625341005,16365.361339367402,20183.25327444049,21819.4454348914,16365.471566721704,1.3332610273974663,5453.973868169696,0,0.0,0
3,10,TargetOnly,healthy_evaluation,exploratory_cluster,0,46,1453.3137829201587,5438.636171441412,32.01438886350928,40.762954750403054,16375.443753146159,21818.913963322662,21819.115040461107,21818.668202375673,1.0000204796223715,0.4468380854341376,0,0.0,0
3,10,TargetOnly,healthy_evaluation,exploratory_cluster,1,30,1482.4901725351947,5527.955079597413,29.98960773802967,33.569356548290486,12015.78317817944,21818.760498089458,21819.04779164087,21818.0571242222,1.0000454058495232,0.9906674186713644,0,0.0,0
3,10,TargetOnly,healthy_evaluation,exploratory_cluster,2,24,2754.7582564681056,7360.690108945876,31.17032794802195,15285.865534272654,21819.224317849566,21819.439362054312,21819.495917250086,21819.250025094556,1.0000112695053793,0.24589215552987298,0,0.0,0
3,25,Pooled,anomaly_evaluation,exploratory_cluster,0,260,107.27996747296463,133.92021627592834,51.288073861803284,253.65583317034196,542.2235128612516,552.721685564656,620.25869219325,554.2234385067384,1.1191491537500335,66.03525368651162,242,0.9307692307692308,0
3,25,Pooled,anomaly_evaluation,exploratory_cluster,1,208,110.91764632810883,155.4168687642773,60.28051344781865,328.013252315241,426.4371982498787,551.7844946265649,1485.8542522211421,553.2462278195233,2.68570155114704,932.6080244016189,203,0.9759615384615384,0
3,25,Pooled,anomaly_evaluation,exploratory_cluster,2,287,105.54051892689968,117.05455519029827,59.55481145724082,231.5908245110156,428.10337436136547,550.8793663792811,553.413715006103,552.5138716667441,1.0016286348370664,0.8998433393588812,280,0.975609756097561,0
3,25,Pooled,calibration,exploratory_cluster,0,43,27.77530266816824,3.4567594719965933,26.76360059423552,31.11825056762169,37.26069250104192,38.15014925534781,38.408018642606805,37.79404391103778,1.0162452775102404,0.6139747315690229,0,0.0,1
3,25,Pooled,calibration,exploratory_cluster,1,26,27.65318638731227,2.8462096803547055,27.259844183620537,29.88013351977196,33.93518567994779,35.532500889949745,35.635480608803654,35.223561733388024,1.011694412919781,0.41191887541562977,0,0.0,0
3,25,Pooled,calibration,exploratory_cluster,2,31,27.307107154564214,3.1329084461485226,26.48136847999865,30.185862730406747,33.848136445905276,37.59095831095287,37.634963043079495,37.488280602657426,1.0039127545479285,0.1466824404220688,0,0.0,0
3,25,Pooled,healthy_evaluation,exploratory_cluster,0,46,27.43640933701175,3.2534599553766337,26.791420708833975,32.17450315294251,34.97798369123309,37.11032893237581,37.63220615642713,36.47247899186864,1.0317973221621992,1.1597271645584897,0,0.0,0
3,25,Pooled,healthy_evaluation,exploratory_cluster,1,30,27.782948771543786,3.0190948716052057,27.217938586775773,28.82552642662851,33.81749670711078,37.90420810420249,37.94860977817499,37.795500557580155,1.0040509906823851,0.15310922059483545,0,0.0,0
3,25,Pooled,healthy_evaluation,exploratory_cluster,2,24,26.98892475507563,3.270325808757342,26.208321266335638,28.359104631176727,32.921295041474856,38.051459405415564,39.34643531457041,33.71610527476674,1.1669923021630089,5.630330039803667,1,0.041666666666666664,0
3,25,RACE,anomaly_evaluation,exploratory_cluster,0,260,76.5540148048556,86.73025601352862,38.31586772028527,193.42062663021443,344.7159721189177,356.9467415561665,357.90208995123555,357.58754801454455,1.0008796221748701,0.3145419366910005,243,0.9346153846153846,0
3,25,RACE,anomaly_evaluation,exploratory_cluster,1,208,80.00837071065166,106.02887479152962,46.73293381728358,273.18472417837336,286.80931753778225,356.887911845842,1071.1873758945794,357.1486454829621,2.99927604218138,714.0387304116173,197,0.9471153846153846,0
3,25,RACE,anomaly_evaluation,exploratory_cluster,2,287,78.02406160747559,80.30311385579945,46.47030551876507,177.17364873495941,278.6887977684669,361.9355343368369,362.8202112373851,362.5721759416864,1.0006840990902142,0.24803529569868488,282,0.9825783972125436,0
3,25,RACE,calibration,exploratory_cluster,0,43,24.173698120055587,1.7186612165005315,24.051236367953926,25.74989122781151,26.44802614274788,29.24597494110275,30.61890514144953,27.35002371205245,1.119520241145406,3.26888142939708,0,0.0,1
3,25,RACE,calibration,exploratory_cluster,1,26,23.918321120899602,1.2845836243566935,23.739442936297575,25.500178548936702,25.765894878623474,26.5019841812626,26.738966034525838,25.79103862147289,1.0367541387908175,0.9479274130529483,0,0.0,0
3,25,RACE,calibration,exploratory_cluster,2,31,23.481850850810993,1.4823574419318117,23.583337638887357,24.89443041990015,26.07587594715642,27.13701909286063,27.213188293713,26.95929095753844,1.0094178046660967,0.25389733617456045,0,0.0,0
3,25,RACE,healthy_evaluation,exploratory_cluster,0,46,23.85995250045302,1.3351707780235962,24.146213555703852,25.333677198870483,25.598753143166928,26.357960064605777,26.5479284675068,26.125776461060084,1.0161584482312296,0.4221520064467157,0,0.0,0
3,25,RACE,healthy_evaluation,exploratory_cluster,1,30,23.951579208860064,1.770237289233817,24.012847004487604,25.64706775183677,26.148063242562817,27.79689245117837,28.41928104051154,26.27311349108681,1.0816868373880704,2.146167549424728,0,0.0,0
3,25,RACE,healthy_evaluation,exploratory_cluster,2,24,23.330164718504786,1.7761650662833441,22.825464444101215,25.161271280111627,27.413993669726747,28.018003185551677,28.097233409496027,27.75275417495538,1.0124124341810916,0.3444792345406462,0,0.0,0
3,25,SourceOnly,anomaly_evaluation,exploratory_cluster,0,260,108.3283642331576,133.98100073115424,51.78109977722197,255.21014262055988,544.5054242614334,553.6644323134863,614.1332181254023,555.2070271840735,1.1061337268013225,58.926190941328855,102,0.3923076923076923,0
3,25,SourceOnly,anomaly_evaluation,exploratory_cluster,1,208,114.00038071438993,154.98970487285078,66.25249607502616,332.8865921452841,428.42570116465623,552.8825997915571,1484.1011178479648,554.2412373738036,2.6777168816960915,929.8598804741612,119,0.5721153846153846,0
3,25,SourceOnly,anomaly_evaluation,exploratory_cluster,2,287,108.00118884615836,117.26050488185346,66.15043263218294,234.64460545892777,430.1018314496422,551.8999383522621,554.3313911223405,553.46697658449,1.0015618177315382,0.8644145378505073,156,0.5435540069686411,0
3,25,SourceOnly,calibration,exploratory_cluster,0,43,36.7253341545053,5.274969905308897,36.69147172237261,40.288962394640954,41.50619341054596,54.11432035919504,62.880289611075185,42.008934249455876,1.4968313463436564,20.871355361619308,0,0.0,1
3,25,SourceOnly,calibration,exploratory_cluster,1,26,35.10903344094435,3.530730158845337,35.39232968785209,38.878726600114305,39.439502495417145,40.48125950186493,40.79422212377411,39.5423716361374,1.0316584573923901,1.251850487636709,0,0.0,0
3,25,SourceOnly,calibration,exploratory_cluster,2,31,35.04588799701279,3.5664895261397787,35.866607528266016,38.655022885433226,40.414849610186664,41.13945338527036,41.38126331990255,40.57523020446192,1.0198651519998523,0.8060331154406342,0,0.0,0
3,25,SourceOnly,healthy_evaluation,exploratory_cluster,0,46,35.8607527720071,3.7457557741798997,36.94291290722964,39.325291657763536,40.12667932417371,41.12653048464675,41.57189177681542,40.5822000164406,1.0243873363192206,0.9896917603748179,0,0.0,0
3,25,SourceOnly,healthy_evaluation,exploratory_cluster,1,30,36.153775621102824,6.296090896430995,36.772838896314354,39.99818368360127,40.63413141648165,55.824234579689474,61.968002022180706,40.78259704807294,1.519471698899784,21.18540497410777,0,0.0,0
3,25,SourceOnly,healthy_evaluation,exploratory_cluster,2,24,35.697281526396004,4.2210853214386175,36.72353008376054,39.52387921280932,40.04834028415993,43.037437571342515,43.91186629127825,40.110002291557656,1.0947859332464016,3.801863999720595,0,0.0,0
3,25,TargetOnly,anomaly_evaluation,exploratory_cluster,0,260,202.70525526505057,90.09356187693548,166.72840183230343,307.55999056109084,499.63681157539276,513.6818866991367,514.8544605231083,514.7113556371148,1.0002780293934186,0.14310488599346627,260,1.0,0
3,25,TargetOnly,anomaly_evaluation,exploratory_cluster,1,208,204.5944621109317,113.55579952302406,171.94749706749508,307.4876275322433,433.0227115365918,515.8184809363546,1346.5314597236481,516.4145034959573,2.6074625143330996,830.1169562276908,208,1.0,0
3,25,TargetOnly,anomaly_evaluation,exploratory_cluster,2,287,514.0950986795256,2752.00826569674,172.40629726277902,307.9285973292393,500.79585900367766,13046.311011106809,34358.74484321562,26254.276294547097,1.3086913711787131,8104.468548668527,287,1.0,0
3,25,TargetOnly,calibration,exploratory_cluster,0,43,32.20483536312938,7.749169676596183,30.673937928766595,37.46065734419774,40.10942919889532,61.41026512415039,75.46479657928555,42.0016264480115,1.7967112933756,33.46317013127405,0,0.0,1
3,25,TargetOnly,calibration,exploratory_cluster,1,26,28.988065783358273,2.6616026970030093,28.71816058052994,32.38816937229328,33.553357195080146,35.53584387117997,36.08951191460309,33.87483974091062,1.0653780856420645,2.2146721736924633,0,0.0,0
3,25,TargetOnly,calibration,exploratory_cluster,2,31,29.299465525852142,1.9612771656133918,29.21160615759541,31.361240509798215,32.29042771489564,34.8461370137529,35.61693649528715,33.04760489017299,1.0777463787058945,2.569331605114158,0,0.0,0
3,25,TargetOnly,healthy_evaluation,exploratory_cluster,0,46,30.92359991840389,3.663797955847571,30.077321542478735,35.80732280746046,36.232038660208175,41.17910346370532,43.0019901745249,38.95113081714807,1.1039985045978038,4.0508593573768295,0,0.0,0
3,25,TargetOnly,healthy_evaluation,exploratory_cluster,1,30,29.149336107338744,1.9510017483009778,29.10316497557134,30.84704691547218,31.843725140998774,34.714913784686786,35.66129860687677,32.397902668290605,1.1007286172811492,3.2633959385861644,0,0.0,0
3,25,TargetOnly,healthy_evaluation,exploratory_cluster,2,24,30.052338701734644,3.3464158018875847,28.84182802194929,34.58734084330103,35.70997716985218,38.84290204579805,39.74920353017428,35.808762293755905,1.1100412576143543,3.9404412364183727,0,0.0,0
3,50,Pooled,anomaly_evaluation,exploratory_cluster,0,260,105.52274042640974,132.58408711162278,49.34787998185236,250.13768046977967,536.1337619491655,545.2807801757866,630.0467717586556,546.2984096983637,1.1533014934210284,83.74836206029192,247,0.95,0
3,50,Pooled,anomaly_evaluation,exploratory_cluster,1,208,109.65164795302196,153.9500918845327,59.405623768400275,326.0405154440224,421.14602086805263,543.971787429163,1475.706337473951,545.6888764298509,2.7042998331369783,930.0174610441001,204,0.9807692307692307,0
3,50,Pooled,anomaly_evaluation,exploratory_cluster,2,287,104.02252308651927,115.90227728625558,58.99859738452857,228.99915606088803,422.67133315592764,543.6051824199509,545.6964621222327,544.60162905093,1.0020103374887266,1.0948330713026735,283,0.9860627177700348,0
3,50,Pooled,calibration,exploratory_cluster,0,43,26.258831524586057,2.784130612266605,25.859177060234664,29.75384652175693,31.804919779691904,35.17919872163217,37.27369898404782,32.28679359734391,1.154456507787573,4.98690538670391,0,0.0,1
3,50,Pooled,calibration,exploratory_cluster,1,26,26.135862318386916,1.8804765557391048,26.213619079143655,28.43220843667597,28.75754640113371,30.23835260548078,30.710118120047373,28.823056061781003,1.0654705751611326,1.8870620582663697,0,0.0,0
3,50,Pooled,calibration,exploratory_cluster,2,31,25.806907915159243,2.2125216879620755,25.700767340581745,28.270223899979293,30.268518444054482,32.66759555400673,33.08484598267759,31.69401122044139,1.0438832040716628,1.390834762236203,0,0.0,0
3,50,Pooled,healthy_evaluation,exploratory_cluster,0,46,25.70787944825453,2.1465240306761144,25.30324386856583,28.520286702100382,29.894344641158355,31.84061688695459,32.726749097465905,30.757566407440773,1.0640227079067204,1.9691826900251321,0,0.0,0
3,50,Pooled,healthy_evaluation,exploratory_cluster,1,30,26.43041545329896,2.6189908605755616,25.933405822596402,27.80955858423381,30.060369952045843,35.8217704926233,37.505409961008986,31.69975662174798,1.1831450445672498,5.805653339261006,1,0.03333333333333333,0
3,50,Pooled,healthy_evaluation,exploratory_cluster,2,24,25.63047214986945,2.4600332462081353,25.117904568559055,26.599971200852938,31.91388210585826,32.99981422648378,33.04976535108246,32.83258654847949,1.0066147332706272,0.21717880260297306,0,0.0,0
3,50,RACE,anomaly_evaluation,exploratory_cluster,0,260,77.39190955083644,86.77781253990472,38.97370018126762,193.82697655450178,351.43325803331334,355.68479315126655,356.8320550135402,356.00512321856047,1.0023228086930425,0.8269317949797141,259,0.9961538461538462,0
3,50,RACE,anomaly_evaluation,exploratory_cluster,1,208,81.30189766118502,107.10852515127876,47.41311291236954,273.60835030410857,294.53927922177087,355.7030957632288,1093.0738090038992,356.2880386125011,3.067949778108398,736.785770391398,206,0.9903846153846154,0
3,50,RACE,anomaly_evaluation,exploratory_cluster,2,287,79.2573444248198,81.12381521217148,47.682827206327005,179.21578948339965,287.003227249012,372.8280198464754,373.2955020516638,373.0417726027039,1.0006801636374116,0.2537294489599162,287,1.0,0
3,50,RACE,calibration,exploratory_cluster,0,43,22.640995617772553,1.7082919955948477,22.457784164268475,24.180772018956716,24.97014231164875,28.338664062001634,29.726302730686147,26.42240113858018,1.1250416862107901,3.303901592105966,0,0.0,1
3,50,RACE,calibration,exploratory_cluster,1,26,22.590367885702886,1.2200480955106676,22.555970630839646,24.00589460961708,24.888126058495573,25.23035576749161,25.25534504430695,25.15538793704558,1.0039735863947525,0.09995710726136764,0,0.0,0
3,50,RACE,calibration,exploratory_cluster,2,31,22.189326475086546,1.3116728233431048,21.979262976762993,23.394136607751445,24.510319386853162,25.634256630730366,25.664817562756816,25.562947789335322,1.00398505580268,0.10186977342149461,0,0.0,0
3,50,RACE,healthy_evaluation,exploratory_cluster,0,46,22.241638141929837,1.1003818016531886,22.1423808989343,23.634843931909156,23.673542403673807,24.349184499074873,24.585404295213294,24.060471414905695,1.0218172317264906,0.524932880307599,0,0.0,0
3,50,RACE,healthy_evaluation,exploratory_cluster,1,30,22.710958451943178,1.6050599644956438,22.869189167259748,24.24292971432115,25.10224141674752,27.214547029769268,27.96994880252055,25.365115103378198,1.102693549330491,2.6048336991423504,0,0.0,0
3,50,RACE,healthy_evaluation,exploratory_cluster,2,24,22.15647887485984,1.5406993885440214,21.883079028594672,23.382445429555123,24.971876168170024,26.70909546118952,27.15286704161262,25.22342538759915,1.0764940377591246,1.9294416540134698,0,0.0,0
3,50,SourceOnly,anomaly_evaluation,exploratory_cluster,0,260,108.3283642331576,133.98100073115424,51.78109977722197,255.21014262055988,544.5054242614334,553.6644323134863,614.1332181254023,555.2070271840735,1.1061337268013225,58.926190941328855,102,0.3923076923076923,0
3,50,SourceOnly,anomaly_evaluation,exploratory_cluster,1,208,114.00038071438993,154.98970487285078,66.25249607502616,332.8865921452841,428.42570116465623,552.8825997915571,1484.1011178479648,554.2412373738036,2.6777168816960915,929.8598804741612,119,0.5721153846153846,0
3,50,SourceOnly,anomaly_evaluation,exploratory_cluster,2,287,108.00118884615836,117.26050488185346,66.15043263218294,234.64460545892777,430.1018314496422,551.8999383522621,554.3313911223405,553.46697658449,1.0015618177315382,0.8644145378505073,156,0.5435540069686411,0
3,50,SourceOnly,calibration,exploratory_cluster,0,43,36.7253341545053,5.274969905308897,36.69147172237261,40.288962394640954,41.50619341054596,54.11432035919504,62.880289611075185,42.008934249455876,1.4968313463436564,20.871355361619308,0,0.0,1
3,50,SourceOnly,calibration,exploratory_cluster,1,26,35.10903344094435,3.530730158845337,35.39232968785209,38.878726600114305,39.439502495417145,40.48125950186493,40.79422212377411,39.5423716361374,1.0316584573923901,1.251850487636709,0,0.0,0
3,50,SourceOnly,calibration,exploratory_cluster,2,31,35.04588799701279,3.5664895261397787,35.866607528266016,38.655022885433226,40.414849610186664,41.13945338527036,41.38126331990255,40.57523020446192,1.0198651519998523,0.8060331154406342,0,0.0,0
3,50,SourceOnly,healthy_evaluation,exploratory_cluster,0,46,35.8607527720071,3.7457557741798997,36.94291290722964,39.325291657763536,40.12667932417371,41.12653048464675,41.57189177681542,40.5822000164406,1.0243873363192206,0.9896917603748179,0,0.0,0
3,50,SourceOnly,healthy_evaluation,exploratory_cluster,1,30,36.153775621102824,6.296090896430995,36.772838896314354,39.99818368360127,40.63413141648165,55.824234579689474,61.968002022180706,40.78259704807294,1.519471698899784,21.18540497410777,0,0.0,0
3,50,SourceOnly,healthy_evaluation,exploratory_cluster,2,24,35.697281526396004,4.2210853214386175,36.72353008376054,39.52387921280932,40.04834028415993,43.037437571342515,43.91186629127825,40.110002291557656,1.0947859332464016,3.801863999720595,0,0.0,0
3,50,TargetOnly,anomaly_evaluation,exploratory_cluster,0,260,242.2444680396911,101.52003121945673,203.02640120217552,336.73474149148063,553.5651007073814,600.2317661200572,601.5245183070368,601.12281243983,1.0006682592290523,0.40170586720682877,260,1.0,0
3,50,TargetOnly,anomaly_evaluation,exploratory_cluster,1,208,241.42230694689184,119.48907052213512,204.9078162552675,336.53602527561736,482.5467159640525,603.5477279796512,1368.5382147266878,604.5920706848588,2.2635728801015538,763.946144041829,208,1.0,0
3,50,TargetOnly,anomaly_evaluation,exploratory_cluster,2,287,507.19818856643826,2359.8305843468997,207.56471912351716,346.3651338582632,553.693588183608,11218.738185100843,29546.743224296246,22576.372159304163,1.3087462864187176,6970.371064992083,287,1.0,0
3,50,TargetOnly,calibration,exploratory_cluster,0,43,32.502664875330694,7.352136040300136,31.56541385147116,35.263555023788896,35.72514467197867,59.69470140630064,76.54215649804942,36.429168184362005,2.1011228175917225,40.11298831368742,0,0.0,1
3,50,TargetOnly,calibration,exploratory_cluster,1,26,30.091436986825503,3.0084928251880187,29.83833797979101,34.00442468780164,35.36363236051559,37.779141849745415,38.508314967172446,35.59162249746431,1.081948848213254,2.9166924697081384,0,0.0,0
3,50,TargetOnly,calibration,exploratory_cluster,2,31,30.523305184645775,2.1228153146277062,30.304160968171075,33.459462568824385,33.926476440707546,36.011247480562034,36.75331743645612,34.27975091680917,1.0721582407541366,2.473566519646951,0,0.0,0
3,50,TargetOnly,healthy_evaluation,exploratory_cluster,0,46,31.015825441142052,2.5548907733029727,31.181617036469014,33.932564774341444,34.68110117419897,36.822239704939044,37.54272155264259,35.94165077996806,1.044546389437596,1.6010707726745323,0,0.0,0
3,50,TargetOnly,healthy_evaluation,exploratory_cluster,1,30,30.04462627948833,1.9278679008690185,29.740504294987794,32.29209993720705,33.92062133898061,35.47078931148923,35.59636069502716,35.1633559242067,1.0123140911736008,0.4330047708204603,0,0.0,0
3,50,TargetOnly,healthy_evaluation,exploratory_cluster,2,24,30.666680229633926,3.260398888943799,30.87753773907363,33.77198955649407,35.50166529267237,39.34869809671939,40.424306444436425,35.7477484108841,1.130821051435185,4.676558033552325,0,0.0,0
3,100,Pooled,anomaly_evaluation,exploratory_cluster,0,260,104.42121954687038,131.99287722611655,48.91913700286048,248.47930526001934,532.9807439146032,541.7457287114223,646.318781160056,542.8390370038785,1.1906269392992055,103.4797441561775,241,0.926923076923077,0
3,100,Pooled,anomaly_evaluation,exploratory_cluster,1,208,108.58933950567356,152.35236773560032,58.82220906054384,321.6037567847946,418.3110728273123,540.5320239220796,1453.9337650716661,542.1304618362423,2.681889079147237,911.8033032354239,203,0.9759615384615384,0
3,100,Pooled,anomaly_evaluation,exploratory_cluster,2,287,102.92881455842777,115.12116273645981,58.8413687031335,228.090484700769,419.9579470907068,540.1846988078202,542.0299901663557,541.1604611807387,1.001606785875893,0.8695289856169666,276,0.9616724738675958,0
3,100,Pooled,calibration,exploratory_cluster,0,43,25.171639613923933,2.4992001647706608,24.920771998494256,27.030465591005672,28.273540881349646,33.883366109573515,37.07565376074965,29.474968876996982,1.2578691402685225,7.60068488375267,0,0.0,1
3,100,Pooled,calibration,exploratory_cluster,1,26,25.166960875802342,1.5755124981948987,25.01317527955459,27.179659175951294,27.205593842805396,28.027579636734153,28.299056897050843,27.21314785578408,1.0399038379176688,1.0859090412667634,0,0.0,0
3,100,Pooled,calibration,exploratory_cluster,2,31,24.633591359424027,1.6621565902861535,24.3260718755702,26.509392670995712,27.841950211214822,29.456239120888018,29.98000295567261,28.234123506390635,1.061835794154786,1.7458794492819756,0,0.0,0
3,100,Pooled,healthy_evaluation,exploratory_cluster,0,46,24.549734545088928,1.5685562739805936,24.486152913904277,26.277906157905598,27.255157499034528,28.545425646582622,29.418254289156447,27.478635083436846,1.070586446518544,1.9396192057196018,0,0.0,0
3,100,Pooled,healthy_evaluation,exploratory_cluster,1,30,25.403161767965763,2.539222671628003,24.973209563681227,27.081347182343265,27.506939472090924,34.24253227645054,36.96537233877411,27.57626867558935,1.3404776684488877,9.389103663184759,0,0.0,0
3,100,Pooled,healthy_evaluation,exploratory_cluster,2,24,24.752841444593642,2.2052963627116657,24.36586807894101,25.708448621542118,29.82167218919268,31.514545760392586,31.80582581825468,30.539390784071664,1.0414689030025952,1.266435034183015,0,0.0,0
3,100,RACE,anomaly_evaluation,exploratory_cluster,0,260,82.26998693981315,91.51621575694236,41.33493897920661,206.5222265696801,370.88902271780194,374.7594546758815,375.5561513778969,374.96637114730623,1.0015728883333888,0.5897802305906907,259,0.9961538461538462,0
3,100,RACE,anomaly_evaluation,exploratory_cluster,1,208,86.71779005406675,114.34151466927975,51.036120714253606,288.3647844159875,312.6192915836119,374.47393293309904,1184.0756445074794,375.15985623246695,3.1561896211351823,808.9157882750125,207,0.9951923076923077,0
3,100,RACE,anomaly_evaluation,exploratory_cluster,2,287,84.3643580337791,85.73357223677303,50.75241752544192,192.20305870671572,305.67250204999533,394.736861825094,395.3331314113412,395.26034408145983,1.0001841503479194,0.07278732988135062,287,1.0,0
3,100,RACE,calibration,exploratory_cluster,0,43,22.892558608391763,1.75125504662867,22.57301372782735,24.158610795070267,25.642722696452562,29.063963068893237,30.25952845725512,27.412944199250653,1.1038408803269764,2.846584258004466,0,0.0,1
3,100,RACE,calibration,exploratory_cluster,1,26,22.9375734023793,1.3251855553225842,22.677493511784256,24.518305873306616,24.9216438093323,25.89590542319017,26.198873859671888,24.987000113745022,1.048500169704655,1.2118737459268658,0,0.0,0
3,100,RACE,calibration,exploratory_cluster,2,31,22.25059683368789,1.1588999306598466,22.291094940874384,23.626303799750897,24.301294452786966,24.96185781452557,24.99385475772068,24.887198280403645,1.004285595996598,0.10665647731703487,0,0.0,0
3,100,RACE,healthy_evaluation,exploratory_cluster,0,46,22.317487165034233,1.0791989227643954,22.37735641372354,23.671706916017282,24.033535389747154,24.32389804502807,24.324464224216218,24.323206048242554,1.0000517273903435,0.0012581759736640663,0,0.0,0
3,100,RACE,healthy_evaluation,exploratory_cluster,1,30,23.036376666359764,1.7394323106197294,22.977972018079093,24.33167792510726,26.016659294627036,27.99980768320199,28.761592344358075,26.13474868519915,1.1005115331622295,2.6268436591589257,0,0.0,0
3,100,RACE,healthy_evaluation,exploratory_cluster,2,24,22.551577183492345,1.627327658774273,22.02701735594207,24.009269680762547,25.46959451856866,26.965441900205438,27.341798185116076,25.70546651159156,1.0636569529981739,1.6363316735245164,0,0.0,0
3,100,SourceOnly,anomaly_evaluation,exploratory_cluster,0,260,108.3283642331576,133.98100073115424,51.78109977722197,255.21014262055988,544.5054242614334,553.6644323134863,614.1332181254023,555.2070271840735,1.1061337268013225,58.926190941328855,102,0.3923076923076923,0
3,100,SourceOnly,anomaly_evaluation,exploratory_cluster,1,208,114.00038071438993,154.98970487285078,66.25249607502616,332.8865921452841,428.42570116465623,552.8825997915571,1484.1011178479648,554.2412373738036,2.6777168816960915,929.8598804741612,119,0.5721153846153846,0
3,100,SourceOnly,anomaly_evaluation,exploratory_cluster,2,287,108.00118884615836,117.26050488185346,66.15043263218294,234.64460545892777,430.1018314496422,551.8999383522621,554.3313911223405,553.46697658449,1.0015618177315382,0.8644145378505073,156,0.5435540069686411,0
3,100,SourceOnly,calibration,exploratory_cluster,0,43,36.7253341545053,5.274969905308897,36.69147172237261,40.288962394640954,41.50619341054596,54.11432035919504,62.880289611075185,42.008934249455876,1.4968313463436564,20.871355361619308,0,0.0,1
3,100,SourceOnly,calibration,exploratory_cluster,1,26,35.10903344094435,3.530730158845337,35.39232968785209,38.878726600114305,39.439502495417145,40.48125950186493,40.79422212377411,39.5423716361374,1.0316584573923901,1.251850487636709,0,0.0,0
3,100,SourceOnly,calibration,exploratory_cluster,2,31,35.04588799701279,3.5664895261397787,35.866607528266016,38.655022885433226,40.414849610186664,41.13945338527036,41.38126331990255,40.57523020446192,1.0198651519998523,0.8060331154406342,0,0.0,0
3,100,SourceOnly,healthy_evaluation,exploratory_cluster,0,46,35.8607527720071,3.7457557741798997,36.94291290722964,39.325291657763536,40.12667932417371,41.12653048464675,41.57189177681542,40.5822000164406,1.0243873363192206,0.9896917603748179,0,0.0,0
3,100,SourceOnly,healthy_evaluation,exploratory_cluster,1,30,36.153775621102824,6.296090896430995,36.772838896314354,39.99818368360127,40.63413141648165,55.824234579689474,61.968002022180706,40.78259704807294,1.519471698899784,21.18540497410777,0,0.0,0
3,100,SourceOnly,healthy_evaluation,exploratory_cluster,2,24,35.697281526396004,4.2210853214386175,36.72353008376054,39.52387921280932,40.04834028415993,43.037437571342515,43.91186629127825,40.110002291557656,1.0947859332464016,3.801863999720595,0,0.0,0
3,100,TargetOnly,anomaly_evaluation,exploratory_cluster,0,260,264.8101561383663,107.7785011700168,222.7777673839823,379.34024315867606,576.6125996757147,642.200751245181,644.2130808177861,643.2142500848836,1.001552874073873,0.9988307329025474,260,1.0,0
3,100,TargetOnly,anomaly_evaluation,exploratory_cluster,1,208,262.8416000633541,131.8510877175652,222.29749240630076,379.37828375366996,506.2696182992906,644.1091231246776,1561.3024507639143,646.7123208569201,2.414214791354408,914.5901299069942,208,1.0,0
3,100,TargetOnly,anomaly_evaluation,exploratory_cluster,2,287,264.3987326257769,101.10876062826301,225.52241857695807,369.21171989970543,529.0956376715543,643.3869140197265,648.5189678695549,644.048581818291,1.006941069629628,4.4703860512638585,287,1.0,0
3,100,TargetOnly,calibration,exploratory_cluster,0,43,30.991953501762833,3.311567537862026,30.057415687528234,34.26769421430107,34.76415013053716,42.319480365715556,45.89544587524323,37.38124228112976,1.2277667373941579,8.514203594113475,0,0.0,1
3,100,TargetOnly,calibration,exploratory_cluster,1,26,30.535490848606358,2.539808751500399,30.285412156258793,33.681581268549046,35.11211396543888,35.6398641852103,35.715199640874594,35.41385781821743,1.0085091498419625,0.30134182265716447,0,0.0,0
3,100,TargetOnly,calibration,exploratory_cluster,2,31,30.08922981672851,2.02123813264979,29.62927726603393,32.99414941282496,33.785694897956276,35.043170966054014,35.36033616497478,34.3031188352389,1.0308198602819119,1.0572173297358844,0,0.0,0
3,100,TargetOnly,healthy_evaluation,exploratory_cluster,0,46,30.12197382933615,2.1357533183892863,30.171156439475666,32.714490452565045,33.95564107021136,34.544873360610104,34.67738006403974,34.38292072308499,1.0085641165660788,0.29445934095474513,0,0.0,0
3,100,TargetOnly,healthy_evaluation,exploratory_cluster,1,30,30.68257642959391,2.21708571430596,30.57940667319776,33.27952456689256,34.54524944563144,35.44774073521125,35.60960490286371,35.051452600613835,1.0159237994673036,0.5581523022498729,0,0.0,0
3,100,TargetOnly,healthy_evaluation,exploratory_cluster,2,24,30.855620137694192,2.686806715291687,30.583619677984174,33.526871515006725,36.39398466718958,37.4137218265002,37.58601453251277,36.83691581071899,1.0203355439864432,0.7490987217937786,0,0.0,0
4,10,Pooled,anomaly_evaluation,exploratory_cluster,0,260,108.4886620433185,133.77588197067,52.57364206334181,254.4418784915835,542.629185585239,553.883689069519,613.3531014151525,555.2160051720249,1.1047107714863422,58.137096243127644,113,0.4346153846153846,0
4,10,Pooled,anomaly_evaluation,exploratory_cluster,1,208,113.51247526142399,154.78645993033774,65.07096070795939,329.22698785925644,426.7727991615566,553.0340198919193,1482.867389594445,554.4248181843244,2.674604997753636,928.4425714101206,126,0.6057692307692307,0
4,10,Pooled,anomaly_evaluation,exploratory_cluster,2,287,107.87588337117121,116.97134759422822,65.87182673940436,234.1817000304627,428.51960237035433,552.1058749592883,554.6074429339985,553.6266798627549,1.0017715242182452,0.9807630712435866,165,0.5749128919860628,0
4,10,Pooled,calibration,exploratory_cluster,0,39,29.97140657931903,5.863158668071986,28.749879101756175,32.104516319729946,40.043077646919016,53.22663908107704,58.562493938508936,44.520770629477724,1.3153971306088315,14.041723309031212,0,0.0,1
4,10,Pooled,calibration,exploratory_cluster,1,36,31.26312840848653,6.2114449223885995,29.201817075859466,41.86971066151588,46.85430033242141,48.77055939054132,49.04588606505632,48.25923842358489,1.0163004570144023,0.7866476414714327,0,0.0,0
4,10,Pooled,calibration,exploratory_cluster,2,25,29.848952037384944,3.871192605390513,29.14542604873959,33.90895721517865,36.31197780896054,42.54306159532174,44.47553433326184,36.42356459184482,1.2210648472121215,8.051969741417018,0,0.0,0
4,10,Pooled,healthy_evaluation,exploratory_cluster,0,43,30.147847579534595,4.261089205274856,29.309944082273645,36.06972332272681,38.99222449346541,43.068108020803656,44.96895088269111,40.44313454486386,1.1119056766682298,4.525816337827251,0,0.0,0
4,10,Pooled,healthy_evaluation,exploratory_cluster,1,33,30.99557085356165,6.885354746348457,28.898898788817906,35.27205046413789,41.96800765291437,56.14266755435744,61.63727748777915,44.46662144583631,1.386147080296127,17.17065604194284,1,0.030303030303030304,0
4,10,Pooled,healthy_evaluation,exploratory_cluster,2,24,30.304973110546882,4.8277430250475675,28.79581569953301,37.81617953042952,41.12659809851821,43.33566866912703,43.935520107178135,41.32747037652117,1.0631069288029455,2.6080497306569654,0,0.0,0
4,10,RACE,anomaly_evaluation,exploratory_cluster,0,260,90.74627775372234,102.55862611239166,49.77605531769153,214.105506248863,369.39698675841356,429.50867858414324,430.3978647258808,430.3936395995614,1.00000981688838,0.004225126319397532,81,0.31153846153846154,0
4,10,RACE,anomaly_evaluation,exploratory_cluster,1,208,98.61126707315309,121.84302523306187,65.7668921971113,299.33041354978224,331.4477063772026,429.2776431293056,1211.2006515100866,430.0475851920385,2.8164340254793494,781.1530663180481,100,0.4807692307692308,0
4,10,RACE,anomaly_evaluation,exploratory_cluster,2,287,93.72687156341586,92.435300842872,61.408973173426546,196.44571243727026,332.3066336693648,428.695489605309,430.53907816558,429.81978726245,1.0016734708927926,0.7192909031300019,127,0.4425087108013937,0
4,10,RACE,calibration,exploratory_cluster,0,39,42.08790211093457,9.368077153244837,45.738383883597606,46.882534765511544,47.89138235314067,60.38554025402377,67.94557152935405,48.05075238374819,1.4140376197800126,19.894819145605865,0,0.0,1
4,10,RACE,calibration,exploratory_cluster,1,36,41.84991295786646,8.718187551913408,45.79561318517726,47.357700381977395,47.55161513352575,55.07739144718548,58.98305768735088,47.82401128687835,1.2333356424983588,11.159046400472526,0,0.0,0
4,10,RACE,calibration,exploratory_cluster,2,25,39.359039266819366,9.640772276685812,45.34688885090229,47.47274821538713,47.59308283695966,48.59528137779122,48.91141328861281,47.594196993522836,1.0276759852733568,1.3172162950899775,0,0.0,0
4,10,RACE,healthy_evaluation,exploratory_cluster,0,43,42.77198342545625,6.718429247462904,45.767348974178276,46.93081681391911,47.33612742878868,48.405660284729834,49.141657486751086,47.389283196224305,1.0369782822683926,1.752374290526781,0,0.0,0
4,10,RACE,healthy_evaluation,exploratory_cluster,1,33,40.77482270806917,8.879583957253656,45.30701883986067,46.914033800436606,47.31733247000158,55.14026059991964,58.70791990059342,47.558984585987886,1.2344233253014048,11.14893531460553,0,0.0,0
4,10,RACE,healthy_evaluation,exploratory_cluster,2,24,41.02667952009828,7.855453140561167,44.96141020467839,46.26270081512495,46.35037849267931,47.56117013089215,47.91870990334791,46.36418915354027,1.0335284791600619,1.5545207498076365,0,0.0,0
4,10,SourceOnly,anomaly_evaluation,exploratory_cluster,0,260,108.3283642331576,133.98100073115424,51.78109977722197,255.21014262055988,544.5054242614334,553.6644323134863,614.1332181254023,555.2070271840735,1.1061337268013225,58.926190941328855,102,0.3923076923076923,0
4,10,SourceOnly,anomaly_evaluation,exploratory_cluster,1,208,114.00038071438993,154.9897048728508,66.25249607502616,332.8865921452841,428.42570116465623,552.8825997915571,1484.1011178479648,554.2412373738036,2.6777168816960915,929.8598804741612,119,0.5721153846153846,0
4,10,SourceOnly,anomaly_evaluation,exploratory_cluster,2,287,108.00118884615836,117.26050488185346,66.15043263218294,234.64460545892777,430.1018314496422,551.8999383522621,554.3313911223405,553.46697658449,1.0015618177315382,0.8644145378505073,156,0.5435540069686411,0
4,10,SourceOnly,calibration,exploratory_cluster,0,39,36.56134626895912,5.656498285251976,37.05105501806357,39.263267837744166,39.62098578234808,54.40701556511399,62.880289611075185,40.5822000164406,1.5494549232323829,22.298089594634583,0,0.0,1
4,10,SourceOnly,calibration,exploratory_cluster,1,36,36.20414341108963,4.448380381639524,36.772838896314354,39.354449088410234,41.15286913984303,47.95284394864407,51.03482439502577,42.22916597679238,1.208520775027209,8.805658418233392,0,0.0,0
4,10,SourceOnly,calibration,exploratory_cluster,2,25,35.150860477464704,4.496722750691948,36.268617781206615,40.87275890856459,42.086693815028546,43.51615072668588,43.91186629127825,42.263051438810045,1.039013152063935,1.648814852468206,0,0.0,0
4,10,SourceOnly,healthy_evaluation,exploratory_cluster,0,43,36.25444262264811,2.9489845054605524,36.14011415845658,39.47328453543054,40.538407672636495,41.372129019999534,41.54808853259172,41.129137312134134,1.0101862389497283,0.41895122045758626,0,0.0,0
4,10,SourceOnly,healthy_evaluation,exploratory_cluster,1,33,36.20412139086618,5.782651017096186,35.92942110147851,39.60918244985192,40.13268886215965,55.06950374941336,61.968002022180706,40.41019491978276,1.5334744646788216,21.557807102397945,0,0.0,0
4,10,SourceOnly,healthy_evaluation,exploratory_cluster,2,24,35.16385332318041,2.9033070830239245,35.69521224192417,38.34845640858616,38.91261079557682,39.64371655564293,39.84091393994693,38.98353400819041,1.0219933865302306,0.8573799317565189,0,0.0,0
4,10,TargetOnly,anomaly_evaluation,exploratory_cluster,0,260,323.254824715387,182.79356667564429,260.260917310495,354.75166053745943,987.8032509570755,998.242896253949,1222.3812810344066,999.0050156819925,1.223598742594822,223.37626535241407,0,0.0,0
4,10,TargetOnly,anomaly_evaluation,exploratory_cluster,1,208,313.6372634253262,164.37787596221398,262.723385201709,333.1866342921472,725.3031740009824,994.6606401799974,1090.742287526795,995.0426886992441,1.096176375058494,95.69959882755097,0,0.0,0
4,10,TargetOnly,anomaly_evaluation,exploratory_cluster,2,287,463.5016527445711,1364.6893332915529,266.35359213600873,371.0535720055375,730.6752248178179,6552.930785770169,17231.504224163124,13167.954069307485,1.3085938888811255,4063.5501548556385,2,0.006968641114982578,0
4,10,TargetOnly,calibration,exploratory_cluster,0,39,35.94439300463547,4.514750748835355,35.74595983571225,40.3023097171043,44.80621756743787,48.62367179743034,50.37642680714124,45.763913623691536,1.100789307955119,4.612513183449707,0,0.0,0
4,10,TargetOnly,calibration,exploratory_cluster,1,36,35.927185016775034,4.976377072012572,35.212618189168964,40.42045990514191,42.481426025014535,53.11954544464504,56.64658055117843,46.56933738965449,1.2163922384638144,10.077243161523938,0,0.0,0
4,10,TargetOnly,calibration,exploratory_cluster,2,25,345.3309702752971,1544.1450461847878,35.43508359495686,45.58055534757716,50.93078175602173,5907.896771523375,7757.186576804112,51.812388134438116,149.71683136234645,7705.3741886696735,0,0.0,1
4,10,TargetOnly,healthy_evaluation,exploratory_cluster,0,43,35.66947518950611,5.2731760384105355,35.16938055666927,43.14784363674867,44.47487857997253,47.038667140752956,47.51979438632005,46.37425332544602,1.024702091758434,1.1455410608740308,0,0.0,0
4,10,TargetOnly,healthy_evaluation,exploratory_cluster,1,33,35.590574575108946,4.2940108941130335,35.70006936349599,41.1503178204144,43.011448360966845,43.71779693108129,44.02717897449174,43.06036008883409,1.0224526428404939,0.9668188856576521,0,0.0,0
4,10,TargetOnly,healthy_evaluation,exploratory_cluster,2,24,35.80832768761204,4.319067384742589,35.26136805960012,39.482094770571464,40.84046359060042,48.613221117175556,50.86929933081174,41.06026361935009,1.2388936369818884,9.809035711461654,0,0.0,0
4,25,Pooled,anomaly_evaluation,exploratory_cluster,0,260,106.98270934526245,133.8411064965615,50.4859674302992,252.27102349701593,542.1489818067434,552.8099171775463,616.439786881164,554.0561482166523,1.1125944344545344,62.383638664511636,110,0.4230769230769231,0
4,25,Pooled,anomaly_evaluation,exploratory_cluster,1,208,112.32305041389681,154.5181753949614,63.8271690450809,326.5119796458312,426.39129531013896,551.9643410165453,1479.5708330342707,553.2987993566305,2.6740900843354414,926.2720336776401,124,0.5961538461538461,0
4,25,Pooled,anomaly_evaluation,exploratory_cluster,2,287,106.47937539536784,117.01991552346904,65.08667647810321,232.77969598104846,428.11355293495586,550.9851225257215,553.4266052171405,552.4453143709111,1.0017762678417264,0.981290846229399,163,0.5679442508710801,0
4,25,Pooled,calibration,exploratory_cluster,0,39,27.34825675066645,5.626224972061651,25.831852056004102,29.78928278497866,33.05470040997055,49.80036033194675,58.115737553109085,36.2331659184715,1.6039376101960208,21.882571634637586,0,0.0,1
4,25,Pooled,calibration,exploratory_cluster,1,36,28.722217487421176,5.053379814470127,27.504017638468998,34.083412196612706,39.65189314630194,45.80667102768864,47.491706829301464,42.67731882469341,1.1128090549545586,4.814388004608055,0,0.0,0
4,25,Pooled,calibration,exploratory_cluster,2,25,27.698396935843757,3.134054527900597,27.060392975059308,31.733697793954732,35.39238315867907,36.290914237215105,36.466276271139144,35.735601129789,1.0204467007200013,0.7306751413501402,0,0.0,0
4,25,Pooled,healthy_evaluation,exploratory_cluster,0,43,27.342821042694194,3.0039766553008045,26.477537219271728,31.460315863264327,33.33355331634675,35.17660717069073,35.96590641628651,34.08662249820133,1.05513259397244,1.8792839180851786,0,0.0,0
4,25,Pooled,healthy_evaluation,exploratory_cluster,1,33,28.711670141680777,6.357578902088165,26.9047461781085,32.73031509148298,34.74902067383635,52.22714860511064,59.9006656175368,35.920924953705075,1.667570244773397,23.979740663831727,1,0.030303030303030304,0
4,25,Pooled,healthy_evaluation,exploratory_cluster,2,24,27.587322831740398,3.2924853859477485,27.294400367181282,32.75870066355756,33.938956929879325,35.51571491265722,35.97827876976527,33.96713156494764,1.0592086264620892,2.0111472048176253,0,0.0,0
4,25,RACE,anomaly_evaluation,exploratory_cluster,0,260,76.03374610486141,85.35484415464259,38.0679592867103,189.91156898037224,346.2567390109712,351.94923429861797,352.8159777002565,352.4924611365646,1.000917797114437,0.3235165636918964,83,0.3192307692307692,0
4,25,RACE,anomaly_evaluation,exploratory_cluster,1,208,82.35035670021878,103.77725115502236,54.09631030169879,268.33776998349424,281.7232405661703,352.0071690453729,1059.3271568194664,352.23573309950024,3.0074380798844893,707.0914237199661,95,0.4567307692307692,0
4,25,RACE,anomaly_evaluation,exploratory_cluster,2,287,79.39819966935869,79.0365610382457,52.66671996511743,177.2476489018421,273.73281472306655,363.75745166790415,365.40346225626314,365.21497883058066,1.0005160889793896,0.18848342568247745,130,0.4529616724738676,0
4,25,RACE,calibration,exploratory_cluster,0,39,24.9572145504132,5.3490844691647945,24.340543700461616,25.55500441724313,26.870210826452716,45.20264860920098,56.33322998472104,27.0422263649316,2.083157992411973,29.291003619789436,0,0.0,1
4,25,RACE,calibration,exploratory_cluster,1,36,25.690702660385952,4.167686149976827,25.47121800859373,27.37093191610114,29.23027215369961,41.668441839075406,45.64304568655838,34.28703469374993,1.3312042319856403,11.35601099280845,0,0.0,0
4,25,RACE,calibration,exploratory_cluster,2,25,24.414960801084785,2.5484528817863072,24.76236158962648,26.464061060921214,28.745925077584094,30.849701493691683,31.3367911929187,29.307250779472806,1.069250453709135,2.0295404134458934,0,0.0,0
4,25,RACE,healthy_evaluation,exploratory_cluster,0,43,24.595523252563606,1.27090531965734,24.676077718912165,25.804975542922325,26.023836263261565,27.19003946977898,27.932932026722703,26.164140224475748,1.0676036662038795,1.7687918022469553,0,0.0,0
4,25,RACE,healthy_evaluation,exploratory_cluster,1,33,25.621167807033157,5.708583426072108,24.782072650440867,26.881501060408564,27.493082748121708,47.07651142879976,56.123448451010795,27.851770256601352,2.015076525978041,28.271678194409443,0,0.0,0
4,25,RACE,healthy_evaluation,exploratory_cluster,2,24,24.428538535259122,1.200883444309179,24.28610535848945,25.768503550614955,26.199454774495987,26.308333596428554,26.318552060506107,26.2741239558211,1.001690945234167,0.04442810468500724,0,0.0,0
4,25,SourceOnly,anomaly_evaluation,exploratory_cluster,0,260,108.3283642331576,133.98100073115424,51.78109977722197,255.21014262055988,544.5054242614334,553.6644323134863,614.1332181254023,555.2070271840735,1.1061337268013225,58.926190941328855,102,0.3923076923076923,0
4,25,SourceOnly,anomaly_evaluation,exploratory_cluster,1,208,114.00038071438993,154.9897048728508,66.25249607502616,332.8865921452841,428.42570116465623,552.8825997915571,1484.1011178479648,554.2412373738036,2.6777168816960915,929.8598804741612,119,0.5721153846153846,0
4,25,SourceOnly,anomaly_evaluation,exploratory_cluster,2,287,108.00118884615836,117.26050488185346,66.15043263218294,234.64460545892777,430.1018314496422,551.8999383522621,554.3313911223405,553.46697658449,1.0015618177315382,0.8644145378505073,156,0.5435540069686411,0
4,25,SourceOnly,calibration,exploratory_cluster,0,39,36.56134626895912,5.656498285251976,37.05105501806357,39.263267837744166,39.62098578234808,54.40701556511399,62.880289611075185,40.5822000164406,1.5494549232323829,22.298089594634583,0,0.0,1
4,25,SourceOnly,calibration,exploratory_cluster,1,36,36.20414341108963,4.448380381639524,36.772838896314354,39.354449088410234,41.15286913984303,47.95284394864407,51.03482439502577,42.22916597679238,1.208520775027209,8.805658418233392,0,0.0,0
4,25,SourceOnly,calibration,exploratory_cluster,2,25,35.150860477464704,4.496722750691948,36.268617781206615,40.87275890856459,42.086693815028546,43.51615072668588,43.91186629127825,42.263051438810045,1.039013152063935,1.648814852468206,0,0.0,0
4,25,SourceOnly,healthy_evaluation,exploratory_cluster,0,43,36.25444262264811,2.9489845054605524,36.14011415845658,39.47328453543054,40.538407672636495,41.372129019999534,41.54808853259172,41.129137312134134,1.0101862389497283,0.41895122045758626,0,0.0,0
4,25,SourceOnly,healthy_evaluation,exploratory_cluster,1,33,36.20412139086618,5.782651017096186,35.92942110147851,39.60918244985192,40.13268886215965,55.06950374941336,61.968002022180706,40.41019491978276,1.5334744646788216,21.557807102397945,0,0.0,0
4,25,SourceOnly,healthy_evaluation,exploratory_cluster,2,24,35.16385332318041,2.9033070830239245,35.69521224192417,38.34845640858616,38.91261079557682,39.64371655564293,39.84091393994693,38.98353400819041,1.0219933865302306,0.8573799317565189,0,0.0,0
4,25,TargetOnly,anomaly_evaluation,exploratory_cluster,0,260,14678.444532325917,15298.595958525788,570.7277062100081,28774.695368075605,28776.386413385782,57542.41414112291,57543.48865955251,57543.078211742504,1.0000071328789275,0.4104478100052802,5,0.019230769230769232,0
4,25,TargetOnly,anomaly_evaluation,exploratory_cluster,1,208,29568.2473715719,22404.40992914464,28771.855459361133,57544.07453117244,57544.90232856711,86313.52519035026,86314.72014010831,86314.01453920371,1.0000081748127274,0.7056009046063991,57,0.27403846153846156,0
4,25,TargetOnly,anomaly_evaluation,exploratory_cluster,2,287,23655.916723331375,20417.236797278318,28771.504275537598,57543.185096956615,57544.50630098969,61573.48896948139,86316.03217274122,86313.36315594692,1.0000309224052535,2.6690167943015695,49,0.17073170731707318,0
4,25,TargetOnly,calibration,exploratory_cluster,0,39,2792.7511738647418,8342.89931171305,29.758379739538483,4342.684514164561,28770.817770732054,28772.179674584433,28772.62120771577,28771.45927842278,1.000040384788333,1.161929292989953,0,0.0,0
4,25,TargetOnly,calibration,exploratory_cluster,1,36,1627.1459426178772,6677.0827535577155,29.88695213384719,35.54677181432319,7223.7456892727605,28772.542698320784,28772.870227573247,28771.93442970907,1.000032524676659,0.935797864178312,0,0.0,0
4,25,TargetOnly,calibration,exploratory_cluster,2,25,5543.138458458155,11338.156505142048,31.047735570046378,28771.834640804984,28772.58115756794,29759.451317116065,30071.060054414866,28772.69031566987,1.045125072577516,1298.3697387449938,0,0.0,1
4,25,TargetOnly,healthy_evaluation,exploratory_cluster,0,43,1366.3456697164772,6124.574355517916,29.592917715969445,34.91895677889491,36.10090071973494,28772.252472016167,28772.57309707908,28771.809704072144,1.0000265326725981,0.7633930069350754,0,0.0,0
4,25,TargetOnly,healthy_evaluation,exploratory_cluster,1,33,2642.756932369338,8390.824431100258,29.422974883624654,37.1568766485221,28771.531681721182,28772.009049392705,28772.045900589834,28771.930740598804,1.000004002511756,0.11515999102994101,0,0.0,0
4,25,TargetOnly,healthy_evaluation,exploratory_cluster,2,24,2424.328984338865,8115.146381056652,28.93647858186985,34.331395327790155,24461.18637235497,28772.999251979876,28773.398344145575,28771.663160816446,1.0000603087600264,1.7351833291286312,0,0.0,0
4,50,Pooled,anomaly_evaluation,exploratory_cluster,0,260,106.03235033326838,133.35969888152877,49.39479968620301,251.2250097718373,539.6558546031412,549.9850917938775,624.8262546762601,551.0815494912982,1.1338181349984142,73.74470518496184,108,0.4153846153846154,0
4,50,Pooled,anomaly_evaluation,exploratory_cluster,1,208,111.605667639905,153.90225444553266,63.124966706001636,324.7716661662124,424.27716104181314,548.4874104474469,1476.2968538983089,550.1278821331757,2.683552137320909,926.1689717651332,124,0.5961538461538461,0
4,50,Pooled,anomaly_evaluation,exploratory_cluster,2,287,105.46206424087535,116.11862395946306,64.43165672456841,230.24316248836416,425.8645908657101,548.1664733155181,550.3063422744304,549.3346509021867,1.0017688514107892,0.9716913722437539,160,0.5574912891986062,0
4,50,Pooled,calibration,exploratory_cluster,0,39,26.126572185736897,5.5763166688274595,24.821367199373782,28.152545316740706,30.76553688722219,48.29366854531718,57.83889487509232,32.719878217789486,1.7676989654455946,25.119016657302836,0,0.0,1
4,50,Pooled,calibration,exploratory_cluster,1,36,27.36421893825138,4.804104850210991,26.229762027870933,31.36618320988783,36.66115182252068,44.69061215624809,46.90377805404839,40.580446917476145,1.1558221167310276,6.323331136572243,0,0.0,0
4,50,Pooled,calibration,exploratory_cluster,2,25,26.411054874375804,2.854349138830514,25.567794220927333,30.178507000589644,32.76209069124112,34.63488792138558,35.19018609013957,32.87644372033128,1.0703769054065126,2.3137423698082884,0,0.0,0
4,50,Pooled,healthy_evaluation,exploratory_cluster,0,43,25.97144502451697,2.488568890285504,25.506569623689114,29.199653867873238,31.00224215326112,31.976999085884252,32.18271145225638,31.69292010375132,1.0154542827515312,0.489791348505058,0,0.0,0
4,50,Pooled,healthy_evaluation,exploratory_cluster,1,33,27.33130497406653,6.155709656071295,25.921701408363337,30.23745523096515,31.845022914084428,50.325721762234785,58.804878670882786,32.30751333135781,1.8201610897056109,26.497365339524976,1,0.030303030303030304,0
4,50,Pooled,healthy_evaluation,exploratory_cluster,2,24,26.121322696096644,2.811948329665922,26.01637632945124,30.714661366153198,31.97096222298282,32.32261576169368,32.41546031262756,32.011788352045485,1.0126101033826271,0.40367196058207355,0,0.0,0
4,50,RACE,anomaly_evaluation,exploratory_cluster,0,260,78.31024167892431,87.93138553910735,38.98890151875753,197.0391567759267,356.00759250356987,362.13321631821145,372.39430306903984,362.57881293409304,1.0270713284527493,9.8154901349468,81,0.31153846153846154,0
4,50,RACE,anomaly_evaluation,exploratory_cluster,1,208,85.24018160003878,107.67927449342304,53.867678987592896,274.7259996663448,292.7970985479439,361.2894148032803,1111.9946941736414,361.70699224663434,3.0742969254390697,750.287701927007,90,0.4326923076923077,0
4,50,RACE,anomaly_evaluation,exploratory_cluster,2,287,81.92740174358694,81.06577587055986,52.64433170117091,183.4630139868288,282.59229058985704,370.5869774858376,371.62064020367137,370.9188376748278,1.0018920649413305,0.7018025288435865,127,0.4425087108013937,0
4,50,RACE,calibration,exploratory_cluster,0,39,23.01812629904876,6.0904131041147265,22.05724045753943,23.788417929048364,24.369369685600635,46.271062214636416,59.5765088605884,24.56217558176764,2.425538758252819,35.01433327882076,0,0.0,1
4,50,RACE,calibration,exploratory_cluster,1,36,23.77871429828885,4.546912772502566,23.11539174752931,25.090507912053145,27.36517525907885,42.120767275512236,47.25121825788673,32.592786879673945,1.4497446454127652,14.658431378212782,0,0.0,0
4,50,RACE,calibration,exploratory_cluster,2,25,22.886122673747874,2.6385516047967017,22.642872804428027,24.236901490613636,26.183109516082904,31.62874830172454,33.20175797207283,26.64755101228832,1.2459590735659756,6.554206959784512,0,0.0,0
4,50,RACE,healthy_evaluation,exploratory_cluster,0,43,22.492590749792175,1.2689308088191535,22.445501292768594,23.822604787344314,24.411959977215425,25.29076758080974,25.82566552389477,24.55209899273994,1.0518720021262307,1.273566531154831,0,0.0,0
4,50,RACE,healthy_evaluation,exploratory_cluster,1,33,23.787750897081555,6.639406467772698,22.877108619300355,24.83119100882285,24.941158251529572,48.79759178822389,60.006371035793215,24.97893588713911,2.4022789164004648,35.02743514865411,1,0.030303030303030304,0
4,50,RACE,healthy_evaluation,exploratory_cluster,2,24,22.294589923770246,1.281798195070141,22.43102487066635,24.038747650577506,24.359026822448772,24.707679465790655,24.80474459557736,24.3827222921569,1.017308252063233,0.4220223034204622,0,0.0,0
4,50,SourceOnly,anomaly_evaluation,exploratory_cluster,0,260,108.3283642331576,133.98100073115424,51.78109977722197,255.21014262055988,544.5054242614334,553.6644323134863,614.1332181254023,555.2070271840735,1.1061337268013225,58.926190941328855,102,0.3923076923076923,0
4,50,SourceOnly,anomaly_evaluation,exploratory_cluster,1,208,114.00038071438993,154.9897048728508,66.25249607502616,332.8865921452841,428.42570116465623,552.8825997915571,1484.1011178479648,554.2412373738036,2.6777168816960915,929.8598804741612,119,0.5721153846153846,0
4,50,SourceOnly,anomaly_evaluation,exploratory_cluster,2,287,108.00118884615836,117.26050488185346,66.15043263218294,234.64460545892777,430.1018314496422,551.8999383522621,554.3313911223405,553.46697658449,1.0015618177315382,0.8644145378505073,156,0.5435540069686411,0
4,50,SourceOnly,calibration,exploratory_cluster,0,39,36.56134626895912,5.656498285251976,37.05105501806357,39.263267837744166,39.62098578234808,54.40701556511399,62.880289611075185,40.5822000164406,1.5494549232323829,22.298089594634583,0,0.0,1
4,50,SourceOnly,calibration,exploratory_cluster,1,36,36.20414341108963,4.448380381639524,36.772838896314354,39.354449088410234,41.15286913984303,47.95284394864407,51.03482439502577,42.22916597679238,1.208520775027209,8.805658418233392,0,0.0,0
4,50,SourceOnly,calibration,exploratory_cluster,2,25,35.150860477464704,4.496722750691948,36.268617781206615,40.87275890856459,42.086693815028546,43.51615072668588,43.91186629127825,42.263051438810045,1.039013152063935,1.648814852468206,0,0.0,0
4,50,SourceOnly,healthy_evaluation,exploratory_cluster,0,43,36.25444262264811,2.9489845054605524,36.14011415845658,39.47328453543054,40.538407672636495,41.372129019999534,41.54808853259172,41.129137312134134,1.0101862389497283,0.41895122045758626,0,0.0,0
4,50,SourceOnly,healthy_evaluation,exploratory_cluster,1,33,36.20412139086618,5.782651017096186,35.92942110147851,39.60918244985192,40.13268886215965,55.06950374941336,61.968002022180706,40.41019491978276,1.5334744646788216,21.557807102397945,0,0.0,0
4,50,SourceOnly,healthy_evaluation,exploratory_cluster,2,24,35.16385332318041,2.9033070830239245,35.69521224192417,38.34845640858616,38.91261079557682,39.64371655564293,39.84091393994693,38.98353400819041,1.0219933865302306,0.8573799317565189,0,0.0,0
4,50,TargetOnly,anomaly_evaluation,exploratory_cluster,0,260,254.81370581691803,105.47395907978105,215.20954529992764,323.7980086016343,624.858628234148,630.6264432337352,679.9483442475764,630.7941679714955,1.0779242719287507,49.154176276080875,0,0.0,0
4,50,TargetOnly,anomaly_evaluation,exploratory_cluster,1,208,250.0811313424154,114.087713126752,214.5969987089751,317.89638098357244,478.3078639882174,628.2481803239559,1227.267982220581,628.6720419543649,1.9521593141081148,598.5959402662161,0,0.0,0
4,50,TargetOnly,anomaly_evaluation,exploratory_cluster,2,287,442.59792785200017,1707.5601361019933,218.24075395784206,329.6537443238145,518.6421545655714,8155.664787975715,21468.950645046683,16404.871179940117,1.3086936440743848,5064.079465106566,2,0.006968641114982578,0
4,50,TargetOnly,calibration,exploratory_cluster,0,39,29.424929644510268,1.9307123777117385,29.44371680461071,32.22855892256532,32.57539693612963,33.37957639102426,33.84829496031479,32.61482504112919,1.037819302039184,1.2334699191856018,0,0.0,0
4,50,TargetOnly,calibration,exploratory_cluster,1,36,30.637743952358782,2.620425381126178,30.775134577947536,32.939375421518704,34.930513961676105,37.50915647674587,38.02396281620994,36.55308756059833,1.040239425826154,1.4708752556116096,0,0.0,0
4,50,TargetOnly,calibration,exploratory_cluster,2,25,415.87882647732965,1927.0036600323729,29.92308005275128,34.51272416292456,34.966714059154995,7354.181090404075,9665.488460471875,35.04108518945226,275.83302309887625,9630.447375282423,0,0.0,1
4,50,TargetOnly,healthy_evaluation,exploratory_cluster,0,43,29.47456134546141,2.2380313514119723,29.064659400654477,32.31004356279261,32.918708518070524,35.46880415983744,35.728356046268175,35.110375364290235,1.017601084453414,0.6179806819779401,0,0.0,0
4,50,TargetOnly,healthy_evaluation,exploratory_cluster,1,33,30.390595189317832,2.7511528387057735,29.924918851896525,34.226980503353516,34.75986706239791,37.09270818486115,38.117582829081144,34.914849565893675,1.0917298313757031,3.2027332631874685,0,0.0,0
4,50,TargetOnly,healthy_evaluation,exploratory_cluster,2,24,29.259794902633207,2.8459669438250286,29.354279568695013,32.78058080780194,34.02202657924469,36.972289830040076,37.8346809783537,34.08515424655532,1.1100046872217781,3.749526731798383,0,0.0,0
4,100,Pooled,anomaly_evaluation,exploratory_cluster,0,260,105.13208523144542,133.268463891922,49.07934226562278,249.35324808709072,536.4386917482235,546.9522793182981,643.901108138253,547.9453452513296,1.17511922259858,95.95576288692337,186,0.7153846153846154,0
4,100,Pooled,anomaly_evaluation,exploratory_cluster,1,208,109.4347837607875,153.757540046783,59.187207246917254,324.24153401416885,421.96560463402693,545.7267692828156,1468.9276333646753,547.2423911631474,2.6842358287385473,921.6852422015279,167,0.8028846153846154,0
4,100,Pooled,anomaly_evaluation,exploratory_cluster,2,287,103.53981222462909,115.87080711418541,59.333810082835406,227.5472067063325,423.56371345307605,545.1646295925443,547.2548010817085,546.19763359513,1.0019355036008122,1.0571674865784644,242,0.8432055749128919,0
4,100,Pooled,calibration,exploratory_cluster,0,39,24.765525792797476,3.0449397832234353,23.9633876997413,26.194748162349104,26.98706409823374,36.769987532501354,41.23655081006462,29.48243692174031,1.3986818972775228,11.754113888324312,0,0.0,1
4,100,Pooled,calibration,exploratory_cluster,1,36,25.846034187368513,3.059361461558896,25.44166693310401,28.434588398475178,32.51456693857242,35.73116374210809,35.845065360349594,35.51963216537386,1.009162065458915,0.3254331949757372,0,0.0,0
4,100,Pooled,calibration,exploratory_cluster,2,25,25.436109117156356,2.717141548753973,24.803683984739845,28.128893766906046,31.197028941844266,34.04488971495255,34.806431106366254,31.633341975475837,1.1003083750477707,3.1730891308904177,0,0.0,0
4,100,Pooled,healthy_evaluation,exploratory_cluster,0,43,24.71796991614188,1.6960825698762623,24.54765499882312,27.124850376816294,27.57912036341011,28.202588844263175,28.502838297189324,27.787958647365162,1.025726238436444,0.7148796498241623,0,0.0,0
4,100,Pooled,healthy_evaluation,exploratory_cluster,1,33,25.62202328687614,3.1853643053707104,25.171088518151482,28.25803102723395,28.620597560319744,36.684070433319874,40.388127356516385,28.81294947152729,1.4017352647783452,11.575177884989095,0,0.0,0
4,100,Pooled,healthy_evaluation,exploratory_cluster,2,24,24.90036286275395,1.9483830985251633,24.88203376041831,27.74294403497731,28.410094362085786,28.615417875830605,28.67068824239229,28.43038230081974,1.0084524344073145,0.2403059415725508,0,0.0,0
4,100,RACE,anomaly_evaluation,exploratory_cluster,0,260,86.58179602937984,98.51523752071517,42.84205551186244,215.00100480654044,397.76418586165374,404.8457182890543,417.6077155998343,405.3389492323046,1.0302679187153523,12.268766367529679,189,0.7269230769230769,0
4,100,RACE,anomaly_evaluation,exploratory_cluster,1,208,91.13195039571953,120.51918096430451,53.28779114409816,306.35144996441966,325.92694428665567,404.2494030555802,1229.1928527655518,404.77723607268416,3.036714378238481,824.4156166928676,176,0.8461538461538461,0
4,100,RACE,anomaly_evaluation,exploratory_cluster,2,287,88.25337131816998,90.54654306989296,53.38850445123875,196.50230641848913,315.9079712997032,408.7375380776372,409.46966659171403,409.22851214692673,1.0005892904273022,0.24115444478729842,246,0.8571428571428571,0
4,100,RACE,calibration,exploratory_cluster,0,39,22.951117816138986,2.022610716733151,22.521397055892933,24.38897738630978,24.542074208034855,30.242756068594332,33.41810380776711,25.061925546786167,1.3334212387384776,8.356178260980943,0,0.0,0
4,100,RACE,calibration,exploratory_cluster,1,36,23.860655804955694,2.1091018082428734,23.646203512399666,25.656122425005744,26.8173363480549,30.748610539723465,31.275216770750667,29.77062753924438,1.0505393858266139,1.5045892315062872,0,0.0,0
4,100,RACE,calibration,exploratory_cluster,2,25,23.7418634569634,3.307738954826429,23.09662053202138,24.71679597123732,27.528347154243765,35.56315447209267,37.89293302029997,28.185522402769628,1.344411236336583,9.707410617530343,0,0.0,1
4,100,RACE,healthy_evaluation,exploratory_cluster,0,43,22.87962840711026,1.412527531793857,22.794923476079692,24.438082598932933,25.14908020245042,26.275293504020883,26.89176584957175,25.423974550641123,1.0577325664013306,1.4677912989306279,0,0.0,0
4,100,RACE,healthy_evaluation,exploratory_cluster,1,33,23.58619494416281,2.1543710131863643,23.17677420749368,25.610270103322225,26.15731800986399,30.511476049540153,32.311411839748565,26.686612495347283,1.2107723243398518,5.624799344401282,0,0.0,0
4,100,RACE,healthy_evaluation,exploratory_cluster,2,24,22.85567266058788,1.4168627916907919,22.622114984618086,24.607123153598874,24.76399687009727,25.37345871313965,25.554128222007584,24.768608618233973,1.031714320973013,0.7855196037736114,0,0.0,0
4,100,SourceOnly,anomaly_evaluation,exploratory_cluster,0,260,108.3283642331576,133.98100073115424,51.78109977722197,255.21014262055988,544.5054242614334,553.6644323134863,614.1332181254023,555.2070271840735,1.1061337268013225,58.926190941328855,102,0.3923076923076923,0
4,100,SourceOnly,anomaly_evaluation,exploratory_cluster,1,208,114.00038071438993,154.9897048728508,66.25249607502616,332.8865921452841,428.42570116465623,552.8825997915571,1484.1011178479648,554.2412373738036,2.6777168816960915,929.8598804741612,119,0.5721153846153846,0
4,100,SourceOnly,anomaly_evaluation,exploratory_cluster,2,287,108.00118884615836,117.26050488185346,66.15043263218294,234.64460545892777,430.1018314496422,551.8999383522621,554.3313911223405,553.46697658449,1.0015618177315382,0.8644145378505073,156,0.5435540069686411,0
4,100,SourceOnly,calibration,exploratory_cluster,0,39,36.56134626895912,5.656498285251976,37.05105501806357,39.263267837744166,39.62098578234808,54.40701556511399,62.880289611075185,40.5822000164406,1.5494549232323829,22.298089594634583,0,0.0,1
4,100,SourceOnly,calibration,exploratory_cluster,1,36,36.20414341108963,4.448380381639524,36.772838896314354,39.354449088410234,41.15286913984303,47.95284394864407,51.03482439502577,42.22916597679238,1.208520775027209,8.805658418233392,0,0.0,0
4,100,SourceOnly,calibration,exploratory_cluster,2,25,35.150860477464704,4.496722750691948,36.268617781206615,40.87275890856459,42.086693815028546,43.51615072668588,43.91186629127825,42.263051438810045,1.039013152063935,1.648814852468206,0,0.0,0
4,100,SourceOnly,healthy_evaluation,exploratory_cluster,0,43,36.25444262264811,2.9489845054605524,36.14011415845658,39.47328453543054,40.538407672636495,41.372129019999534,41.54808853259172,41.129137312134134,1.0101862389497283,0.41895122045758626,0,0.0,0
4,100,SourceOnly,healthy_evaluation,exploratory_cluster,1,33,36.20412139086618,5.782651017096186,35.92942110147851,39.60918244985192,40.13268886215965,55.06950374941336,61.968002022180706,40.41019491978276,1.5334744646788216,21.557807102397945,0,0.0,0
4,100,SourceOnly,healthy_evaluation,exploratory_cluster,2,24,35.16385332318041,2.9033070830239245,35.69521224192417,38.34845640858616,38.91261079557682,39.64371655564293,39.84091393994693,38.98353400819041,1.0219933865302306,0.8573799317565189,0,0.0,0
4,100,TargetOnly,anomaly_evaluation,exploratory_cluster,0,260,293.4734563020919,123.10359533023502,246.7336621008505,381.3432418265676,728.8240229448335,732.1400230759702,781.5062639346331,732.5139077719056,1.066882492800373,48.99235616272756,0,0.0,0
4,100,TargetOnly,anomaly_evaluation,exploratory_cluster,1,208,289.5423908473688,131.19386624749993,248.84957492241864,381.58305986748786,542.2725855723295,730.1806510475394,1388.2730434502284,731.527842342739,1.897771982272396,656.7452011074895,0,0.0,0
4,100,TargetOnly,anomaly_evaluation,exploratory_cluster,2,287,533.9191145524148,2184.574815821551,251.4257372124051,380.38661945289033,594.444147643757,10423.085626201513,27426.188407859965,20960.956364619917,1.3084416536524421,6465.232043240048,2,0.006968641114982578,0
4,100,TargetOnly,calibration,exploratory_cluster,0,39,31.340865600538883,2.6291999190188426,30.75171711608847,35.180829629910676,36.224869708470244,38.57518991188869,38.66705036617416,38.42531232858082,1.006291114448887,0.24173803759333623,0,0.0,0
4,100,TargetOnly,calibration,exploratory_cluster,1,36,32.06908823871855,2.486861656365384,32.42829371864184,34.724977281818795,35.62754500892114,38.29298700986233,39.119703879401776,36.75765568071766,1.064260033860734,2.362048198684114,0,0.0,0
4,100,TargetOnly,calibration,exploratory_cluster,2,25,524.4286590373972,2462.37617458081,31.77062407366684,35.27623117129905,38.153006011392705,9390.631745085931,12343.828210714355,38.842937262695806,317.78822819790173,12304.985273451659,0,0.0,1
4,100,TargetOnly,healthy_evaluation,exploratory_cluster,0,43,31.065868374522495,2.084419204370818,30.637930913348814,33.291391701488614,33.96184590514819,36.210491865109596,37.295297175346384,34.712427389068324,1.0744076395847633,2.58286978627806,0,0.0,0
4,100,TargetOnly,healthy_evaluation,exploratory_cluster,1,33,32.178339480003345,2.8797313435783587,31.22561847367279,36.860435377795014,37.7006395489429,38.717845501002294,39.093306452567404,37.919990978926435,1.0309418711173488,1.1733154736409688,0,0.0,0
4,100,TargetOnly,healthy_evaluation,exploratory_cluster,2,24,30.948511831581573,3.1124517234777263,30.462821963495045,33.169287980865924,36.079676536273084,39.710159966294505,40.64707335881076,36.573536869609654,1.11137934249356,4.0735364892011034,0,0.0,0
5,10,Pooled,anomaly_evaluation,exploratory_cluster,0,260,110.54407841731259,132.8667710506469,61.108977107675976,253.71720337657783,540.8070908150382,552.6724311592636,613.4198403761407,554.1375246678656,1.106981233122242,59.282315708275064,125,0.4807692307692308,0
5,10,Pooled,anomaly_evaluation,exploratory_cluster,1,208,114.48646382466481,153.83472316399377,66.36945354901022,331.2248198647091,425.4154162184454,551.9996457238536,1471.1396173108142,553.3306101018057,2.6586991401761475,917.8090072090084,123,0.5913461538461539,0
5,10,Pooled,anomaly_evaluation,exploratory_cluster,2,287,109.52047799062869,115.92997288390762,67.48801299019263,232.79096227506614,427.07985083332835,550.888986553367,553.5679650926293,552.3874739935791,1.0021370707241344,1.1804910990501867,179,0.6236933797909407,0
5,10,Pooled,calibration,exploratory_cluster,0,38,30.38713886773281,8.09432134483828,28.102762028295444,32.57393044395846,56.378505964679796,57.0610863195677,57.219408869101755,56.79151008657728,1.0075345554621131,0.42789878252447267,0,0.0,0
5,10,Pooled,calibration,exploratory_cluster,1,33,31.545488773150648,8.789363731541256,29.398367666705997,33.83032929463329,53.82613042210501,61.59774866167242,61.698007986815036,61.384697595744356,1.00510404715413,0.3133103910706794,0,0.0,1
5,10,Pooled,calibration,exploratory_cluster,2,29,29.58461966241864,5.559468557100882,27.817437708294058,31.83860052264123,32.46280560882198,49.9799063000457,56.738614896228576,32.600369909861264,1.7404285611822383,24.13824498636731,0,0.0,0
5,10,Pooled,healthy_evaluation,exploratory_cluster,0,41,30.96908523270851,8.703850145928993,27.632785368178705,33.590941810115474,55.91022204676545,57.59198547200041,58.52759621512347,56.188569357315814,1.0416281618229724,2.339026857807653,0,0.0,0
5,10,Pooled,healthy_evaluation,exploratory_cluster,1,35,33.02527965227588,9.947897982863445,29.170491829459543,55.67961558345564,56.65005573088108,57.4969092824141,57.8754469679585,56.762100834004386,1.0196142517207034,1.113346133954117,0,0.0,0
5,10,Pooled,healthy_evaluation,exploratory_cluster,2,24,31.08891813876036,8.236938979254038,28.9957575591072,35.44714621538433,53.72659125469231,56.730283572963025,56.76275587050436,56.62157196815074,1.0024934649012047,0.14118390235361744,0,0.0,0
5,10,RACE,anomaly_evaluation,exploratory_cluster,0,260,83.70204926755214,95.14137945396703,43.612135320920785,201.95790363271422,350.6925313999059,396.65989082283005,397.46878722430375,397.46352834549515,1.0000132310977827,0.005258878808604095,92,0.35384615384615387,0
5,10,RACE,anomaly_evaluation,exploratory_cluster,1,208,89.64721344459674,113.64956991947206,58.407762802675336,285.8756236946567,306.48336507891787,396.6581130759994,1131.1412236865026,397.193502227425,2.847834159781481,733.9477214590777,108,0.5192307692307693,0
5,10,RACE,anomaly_evaluation,exploratory_cluster,2,287,86.11667034387017,86.45974248463227,57.61009059146621,186.3045864366356,307.34651301940323,395.93202689939,397.81642060511285,397.3442202186111,1.0011883912297552,0.4722003865017541,147,0.5121951219512195,0
5,10,RACE,calibration,exploratory_cluster,0,38,30.601542019268557,3.0459040301551483,30.947615391930892,32.579649397728865,36.25288253792358,36.930747445012834,37.154922891586175,36.54904330625281,1.0165771667470624,0.6058795853333621,0,0.0,0
5,10,RACE,calibration,exploratory_cluster,1,33,31.896770672073856,6.804501557639256,31.817426962826975,33.88290882151615,44.85429031790106,54.14904625347734,56.973473813169555,48.14713768913139,1.1833200590453916,8.826336124038164,0,0.0,1
5,10,RACE,calibration,exploratory_cluster,2,29,30.475693350805766,3.0834190911032846,31.262229206422713,32.77330338466936,33.160393430854285,35.86518232004686,36.820712222639045,33.408105427666975,1.1021490668592633,3.4126067949720706,0,0.0,0
5,10,RACE,healthy_evaluation,exploratory_cluster,0,41,31.092627011476345,5.268814860174748,31.016329641624225,34.347754865201296,35.85703339940897,48.94575896789485,57.32442094155887,36.37776600739874,1.5758092712427658,20.94665493416013,1,0.024390243902439025,0
5,10,RACE,healthy_evaluation,exploratory_cluster,1,35,31.428785730134905,5.282052153350329,31.067975913645274,35.378499601939914,36.341370165766996,48.116240431908224,54.148515533844304,36.40652993991485,1.487329762633537,17.741985593929456,0,0.0,0
5,10,RACE,healthy_evaluation,exploratory_cluster,2,24,31.33479579824858,3.3958294843952723,31.617292658840185,35.93831719013494,36.81505767043191,37.24123594243944,37.36090090934433,36.840618444540446,1.014122522551762,0.5202824648038842,0,0.0,0
5,10,SourceOnly,anomaly_evaluation,exploratory_cluster,0,260,108.3283642331576,133.98100073115424,51.78109977722197,255.21014262055988,544.5054242614334,553.6644323134863,614.1332181254023,555.2070271840735,1.1061337268013225,58.926190941328855,103,0.39615384615384613,0
5,10,SourceOnly,anomaly_evaluation,exploratory_cluster,1,208,114.00038071438993,154.9897048728508,66.25249607502616,332.8865921452841,428.42570116465623,552.8825997915571,1484.1011178479648,554.2412373738036,2.6777168816960915,929.8598804741612,123,0.5913461538461539,0
5,10,SourceOnly,anomaly_evaluation,exploratory_cluster,2,287,108.00118884615836,117.26050488185346,66.15043263218294,234.64460545892777,430.1018314496422,551.8999383522621,554.3313911223405,553.46697658449,1.0015618177315382,0.8644145378505073,158,0.5505226480836237,0
5,10,SourceOnly,calibration,exploratory_cluster,0,38,36.23667513480698,3.0999713770775004,36.62452636039827,39.29350690692576,40.646620319809195,41.408072624883346,41.57189177681542,41.129137312134134,1.0107649830172991,0.4427544646812862,0,0.0,0
5,10,SourceOnly,calibration,exploratory_cluster,1,33,37.10233229151342,6.489070072940669,37.43664903606005,40.72581750648416,44.89046303227476,58.46938518149113,61.968002022180706,51.03482439502577,1.2142297491322525,10.933177627154933,0,0.0,1
5,10,SourceOnly,calibration,exploratory_cluster,2,29,35.29386074879637,2.9521488631340964,35.811807096326625,38.53957464969982,38.85212955908753,39.49861353670573,39.698922242239476,38.983534008190404,1.0183510359501724,0.7153882340490725,0,0.0,0
5,10,SourceOnly,healthy_evaluation,exploratory_cluster,0,41,36.3650322214948,5.439290641130156,36.83528160786225,38.71087739535771,41.54808853259172,54.53174746642749,62.880289611075185,42.008934249455876,1.4968313463436564,20.871355361619308,1,0.024390243902439025,0
5,10,SourceOnly,healthy_evaluation,exploratory_cluster,1,35,35.88159210410059,5.054765511470515,36.352902108039494,38.79009739418914,39.427848380488044,52.20178232056938,58.51449921287333,39.94768482374424,1.464778233608504,18.566814389129092,0,0.0,0
5,10,SourceOnly,healthy_evaluation,exploratory_cluster,2,24,36.643395739184335,3.7118107327741785,36.78132868486587,41.13945338527036,42.13078322097392,43.593241031801135,43.99057039074653,42.263051438810045,1.040875395720956,1.7275189519364815,0,0.0,0
5,10,TargetOnly,anomaly_evaluation,exploratory_cluster,0,260,177.73712932214983,92.25768581707554,140.2788444216133,276.2973269035592,499.13460105379846,502.51258436968277,577.927981448056,504.04112843804256,1.1465889365794,73.88685301001345,260,1.0,0
5,10,TargetOnly,anomaly_evaluation,exploratory_cluster,1,208,177.53463976958196,99.4009816333936,148.74407598580808,248.04203274082303,362.5294634616056,501.65411374630406,1045.3936639605681,502.5026890929283,2.0803742679419623,542.8909748676399,208,1.0,0
5,10,TargetOnly,anomaly_evaluation,exploratory_cluster,2,287,221.57256459024768,384.5689949175794,148.65946964220117,314.97437369595383,498.6965622838838,1861.267977155455,4886.354753429917,3735.838610092323,1.307967303573952,1150.5161433375938,287,1.0,0
5,10,TargetOnly,calibration,exploratory_cluster,0,38,31.459738183811236,4.547079105553089,31.31333201979283,37.48756467597961,39.1332193822007,43.42037837945783,44.455354882466736,41.65812109055076,1.0671473825196227,2.7972337919159784,0,0.0,1
5,10,TargetOnly,calibration,exploratory_cluster,1,33,31.65407480921047,4.096902511824037,31.42368460857173,35.54120069726902,38.71500867117423,43.43086266170127,44.14004311584806,41.923854196639354,1.0528622418352547,2.2161889192087045,0,0.0,0
5,10,TargetOnly,calibration,exploratory_cluster,2,29,34.82177590481756,3.586432037563882,34.91807903868119,38.938559499567816,40.16925039341855,42.89253098660211,43.89211397295215,40.32217473598772,1.08853538432237,3.56993923696443,0,0.0,0
5,10,TargetOnly,healthy_evaluation,exploratory_cluster,0,41,32.6492690237785,9.72701627532959,31.362331402511586,36.037712624005444,37.52575857535688,69.42404890911243,88.77109925522146,40.403473389948715,2.197115540004669,48.36762586527274,1,0.024390243902439025,0
5,10,TargetOnly,healthy_evaluation,exploratory_cluster,1,35,30.75241147819294,3.083306308329396,30.647943758638387,35.038628061845465,35.449162749362316,36.323749089316124,36.50696138794303,35.9681016860992,1.0149815997115044,0.5388597018438261,0,0.0,0
5,10,TargetOnly,healthy_evaluation,exploratory_cluster,2,24,38.540150857660706,23.055268826807428,33.747930435682036,39.53333038785381,39.96696320280923,121.48324478729887,145.8240601507401,39.99442813577842,3.6461093944305727,105.82963201496169,1,0.041666666666666664,0
5,25,Pooled,anomaly_evaluation,exploratory_cluster,0,260,107.37961255905033,132.83410074234754,51.853470785196336,252.04749239115608,538.5779897972908,547.9533615793158,620.0520031816294,549.4371886637514,1.1285220876468436,70.61481451787802,104,0.4,0
5,25,Pooled,anomaly_evaluation,exploratory_cluster,1,208,112.6409109953565,153.57217796090316,64.8908754772149,328.371076955341,423.5638639578723,546.9893168075214,1470.3694128229843,548.5017694995817,2.680701311436892,921.8676433234026,119,0.5721153846153846,0
5,25,Pooled,anomaly_evaluation,exploratory_cluster,2,287,106.87555489724927,116.05552123925077,65.49155114792336,232.13411185170958,425.2065345938694,546.1205969704047,548.8293826751933,547.5875956228526,1.002267741384697,1.241787052340669,158,0.5505226480836237,0
5,25,Pooled,calibration,exploratory_cluster,0,38,27.33250619318168,3.7687497032786537,26.27618859712344,30.52506139883963,37.03609802338333,39.160656325277145,39.75612919268471,38.14674306455614,1.0421893456383677,1.6093861281285697,0,0.0,0
5,25,Pooled,calibration,exploratory_cluster,1,33,29.359292780956405,7.6127911032644615,27.432043639890544,31.633277100784724,46.374478688286985,56.324952375566625,60.4414891207048,47.577311792148016,1.2703847032122535,12.864177328556785,0,0.0,1
5,25,Pooled,calibration,exploratory_cluster,2,29,26.80229750936914,2.485067782557863,26.10133431379964,29.051974474907826,30.188973356927296,34.746753628328285,36.43660133532707,30.40143095318858,1.1985159972052402,6.035170382138489,0,0.0,0
5,25,Pooled,healthy_evaluation,exploratory_cluster,0,41,28.069190960437464,5.877724056434918,26.248666992791332,31.35410786659213,37.3442241624416,50.17666554406981,57.80354362881309,38.736348416954826,1.492230062746766,19.067195211858262,0,0.0,0
5,25,Pooled,healthy_evaluation,exploratory_cluster,1,35,29.288121570907066,6.2070102418115525,27.627095510636252,37.37212715978445,38.517327893244314,50.879380036426184,56.92594170643366,39.14193679464715,1.4543465747514712,17.78400491178651,0,0.0,0
5,25,Pooled,healthy_evaluation,exploratory_cluster,2,24,27.79980887708027,4.225335691718771,26.96937133065244,33.64212714519571,37.747815513015595,39.527147184206825,39.94763443826351,38.11942898584312,1.047959938043651,1.8282054524203915,0,0.0,0
5,25,RACE,anomaly_evaluation,exploratory_cluster,0,260,81.79606670387464,93.68004019632264,40.584084998425205,201.21854900276813,359.97499210380045,387.17378262158746,388.12058760212653,387.9907345547612,1.0003346807946698,0.1298530473653159,89,0.3423076923076923,0
5,25,RACE,anomaly_evaluation,exploratory_cluster,1,208,88.05067116905586,113.16117959240863,54.855981073725204,290.58796453534126,301.00070025002174,387.0222091247721,1140.7795441944659,387.58071948343445,2.9433340897733276,753.1988247110314,95,0.4567307692307692,0
5,25,RACE,anomaly_evaluation,exploratory_cluster,2,287,84.5989007053704,85.77242412940421,54.09108097148934,186.82026839498164,300.43252665105905,386.6837882412595,388.45304686734954,388.17321607860254,1.0007208915431465,0.27983078874700595,134,0.46689895470383275,0
5,25,RACE,calibration,exploratory_cluster,0,38,24.220112523776262,1.6927428059520815,24.121912297956698,26.136981973050617,27.3369572458731,28.464290466770603,28.99734340304302,27.55665979149594,1.0522807779479746,1.4406836115470796,0,0.0,0
5,25,RACE,calibration,exploratory_cluster,1,33,26.631258188637197,7.30535451299191,25.178174361300073,27.18993948126138,40.31351633502243,54.60127961549492,58.536569454389316,46.23878870784433,1.2659624330612858,12.297780746544987,0,0.0,1
5,25,RACE,calibration,exploratory_cluster,2,29,24.09152402768074,1.1863637268116327,23.762541258034194,25.287949498351825,25.703879410551153,26.912596287479953,27.378114949529053,25.715548299353706,1.0646521952719605,1.6625666501753464,0,0.0,0
5,25,RACE,healthy_evaluation,exploratory_cluster,0,41,24.91576234884954,5.396476289753061,23.775624526409487,27.04251514906436,27.570089719304608,45.577572442686446,56.867220730144936,28.6431000114986,1.9853724180453909,28.224120718646336,0,0.0,0
5,25,RACE,healthy_evaluation,exploratory_cluster,1,35,25.57448763154388,5.493354036141833,24.70582382023856,27.163722713590285,27.64524362947936,46.26387456289004,55.69042938993939,27.965268133912158,1.9914141042118685,27.72516125602723,0,0.0,0
5,25,RACE,healthy_evaluation,exploratory_cluster,2,24,24.860044749209198,2.276349122594091,24.36475201161664,27.530102813749238,28.68510852067872,31.537258444211698,32.3366065779112,28.861179909652513,1.120418731290204,3.4754266682586845,0,0.0,0
5,25,SourceOnly,anomaly_evaluation,exploratory_cluster,0,260,108.3283642331576,133.98100073115424,51.78109977722197,255.21014262055988,544.5054242614334,553.6644323134863,614.1332181254023,555.2070271840735,1.1061337268013225,58.926190941328855,103,0.39615384615384613,0
5,25,SourceOnly,anomaly_evaluation,exploratory_cluster,1,208,114.00038071438993,154.9897048728508,66.25249607502616,332.8865921452841,428.42570116465623,552.8825997915571,1484.1011178479648,554.2412373738036,2.6777168816960915,929.8598804741612,123,0.5913461538461539,0
5,25,SourceOnly,anomaly_evaluation,exploratory_cluster,2,287,108.00118884615836,117.26050488185346,66.15043263218294,234.64460545892777,430.1018314496422,551.8999383522621,554.3313911223405,553.46697658449,1.0015618177315382,0.8644145378505073,158,0.5505226480836237,0
5,25,SourceOnly,calibration,exploratory_cluster,0,38,36.23667513480698,3.0999713770775004,36.62452636039827,39.29350690692576,40.646620319809195,41.408072624883346,41.57189177681542,41.129137312134134,1.0107649830172991,0.4427544646812862,0,0.0,0
5,25,SourceOnly,calibration,exploratory_cluster,1,33,37.10233229151342,6.489070072940669,37.43664903606005,40.72581750648416,44.89046303227476,58.46938518149113,61.968002022180706,51.03482439502577,1.2142297491322525,10.933177627154933,0,0.0,1
5,25,SourceOnly,calibration,exploratory_cluster,2,29,35.29386074879637,2.9521488631340964,35.811807096326625,38.53957464969982,38.85212955908753,39.49861353670573,39.698922242239476,38.983534008190404,1.0183510359501724,0.7153882340490725,0,0.0,0
5,25,SourceOnly,healthy_evaluation,exploratory_cluster,0,41,36.3650322214948,5.439290641130156,36.83528160786225,38.71087739535771,41.54808853259172,54.53174746642749,62.880289611075185,42.008934249455876,1.4968313463436564,20.871355361619308,1,0.024390243902439025,0
5,25,SourceOnly,healthy_evaluation,exploratory_cluster,1,35,35.88159210410059,5.054765511470515,36.352902108039494,38.79009739418914,39.427848380488044,52.20178232056938,58.51449921287333,39.94768482374424,1.464778233608504,18.566814389129092,0,0.0,0
5,25,SourceOnly,healthy_evaluation,exploratory_cluster,2,24,36.643395739184335,3.7118107327741785,36.78132868486587,41.13945338527036,42.13078322097392,43.593241031801135,43.99057039074653,42.263051438810045,1.040875395720956,1.7275189519364815,0,0.0,0
5,25,TargetOnly,anomaly_evaluation,exploratory_cluster,0,260,247.7103904101903,104.84396667206728,206.71429380984523,355.40831450296963,611.3846279324259,616.3820814946379,637.6027984086172,617.9974002266736,1.031724078733588,19.605398181943656,260,1.0,0
5,25,TargetOnly,anomaly_evaluation,exploratory_cluster,1,208,245.1008116804187,116.4879160441659,210.11593542441176,329.0987033972395,453.13267891554494,617.3829554893886,1305.0044250097937,618.4149603670755,2.1102407099517384,686.5894646427182,208,1.0,0
5,25,TargetOnly,anomaly_evaluation,exploratory_cluster,2,287,454.4576961079163,1830.5909164623074,211.66015894415463,403.60108081493314,613.4261882103679,8729.396325745403,22986.81985846966,17565.945421986613,1.3086013480206962,5420.874436483045,287,1.0,0
5,25,TargetOnly,calibration,exploratory_cluster,0,38,32.443562505307284,3.4798189643265154,32.041249431552124,35.76581089067875,38.85496577361649,41.871277662927554,43.022925947571956,39.910363016100575,1.0779888403975608,3.1125629314713805,0,0.0,1
5,25,TargetOnly,calibration,exploratory_cluster,1,33,32.58130850471615,2.90624525181872,32.47512516373466,35.50177790226885,37.19805495669417,40.77548489277647,41.440631657532876,39.3620480176691,1.052806796001334,2.0785836398637727,0,0.0,0
5,25,TargetOnly,calibration,exploratory_cluster,2,29,33.25534825334183,3.1495337732375988,32.999679404478854,37.66455521741731,38.12404489012653,38.54928344327157,38.67306395776748,38.230990691710666,1.0115632176425045,0.4420732660568163,0,0.0,0
5,25,TargetOnly,healthy_evaluation,exploratory_cluster,0,41,33.35751602583818,8.419303568975124,31.927779624661582,35.920620734977,37.593150835119914,65.64897387693915,82.84732293465204,39.85145029036965,2.0789035864692886,42.99587264428239,1,0.024390243902439025,0
5,25,TargetOnly,healthy_evaluation,exploratory_cluster,1,35,32.1052971650545,2.864303716972451,31.638945071209548,35.786143716845125,36.69596452927524,37.73648624207795,37.89602542557708,37.42679253293259,1.0125373525458161,0.46923289264449153,0,0.0,0
5,25,TargetOnly,healthy_evaluation,exploratory_cluster,2,24,36.803224969581755,21.815620588297868,32.28670626064468,36.25968954117237,37.385105936529264,115.41240268478046,138.69425818200833,37.46879949840909,3.7015933266796344,101.22545868359924,1,0.041666666666666664,0
5,50,Pooled,anomaly_evaluation,exploratory_cluster,0,260,106.16838766480029,132.88682034608829,50.34367067003288,249.89750694574388,537.9568629797099,546.9790184475173,630.705975590405,548.0920090844496,1.1507301057790578,82.61396650595543,104,0.4,0
5,50,Pooled,anomaly_evaluation,exploratory_cluster,1,208,111.90092787713421,153.58767371822023,63.89955857317483,325.9900377096972,422.9693657848093,546.0064137804151,1474.275209577101,547.4338760885041,2.69306536181322,926.8413334885968,120,0.5769230769230769,0
5,50,Pooled,anomaly_evaluation,exploratory_cluster,2,287,105.70467938748871,115.75348963344405,65.20635427345202,230.25279311131686,424.7367919919488,545.0936064322243,547.5715692107168,546.4513944042898,1.0020499074902136,1.1201748064270305,157,0.5470383275261324,0
5,50,Pooled,calibration,exploratory_cluster,0,38,25.949133590844717,2.5944771727538076,25.4385553790654,28.114410798995493,32.35640750080531,33.81157248044625,34.597759675675206,32.472929418299636,1.0654338951070474,2.124830257375571,0,0.0,0
5,50,Pooled,calibration,exploratory_cluster,1,33,28.091666142192707,7.384410205444799,26.32614714422619,28.778431646739797,43.747067826028534,55.4376656512403,59.26193693137501,47.31108918095405,1.2526014081965375,11.950847750420962,0,0.0,1
5,50,Pooled,calibration,exploratory_cluster,2,29,25.468521575011273,1.6439129481072403,25.29714936385536,26.966663819192085,27.72084447897023,30.567516686652546,31.54127974161423,28.06355454532252,1.1239231897967592,3.4777251962917077,0,0.0,0
5,50,Pooled,healthy_evaluation,exploratory_cluster,0,41,26.78355673684859,5.487626773873232,25.240438072971926,30.467133472818638,31.77023727326686,47.89696845849541,57.81296440808042,33.022974534117814,1.7506891860498734,24.789989873962604,0,0.0,0
5,50,Pooled,healthy_evaluation,exploratory_cluster,1,35,27.525412176207276,5.683069610618935,26.12705865302896,32.421899556241875,33.36083669350717,48.664742734533675,56.2614840187819,33.91812730040499,1.6587438192116852,22.34335671837691,0,0.0,0
5,50,Pooled,healthy_evaluation,exploratory_cluster,2,24,26.375757687910674,3.292156225657062,25.4574599980819,31.39939203253626,34.42802258297509,35.03026972754802,35.12068291348648,34.72758210505837,1.0113195559437136,0.393100808428116,0,0.0,0
5,50,RACE,anomaly_evaluation,exploratory_cluster,0,260,81.99213938805288,92.80136779090054,40.959523629872436,201.726197325742,373.41326788148126,382.5176174598708,383.75611854853565,382.92499746552824,1.0021704539753433,0.8311210830074174,82,0.3153846153846154,0
5,50,RACE,anomaly_evaluation,exploratory_cluster,1,208,89.17467685564263,113.89958377141005,55.18499181789502,289.6870467458764,301.990607773495,382.66354280606026,1173.9769082114074,382.9986826287273,3.065224402741462,790.9782255826801,89,0.42788461538461536,0
5,50,RACE,anomaly_evaluation,exploratory_cluster,2,287,85.48315635157502,85.3519643502276,53.930453165066154,189.13282465542525,297.0843087545538,388.7377257127244,390.2747608596,389.2882863394242,1.0025340462448842,0.9864745201758183,129,0.44947735191637633,0
5,50,RACE,calibration,exploratory_cluster,0,38,23.00281403729622,1.4469157291278625,22.92659281329326,24.990480815928592,25.301302976169858,26.162565207400256,26.56821981635967,25.47185600836125,1.043042164168898,1.0963638079984186,0,0.0,0
5,50,RACE,calibration,exploratory_cluster,1,33,25.774114327435782,8.222271190945943,23.82408884251092,25.719031453315175,40.84333821967684,57.80617649427164,62.08821290802667,48.7068491150422,1.2747326923443274,13.381363792984466,0,0.0,1
5,50,RACE,calibration,exploratory_cluster,2,29,22.708858837615487,0.9896795039700985,22.453231202014127,24.01297029444783,24.11298346883002,24.961762448885985,25.275854364941512,24.15409752188606,1.0464416789755455,1.1217568430554508,0,0.0,0
5,50,RACE,healthy_evaluation,exploratory_cluster,0,41,23.854580701946023,6.115420014282954,22.438649056646582,24.83225570423949,26.082514392770605,47.721799470664436,60.89899569091749,27.956005140284738,2.1783869113388357,32.94299055063275,0,0.0,0
5,50,RACE,healthy_evaluation,exploratory_cluster,1,35,24.430533723262933,6.29905409468352,23.612413529955997,25.548656144077324,25.97692803790451,48.30650397422227,59.71790379530633,26.15496314505943,2.2832341022276226,33.5629406502469,0,0.0,0
5,50,RACE,healthy_evaluation,exploratory_cluster,2,24,23.424606268067407,2.307579216692366,23.052615655075776,25.578559114913652,26.379168445987908,30.570222607155287,31.78373416926068,26.50759694271551,1.19904245707173,5.2761372265451705,0,0.0,0
5,50,SourceOnly,anomaly_evaluation,exploratory_cluster,0,260,108.3283642331576,133.98100073115424,51.78109977722197,255.21014262055988,544.5054242614334,553.6644323134863,614.1332181254023,555.2070271840735,1.1061337268013225,58.926190941328855,103,0.39615384615384613,0
5,50,SourceOnly,anomaly_evaluation,exploratory_cluster,1,208,114.00038071438993,154.9897048728508,66.25249607502616,332.8865921452841,428.42570116465623,552.8825997915571,1484.1011178479648,554.2412373738036,2.6777168816960915,929.8598804741612,123,0.5913461538461539,0
5,50,SourceOnly,anomaly_evaluation,exploratory_cluster,2,287,108.00118884615836,117.26050488185346,66.15043263218294,234.64460545892777,430.1018314496422,551.8999383522621,554.3313911223405,553.46697658449,1.0015618177315382,0.8644145378505073,158,0.5505226480836237,0
5,50,SourceOnly,calibration,exploratory_cluster,0,38,36.23667513480698,3.0999713770775004,36.62452636039827,39.29350690692576,40.646620319809195,41.408072624883346,41.57189177681542,41.129137312134134,1.0107649830172991,0.4427544646812862,0,0.0,0
5,50,SourceOnly,calibration,exploratory_cluster,1,33,37.10233229151342,6.489070072940669,37.43664903606005,40.72581750648416,44.89046303227476,58.46938518149113,61.968002022180706,51.03482439502577,1.2142297491322525,10.933177627154933,0,0.0,1
5,50,SourceOnly,calibration,exploratory_cluster,2,29,35.29386074879637,2.9521488631340964,35.811807096326625,38.53957464969982,38.85212955908753,39.49861353670573,39.698922242239476,38.983534008190404,1.0183510359501724,0.7153882340490725,0,0.0,0
5,50,SourceOnly,healthy_evaluation,exploratory_cluster,0,41,36.3650322214948,5.439290641130156,36.83528160786225,38.71087739535771,41.54808853259172,54.53174746642749,62.880289611075185,42.008934249455876,1.4968313463436564,20.871355361619308,1,0.024390243902439025,0
5,50,SourceOnly,healthy_evaluation,exploratory_cluster,1,35,35.88159210410059,5.054765511470515,36.352902108039494,38.79009739418914,39.427848380488044,52.20178232056938,58.51449921287333,39.94768482374424,1.464778233608504,18.566814389129092,0,0.0,0
5,50,SourceOnly,healthy_evaluation,exploratory_cluster,2,24,36.643395739184335,3.7118107327741785,36.78132868486587,41.13945338527036,42.13078322097392,43.593241031801135,43.99057039074653,42.263051438810045,1.040875395720956,1.7275189519364815,0,0.0,0
5,50,TargetOnly,anomaly_evaluation,exploratory_cluster,0,260,231.66208645698157,108.54396258335318,190.20158872779808,340.6929585874604,615.6140871418396,620.1421810477601,657.5991078350976,621.2273828485215,1.0585481676931245,36.371724986576055,260,1.0,0
5,50,TargetOnly,anomaly_evaluation,exploratory_cluster,1,208,232.2657483528133,129.80853441560208,195.8169352330325,339.76497032456587,437.0581706404357,621.6558969227431,1508.0229447588642,622.6698222153276,2.421866117412977,885.3531225435366,208,1.0,0
5,50,TargetOnly,anomaly_evaluation,exploratory_cluster,2,287,469.675381079806,2130.646655785807,195.820800354699,341.4615990982066,558.2944067785002,10135.624223207136,26681.587158528728,20390.217720747092,1.3085484188518572,6291.3694377816355,287,1.0,0
5,50,TargetOnly,calibration,exploratory_cluster,0,38,32.31259587414023,2.4027938670098155,32.669978159941486,34.84902790737851,36.653552954384025,37.10465314321317,37.34992622885349,36.687025997393164,1.0180690642928492,0.662900231460327,0,0.0,0
5,50,TargetOnly,calibration,exploratory_cluster,1,33,32.911978330529124,3.3052852672091593,32.33897672913494,36.43979819403536,36.827779412320425,43.069096239875954,45.80451858911601,37.25632374774086,1.2294427893437418,8.54819484137515,0,0.0,1
5,50,TargetOnly,calibration,exploratory_cluster,2,29,31.368275133083316,2.051321139785006,30.965395786467077,34.46850227101567,34.863656059019924,36.2792087868049,36.76586099682481,35.02781738961085,1.0496189524994344,1.7380436072139602,0,0.0,0
5,50,TargetOnly,healthy_evaluation,exploratory_cluster,0,41,33.06084993903385,7.293251507450696,32.20967961658588,34.56052878853951,34.953820880812266,61.00761353571871,76.81104276629723,37.30246968985079,2.0591409470991646,39.508573076446446,1,0.024390243902439025,0
5,50,TargetOnly,healthy_evaluation,exploratory_cluster,1,35,31.793311752699324,2.476999434136883,31.45842059574903,35.806843825539175,35.977536940719126,36.84098968189444,37.21864934213768,36.10788563553994,1.0307623580568908,1.1107637065977443,0,0.0,0
5,50,TargetOnly,healthy_evaluation,exploratory_cluster,2,24,35.726282717548635,22.294081546156548,31.683266343462737,34.319014147854084,34.39644341967184,115.63753638994098,139.90027830880555,34.41009605287283,4.065675320808224,105.49018225593272,1,0.041666666666666664,0
5,100,Pooled,anomaly_evaluation,exploratory_cluster,0,260,104.92994911402522,132.52145021094196,49.24686361903248,246.29078703439433,535.0784358764241,544.4694072686162,647.6493494479647,545.4488131071362,1.187369619082395,102.20053634082853,100,0.38461538461538464,0
5,100,Pooled,anomaly_evaluation,exploratory_cluster,1,208,111.00770206396062,152.564158987284,63.216300047523745,318.7819242565925,420.28639967252263,543.3436035438073,1463.2489543892432,544.9798012104097,2.6849599767538934,918.2691531788334,116,0.5576923076923077,0
5,100,Pooled,anomaly_evaluation,exploratory_cluster,2,287,104.50663142982346,115.0442024608262,63.96370221542771,229.04245835968976,422.0544931038857,542.9261573267216,544.9243827630394,543.9118439847699,1.0018615861917097,1.0125387782694588,154,0.5365853658536586,0
5,100,Pooled,calibration,exploratory_cluster,0,38,24.77132800763289,1.60782137071156,24.666806710521186,27.02445178210986,27.6480393736055,28.34915782687655,28.600186564190267,27.921730517396433,1.0242984956240848,0.6784560467938334,0,0.0,0
5,100,Pooled,calibration,exploratory_cluster,1,33,27.05953240422697,7.347219324142866,25.28005339483351,27.993067200656583,40.42512760042414,55.45040214497845,59.52825130681834,46.78497267606868,1.2723797386605735,12.743278630749657,0,0.0,1
5,100,Pooled,calibration,exploratory_cluster,2,29,24.46166704193047,1.273854119530827,24.23722605481161,25.67708809665467,26.54825298564848,27.8760725063753,28.260607274902828,26.88726881587596,1.0510776482517243,1.3733384590268685,0,0.0,0
5,100,Pooled,healthy_evaluation,exploratory_cluster,0,41,25.641501880258275,5.4699384371244415,24.336910603844334,27.04875635916498,27.280741779918912,47.04658683202032,58.336728566800176,30.111374229850426,1.937365200322508,28.22535433694975,0,0.0,0
5,100,Pooled,healthy_evaluation,exploratory_cluster,1,35,26.145214587601654,5.501024280136899,25.306812073471487,27.48297705174834,28.256101174002907,47.046409363177844,56.34390950618054,28.998320850290547,1.943005934621763,27.34558865588999,0,0.0,0
5,100,Pooled,healthy_evaluation,exploratory_cluster,2,24,25.110669954091218,2.6894674303074533,24.368228678748512,27.925410037479285,29.066725608235444,33.454802788283914,34.72581520022643,29.199674278737255,1.1892535125130907,5.526140921489173,0,0.0,0
5,100,RACE,anomaly_evaluation,exploratory_cluster,0,260,87.54931021745487,98.77519237947155,43.365225679037394,214.38169626267532,394.2123754887128,408.6324131952536,410.06374625838845,408.9620963115681,1.0026937702949885,1.1016499468203733,79,0.3038461538461538,0
5,100,RACE,anomaly_evaluation,exploratory_cluster,1,208,95.80971278916151,121.54775138006075,58.99359832752994,304.69670498359386,315.5048995853586,408.3704661557717,1262.5971239606524,409.39436637894266,3.0840608167821495,853.2027575817098,86,0.41346153846153844,0
5,100,RACE,anomaly_evaluation,exploratory_cluster,2,287,91.55631884676272,90.97650448667501,57.866480142508024,203.2908170321239,316.53702512698527,415.84764785692107,417.1363195247284,416.78475730257173,1.0008435102675826,0.35156222215664457,122,0.4250871080139373,0
5,100,RACE,calibration,exploratory_cluster,0,38,23.262911869280032,1.2781540053173492,23.530914895505468,25.1029394472533,25.263105525563276,25.466373226837828,25.478621833859005,25.445517490558526,1.0013009891943743,0.0331043433004794,0,0.0,0
5,100,RACE,calibration,exploratory_cluster,1,33,26.372039988412315,9.875045853229862,23.999744611791872,26.65314294490918,41.596835112423754,65.90683007052286,71.14837929228646,54.76853797427523,1.2990739195138792,16.37984131801123,0,0.0,1
5,100,RACE,calibration,exploratory_cluster,2,29,23.004536643013854,1.0446371906562775,22.797304071712173,24.407435579618806,24.73037633509887,25.33383982670252,25.539174148737864,24.80583728432592,1.0295630764648818,0.7333368644119425,0,0.0,0
5,100,RACE,healthy_evaluation,exploratory_cluster,0,41,24.414187801746625,7.486086489443643,23.02100840683583,25.00815955868612,26.787446718784125,53.90984523339938,70.12397012221355,29.588657900177985,2.369961164132143,40.535312222035564,0,0.0,0
5,100,RACE,healthy_evaluation,exploratory_cluster,1,35,24.88649757705262,7.724610622035259,23.73134154533237,25.289733600334667,25.746176221004447,54.34742001741455,68.69107642051115,26.503851705521562,2.5917393888149736,42.18722471498959,0,0.0,0
5,100,RACE,healthy_evaluation,exploratory_cluster,2,24,23.618785339661187,2.654086708220253,23.244688329669025,25.388203995396527,25.670921003954778,32.32483202811724,34.310133383823256,25.678388359014505,1.336148238905287,8.631745024808751,0,0.0,0
5,100,SourceOnly,anomaly_evaluation,exploratory_cluster,0,260,108.3283642331576,133.98100073115424,51.78109977722197,255.21014262055988,544.5054242614334,553.6644323134863,614.1332181254023,555.2070271840735,1.1061337268013225,58.926190941328855,103,0.39615384615384613,0
5,100,SourceOnly,anomaly_evaluation,exploratory_cluster,1,208,114.00038071438993,154.9897048728508,66.25249607502616,332.8865921452841,428.42570116465623,552.8825997915571,1484.1011178479648,554.2412373738036,2.6777168816960915,929.8598804741612,123,0.5913461538461539,0
5,100,SourceOnly,anomaly_evaluation,exploratory_cluster,2,287,108.00118884615836,117.26050488185346,66.15043263218294,234.64460545892777,430.1018314496422,551.8999383522621,554.3313911223405,553.46697658449,1.0015618177315382,0.8644145378505073,158,0.5505226480836237,0
5,100,SourceOnly,calibration,exploratory_cluster,0,38,36.23667513480698,3.0999713770775004,36.62452636039827,39.29350690692576,40.646620319809195,41.408072624883346,41.57189177681542,41.129137312134134,1.0107649830172991,0.4427544646812862,0,0.0,0
5,100,SourceOnly,calibration,exploratory_cluster,1,33,37.10233229151342,6.489070072940669,37.43664903606005,40.72581750648416,44.89046303227476,58.46938518149113,61.968002022180706,51.03482439502577,1.2142297491322525,10.933177627154933,0,0.0,1
5,100,SourceOnly,calibration,exploratory_cluster,2,29,35.29386074879637,2.9521488631340964,35.811807096326625,38.53957464969982,38.85212955908753,39.49861353670573,39.698922242239476,38.983534008190404,1.0183510359501724,0.7153882340490725,0,0.0,0
5,100,SourceOnly,healthy_evaluation,exploratory_cluster,0,41,36.3650322214948,5.439290641130156,36.83528160786225,38.71087739535771,41.54808853259172,54.53174746642749,62.880289611075185,42.008934249455876,1.4968313463436564,20.871355361619308,1,0.024390243902439025,0
5,100,SourceOnly,healthy_evaluation,exploratory_cluster,1,35,35.88159210410059,5.054765511470515,36.352902108039494,38.79009739418914,39.427848380488044,52.20178232056938,58.51449921287333,39.94768482374424,1.464778233608504,18.566814389129092,0,0.0,0
5,100,SourceOnly,healthy_evaluation,exploratory_cluster,2,24,36.643395739184335,3.7118107327741785,36.78132868486587,41.13945338527036,42.13078322097392,43.593241031801135,43.99057039074653,42.263051438810045,1.040875395720956,1.7275189519364815,0,0.0,0
5,100,TargetOnly,anomaly_evaluation,exploratory_cluster,0,260,278.859913784188,121.64714096808873,232.06266954287287,418.9630219467599,649.3844256798869,718.1656855959451,718.767699091038,718.6181636203231,1.0002080875189148,0.14953547071490902,260,1.0,0
5,100,TargetOnly,anomaly_evaluation,exploratory_cluster,1,208,278.49748396102314,148.05262415831203,235.84531332025432,418.53873129581217,527.9238886687424,719.9997455099415,1743.4018415576504,720.4477659126231,2.419886526192785,1022.9540756450273,208,1.0,0
5,100,TargetOnly,anomaly_evaluation,exploratory_cluster,2,287,276.89670602741535,110.56935276685536,237.226306006923,376.2560017368942,540.8620942724494,717.4299975265122,723.0751305808129,719.5737600701391,1.004865895207647,3.501370510673837,287,1.0,0
5,100,TargetOnly,calibration,exploratory_cluster,0,38,33.04372623505634,2.457408674026594,33.06515816211993,35.79321398072705,37.002711689350605,37.663062519386244,37.81280969926626,37.40808759148243,1.0108191071461239,0.404722107783833,0,0.0,0
5,100,TargetOnly,calibration,exploratory_cluster,1,33,33.35585251783881,2.3319104738981564,32.96688382471986,37.03023415617007,37.72174224877382,38.43929118446008,38.548523960844015,38.207171534644225,1.0089342501025043,0.34135242619979067,0,0.0,1
5,100,TargetOnly,calibration,exploratory_cluster,2,29,32.185508015802895,1.8521308126289961,31.792473398137606,35.0156914855945,35.38436863988373,36.209659089718,36.441033692674516,35.61469582497269,1.0232021599106962,0.8263378677018238,0,0.0,0
5,100,TargetOnly,healthy_evaluation,exploratory_cluster,0,41,33.75724175137095,7.18384349757236,32.66956552689294,35.83154204640823,36.29453399714163,61.42377444892643,76.84887232520937,38.28612763450188,2.00722499435948,38.56274469070749,1,0.024390243902439025,0
5,100,TargetOnly,healthy_evaluation,exploratory_cluster,1,35,32.85819408447677,2.3638310250137806,32.31197097284734,36.0863093222812,36.85455821989019,38.42628901940498,39.01423852566262,37.284975271963695,1.0463796272113726,1.7292632536989245,1,0.02857142857142857,0
5,100,TargetOnly,healthy_evaluation,exploratory_cluster,2,24,36.300062164036895,20.666272616345697,32.500055178425676,34.96371674722191,35.88764270116576,110.51387600325906,132.75801196676466,36.04437734282746,3.683182281221524,96.7136346239372,1,0.041666666666666664,0
6,10,Pooled,anomaly_evaluation,exploratory_cluster,0,260,110.60608301428303,133.19794111117406,60.408394064147515,253.92499675453814,542.1657726690618,554.174053546268,613.5354604500204,555.6349118534426,1.1042061025349141,57.90054859657778,137,0.5269230769230769,0
6,10,Pooled,anomaly_evaluation,exploratory_cluster,1,208,114.27643631681968,154.1537569891321,65.6229580421309,329.3359545301152,426.60731134542215,553.4447983526019,1473.2193004260453,554.5854299747689,2.6564334740872475,918.6338704512764,131,0.6298076923076923,0
6,10,Pooled,anomaly_evaluation,exploratory_cluster,2,287,109.48071789548707,116.26430141170316,66.77413348426956,233.855932404781,428.2208160325219,552.4305333424691,554.814556069133,553.956261649833,1.0015493902293726,0.858294419300023,188,0.6550522648083623,0
6,10,Pooled,calibration,exploratory_cluster,0,47,30.094753828100334,7.32926897758284,28.58685956674176,32.14069216567906,48.7603573489111,57.69258584348235,58.4560133088282,56.796388384163315,1.0292206066596945,1.6596249246648824,0,0.0,1
6,10,Pooled,calibration,exploratory_cluster,1,31,32.55693719325704,8.635776895968364,29.912411491954042,48.103800938710755,55.57313034163985,56.197909335956446,56.43932350493424,55.634609608341606,1.014464267876735,0.8047138965926308,0,0.0,0
6,10,Pooled,calibration,exploratory_cluster,2,22,28.459584171763087,1.9361643981512293,28.32708459256809,29.71633485427071,31.369768645003994,34.02146083438625,34.703656184706205,31.45510689746831,1.1032757350921405,3.2485492872378963,0,0.0,0
6,10,Pooled,healthy_evaluation,exploratory_cluster,0,38,31.417088746806947,8.852169218638505,28.43382399228821,39.756479697139504,56.40685798003526,56.69130846795043,56.85414563910453,56.41404517652587,1.0078012569600627,0.44010046257866264,0,0.0,0
6,10,Pooled,healthy_evaluation,exploratory_cluster,1,28,31.14282754057441,8.079286692027301,29.27575059198148,31.174818832310482,48.0204022309122,60.35155302882542,61.576407178878846,57.03991032682911,1.079531977277951,4.536496852049737,1,0.03571428571428571,0
6,10,Pooled,healthy_evaluation,exploratory_cluster,2,34,30.049754942489233,7.065101001088875,28.189036623191186,31.251572931015975,43.01802516835725,56.93108452735842,57.0745253302659,56.63985623054627,1.0076742620593944,0.43466909971962764,0,0.0,0
6,10,RACE,anomaly_evaluation,exploratory_cluster,0,260,87.9783091660068,100.47614898948785,46.680356650198,210.4572058693082,363.8287003261446,419.91444715435784,420.8613384216835,420.8471393761197,1.0000337391994274,0.014199045563827895,89,0.3423076923076923,0
6,10,RACE,anomaly_evaluation,exploratory_cluster,1,208,93.61110766302951,119.10653237669675,60.32952800531441,291.79142011710314,324.1749511624309,419.8807478534493,1174.708521871546,420.273505122911,2.795104872309276,754.435016748635,99,0.47596153846153844,0
6,10,RACE,anomaly_evaluation,exploratory_cluster,2,287,89.9477535449793,90.67615877031048,59.803659758060455,193.83585378548898,325.2567759321229,419.200666758972,420.82708292012865,420.31118251071985,1.0012274248958286,0.5159004094088004,132,0.45993031358885017,0
6,10,RACE,calibration,exploratory_cluster,0,47,33.941343882607256,6.312619547042564,35.21205945489058,38.12613313594984,38.66483166785637,51.485279794522384,61.45437434908847,39.78242966524919,1.5447617168231982,21.67194468383928,0,0.0,1
6,10,RACE,calibration,exploratory_cluster,1,31,33.17405881806827,5.976586196272351,34.55024753338449,38.311108591945796,38.8571513803618,47.901744070644156,51.639402618350324,39.18054079266313,1.3179859586833527,12.458861825687194,0,0.0,0
6,10,RACE,calibration,exploratory_cluster,2,22,31.971399756031758,5.060813554128379,34.20702487498569,37.06725977537343,37.35709635709191,38.82768621945069,39.21545547575494,37.36893520763947,1.0494132427872331,1.8465202681154764,0,0.0,0
6,10,RACE,healthy_evaluation,exploratory_cluster,0,38,34.10279664778015,4.145011865436981,35.01957244810977,37.641162487206124,38.95929031115678,39.9441901845403,40.049486988047065,39.76490103262337,1.0071567122772471,0.2845859554236938,0,0.0,0
6,10,RACE,healthy_evaluation,exploratory_cluster,1,28,34.86230346370182,5.935052110797233,35.206480693208626,37.724644572949686,42.41758006895329,52.14894713857421,54.81507773510285,44.940519970181946,1.2197250448253085,9.874557764920901,0,0.0,0
6,10,RACE,healthy_evaluation,exploratory_cluster,2,34,33.22143030488041,4.650867665732793,34.66375323731452,37.677948900913485,38.53938569344264,39.89143959799926,40.097598558011825,39.47287443676162,1.0158266690775473,0.6247241212502033,0,0.0,0
6,10,SourceOnly,anomaly_evaluation,exploratory_cluster,0,260,108.3283642331576,133.98100073115424,51.78109977722197,255.21014262055988,544.5054242614334,553.6644323134863,614.1332181254023,555.2070271840735,1.1061337268013225,58.926190941328855,102,0.3923076923076923,0
6,10,SourceOnly,anomaly_evaluation,exploratory_cluster,1,208,114.00038071438993,154.98970487285078,66.25249607502616,332.8865921452841,428.42570116465623,552.8825997915571,1484.1011178479648,554.2412373738036,2.6777168816960915,929.8598804741612,119,0.5721153846153846,0
6,10,SourceOnly,anomaly_evaluation,exploratory_cluster,2,287,108.00118884615836,117.26050488185346,66.15043263218294,234.64460545892777,430.1018314496422,551.8999383522621,554.3313911223405,553.46697658449,1.0015618177315382,0.8644145378505073,156,0.5435540069686411,0
6,10,SourceOnly,calibration,exploratory_cluster,0,47,36.15183218908439,5.594133711617065,36.629872774201885,39.60350002495262,40.57598109021045,53.279466144730286,62.880289611075185,42.008934249455876,1.4968313463436564,20.871355361619308,0,0.0,1
6,10,SourceOnly,calibration,exploratory_cluster,1,31,35.74420434626238,4.728478775817852,35.42123011204625,39.397059055449624,39.99752252922596,47.86017910321239,51.03482439502577,40.452673422314525,1.2615933652205522,10.582150972711247,0,0.0,0
6,10,SourceOnly,calibration,exploratory_cluster,2,22,35.23545831288799,4.503757683285969,36.5317044920964,39.82671477017618,40.53851439123617,43.21117271304682,43.91186629127825,40.57523020446192,1.0822333248635374,3.336636086816334,0,0.0,0
6,10,SourceOnly,healthy_evaluation,exploratory_cluster,0,38,36.15352205625916,2.9134654513197193,36.70921813523594,39.08070065441836,39.601719248094646,41.56308457645265,41.57189177681542,41.54808853259172,1.0005729082868644,0.02380324422369995,0,0.0,0
6,10,SourceOnly,healthy_evaluation,exploratory_cluster,1,28,37.29367429822236,5.326568214269183,37.37091935958064,40.52536750210591,41.72689411954934,54.117459239131485,58.51449921287333,42.22916597679238,1.3856418392215177,16.28533323608095,0,0.0,0
6,10,SourceOnly,healthy_evaluation,exploratory_cluster,2,34,35.65816994487946,3.5319640428373944,36.41443940892603,38.93402561146055,40.6488470223083,41.972061359570574,42.263051438810045,41.38126331990255,1.0213088738275276,0.8817881189074939,0,0.0,0
6,10,TargetOnly,anomaly_evaluation,exploratory_cluster,0,260,19122.510556670844,14848.355063320547,20724.961912338546,33604.29004797564,33605.3851528494,49243.08567187849,67202.42866030535,56682.40615571985,1.1855959056445933,10520.022504585497,54,0.2076923076923077,0
6,10,TargetOnly,anomaly_evaluation,exploratory_cluster,1,208,33516.14003569643,23203.41037496791,33599.942144752364,67204.35996102178,67205.56332040463,81722.01160940243,100806.14465740164,89396.67175523758,1.1276274908019224,11409.472902164067,98,0.47115384615384615,0
6,10,TargetOnly,anomaly_evaluation,exploratory_cluster,2,287,27961.29065750835,22151.879562843937,26313.121467037217,67203.33620445142,67205.85095768636,89398.75609473899,89399.81856351462,89399.20758041077,1.0000068343234843,0.6109831038484117,117,0.4076655052264808,0
6,10,TargetOnly,calibration,exploratory_cluster,0,47,12767.790676887427,13089.104410471027,6578.3164114968295,26309.062126196368,26309.319400296325,31259.33495033226,33600.42111477898,28511.103365981773,1.1785030092826771,5089.31774879721,0,0.0,1
6,10,TargetOnly,calibration,exploratory_cluster,1,31,9438.957505450926,12636.702498310578,45.23209490616293,26308.53156712974,26309.824134588565,31255.292505285197,33374.58904920536,26310.267236138174,1.2685005724063518,7064.321813067185,0,0.0,0
6,10,TargetOnly,calibration,exploratory_cluster,2,22,14775.84404026346,13995.063416775874,23513.517123003927,26309.665925847603,33234.97628891011,33599.5839457524,33599.61584621949,33599.46393923335,1.0000045211133848,0.1519069861387834,0,0.0,0
6,10,TargetOnly,healthy_evaluation,exploratory_cluster,0,38,12857.007882618776,13787.906412194618,39.5816354508282,26309.11202501061,27368.95121281144,33516.00766198548,33599.48349386945,33373.873137426286,1.0067600891126465,225.61035644316144,0,0.0,0
6,10,TargetOnly,healthy_evaluation,exploratory_cluster,1,28,9680.305565073159,13241.638510353885,41.0752735107572,26309.218920164418,26310.37827179013,31631.90872485546,33600.054697552725,26310.62516904433,1.277052691894404,7289.429528508394,0,0.0,0
6,10,TargetOnly,healthy_evaluation,exploratory_cluster,2,34,13206.7012607614,12973.54123659458,15541.636057458256,26309.06732586922,26309.83581761479,31194.49446548458,33600.33474493053,26309.909655700336,1.2770980662660938,7290.425089230193,0,0.0,0
6,25,Pooled,anomaly_evaluation,exploratory_cluster,0,260,107.01110448977855,133.82670318682432,50.52768365578983,253.08614673680754,541.86032297481,551.9408090123923,617.667728831536,553.4678215366147,1.115995735970125,64.19990729492133,110,0.4230769230769231,0
6,25,Pooled,anomaly_evaluation,exploratory_cluster,1,208,112.3434869757761,153.53778568747492,63.83463402327945,327.21149133402383,426.281049944268,551.0951541615536,1456.1364491186591,552.2382986375891,2.6367900464546747,903.89815048107,124,0.5961538461538461,0
6,25,Pooled,anomaly_evaluation,exploratory_cluster,2,287,106.49874598965243,116.83992434181769,65.27981171692018,233.371689751026,427.9246135409247,550.2263936762229,552.5334459584993,551.5717490114591,1.001743557295608,0.9616969470401955,163,0.5679442508710801,0
6,25,Pooled,calibration,exploratory_cluster,0,47,27.33653064717021,5.078375280695181,26.57690160739442,29.47666391280389,32.68322263744538,47.00237872774264,57.99485889367729,34.09816288077592,1.7008206306145017,23.896696012901373,0,0.0,1
6,25,Pooled,calibration,exploratory_cluster,1,31,28.952743692387,4.161131521925844,27.999350438731447,32.79937357432229,34.277077972243305,43.60977772270769,47.20547029966981,35.21982837646277,1.3403094925702983,11.98564192320704,0,0.0,0
6,25,Pooled,calibration,exploratory_cluster,2,22,26.652110112437484,1.9603644131045856,26.487367158143872,27.84523474209797,29.214689904521084,32.491981979258824,33.3442325024803,29.285896677616147,1.1385764577926012,4.058335824864155,0,0.0,0
6,25,Pooled,healthy_evaluation,exploratory_cluster,0,38,27.32016629551558,2.8249941987748026,26.929534589953644,30.888811563412133,33.110438937243025,35.2096870868797,35.77501173394467,34.247107282417694,1.044614117009275,1.5279044515269788,0,0.0,0
6,25,Pooled,healthy_evaluation,exploratory_cluster,1,28,28.64741864977538,6.250576098072896,27.070017658059623,29.088772102743075,37.25403224542177,52.50085468298215,56.53734876240501,41.58737069046847,1.3594836082138506,14.949978071936542,0,0.0,0
6,25,Pooled,healthy_evaluation,exploratory_cluster,2,34,26.88364363816532,2.7688575369308377,26.166211144079647,29.274845365818123,33.93447449205506,34.9103039197434,35.381974666395465,33.95266937351042,1.0420969932337685,1.4293052928850472,0,0.0,0
6,25,RACE,anomaly_evaluation,exploratory_cluster,0,260,83.82235695729723,96.20175549461673,41.62207444872021,206.84907310148768,370.6750052543949,398.2260568636187,399.204144913012,399.02039134559544,1.0004605117217116,0.18375356741654514,90,0.34615384615384615,0
6,25,RACE,anomaly_evaluation,exploratory_cluster,1,208,90.05220538105671,114.05833429495279,57.80748387815912,291.3768802030392,308.7058526890899,398.1496082235421,1127.9597616386627,398.293731529692,2.8319796982659153,729.6660301089707,102,0.49038461538461536,0
6,25,RACE,anomaly_evaluation,exploratory_cluster,2,287,86.66121497973519,87.89554966075183,56.2135406908682,191.9897020551178,308.78602696126234,397.5695435577764,399.16845258339134,398.965684650126,1.0005082340187808,0.20276793326536335,137,0.47735191637630664,0
6,25,RACE,calibration,exploratory_cluster,0,47,27.06673662410123,5.126034551345814,26.883655278374256,28.775599700849806,29.727946593363313,45.93637254872882,58.43706521047938,31.261646380586907,1.8692894321384197,27.175418829892475,0,0.0,1
6,25,RACE,calibration,exploratory_cluster,1,31,27.327549480396524,4.232613590416082,27.148936093117122,28.993287357438756,29.47243428137572,42.35814746589644,47.77177247720591,29.726355772841053,1.607051091033894,18.045416704364854,0,0.0,0
6,25,RACE,calibration,exploratory_cluster,2,22,25.844041929063827,2.1938487367494925,25.666942938747702,28.047214065639466,29.149062131369405,31.105029722868842,31.610474808397942,29.203593448735575,1.0824173012779212,2.4068813596623677,0,0.0,0
6,25,RACE,healthy_evaluation,exploratory_cluster,0,38,26.578310019467562,1.5390227378349512,26.873277326578112,28.531192696146935,29.068472344335003,29.509577853937515,29.72541691365372,29.142068103609915,1.0200174129018504,0.5833488100438053,0,0.0,0
6,25,RACE,healthy_evaluation,exploratory_cluster,1,28,28.25600446496672,6.051069994918409,27.270995949497852,30.041378564173197,34.06696773753155,50.89469531939704,56.34459831655813,36.159772401146654,1.558212194797205,20.184825915411473,0,0.0,0
6,25,RACE,healthy_evaluation,exploratory_cluster,2,34,26.313062186989722,2.234011858385367,26.35055468981018,28.966359370869885,29.245254568365,31.430368851108177,32.486800252024864,29.28549297651974,1.1093137574317713,3.2013072755051226,0,0.0,0
6,25,SourceOnly,anomaly_evaluation,exploratory_cluster,0,260,108.3283642331576,133.98100073115424,51.78109977722197,255.21014262055988,544.5054242614334,553.6644323134863,614.1332181254023,555.2070271840735,1.1061337268013225,58.926190941328855,102,0.3923076923076923,0
6,25,SourceOnly,anomaly_evaluation,exploratory_cluster,1,208,114.00038071438993,154.98970487285078,66.25249607502616,332.8865921452841,428.42570116465623,552.8825997915571,1484.1011178479648,554.2412373738036,2.6777168816960915,929.8598804741612,119,0.5721153846153846,0
6,25,SourceOnly,anomaly_evaluation,exploratory_cluster,2,287,108.00118884615836,117.26050488185346,66.15043263218294,234.64460545892777,430.1018314496422,551.8999383522621,554.3313911223405,553.46697658449,1.0015618177315382,0.8644145378505073,156,0.5435540069686411,0
6,25,SourceOnly,calibration,exploratory_cluster,0,47,36.15183218908439,5.594133711617065,36.629872774201885,39.60350002495262,40.57598109021045,53.279466144730286,62.880289611075185,42.008934249455876,1.4968313463436564,20.871355361619308,0,0.0,1
6,25,SourceOnly,calibration,exploratory_cluster,1,31,35.74420434626238,4.728478775817852,35.42123011204625,39.397059055449624,39.99752252922596,47.86017910321239,51.03482439502577,40.452673422314525,1.2615933652205522,10.582150972711247,0,0.0,0
6,25,SourceOnly,calibration,exploratory_cluster,2,22,35.23545831288799,4.503757683285969,36.5317044920964,39.82671477017618,40.53851439123617,43.21117271304682,43.91186629127825,40.57523020446192,1.0822333248635374,3.336636086816334,0,0.0,0
6,25,SourceOnly,healthy_evaluation,exploratory_cluster,0,38,36.15352205625916,2.9134654513197193,36.70921813523594,39.08070065441836,39.601719248094646,41.56308457645265,41.57189177681542,41.54808853259172,1.0005729082868644,0.02380324422369995,0,0.0,0
6,25,SourceOnly,healthy_evaluation,exploratory_cluster,1,28,37.29367429822236,5.326568214269183,37.37091935958064,40.52536750210591,41.72689411954934,54.117459239131485,58.51449921287333,42.22916597679238,1.3856418392215177,16.28533323608095,0,0.0,0
6,25,SourceOnly,healthy_evaluation,exploratory_cluster,2,34,35.65816994487946,3.5319640428373944,36.41443940892603,38.93402561146055,40.6488470223083,41.972061359570574,42.263051438810045,41.38126331990255,1.0213088738275276,0.8817881189074939,0,0.0,0
6,25,TargetOnly,anomaly_evaluation,exploratory_cluster,0,260,12049.358633222213,12529.475306683491,601.4419678633642,23591.879604374033,23593.53684075966,47178.69403280664,47179.21815115456,47179.17715468518,1.0000008689526152,0.04099646937538637,28,0.1076923076923077,0
6,25,TargetOnly,anomaly_evaluation,exploratory_cluster,1,208,24251.880566173753,18355.96727692227,23589.453843096177,47178.30097566033,47179.202156353866,70767.71372851123,70768.1104732586,70767.94818422325,1.0000022932561916,0.16228903534647543,64,0.3076923076923077,0
6,25,TargetOnly,anomaly_evaluation,exploratory_cluster,2,287,19421.861047561873,16734.344863281367,23589.308029344204,47177.38049052701,47178.39729106994,50498.32458135127,70768.6191296862,70764.83909315206,1.0000534168745747,3.7800365341390716,87,0.30313588850174217,0
6,25,TargetOnly,calibration,exploratory_cluster,0,47,2413.8071131543393,7017.382235568954,32.57616474974915,7128.123526945026,23589.685396513265,23590.441293360167,23590.45724023985,23590.422573110103,1.00000146954255,0.03466712974841357,0,0.0,0
6,25,TargetOnly,calibration,exploratory_cluster,1,31,2314.2860599020783,7079.287977358709,34.09080246622639,51.24984539192329,23589.836864180255,23590.6477123433,23590.843212153228,23590.191546120135,1.0000276244485689,0.6516660330926243,0,0.0,0
6,25,TargetOnly,calibration,exploratory_cluster,2,22,3244.3407443491014,8275.42286677369,31.1755684772976,21236.222048414384,23591.481217855173,23591.7039154568,23591.761591985545,23591.486941848663,1.0000116419171694,0.2746501368819736,0,0.0,1
6,25,TargetOnly,healthy_evaluation,exploratory_cluster,0,38,1271.7062642557037,5331.279534187585,31.357564278152253,39.74986393715082,3577.1735008483292,23590.824816195705,23590.881416780627,23590.728442226788,1.000006484520146,0.15297455383915803,0,0.0,0
6,25,TargetOnly,healthy_evaluation,exploratory_cluster,1,28,877.7896886765853,4451.44808913253,34.514272093214956,48.42322786264563,69.00461472769156,17242.18072512394,23591.34117487188,75.93210173132948,310.68995374769304,23515.40907314055,0,0.0,0
6,25,TargetOnly,healthy_evaluation,exploratory_cluster,2,34,2505.9166661852382,6980.22095231514,31.913817813470494,12395.997845073263,19757.319073073108,24718.109313628458,25273.644107693795,23590.205337798827,1.0713617684029897,1683.4387698949686,1,0.029411764705882353,0
6,50,Pooled,anomaly_evaluation,exploratory_cluster,0,260,105.95344801877422,133.42655611247545,49.64798976029104,251.07960055172927,538.3879725875948,548.8065457281891,627.9480580591538,550.2471577004173,1.1412109072647691,77.70090035873648,189,0.7269230769230769,0
6,50,Pooled,anomaly_evaluation,exploratory_cluster,1,208,109.98811698244822,153.14509379025438,59.8518126523117,324.51911482036815,423.2294566731204,548.0026105404729,1446.1389579897252,548.9646961667956,2.63430229318487,897.1742618229296,171,0.8221153846153846,0
6,50,Pooled,anomaly_evaluation,exploratory_cluster,2,287,104.47173050318732,116.56220225110712,59.56036576172234,230.32641849572084,424.8183157367736,547.1256504990766,549.220643227324,548.062607952694,1.0021129616540634,1.1580352746300377,242,0.8432055749128919,0
6,50,Pooled,calibration,exploratory_cluster,0,47,25.732527692341783,2.9902537824443827,25.164529555043586,28.07991842366373,29.846270184832175,36.71650050741375,41.397396762836465,31.221535338004486,1.3259244401233974,10.175861424831979,0,0.0,1
6,50,Pooled,calibration,exploratory_cluster,1,31,27.099736912689767,2.3247823862709507,26.99609017768477,29.889605646219138,30.60005126294277,33.87907292815806,35.040228899615016,31.169708994758512,1.1241756830488012,3.870519904856504,0,0.0,0
6,50,Pooled,calibration,exploratory_cluster,2,22,25.61127801814807,2.0268727089330465,25.341832185708427,27.06687685248823,27.819538965213564,31.64379648084549,32.65031208731565,27.857380627933967,1.172052481293793,4.7929314593816805,0,0.0,0
6,50,Pooled,healthy_evaluation,exploratory_cluster,0,38,26.01564024306498,2.303778147897005,25.98878519335262,28.713147355161905,29.9002192624354,32.02131271880274,32.571182420339575,31.08504809186163,1.0478086546331267,1.4861343284779451,0,0.0,0
6,50,Pooled,healthy_evaluation,exploratory_cluster,1,28,26.84834602026186,3.5004143779890726,25.938370711776948,28.32630794774022,34.7109970208515,38.41999553962995,38.53081042569701,38.120384921744936,1.0107665624257105,0.41042550395207655,0,0.0,0
6,50,Pooled,healthy_evaluation,exploratory_cluster,2,34,25.806681024829114,2.538639120657911,25.45252690784878,27.929424792449126,31.168718450429537,33.80216799475744,34.9292927545314,31.513763179458767,1.108382155302193,3.415529575072636,0,0.0,0
6,50,RACE,anomaly_evaluation,exploratory_cluster,0,260,80.81779272424492,91.63416245821993,40.41990263368292,203.80690661070048,370.2692513086722,376.6699819784174,377.5940477595897,377.1226421108889,1.001250006220953,0.471405648700852,245,0.9423076923076923,0
6,50,RACE,anomaly_evaluation,exploratory_cluster,1,208,84.70740638917559,110.0422494196454,50.552809202882756,287.94029834686023,300.6876605605741,376.32722022161727,1095.3290126210884,376.5057609996786,2.9091958904236352,718.8232516214098,198,0.9519230769230769,0
6,50,RACE,anomaly_evaluation,exploratory_cluster,2,287,82.75676854580225,85.31268878276578,50.000825935470075,189.51921246080445,293.8940601248792,389.2752997733356,390.7827875029534,390.48957054455377,1.000750895748613,0.2932169583996256,280,0.975609756097561,0
6,50,RACE,calibration,exploratory_cluster,0,47,22.888139317431936,1.9585173395259197,22.714041030276185,24.22473977925985,25.080051039504596,30.199407953471866,32.65497236524381,27.316788861391768,1.1954176799820264,5.33818350385204,0,0.0,1
6,50,RACE,calibration,exploratory_cluster,1,31,23.79392042981564,1.4804119925284551,23.812057995610225,25.592585951777064,25.643047750092588,27.129199959824444,27.74568521966238,25.690734353535934,1.0799880158288901,2.054950866126447,0,0.0,0
6,50,RACE,calibration,exploratory_cluster,2,22,22.73930739629442,1.4803438706860208,22.523782918451147,23.610549826187032,24.678080491858505,27.335789975265367,28.027343384449928,24.73423191214251,1.1331398316311074,3.2931114723074195,0,0.0,0
6,50,RACE,healthy_evaluation,exploratory_cluster,0,38,22.969143512346033,1.2943919940862272,22.584828495721382,24.882888465137935,25.374352295236687,26.307842679576943,26.840527917765968,25.40083808482265,1.0566788319399412,1.4396898329433192,0,0.0,0
6,50,RACE,healthy_evaluation,exploratory_cluster,1,28,24.062240921183665,2.4939647023471636,23.27873392777051,26.222485692065703,28.821607182075194,32.005567206349745,32.744666677778184,30.007261228043223,1.0912247681963299,2.737405449734961,1,0.03571428571428571,0
6,50,RACE,healthy_evaluation,exploratory_cluster,2,34,23.037349120873472,2.25409113951369,22.56088996907554,25.017058608963296,25.39218838550648,30.78561439509431,33.44063614732095,25.395115686028053,1.316813696017908,8.045520461292899,1,0.029411764705882353,0
6,50,SourceOnly,anomaly_evaluation,exploratory_cluster,0,260,108.3283642331576,133.98100073115424,51.78109977722197,255.21014262055988,544.5054242614334,553.6644323134863,614.1332181254023,555.2070271840735,1.1061337268013225,58.926190941328855,102,0.3923076923076923,0
6,50,SourceOnly,anomaly_evaluation,exploratory_cluster,1,208,114.00038071438993,154.98970487285078,66.25249607502616,332.8865921452841,428.42570116465623,552.8825997915571,1484.1011178479648,554.2412373738036,2.6777168816960915,929.8598804741612,119,0.5721153846153846,0
6,50,SourceOnly,anomaly_evaluation,exploratory_cluster,2,287,108.00118884615836,117.26050488185346,66.15043263218294,234.64460545892777,430.1018314496422,551.8999383522621,554.3313911223405,553.46697658449,1.0015618177315382,0.8644145378505073,156,0.5435540069686411,0
6,50,SourceOnly,calibration,exploratory_cluster,0,47,36.15183218908439,5.594133711617065,36.629872774201885,39.60350002495262,40.57598109021045,53.279466144730286,62.880289611075185,42.008934249455876,1.4968313463436564,20.871355361619308,0,0.0,1
6,50,SourceOnly,calibration,exploratory_cluster,1,31,35.74420434626238,4.728478775817852,35.42123011204625,39.397059055449624,39.99752252922596,47.86017910321239,51.03482439502577,40.452673422314525,1.2615933652205522,10.582150972711247,0,0.0,0
6,50,SourceOnly,calibration,exploratory_cluster,2,22,35.23545831288799,4.503757683285969,36.5317044920964,39.82671477017618,40.53851439123617,43.21117271304682,43.91186629127825,40.57523020446192,1.0822333248635374,3.336636086816334,0,0.0,0
6,50,SourceOnly,healthy_evaluation,exploratory_cluster,0,38,36.15352205625916,2.9134654513197193,36.70921813523594,39.08070065441836,39.601719248094646,41.56308457645265,41.57189177681542,41.54808853259172,1.0005729082868644,0.02380324422369995,0,0.0,0
6,50,SourceOnly,healthy_evaluation,exploratory_cluster,1,28,37.29367429822236,5.326568214269183,37.37091935958064,40.52536750210591,41.72689411954934,54.117459239131485,58.51449921287333,42.22916597679238,1.3856418392215177,16.28533323608095,0,0.0,0
6,50,SourceOnly,healthy_evaluation,exploratory_cluster,2,34,35.65816994487946,3.5319640428373944,36.41443940892603,38.93402561146055,40.6488470223083,41.972061359570574,42.263051438810045,41.38126331990255,1.0213088738275276,0.8817881189074939,0,0.0,0
6,50,TargetOnly,anomaly_evaluation,exploratory_cluster,0,260,239.23360952491444,107.34429604895219,196.00957518645666,357.8490203449117,606.1215232577604,614.1138372001516,615.623869391492,614.3811222918084,1.0020227625078189,1.2427470996835837,260,1.0,0
6,50,TargetOnly,anomaly_evaluation,exploratory_cluster,1,208,235.29134744883538,116.19382401888237,198.89668092248047,349.610734547821,475.26708712522407,612.397047378922,1203.1577396096916,613.2000526395256,1.9620966019664994,589.957686970166,208,1.0,0
6,50,TargetOnly,anomaly_evaluation,exploratory_cluster,2,287,477.23528657646943,2109.2741903929327,200.3589896881881,387.7669317541526,612.1227477021843,10036.818975543538,26432.915237907528,20198.03163617621,1.3086876837327142,6234.883601731319,287,1.0,0
6,50,TargetOnly,calibration,exploratory_cluster,0,47,32.16872166998573,5.670808420921422,31.732339615126907,33.822501765404496,35.27718453103353,52.85706876941845,67.28285286922178,35.92245265225807,1.8730027573713681,31.36040021696371,0,0.0,1
6,50,TargetOnly,calibration,exploratory_cluster,1,31,32.544477007045785,2.622626642984475,32.3875446311875,35.94273177818912,37.12231085911105,38.59631977427972,39.0364708564545,37.56930058253857,1.0390523712490363,1.467170273915933,0,0.0,0
6,50,TargetOnly,calibration,exploratory_cluster,2,22,32.44735429431194,3.489946479838723,32.057450816953846,35.8881077766641,39.23915833864805,40.04976519208602,40.21861067378463,39.414584570457905,1.0203992027846809,0.8040261033267271,0,0.0,0
6,50,TargetOnly,healthy_evaluation,exploratory_cluster,0,38,31.55709809326401,2.3574872699462572,31.557923240343754,34.56616407643276,34.69885623131444,36.18551672221964,37.02528570421671,34.75563980692733,1.0653029525538185,2.2696458972893794,0,0.0,0
6,50,TargetOnly,healthy_evaluation,exploratory_cluster,1,28,32.54665367720951,2.983443584692527,32.385813291792665,35.78104206327732,37.462130750587036,40.18793745858363,40.88368448065901,38.306843658157625,1.0672684193324977,2.5768408225013815,0,0.0,0
6,50,TargetOnly,healthy_evaluation,exploratory_cluster,2,34,381.7722220284274,2036.0189038054234,32.44537085139874,35.94788431864043,37.04856430797856,7988.803892052614,11904.516711299113,38.720289339965106,307.44906389456855,11865.796421959149,1,0.029411764705882353,0
6,100,Pooled,anomaly_evaluation,exploratory_cluster,0,260,104.76735121481433,132.98821720739676,49.05206764280639,248.48553734379692,535.3956212864703,545.59697616714,645.4056535386889,547.1341301840827,1.1796113931359808,98.27152335460619,185,0.7115384615384616,0
6,100,Pooled,anomaly_evaluation,exploratory_cluster,1,208,109.0727339950047,152.3790771065448,59.28595590104332,321.66228279305886,420.7508383262552,544.7060362278129,1441.5704067918714,545.9268550793057,2.640592587412571,895.6435517125657,166,0.7980769230769231,0
6,100,Pooled,anomaly_evaluation,exploratory_cluster,2,287,103.26019563747847,115.55722041389606,58.946638678776765,227.61328142727126,422.51846390717606,544.3961127635871,545.8547718035131,545.2838111939499,1.0010470888697631,0.570960609563258,240,0.8362369337979094,0
6,100,Pooled,calibration,exploratory_cluster,0,47,24.755020623161997,2.875466216796777,24.26137691195213,26.13783827845919,27.895202527469287,35.64420536717513,41.07561984040109,29.2681970725186,1.4034215957555198,11.807422767882489,0,0.0,1
6,100,Pooled,calibration,exploratory_cluster,1,31,25.809498931980862,2.0177977286538953,25.991318221046605,26.720728778203917,27.809453081593382,32.41313883851973,34.24150189912442,28.146958363775465,1.2165258304852047,6.094543535348958,0,0.0,0
6,100,Pooled,calibration,exploratory_cluster,2,22,24.6123215687115,1.8096706868041144,24.40764323527779,25.40777722685769,25.81700447138364,30.152789287501736,31.29964748429409,25.838417975759086,1.2113608315206676,5.4612295085350056,0,0.0,0
6,100,Pooled,healthy_evaluation,exploratory_cluster,0,38,24.82948574431461,1.6539662087129121,24.80993048116143,27.40098664877589,27.5162222139316,27.854974690076137,28.01330703369715,27.585381780667387,1.0155127544158067,0.4279252530297626,0,0.0,0
6,100,Pooled,healthy_evaluation,exploratory_cluster,1,28,25.9267821226965,3.4190663164160036,25.221836712754417,27.301544238276712,32.90040563815886,37.71639757012221,38.40843616336169,35.84533026247471,1.071504597171203,2.563105900886981,0,0.0,0
6,100,Pooled,healthy_evaluation,exploratory_cluster,2,34,24.797529898737903,2.271358541842842,24.185421082146423,26.80951968412026,27.9540627802398,32.574237992016684,34.50955907612714,28.64494973033786,1.2047344959931305,5.86460934578928,0,0.0,0
6,100,RACE,anomaly_evaluation,exploratory_cluster,0,260,85.23463665161567,95.81993733616811,42.67932587071519,214.48532412031776,387.6453217108706,393.5852253437349,399.88438568758073,394.45353782672424,1.0137680292862328,5.430847860856488,258,0.9923076923076923,0
6,100,RACE,anomaly_evaluation,exploratory_cluster,1,208,89.64704869461987,115.88815989681426,53.84760981818729,299.8956308600541,316.53160435083885,393.2029808889178,1168.1036074118742,393.42445971644116,2.969067068818699,774.6791476954331,203,0.9759615384615384,0
6,100,RACE,anomaly_evaluation,exploratory_cluster,2,287,87.49636982775097,89.18785974628706,53.738410999880436,200.76021784465055,307.4456337539288,408.1068478651163,409.8166501501042,409.5495917731302,1.000652078239946,0.26705837697397783,287,1.0,0
6,100,RACE,calibration,exploratory_cluster,0,47,22.809592489981817,2.079650878106307,22.57409843737612,23.979222556954195,24.472714399208076,30.9353067230457,33.73226623114711,27.651919474404924,1.219888777065558,6.080346756742184,0,0.0,1
6,100,RACE,calibration,exploratory_cluster,1,31,23.692328736966083,1.5490784508793896,23.33691520399278,25.94430975145392,25.98353379435347,26.937406503807466,27.3357691553086,26.007893650304826,1.0510566339149965,1.3278755050037745,0,0.0,0
6,100,RACE,calibration,exploratory_cluster,2,22,22.69957571394591,1.4701268191795414,22.723914900593385,24.05155163899857,24.11663738141966,26.68534451295411,27.367834256034417,24.117883098509164,1.134752753558464,3.2499511575252527,0,0.0,0
6,100,RACE,healthy_evaluation,exploratory_cluster,0,38,22.895031998627974,1.3455857642029478,22.693691567127328,24.374562441928102,25.233213737292857,26.765126335735868,27.407095807584554,25.672043180966472,1.0675852955835035,1.7350526266180815,0,0.0,0
6,100,RACE,healthy_evaluation,exploratory_cluster,1,28,24.02535258462101,2.614456165158389,23.335840242102737,25.815132653481335,29.379541342916518,32.36864357635716,32.788925767288696,31.232325060134855,1.0498394117042762,1.5566007071538408,0,0.0,0
6,100,RACE,healthy_evaluation,exploratory_cluster,2,34,23.160088959828514,2.782532464606292,22.596734502094918,24.711310493698424,25.052445296068527,33.21016932643603,37.21361939326898,25.08195252407817,1.4836811192248551,12.13166686919081,1,0.029411764705882353,0
6,100,SourceOnly,anomaly_evaluation,exploratory_cluster,0,260,108.3283642331576,133.98100073115424,51.78109977722197,255.21014262055988,544.5054242614334,553.6644323134863,614.1332181254023,555.2070271840735,1.1061337268013225,58.926190941328855,102,0.3923076923076923,0
6,100,SourceOnly,anomaly_evaluation,exploratory_cluster,1,208,114.00038071438993,154.98970487285078,66.25249607502616,332.8865921452841,428.42570116465623,552.8825997915571,1484.1011178479648,554.2412373738036,2.6777168816960915,929.8598804741612,119,0.5721153846153846,0
6,100,SourceOnly,anomaly_evaluation,exploratory_cluster,2,287,108.00118884615836,117.26050488185346,66.15043263218294,234.64460545892777,430.1018314496422,551.8999383522621,554.3313911223405,553.46697658449,1.0015618177315382,0.8644145378505073,156,0.5435540069686411,0
6,100,SourceOnly,calibration,exploratory_cluster,0,47,36.15183218908439,5.594133711617065,36.629872774201885,39.60350002495262,40.57598109021045,53.279466144730286,62.880289611075185,42.008934249455876,1.4968313463436564,20.871355361619308,0,0.0,1
6,100,SourceOnly,calibration,exploratory_cluster,1,31,35.74420434626238,4.728478775817852,35.42123011204625,39.397059055449624,39.99752252922596,47.86017910321239,51.03482439502577,40.452673422314525,1.2615933652205522,10.582150972711247,0,0.0,0
6,100,SourceOnly,calibration,exploratory_cluster,2,22,35.23545831288799,4.503757683285969,36.5317044920964,39.82671477017618,40.53851439123617,43.21117271304682,43.91186629127825,40.57523020446192,1.0822333248635374,3.336636086816334,0,0.0,0
6,100,SourceOnly,healthy_evaluation,exploratory_cluster,0,38,36.15352205625916,2.9134654513197193,36.70921813523594,39.08070065441836,39.601719248094646,41.56308457645265,41.57189177681542,41.54808853259172,1.0005729082868644,0.02380324422369995,0,0.0,0
6,100,SourceOnly,healthy_evaluation,exploratory_cluster,1,28,37.29367429822236,5.326568214269183,37.37091935958064,40.52536750210591,41.72689411954934,54.117459239131485,58.51449921287333,42.22916597679238,1.3856418392215177,16.28533323608095,0,0.0,0
6,100,SourceOnly,healthy_evaluation,exploratory_cluster,2,34,35.65816994487946,3.5319640428373944,36.41443940892603,38.93402561146055,40.6488470223083,41.972061359570574,42.263051438810045,41.38126331990255,1.0213088738275276,0.8817881189074939,0,0.0,0
6,100,TargetOnly,anomaly_evaluation,exploratory_cluster,0,260,271.5777342141096,126.28846372871251,222.19389915167034,378.3898990111064,701.2449432998125,728.412089245189,730.8827175512735,728.7217385551668,1.0029654378094872,2.160978996106678,260,1.0,0
6,100,TargetOnly,anomaly_evaluation,exploratory_cluster,1,208,265.74513431504045,133.5724548763719,222.81787711584315,377.8490900643125,527.0473265704462,728.4058517747598,1336.8525120036106,728.6408657876901,1.834720744846529,608.2116462159205,208,1.0,0
6,100,TargetOnly,anomaly_evaluation,exploratory_cluster,2,287,534.3422603945284,2364.577772705748,225.25586231715477,390.9243591809686,630.45784291203,11252.793454340479,29630.455442370665,22641.26246647814,1.3086927235723043,6989.192975892525,287,1.0,0
6,100,TargetOnly,calibration,exploratory_cluster,0,47,30.926322983941567,2.5521271702192947,30.853267927693615,33.178092967459925,34.54356349429893,39.498481647704814,40.67927523929676,38.11233264887949,1.067352019989591,2.56694259041727,0,0.0,1
6,100,TargetOnly,calibration,exploratory_cluster,1,31,31.999444929488703,2.7492630673009772,31.515544250727295,34.283040862608864,36.59171519656121,39.342039596074336,40.44804907848676,36.76135080377869,1.1002873451083608,3.686698274708071,0,0.0,0
6,100,TargetOnly,calibration,exploratory_cluster,2,22,31.549504882477812,2.8097601943755928,31.06053022251694,35.217978572341416,36.866568599828724,37.00300740087115,37.01712290568457,36.94990621609684,1.0018191301811328,0.06721668958773108,0,0.0,0
6,100,TargetOnly,healthy_evaluation,exploratory_cluster,0,38,30.94239405909677,2.220976281433059,30.84014073049086,33.800074281351755,34.60225853623826,36.67793616867561,37.59279535303346,35.12020296287709,1.0704037044652037,2.4725923901563718,0,0.0,0
6,100,TargetOnly,healthy_evaluation,exploratory_cluster,1,28,31.736312973704923,2.5779232244617925,31.46574825904642,34.712897993133275,35.60693390300856,37.57413699559481,38.14015719537136,36.04378608508786,1.0581617898112767,2.096371110283499,0,0.0,0
6,100,TargetOnly,healthy_evaluation,exploratory_cluster,2,34,423.0014333538459,2283.2140514519774,31.366018903798192,34.62824461352669,36.40582758997513,8953.863584910301,13344.737637307966,39.05869064830457,341.65860185810465,13305.678946659662,1,0.029411764705882353,0
7,10,Pooled,anomaly_evaluation,exploratory_cluster,0,260,108.27725099925976,133.07530451561038,52.465709857734566,252.80479261732756,540.4609396234871,549.9673876424534,613.6733328527595,551.2393727589688,1.113261068020789,62.43396009379069,106,0.4076923076923077,0
7,10,Pooled,anomaly_evaluation,exploratory_cluster,1,208,113.56822197272575,154.23375577217863,66.55356175760946,329.01157719712785,424.9666329074747,549.1449708908228,1479.8495417521121,550.5771834231816,2.6878148719335475,929.2723583289305,124,0.5961538461538461,0
7,10,Pooled,anomaly_evaluation,exploratory_cluster,2,287,107.75037533236465,116.34648880132853,65.66310485157915,232.5936342060341,426.6980143552819,548.2498271156795,550.6455390947332,549.2985755739683,1.0024521518544944,1.3469635207649162,160,0.5574912891986062,0
7,10,Pooled,calibration,exploratory_cluster,0,44,32.01315605692023,5.754986218897268,30.505728295126197,39.44572900913395,42.20998620097623,52.219980390241375,59.38857144410209,42.717429458379485,1.3902655706838742,16.671141985722606,0,0.0,1
7,10,Pooled,calibration,exploratory_cluster,1,31,30.473777525063408,3.0900190793907703,30.386098990610762,32.38012636905827,33.30066256908062,40.61421318662375,43.56110468854232,33.73813301548044,1.2911533862456082,9.822971673061879,0,0.0,0
7,10,Pooled,calibration,exploratory_cluster,2,25,31.312816327187797,4.370919516004496,30.778534620190733,35.025491969020806,41.643173798292814,44.28823073088906,44.73927490512359,42.85992417914642,1.0438486712697352,1.8793507259771687,0,0.0,0
7,10,Pooled,healthy_evaluation,exploratory_cluster,0,38,29.99816972684003,2.881423357023483,29.940476408748516,32.30685357584564,32.57406283594359,39.074081107656475,42.884485554507975,32.586095157611965,1.3160363445538628,10.29839039689601,0,0.0,0
7,10,Pooled,healthy_evaluation,exploratory_cluster,1,41,33.28959725306712,7.52465401931927,30.900699699048925,44.65782988623773,49.035695499876596,56.11037829498367,59.860165970091245,50.48569678232227,1.1856856453460196,9.374469187768973,1,0.024390243902439025,0
7,10,Pooled,healthy_evaluation,exploratory_cluster,2,21,30.35530945340626,2.395185921064928,30.098232599051155,32.178532261444644,32.9335095315675,37.25890795136995,38.34025755632055,32.9335095315675,1.1641716325304037,5.40674802475305,0,0.0,0
7,10,RACE,anomaly_evaluation,exploratory_cluster,0,260,85.56542537187981,98.87798827883073,42.93761634767253,205.60146709385256,360.17180071808315,410.34066120280653,411.41914603043625,411.1005753329068,1.0007749215560486,0.3185706975294238,91,0.35,0
7,10,RACE,anomaly_evaluation,exploratory_cluster,1,208,91.24182920751922,118.33191172679446,57.187090274011325,288.33787394365095,318.85888529580757,410.33330095604083,1175.7747053102905,410.96319218632715,2.8610219301031816,764.8115131239633,104,0.5,0
7,10,RACE,anomaly_evaluation,exploratory_cluster,2,287,87.55788780041951,89.68829836500969,56.353977773387676,189.54708851996975,318.8064740882541,409.47761518019007,411.2930976596806,410.8425986767879,1.0010965245189853,0.45049898289272505,142,0.49477351916376305,0
7,10,RACE,calibration,exploratory_cluster,0,44,29.72968843474314,4.890900256503582,29.007981327868904,32.722465972737076,33.099864170072955,47.09561215411453,57.37636391176093,33.467638893978574,1.7143833807195752,23.90872501778236,0,0.0,1
7,10,RACE,calibration,exploratory_cluster,1,31,28.4229406063909,2.581821946724935,28.885487874749618,31.21180037719252,31.70182842507296,33.50691122040275,34.122303062595094,32.070996921953956,1.0639614086719247,2.051306140641138,0,0.0,0
7,10,RACE,calibration,exploratory_cluster,2,25,28.978122359618784,2.713437588976229,29.51516084861666,32.17515203589426,33.25940176920291,33.40791160082454,33.446331681407074,33.2862480123132,1.0048093035007928,0.16008366909387206,0,0.0,0
7,10,RACE,healthy_evaluation,exploratory_cluster,0,38,28.301999708209014,2.5542972073222074,29.035528006239062,30.5718852635185,31.033728157050714,32.78610529512059,33.76893818324973,31.11263308019798,1.085377058772386,2.65630510305175,0,0.0,0
7,10,RACE,healthy_evaluation,exploratory_cluster,1,41,30.32328343508072,6.17151756197407,28.978006325047378,33.7225869022463,39.862093537735205,53.79477324049012,57.303814588298735,48.53121121877717,1.1807620941083654,8.772603369521562,0,0.0,0
7,10,RACE,healthy_evaluation,exploratory_cluster,2,21,28.69011113266258,2.4640291922579127,28.567821917402583,30.462370516715374,32.12508015547389,34.694434535487815,35.336773130491295,32.12508015547389,1.099974629151864,3.2116929750174066,0,0.0,0
7,10,SourceOnly,anomaly_evaluation,exploratory_cluster,0,260,108.3283642331576,133.98100073115424,51.78109977722197,255.21014262055988,544.5054242614334,553.6644323134863,614.1332181254023,555.2070271840735,1.1061337268013225,58.926190941328855,102,0.3923076923076923,0
7,10,SourceOnly,anomaly_evaluation,exploratory_cluster,1,208,114.00038071438993,154.9897048728508,66.25249607502616,332.8865921452841,428.42570116465623,552.8825997915571,1484.1011178479648,554.2412373738036,2.6777168816960915,929.8598804741612,119,0.5721153846153846,0
7,10,SourceOnly,anomaly_evaluation,exploratory_cluster,2,287,108.00118884615836,117.26050488185346,66.15043263218294,234.64460545892777,430.1018314496422,551.8999383522621,554.3313911223405,553.46697658449,1.0015618177315382,0.8644145378505073,156,0.5435540069686411,0
7,10,SourceOnly,calibration,exploratory_cluster,0,44,36.43914568966278,5.034481361250047,36.591474835434056,39.216350760290915,40.852272204300334,53.7074431473273,62.880289611075185,41.54808853259172,1.513433994965852,21.332201078483465,0,0.0,1
7,10,SourceOnly,calibration,exploratory_cluster,1,31,35.76006085662077,3.654905183851686,36.72777400117541,39.397059055449624,39.60229246729495,39.86204336615672,39.94768482374424,39.6622132984525,1.0071975692113702,0.28547152529174014,0,0.0,0
7,10,SourceOnly,calibration,exploratory_cluster,2,25,35.92922897750264,4.050459740481005,35.91305183216416,39.945570271830384,41.12701111423357,43.304521578148076,43.91186629127825,41.38126331990255,1.0611533522264072,2.5306029713757,0,0.0,0
7,10,SourceOnly,healthy_evaluation,exploratory_cluster,0,38,35.24767347271405,3.709513282072601,36.37400913800559,38.720867339306075,39.06631216856858,39.91203639196408,40.3308443653042,39.1989309238444,1.0288761304143441,1.131913441459801,0,0.0,0
7,10,SourceOnly,healthy_evaluation,exploratory_cluster,1,41,36.145474977313725,5.981845680365827,35.565705922891965,40.78259704807294,40.79422212377411,57.59473097131875,61.968002022180706,51.03482439502577,1.2142297491322525,10.933177627154933,0,0.0,0
7,10,SourceOnly,healthy_evaluation,exploratory_cluster,2,21,36.212945022422886,3.231077008598117,36.855486889465986,38.24662288637885,40.254469015911404,43.243350115779506,43.99057039074653,40.254469015911404,1.0928120893448714,3.7361013748351226,0,0.0,0
7,10,TargetOnly,anomaly_evaluation,exploratory_cluster,0,260,19308.441224347167,14704.00515148018,20590.277373376484,31899.656661360437,41214.02081280791,53838.1639699643,63793.61994144991,63793.26579951592,1.0000055513999724,0.35414193399628857,83,0.3192307692307692,0
7,10,TargetOnly,anomaly_evaluation,exploratory_cluster,1,208,32739.95638630989,21814.70266452725,31896.398770329477,63792.77321162528,63793.65849816511,83630.26437969795,84013.99905677278,84011.66228935399,1.0000278147980306,2.3367674187902594,109,0.5240384615384616,0
7,10,TargetOnly,anomaly_evaluation,exploratory_cluster,2,287,27551.433590005836,20022.279451664843,24508.448101927224,63790.90611385784,63792.337694131915,78577.24741131793,84011.56167048031,84010.62804378351,1.0000111131974434,0.9336266968020936,119,0.4146341463414634,0
7,10,TargetOnly,calibration,exploratory_cluster,0,44,8176.8845136310565,10438.825855701054,51.028321635329455,20586.923797976953,20588.190574894685,26211.776252012733,27501.478645771003,24502.170753309903,1.1224098845224126,2999.3078924611,0,0.0,0
7,10,TargetOnly,calibration,exploratory_cluster,1,31,9440.525135575068,10562.07637662844,37.562231310003085,20587.095179612013,20587.655953668702,23328.447533883358,24502.960112826095,20587.918183016984,1.1901621084271958,3915.041929809111,0,0.0,0
7,10,TargetOnly,calibration,exploratory_cluster,2,25,8649.300067099279,12048.352149405593,32.94138722480328,24502.948690585803,30415.56564132772,31894.96772375397,31895.37563273178,31893.67601199091,1.0000532902115213,1.6996207408701594,0,0.0,1
7,10,TargetOnly,healthy_evaluation,exploratory_cluster,0,38,6263.35602317142,9411.049293188673,57.612002674045186,20586.368104246776,20586.849997699217,20588.080597238968,20588.462604290748,20587.430152799447,1.000050149605057,1.0324514913008898,0,0.0,0
7,10,TargetOnly,healthy_evaluation,exploratory_cluster,1,41,7396.235773804076,10276.350673890682,32.05206470906002,20586.249804977615,20588.391202147242,27372.255566249667,31894.69821244674,20588.59159695402,1.54914424632938,11306.106615492721,0,0.0,0
7,10,TargetOnly,healthy_evaluation,exploratory_cluster,2,21,5117.053474313549,9342.39750404436,34.7026928502243,20585.611245078613,20586.971414842526,23720.059015538292,24503.33091571223,20586.971414842526,1.1902348539740109,3916.359500869705,0,0.0,0
7,25,Pooled,anomaly_evaluation,exploratory_cluster,0,260,106.91700411946333,133.22112447908017,51.15853251120366,252.46460188894042,539.8012213686619,549.4184087223989,618.1137191237636,550.5264088661309,1.1227685160405587,67.5873102576328,105,0.40384615384615385,0
7,25,Pooled,anomaly_evaluation,exploratory_cluster,1,208,112.46702514072481,154.19031579129987,64.44848185733461,327.41435623665575,424.39650284754043,548.5011742164203,1479.5798433259838,549.8559409262206,2.6908499721466375,929.7239023997632,124,0.5961538461538461,0
7,25,Pooled,anomaly_evaluation,exploratory_cluster,2,287,106.3915629575274,116.26713167192891,65.10001190696643,231.90722534430444,426.0308391881407,547.5799723872778,550.0057587371729,548.6628010436272,1.0024476922637935,1.3429576935457135,160,0.5574912891986062,0
7,25,Pooled,calibration,exploratory_cluster,0,44,28.366684994293312,5.459983113728534,26.92260561949513,33.42744717393462,35.58790639453373,48.56305634344393,58.10917144474538,35.90890376730013,1.618238524386856,22.200267677445247,0,0.0,1
7,25,Pooled,calibration,exploratory_cluster,1,31,27.440031403864207,2.403875243835965,27.299568429002896,29.19224008479561,30.538068271334332,35.247494344685904,37.09395485708252,30.939086482427147,1.1989350389563451,6.154868374655376,0,0.0,0
7,25,Pooled,calibration,exploratory_cluster,2,25,27.927023215291705,2.8679764822095626,27.493329198373218,31.882122923780344,34.96967239008178,35.34780404359376,35.38915877723964,35.21684738704848,1.0048928681292049,0.1723113901911617,0,0.0,0
7,25,Pooled,healthy_evaluation,exploratory_cluster,0,38,26.8142002806651,2.169807818993515,26.49490486163679,29.170812811189162,29.419077081197965,33.755391171624765,36.156926716170545,29.666290109290024,1.2187882806703887,6.490636606880521,0,0.0,0
7,25,Pooled,healthy_evaluation,exploratory_cluster,1,41,29.70428855434001,6.86602946171722,27.59412964082168,34.50720213010622,43.51939957574043,54.81364525029415,58.898728455470035,48.68602044253029,1.2097667445421008,10.212708012939743,1,0.024390243902439025,0
7,25,Pooled,healthy_evaluation,exploratory_cluster,2,21,27.116212132602932,2.448808482048188,26.31108453777742,29.42964021674224,29.81335152818139,34.71484803357464,35.940222159922946,29.81335152818139,1.205507610439238,6.126870631741557,0,0.0,0
7,25,RACE,anomaly_evaluation,exploratory_cluster,0,260,77.90283159918027,88.12809430623147,39.041620078756836,193.7065406809779,348.7227873765067,363.5475815341287,364.612806251958,363.768620641522,1.0023206663866369,0.8441856104359999,87,0.3346153846153846,0
7,25,RACE,anomaly_evaluation,exploratory_cluster,1,208,84.0217923679189,106.97842316074738,52.788574863356814,276.8876213623532,287.0140086888633,363.64862373721326,1085.7069963836168,363.88318406553947,2.9836690562432495,721.8238123180773,94,0.4519230769230769,0
7,25,RACE,anomaly_evaluation,exploratory_cluster,2,287,80.91657857810009,81.17084865529961,51.8987811738082,179.40337632135777,282.91143100085515,370.34131449674055,372.00469921047693,371.51186547788427,1.0013265625633752,0.4928337325926577,134,0.46689895470383275,0
7,25,RACE,calibration,exploratory_cluster,0,44,24.66592439844123,5.064472113741644,23.933964580427713,26.417323201684496,26.849892997546117,43.474261372655874,55.74634636492877,27.20661382475922,2.0489998029154637,28.53973254016955,0,0.0,1
7,25,RACE,calibration,exploratory_cluster,1,31,23.829509928278735,1.6035156443552105,23.67953921168564,25.695750624223088,26.226865312311332,27.255666980093064,27.52693010684657,26.62271968433488,1.0339638636936008,0.9042104225116923,0,0.0,0
7,25,RACE,calibration,exploratory_cluster,2,25,24.00382881204804,1.6231909829340443,23.926567585840072,25.830655063115348,26.759143358128533,27.896087092982437,28.22487849743218,26.85491431222494,1.0510135377562386,1.369964185207241,0,0.0,0
7,25,RACE,healthy_evaluation,exploratory_cluster,0,38,23.535570559312013,1.5479112565062714,23.365169131742785,25.483452796637724,26.009140627895945,26.85966991589082,27.170858800640804,26.329807760775978,1.031942923682024,0.8410510398648263,0,0.0,0
7,25,RACE,healthy_evaluation,exploratory_cluster,1,41,25.72211673389698,6.441853621115407,24.1417061287185,27.004726416857338,34.377068080527565,52.48419147376764,56.78991132408541,46.02561169829094,1.2338762968835062,10.764299625794472,1,0.024390243902439025,0
7,25,RACE,healthy_evaluation,exploratory_cluster,2,21,23.643587898146812,2.0696839577193598,23.10497475439125,25.20935413025645,26.31554531795696,29.948625064997792,30.856895001757998,26.31554531795696,1.1725728891014906,4.541349683801037,0,0.0,0
7,25,SourceOnly,anomaly_evaluation,exploratory_cluster,0,260,108.3283642331576,133.98100073115424,51.78109977722197,255.21014262055988,544.5054242614334,553.6644323134863,614.1332181254023,555.2070271840735,1.1061337268013225,58.926190941328855,102,0.3923076923076923,0
7,25,SourceOnly,anomaly_evaluation,exploratory_cluster,1,208,114.00038071438993,154.9897048728508,66.25249607502616,332.8865921452841,428.42570116465623,552.8825997915571,1484.1011178479648,554.2412373738036,2.6777168816960915,929.8598804741612,119,0.5721153846153846,0
7,25,SourceOnly,anomaly_evaluation,exploratory_cluster,2,287,108.00118884615836,117.26050488185346,66.15043263218294,234.64460545892777,430.1018314496422,551.8999383522621,554.3313911223405,553.46697658449,1.0015618177315382,0.8644145378505073,156,0.5435540069686411,0
7,25,SourceOnly,calibration,exploratory_cluster,0,44,36.43914568966278,5.034481361250047,36.591474835434056,39.216350760290915,40.852272204300334,53.7074431473273,62.880289611075185,41.54808853259172,1.513433994965852,21.332201078483465,0,0.0,1
7,25,SourceOnly,calibration,exploratory_cluster,1,31,35.76006085662077,3.654905183851686,36.72777400117541,39.397059055449624,39.60229246729495,39.86204336615672,39.94768482374424,39.6622132984525,1.0071975692113702,0.28547152529174014,0,0.0,0
7,25,SourceOnly,calibration,exploratory_cluster,2,25,35.92922897750264,4.050459740481005,35.91305183216416,39.945570271830384,41.12701111423357,43.304521578148076,43.91186629127825,41.38126331990255,1.0611533522264072,2.5306029713757,0,0.0,0
7,25,SourceOnly,healthy_evaluation,exploratory_cluster,0,38,35.24767347271405,3.709513282072601,36.37400913800559,38.720867339306075,39.06631216856858,39.91203639196408,40.3308443653042,39.1989309238444,1.0288761304143441,1.131913441459801,0,0.0,0
7,25,SourceOnly,healthy_evaluation,exploratory_cluster,1,41,36.145474977313725,5.981845680365827,35.565705922891965,40.78259704807294,40.79422212377411,57.59473097131875,61.968002022180706,51.03482439502577,1.2142297491322525,10.933177627154933,0,0.0,0
7,25,SourceOnly,healthy_evaluation,exploratory_cluster,2,21,36.212945022422886,3.231077008598117,36.855486889465986,38.24662288637885,40.254469015911404,43.243350115779506,43.99057039074653,40.254469015911404,1.0928120893448714,3.7361013748351226,0,0.0,0
7,25,TargetOnly,anomaly_evaluation,exploratory_cluster,0,260,13420.841514902946,15084.483974106915,453.3062215701717,28441.48245243745,28442.953866961034,56875.97939358546,56880.318629699366,56877.66528893143,1.0000466499592495,2.6533407679380616,110,0.4230769230769231,0
7,25,TargetOnly,anomaly_evaluation,exploratory_cluster,1,208,28203.503690998194,21921.988364619665,28439.360852220212,56877.96591683307,56879.125654277945,83323.9818847706,85318.32594614827,85317.15191418435,1.000013760796482,1.174031963921152,138,0.6634615384615384,0
7,25,TargetOnly,anomaly_evaluation,exploratory_cluster,2,287,21705.317123766814,20267.82629556221,28438.513429296287,56877.244003842454,56878.567096882674,56880.60110955931,85316.77912960622,85316.31412652938,1.0000054503418438,0.4650030768389115,161,0.5609756097560976,0
7,25,TargetOnly,calibration,exploratory_cluster,0,44,1643.1102439560782,6099.174076513445,29.139496306366468,36.79373775024693,18133.61470681984,25379.84686547561,28436.916254468742,21327.452559135872,1.3333480018591084,7109.46369533287,0,0.0,0
7,25,TargetOnly,calibration,exploratory_cluster,1,31,945.185640642508,5102.304858435575,28.656551023773687,31.6732472595544,32.812455189845096,19915.96699599387,28437.213659957277,33.05811341264459,860.2188910477923,28404.155546544633,0,0.0,0
7,25,TargetOnly,calibration,exploratory_cluster,2,25,4574.8903447719795,10629.005887364654,29.469169723166118,28436.557897502687,28436.91869302111,28437.561231643358,28437.743511670902,28436.984011556142,1.0000267081809537,0.7595001147601579,0,0.0,1
7,25,TargetOnly,healthy_evaluation,exploratory_cluster,0,38,29.485398587173762,2.723359266679198,29.277295827880046,32.56564217675657,33.73717225053242,36.62624387551596,37.931524423342374,34.403739158946635,1.1025407514019692,3.527785264395739,0,0.0,0
7,25,TargetOnly,healthy_evaluation,exploratory_cluster,1,41,1240.880161353626,5478.368454199387,28.750780670387105,31.407692985648033,32.6156876448958,25593.946386892978,28437.64332143553,21328.400985079126,1.3333228000228368,7109.242336356405,0,0.0,0
7,25,TargetOnly,healthy_evaluation,exploratory_cluster,2,21,1385.4246856475027,6198.341887081731,27.90330612474561,32.82798597996293,120.66278652582739,22773.781604425207,28437.061308900025,120.66278652582739,235.67383223669532,28316.3985223742,0,0.0,0
7,50,Pooled,anomaly_evaluation,exploratory_cluster,0,260,105.35729452398813,131.82175631178282,49.36752863192574,251.84339052959737,531.5353596024715,541.0516017867943,626.8620000606029,542.0370907229723,1.1564928134797763,84.82490933763063,105,0.40384615384615385,0
7,50,Pooled,anomaly_evaluation,exploratory_cluster,1,208,111.2635102700385,152.58665521800697,63.26443600744839,324.88121036675415,417.74015245376484,539.8632132349193,1468.156918278807,541.3826765610988,2.711865343761356,926.7742417177083,124,0.5961538461538461,0
7,50,Pooled,anomaly_evaluation,exploratory_cluster,2,287,105.01164972663832,114.945399289369,64.06524043007478,230.74524373747798,419.44794779063267,539.3259400935575,541.3702151022271,540.2522877625663,1.0020692690525952,1.1179273396608096,161,0.5609756097560976,0
7,50,Pooled,calibration,exploratory_cluster,0,44,26.23478944948329,5.203407256942758,25.172501209234674,28.15128215542014,29.35531426871566,46.016651841526446,57.879892962600245,30.290960122893715,1.9107975689042287,27.58893283970653,0,0.0,1
7,50,Pooled,calibration,exploratory_cluster,1,31,25.943710300236752,1.694596891666768,25.796844962940042,27.60744824555816,28.48162011568092,30.433221285418902,31.14073637244385,28.782352749027357,1.0819385282357152,2.3583836234164934,0,0.0,0
7,50,Pooled,calibration,exploratory_cluster,2,25,26.14382312083251,2.4188822850174385,25.637140289393674,29.58691796252662,31.269693260528562,32.650382418731546,33.05013667646499,31.38449393590898,1.0530721554394809,1.665642740556006,0,0.0,0
7,50,Pooled,healthy_evaluation,exploratory_cluster,0,38,25.22879807227602,1.487765793071442,25.20732565474744,27.33717170584503,27.682991696443597,28.61589830508526,28.75182207673639,28.384460531733332,1.012942347260479,0.36736154500305673,0,0.0,0
7,50,Pooled,healthy_evaluation,exploratory_cluster,1,41,27.882189498419105,6.563121205422315,26.23886640510279,30.61417619021897,38.93727390538353,54.15237493617959,58.870435380193165,47.07528427015919,1.2505593177588281,11.795151110033977,1,0.024390243902439025,0
7,50,Pooled,healthy_evaluation,exploratory_cluster,2,21,25.62879460956855,2.4799889481985615,25.06181786515731,26.888205718198012,28.571932442019886,33.88293716694062,35.2106883481708,28.571932442019886,1.2323523590720624,6.638755906150912,0,0.0,0
7,50,RACE,anomaly_evaluation,exploratory_cluster,0,260,81.1953679307207,91.61832412564267,40.517592910509634,204.76309981114346,371.59679057888115,376.71596203704473,377.26509878441226,376.87257798387964,1.0010415212553603,0.3925208005326226,83,0.3192307692307692,0
7,50,RACE,anomaly_evaluation,exploratory_cluster,1,208,88.25717509431017,111.3664762781271,55.95188590480994,288.5072462531703,298.9603787627755,376.7232720373655,1137.1380362636612,377.1034337591222,3.015453943042102,760.034602504539,90,0.4326923076923077,0
7,50,RACE,anomaly_evaluation,exploratory_cluster,2,287,84.81770051735482,84.51398746705277,54.59537452602006,190.17119435360286,294.1596818763034,386.607654677743,388.6861361142096,387.28111213271745,1.003627917648126,1.4050239814921497,131,0.4564459930313589,0
7,50,RACE,calibration,exploratory_cluster,0,44,23.62841875339757,5.855597422998459,22.782207668796367,24.866328161520983,25.46370277320471,45.85125497177958,60.70266743336043,26.164498918056093,2.3200393641580344,34.538168515304335,0,0.0,1
7,50,RACE,calibration,exploratory_cluster,1,31,23.299199844833407,1.1960428502480236,23.157221943439616,24.710658109894553,25.303742929996496,25.63036855090272,25.70937939461792,25.446009915567252,1.0103501287598549,0.26336947905066665,0,0.0,0
7,50,RACE,calibration,exploratory_cluster,2,25,23.279421567007347,1.504003482266461,22.847288685579016,24.950573878894158,25.634033807036754,27.62971068316649,28.22837519227159,25.733939737667026,1.0969317360665702,2.494435454604563,0,0.0,0
7,50,RACE,healthy_evaluation,exploratory_cluster,0,38,22.734733393096434,1.1015962510247241,22.63941541094286,24.174523369549075,24.81221333566217,25.188985118472516,25.196680104063212,25.175882845709975,1.0008260786118481,0.020797258353237424,0,0.0,0
7,50,RACE,healthy_evaluation,exploratory_cluster,1,41,25.15795909186469,7.270696787693652,23.42571166789523,26.228634870971458,32.885041429004566,56.3941940111534,61.630121782509384,48.54030235411938,1.269669095443513,13.089819428390001,1,0.024390243902439025,0
7,50,RACE,healthy_evaluation,exploratory_cluster,2,21,23.059069118974275,2.1933596113978315,22.509482764628494,24.158785051842084,25.850674590553982,30.245268709591354,31.34391723935069,25.850674590553982,1.212499005763044,5.493242648796709,0,0.0,0
7,50,SourceOnly,anomaly_evaluation,exploratory_cluster,0,260,108.3283642331576,133.98100073115424,51.78109977722197,255.21014262055988,544.5054242614334,553.6644323134863,614.1332181254023,555.2070271840735,1.1061337268013225,58.926190941328855,102,0.3923076923076923,0
7,50,SourceOnly,anomaly_evaluation,exploratory_cluster,1,208,114.00038071438993,154.9897048728508,66.25249607502616,332.8865921452841,428.42570116465623,552.8825997915571,1484.1011178479648,554.2412373738036,2.6777168816960915,929.8598804741612,119,0.5721153846153846,0
7,50,SourceOnly,anomaly_evaluation,exploratory_cluster,2,287,108.00118884615836,117.26050488185346,66.15043263218294,234.64460545892777,430.1018314496422,551.8999383522621,554.3313911223405,553.46697658449,1.0015618177315382,0.8644145378505073,156,0.5435540069686411,0
7,50,SourceOnly,calibration,exploratory_cluster,0,44,36.43914568966278,5.034481361250047,36.591474835434056,39.216350760290915,40.852272204300334,53.7074431473273,62.880289611075185,41.54808853259172,1.513433994965852,21.332201078483465,0,0.0,1
7,50,SourceOnly,calibration,exploratory_cluster,1,31,35.76006085662077,3.654905183851686,36.72777400117541,39.397059055449624,39.60229246729495,39.86204336615672,39.94768482374424,39.6622132984525,1.0071975692113702,0.28547152529174014,0,0.0,0
7,50,SourceOnly,calibration,exploratory_cluster,2,25,35.92922897750264,4.050459740481005,35.91305183216416,39.945570271830384,41.12701111423357,43.304521578148076,43.91186629127825,41.38126331990255,1.0611533522264072,2.5306029713757,0,0.0,0
7,50,SourceOnly,healthy_evaluation,exploratory_cluster,0,38,35.24767347271405,3.709513282072601,36.37400913800559,38.720867339306075,39.06631216856858,39.91203639196408,40.3308443653042,39.1989309238444,1.0288761304143441,1.131913441459801,0,0.0,0
7,50,SourceOnly,healthy_evaluation,exploratory_cluster,1,41,36.145474977313725,5.981845680365827,35.565705922891965,40.78259704807294,40.79422212377411,57.59473097131875,61.968002022180706,51.03482439502577,1.2142297491322525,10.933177627154933,0,0.0,0
7,50,SourceOnly,healthy_evaluation,exploratory_cluster,2,21,36.212945022422886,3.231077008598117,36.855486889465986,38.24662288637885,40.254469015911404,43.243350115779506,43.99057039074653,40.254469015911404,1.0928120893448714,3.7361013748351226,0,0.0,0
7,50,TargetOnly,anomaly_evaluation,exploratory_cluster,0,260,274.0605587116559,111.65462753233442,231.97543362159965,349.43265362522635,666.7216521894701,672.6916517574515,674.3818814746113,673.1978222574103,1.0017588577652117,1.1840592172010247,260,1.0,0
7,50,TargetOnly,anomaly_evaluation,exploratory_cluster,1,208,271.28310522324233,119.52600903366836,235.03549236687826,348.12253148829774,503.9200289807234,673.5776233505198,1273.8196521432073,674.3153959380246,1.8890561595011874,599.5042562051827,208,1.0,0
7,50,TargetOnly,anomaly_evaluation,exploratory_cluster,2,287,502.43355068998164,2060.9716453747606,235.0793057211727,360.18180186561904,569.0883440825555,9830.052176872527,25871.971710852344,19769.967053356835,1.3086502188408766,6102.004657495509,287,1.0,0
7,50,TargetOnly,calibration,exploratory_cluster,0,44,30.55231629718949,1.980673088981511,30.401795435601738,33.35018622068598,34.16352580582901,34.796950307390546,35.06899603404671,34.436331553450984,1.01837200572929,0.6326644805957287,0,0.0,0
7,50,TargetOnly,calibration,exploratory_cluster,1,31,31.378367165438167,2.009771076605224,30.882158707196574,34.378050076664394,34.56051478830138,35.25788367996248,35.488498417790986,34.71978262502931,1.0221405704368527,0.7687157927616752,0,0.0,0
7,50,TargetOnly,calibration,exploratory_cluster,2,25,31.77742165675457,2.8185409130236705,31.54830605278265,35.12953160005448,36.396624343913025,38.60964647828158,39.259689198079684,36.55117786558763,1.074101889204563,2.7085113324920513,0,0.0,1
7,50,TargetOnly,healthy_evaluation,exploratory_cluster,0,38,30.282849102518572,2.1727149851084104,30.054710338300858,32.66453921823527,33.66770506807577,35.62957323613242,36.0435808298555,34.924641387360694,1.032038680944044,1.1189394424948063,0,0.0,0
7,50,TargetOnly,healthy_evaluation,exploratory_cluster,1,41,30.985130995347884,2.0535953369956115,30.47299846832465,34.33717811547263,34.41350767078374,34.563526503987646,34.57008456041552,34.55368941934583,1.0004744830825654,0.016395141069693864,0,0.0,0
7,50,TargetOnly,healthy_evaluation,exploratory_cluster,2,21,34.21393200586724,20.169055746144068,30.53096848107763,33.6546439756956,34.584137297911695,104.22653836533773,121.63713863219417,34.584137297911695,3.5171367030034033,87.05300133428247,1,0.047619047619047616,0
7,100,Pooled,anomaly_evaluation,exploratory_cluster,0,260,104.81381145330177,131.50088195125576,49.12418580597125,250.88815473800327,527.9276497231176,537.5167769138621,644.256066076927,538.3736975407262,1.1966707679440287,105.88236853620083,104,0.4,0
7,100,Pooled,anomaly_evaluation,exploratory_cluster,1,208,110.8292776486678,152.15972042843663,62.98265849594898,320.50280442727734,414.7700002738404,536.0291734158435,1467.177085521834,537.7904870260094,2.728157378973638,929.3865984958246,121,0.5817307692307693,0
7,100,Pooled,anomaly_evaluation,exploratory_cluster,2,287,104.53561107093999,114.5190570781261,63.86881157809482,231.1629620947367,416.5954851348105,536.0264337984055,537.7767483803879,536.9197658815458,1.0015961090525975,0.8569824988420578,159,0.554006968641115,0
7,100,Pooled,calibration,exploratory_cluster,0,44,25.30776119567954,5.329511708867476,24.36612468003736,26.88254696076647,27.33450820919551,45.321390469428344,58.26247916922068,28.16692405342453,2.0684714830314297,30.095555115796152,0,0.0,1
7,100,Pooled,calibration,exploratory_cluster,1,31,25.003480578435614,1.5548692207676749,25.206923074151813,26.76992947977597,27.37639774838339,28.347447080018682,28.67586504076157,27.581138504951955,1.0396911293423607,1.0947265358096132,0,0.0,0
7,100,Pooled,calibration,exploratory_cluster,2,25,25.17947393170363,2.185770211631529,24.866110978993117,28.06732249197217,29.10466164543878,31.084843618042246,31.6924923433238,29.160622654650687,1.0868249529050888,2.531869688673112,0,0.0,0
7,100,Pooled,healthy_evaluation,exploratory_cluster,0,38,24.44282223984939,1.3741573772755433,24.3542238588584,26.537531538320657,26.737369202878245,27.00659708816386,27.034043862732403,26.959863390925534,1.0027515151219883,0.07418047180686926,0,0.0,0
7,100,Pooled,healthy_evaluation,exploratory_cluster,1,41,27.014363895232346,6.627284822050776,25.601196003470452,28.253432058863517,37.266080229414264,54.16301968868687,58.894188151038165,47.06626699515989,1.2513035749594208,11.827921155878272,1,0.024390243902439025,0
7,100,Pooled,healthy_evaluation,exploratory_cluster,2,21,24.780816608077917,2.449434483539161,24.177829213092444,25.844934906910535,27.168984947649623,33.01668874569972,34.47861469521224,27.168984947649623,1.2690431667449897,7.309629747562614,0,0.0,0
7,100,RACE,anomaly_evaluation,exploratory_cluster,0,260,90.03425327235513,101.67937837047441,44.364836776416425,226.83382633397494,405.6712351550918,417.3379711663353,417.96471489104334,417.5472142601883,1.0009998884355984,0.4175006308550451,81,0.31153846153846154,0
7,100,RACE,anomaly_evaluation,exploratory_cluster,1,208,98.21246724893291,124.6269587660004,60.37055349083603,319.6574160280102,331.8631105852012,416.8225786438167,1284.786340807741,417.44620580524673,3.0777291132145033,867.3401350024942,87,0.4182692307692308,0
7,100,RACE,anomaly_evaluation,exploratory_cluster,2,287,93.92608198735996,93.46640253781064,59.50286382186624,210.4808221171846,329.01363962259234,424.4379826389994,426.36399971218674,425.17208518030435,1.002803369678837,1.1919145318823894,124,0.43205574912891986,0
7,100,RACE,calibration,exploratory_cluster,0,44,24.472376690921916,7.326796481354636,23.417589163249918,25.46596825877137,26.235857072290255,52.26030614990863,71.04171563316953,27.364019160469734,2.5961725584448105,43.67769647269979,0,0.0,1
7,100,RACE,calibration,exploratory_cluster,1,31,24.07198523326228,1.3288342002674023,24.060753508406155,25.840374320306942,26.233277418081535,26.540299216807654,26.6680381084354,26.242241803009584,1.0162256071193194,0.42579630542581626,0,0.0,0
7,100,RACE,calibration,exploratory_cluster,2,25,23.963652106392143,1.5907793394788539,23.8428218440312,25.682100751684423,26.28348603886536,28.168050487399363,28.739123519557573,26.359652552231715,1.0902694359347465,2.379470967325858,0,0.0,0
7,100,RACE,healthy_evaluation,exploratory_cluster,0,38,23.49276340727165,1.1665419689440235,23.46361601338486,24.76897826908559,25.683091736599106,26.277464369813554,26.61816907038561,25.69734555532599,1.0358334098390474,0.9208235150596167,0,0.0,0
7,100,RACE,healthy_evaluation,exploratory_cluster,1,41,26.475878074792018,8.945936459419947,24.483367987605376,26.977820091306874,35.012804632972745,65.17652563374763,71.55413144426845,55.61011691796633,1.2867106816161176,15.94401452630212,1,0.024390243902439025,0
7,100,RACE,healthy_evaluation,exploratory_cluster,2,21,23.77944427688819,2.5781550199023835,23.217205324650465,24.727738506883963,26.120173685689693,32.42994851129244,34.007392217693116,26.120173685689693,1.3019588853777242,7.887218532003423,0,0.0,0
7,100,SourceOnly,anomaly_evaluation,exploratory_cluster,0,260,108.3283642331576,133.98100073115424,51.78109977722197,255.21014262055988,544.5054242614334,553.6644323134863,614.1332181254023,555.2070271840735,1.1061337268013225,58.926190941328855,102,0.3923076923076923,0
7,100,SourceOnly,anomaly_evaluation,exploratory_cluster,1,208,114.00038071438993,154.9897048728508,66.25249607502616,332.8865921452841,428.42570116465623,552.8825997915571,1484.1011178479648,554.2412373738036,2.6777168816960915,929.8598804741612,119,0.5721153846153846,0
7,100,SourceOnly,anomaly_evaluation,exploratory_cluster,2,287,108.00118884615836,117.26050488185346,66.15043263218294,234.64460545892777,430.1018314496422,551.8999383522621,554.3313911223405,553.46697658449,1.0015618177315382,0.8644145378505073,156,0.5435540069686411,0
7,100,SourceOnly,calibration,exploratory_cluster,0,44,36.43914568966278,5.034481361250047,36.591474835434056,39.216350760290915,40.852272204300334,53.7074431473273,62.880289611075185,41.54808853259172,1.513433994965852,21.332201078483465,0,0.0,1
7,100,SourceOnly,calibration,exploratory_cluster,1,31,35.76006085662077,3.654905183851686,36.72777400117541,39.397059055449624,39.60229246729495,39.86204336615672,39.94768482374424,39.6622132984525,1.0071975692113702,0.28547152529174014,0,0.0,0
7,100,SourceOnly,calibration,exploratory_cluster,2,25,35.92922897750264,4.050459740481005,35.91305183216416,39.945570271830384,41.12701111423357,43.304521578148076,43.91186629127825,41.38126331990255,1.0611533522264072,2.5306029713757,0,0.0,0
7,100,SourceOnly,healthy_evaluation,exploratory_cluster,0,38,35.24767347271405,3.709513282072601,36.37400913800559,38.720867339306075,39.06631216856858,39.91203639196408,40.3308443653042,39.1989309238444,1.0288761304143441,1.131913441459801,0,0.0,0
7,100,SourceOnly,healthy_evaluation,exploratory_cluster,1,41,36.145474977313725,5.981845680365827,35.565705922891965,40.78259704807294,40.79422212377411,57.59473097131875,61.968002022180706,51.03482439502577,1.2142297491322525,10.933177627154933,0,0.0,0
7,100,SourceOnly,healthy_evaluation,exploratory_cluster,2,21,36.212945022422886,3.231077008598117,36.855486889465986,38.24662288637885,40.254469015911404,43.243350115779506,43.99057039074653,40.254469015911404,1.0928120893448714,3.7361013748351226,0,0.0,0
7,100,TargetOnly,anomaly_evaluation,exploratory_cluster,0,260,284.6594709611141,121.02706240097724,237.2830457818451,412.0500782485678,680.3545292951761,716.2583014643229,720.7136212681875,717.6156961718484,1.0043169695323906,3.097925096339054,260,1.0,0
7,100,TargetOnly,anomaly_evaluation,exploratory_cluster,1,208,281.8813632082453,140.2750452065977,239.72231925396898,412.09580771253945,525.94597941221,716.4244838811485,1590.8051219434865,716.5451257638844,2.2201045890132645,874.2599961796021,208,1.0,0
7,100,TargetOnly,anomaly_evaluation,exploratory_cluster,2,287,281.6124469143216,109.11280788463839,241.13373923917518,375.63288470919935,559.5658840264327,714.7223615457403,720.9005021693495,717.8152311212913,1.0042981409620393,3.085271048058189,287,1.0,0
7,100,TargetOnly,calibration,exploratory_cluster,0,44,32.51269625645318,2.4568587377160096,32.472705449926394,35.06042840163691,36.258350827166176,37.674965553891425,38.41161311311536,36.69847925445505,1.0466813310377796,1.7131338586603064,0,0.0,0
7,100,TargetOnly,calibration,exploratory_cluster,1,31,33.57797402557927,2.5677965049573848,32.697312525920246,37.44351699307704,38.637251221504165,39.696781756283514,39.988171903460334,39.01687141287095,1.024894371471029,0.9713004905893854,0,0.0,1
7,100,TargetOnly,calibration,exploratory_cluster,2,25,33.29835536555651,2.6337765923015115,33.46381364038228,36.8060811117125,37.24307896230373,38.51192943048219,38.90919944721357,37.253907710832856,1.044432700838505,1.6552917363807111,0,0.0,0
7,100,TargetOnly,healthy_evaluation,exploratory_cluster,0,38,32.27232385052485,2.054851199332483,32.24896773241187,34.81368722157463,36.0536424998463,36.2547032808226,36.33819860339791,36.11253556941059,1.0062488836751322,0.225663033987324,0,0.0,0
7,100,TargetOnly,healthy_evaluation,exploratory_cluster,1,41,33.346790298438606,2.119932970720573,33.012897447358995,36.52592587223513,36.94780976824263,38.25991590211758,39.02627185071915,37.110381979215205,1.0516267893059412,1.9158898715039427,0,0.0,0
7,100,TargetOnly,healthy_evaluation,exploratory_cluster,2,21,33.97227928659656,10.590068452275135,31.80256073485501,34.4254421222396,34.437743382408684,70.50147961034345,79.5174136673271,34.437743382408684,2.309019286900947,45.07967028491842,1,0.047619047619047616,0
8,10,Pooled,anomaly_evaluation,exploratory_cluster,0,260,110.2755182770395,132.93957223289647,59.7720620868752,253.19076998637243,541.5859400570073,552.7169683619046,613.1577255243292,554.1786164379621,1.1064261726038098,58.97910908636709,139,0.5346153846153846,0
8,10,Pooled,anomaly_evaluation,exploratory_cluster,1,208,112.78727095684494,154.54247177377553,63.12937985047192,327.8628697728777,425.5580279131306,551.847515079644,1476.5563169242785,553.2588914180599,2.668834319390171,923.2974255062186,127,0.6105769230769231,0
8,10,Pooled,anomaly_evaluation,exploratory_cluster,2,287,108.28106775189966,116.21230539656271,65.38408916253886,231.36818610630831,427.2398378772194,550.8467458135162,553.3063803435736,552.3787340959285,1.0016793663303554,0.9276462476450433,182,0.6341463414634146,0
8,10,Pooled,calibration,exploratory_cluster,0,43,29.788657559836828,6.106388431564962,28.63989046725993,31.070371017874542,32.95640797588426,56.04829013054174,56.693983062277205,55.15661893909753,1.0278727041785718,1.5373641231796782,0,0.0,0
8,10,Pooled,calibration,exploratory_cluster,1,28,30.06167235119535,5.582829412006781,28.960572310371433,32.69956069314564,32.8110741611119,50.07463777251313,56.44682618074641,32.846128372474936,1.7185229729555849,23.600697808271477,0,0.0,0
8,10,Pooled,calibration,exploratory_cluster,2,29,31.71014101022209,8.918369269753594,29.024184354268364,40.74855127490093,56.362631890464186,57.004436101455184,57.217226985015586,56.45725954372844,1.0134609339424014,0.7599674412871451,0,0.0,1
8,10,Pooled,healthy_evaluation,exploratory_cluster,0,38,30.380181465064336,6.492557411801051,28.576092127845936,31.958545264355372,36.46736338590346,56.61453688628002,56.71539295741349,56.44280898137709,1.0048293836000675,0.27258397603640105,0,0.0,0
8,10,Pooled,healthy_evaluation,exploratory_cluster,1,35,33.0749574475846,9.737691038953304,29.58928850140751,51.46811921095973,56.009239261752086,59.671108723009624,61.21579842785619,56.67259341360163,1.0801658216185352,4.543205014254561,1,0.02857142857142857,0
8,10,Pooled,healthy_evaluation,exploratory_cluster,2,27,31.005532991347323,7.696620992946203,28.88169435018766,34.8443044212066,50.089099675068915,56.690587014721665,56.8802660258349,56.15073136770709,1.0129924337645828,0.729534658127811,0,0.0,0
8,10,RACE,anomaly_evaluation,exploratory_cluster,0,260,81.45485438075247,92.24384991860879,43.00534953959652,196.78910108039096,346.38975130572925,384.00585027157183,384.91603506118804,384.7844207124463,1.000342046979184,0.13161434874172073,179,0.6884615384615385,0
8,10,RACE,anomaly_evaluation,exploratory_cluster,1,208,85.44943114904953,111.23589832199944,54.036731353317066,278.83564467585853,298.3854748472717,383.8413743281802,1108.7918935030318,384.368995264794,2.8847069018643885,724.4228982382378,149,0.7163461538461539,0
8,10,RACE,anomaly_evaluation,exploratory_cluster,2,287,82.57573170823817,84.05587408831761,51.93449277847253,179.37065899604605,297.3127387370587,383.3060179718303,384.8805864994269,384.63599824844937,1.0006358953714456,0.2445882509775288,227,0.7909407665505227,0
8,10,RACE,calibration,exploratory_cluster,0,43,32.13721114187453,3.0539849629602327,32.85013209734789,34.54961944350087,34.79436661335373,35.78610712866734,36.41731215139119,34.91444304966774,1.0430443384013182,1.502869101723448,0,0.0,0
8,10,RACE,calibration,exploratory_cluster,1,28,30.448040655235847,4.853943106130787,32.70566270300646,34.68405779235265,36.02505312508353,36.3646686526145,36.392535608308386,36.289324661293975,1.0028441131924535,0.10321094701441069,0,0.0,0
8,10,RACE,calibration,exploratory_cluster,2,29,31.760290463764594,4.2913858639749956,32.92531827422992,36.27613176552747,36.96264207266296,37.32181701585024,37.38728376789839,37.153473939155006,1.006293081210287,0.2338098287433823,0,0.0,1
8,10,RACE,healthy_evaluation,exploratory_cluster,0,38,30.471847457612654,4.5840283166264655,32.4993194519966,34.58854687834789,35.171318860953996,36.48765684599843,36.70026644080751,36.12564591429648,1.015906166158918,0.5746205265110333,0,0.0,0
8,10,RACE,healthy_evaluation,exploratory_cluster,1,35,32.1314475118101,4.040313222758025,33.083722621210846,35.30409702682987,35.7938084370669,39.55404709370681,41.43747415858731,35.89798279129178,1.1543120514459466,5.5394913672955255,1,0.02857142857142857,0
8,10,RACE,healthy_evaluation,exploratory_cluster,2,27,31.12315776511062,4.800783825928845,33.045335982432526,35.525533796545325,36.15235514922553,37.26920383633889,37.617924604846706,36.276690879816634,1.0369723283050687,1.3412337250300723,1,0.037037037037037035,0
8,10,SourceOnly,anomaly_evaluation,exploratory_cluster,0,260,108.3283642331576,133.98100073115424,51.78109977722197,255.21014262055988,544.5054242614334,553.6644323134863,614.1332181254023,555.2070271840735,1.1061337268013225,58.926190941328855,184,0.7076923076923077,0
8,10,SourceOnly,anomaly_evaluation,exploratory_cluster,1,208,114.00038071438993,154.9897048728508,66.25249607502616,332.8865921452841,428.42570116465623,552.8825997915571,1484.1011178479648,554.2412373738036,2.6777168816960915,929.8598804741612,161,0.7740384615384616,0
8,10,SourceOnly,anomaly_evaluation,exploratory_cluster,2,287,108.00118884615836,117.26050488185346,66.15043263218294,234.64460545892777,430.1018314496422,551.8999383522621,554.3313911223405,553.46697658449,1.0015618177315382,0.8644145378505073,245,0.8536585365853658,0
8,10,SourceOnly,calibration,exploratory_cluster,0,43,36.1707655738554,3.0445577900762153,36.76248599937759,38.95183763753567,39.488590012257646,40.890717151220635,41.129137312134134,40.56147026234009,1.0139952286276246,0.5676670497940464,0,0.0,0
8,10,SourceOnly,calibration,exploratory_cluster,1,28,35.189851809064514,4.485256144867479,36.941767781332295,39.23568629511304,40.05559736726616,41.73804379139978,42.22916597679238,40.41019491978276,1.0450126771380444,1.8189710570096196,0,0.0,0
8,10,SourceOnly,calibration,exploratory_cluster,2,29,35.60292837083718,3.6536022841564364,35.756854619741816,40.13889563642841,41.459618469650586,43.50686508420431,43.99057039074653,42.263051438810045,1.040875395720956,1.7275189519364815,0,0.0,1
8,10,SourceOnly,healthy_evaluation,exploratory_cluster,0,38,35.211358526512015,3.981676913913603,36.37964705252562,39.26218037558695,40.73065378049682,41.84722853457891,42.008934249455876,41.57189177681542,1.0105129320307764,0.4370424726404565,0,0.0,0
8,10,SourceOnly,healthy_evaluation,exploratory_cluster,1,35,37.497771768037445,6.638901961062232,37.3008395657579,40.65062759776957,46.11022223313055,60.793811067016186,61.968002022180706,58.51449921287333,1.0590196080589134,3.4535028093073734,2,0.05714285714285714,0
8,10,SourceOnly,healthy_evaluation,exploratory_cluster,2,27,35.1302909717354,4.428785648014832,36.581176408135484,39.755718921322455,40.91915850591587,43.25390951872056,43.91186629127825,41.38126331990255,1.0611533522264072,2.5306029713757,0,0.0,0
8,10,TargetOnly,anomaly_evaluation,exploratory_cluster,0,260,216.48612769092233,87.35304147280945,184.15022578807805,299.7406455713031,498.6909685703006,505.9041542866248,718.6748124156013,508.3466079418634,1.4137495975930499,210.3282044737379,260,1.0,0
8,10,TargetOnly,anomaly_evaluation,exploratory_cluster,1,208,215.03500997755353,107.8229973691144,187.184844357948,285.6924829727511,412.4824359011818,500.9631681740574,1341.1958490764598,501.74081493370664,2.6730850055594293,839.4550341427532,208,1.0,0
8,10,TargetOnly,anomaly_evaluation,exploratory_cluster,2,287,244.98761639372975,286.9365585482563,185.08341081594935,320.29666289129455,500.0141906183597,1415.211247120091,3692.5419681101957,2823.259793262124,1.3079001716110805,869.2821748480719,287,1.0,0
8,10,TargetOnly,calibration,exploratory_cluster,0,43,43.80434724545931,13.397997944717236,38.392452843248726,60.28039393982132,74.45379485492099,76.78838152409038,77.9417805935585,75.19559233292014,1.0365206014799366,2.7461882606383625,0,0.0,0
8,10,TargetOnly,calibration,exploratory_cluster,1,28,34.37529320363803,2.9297220605454175,33.526664743362,38.33265696248012,39.57989386000371,40.719200919562134,41.065410629525005,39.783152444477345,1.0322311859734399,1.2822581850476595,0,0.0,0
8,10,TargetOnly,calibration,exploratory_cluster,2,29,34.00212981299442,18.593054173907063,30.040911648812504,36.30268459211505,45.675956830630064,104.93174438177117,127.4501456452259,47.027283990030746,2.7101319666311987,80.42286165519516,0,0.0,1
8,10,TargetOnly,healthy_evaluation,exploratory_cluster,0,38,49.460424503274865,20.945578236867817,44.287205285785916,67.23714257590797,72.48045889491534,123.46423435250261,145.63838637192933,85.70824577888376,1.6992342457650762,59.930140593045564,1,0.02631578947368421,0
8,10,TargetOnly,healthy_evaluation,exploratory_cluster,1,35,34.08137166494748,3.4856961484718934,34.096492230993995,37.66703596121622,39.55899006514541,41.89914562206143,42.033917346013816,41.63752992262445,1.009519955293361,0.3963874233893634,0,0.0,0
8,10,TargetOnly,healthy_evaluation,exploratory_cluster,2,27,93.30837139957102,312.2752654490354,31.755320331017828,40.18312689091867,51.85842147629651,1239.8349734529527,1655.5577344609098,56.62403827646886,29.237719259399885,1598.933696184441,1,0.037037037037037035,0
8,25,Pooled,anomaly_evaluation,exploratory_cluster,0,260,107.48103546582126,132.9903047925688,52.16802441300904,251.5048890680166,539.9977639545879,549.9133825498749,617.0468442951479,551.2412734847787,1.1193770749319376,65.8055708103692,190,0.7307692307692307,0
8,25,Pooled,anomaly_evaluation,exploratory_cluster,1,208,110.92550211452188,154.4116529384486,60.14916139751705,325.31522878806925,424.20283991823266,549.1585093890405,1476.5079540096729,550.2933286275983,2.6831289372378975,926.2146253820746,163,0.7836538461538461,0
8,25,Pooled,anomaly_evaluation,exploratory_cluster,2,287,105.76738454840921,116.22081242949466,59.93556162110776,230.16196236731957,425.79818624178716,547.9934729708733,550.463268817951,549.4679898101699,1.0018113502992685,0.9952790077810505,245,0.8536585365853658,0
8,25,Pooled,calibration,exploratory_cluster,0,43,26.65114123793057,3.7033247276709806,25.932130978754966,28.899507667747322,30.132032294820394,41.37995743043867,42.29245559487691,40.11984091764302,1.0541531229322116,2.172614677233895,0,0.0,0
8,25,Pooled,calibration,exploratory_cluster,1,28,27.685127357453123,3.2516613315738354,26.877488429589135,30.69154744143473,30.716602079633592,38.756802399324954,41.73010273782958,30.717879261886505,1.3584955648161101,11.012223475943077,0,0.0,0
8,25,Pooled,calibration,exploratory_cluster,2,29,28.47731394166946,5.310813859645513,27.200051719242133,36.21746033123207,41.98197901998537,42.7990486551253,43.112728104243686,41.99244435739231,1.0266782218562174,1.1202837468513778,0,0.0,1
8,25,Pooled,healthy_evaluation,exploratory_cluster,0,38,27.50368138470079,3.976844788886708,26.375997106430972,29.987891467829503,32.37189128739194,42.104254463558156,42.377089595241536,41.63969734744861,1.017708876259114,0.7373922477929256,0,0.0,0
8,25,Pooled,healthy_evaluation,exploratory_cluster,1,35,29.681084895747347,6.497224053983234,27.412667213559367,41.74511293143152,42.80445347087639,46.72730563410926,48.20325366724538,43.86223004037447,1.0989695148394203,4.341023626870907,2,0.05714285714285714,0
8,25,Pooled,healthy_evaluation,exploratory_cluster,2,27,28.218548766882503,4.7033350049872285,26.793162259428968,33.89604528399406,39.86182118053801,42.267240581444725,42.43232685114759,41.79737965998271,1.0151910764820693,0.6349471911648834,0,0.0,0
8,25,RACE,anomaly_evaluation,exploratory_cluster,0,260,77.76132478482569,88.38313351309186,38.99874861295361,193.35338192803275,346.78992369926357,365.22541724673425,366.24643615549184,365.741522461981,1.001380520565759,0.5049136935108436,244,0.9384615384615385,0
8,25,RACE,anomaly_evaluation,exploratory_cluster,1,208,81.88473879531514,107.9521964716372,49.784974712762136,275.5241153423592,286.76173270538135,365.30513198771007,1093.8101236110035,365.40591887369663,2.9934110727666714,728.4042047373068,199,0.9567307692307693,0
8,25,RACE,anomaly_evaluation,exploratory_cluster,2,287,79.31242067194137,81.42793024927334,48.71260655123526,177.79144541725032,283.567248458283,366.30254251728235,367.6932233127631,367.24239431867323,1.0012276060745282,0.45082899408987487,282,0.9825783972125436,0
8,25,RACE,calibration,exploratory_cluster,0,43,24.44610629090903,1.208088504492801,24.351894643144792,25.894597678278796,26.100562358320676,27.06234539313842,27.573131496978284,26.356974106883374,1.0461417682152405,1.21615739009491,0,0.0,0
8,25,RACE,calibration,exploratory_cluster,1,28,24.706332109299478,1.906524133600059,25.219312829830113,26.61326267544808,27.09026442946172,27.792618426435464,27.96280848616159,27.332474931620382,1.0230617079542983,0.6303335545412097,0,0.0,0
8,25,RACE,calibration,exploratory_cluster,2,29,24.974380669898284,2.2816336005643976,24.47160287638523,27.631707477681868,28.68218351698125,30.456283234109993,31.020036548942958,29.006631853110942,1.069411874706028,2.0134046958320155,0,0.0,1
8,25,RACE,healthy_evaluation,exploratory_cluster,0,38,24.352483360903655,1.852753722193829,24.38740145764911,26.602484651355578,26.897598698474283,28.620377689861208,29.043616348882647,27.89972808125713,1.0409999790784332,1.1438882676255169,0,0.0,0
8,25,RACE,healthy_evaluation,exploratory_cluster,1,35,25.702990112433323,2.8610470040402602,25.309637539609966,27.455508055738413,32.21954257664677,34.317960280393024,34.69167705584372,33.59251006922405,1.0327205970722229,1.0991669866196716,3,0.08571428571428572,0
8,25,RACE,healthy_evaluation,exploratory_cluster,2,27,24.697216728758512,2.312254875972086,24.64056405409472,27.520605966011637,28.416327161121785,30.840194110801804,31.590639433967194,28.704311267946476,1.100553820611743,2.886328166020718,1,0.037037037037037035,0
8,25,SourceOnly,anomaly_evaluation,exploratory_cluster,0,260,108.3283642331576,133.98100073115424,51.78109977722197,255.21014262055988,544.5054242614334,553.6644323134863,614.1332181254023,555.2070271840735,1.1061337268013225,58.926190941328855,184,0.7076923076923077,0
8,25,SourceOnly,anomaly_evaluation,exploratory_cluster,1,208,114.00038071438993,154.9897048728508,66.25249607502616,332.8865921452841,428.42570116465623,552.8825997915571,1484.1011178479648,554.2412373738036,2.6777168816960915,929.8598804741612,161,0.7740384615384616,0
8,25,SourceOnly,anomaly_evaluation,exploratory_cluster,2,287,108.00118884615836,117.26050488185346,66.15043263218294,234.64460545892777,430.1018314496422,551.8999383522621,554.3313911223405,553.46697658449,1.0015618177315382,0.8644145378505073,245,0.8536585365853658,0
8,25,SourceOnly,calibration,exploratory_cluster,0,43,36.1707655738554,3.0445577900762153,36.76248599937759,38.95183763753567,39.488590012257646,40.890717151220635,41.129137312134134,40.56147026234009,1.0139952286276246,0.5676670497940464,0,0.0,0
8,25,SourceOnly,calibration,exploratory_cluster,1,28,35.189851809064514,4.485256144867479,36.941767781332295,39.23568629511304,40.05559736726616,41.73804379139978,42.22916597679238,40.41019491978276,1.0450126771380444,1.8189710570096196,0,0.0,0
8,25,SourceOnly,calibration,exploratory_cluster,2,29,35.60292837083718,3.6536022841564364,35.756854619741816,40.13889563642841,41.459618469650586,43.50686508420431,43.99057039074653,42.263051438810045,1.040875395720956,1.7275189519364815,0,0.0,1
8,25,SourceOnly,healthy_evaluation,exploratory_cluster,0,38,35.211358526512015,3.981676913913603,36.37964705252562,39.26218037558695,40.73065378049682,41.84722853457891,42.008934249455876,41.57189177681542,1.0105129320307764,0.4370424726404565,0,0.0,0
8,25,SourceOnly,healthy_evaluation,exploratory_cluster,1,35,37.497771768037445,6.638901961062232,37.3008395657579,40.65062759776957,46.11022223313055,60.793811067016186,61.968002022180706,58.51449921287333,1.0590196080589134,3.4535028093073734,2,0.05714285714285714,0
8,25,SourceOnly,healthy_evaluation,exploratory_cluster,2,27,35.1302909717354,4.428785648014832,36.581176408135484,39.755718921322455,40.91915850591587,43.25390951872056,43.91186629127825,41.38126331990255,1.0611533522264072,2.5306029713757,0,0.0,0
8,25,TargetOnly,anomaly_evaluation,exploratory_cluster,0,260,238.0484450381602,95.84750449509788,202.28254144324487,300.61656150557934,565.0832768252588,581.0064026205274,583.2847862919565,582.9518957291431,1.0005710429372514,0.332890562813418,260,1.0,0
8,25,TargetOnly,anomaly_evaluation,exploratory_cluster,1,208,238.0513219245404,114.0924127385624,206.08927144790152,301.0837076790152,429.7877389492327,581.4492983608412,1361.6298305761973,582.4394143797314,2.337805095189625,779.1904161964659,208,1.0,0
8,25,TargetOnly,anomaly_evaluation,exploratory_cluster,2,287,437.1958024389712,1787.8154056508238,205.81605229894052,324.758368605127,511.3021749929492,8526.530510967264,22445.138920243775,17151.950973520223,1.3086055898186368,5293.187946723552,287,1.0,0
8,25,TargetOnly,calibration,exploratory_cluster,0,43,28.794769788963887,2.383203458005161,28.79656728933108,32.128123370015224,32.27211068861097,33.57617201991688,34.207013760141216,32.70500961674995,1.0459258126199118,1.502004143391268,0,0.0,0
8,25,TargetOnly,calibration,exploratory_cluster,1,28,30.24389580235472,1.8513630213975156,29.87565769797874,32.91974265271935,33.484071013966066,33.67362779676293,33.695089244997675,33.615602399683794,1.0023645819095786,0.0794868453138804,0,0.0,0
8,25,TargetOnly,calibration,exploratory_cluster,2,29,32.541767513835694,18.18945823507068,28.87628599426869,32.88819669413162,33.797364959347775,100.48678666102948,126.3017640831791,34.10541614693088,3.7032758532853998,92.19634793624822,0,0.0,1
8,25,TargetOnly,healthy_evaluation,exploratory_cluster,0,38,30.785336045521557,7.147074670223902,29.72757184695427,32.81873590076656,34.55720472164491,58.8180079697141,70.78290686501325,38.44534228312345,1.8411308798799584,32.337564581889794,0,0.0,0
8,25,TargetOnly,healthy_evaluation,exploratory_cluster,1,35,29.81797190738331,2.5139198519756616,29.70096201517618,33.17326307189146,33.72611802715262,33.92717664087075,33.95829597298714,33.86676852558599,1.0027025739799178,0.09152744740114827,0,0.0,0
8,25,TargetOnly,healthy_evaluation,exploratory_cluster,2,27,403.7423685829042,1939.003507462289,30.6322750077291,34.987756273794275,37.07207705020678,7488.165308274702,10105.927611902916,37.61105948676399,268.69563766102823,10068.316552416152,1,0.037037037037037035,0
8,50,Pooled,anomaly_evaluation,exploratory_cluster,0,260,105.53665480694288,132.95353428249572,49.176209758266516,249.54139854989845,536.2929959340053,546.6814245361694,627.8704147858869,548.0162599154655,1.1457149371493818,79.85415487042133,258,0.9923076923076923,0
8,50,Pooled,anomaly_evaluation,exploratory_cluster,1,208,109.61395059731362,153.93497837047744,59.2420824407132,322.4498892023429,421.77733926160215,546.0935339266554,1471.6242610407146,547.2639110880247,2.689057749331494,924.36034995269,208,1.0,0
8,50,Pooled,anomaly_evaluation,exploratory_cluster,2,287,103.93747742138784,115.98845848712239,59.25383568218163,229.11593138743393,423.33947198795664,544.8695252885157,547.2512948861104,546.1764303777435,1.0019679803971466,1.0748645083668862,287,1.0,0
8,50,Pooled,calibration,exploratory_cluster,0,43,25.243410307185417,2.055215124031654,25.063069637563576,27.38594523268773,27.88296899905602,31.299938138518893,33.115313875580945,28.792990692099888,1.150117201429409,4.322323183481057,0,0.0,0
8,50,Pooled,calibration,exploratory_cluster,1,28,26.534740700911193,1.9451771287519255,26.18611278702879,29.229863372400146,29.656678678030957,31.9097637081563,32.658910138192766,29.884293730650302,1.0928453063856993,2.7746164075424637,0,0.0,0
8,50,Pooled,calibration,exploratory_cluster,2,29,26.457068563300485,3.004074717829019,25.72680470189921,31.564627930139224,32.97711370377276,33.96433705918681,34.24512331385952,33.24231526145699,1.0301666127799842,1.0028080524025356,0,0.0,1
8,50,Pooled,healthy_evaluation,exploratory_cluster,0,38,26.07463024529046,2.2694311621710814,25.616154138895126,28.859121116311247,29.628180069549114,32.04534648146809,33.35402661353344,29.817053283627043,1.1186224975440011,3.536973329906399,0,0.0,0
8,50,Pooled,healthy_evaluation,exploratory_cluster,1,35,27.55236705277637,4.321831370944243,26.380977581076603,31.840588369118947,39.2547933624717,39.94940528839592,40.163473409418174,39.5338612887645,1.0159258949196701,0.6296121206536753,3,0.08571428571428572,0
8,50,Pooled,healthy_evaluation,exploratory_cluster,2,27,26.59458473115138,2.8919031160693236,26.04775507229151,31.53624311701025,32.222534245080055,34.32832431241137,35.05523570017792,32.259422670306584,1.086666555023155,2.795813029871333,1,0.037037037037037035,0
8,50,RACE,anomaly_evaluation,exploratory_cluster,0,260,82.99896937726274,95.0383450675838,41.26435960691303,205.2166817170985,376.1152937192949,391.6285550197679,392.38525507850966,391.9089950322998,1.001215231220122,0.47626004620985896,257,0.9884615384615385,0
8,50,RACE,anomaly_evaluation,exploratory_cluster,1,208,87.47129157417115,116.67791302472422,52.23839398562228,295.6979424042219,307.8894470022598,391.704184559525,1188.9592538755135,391.9264752536315,3.0336283179289936,797.032778621882,205,0.9855769230769231,0
8,50,RACE,anomaly_evaluation,exploratory_cluster,2,287,84.52594872194058,87.48586602238565,50.9481970783711,189.0895596341797,304.6728201484241,394.0334844600032,395.4742096312114,395.2952681983472,1.0004526779024698,0.17894143286423514,287,1.0,0
8,50,RACE,calibration,exploratory_cluster,0,43,23.324087313117698,1.0793331399351096,23.346952524102228,24.618601409799748,25.097764051308918,25.621834325983198,25.72744924494325,25.47598515218122,1.009870632725679,0.2514640927620313,0,0.0,0
8,50,RACE,calibration,exploratory_cluster,1,28,24.225234399099786,1.2761958839644787,24.34192963666007,25.669692656721022,26.13401103736184,26.705087735755384,26.856048071201997,26.29693571769602,1.0212615020817704,0.5591123535059772,0,0.0,0
8,50,RACE,calibration,exploratory_cluster,2,29,23.896327150400484,2.1591196916194204,23.735568827226803,26.07568703928694,26.886566922300627,30.438597941856397,31.65955672114585,27.298989652254956,1.1597336430555665,4.360567068890894,0,0.0,1
8,50,RACE,healthy_evaluation,exploratory_cluster,0,38,23.645086439461796,1.5213756462657022,23.595499427869598,25.279835901495208,26.13911764174101,27.640440132337925,28.322508325747677,26.47908077599158,1.0696182607451963,1.8434275497560968,0,0.0,0
8,50,RACE,healthy_evaluation,exploratory_cluster,1,35,24.757425465093547,2.7635981086877703,24.246926592598008,26.8117188872991,30.9947167297648,33.62018530800526,34.753361711391605,31.420489936725925,1.1060731955923464,3.33287177466568,1,0.02857142857142857,0
8,50,RACE,healthy_evaluation,exploratory_cluster,2,27,24.08971943601824,2.507380186317877,23.621828443381226,25.658170213912246,27.652985345123316,32.93360936011213,34.55331625826836,28.323674342282885,1.2199446950527029,6.229641915985475,1,0.037037037037037035,0
8,50,SourceOnly,anomaly_evaluation,exploratory_cluster,0,260,108.3283642331576,133.98100073115424,51.78109977722197,255.21014262055988,544.5054242614334,553.6644323134863,614.1332181254023,555.2070271840735,1.1061337268013225,58.926190941328855,184,0.7076923076923077,0
8,50,SourceOnly,anomaly_evaluation,exploratory_cluster,1,208,114.00038071438993,154.9897048728508,66.25249607502616,332.8865921452841,428.42570116465623,552.8825997915571,1484.1011178479648,554.2412373738036,2.6777168816960915,929.8598804741612,161,0.7740384615384616,0
8,50,SourceOnly,anomaly_evaluation,exploratory_cluster,2,287,108.00118884615836,117.26050488185346,66.15043263218294,234.64460545892777,430.1018314496422,551.8999383522621,554.3313911223405,553.46697658449,1.0015618177315382,0.8644145378505073,245,0.8536585365853658,0
8,50,SourceOnly,calibration,exploratory_cluster,0,43,36.1707655738554,3.0445577900762153,36.76248599937759,38.95183763753567,39.488590012257646,40.890717151220635,41.129137312134134,40.56147026234009,1.0139952286276246,0.5676670497940464,0,0.0,0
8,50,SourceOnly,calibration,exploratory_cluster,1,28,35.189851809064514,4.485256144867479,36.941767781332295,39.23568629511304,40.05559736726616,41.73804379139978,42.22916597679238,40.41019491978276,1.0450126771380444,1.8189710570096196,0,0.0,0
8,50,SourceOnly,calibration,exploratory_cluster,2,29,35.60292837083718,3.6536022841564364,35.756854619741816,40.13889563642841,41.459618469650586,43.50686508420431,43.99057039074653,42.263051438810045,1.040875395720956,1.7275189519364815,0,0.0,1
8,50,SourceOnly,healthy_evaluation,exploratory_cluster,0,38,35.211358526512015,3.981676913913603,36.37964705252562,39.26218037558695,40.73065378049682,41.84722853457891,42.008934249455876,41.57189177681542,1.0105129320307764,0.4370424726404565,0,0.0,0
8,50,SourceOnly,healthy_evaluation,exploratory_cluster,1,35,37.497771768037445,6.638901961062232,37.3008395657579,40.65062759776957,46.11022223313055,60.793811067016186,61.968002022180706,58.51449921287333,1.0590196080589134,3.4535028093073734,2,0.05714285714285714,0
8,50,SourceOnly,healthy_evaluation,exploratory_cluster,2,27,35.1302909717354,4.428785648014832,36.581176408135484,39.755718921322455,40.91915850591587,43.25390951872056,43.91186629127825,41.38126331990255,1.0611533522264072,2.5306029713757,0,0.0,0
8,50,TargetOnly,anomaly_evaluation,exploratory_cluster,0,260,275.5373570348583,113.41096255098383,233.15709035676247,360.70103562811875,676.5240725171908,681.434070738445,692.2940305121001,682.3639033957683,1.0145525387068612,9.930127116331846,260,1.0,0
8,50,TargetOnly,anomaly_evaluation,exploratory_cluster,1,208,274.61201758077505,131.47046229180822,236.09662094513527,361.24856937448243,503.1844215184676,682.4255975653737,1525.9162820031645,682.8661120561935,2.234576083162838,843.050169946971,208,1.0,0
8,50,TargetOnly,anomaly_evaluation,exploratory_cluster,2,287,479.03923442030947,1842.0998277028361,236.9983735159653,362.87443591878286,580.6378332778349,8793.271862083675,23163.236220855728,17699.419820125077,1.3087003108722262,5463.816400730651,287,1.0,0
8,50,TargetOnly,calibration,exploratory_cluster,0,43,31.80160940500698,2.3416897689062135,32.0001435569854,34.893206826491756,35.888980179478494,36.114301613909454,36.21083671040292,35.98099124256134,1.0063879693111317,0.2298454678415851,0,0.0,0
8,50,TargetOnly,calibration,exploratory_cluster,1,28,33.77990534451158,1.9218039280881902,33.407360518137594,36.04828103612157,36.86085751712169,37.92730885248319,38.184305410090715,37.232466307840625,1.0255647609905887,0.9518391022500907,0,0.0,0
8,50,TargetOnly,calibration,exploratory_cluster,2,29,35.682241173686336,20.181023917221893,31.64734403245234,36.27595414580078,37.145184720143234,111.17074676400313,139.8900108166881,37.32121062852789,3.7482709821250495,102.5688001881602,0,0.0,1
8,50,TargetOnly,healthy_evaluation,exploratory_cluster,0,38,33.84859534865574,7.173089188869649,32.63595656489984,35.698519493885456,37.215209368807685,62.11696163034443,74.41184290712904,41.18243405095418,1.8068830709486672,33.229408856174864,0,0.0,0
8,50,TargetOnly,healthy_evaluation,exploratory_cluster,1,35,33.746293231304165,3.274601285530403,33.620508106732686,37.886896814012154,38.63405551104273,41.728434696007774,43.03407879360319,39.19394909479318,1.0979776161244277,3.84012969881001,0,0.0,0
8,50,TargetOnly,healthy_evaluation,exploratory_cluster,2,27,418.4429057142516,2001.2520709912847,32.53328025421552,38.77418515416622,41.077168725849674,7730.505710084535,10432.100331041798,41.351788898542054,252.27688109545375,10390.748542143256,1,0.037037037037037035,0
8,100,Pooled,anomaly_evaluation,exploratory_cluster,0,260,104.86309476483041,132.66967093003615,49.10841582781601,249.50326491775846,533.6479278451488,543.7107059936865,647.5774406506183,545.0974359665723,1.1880030943501456,102.48000468404598,259,0.9961538461538462,0
8,100,Pooled,anomaly_evaluation,exploratory_cluster,1,208,109.12721041161919,153.60157434890667,58.30713355636075,321.2654173954482,419.7371447644179,543.1298180120186,1472.327768650199,544.1531434537923,2.705723170696384,928.1746251964067,208,1.0,0
8,100,Pooled,anomaly_evaluation,exploratory_cluster,2,287,103.25250224477757,115.21568777888731,59.03469541703605,228.64481969750182,421.4007164722284,541.9561239036855,544.119142199252,543.7023893239307,1.0007665091849964,0.4167528753213219,287,1.0,0
8,100,Pooled,calibration,exploratory_cluster,0,43,24.304218271042654,1.5461908264835846,24.28926623571879,26.152165587197498,26.87836836367953,28.086461289593075,28.879531144174777,26.991269585646922,1.0699582341814693,1.888261558527855,0,0.0,0
8,100,Pooled,calibration,exploratory_cluster,1,28,25.329229695541876,1.3416029319425185,25.171911880296502,27.02047796354226,27.8385424675541,28.37208202050819,28.469436766563298,28.10886363302587,1.0128277378354698,0.3605731335374287,0,0.0,0
8,100,Pooled,calibration,exploratory_cluster,2,29,25.243929550003966,2.439065428483714,24.67663833622592,27.71328569622941,29.70143483301973,32.74285500776379,33.70361628007395,30.272326021823364,1.1133474268140797,3.4312902582505878,0,0.0,1
8,100,Pooled,healthy_evaluation,exploratory_cluster,0,38,24.912815443043055,1.621624142099739,24.717703970592993,26.621080613784525,27.649103635908986,29.027276367788616,29.103618417510567,28.897288553397185,1.0071401115620977,0.20632986411338194,0,0.0,0
8,100,Pooled,healthy_evaluation,exploratory_cluster,1,35,26.26340233778663,3.830523717082667,25.460587644621263,28.1882860431887,36.76859207484201,38.29257929497495,38.62425181271538,37.64874440759648,1.0259107553377549,0.975507405118897,3,0.08571428571428572,0
8,100,Pooled,healthy_evaluation,exploratory_cluster,2,27,25.569060688610097,2.6428451151736785,24.919798042408303,28.00137851279582,30.66600209302249,34.07973963574219,34.87847636130625,31.806412032213736,1.0965863212103617,3.0720643290925125,1,0.037037037037037035,0
8,100,RACE,anomaly_evaluation,exploratory_cluster,0,260,91.55510111203253,104.67264779208664,45.662127322830415,227.87813675278528,406.64038940997176,431.6162101692836,432.4020517300914,432.39548412104887,1.000015188893695,0.006567609042519962,259,0.9961538461538462,0
8,100,RACE,anomaly_evaluation,exploratory_cluster,1,208,96.68940828200797,130.0446990011051,56.31608530682996,327.3969611486089,339.8669236058421,431.8441726278148,1341.4934700793967,432.0280127548468,3.10510760986377,909.4654573245499,207,0.9951923076923077,0
8,100,RACE,anomaly_evaluation,exploratory_cluster,2,287,92.99321794905943,95.72487703514182,55.61360294798984,207.4631494827542,334.7244964669815,430.93678353053093,434.06400102467876,432.7795776076149,1.0029678466441603,1.2844234170638629,287,1.0,0
8,100,RACE,calibration,exploratory_cluster,0,43,23.850922219601646,1.2596677075113074,23.934164078384335,25.649474363185796,25.74159060885856,26.099467347446183,26.26919860346661,25.865076565322735,1.0156242351389626,0.4041220381438748,0,0.0,0
8,100,RACE,calibration,exploratory_cluster,1,28,24.741104652914224,1.2574087422124514,24.875681272545656,26.153194405685777,26.888242900504995,27.151558792780204,27.19865242860194,27.024231555188102,1.006454239894209,0.17442087341383683,0,0.0,0
8,100,RACE,calibration,exploratory_cluster,2,29,24.507506481359112,2.3149017698981624,23.80283983609625,26.08697935587294,27.528631248247358,32.441935656636815,34.00910501738656,28.412071586137507,1.1969949081072953,5.597033431249052,0,0.0,1
8,100,RACE,healthy_evaluation,exploratory_cluster,0,38,24.25554082257141,1.4322238436352948,24.3441290172194,25.53409249842715,26.182011366056397,28.29346199511325,29.156579187030307,26.8238300196869,1.08696555136352,2.332749167343408,0,0.0,0
8,100,RACE,healthy_evaluation,exploratory_cluster,1,35,25.426972892456444,2.9347156050694787,24.690839583223294,27.195145460493013,32.51956892957989,34.91468609773149,35.72520616864896,33.34132360712701,1.0714993378670898,2.3838825615219505,1,0.02857142857142857,0
8,100,RACE,healthy_evaluation,exploratory_cluster,2,27,24.93055897417825,3.215683039214375,24.153094897728973,26.100097897467403,28.99646917146444,36.74163105200826,39.06056860650283,30.141578012293017,1.2959032400550583,8.91899059420981,1,0.037037037037037035,0
8,100,SourceOnly,anomaly_evaluation,exploratory_cluster,0,260,108.3283642331576,133.98100073115424,51.78109977722197,255.21014262055988,544.5054242614334,553.6644323134863,614.1332181254023,555.2070271840735,1.1061337268013225,58.926190941328855,184,0.7076923076923077,0
8,100,SourceOnly,anomaly_evaluation,exploratory_cluster,1,208,114.00038071438993,154.9897048728508,66.25249607502616,332.8865921452841,428.42570116465623,552.8825997915571,1484.1011178479648,554.2412373738036,2.6777168816960915,929.8598804741612,161,0.7740384615384616,0
8,100,SourceOnly,anomaly_evaluation,exploratory_cluster,2,287,108.00118884615836,117.26050488185346,66.15043263218294,234.64460545892777,430.1018314496422,551.8999383522621,554.3313911223405,553.46697658449,1.0015618177315382,0.8644145378505073,245,0.8536585365853658,0
8,100,SourceOnly,calibration,exploratory_cluster,0,43,36.1707655738554,3.0445577900762153,36.76248599937759,38.95183763753567,39.488590012257646,40.890717151220635,41.129137312134134,40.56147026234009,1.0139952286276246,0.5676670497940464,0,0.0,0
8,100,SourceOnly,calibration,exploratory_cluster,1,28,35.189851809064514,4.485256144867479,36.941767781332295,39.23568629511304,40.05559736726616,41.73804379139978,42.22916597679238,40.41019491978276,1.0450126771380444,1.8189710570096196,0,0.0,0
8,100,SourceOnly,calibration,exploratory_cluster,2,29,35.60292837083718,3.6536022841564364,35.756854619741816,40.13889563642841,41.459618469650586,43.50686508420431,43.99057039074653,42.263051438810045,1.040875395720956,1.7275189519364815,0,0.0,1
8,100,SourceOnly,healthy_evaluation,exploratory_cluster,0,38,35.211358526512015,3.981676913913603,36.37964705252562,39.26218037558695,40.73065378049682,41.84722853457891,42.008934249455876,41.57189177681542,1.0105129320307764,0.4370424726404565,0,0.0,0
8,100,SourceOnly,healthy_evaluation,exploratory_cluster,1,35,37.497771768037445,6.638901961062232,37.3008395657579,40.65062759776957,46.11022223313055,60.793811067016186,61.968002022180706,58.51449921287333,1.0590196080589134,3.4535028093073734,2,0.05714285714285714,0
8,100,SourceOnly,healthy_evaluation,exploratory_cluster,2,27,35.1302909717354,4.428785648014832,36.581176408135484,39.755718921322455,40.91915850591587,43.25390951872056,43.91186629127825,41.38126331990255,1.0611533522264072,2.5306029713757,0,0.0,0
8,100,TargetOnly,anomaly_evaluation,exploratory_cluster,0,260,307.06588611142047,126.40605532970719,257.9583071769051,437.7613975914888,688.1715116710138,758.2433114250915,760.2198840681641,759.1637862632479,1.0013911330124354,1.0560978049162486,260,1.0,0
8,100,TargetOnly,anomaly_evaluation,exploratory_cluster,1,208,305.789838119563,160.35860468312544,259.74367203809345,438.24157237999447,575.5342481543385,758.5479030214779,1949.005904466005,760.5621903726559,2.562585846544702,1188.4437140933492,208,1.0,0
8,100,TargetOnly,anomaly_evaluation,exploratory_cluster,2,287,564.3310678536822,2326.345291109439,261.6713719018601,440.0351825983358,656.1378406761118,11087.656853431892,29205.971782517216,22316.668308840064,1.3087066303238537,6889.3034736771515,287,1.0,0
8,100,TargetOnly,calibration,exploratory_cluster,0,43,33.82777460601726,2.723056125709068,33.69811072429511,36.68750780104812,38.08339461344828,40.50609844375577,41.062737405635495,39.737406544017105,1.0333522234308452,1.32533086161839,0,0.0,0
8,100,TargetOnly,calibration,exploratory_cluster,1,28,35.50110598881971,2.461044887847922,35.14383580488675,38.500556078105504,39.16655340463309,42.05447841857279,43.11489415359303,39.18742846833288,1.1002225927744635,3.9274656852601453,0,0.0,0
8,100,TargetOnly,calibration,exploratory_cluster,2,29,38.110065812887115,20.769585820681304,33.75419525485918,39.11631860139743,39.59665305875414,115.80588945601755,145.3233279484847,39.9039047611025,3.641832267255781,105.4194231873822,0,0.0,1
8,100,TargetOnly,healthy_evaluation,exploratory_cluster,0,38,36.11131457468186,6.92259031039426,34.78469747597429,38.584979791940576,41.5003434590309,62.86232735024261,74.6440845148873,42.80149758341494,1.7439596446225978,31.842586931472354,0,0.0,0
8,100,TargetOnly,healthy_evaluation,exploratory_cluster,1,35,35.83110102944704,3.4504475101755268,35.56761027744103,39.691619195159156,42.118530582460444,44.322016126406545,44.912383672379164,43.1760085371656,1.0402162032583189,1.7363751352135637,0,0.0,0
8,100,TargetOnly,healthy_evaluation,exploratory_cluster,2,27,521.1391179747948,2523.682068455732,34.51396338478883,40.86037862412419,43.39361076601128,9741.617525303249,13148.882609509232,44.0169010247655,298.7234971883003,13104.865708484467,1,0.037037037037037035,0
9,10,Pooled,anomaly_evaluation,exploratory_cluster,0,260,108.71175113197188,132.67312964115808,54.11843952085587,254.28602103059524,539.4110435628752,549.6947940550418,612.8734778773642,551.0395102177489,1.112213310503236,61.83396765961527,118,0.45384615384615384,0
9,10,Pooled,anomaly_evaluation,exploratory_cluster,1,208,113.53291244832688,154.00096855375705,65.28963140968165,329.4532817648897,424.1838705763727,548.8688205951196,1479.655910735198,550.3608509475164,2.688519556192599,929.2950597876816,127,0.6105769230769231,0
9,10,Pooled,anomaly_evaluation,exploratory_cluster,2,287,108.0487641493764,115.8697469499746,65.76276110420939,232.8643822685382,425.90493608034143,548.1456308014307,550.0503136089172,549.4544536208094,1.001084457472646,0.5958599881078044,172,0.5993031358885017,0
9,10,Pooled,calibration,exploratory_cluster,0,36,29.830107810688375,4.079680673495688,29.071451167123566,31.174010828939895,35.555763310958845,45.59010072410796,46.38289399114457,44.117770371039995,1.0513426585490244,2.265123620104575,0,0.0,0
9,10,Pooled,calibration,exploratory_cluster,1,30,31.165963668989807,6.774531345165822,29.54709872404164,33.795759796336945,45.33750718398343,54.288120066510615,57.862094920526864,45.53804369978115,1.2706319863451874,12.324051220745716,0,0.0,1
9,10,Pooled,calibration,exploratory_cluster,2,34,30.13080773103048,4.662044437464068,28.93959873761383,35.05485757216964,39.67057210213477,46.036974805616346,46.365302525191076,45.37037004163129,1.0219291242863315,0.9949324835597864,0,0.0,0
9,10,Pooled,healthy_evaluation,exploratory_cluster,0,46,30.00128205850621,4.41655684067474,28.80739008512165,32.80070190238621,41.45517549210372,45.23037423012711,45.77448200484739,44.565353616580104,1.0271315784604802,1.2091283882672883,0,0.0,0
9,10,Pooled,healthy_evaluation,exploratory_cluster,1,35,32.28625127674097,6.407481368712973,30.108167067455323,42.54675632940128,45.886608087461276,51.314194035592145,52.22925565620338,49.53789794852331,1.0543292674726885,2.691357707680069,0,0.0,0
9,10,Pooled,healthy_evaluation,exploratory_cluster,2,19,29.87588775258843,4.733550940097544,28.085529378412843,32.97740405258289,38.95077919186409,44.71862273019806,46.16058361478154,38.14968981153995,1.2099858175208114,8.010893803241586,0,0.0,0
9,10,RACE,anomaly_evaluation,exploratory_cluster,0,260,83.99283562067004,96.34129319330331,42.31256421829298,204.70588779499934,349.17570861078065,400.10397854967437,401.2049509021529,400.9753483471355,1.0005726101516312,0.22960255501743632,94,0.36153846153846153,0
9,10,RACE,anomaly_evaluation,exploratory_cluster,1,208,89.61133997620078,115.54645611339555,56.73066273850004,285.9829820182904,311.0765973775263,400.14204643048384,1151.6324457684989,400.9508134852483,2.872253670613564,750.6816322832506,112,0.5384615384615384,0
9,10,RACE,anomaly_evaluation,exploratory_cluster,2,287,86.22277429233839,87.76189333386404,56.31323558157148,188.63711251264894,309.97569942007135,399.74912060280343,400.9952223951656,400.83889719990015,1.0003899950737254,0.15632519526548094,150,0.5226480836236934,0
9,10,RACE,calibration,exploratory_cluster,0,36,28.56885875634459,1.5051059540551202,28.548084482538968,30.18971884975337,30.736635130962792,32.686415344718114,33.32983449864751,31.491494058849238,1.0583757771658244,1.8383404397982694,0,0.0,0
9,10,RACE,calibration,exploratory_cluster,1,30,29.416610585382273,5.2819634487252065,28.837687665074327,30.997574666081835,32.48920724913646,48.07270721727315,54.38395778132277,32.62102480184126,1.6671443681393212,21.762932979481512,0,0.0,1
9,10,RACE,calibration,exploratory_cluster,2,34,28.2377263455461,2.1097915560380858,27.944896207741152,31.259239454059006,32.83310806373922,33.43577808652847,33.69114937840706,32.917296978774964,1.023508989821706,0.7738523996320978,0,0.0,0
9,10,RACE,healthy_evaluation,exploratory_cluster,0,46,28.505315077802596,2.0126336160304565,28.217871343817617,30.677955622501536,31.827697401235135,32.648376510053986,33.09075402567975,32.10769287984473,1.030617620191955,0.9830611458350234,0,0.0,0
9,10,RACE,healthy_evaluation,exploratory_cluster,1,35,29.56453782223261,4.242886817086133,28.70170445472534,31.767390958849507,35.13991845456649,45.17126117113223,47.77078689596707,40.12512299939409,1.1905455566251706,7.645663896572984,0,0.0,0
9,10,RACE,healthy_evaluation,exploratory_cluster,2,19,27.779147670463743,2.779887430816803,27.663548248148008,30.345846608186026,33.724627874029096,34.598224338835806,34.81662345503748,33.603295031694834,1.036107424054642,1.2133284233426451,0,0.0,0
9,10,SourceOnly,anomaly_evaluation,exploratory_cluster,0,260,108.3283642331576,133.98100073115424,51.78109977722197,255.21014262055988,544.5054242614334,553.6644323134863,614.1332181254023,555.2070271840735,1.1061337268013225,58.926190941328855,113,0.4346153846153846,0
9,10,SourceOnly,anomaly_evaluation,exploratory_cluster,1,208,114.00038071438993,154.9897048728508,66.25249607502616,332.8865921452841,428.42570116465623,552.8825997915571,1484.1011178479648,554.2412373738036,2.6777168816960915,929.8598804741612,127,0.6105769230769231,0
9,10,SourceOnly,anomaly_evaluation,exploratory_cluster,2,287,108.00118884615836,117.26050488185346,66.15043263218294,234.64460545892777,430.1018314496422,551.8999383522621,554.3313911223405,553.46697658449,1.0015618177315382,0.8644145378505073,165,0.5749128919860628,0
9,10,SourceOnly,calibration,exploratory_cluster,0,36,36.452350441232426,2.4579193613784858,36.726772230846436,39.2708061210559,40.38850083956317,40.930453844706214,41.129137312134134,40.56147026234009,1.0139952286276246,0.5676670497940464,0,0.0,0
9,10,SourceOnly,calibration,exploratory_cluster,1,30,37.193110087996196,5.629976046982979,37.38589959482182,40.78375955564305,41.58344124293416,53.79175257440987,58.51449921287333,42.22916597679238,1.3856418392215177,16.28533323608095,0,0.0,1
9,10,SourceOnly,calibration,exploratory_cluster,2,34,36.52988989942792,2.900566136445657,36.947877455220166,38.977318699860575,40.27283206107415,42.810776382628866,43.91186629127825,40.57523020446192,1.0822333248635374,3.336636086816334,0,0.0,0
9,10,SourceOnly,healthy_evaluation,exploratory_cluster,0,46,36.35472414325241,2.8828777421695393,36.85558908159909,39.325291657763536,39.50792941605542,41.81226513676767,42.008934249455876,41.57189177681542,1.0105129320307764,0.4370424726404565,0,0.0,0
9,10,SourceOnly,healthy_evaluation,exploratory_cluster,1,35,36.08219020114057,4.044326135870206,36.55121565454323,39.449686008374044,40.20161043487894,47.55297930007601,51.03482439502577,40.79410352752657,1.2510343403082527,10.2407208674992,0,0.0,0
9,10,SourceOnly,healthy_evaluation,exploratory_cluster,2,19,35.24409729828367,4.13174547577463,35.641228998285875,39.639437494314336,42.43580333400369,43.67961697939796,43.99057039074653,42.263051438810045,1.040875395720956,1.7275189519364815,0,0.0,0
9,10,TargetOnly,anomaly_evaluation,exploratory_cluster,0,260,220.2744489015109,74.26099682757874,191.47611905208464,295.9261006763864,459.41886596581554,468.01130667220264,469.698999957726,469.0503804953766,1.001382835382554,0.6486194623494157,0,0.0,0
9,10,TargetOnly,anomaly_evaluation,exploratory_cluster,1,208,221.88826898144816,94.46240978239683,194.90247378828332,296.8787120766681,457.340393395837,470.85019094706547,1169.500955165157,472.03297451751945,2.477583173846155,697.4679806476374,0,0.0,0
9,10,TargetOnly,anomaly_evaluation,exploratory_cluster,2,287,355.09373366662146,1188.5586606812924,196.76567827315122,295.71242565870443,469.8719514927431,5697.159118073639,15005.347927462983,11466.261126857344,1.3086522068048896,3539.086800605639,2,0.006968641114982578,0
9,10,TargetOnly,calibration,exploratory_cluster,0,36,32.497655556952694,3.6933448777526996,31.79541820686993,37.35169644209306,39.80728424097309,42.5193152262182,43.29069798218805,41.086747250845626,1.0536414021262552,2.203950731342424,0,0.0,0
9,10,TargetOnly,calibration,exploratory_cluster,1,30,31.820033343000844,2.711366518584555,31.71372685018954,35.41274974334293,36.024456424941754,36.741014368898895,36.922662736772814,36.296289054448955,1.01725723754801,0.6263736823238588,0,0.0,0
9,10,TargetOnly,calibration,exploratory_cluster,2,34,229.79789145796752,1153.1420518246093,31.376963113594584,37.33632474871329,40.00629166385051,4539.718070076526,6755.918367536556,40.15989038491649,168.22551811730014,6715.758477151639,0,0.0,1
9,10,TargetOnly,healthy_evaluation,exploratory_cluster,0,46,33.82015516305511,7.840176298301061,32.759892830526695,37.80313651326469,39.48475986591759,63.008603275735396,80.04001862765115,42.1924289567275,1.8970232481694784,37.847589670923654,0,0.0,0
9,10,TargetOnly,healthy_evaluation,exploratory_cluster,1,35,32.70415282213331,3.0438697185809995,33.21105055218854,35.63522792064119,37.67145120371875,39.52110929982971,40.044707932716335,38.50471195363804,1.039995000636092,1.5399959790782987,0,0.0,0
9,10,TargetOnly,healthy_evaluation,exploratory_cluster,2,19,37.18156346091302,24.042834697002338,31.504954026963087,35.44059819110184,50.06285469008339,118.65801921047044,135.80681034056713,40.535748506696535,3.35029733861043,95.27106183387059,0,0.0,0
9,25,Pooled,anomaly_evaluation,exploratory_cluster,0,260,107.44854875867016,132.64071341440885,52.01540674899891,254.5401033340338,538.0952255493389,547.4720709939133,617.9886673516124,548.78314044221,1.126107239471017,69.20552690940247,114,0.43846153846153846,0
9,25,Pooled,anomaly_evaluation,exploratory_cluster,1,208,112.74805268262622,153.85726533365943,64.96758560146115,329.4485628316445,423.1575251617184,546.7308563773471,1478.2087057458368,548.2107264820484,2.696424265960148,929.9979792637885,127,0.6105769230769231,0
9,25,Pooled,anomaly_evaluation,exploratory_cluster,2,287,106.83870770622605,115.57038300350364,65.37921110444121,232.17126548438816,424.6941739832308,545.944477783095,547.7703414022633,547.0080432550978,1.0013935775836662,0.7622981471654384,167,0.5818815331010453,0
9,25,Pooled,calibration,exploratory_cluster,0,36,27.37528475773526,3.2397063879757617,26.87485837731049,29.188171729199176,31.901883199654193,39.509971268016045,40.32903279170836,37.98885700973034,1.0616016370636951,2.3401757819780187,0,0.0,0
9,25,Pooled,calibration,exploratory_cluster,1,30,28.786668568191445,6.383315869801666,27.1561234610095,31.233576287345738,39.31718046642424,51.91769114612902,56.969891682176446,39.54851052339218,1.4405066316841402,17.421381158784264,0,0.0,1
9,25,Pooled,calibration,exploratory_cluster,2,34,27.680508665508235,4.01815392176032,26.699133127657845,32.123735924154985,36.64478279386272,40.37196568208748,40.78368216051618,39.53605646830798,1.0315566549538973,1.2476256922081959,0,0.0,0
9,25,Pooled,healthy_evaluation,exploratory_cluster,0,46,27.518546217383143,3.5556481945944194,26.474076281511508,30.256536568478403,36.446622276577116,39.03455627041266,39.54461579997237,38.411150178728576,1.0295087654488275,1.1334656212437935,0,0.0,0
9,25,Pooled,healthy_evaluation,exploratory_cluster,1,35,29.7925807923397,5.682020489351067,28.121523402311237,38.04811336164173,41.373437786806235,47.43021780871729,48.03494259708246,46.25634027836138,1.0384509952153114,1.7786023187210844,0,0.0,0
9,25,Pooled,healthy_evaluation,exploratory_cluster,2,19,27.487078022820423,3.900951758530301,25.897182005508053,30.61299942605969,36.16779661031954,39.11989196391592,39.857915802315006,35.7577833667645,1.114664054913466,4.100132435550506,0,0.0,0
9,25,RACE,anomaly_evaluation,exploratory_cluster,0,260,82.16433896502248,93.93840735724375,40.74990225266855,206.5029452221075,351.87694839270716,388.0454963223311,389.21408224948385,388.7346701981351,1.001233262911961,0.47941205134873144,91,0.35,0
9,25,RACE,anomaly_evaluation,exploratory_cluster,1,208,88.310609095861,114.02737402638894,53.89594587330198,292.0823737005133,304.8073133566228,388.115619906238,1152.465689120995,388.75472886663175,2.964505904483456,763.7109602543633,101,0.4855769230769231,0
9,25,RACE,anomaly_evaluation,exploratory_cluster,2,287,84.76242872060668,85.61725703819518,54.0235572117631,188.37787740581047,301.30947846465796,387.5485753860671,389.07321393025734,388.75930920014434,1.0008074526389061,0.3139047301129949,139,0.4843205574912892,0
9,25,RACE,calibration,exploratory_cluster,0,36,23.80434386490548,1.4106436725338845,23.56485992811203,25.447491891886244,25.84589665094189,27.836690475918328,28.609646059245264,26.401201535454025,1.0836493945484085,2.20844452379124,0,0.0,0
9,25,RACE,calibration,exploratory_cluster,1,30,25.25121203484274,6.064937868887652,24.267203097435463,26.185264024482418,28.049979741763103,47.9467248634089,55.98702015486165,28.26186397743831,1.9810094691403433,27.725156177423344,0,0.0,1
9,25,RACE,calibration,exploratory_cluster,2,34,24.059116505982928,2.397185300819501,23.444119388993048,27.063073022990682,28.95401667623067,31.378851007732106,32.21046957802162,29.69041330441701,1.08487777680177,2.520056273604613,0,0.0,0
9,25,RACE,healthy_evaluation,exploratory_cluster,0,46,23.800456323758315,1.7940967356463344,23.46702693433416,25.96273592493302,27.32171895396242,27.830333456998623,27.930410490003858,27.708017083325558,1.0080263198196213,0.2223934066783002,0,0.0,0
9,25,RACE,healthy_evaluation,exploratory_cluster,1,35,25.54612493503338,4.400025024089518,24.753403566526774,27.32935776689963,30.905397200384936,42.84226712871309,46.43192103372194,35.87411543075483,1.2943014894219782,10.557805602967115,0,0.0,0
9,25,RACE,healthy_evaluation,exploratory_cluster,2,19,23.79616250372549,2.388713224448691,23.25530414863892,25.576608821091224,28.3953896371089,31.087357708894814,31.76034972684129,28.0215051826942,1.1334276841936444,3.738844544147092,0,0.0,0
9,25,SourceOnly,anomaly_evaluation,exploratory_cluster,0,260,108.3283642331576,133.98100073115424,51.78109977722197,255.21014262055988,544.5054242614334,553.6644323134863,614.1332181254023,555.2070271840735,1.1061337268013225,58.926190941328855,113,0.4346153846153846,0
9,25,SourceOnly,anomaly_evaluation,exploratory_cluster,1,208,114.00038071438993,154.9897048728508,66.25249607502616,332.8865921452841,428.42570116465623,552.8825997915571,1484.1011178479648,554.2412373738036,2.6777168816960915,929.8598804741612,127,0.6105769230769231,0
9,25,SourceOnly,anomaly_evaluation,exploratory_cluster,2,287,108.00118884615836,117.26050488185346,66.15043263218294,234.64460545892777,430.1018314496422,551.8999383522621,554.3313911223405,553.46697658449,1.0015618177315382,0.8644145378505073,165,0.5749128919860628,0
9,25,SourceOnly,calibration,exploratory_cluster,0,36,36.452350441232426,2.4579193613784858,36.726772230846436,39.2708061210559,40.38850083956317,40.930453844706214,41.129137312134134,40.56147026234009,1.0139952286276246,0.5676670497940464,0,0.0,0
9,25,SourceOnly,calibration,exploratory_cluster,1,30,37.193110087996196,5.629976046982979,37.38589959482182,40.78375955564305,41.58344124293416,53.79175257440987,58.51449921287333,42.22916597679238,1.3856418392215177,16.28533323608095,0,0.0,1
9,25,SourceOnly,calibration,exploratory_cluster,2,34,36.52988989942792,2.900566136445657,36.947877455220166,38.977318699860575,40.27283206107415,42.810776382628866,43.91186629127825,40.57523020446192,1.0822333248635374,3.336636086816334,0,0.0,0
9,25,SourceOnly,healthy_evaluation,exploratory_cluster,0,46,36.35472414325241,2.8828777421695393,36.85558908159909,39.325291657763536,39.50792941605542,41.81226513676767,42.008934249455876,41.57189177681542,1.0105129320307764,0.4370424726404565,0,0.0,0
9,25,SourceOnly,healthy_evaluation,exploratory_cluster,1,35,36.08219020114057,4.044326135870206,36.55121565454323,39.449686008374044,40.20161043487894,47.55297930007601,51.03482439502577,40.79410352752657,1.2510343403082527,10.2407208674992,0,0.0,0
9,25,SourceOnly,healthy_evaluation,exploratory_cluster,2,19,35.24409729828367,4.13174547577463,35.641228998285875,39.639437494314336,42.43580333400369,43.67961697939796,43.99057039074653,42.263051438810045,1.040875395720956,1.7275189519364815,0,0.0,0
9,25,TargetOnly,anomaly_evaluation,exploratory_cluster,0,260,256.34342046601495,87.1778348211174,223.60166695474553,328.60402761123555,533.6200775616605,553.14279596338,555.700709578318,554.9009259163754,1.0014413089338818,0.7997836619425698,0,0.0,0
9,25,TargetOnly,anomaly_evaluation,exploratory_cluster,1,208,256.4322471990596,108.11886672047191,225.7651997050121,304.4117661668777,497.4689860233627,556.8465573886581,1346.6768868250767,557.1881686091618,2.4169157973806503,789.4887182159149,0,0.0,0
9,25,TargetOnly,anomaly_evaluation,exploratory_cluster,2,287,447.9748000334782,1692.4621038694063,227.49657012363278,356.4595410331127,543.6812405309508,8084.325007768279,21303.433047924635,16276.559873594331,1.3088412547472923,5026.873174330303,2,0.006968641114982578,0
9,25,TargetOnly,calibration,exploratory_cluster,0,36,31.6480055348119,2.7766733766782328,31.81220942218937,35.02786819213591,36.87152907192101,38.37169063041192,38.61963804970183,37.91121685173067,1.0186863218013225,0.7084211979711554,0,0.0,0
9,25,TargetOnly,calibration,exploratory_cluster,1,30,31.555140908056032,2.2932554926985094,31.548936949233507,34.407762399153206,34.58111842007511,35.75679629557194,36.21781617275151,34.62809245833918,1.0459084980301734,1.5897237144123295,0,0.0,0
9,25,TargetOnly,calibration,exploratory_cluster,2,34,312.2614198255466,1640.2927377710512,30.450714323161904,35.35443063353001,35.931153127847445,6441.127376455258,9595.408741905838,36.98036175251596,259.4730902342515,9558.428380153322,0,0.0,1
9,25,TargetOnly,healthy_evaluation,exploratory_cluster,0,46,32.339770121174,6.037353536238253,31.446197813859406,35.581010129886295,36.38256533522713,54.201137750612666,67.33872711444486,38.14408408370684,1.765378006368449,29.19464303073803,0,0.0,0
9,25,TargetOnly,healthy_evaluation,exploratory_cluster,1,35,32.262774392294155,3.087375330638772,32.99934210043073,35.88216000926829,36.720481939014874,37.59119290097771,37.70377215789634,37.37265669637095,1.0088598320482134,0.3311154615253855,0,0.0,0
9,25,TargetOnly,healthy_evaluation,exploratory_cluster,2,19,34.92762135310735,21.620420317835553,29.644740090291133,33.4172593493436,43.75706879602937,107.85024442746459,123.87353833532332,34.85523884721914,3.553943178478788,89.01829948810418,0,0.0,0
9,50,Pooled,anomaly_evaluation,exploratory_cluster,0,260,105.41561092945453,132.41996995362607,49.735556700464144,253.914756935105,534.0288443264727,543.7098678694528,628.7754298143677,545.1583728955883,1.1533812210837937,83.61705691877944,217,0.8346153846153846,0
9,50,Pooled,anomaly_evaluation,exploratory_cluster,1,208,109.80294746875583,153.32166328866126,59.54704176708174,326.8714438436196,419.6506189068448,542.9738548207617,1465.101057109378,544.287057348507,2.69178007694435,920.813999760871,188,0.9038461538461539,0
9,50,Pooled,anomaly_evaluation,exploratory_cluster,2,287,104.047804288268,115.44860718317072,60.21487432671083,230.06511179759394,420.99099153409685,542.006670528292,543.9583109568666,543.3467964131997,1.001125459002802,0.6115145436668854,263,0.9163763066202091,0
9,50,Pooled,calibration,exploratory_cluster,0,36,25.65071352769487,1.6099827040854826,25.441416341425594,27.308153214748554,28.658232013325463,30.129885610735613,30.757786001866954,28.963784884348847,1.0619394573147631,1.794001117518107,0,0.0,0
9,50,Pooled,calibration,exploratory_cluster,1,30,26.505167172035467,3.074976677850809,25.957643183630147,28.272431463469083,30.624644661293924,37.26119314576256,39.669597370657556,31.364755215847197,1.2647826229682895,8.304842154810359,0,0.0,1
9,50,Pooled,calibration,exploratory_cluster,2,34,26.10992107826252,2.8074270050411543,25.52816496544863,29.63671459629559,32.691516254232845,34.14257381371346,34.64009074920642,33.132463671955016,1.0455030175895896,1.5076270772514064,0,0.0,0
9,50,Pooled,healthy_evaluation,exploratory_cluster,0,46,25.718150137861763,1.9687478877854367,25.24459595402503,28.50049863876162,29.70192568008281,30.399039051445158,30.590458154717243,30.165082369668163,1.0141015953424615,0.4253757850490807,0,0.0,0
9,50,Pooled,healthy_evaluation,exploratory_cluster,1,35,27.180803542513512,3.2499285362111747,26.353912526273376,30.869185293885707,33.69541181999513,37.22753595885556,38.399128495152866,34.95326809427847,1.0985847844493388,3.4458604008743947,0,0.0,0
9,50,Pooled,healthy_evaluation,exploratory_cluster,2,19,25.807815620018776,2.663221904478442,24.707032870243705,27.278484200177743,31.52603893599666,33.96072229115633,34.56939312994625,31.187888470002267,1.1084236485966803,3.3815046599439817,0,0.0,0
9,50,RACE,anomaly_evaluation,exploratory_cluster,0,260,80.01911453417814,90.4969149428309,39.93788168403013,206.5102610761619,349.30512834268967,371.26497254004613,372.25361286766935,371.9003349074829,1.000949926437346,0.3532779601864604,222,0.8538461538461538,0
9,50,RACE,anomaly_evaluation,exploratory_cluster,1,208,84.22391188448789,111.7971481285174,49.336501683207615,285.3357736506018,300.42467828502123,371.460589112657,1143.3508957294894,371.62797538968107,3.076600717506792,771.7229203398083,189,0.9086538461538461,0
9,50,RACE,anomaly_evaluation,exploratory_cluster,2,287,81.84070782217354,83.83232225959624,49.02122499410706,187.85586912064696,293.6999229394176,375.1913985593582,377.0598966880065,376.0163267788581,1.0027753313748053,1.0435699091484025,267,0.9303135888501742,0
9,50,RACE,calibration,exploratory_cluster,0,36,22.411191312815347,1.0589041372220036,22.378248406422536,23.91532555715214,24.279562499052794,24.500758855875826,24.605762082198012,24.30575286413463,1.0123431362007336,0.30000921806338354,0,0.0,0
9,50,RACE,calibration,exploratory_cluster,1,30,23.05658848686735,1.9675350839636687,23.07595967090942,24.61289104056483,25.14039725431628,29.45221009998178,31.116406395261706,25.37779848050333,1.226127097634852,5.738607914758376,0,0.0,0
9,50,RACE,calibration,exploratory_cluster,2,34,22.88847852960458,2.4598564688763664,22.334604314673648,24.483907356927052,27.062140294721203,31.366111627154527,33.45754415932476,27.119869819414927,1.2336911785385023,6.337674339909835,0,0.0,1
9,50,RACE,healthy_evaluation,exploratory_cluster,0,46,22.44730388076366,1.4387973774949407,22.375340219149958,24.02024848999253,24.230864606125856,26.29219909416586,27.313869375777486,25.04349097219611,1.0906574249613206,2.2703784035813754,0,0.0,0
9,50,RACE,healthy_evaluation,exploratory_cluster,1,35,23.47224972174682,2.1519929916514706,23.21705242171422,25.15866243966705,26.78769083659236,30.590676076854376,31.668609135975316,28.498217785619637,1.1112487585787023,3.170391350355679,0,0.0,0
9,50,RACE,healthy_evaluation,exploratory_cluster,2,19,22.57044581021554,2.189216217416174,22.194145093055013,23.449066492470596,24.988178181944257,29.75276033685116,30.943905875577883,24.326430660429423,1.272028202884395,6.61747521514846,0,0.0,0
9,50,SourceOnly,anomaly_evaluation,exploratory_cluster,0,260,108.3283642331576,133.98100073115424,51.78109977722197,255.21014262055988,544.5054242614334,553.6644323134863,614.1332181254023,555.2070271840735,1.1061337268013225,58.926190941328855,113,0.4346153846153846,0
9,50,SourceOnly,anomaly_evaluation,exploratory_cluster,1,208,114.00038071438993,154.9897048728508,66.25249607502616,332.8865921452841,428.42570116465623,552.8825997915571,1484.1011178479648,554.2412373738036,2.6777168816960915,929.8598804741612,127,0.6105769230769231,0
9,50,SourceOnly,anomaly_evaluation,exploratory_cluster,2,287,108.00118884615836,117.26050488185346,66.15043263218294,234.64460545892777,430.1018314496422,551.8999383522621,554.3313911223405,553.46697658449,1.0015618177315382,0.8644145378505073,165,0.5749128919860628,0
9,50,SourceOnly,calibration,exploratory_cluster,0,36,36.452350441232426,2.4579193613784858,36.726772230846436,39.2708061210559,40.38850083956317,40.930453844706214,41.129137312134134,40.56147026234009,1.0139952286276246,0.5676670497940464,0,0.0,0
9,50,SourceOnly,calibration,exploratory_cluster,1,30,37.193110087996196,5.629976046982979,37.38589959482182,40.78375955564305,41.58344124293416,53.79175257440987,58.51449921287333,42.22916597679238,1.3856418392215177,16.28533323608095,0,0.0,1
9,50,SourceOnly,calibration,exploratory_cluster,2,34,36.52988989942792,2.900566136445657,36.947877455220166,38.977318699860575,40.27283206107415,42.810776382628866,43.91186629127825,40.57523020446192,1.0822333248635374,3.336636086816334,0,0.0,0
9,50,SourceOnly,healthy_evaluation,exploratory_cluster,0,46,36.35472414325241,2.8828777421695393,36.85558908159909,39.325291657763536,39.50792941605542,41.81226513676767,42.008934249455876,41.57189177681542,1.0105129320307764,0.4370424726404565,0,0.0,0
9,50,SourceOnly,healthy_evaluation,exploratory_cluster,1,35,36.08219020114057,4.044326135870206,36.55121565454323,39.449686008374044,40.20161043487894,47.55297930007601,51.03482439502577,40.79410352752657,1.2510343403082527,10.2407208674992,0,0.0,0
9,50,SourceOnly,healthy_evaluation,exploratory_cluster,2,19,35.24409729828367,4.13174547577463,35.641228998285875,39.639437494314336,42.43580333400369,43.67961697939796,43.99057039074653,42.263051438810045,1.040875395720956,1.7275189519364815,0,0.0,0
9,50,TargetOnly,anomaly_evaluation,exploratory_cluster,0,260,297.7350686227803,100.23656856609561,259.8072195397545,381.90440508194786,620.7552239395333,643.0386083282527,645.3698777326747,644.2403149962959,1.001753325133627,1.1295627363788299,0,0.0,0
9,50,TargetOnly,anomaly_evaluation,exploratory_cluster,1,208,296.213534019558,121.03119558249107,261.2060914372887,361.7155787974917,511.6445759086791,645.6716692084007,1503.9621373404636,646.6057351296109,2.3259338042199658,857.3564022108527,0,0.0,0
9,50,TargetOnly,anomaly_evaluation,exploratory_cluster,2,287,550.8913915880385,2249.935591288573,263.61390699065646,406.89194037169506,628.5286520688043,10722.755276892525,28271.565880468566,21598.639493522584,1.308951236903009,6672.926386945983,2,0.006968641114982578,0
9,50,TargetOnly,calibration,exploratory_cluster,0,36,31.479537220000687,2.4000813267233148,31.42329416694809,34.426065713913076,35.2346399113925,36.30822516456358,36.318701091535594,36.288769871615564,1.0008248066833327,0.029931219920030117,0,0.0,0
9,50,TargetOnly,calibration,exploratory_cluster,1,30,31.399600508551565,2.3115001305916487,31.437518461205777,34.343979136296085,35.60310067769374,36.336346673530635,36.387505234453336,36.21109640368539,1.0048716788025782,0.17640883076794722,0,0.0,0
9,50,TargetOnly,calibration,exploratory_cluster,2,34,404.93072679788276,2179.0701004826406,31.26919754098236,35.36044075041496,35.76923746378921,8545.786068986297,12737.267601929623,35.80841119220411,355.70602486553963,12701.45919073742,0,0.0,1
9,50,TargetOnly,healthy_evaluation,exploratory_cluster,0,46,32.63499113496544,6.588902423047108,31.703870596695687,34.86631689909906,36.02939483871728,58.532303290989574,72.69514241480059,41.222166584109644,1.7634964010558138,31.47297583069094,0,0.0,0
9,50,TargetOnly,healthy_evaluation,exploratory_cluster,1,35,32.03296795259012,2.831780960039452,32.7157285860228,35.10035305067185,36.08478773890027,37.362674368516586,37.99244363488448,36.14018108674363,1.0512521656627853,1.8522625481408497,0,0.0,0
9,50,TargetOnly,healthy_evaluation,exploratory_cluster,2,19,35.78833164189418,23.896150400073527,29.88638413286867,34.04451034648471,45.37884191383111,116.3895205817942,134.14219024878489,35.51624765439203,3.776924622052423,98.62594259439285,0,0.0,0
9,100,Pooled,anomaly_evaluation,exploratory_cluster,0,260,104.50632829940646,131.99061911018865,49.380226827156264,250.1150596041729,530.6723178249243,540.3104908548635,649.5578439888276,541.6743965651546,1.1991665991743001,107.88344742367303,216,0.8307692307692308,0
9,100,Pooled,anomaly_evaluation,exploratory_cluster,1,208,109.11146913923167,152.99201917454582,59.03525543512368,324.5638487685221,417.14807899447646,539.5075354146685,1469.6735755476907,541.0487556722762,2.716342215262206,928.6248198754145,186,0.8942307692307693,0
9,100,Pooled,anomaly_evaluation,exploratory_cluster,2,287,103.12719857045073,114.71820218846268,59.253487288193426,227.1807411475423,418.6525313764399,538.802573731087,540.5427014891,539.95444406429,1.001089457511234,0.5882574248099672,260,0.9059233449477352,0
9,100,Pooled,calibration,exploratory_cluster,0,36,24.518539142102934,1.2960587683065985,24.59070189110306,26.21217207897574,26.630109048767487,27.425995634022712,27.73613072113831,26.85003047223661,1.0330018340134823,0.8861002489016983,0,0.0,0
9,100,Pooled,calibration,exploratory_cluster,1,30,25.49825927766613,2.964455804436985,25.02028767751734,27.40932896004198,28.138318261380554,36.04834106570353,39.0611320280857,28.672197675043698,1.3623347770821397,10.388934353042004,0,0.0,1
9,100,Pooled,calibration,exploratory_cluster,2,34,25.103253571501135,2.6446035894217372,24.737938241183393,27.804967979834185,30.59444171751765,33.72195144080916,34.67124348986756,31.7946009169633,1.0904758194769315,2.876642572904256,0,0.0,0
9,100,Pooled,healthy_evaluation,exploratory_cluster,0,46,24.578632977140504,1.6817100802783795,24.184470608999888,26.6511078047249,27.53931888917877,28.935500900705076,29.648380665451743,28.064203410459157,1.0564483242878073,1.5841772549925857,0,0.0,0
9,100,Pooled,healthy_evaluation,exploratory_cluster,1,35,25.912783254879677,2.834908971995815,25.45508159371003,27.72951654007979,31.349416166911507,35.41007665671241,36.051409804246994,34.165135840910004,1.0552104921262548,1.8862739633369898,0,0.0,0
9,100,Pooled,healthy_evaluation,exploratory_cluster,2,19,24.674986969343774,2.5375595358624743,24.01587487181723,25.857846216275092,28.984727184299217,32.84316801811646,33.80777822657077,28.448832624046833,1.1883713709220602,5.358945602523935,0,0.0,0
9,100,RACE,anomaly_evaluation,exploratory_cluster,0,260,87.93929807363627,99.84588407849947,44.13778719493713,222.18026690720296,390.7530752496904,410.1400807549263,411.0903196123084,410.8887549217836,1.0004905578167094,0.20156469052483317,191,0.7346153846153847,0
9,100,RACE,anomaly_evaluation,exploratory_cluster,1,208,92.94929891673218,124.45802502367002,54.70420105984677,314.5551899347641,328.86572946683174,410.0196957926098,1287.6900717944068,410.95835040820225,3.1333833964326376,876.7317213862045,180,0.8653846153846154,0
9,100,RACE,anomaly_evaluation,exploratory_cluster,2,287,89.74233123076081,91.75621294487722,54.04883452816033,201.63290157389008,321.37982846330345,410.1862166572931,412.03251276583774,410.85436456390966,1.0028675567391832,1.1781482019280816,244,0.8501742160278746,0
9,100,RACE,calibration,exploratory_cluster,0,36,23.32300345499077,1.0689672870532714,23.317342682004835,24.784923815921303,24.997688167935593,25.4502948266526,25.478137522344465,25.398586963224847,1.0031320860185962,0.0795505591196175,0,0.0,0
9,100,RACE,calibration,exploratory_cluster,1,30,24.18245343558139,2.1940931491202287,23.96186092759042,25.931317876524417,26.54510053393084,31.567569401550024,33.47110231286445,26.90719572212502,1.2439461420850377,6.563906590739432,0,0.0,0
9,100,RACE,calibration,exploratory_cluster,2,34,23.902487939763198,2.9546834217018576,23.5269027543471,25.23220228808177,27.535691404917984,34.97621761885605,38.22457066824322,28.381076579191127,1.34683300549174,9.84349408905209,0,0.0,1
9,100,RACE,healthy_evaluation,exploratory_cluster,0,46,23.356415542708913,1.5284180088924861,23.197331035354235,24.69806553738634,25.17178613594459,27.885377244272796,29.076744338418884,26.42926190698315,1.100172393794176,2.6474824314357335,0,0.0,0
9,100,RACE,healthy_evaluation,exploratory_cluster,1,35,24.41205500648192,2.2031653877739212,24.038738455339452,26.00455226611815,27.640806526157398,31.9201021880278,32.80560139954788,30.201191953900608,1.0862353197722352,2.604409445647274,0,0.0,0
9,100,RACE,healthy_evaluation,exploratory_cluster,2,19,23.481824808096963,2.5590373052828497,22.922402690363544,24.43334589099833,26.175202374570436,31.905325539562632,33.33785633081067,25.379351934988208,1.31358186041192,7.958504395822466,0,0.0,0
9,100,SourceOnly,anomaly_evaluation,exploratory_cluster,0,260,108.3283642331576,133.98100073115424,51.78109977722197,255.21014262055988,544.5054242614334,553.6644323134863,614.1332181254023,555.2070271840735,1.1061337268013225,58.926190941328855,113,0.4346153846153846,0
9,100,SourceOnly,anomaly_evaluation,exploratory_cluster,1,208,114.00038071438993,154.9897048728508,66.25249607502616,332.8865921452841,428.42570116465623,552.8825997915571,1484.1011178479648,554.2412373738036,2.6777168816960915,929.8598804741612,127,0.6105769230769231,0
9,100,SourceOnly,anomaly_evaluation,exploratory_cluster,2,287,108.00118884615836,117.26050488185346,66.15043263218294,234.64460545892777,430.1018314496422,551.8999383522621,554.3313911223405,553.46697658449,1.0015618177315382,0.8644145378505073,165,0.5749128919860628,0
9,100,SourceOnly,calibration,exploratory_cluster,0,36,36.452350441232426,2.4579193613784858,36.726772230846436,39.2708061210559,40.38850083956317,40.930453844706214,41.129137312134134,40.56147026234009,1.0139952286276246,0.5676670497940464,0,0.0,0
9,100,SourceOnly,calibration,exploratory_cluster,1,30,37.193110087996196,5.629976046982979,37.38589959482182,40.78375955564305,41.58344124293416,53.79175257440987,58.51449921287333,42.22916597679238,1.3856418392215177,16.28533323608095,0,0.0,1
9,100,SourceOnly,calibration,exploratory_cluster,2,34,36.52988989942792,2.900566136445657,36.947877455220166,38.977318699860575,40.27283206107415,42.810776382628866,43.91186629127825,40.57523020446192,1.0822333248635374,3.336636086816334,0,0.0,0
9,100,SourceOnly,healthy_evaluation,exploratory_cluster,0,46,36.35472414325241,2.8828777421695393,36.85558908159909,39.325291657763536,39.50792941605542,41.81226513676767,42.008934249455876,41.57189177681542,1.0105129320307764,0.4370424726404565,0,0.0,0
9,100,SourceOnly,healthy_evaluation,exploratory_cluster,1,35,36.08219020114057,4.044326135870206,36.55121565454323,39.449686008374044,40.20161043487894,47.55297930007601,51.03482439502577,40.79410352752657,1.2510343403082527,10.2407208674992,0,0.0,0
9,100,SourceOnly,healthy_evaluation,exploratory_cluster,2,19,35.24409729828367,4.13174547577463,35.641228998285875,39.639437494314336,42.43580333400369,43.67961697939796,43.99057039074653,42.263051438810045,1.040875395720956,1.7275189519364815,0,0.0,0
9,100,TargetOnly,anomaly_evaluation,exploratory_cluster,0,260,311.909209940799,121.42458578569546,265.16294524555394,436.50908320189234,645.7836646713297,740.4600402315701,742.5120983806127,741.8645891037243,1.0008728132955782,0.6475092768883997,0,0.0,0
9,100,TargetOnly,anomaly_evaluation,exploratory_cluster,1,208,310.7042332236189,148.18041922778335,266.60887943712214,436.61646654583393,567.8392415950964,742.7159537685689,1777.1326389270155,744.5180123877122,2.3869572117236606,1032.6146265393031,0,0.0,0
9,100,TargetOnly,anomaly_evaluation,exploratory_cluster,2,287,599.5155900874637,2585.1901286880197,270.71271480251664,438.44287942027023,652.2670551686108,12304.32074583447,32434.573367170855,24778.666527771064,1.3089717047856195,7655.906839399791,2,0.006968641114982578,0
9,100,TargetOnly,calibration,exploratory_cluster,0,36,33.00841227712529,1.916786073954961,33.25485561148633,35.376998245868,36.11928675473027,36.19734171304762,36.22929287505855,36.13800384074161,1.0025261227686855,0.09128903431693658,0,0.0,0
9,100,TargetOnly,calibration,exploratory_cluster,1,30,33.79419562556111,2.3568860777126712,32.944229169839716,37.190563822073116,37.925983925436874,38.77966919529358,38.93774481386908,38.392656473953565,1.014197723991444,0.545088339915516,0,0.0,0
9,100,TargetOnly,calibration,exploratory_cluster,2,34,461.78882122232443,2500.5636856814062,32.83153633831749,37.0298108780824,38.28068095354114,9803.991142305724,14613.6050739846,39.01740223035215,374.54069821738375,14574.587671754247,0,0.0,1
9,100,TargetOnly,healthy_evaluation,exploratory_cluster,0,46,33.71015280799852,5.503335274331632,33.44619212577613,37.05824631187235,37.82140395180588,54.15999318119745,66.28668044194143,39.338486529177196,1.6850338254059893,26.948193912764232,0,0.0,0
9,100,TargetOnly,healthy_evaluation,exploratory_cluster,1,35,33.58634909834858,2.3809001435145176,33.09276090826524,37.09690995719732,37.39808071983345,39.40955192365556,40.18279344573635,37.90855367491053,1.0599927865971581,2.2742397708258224,0,0.0,0
9,100,TargetOnly,healthy_evaluation,exploratory_cluster,2,19,37.02491277786182,20.91161827236387,32.06684662719771,35.240471100932034,44.61413541993653,107.42469831532676,123.12733903917425,35.89044612891033,3.4306438709880847,87.23689291026392,0,0.0,0
10,10,Pooled,anomaly_evaluation,exploratory_cluster,0,260,107.68934903305173,133.55104163156633,51.55097460687391,253.59376023113052,541.4507759760014,551.4974481624315,614.2451725798823,553.0807592293362,1.1105885755920577,61.164413350546056,231,0.8884615384615384,0
10,10,Pooled,anomaly_evaluation,exploratory_cluster,1,208,111.27811016295138,154.8973069273238,60.867273803140705,329.1907600367797,425.5783118228141,550.6070964279094,1478.6370325790913,552.1433497013417,2.677994823950876,926.4936828777496,188,0.9038461538461539,0
10,10,Pooled,anomaly_evaluation,exploratory_cluster,2,287,105.99506355147199,117.08562341089835,60.756333933682484,232.14400485309014,427.23449252688056,549.7273595069939,552.2346381628437,551.2284600364217,1.0018253377671311,1.0061781264220144,274,0.9547038327526133,0
10,10,Pooled,calibration,exploratory_cluster,0,36,28.955597316024484,2.6592010654849254,28.376243780467625,30.888604563923906,33.9597153742412,38.271546106836404,39.23984220530447,36.47328192396716,1.0758516956906847,2.7665602813373127,0,0.0,0
10,10,Pooled,calibration,exploratory_cluster,1,32,29.633268411004874,3.0854034781538515,29.028402237884336,32.32999367864558,35.24368385426705,38.70264408298144,39.671960302489396,36.54513378794759,1.0855606804639204,3.126826514541804,0,0.0,0
10,10,Pooled,calibration,exploratory_cluster,2,32,29.23820124550558,2.524137289661233,28.379901061928194,31.725566935995477,32.46165082112724,37.81146660508253,40.19766063349829,32.50026054183452,1.2368411810654758,7.697400091663766,0,0.0,1
10,10,Pooled,healthy_evaluation,exploratory_cluster,0,47,29.810881596975797,2.769213693850373,29.119095135452778,32.725386385890474,35.9249129077256,38.74465992122348,39.062179702466366,38.3719193084601,1.0179886856442462,0.6902603940062662,0,0.0,0
10,10,Pooled,healthy_evaluation,exploratory_cluster,1,34,31.02413788384416,3.702217831198289,30.0388343914325,35.37254084725801,38.22111682448269,42.851770252782515,45.109501107303686,38.26789245723949,1.178781955596562,6.841608650064195,1,0.029411764705882353,0
10,10,Pooled,healthy_evaluation,exploratory_cluster,2,19,29.393871336649365,3.0836532949955267,28.47856423875542,32.06116997421754,37.36691933911548,37.58962952507912,37.64530707157003,37.33598736884276,1.0082847602146288,0.30931970272727227,0,0.0,0
10,10,RACE,anomaly_evaluation,exploratory_cluster,0,260,81.35050471808113,92.9947059544107,41.38691808500062,198.15749990599144,348.1995267735113,386.0966368982085,387.1026316459574,387.07439897504645,1.0000729386158984,0.028232670910938396,175,0.6730769230769231,0
10,10,RACE,anomaly_evaluation,exploratory_cluster,1,208,84.9566297685336,111.70220901975615,50.27572013057441,278.61595665673485,300.0127266575252,386.0379348206167,1107.563268477219,386.6496458327276,2.8645138574790607,720.9136226444914,148,0.7115384615384616,0
10,10,RACE,anomaly_evaluation,exploratory_cluster,2,287,82.24416042003737,85.13849440310777,50.11286767218301,181.6855382423471,299.27179725048103,385.5059763117104,387.1730156999915,386.71992894561305,1.0011716147021794,0.4530867543784325,219,0.7630662020905923,0
10,10,RACE,calibration,exploratory_cluster,0,36,31.119149895962934,3.3577666171074743,32.05608620211332,33.65048355371924,33.985576127641245,34.88085710152859,35.10774712334402,34.459489918157075,1.0188121532479613,0.648257205186944,0,0.0,0
10,10,RACE,calibration,exploratory_cluster,1,32,29.620901732458485,4.664649951682083,31.537594149311126,34.3238727599779,35.67142437612299,36.96270627398999,37.526829373817726,35.70707743888953,1.0509633401961445,1.819751934928199,0,0.0,1
10,10,RACE,calibration,exploratory_cluster,2,32,30.160048941999513,3.780386254820627,31.85550397948017,33.09487800792164,33.55555981342789,34.23604118237904,34.38920875740388,33.89511980571084,1.0145769938128317,0.4940889516930369,0,0.0,0
10,10,RACE,healthy_evaluation,exploratory_cluster,0,47,30.67639640239117,3.1816528737408425,31.807050319095527,33.561368536294886,33.98925714692546,34.80436683207555,34.924900570705326,34.66287070411886,1.0075593815879575,0.26202986658646665,0,0.0,0
10,10,RACE,healthy_evaluation,exploratory_cluster,1,34,31.12321097339145,3.7267253600511316,32.00072354799278,34.55587828446885,35.196967393203096,37.19268141502781,37.89573714299283,35.76526524006852,1.0595681840641713,2.130471902924306,1,0.029411764705882353,0
10,10,RACE,healthy_evaluation,exploratory_cluster,2,19,29.517597334624558,4.466441323399606,30.680426109193423,32.61341954404391,33.516900738867704,37.492747375002374,38.48670903403604,32.96469981718235,1.1675128014960847,5.522009216853689,1,0.05263157894736842,0
10,10,SourceOnly,anomaly_evaluation,exploratory_cluster,0,260,108.3283642331576,133.98100073115424,51.78109977722197,255.21014262055988,544.5054242614334,553.6644323134863,614.1332181254023,555.2070271840735,1.1061337268013225,58.926190941328855,135,0.5192307692307693,0
10,10,SourceOnly,anomaly_evaluation,exploratory_cluster,1,208,114.00038071438993,154.9897048728508,66.25249607502616,332.8865921452841,428.42570116465623,552.8825997915571,1484.1011178479648,554.2412373738036,2.6777168816960915,929.8598804741612,138,0.6634615384615384,0
10,10,SourceOnly,anomaly_evaluation,exploratory_cluster,2,287,108.00118884615836,117.26050488185346,66.15043263218294,234.64460545892777,430.1018314496422,551.8999383522621,554.3313911223405,553.46697658449,1.0015618177315382,0.8644145378505073,189,0.6585365853658537,0
10,10,SourceOnly,calibration,exploratory_cluster,0,36,36.25084251771768,3.635757687913762,36.9065822066259,39.128205648622554,39.70287182634983,41.509577267900525,42.008934249455876,40.5822000164406,1.0351566507591328,1.4267342330152744,0,0.0,0
10,10,SourceOnly,calibration,exploratory_cluster,1,32,34.779760513025394,5.017117805360122,35.32477676986264,38.557806371422956,39.83679811021814,47.86023769093777,51.03482439502577,40.79422212377411,1.251030703323146,10.24060227125166,0,0.0,1
10,10,SourceOnly,calibration,exploratory_cluster,2,32,35.28081034231843,3.656605037256832,36.276942764337406,39.64057456576276,40.175012317516845,40.47579423601126,40.57523020446192,40.254469015911404,1.0079683373397306,0.32076118855051305,0,0.0,0
10,10,SourceOnly,healthy_evaluation,exploratory_cluster,0,47,35.93491719686148,3.012765289884925,36.76248599937759,39.17445920504548,39.4274265212851,40.07971867402348,40.561470262340094,39.51418420078224,1.0265040537402041,1.0472860615578554,0,0.0,0
10,10,SourceOnly,healthy_evaluation,exploratory_cluster,1,34,36.93334469010383,5.49794770560264,36.79590535275654,39.72489777663444,41.296375384769604,55.45418612720259,61.968002022180706,42.22916597679238,1.4674218774824033,19.738836045388325,1,0.029411764705882353,0
10,10,SourceOnly,healthy_evaluation,exploratory_cluster,2,19,34.52068517097878,4.269220758300094,35.74919548556246,38.40399100737359,39.18857763596454,43.030171839790135,43.99057039074653,38.655022885433226,1.1380298627975707,5.335547505313301,0,0.0,0
10,10,TargetOnly,anomaly_evaluation,exploratory_cluster,0,260,12688.807145393856,13246.482174334275,536.9854183425749,24895.363735810624,24896.132967198562,49785.80036276266,49787.44868762984,49787.212214940526,1.0000047496672095,0.23647268931381404,36,0.13846153846153847,0
10,10,TargetOnly,anomaly_evaluation,exploratory_cluster,1,208,25578.513614799154,19389.397745500395,24893.128708201482,49786.98652959689,49787.82404506423,74678.37239287626,74678.82403290393,74678.46646327082,1.0000047881223335,0.3575696331099607,84,0.40384615384615385,0
10,10,TargetOnly,anomaly_evaluation,exploratory_cluster,2,287,20478.96846682865,17679.059706121694,24893.084836954793,49786.40304978571,49787.48234975932,53291.18455884449,74680.10227202822,74678.31166208225,1.0000239776436572,1.790609945965116,98,0.34146341463414637,0
10,10,TargetOnly,calibration,exploratory_cluster,0,36,1936.8037368465655,6443.049833588641,36.26698990171257,69.3862112028073,20226.25800899774,24893.351049841658,24893.628171049528,24892.836396169903,1.0000318073387469,0.7917748796244268,0,0.0,0
10,10,TargetOnly,calibration,exploratory_cluster,1,32,3917.7487473066094,9170.845991456821,34.302377124002874,24892.975219078664,24893.447296443508,24893.59776532938,24893.64658717127,24893.489097358724,1.0000063265463484,0.15748981254728278,0,0.0,0
10,10,TargetOnly,calibration,exploratory_cluster,2,32,1977.5271500640222,6200.430579130586,35.68549089584625,48.749714397954506,18670.42889048165,22965.12197282441,24894.47513001421,18670.75526811161,1.333340551709351,6223.7198619025985,0,0.0,1
10,10,TargetOnly,healthy_evaluation,exploratory_cluster,0,47,1624.1473263833907,6141.606313729293,35.59188905352437,50.545129513936615,17440.33090500719,24893.36676739036,24893.46720211006,24893.248865762886,1.0000087709060537,0.21833634717404493,0,0.0,0
10,10,TargetOnly,healthy_evaluation,exploratory_cluster,1,34,766.2705736384661,4262.987139099187,34.546883700349795,40.94803443180745,46.573832158400904,16695.588736993865,24892.43254024624,53.51192432982825,465.17543242919544,24838.92061591641,0,0.0,0
10,10,TargetOnly,healthy_evaluation,exploratory_cluster,2,19,5273.738162008708,10409.434491597762,36.748350294563814,24893.725752306822,24893.93653859275,24894.103481206053,24894.14521685938,24893.913352118678,1.0000093141137523,0.23186474070098484,0,0.0,0
10,25,Pooled,anomaly_evaluation,exploratory_cluster,0,260,106.66126834254543,133.2200952461344,50.90165446881448,251.69406799433042,539.1208893891362,548.8128149224898,618.9994482211524,550.489989282691,1.1244517798184337,68.50945893846142,252,0.9692307692307692,0
10,25,Pooled,anomaly_evaluation,exploratory_cluster,1,208,110.39065616213614,154.35770702386478,59.49693196381143,328.5834436178823,423.47530498,547.9316877359728,1473.1942569712473,549.4773380136644,2.6810828309985952,923.716918957583,204,0.9807692307692307,0
10,25,Pooled,anomaly_evaluation,exploratory_cluster,2,287,104.99000162367813,116.711687064242,59.50042308579131,231.24524255608563,425.1642686553034,547.0701672398963,549.6714435815435,548.4747256752928,1.0021819016451072,1.196717906250683,285,0.9930313588850174,0
10,25,Pooled,calibration,exploratory_cluster,0,36,26.563006805328524,2.52927484527416,26.019802705604256,28.514146130830866,31.798768056554465,35.516493762322575,36.5704791633591,33.559092303254744,1.0897338590952383,3.011386860104359,0,0.0,0
10,25,Pooled,calibration,exploratory_cluster,1,32,27.483519133993077,2.9263398397467526,26.8260295261942,30.14040729437622,33.36193425973294,35.72541210556031,36.50226742236972,33.99628252943614,1.0737134976673919,2.505984892933583,0,0.0,0
10,25,Pooled,calibration,exploratory_cluster,2,32,26.836149240384433,2.331443004832906,26.30608248154843,29.15163530716616,29.44671385173369,34.72472409778657,37.053461860107724,29.54140456229752,1.2542891040257962,7.512057297810205,0,0.0,1
10,25,Pooled,healthy_evaluation,exploratory_cluster,0,47,27.299991092795953,2.667615505986037,26.63031841585742,30.017250389716512,33.457665666842736,35.874127470063385,36.6459151446196,34.968115852106095,1.047980832013071,1.6777992925135052,0,0.0,0
10,25,Pooled,healthy_evaluation,exploratory_cluster,1,34,28.545787185466708,3.619241580377302,27.66483986343659,32.73230279125085,35.34806702692276,40.77196734091336,42.64422871288384,36.970709403882374,1.1534598443059811,5.673519309001463,1,0.029411764705882353,0
10,25,Pooled,healthy_evaluation,exploratory_cluster,2,19,27.504726757098386,3.0364350760980834,26.561369172983316,29.705065240598238,35.01290870268883,35.69807118270932,35.869361802714444,34.917747247130436,1.027253034076023,0.9516145555840083,0,0.0,0
10,25,RACE,anomaly_evaluation,exploratory_cluster,0,260,75.36002790558355,85.37085695422645,37.826593400416286,189.3753577725834,345.44509066893033,350.63256123645783,351.39214218005253,351.2405084506735,1.0004317091159214,0.15163372937905706,259,0.9961538461538462,0
10,25,RACE,anomaly_evaluation,exploratory_cluster,1,208,78.55974515181714,104.09639220966272,45.71824161552718,269.3182190961626,281.0987676994509,350.5335826660884,1049.5385027312911,350.7549922189947,2.992226842137173,698.7835105122965,208,1.0,0
10,25,RACE,anomaly_evaluation,exploratory_cluster,2,287,76.71733556179906,79.38289965653154,46.22247639776247,175.13915040787649,274.7365531230771,361.2152011739707,363.03194778122844,362.61472009771967,1.0011506087877413,0.41722768350877004,287,1.0,0
10,25,RACE,calibration,exploratory_cluster,0,36,22.112655899614644,1.4684711464479285,21.879807103617736,23.800079136810055,24.864324912042814,26.338040757063656,26.5885360519085,25.87283520949466,1.0276622502566397,0.7157008424138382,0,0.0,1
10,25,RACE,calibration,exploratory_cluster,1,32,22.70330596681573,1.7468420353486505,22.765233880553787,24.705552715060307,25.919357593572343,26.34167656125968,26.454266342605465,26.091073499554536,1.0139201954667418,0.36319284305092836,0,0.0,0
10,25,RACE,calibration,exploratory_cluster,2,32,22.24166241145139,1.272365164769468,22.005900570137147,23.688325498684343,24.402497316724443,25.97711871268257,26.517225439988486,24.774945674485533,1.070324261792317,1.7422797655029534,0,0.0,0
10,25,RACE,healthy_evaluation,exploratory_cluster,0,47,22.372325575944505,1.2029027227045153,22.094080979363063,23.808509374575653,23.984425030041574,25.575812018513343,26.25728734975518,24.775819238359883,1.0597949192776468,1.4814681113952979,0,0.0,0
10,25,RACE,healthy_evaluation,exploratory_cluster,1,34,23.5230159418164,2.321326881183232,23.182676343118626,24.874058093894575,26.23615874877894,31.661524735835012,33.70402569887002,27.51462884118815,1.2249493130874667,6.189396857681871,2,0.058823529411764705,0
10,25,RACE,healthy_evaluation,exploratory_cluster,2,19,22.72516336805115,2.3043895934751424,22.720027788252242,24.512334442846676,25.707954726885674,29.25613167305971,30.143175909603215,25.215152373250405,1.1954389750815357,4.928023536352811,1,0.05263157894736842,0
10,25,SourceOnly,anomaly_evaluation,exploratory_cluster,0,260,108.3283642331576,133.98100073115424,51.78109977722197,255.21014262055988,544.5054242614334,553.6644323134863,614.1332181254023,555.2070271840735,1.1061337268013225,58.926190941328855,135,0.5192307692307693,0
10,25,SourceOnly,anomaly_evaluation,exploratory_cluster,1,208,114.00038071438993,154.9897048728508,66.25249607502616,332.8865921452841,428.42570116465623,552.8825997915571,1484.1011178479648,554.2412373738036,2.6777168816960915,929.8598804741612,138,0.6634615384615384,0
10,25,SourceOnly,anomaly_evaluation,exploratory_cluster,2,287,108.00118884615836,117.26050488185346,66.15043263218294,234.64460545892777,430.1018314496422,551.8999383522621,554.3313911223405,553.46697658449,1.0015618177315382,0.8644145378505073,189,0.6585365853658537,0
10,25,SourceOnly,calibration,exploratory_cluster,0,36,36.25084251771768,3.635757687913762,36.9065822066259,39.128205648622554,39.70287182634983,41.509577267900525,42.008934249455876,40.5822000164406,1.0351566507591328,1.4267342330152744,0,0.0,0
10,25,SourceOnly,calibration,exploratory_cluster,1,32,34.779760513025394,5.017117805360122,35.32477676986264,38.557806371422956,39.83679811021814,47.86023769093777,51.03482439502577,40.79422212377411,1.251030703323146,10.24060227125166,0,0.0,1
10,25,SourceOnly,calibration,exploratory_cluster,2,32,35.28081034231843,3.656605037256832,36.276942764337406,39.64057456576276,40.175012317516845,40.47579423601126,40.57523020446192,40.254469015911404,1.0079683373397306,0.32076118855051305,0,0.0,0
10,25,SourceOnly,healthy_evaluation,exploratory_cluster,0,47,35.93491719686148,3.012765289884925,36.76248599937759,39.17445920504548,39.4274265212851,40.07971867402348,40.561470262340094,39.51418420078224,1.0265040537402041,1.0472860615578554,0,0.0,0
10,25,SourceOnly,healthy_evaluation,exploratory_cluster,1,34,36.93334469010383,5.49794770560264,36.79590535275654,39.72489777663444,41.296375384769604,55.45418612720259,61.968002022180706,42.22916597679238,1.4674218774824033,19.738836045388325,1,0.029411764705882353,0
10,25,SourceOnly,healthy_evaluation,exploratory_cluster,2,19,34.52068517097878,4.269220758300094,35.74919548556246,38.40399100737359,39.18857763596454,43.030171839790135,43.99057039074653,38.655022885433226,1.1380298627975707,5.335547505313301,0,0.0,0
10,25,TargetOnly,anomaly_evaluation,exploratory_cluster,0,260,212.0276891326257,99.60559559209283,175.12293982578507,272.99581903467697,569.0039492576914,573.3549500150812,602.8749483567483,574.9268631103763,1.0486115487719112,27.94808524637199,260,1.0,0
10,25,TargetOnly,anomaly_evaluation,exploratory_cluster,1,208,210.30006624811566,103.01334376534551,178.5919268739832,267.7301610252389,419.83909985752575,572.8553303844814,1014.164278311788,573.8767807889277,1.7672160858600732,440.28749752286035,208,1.0,0
10,25,TargetOnly,anomaly_evaluation,exploratory_cluster,2,287,387.98226410183725,1589.977441303471,178.86211485955369,287.6867594756068,455.46064804045744,7580.133672038032,19956.418080687592,15249.136688865368,1.3086916648376161,4707.281391822224,287,1.0,0
10,25,TargetOnly,calibration,exploratory_cluster,0,36,29.643174419140994,5.240103958094163,28.63738851222176,32.72787751728039,34.21729302292415,48.90702525641833,56.71410202483355,34.408168400790146,1.6482743679995235,22.305933624043405,0,0.0,1
10,25,TargetOnly,calibration,exploratory_cluster,1,32,29.38712535824222,2.5933659007328775,29.52028621557917,31.93764475620615,33.40554099715171,35.43001142687244,35.73411890309552,34.75312704431139,1.0282274414481705,0.9809918587841295,0,0.0,0
10,25,TargetOnly,calibration,exploratory_cluster,2,32,29.424151359328945,2.2381561899349807,29.079172740439326,32.68366728935213,33.54370398256848,34.85546551867365,35.02388629751401,34.480593462545094,1.0157564815570554,0.5432928349689163,0,0.0,0
10,25,TargetOnly,healthy_evaluation,exploratory_cluster,0,47,28.976742316870723,2.414834569129686,28.416166188128987,31.892774671134653,32.63097076334072,35.30917674136739,37.33782265012726,32.92772284847537,1.1339327296316843,4.410099801651889,0,0.0,0
10,25,TargetOnly,healthy_evaluation,exploratory_cluster,1,34,29.92290425622783,2.5156238579136594,29.660676638050063,33.692395925715296,34.39062891789525,35.76188609333965,36.31346854155581,34.642006577264404,1.048249571241303,1.671461964291403,0,0.0,0
10,25,TargetOnly,healthy_evaluation,exploratory_cluster,2,19,33.11226383159482,14.758506050485211,29.16040836659609,34.7057725585098,40.635098588974444,82.55499253191081,93.03496601764485,34.812891096900096,2.6724286057910636,58.22207492074475,1,0.05263157894736842,0
10,50,Pooled,anomaly_evaluation,exploratory_cluster,0,260,105.7717229209992,132.965476385555,49.31535898864424,251.75847046207866,536.3848856799334,546.1652552231683,630.914130469766,547.3910742768653,1.152583884023391,83.52305619290064,259,0.9961538461538462,0
10,50,Pooled,anomaly_evaluation,exploratory_cluster,1,208,109.62065507554108,154.19301486185236,59.27569958029123,327.2171884105556,421.1023434957707,545.1545515248685,1473.4474665933592,546.6325169260621,2.695499116809143,926.8149496672971,208,1.0,0
10,50,Pooled,anomaly_evaluation,exploratory_cluster,2,287,104.09876101023211,116.31127872907865,59.28323528487157,230.86032571271542,422.8469569181834,544.5385293526421,546.7516633700156,545.9717653747313,1.001428458474861,0.7798979952843865,287,1.0,0
10,50,Pooled,calibration,exploratory_cluster,0,36,25.19581636688536,1.8857372265770864,25.09652844242283,26.918735125004304,29.76968880477574,30.61389514093419,30.981302366553773,29.931567436212106,1.0350711646684987,1.0497349303416676,0,0.0,0
10,50,Pooled,calibration,exploratory_cluster,1,32,26.00708069082149,2.580870042376172,25.441442726951074,29.080435831034087,30.585810125088038,33.024441643655614,33.493180489369095,31.981119696744944,1.0472797952967872,1.5120607926241512,0,0.0,0
10,50,Pooled,calibration,exploratory_cluster,2,32,25.513844655900105,1.9771021282534755,25.140530639408563,27.425884783737416,28.241257836689105,31.959585809077286,33.537212238000436,28.44809472534509,1.1788913303962436,5.089117512655346,0,0.0,1
10,50,Pooled,healthy_evaluation,exploratory_cluster,0,47,25.833166475259716,2.005656249647358,25.58201529014381,28.63278063341001,29.228877283438997,31.71602547925019,31.752977694991273,31.672646791206315,1.002536286415042,0.080330903784958,0,0.0,0
10,50,Pooled,healthy_evaluation,exploratory_cluster,1,34,27.03866400529225,3.1529282560505383,26.36336583982236,30.240701132270807,32.63175957982262,37.861892656340416,38.64464087641792,36.272676573152744,1.0653925909901225,2.371964303265173,2,0.058823529411764705,0
10,50,Pooled,healthy_evaluation,exploratory_cluster,2,19,26.183240278974797,2.6598753709761365,25.719188012286388,27.934124199645318,31.11054426119222,33.76646011758499,34.43043908168318,30.741667058915457,1.1199925825654902,3.6887720227677256,1,0.05263157894736842,0
10,50,RACE,anomaly_evaluation,exploratory_cluster,0,260,78.66791064947088,88.84254557140437,39.3268867527083,199.37621460637368,351.4614269110198,364.3820895224743,365.35604567348963,364.7045092522154,1.0017864775585312,0.6515364212742156,260,1.0,0
10,50,RACE,anomaly_evaluation,exploratory_cluster,1,208,82.36809545499297,109.90173814026237,47.65554551809695,279.63969898551125,297.54501914780883,364.25554759732915,1123.652417057725,364.4040591319121,3.0835343045697785,759.2483579258128,208,1.0,0
10,50,RACE,anomaly_evaluation,exploratory_cluster,2,287,80.24330095862054,82.7866569690052,47.95154540828874,183.88753246090747,289.48718534754767,375.7257360314843,377.47067841722185,377.27447414052114,1.0005200571206088,0.19620427670071194,287,1.0,0
10,50,RACE,calibration,exploratory_cluster,0,36,21.902160510903375,1.3669819248447632,21.878033844665147,23.201905672656853,23.947093279014705,25.86093912018247,26.75486366138028,24.20079354367226,1.1055366268506444,2.5540701177080223,0,0.0,1
10,50,RACE,calibration,exploratory_cluster,1,32,22.31979657673159,1.5584025020472394,22.10405347303712,24.093970915866237,24.925923007261765,25.8986232516906,26.21306710097345,25.198732103286837,1.0402534140816675,1.014334997686614,0,0.0,0
10,50,RACE,calibration,exploratory_cluster,2,32,22.017823317125252,1.2257128412437,21.86746011235619,23.328087870464515,24.260251547815525,25.700449361158554,25.989555942504072,25.056954067195946,1.0372192834295477,0.9326018753081264,0,0.0,0
10,50,RACE,healthy_evaluation,exploratory_cluster,0,47,22.13679905173324,1.076734489670768,21.945050698579088,23.446255325064463,23.639941096931942,24.52231409225691,24.81101009662185,24.183410087132852,1.0259516754348437,0.6276000094889973,0,0.0,0
10,50,RACE,healthy_evaluation,exploratory_cluster,1,34,23.286886417059623,2.160431017908536,23.05973467224716,24.67500380157113,26.237750347577002,30.785211467498037,32.161709554572134,27.990503230105155,1.1490221983569284,4.171206324466979,2,0.058823529411764705,0
10,50,RACE,healthy_evaluation,exploratory_cluster,2,19,22.59469984279208,2.27622203479139,22.63894710983074,23.984354213593104,24.72224133456904,29.140690327930972,30.24530257627145,24.10856786326879,1.2545458008043868,6.13673471300266,1,0.05263157894736842,0
10,50,SourceOnly,anomaly_evaluation,exploratory_cluster,0,260,108.3283642331576,133.98100073115424,51.78109977722197,255.21014262055988,544.5054242614334,553.6644323134863,614.1332181254023,555.2070271840735,1.1061337268013225,58.926190941328855,135,0.5192307692307693,0
10,50,SourceOnly,anomaly_evaluation,exploratory_cluster,1,208,114.00038071438993,154.9897048728508,66.25249607502616,332.8865921452841,428.42570116465623,552.8825997915571,1484.1011178479648,554.2412373738036,2.6777168816960915,929.8598804741612,138,0.6634615384615384,0
10,50,SourceOnly,anomaly_evaluation,exploratory_cluster,2,287,108.00118884615836,117.26050488185346,66.15043263218294,234.64460545892777,430.1018314496422,551.8999383522621,554.3313911223405,553.46697658449,1.0015618177315382,0.8644145378505073,189,0.6585365853658537,0
10,50,SourceOnly,calibration,exploratory_cluster,0,36,36.25084251771768,3.635757687913762,36.9065822066259,39.128205648622554,39.70287182634983,41.509577267900525,42.008934249455876,40.5822000164406,1.0351566507591328,1.4267342330152744,0,0.0,0
10,50,SourceOnly,calibration,exploratory_cluster,1,32,34.779760513025394,5.017117805360122,35.32477676986264,38.557806371422956,39.83679811021814,47.86023769093777,51.03482439502577,40.79422212377411,1.251030703323146,10.24060227125166,0,0.0,1
10,50,SourceOnly,calibration,exploratory_cluster,2,32,35.28081034231843,3.656605037256832,36.276942764337406,39.64057456576276,40.175012317516845,40.47579423601126,40.57523020446192,40.254469015911404,1.0079683373397306,0.32076118855051305,0,0.0,0
10,50,SourceOnly,healthy_evaluation,exploratory_cluster,0,47,35.93491719686148,3.012765289884925,36.76248599937759,39.17445920504548,39.4274265212851,40.07971867402348,40.561470262340094,39.51418420078224,1.0265040537402041,1.0472860615578554,0,0.0,0
10,50,SourceOnly,healthy_evaluation,exploratory_cluster,1,34,36.93334469010383,5.49794770560264,36.79590535275654,39.72489777663444,41.296375384769604,55.45418612720259,61.968002022180706,42.22916597679238,1.4674218774824033,19.738836045388325,1,0.029411764705882353,0
10,50,SourceOnly,healthy_evaluation,exploratory_cluster,2,19,34.52068517097878,4.269220758300094,35.74919548556246,38.40399100737359,39.18857763596454,43.030171839790135,43.99057039074653,38.655022885433226,1.1380298627975707,5.335547505313301,0,0.0,0
10,50,TargetOnly,anomaly_evaluation,exploratory_cluster,0,260,247.33297234255951,102.15323428483123,209.0983232662176,326.8319227613575,592.9939808672135,610.1520480194156,612.4270057561994,611.4167483727437,1.0016523220637061,1.0102573834557234,260,1.0,0
10,50,TargetOnly,anomaly_evaluation,exploratory_cluster,1,208,245.98536900480002,115.33860130720969,211.9394559724759,325.79924620570495,471.1208774534153,610.5492999485926,1295.136361678238,611.0893613899339,2.1193894764137715,684.0470002883042,208,1.0,0
10,50,TargetOnly,anomaly_evaluation,exploratory_cluster,2,287,499.1474352608125,2245.138892374726,213.45438700476453,340.1942134571748,551.8546484990164,10682.664583427959,28132.752488198712,21495.313465021896,1.3087854026403265,6637.439023176816,287,1.0,0
10,50,TargetOnly,calibration,exploratory_cluster,0,36,31.37000129154323,6.0891699119212905,30.53136699688524,33.51901717510164,34.769210756570125,54.74935186788421,63.96650987734658,37.631772707454196,1.699800601332712,26.334737169892385,0,0.0,1
10,50,TargetOnly,calibration,exploratory_cluster,1,32,30.169929640213404,2.3047592795847414,30.257758484001727,32.35984027835569,33.703145610018794,36.75006537775808,37.648401195427304,34.75054371907493,1.0833902772796533,2.897857476352371,0,0.0,0
10,50,TargetOnly,calibration,exploratory_cluster,2,32,31.09031920450864,2.2548774600671835,30.373035913394343,34.60043913332164,35.08079764031801,36.019236982862076,36.41018983436953,35.149051603700315,1.0358797228695766,1.2611382306692178,0,0.0,0
10,50,TargetOnly,healthy_evaluation,exploratory_cluster,0,47,30.550613934112913,2.343845889809242,30.531223076302325,33.347354365045746,33.67364217487704,36.10548699275146,36.83824196095466,35.245296377904225,1.0451959763927272,1.5929455830504367,0,0.0,0
10,50,TargetOnly,healthy_evaluation,exploratory_cluster,1,34,30.784005843665643,2.5934501703913164,30.32360211705172,35.411366227536305,35.703934802471494,35.92381298133021,35.93158839957048,35.908026526115115,1.0006561728876475,0.02356187345536398,0,0.0,0
10,50,TargetOnly,healthy_evaluation,exploratory_cluster,2,19,35.504020797476734,17.329799945954917,30.608942216156585,36.833055010889225,45.184973733832834,93.96008912945683,106.15386797836277,38.41065215110744,2.763657007455995,67.74321582725533,1,0.05263157894736842,0
10,100,Pooled,anomaly_evaluation,exploratory_cluster,0,260,104.8803916440949,132.42974476775362,49.280558031849324,250.58286743507264,532.4759697090724,542.3117740223133,648.5777559576518,543.4056612055384,1.1935425084066855,105.17209475211337,260,1.0,0
10,100,Pooled,anomaly_evaluation,exploratory_cluster,1,208,108.90927602239589,153.61441850653645,58.586964961139095,323.11664080579374,418.1142265333071,541.1788596352019,1473.6119904424277,542.8842488363061,2.714412867201753,930.7277416061215,208,1.0,0
10,100,Pooled,anomaly_evaluation,exploratory_cluster,2,287,103.24090414614291,115.53052097034397,58.81126753211072,230.14995496990792,419.5364998329503,541.0294409397403,542.7979081929325,542.0341410240899,1.0014090757593233,0.7637671688426053,287,1.0,0
10,100,Pooled,calibration,exploratory_cluster,0,36,24.32779333272795,1.6342115782485809,24.13414053112149,25.75425036008913,27.432932168017647,29.212824737200126,29.638630375102995,28.42204283823766,1.042804366448586,1.2165875368653332,0,0.0,0
10,100,Pooled,calibration,exploratory_cluster,1,32,25.102249187945944,2.2328087773754333,24.65897605542456,27.69255564162733,29.13630528024155,31.21345744451519,31.58075484117603,30.395924529366862,1.0389799070156411,1.1848303118091685,0,0.0,1
10,100,Pooled,calibration,exploratory_cluster,2,32,24.614480337468912,1.532819254795086,24.346954990076156,26.423325535316202,26.955098300888878,29.347583204484508,30.34034609297559,27.13788516235918,1.1180070190236597,3.202460930616411,0,0.0,0
10,100,Pooled,healthy_evaluation,exploratory_cluster,0,47,24.689905974571392,1.4807486070546767,24.452649645660628,26.731002468384276,27.042693925171264,28.399788633394543,28.883544645931327,27.831901140416583,1.03778554329469,1.0516435055147433,0,0.0,0
10,100,Pooled,healthy_evaluation,exploratory_cluster,1,34,26.001711760748822,2.9667778468121777,25.52307945458122,27.83778010059909,30.950237313584378,36.43513771562617,36.59922749246244,36.101985744473744,1.013773252017441,0.4972417479886957,2,0.058823529411764705,0
10,100,Pooled,healthy_evaluation,exploratory_cluster,2,19,25.220679633001986,2.4437791507702085,24.648293674116843,26.632045718045582,28.38581376228747,32.56940842740358,33.6153070936826,27.804758947688025,1.2089767495171084,5.810548145994577,1,0.05263157894736842,0
10,100,RACE,anomaly_evaluation,exploratory_cluster,0,260,86.94334738660552,98.22782304702046,43.32713793618103,218.08759676768113,386.3663146804093,403.9521263066939,405.39274053526486,404.23522589082796,1.002863468026286,1.157514644436901,260,1.0,0
10,100,RACE,anomaly_evaluation,exploratory_cluster,1,208,91.41886604220261,122.86699034794331,52.89061174896407,308.4619345243839,325.059664508025,403.62237165453894,1275.211562134877,404.2082194622571,3.1548382757564135,871.00334267262,208,1.0,0
10,100,RACE,anomaly_evaluation,exploratory_cluster,2,287,88.5720246029255,91.14013507977323,53.192361924826244,201.33898141932602,316.4725771109432,412.1215599496341,414.309430069909,414.2145648264238,1.0002290244031495,0.09486524348523062,287,1.0,0
10,100,RACE,calibration,exploratory_cluster,0,36,23.004560137759597,1.5290841377630353,22.64522869825548,24.45571751826065,24.66141227858354,27.651352561750105,29.254182834001185,24.674667770426687,1.1855958145488459,4.5795150635744974,0,0.0,1
10,100,RACE,calibration,exploratory_cluster,1,32,23.484338201238195,1.4775557166294708,23.23344374445618,25.37014603267658,25.881220641547326,27.023564300147093,27.329704650698435,26.342155132790882,1.0374893213151815,0.9875495179075529,0,0.0,0
10,100,RACE,calibration,exploratory_cluster,2,32,23.125939447076348,1.1114946621987145,22.808743029196222,24.61435288416028,24.998504295537934,26.030542862896716,26.48077445243663,25.028414486178832,1.0580284447127013,1.4523599662577986,0,0.0,0
10,100,RACE,healthy_evaluation,exploratory_cluster,0,47,23.004210863656905,1.0888969600075327,22.929407152941256,24.338063805232263,24.70367053968841,25.140904157469922,25.45783438687875,24.768855627294343,1.0278163339458113,0.6889787595844084,0,0.0,0
10,100,RACE,healthy_evaluation,exploratory_cluster,1,34,24.442741818017044,2.2769962303947078,24.18643657167726,25.969352158758113,27.98718170133097,32.13946960845464,33.177112643362406,30.032739810308545,1.1046981678299819,3.144372833053861,2,0.058823529411764705,0
10,100,RACE,healthy_evaluation,exploratory_cluster,2,19,23.69372211238092,2.6430674082234176,23.22024169295283,25.430301799855023,26.18521005278302,31.55569289935467,32.898313610997576,25.439309657425866,1.2932077974605882,7.45900395357171,1,0.05263157894736842,0
10,100,SourceOnly,anomaly_evaluation,exploratory_cluster,0,260,108.3283642331576,133.98100073115424,51.78109977722197,255.21014262055988,544.5054242614334,553.6644323134863,614.1332181254023,555.2070271840735,1.1061337268013225,58.926190941328855,135,0.5192307692307693,0
10,100,SourceOnly,anomaly_evaluation,exploratory_cluster,1,208,114.00038071438993,154.9897048728508,66.25249607502616,332.8865921452841,428.42570116465623,552.8825997915571,1484.1011178479648,554.2412373738036,2.6777168816960915,929.8598804741612,138,0.6634615384615384,0
10,100,SourceOnly,anomaly_evaluation,exploratory_cluster,2,287,108.00118884615836,117.26050488185346,66.15043263218294,234.64460545892777,430.1018314496422,551.8999383522621,554.3313911223405,553.46697658449,1.0015618177315382,0.8644145378505073,189,0.6585365853658537,0
10,100,SourceOnly,calibration,exploratory_cluster,0,36,36.25084251771768,3.635757687913762,36.9065822066259,39.128205648622554,39.70287182634983,41.509577267900525,42.008934249455876,40.5822000164406,1.0351566507591328,1.4267342330152744,0,0.0,0
10,100,SourceOnly,calibration,exploratory_cluster,1,32,34.779760513025394,5.017117805360122,35.32477676986264,38.557806371422956,39.83679811021814,47.86023769093777,51.03482439502577,40.79422212377411,1.251030703323146,10.24060227125166,0,0.0,1
10,100,SourceOnly,calibration,exploratory_cluster,2,32,35.28081034231843,3.656605037256832,36.276942764337406,39.64057456576276,40.175012317516845,40.47579423601126,40.57523020446192,40.254469015911404,1.0079683373397306,0.32076118855051305,0,0.0,0
10,100,SourceOnly,healthy_evaluation,exploratory_cluster,0,47,35.93491719686148,3.012765289884925,36.76248599937759,39.17445920504548,39.4274265212851,40.07971867402348,40.561470262340094,39.51418420078224,1.0265040537402041,1.0472860615578554,0,0.0,0
10,100,SourceOnly,healthy_evaluation,exploratory_cluster,1,34,36.93334469010383,5.49794770560264,36.79590535275654,39.72489777663444,41.296375384769604,55.45418612720259,61.968002022180706,42.22916597679238,1.4674218774824033,19.738836045388325,1,0.029411764705882353,0
10,100,SourceOnly,healthy_evaluation,exploratory_cluster,2,19,34.52068517097878,4.269220758300094,35.74919548556246,38.40399100737359,39.18857763596454,43.030171839790135,43.99057039074653,38.655022885433226,1.1380298627975707,5.335547505313301,0,0.0,0
10,100,TargetOnly,anomaly_evaluation,exploratory_cluster,0,260,291.21683912638446,119.82043903863016,244.9054570257676,419.07929860208435,664.4336509170358,715.9775724247598,716.3927268954926,716.0794460602591,1.0004374945223706,0.31328083523351324,260,1.0,0
10,100,TargetOnly,anomaly_evaluation,exploratory_cluster,1,208,289.69208606789124,147.54107834827744,244.96166279573174,419.291525548024,541.5504995834723,715.0981928823876,1760.5680006875314,716.0412011205095,2.458752370579341,1044.526799567022,208,1.0,0
10,100,TargetOnly,anomaly_evaluation,exploratory_cluster,2,287,289.82589979541723,110.3080631950408,248.0920175284085,387.7629569333806,588.5985758353445,714.8087516244182,720.9026863153555,717.4522729047069,1.0048092584565649,3.4504134106485935,287,1.0,0
10,100,TargetOnly,calibration,exploratory_cluster,0,36,33.37988739595015,6.757562358115825,32.37073483860857,35.77405649801163,37.0865852789357,59.11151316854928,70.1888151861204,38.53938085020305,1.8212232173353815,31.64943433591734,0,0.0,1
10,100,TargetOnly,calibration,exploratory_cluster,1,32,32.74799307827235,2.2808918122567903,32.31188014004323,35.661419063525145,36.698700900001754,37.867153199399915,38.19868307038626,37.12923187365612,1.0288034829368216,1.0694511967301423,0,0.0,0
10,100,TargetOnly,calibration,exploratory_cluster,2,32,32.84189078478593,2.2605724937861855,33.01216302477842,34.99421006328036,37.00862136174606,38.357887671593666,38.78665068444887,37.40354419136756,1.03697795283797,1.3831064930813142,0,0.0,0
10,100,TargetOnly,healthy_evaluation,exploratory_cluster,0,47,31.853021263848596,2.042337279383438,31.815713977002023,34.611594367232684,35.083609774466,35.32042962327805,35.324392808662765,35.31577718826121,1.0002439595299186,0.008615620401556612,0,0.0,0
10,100,TargetOnly,healthy_evaluation,exploratory_cluster,1,34,33.62033329442372,2.641170933821242,33.19806505016395,37.05632573830607,38.7584476569785,39.97127876200955,40.199177637455556,39.50857498458886,1.0174798168027088,0.6906026528666942,0,0.0,0
10,100,TargetOnly,healthy_evaluation,exploratory_cluster,2,19,37.45929636662654,19.048225661749278,33.00345772240993,38.3785924081095,48.63621598551424,101.80147005674225,115.09278357454919,41.25215292006609,2.7899824718860953,73.8406306544831,1,0.05263157894736842,0
11,10,Pooled,anomaly_evaluation,exploratory_cluster,0,260,107.72765330007805,133.2274992506317,51.38229909643482,254.24407638417077,539.9783293342917,550.1258934641569,611.9906912625544,551.6428406172782,1.1093965990345276,60.34785064527614,227,0.8730769230769231,0
11,10,Pooled,anomaly_evaluation,exploratory_cluster,1,208,113.18585118873959,154.10810998375985,65.71493565380331,329.0464604327345,424.3727632119312,549.1955212982067,1477.855693507639,550.5036399764934,2.6845520831992022,927.3520535311455,186,0.8942307692307693,0
11,10,Pooled,anomaly_evaluation,exploratory_cluster,2,287,107.37998999237232,116.61138528415982,65.5521278973668,234.2488045908094,425.8412059450591,548.5300670803435,550.6047691336186,549.6448318705122,1.0017464682781416,0.9599372631063261,271,0.9442508710801394,0
11,10,Pooled,calibration,exploratory_cluster,0,36,29.39660198774733,2.210809326734193,29.095115526635777,31.200199910248813,32.139574641127965,36.828113179534036,38.80795015729998,33.15127307796873,1.1706322730360088,5.656677079331246,0,0.0,0
11,10,Pooled,calibration,exploratory_cluster,1,34,30.191131013407077,3.24813838317839,29.485390041795547,33.46138294265523,37.582389776669956,39.58668109059217,40.32633685352581,38.0849557537269,1.0588521387366867,2.2413810997989074,0,0.0,1
11,10,Pooled,calibration,exploratory_cluster,2,30,29.62145994874443,3.037335243478109,28.62298391577083,31.796446427572498,35.5797511242463,39.47662949195718,39.879102564042974,38.491264384436796,1.0360559259821904,1.3878381796061774,0,0.0,0
11,10,Pooled,healthy_evaluation,exploratory_cluster,0,41,30.580429454918335,5.566265204327302,29.086496620149244,33.88333606201066,38.61113345021924,51.31758738333383,59.52339392108161,39.00887757671208,1.5258935303643932,20.514516344369532,1,0.024390243902439025,0
11,10,Pooled,healthy_evaluation,exploratory_cluster,1,32,31.723053282879214,6.886606487152167,29.68374449654387,35.98582759466337,47.65726144954972,55.038757898279556,57.109415912842984,50.42987393038029,1.1324520856761207,6.679541982462695,3,0.09375,0
11,10,Pooled,healthy_evaluation,exploratory_cluster,2,27,29.261236703093847,2.3928620031970675,28.499017859481757,31.442650247839513,34.44594140345704,35.544104668079974,35.61518548124898,35.34179773829128,1.0077355358372588,0.2733877429577021,0,0.0,0
11,10,RACE,anomaly_evaluation,exploratory_cluster,0,260,81.44003111909495,93.07473053532004,40.907601150873816,198.5796646541151,349.0452799404333,386.3661697276317,387.2979175993612,387.27826736662865,1.0000507393117257,0.019650232732544737,163,0.6269230769230769,0
11,10,RACE,anomaly_evaluation,exploratory_cluster,1,208,87.34281339337483,111.59729957466534,56.26582327476086,278.5315981059548,300.26566378476673,386.09995024620264,1115.9054370356582,386.61021513497616,2.8863837357377253,729.295221900682,148,0.7115384615384616,0
11,10,RACE,anomaly_evaluation,exploratory_cluster,2,287,83.95316724704968,84.93796114343716,55.63174304809791,184.05692260737416,299.5960779998857,385.7590966849257,387.13566291604536,386.8544589709845,1.0007268985494153,0.2812039450608381,218,0.759581881533101,0
11,10,RACE,calibration,exploratory_cluster,0,36,28.426539165794708,2.3300437562550083,28.60445475824561,30.64535972344096,30.84508975707461,31.549103042004706,31.772819620448363,31.13362939632363,1.0205305400147215,0.6391902241247323,0,0.0,0
11,10,RACE,calibration,exploratory_cluster,1,34,28.569819044644653,2.824914718716007,29.164887354690187,31.28095577903723,31.90178085840731,33.154994624012254,33.65491241027509,32.14001002766043,1.0471344713741813,1.5149023826146575,0,0.0,0
11,10,RACE,calibration,exploratory_cluster,2,30,28.675704841930774,3.160321580457275,28.820744837286245,31.10841141345144,31.79466964431225,36.20867187799554,37.87301819987917,32.13389295200459,1.1786003723995278,5.739125247874583,0,0.0,1
11,10,RACE,healthy_evaluation,exploratory_cluster,0,41,29.57346405482152,4.856785013250572,28.86499165831721,31.275306682249436,31.857756020279155,47.003831657712865,56.91748211605487,32.133355970199766,1.7712896894068493,24.784126145855105,1,0.024390243902439025,0
11,10,RACE,healthy_evaluation,exploratory_cluster,1,32,30.383896468836433,6.240844203617289,29.731696767166273,32.995804737538364,42.432016375993484,51.78561173576677,53.45199576481006,48.07656341305749,1.1118098293667265,5.375432351752565,2,0.0625,0
11,10,RACE,healthy_evaluation,exploratory_cluster,2,27,28.06572125515434,3.184595920044392,29.237208643454494,31.031505210007293,31.440443396645392,32.95924681092997,33.48565126717334,31.461018743160384,1.0643536860818632,2.0246325240129543,0,0.0,0
11,10,SourceOnly,anomaly_evaluation,exploratory_cluster,0,260,108.3283642331576,133.98100073115424,51.78109977722197,255.21014262055988,544.5054242614334,553.6644323134863,614.1332181254023,555.2070271840735,1.1061337268013225,58.926190941328855,184,0.7076923076923077,0
11,10,SourceOnly,anomaly_evaluation,exploratory_cluster,1,208,114.00038071438993,154.9897048728508,66.25249607502616,332.8865921452841,428.42570116465623,552.8825997915571,1484.1011178479648,554.2412373738036,2.6777168816960915,929.8598804741612,161,0.7740384615384616,0
11,10,SourceOnly,anomaly_evaluation,exploratory_cluster,2,287,108.00118884615836,117.26050488185346,66.15043263218294,234.64460545892777,430.1018314496422,551.8999383522621,554.3313911223405,553.46697658449,1.0015618177315382,0.8644145378505073,245,0.8536585365853658,0
11,10,SourceOnly,calibration,exploratory_cluster,0,36,36.05659525590425,3.2740627816175802,36.96188178802183,38.98855667874062,39.83960615027321,41.401455605431565,41.54808853259172,41.129137312134134,1.0101862389497283,0.41895122045758626,0,0.0,0
11,10,SourceOnly,calibration,exploratory_cluster,1,34,35.363521819538285,3.676885833682688,36.249631028487684,39.07095797362053,40.42506239566888,40.68151105229245,40.79422212377411,40.452673422314525,1.0084431675972045,0.3415487014595868,0,0.0,0
11,10,SourceOnly,calibration,exploratory_cluster,2,30,35.64107379271804,3.6443217824493526,36.25355161088304,38.64373272568452,40.06836923172739,42.90710099204434,43.99057039074653,40.254469015911404,1.0928120893448714,3.7361013748351226,0,0.0,1
11,10,SourceOnly,healthy_evaluation,exploratory_cluster,0,41,36.715829784217824,5.168852615085827,36.79066198558882,39.11860379805157,39.51418420078224,53.86051151276682,62.880289611075185,40.3308443653042,1.5591116576068962,22.549445245770983,1,0.024390243902439025,0
11,10,SourceOnly,healthy_evaluation,exploratory_cluster,1,32,37.094277175395376,6.130739791675813,36.998844899676364,40.79295287958121,46.1917122649974,56.195800019340595,58.51449921287333,51.03482439502577,1.1465602146477962,7.47967481784756,2,0.0625,0
11,10,SourceOnly,healthy_evaluation,exploratory_cluster,2,27,35.04665429470177,4.485454984035473,35.91305183216416,39.94262573287527,41.9985150031378,43.48317442963651,43.91186629127825,42.263051438810045,1.039013152063935,1.648814852468206,0,0.0,0
11,10,TargetOnly,anomaly_evaluation,exploratory_cluster,0,260,9034.46632162388,9350.962439022958,536.63197462178,17645.68399018931,17646.723501840508,35286.56820689988,35288.14091546032,35287.06122158117,1.0000305974439856,1.0796938791463617,117,0.45,0
11,10,TargetOnly,anomaly_evaluation,exploratory_cluster,1,208,18151.748542475285,13714.627341810088,17644.96020662047,35288.00964962321,35288.55737612335,52929.11144121259,52931.131383564774,52929.549119194744,1.0000298937813823,1.582264370030316,150,0.7211538461538461,0
11,10,TargetOnly,anomaly_evaluation,exploratory_cluster,2,287,14545.839391418594,12501.435138166336,17644.136471402548,35287.337389560984,35288.55179613309,37767.38958299004,52931.120545595884,52931.02322801558,1.0000018385735692,0.09731758030102355,172,0.5993031358885017,0
11,10,TargetOnly,calibration,exploratory_cluster,0,36,886.503190329854,3617.691244650089,30.323926277186402,35.071012999723855,3334.7463785046443,16098.621874013954,17642.441475491927,13231.52832841202,1.333363844115299,4410.9131470799075,0,0.0,1
11,10,TargetOnly,calibration,exploratory_cluster,1,34,1065.8354547702004,4206.3444811233,30.16026251227038,34.59937275806373,6197.310200518005,17641.964364737378,17642.028838447957,17641.833463567415,1.0000110745224382,0.1953748805426585,0,0.0,0
11,10,TargetOnly,calibration,exploratory_cluster,2,30,1646.9930288754376,4969.63649330607,30.094872689129872,1435.1909224003161,15657.16755251517,17642.315858599988,17642.38059113631,17642.15737549383,1.0000126524005952,0.2232156424797722,0,0.0,0
11,10,TargetOnly,healthy_evaluation,exploratory_cluster,0,41,889.3571011716872,3840.838550354217,29.82246200702763,34.84885045960454,37.01789236420311,17641.939186450178,17642.00809186267,17641.83582833144,1.0000097644900965,0.17226353122896398,0,0.0,0
11,10,TargetOnly,healthy_evaluation,exploratory_cluster,1,32,1680.9076794208265,5215.995486015562,29.725839990138454,33.05996979334339,17642.61001734008,17642.785732505174,17642.846185167757,17642.651176578784,1.000011053247441,0.19500858897299622,3,0.09375,0
11,10,TargetOnly,healthy_evaluation,exploratory_cluster,2,27,3177.730472084481,6786.785284967928,29.190678518017034,17641.98836949412,17642.31245474916,18654.645900456417,19010.317390760916,17642.350120359,1.0775388347396702,1367.9672704019176,1,0.037037037037037035,0
11,25,Pooled,anomaly_evaluation,exploratory_cluster,0,260,106.62222052319932,132.95553295376632,50.467642878793015,253.81187141507158,537.7118825047366,547.5885938648871,618.3274419317853,549.1074328353369,1.1260591369871433,69.2200090964484,250,0.9615384615384616,0
11,25,Pooled,anomaly_evaluation,exploratory_cluster,1,208,110.67581848856841,154.19027246898062,60.009362878063115,326.44463625235284,422.36831597019426,546.5714126561421,1475.2480402992585,548.0192169732439,2.691964067331757,927.2288233260145,204,0.9807692307692307,0
11,25,Pooled,anomaly_evaluation,exploratory_cluster,2,287,105.30684235723724,116.6326765846395,60.548159340498046,232.5644282732201,423.93257634775415,545.7918055733018,548.0494323393425,546.9721318737785,1.0019695710307461,1.077300465564008,279,0.9721254355400697,0
11,25,Pooled,calibration,exploratory_cluster,0,36,26.862022422902005,2.1128102209411246,26.361056597846307,28.739300680080955,29.398988752098216,33.89115108579248,35.736258313996366,30.464523376271,1.1730450489119273,5.271734937725366,0,0.0,0
11,25,Pooled,calibration,exploratory_cluster,1,34,27.71669918350058,3.0205525284141745,27.02449096406293,30.83676606085526,34.67941347513298,36.828314044137095,37.58183719218997,35.29843371324184,1.0646885212385935,2.283403478948131,0,0.0,1
11,25,Pooled,calibration,exploratory_cluster,2,30,27.261166576154857,2.9106185625814076,26.51806203994373,29.084733072009694,33.06190570688529,36.73861393595318,37.05512428637655,35.963709284916675,1.0303476761202053,1.0914150014598718,0,0.0,0
11,25,Pooled,healthy_evaluation,exploratory_cluster,0,41,27.47133257426206,3.7474057389855435,26.270079938438702,31.020530302427595,35.29598208052587,39.71305595942158,42.167024149465774,36.03210367435527,1.1702626227587385,6.134920475110505,1,0.024390243902439025,0
11,25,Pooled,healthy_evaluation,exploratory_cluster,1,32,28.413166625903067,4.320639660229102,27.21723781148821,33.320856214170114,38.00296157269658,41.481406949422265,42.86970325698561,38.39132807129739,1.1166506971931611,4.478375185688222,3,0.09375,0
11,25,Pooled,healthy_evaluation,exploratory_cluster,2,27,26.929132639962,2.4813968996306106,25.696257903056473,28.714239859321392,32.408223348982105,34.761618314676696,35.094606176912606,33.81388362985142,1.037875641883695,1.2807225470611883,0,0.0,0
11,25,RACE,anomaly_evaluation,exploratory_cluster,0,260,75.3943499642403,84.5850531182469,38.06603934453167,189.69230411407682,333.25353221522744,348.1397154908765,348.8939065766154,348.8446157252662,1.000141297440543,0.04929085134921252,219,0.8423076923076923,0
11,25,RACE,anomaly_evaluation,exploratory_cluster,1,208,79.3309957850485,103.68966827895163,47.54990077273939,267.5675290909754,280.7182714828942,347.8827595232183,1053.466766132155,348.40514434202095,3.023683155200464,705.061621790134,185,0.8894230769230769,0
11,25,RACE,anomaly_evaluation,exploratory_cluster,2,287,77.29592555694119,78.9556498649203,47.42131236198114,175.67783438924116,274.02279766698314,362.8359305782202,364.3174904737045,364.01722197557876,1.0008248744290067,0.30026849812571754,263,0.9163763066202091,0
11,25,RACE,calibration,exploratory_cluster,0,36,23.654932338787752,1.366815098236437,23.482627913081895,25.405112800064266,26.085964710598745,26.30120263118137,26.39667178218057,26.123902779325707,1.0104413572948499,0.2727690028548615,0,0.0,0
11,25,RACE,calibration,exploratory_cluster,1,34,23.97838588515621,1.739000716372133,23.950806753078993,26.20906993833093,26.648860716647686,27.354372901373626,27.556793121096035,26.943398515876606,1.0227660443376503,0.6133946052194297,0,0.0,0
11,25,RACE,calibration,exploratory_cluster,2,30,23.989325246052754,2.1611217655632085,23.555137700154553,25.466845721997757,26.673487326798547,30.745422813888794,32.033955015207795,27.590740527900884,1.1610400591754233,4.443214487306911,0,0.0,1
11,25,RACE,healthy_evaluation,exploratory_cluster,0,41,24.08398656461189,2.0169284784591635,23.695915824409578,25.885828176038174,26.321701149560255,30.95158540719136,33.753946018873265,26.74804448966848,1.2619220082391756,7.005901529204785,1,0.024390243902439025,0
11,25,RACE,healthy_evaluation,exploratory_cluster,1,32,24.75125119588631,2.6437512546959385,24.587592047756438,26.527757252548227,30.017320960640504,32.514975174157144,33.366488348547485,30.619671656965725,1.0897075815297608,2.74681669158176,1,0.03125,0
11,25,RACE,healthy_evaluation,exploratory_cluster,2,27,23.651348655126025,2.3269187430467193,23.583776923439597,25.48236842734642,27.71812047793008,30.407543578190467,31.01692572020083,28.673148250930208,1.0817411973306623,2.3437774692706235,0,0.0,0
11,25,SourceOnly,anomaly_evaluation,exploratory_cluster,0,260,108.3283642331576,133.98100073115424,51.78109977722197,255.21014262055988,544.5054242614334,553.6644323134863,614.1332181254023,555.2070271840735,1.1061337268013225,58.926190941328855,184,0.7076923076923077,0
11,25,SourceOnly,anomaly_evaluation,exploratory_cluster,1,208,114.00038071438993,154.9897048728508,66.25249607502616,332.8865921452841,428.42570116465623,552.8825997915571,1484.1011178479648,554.2412373738036,2.6777168816960915,929.8598804741612,161,0.7740384615384616,0
11,25,SourceOnly,anomaly_evaluation,exploratory_cluster,2,287,108.00118884615836,117.26050488185346,66.15043263218294,234.64460545892777,430.1018314496422,551.8999383522621,554.3313911223405,553.46697658449,1.0015618177315382,0.8644145378505073,245,0.8536585365853658,0
11,25,SourceOnly,calibration,exploratory_cluster,0,36,36.05659525590425,3.2740627816175802,36.96188178802183,38.98855667874062,39.83960615027321,41.401455605431565,41.54808853259172,41.129137312134134,1.0101862389497283,0.41895122045758626,0,0.0,0
11,25,SourceOnly,calibration,exploratory_cluster,1,34,35.363521819538285,3.676885833682688,36.249631028487684,39.07095797362053,40.42506239566888,40.68151105229245,40.79422212377411,40.452673422314525,1.0084431675972045,0.3415487014595868,0,0.0,0
11,25,SourceOnly,calibration,exploratory_cluster,2,30,35.64107379271804,3.6443217824493526,36.25355161088304,38.64373272568452,40.06836923172739,42.90710099204434,43.99057039074653,40.254469015911404,1.0928120893448714,3.7361013748351226,0,0.0,1
11,25,SourceOnly,healthy_evaluation,exploratory_cluster,0,41,36.715829784217824,5.168852615085827,36.79066198558882,39.11860379805157,39.51418420078224,53.86051151276682,62.880289611075185,40.3308443653042,1.5591116576068962,22.549445245770983,1,0.024390243902439025,0
11,25,SourceOnly,healthy_evaluation,exploratory_cluster,1,32,37.094277175395376,6.130739791675813,36.998844899676364,40.79295287958121,46.1917122649974,56.195800019340595,58.51449921287333,51.03482439502577,1.1465602146477962,7.47967481784756,2,0.0625,0
11,25,SourceOnly,healthy_evaluation,exploratory_cluster,2,27,35.04665429470177,4.485454984035473,35.91305183216416,39.94262573287527,41.9985150031378,43.48317442963651,43.91186629127825,42.263051438810045,1.039013152063935,1.648814852468206,0,0.0,0
11,25,TargetOnly,anomaly_evaluation,exploratory_cluster,0,260,10176.577474122534,10508.662172726174,574.7663203039795,19852.7580497184,19854.04274265194,39697.60226325946,39698.273652944314,39698.15546976162,1.0000029770446837,0.11818318269070005,125,0.4807692307692308,0
11,25,TargetOnly,anomaly_evaluation,exploratory_cluster,1,208,20427.2281173689,15420.44050677068,19851.435677565983,39698.323109649005,39698.87585721492,59544.82049864554,59547.369872887284,59545.33063775502,1.0000342467681416,2.0392351322661852,151,0.7259615384615384,0
11,25,TargetOnly,anomaly_evaluation,exploratory_cluster,2,287,16397.888339111803,14063.462630615339,19851.324423024274,39698.00738932836,39699.25746113376,42502.7918532312,59547.16644683987,59546.6740638061,1.000008268858698,0.49238303376478143,185,0.6445993031358885,0
11,25,TargetOnly,calibration,exploratory_cluster,0,36,991.607742156274,4071.3312502487906,28.5528450664514,31.454939747922037,3745.7861523788656,18111.10871791914,19847.883444935032,14885.669939175366,1.333355067392725,4962.213505759666,0,0.0,0
11,25,TargetOnly,calibration,exploratory_cluster,1,34,1193.910233118104,4733.335452179243,28.194344448436276,32.46409083994494,6967.868163003146,19846.81654496142,19846.96366725973,19846.517842113342,1.0000224636457606,0.4458251463875058,0,0.0,0
11,25,TargetOnly,calibration,exploratory_cluster,2,30,1848.066503388784,5592.58207893663,29.05832160993713,1593.614801298979,17614.7414424252,19847.948012235443,19848.09067401646,19847.598736840544,1.0000247857276057,0.4919371759169735,0,0.0,1
11,25,TargetOnly,healthy_evaluation,exploratory_cluster,0,41,994.8974812771052,4322.294367909314,28.02287960611965,32.07300131255586,32.33389274230031,19847.470836594184,19847.641145656813,19847.215373000243,1.0000214525135425,0.4257726565701887,0,0.0,0
11,25,TargetOnly,healthy_evaluation,exploratory_cluster,1,32,1886.2489014778675,5869.375014166333,28.847070296407082,31.439520997703248,19847.339551621426,19847.62997243624,19847.754118691963,19847.353646899308,1.00002017759142,0.4004717926545709,0,0.0,0
11,25,TargetOnly,healthy_evaluation,exploratory_cluster,2,27,3600.501021580429,7709.564344376313,27.186171324329717,19847.754188153907,19848.17663369244,21573.98620592539,22180.3427387499,19848.20222788641,1.1174988285632674,2332.14051086349,3,0.1111111111111111,0
11,50,Pooled,anomaly_evaluation,exploratory_cluster,0,260,105.55706031375854,132.62003691509616,49.45531764000482,252.77099500389568,534.7482324830534,544.5075992058696,629.0960004136507,545.918531847524,1.1523624198735907,83.17746856612666,257,0.9884615384615385,0
11,50,Pooled,anomaly_evaluation,exploratory_cluster,1,208,109.92912749743125,153.6428147419297,59.61911876448397,324.9651979799701,419.8673518322563,543.5309391009911,1471.9018020163342,544.8753167570486,2.7013552582574265,927.0264852592856,206,0.9903846153846154,0
11,50,Pooled,anomaly_evaluation,exploratory_cluster,2,287,104.23412288470777,115.93446785132762,59.84299056102411,230.80170000400616,421.5437683640217,542.6936919283082,544.7320002162527,543.7277227601389,1.0018470227175758,1.0042774561137549,287,1.0,0
11,50,Pooled,calibration,exploratory_cluster,0,36,25.705000864595668,1.8540731461391324,25.34887265029809,27.85775889020235,28.507962505378085,30.57292725669346,31.249608073569355,29.316234311066808,1.0659489121961583,1.9333737625025478,0,0.0,0
11,50,Pooled,calibration,exploratory_cluster,1,34,26.419741677911745,2.1938688361122987,26.176874803905974,29.000823577091044,30.262194185652564,32.347254835930016,32.88475722934917,31.255962097775978,1.0521115020064953,1.6287951315731917,0,0.0,0
11,50,Pooled,calibration,exploratory_cluster,2,30,26.025365493472467,2.564655186522695,25.29352935285163,27.836424569185503,30.546497579238196,34.22868938965288,34.9703980325031,32.41278202267474,1.0789076361306829,2.557616009828358,0,0.0,1
11,50,Pooled,healthy_evaluation,exploratory_cluster,0,41,26.02488434011844,3.2954718552302085,25.19145396869735,28.366154051387145,30.651600376471354,37.55368086411427,41.73527131102417,31.28129519374939,1.3341925598836357,10.453976117274781,1,0.024390243902439025,0
11,50,Pooled,healthy_evaluation,exploratory_cluster,1,32,27.276582317195263,4.046638915442613,26.312351646146098,29.859660191435168,37.48543470104035,38.836703888099436,38.979362972207234,38.519172378311104,1.011947052999385,0.4601905938961295,3,0.09375,0
11,50,Pooled,healthy_evaluation,exploratory_cluster,2,27,25.846131223838228,2.5602758530692706,25.010259461152543,27.337320304168035,30.849259938099422,34.221432917814795,34.88337131111687,32.33745441380122,1.0787296632795278,2.5459168973156494,0,0.0,0
11,50,RACE,anomaly_evaluation,exploratory_cluster,0,260,80.33735887700956,90.93413994196527,40.269988390051054,203.66458246096255,358.8231392894134,372.9126788534091,373.45782246804197,373.3768393158974,1.000216893882044,0.08098315214454033,253,0.9730769230769231,0
11,50,RACE,anomaly_evaluation,exploratory_cluster,1,208,84.76250509284105,111.86669366608349,49.688877286715346,286.5698132610455,302.2688459145915,372.56465311079,1141.126466501824,372.98267253819347,3.0594624107771993,768.1437939636306,203,0.9759615384615384,0
11,50,RACE,anomaly_evaluation,exploratory_cluster,2,287,82.25834644733524,84.6047374496171,49.156082427618,186.86278884606554,295.1713614613572,385.8951009724691,386.8849366616039,386.79280937276155,1.0002381825272082,0.09212728884233456,287,1.0,0
11,50,RACE,calibration,exploratory_cluster,0,36,22.688632067585477,1.3242821632523676,22.63712597291272,24.478681669841382,24.985064594582642,25.607482727672778,25.70979669444859,25.41747107508913,1.0115009718510493,0.29232561935945967,0,0.0,0
11,50,RACE,calibration,exploratory_cluster,1,34,23.109477058048732,1.372057736665323,23.16516081211203,24.886519680640955,25.348527823989578,25.638067955302848,25.712195317516894,25.487566947171302,1.0088132527836489,0.22462837034559158,0,0.0,0
11,50,RACE,calibration,exploratory_cluster,2,30,22.88101465244419,2.174261659484347,22.899258128201666,24.48220398662518,25.499372020934825,30.002841588584143,31.522919663601915,26.281271129057863,1.19944425476242,5.241648534544051,0,0.0,1
11,50,RACE,healthy_evaluation,exploratory_cluster,0,41,22.810782052342848,2.1533438336031683,22.407200589489044,24.759737191691528,24.98240511010223,30.27781649222118,33.43901105367177,25.536024650045267,1.3094838179368884,7.902986403626503,1,0.024390243902439025,0
11,50,RACE,healthy_evaluation,exploratory_cluster,1,32,23.833339636739083,2.750304847463273,23.624451130053696,25.910900500662763,29.683314513055464,32.24326667874582,33.04204798443536,30.465334095114265,1.0845785534889085,2.5767138893210912,1,0.03125,0
11,50,RACE,healthy_evaluation,exploratory_cluster,2,27,22.708154324913266,2.585022702395627,22.0820336014703,23.779549641689623,26.264672882605865,32.02199174662454,33.67098076079997,27.32871532166376,1.232073310599735,6.342265439136209,1,0.037037037037037035,0
11,50,SourceOnly,anomaly_evaluation,exploratory_cluster,0,260,108.3283642331576,133.98100073115424,51.78109977722197,255.21014262055988,544.5054242614334,553.6644323134863,614.1332181254023,555.2070271840735,1.1061337268013225,58.926190941328855,184,0.7076923076923077,0
11,50,SourceOnly,anomaly_evaluation,exploratory_cluster,1,208,114.00038071438993,154.9897048728508,66.25249607502616,332.8865921452841,428.42570116465623,552.8825997915571,1484.1011178479648,554.2412373738036,2.6777168816960915,929.8598804741612,161,0.7740384615384616,0
11,50,SourceOnly,anomaly_evaluation,exploratory_cluster,2,287,108.00118884615836,117.26050488185346,66.15043263218294,234.64460545892777,430.1018314496422,551.8999383522621,554.3313911223405,553.46697658449,1.0015618177315382,0.8644145378505073,245,0.8536585365853658,0
11,50,SourceOnly,calibration,exploratory_cluster,0,36,36.05659525590425,3.2740627816175802,36.96188178802183,38.98855667874062,39.83960615027321,41.401455605431565,41.54808853259172,41.129137312134134,1.0101862389497283,0.41895122045758626,0,0.0,0
11,50,SourceOnly,calibration,exploratory_cluster,1,34,35.363521819538285,3.676885833682688,36.249631028487684,39.07095797362053,40.42506239566888,40.68151105229245,40.79422212377411,40.452673422314525,1.0084431675972045,0.3415487014595868,0,0.0,0
11,50,SourceOnly,calibration,exploratory_cluster,2,30,35.64107379271804,3.6443217824493526,36.25355161088304,38.64373272568452,40.06836923172739,42.90710099204434,43.99057039074653,40.254469015911404,1.0928120893448714,3.7361013748351226,0,0.0,1
11,50,SourceOnly,healthy_evaluation,exploratory_cluster,0,41,36.715829784217824,5.168852615085827,36.79066198558882,39.11860379805157,39.51418420078224,53.86051151276682,62.880289611075185,40.3308443653042,1.5591116576068962,22.549445245770983,1,0.024390243902439025,0
11,50,SourceOnly,healthy_evaluation,exploratory_cluster,1,32,37.094277175395376,6.130739791675813,36.998844899676364,40.79295287958121,46.1917122649974,56.195800019340595,58.51449921287333,51.03482439502577,1.1465602146477962,7.47967481784756,2,0.0625,0
11,50,SourceOnly,healthy_evaluation,exploratory_cluster,2,27,35.04665429470177,4.485454984035473,35.91305183216416,39.94262573287527,41.9985150031378,43.48317442963651,43.91186629127825,42.263051438810045,1.039013152063935,1.648814852468206,0,0.0,0
11,50,TargetOnly,anomaly_evaluation,exploratory_cluster,0,260,243.64313954732162,101.52939686323631,204.82417449495833,339.8611043599158,597.3198999491832,602.8740690524679,604.7763415863541,603.3260330640826,1.0024038553664025,1.4503085222714844,260,1.0,0
11,50,TargetOnly,anomaly_evaluation,exploratory_cluster,1,208,242.09202145808175,119.41845743788396,206.99481592324008,339.26207901791776,462.3614271919001,604.3491515574291,1383.8666586243987,605.20501457202,2.286608050666965,778.6616440523787,208,1.0,0
11,50,TargetOnly,anomaly_evaluation,exploratory_cluster,2,287,451.31360550318146,1855.5295098800898,208.78120113292914,344.85003981400115,554.9141391263735,8843.426196928725,23297.907472818337,17801.208000163715,1.308782385588892,5496.699472654622,287,1.0,0
11,50,TargetOnly,calibration,exploratory_cluster,0,36,30.97355116516912,2.2008245057615072,31.178194747125612,33.56258519082954,34.02169237426296,34.64051445447626,34.86393381394297,34.22559278689523,1.0186509852735746,0.6383410270477441,0,0.0,0
11,50,TargetOnly,calibration,exploratory_cluster,1,34,31.640358513233576,2.3574719861194295,30.86780167236017,34.46234036843262,35.22105781865453,37.46114261175705,38.34976148928173,35.656977011934195,1.0755191466861107,2.692784477347537,0,0.0,0
11,50,TargetOnly,calibration,exploratory_cluster,2,30,34.264127401677214,13.95053213881803,31.79592067779433,35.404115207549665,36.91549024893816,86.73896190628889,106.90147903919247,37.375557891248896,2.8601975480939203,69.52592114794356,0,0.0,1
11,50,TargetOnly,healthy_evaluation,exploratory_cluster,0,41,31.06281429748645,1.9081281411714037,30.988732416384956,33.0661847261479,33.87812281674529,35.80702779757152,36.241646507982566,35.155099731954955,1.0309072306525124,1.0865467760276104,0,0.0,0
11,50,TargetOnly,healthy_evaluation,exploratory_cluster,1,32,31.748662346357364,2.376790096292704,32.074976762374064,34.22919294213177,35.498828118126546,36.03070887041695,36.25356314784455,35.53467838194907,1.0202305128012825,0.7188847658954813,0,0.0,0
11,50,TargetOnly,healthy_evaluation,exploratory_cluster,2,27,418.5786855470021,2013.2553758818633,30.85451555480775,36.382832489271735,40.528775934206344,7774.975614108,10492.297649817927,41.05905093365452,255.54165065266514,10451.238598884273,1,0.037037037037037035,0
11,100,Pooled,anomaly_evaluation,exploratory_cluster,0,260,104.56373485236412,132.29480526937738,49.167431152527925,250.04728944830546,532.5495539263144,542.4917536741077,649.1316680970001,543.1752173059957,1.1950686397595975,105.95645079100439,259,0.9961538461538462,0
11,100,Pooled,anomaly_evaluation,exploratory_cluster,1,208,109.04313454754158,153.04810212673505,59.159200351405254,319.9972460067634,418.06142595767153,541.267138260771,1469.926693374684,542.5310794478048,2.709387073033299,927.3956139268792,208,1.0,0
11,100,Pooled,anomaly_evaluation,exploratory_cluster,2,287,103.13265123814463,115.07914290487972,58.93121960521539,228.14272890474177,419.8906835318216,540.3675436819188,542.2563789835853,541.6798510320478,1.001064333388881,0.5765279515374004,287,1.0,0
11,100,Pooled,calibration,exploratory_cluster,0,36,24.756626428623903,1.469090562236659,24.55183913905958,26.823795230087,27.217180384457368,27.95068335473231,28.23766990962151,27.417708324223796,1.0299062772023608,0.8199615853977136,0,0.0,0
11,100,Pooled,calibration,exploratory_cluster,1,34,25.186460810352795,1.7645518084757896,25.008488359550057,26.866164229719704,27.99005968955727,29.892717380869705,30.644696283402865,28.365972336332675,1.080333010272011,2.2787239470701905,0,0.0,0
11,100,Pooled,calibration,exploratory_cluster,2,30,24.976502771591324,2.2167656341805024,24.866588189919405,26.367207690524488,28.032526520166325,32.373855303203435,33.59842646596563,29.375767284027013,1.1437463451119685,4.222659181938617,0,0.0,1
11,100,Pooled,healthy_evaluation,exploratory_cluster,0,41,24.959648108602067,2.99555760339397,24.206218966848205,26.54280852869144,27.878121075038358,36.1353754995994,41.262496786880725,28.44469356867736,1.4506219477195577,12.817803218203366,1,0.024390243902439025,0
11,100,Pooled,healthy_evaluation,exploratory_cluster,1,32,26.280514420786698,3.82403256502357,25.223333790094387,28.852883583862003,35.68221206078307,37.92120848189463,38.646912148639935,36.305932578493795,1.0644792573523603,2.340979570146139,3,0.09375,0
11,100,Pooled,healthy_evaluation,exploratory_cluster,2,27,24.946296124819963,2.632455045466491,24.185619787363304,26.2294884973525,29.960201970834728,33.67121013978017,34.42569259899261,31.523836986637097,1.092052741345719,2.901855612355515,1,0.037037037037037035,0
11,100,RACE,anomaly_evaluation,exploratory_cluster,0,260,88.56043240730494,100.90788990481491,43.806550022653994,222.2924171152108,394.8224096435278,415.125393787734,416.49360796890727,415.8249959245284,1.0016079169144037,0.6686120443788468,259,0.9961538461538462,0
11,100,RACE,anomaly_evaluation,exploratory_cluster,1,208,93.5471508475235,124.55707145252971,54.4922116351086,316.60165533511434,327.2846795135418,414.9263848525955,1280.0175454200057,415.02606664263345,3.0841859061401813,864.9914787773723,207,0.9951923076923077,0
11,100,RACE,anomaly_evaluation,exploratory_cluster,2,287,90.34860982634959,92.96317863427055,53.93722669157349,201.94674346727948,324.44688889160705,418.4210926404176,419.2529463871866,419.00941381719537,1.0005812102591507,0.2435325699912596,287,1.0,0
11,100,RACE,calibration,exploratory_cluster,0,36,23.527797301286647,1.2817044895410095,23.572881259009527,24.809845517271665,25.81654792967992,26.70813057951128,27.075427398100384,26.026007916417235,1.0403219535263868,1.0494194816831488,0,0.0,0
11,100,RACE,calibration,exploratory_cluster,1,34,23.89406658287634,1.454723200903845,23.583397873919516,25.94519646054968,26.301132501435486,26.669724814788378,26.813869785843504,26.37706684325221,1.0165599513087271,0.4368029425912958,0,0.0,0
11,100,RACE,calibration,exploratory_cluster,2,30,23.683158436962728,2.192466810507424,23.578283845039195,25.064537247664212,26.01150314472415,30.871361788983464,32.549638643255726,26.762477076799634,1.2162416262832776,5.787161566456092,0,0.0,1
11,100,RACE,healthy_evaluation,exploratory_cluster,0,41,23.746599052592334,2.1204369327636146,23.491237244764505,25.084139521439038,25.13088962364779,31.240931423584655,35.22368487489272,25.266801246622524,1.3940698124421727,9.956883628270194,1,0.024390243902439025,0
11,100,RACE,healthy_evaluation,exploratory_cluster,1,32,24.72902844564043,2.722382811378899,24.280285602791704,26.688869542249712,31.108265028646397,33.06686173076086,33.164514734531814,32.84950504494811,1.0095894805462875,0.3150096895837038,2,0.0625,0
11,100,RACE,healthy_evaluation,exploratory_cluster,2,27,23.80088768594913,3.3222212149843116,23.15608722761031,25.152318931676437,27.80191641626139,35.81126452063351,38.28233593035928,28.778215123721743,1.3302540051833631,9.504120806637538,1,0.037037037037037035,0
11,100,SourceOnly,anomaly_evaluation,exploratory_cluster,0,260,108.3283642331576,133.98100073115424,51.78109977722197,255.21014262055988,544.5054242614334,553.6644323134863,614.1332181254023,555.2070271840735,1.1061337268013225,58.926190941328855,184,0.7076923076923077,0
11,100,SourceOnly,anomaly_evaluation,exploratory_cluster,1,208,114.00038071438993,154.9897048728508,66.25249607502616,332.8865921452841,428.42570116465623,552.8825997915571,1484.1011178479648,554.2412373738036,2.6777168816960915,929.8598804741612,161,0.7740384615384616,0
11,100,SourceOnly,anomaly_evaluation,exploratory_cluster,2,287,108.00118884615836,117.26050488185346,66.15043263218294,234.64460545892777,430.1018314496422,551.8999383522621,554.3313911223405,553.46697658449,1.0015618177315382,0.8644145378505073,245,0.8536585365853658,0
11,100,SourceOnly,calibration,exploratory_cluster,0,36,36.05659525590425,3.2740627816175802,36.96188178802183,38.98855667874062,39.83960615027321,41.401455605431565,41.54808853259172,41.129137312134134,1.0101862389497283,0.41895122045758626,0,0.0,0
11,100,SourceOnly,calibration,exploratory_cluster,1,34,35.363521819538285,3.676885833682688,36.249631028487684,39.07095797362053,40.42506239566888,40.68151105229245,40.79422212377411,40.452673422314525,1.0084431675972045,0.3415487014595868,0,0.0,0
11,100,SourceOnly,calibration,exploratory_cluster,2,30,35.64107379271804,3.6443217824493526,36.25355161088304,38.64373272568452,40.06836923172739,42.90710099204434,43.99057039074653,40.254469015911404,1.0928120893448714,3.7361013748351226,0,0.0,1
11,100,SourceOnly,healthy_evaluation,exploratory_cluster,0,41,36.715829784217824,5.168852615085827,36.79066198558882,39.11860379805157,39.51418420078224,53.86051151276682,62.880289611075185,40.3308443653042,1.5591116576068962,22.549445245770983,1,0.024390243902439025,0
11,100,SourceOnly,healthy_evaluation,exploratory_cluster,1,32,37.094277175395376,6.130739791675813,36.998844899676364,40.79295287958121,46.1917122649974,56.195800019340595,58.51449921287333,51.03482439502577,1.1465602146477962,7.47967481784756,2,0.0625,0
11,100,SourceOnly,healthy_evaluation,exploratory_cluster,2,27,35.04665429470177,4.485454984035473,35.91305183216416,39.94262573287527,41.9985150031378,43.48317442963651,43.91186629127825,42.263051438810045,1.039013152063935,1.648814852468206,0,0.0,0
11,100,TargetOnly,anomaly_evaluation,exploratory_cluster,0,260,291.6065323074379,122.00860610052463,244.68686412066307,402.97280739133123,696.7520262163948,727.9778747879254,728.3638989151628,728.261332964631,1.00014083673798,0.10256595053181172,260,1.0,0
11,100,TargetOnly,anomaly_evaluation,exploratory_cluster,1,208,289.2493363800976,138.21209889006303,248.97741225525846,403.34033662277636,540.2454777219285,728.6160738906423,1550.276294761649,730.8317759636479,2.1212491653329,819.4445187980011,208,1.0,0
11,100,TargetOnly,anomaly_evaluation,exploratory_cluster,2,287,546.3895916543905,2287.8544472360168,250.5984185463744,402.9906775194195,620.5448069091495,10902.507875860578,28708.778437649114,21937.44875260597,1.3086653220894144,6771.329685043143,287,1.0,0
11,100,TargetOnly,calibration,exploratory_cluster,0,36,32.64216301198353,1.9864168671486169,32.6512528417785,35.06751213537838,36.1094170478553,37.092939559488386,37.32315796871929,36.665391085202415,1.0179397209207006,0.657766883516878,0,0.0,0
11,100,TargetOnly,calibration,exploratory_cluster,1,34,33.32655828873626,2.7135984332018266,32.847239787667945,36.93667582383617,37.98134351853936,39.83692619836296,40.711246533420216,38.06179097264063,1.0696093245502833,2.649455560779586,0,0.0,0
11,100,TargetOnly,calibration,exploratory_cluster,2,30,34.265056055126784,8.77458555131619,32.210414488735616,37.511001499718056,38.236890126308765,66.740897506826,78.20404752182317,38.67594402183279,2.0220333207038603,39.52810349999038,0,0.0,1
11,100,TargetOnly,healthy_evaluation,exploratory_cluster,0,41,33.01800289749224,2.150799082694183,33.104337936672316,35.82899983001618,37.18514833980861,38.08320702657128,38.60181188841138,37.305299733811125,1.0347541009950707,1.2965121546002578,0,0.0,0
11,100,TargetOnly,healthy_evaluation,exploratory_cluster,1,32,33.53711645829867,2.4997258709958574,33.32772347522187,36.73885142152092,38.127283484374,38.844507583161764,38.85673882591117,38.81728320413888,1.0010164446997694,0.03945562177229078,0,0.0,0
11,100,TargetOnly,healthy_evaluation,exploratory_cluster,2,27,510.4642392270612,2481.724447534069,32.30933686298158,39.30072071214224,41.490066823618676,9577.841295331022,12928.264074551706,42.02261601069369,307.650148940318,12886.241458541012,1,0.037037037037037035,0
12,10,Pooled,anomaly_evaluation,exploratory_cluster,0,260,111.40767119032385,133.15679514755954,60.21011098989324,253.05575004670683,542.3463238982781,554.9721182823833,613.0211757837147,556.3270314269306,1.1019079447054165,56.694144356784136,126,0.4846153846153846,0
12,10,Pooled,anomaly_evaluation,exploratory_cluster,1,208,114.84215868324746,154.31422331384317,67.09160664459284,330.4816591960004,426.64330163342066,554.0645882988763,1476.0468845882124,555.3635458713402,2.6578029752967702,920.6833387168722,120,0.5769230769230769,0
12,10,Pooled,anomaly_evaluation,exploratory_cluster,2,287,110.16479398197181,116.22221153370937,68.75370780606715,233.26154680660858,428.2308181592037,553.2379109963139,555.4924278339649,554.6967532851465,1.0014344315954729,0.7956745488183969,178,0.6202090592334495,0
12,10,Pooled,calibration,exploratory_cluster,0,44,30.939630179907773,8.46270509619481,28.703000989025625,32.591562361029816,56.39180326691839,61.447185976116366,61.5508793126711,61.30973201835776,1.003933262899292,0.24114729431334325,0,0.0,0
12,10,Pooled,calibration,exploratory_cluster,1,29,30.119650628805257,6.546357042899983,29.47015800434273,31.087488356382085,31.759741135497492,54.235264250748614,62.82470788395337,32.1481234796508,1.9542262839608762,30.676584404302574,0,0.0,1
12,10,Pooled,calibration,exploratory_cluster,2,27,28.91082259343554,1.8715085859638156,28.265673255501717,30.947034084700768,31.501064845105507,34.42057966903892,35.43521991056981,31.532757443143325,1.1237589980661544,3.9024624674264885,0,0.0,0
12,10,Pooled,healthy_evaluation,exploratory_cluster,0,44,31.573248423680038,9.707691508193138,28.734780972833185,31.686865735602513,61.5213869430841,61.95520999741657,62.23741097633362,61.58112963001489,1.0106571826509472,0.6562813463187283,0,0.0,0
12,10,Pooled,healthy_evaluation,exploratory_cluster,1,30,33.90846261579279,11.53529097849945,29.983338308905303,61.09200930573323,61.473634408841995,64.9481941735883,66.2656954863353,61.722587511345665,1.0736052741495086,4.543107974989638,1,0.03333333333333333,0
12,10,Pooled,healthy_evaluation,exploratory_cluster,2,26,30.56864546738998,6.901338734219327,28.54528261344784,33.852819085242174,37.84390732034933,55.93651932398694,61.74142713300243,38.52179589694049,1.602766062573581,23.219631236061943,0,0.0,0
12,10,RACE,anomaly_evaluation,exploratory_cluster,0,260,84.26958168379223,95.87208648619202,45.161904032595835,201.4229820625009,354.94178401220887,400.1715427087136,401.2396002164145,401.0730338526519,1.0004153018271076,0.16656636376256984,159,0.6115384615384616,0
12,10,RACE,anomaly_evaluation,exploratory_cluster,1,208,89.36200344056337,114.57454462536637,56.75876224737226,285.37981453168806,308.5787505410106,400.0773823436085,1137.308609605043,400.49470211639465,2.839759436504382,736.8139074886485,146,0.7019230769230769,0
12,10,RACE,anomaly_evaluation,exploratory_cluster,2,287,86.23742553429223,87.00862156594451,56.784238026507865,186.35465122621167,309.50300886807935,399.6010429468083,401.0518352224102,400.85212925526713,1.0004982035832368,0.19970596714307476,219,0.7630662020905923,0
12,10,RACE,calibration,exploratory_cluster,0,44,29.03922431760765,3.1519429248534,28.850982765292294,31.35164577279583,36.19211557716646,37.81651157324451,38.015819616484585,37.5523125391821,1.0123429702716409,0.46350707730248786,0,0.0,0
12,10,RACE,calibration,exploratory_cluster,1,29,28.366808924407383,3.462409695518106,28.907265563498857,30.847680370659557,32.0749630384662,37.40169217558218,39.353282611187005,32.383316769741214,1.2152332292274177,6.9699658414457915,0,0.0,1
12,10,RACE,calibration,exploratory_cluster,2,27,27.924864285863425,2.457571171090601,28.021539351283362,30.423298318825715,31.005136637210732,32.93815695560992,33.58193899458664,31.105854229291577,1.0796018893113504,2.4760847652950666,0,0.0,0
12,10,RACE,healthy_evaluation,exploratory_cluster,0,44,29.042152778913792,3.428578184689908,28.768967356324204,30.955771135427245,37.85486427762057,38.66422164926038,39.10538035756878,38.07942987313064,1.0269423803837479,1.025950484438134,0,0.0,0
12,10,RACE,healthy_evaluation,exploratory_cluster,1,30,30.51255643994421,4.079661370829931,29.355488760996252,37.51987013908116,38.471604296438,42.90275221578006,44.39853008435575,39.24067536512923,1.1314415379254656,5.1578547192265205,1,0.03333333333333333,0
12,10,RACE,healthy_evaluation,exploratory_cluster,2,26,29.150267317640655,3.0597051157747384,29.0030368489711,31.505120025467093,34.671964097187114,37.966456224458334,38.78248637116527,35.51836578433752,1.0918995149339648,3.264120586827751,0,0.0,0
12,10,SourceOnly,anomaly_evaluation,exploratory_cluster,0,260,108.3283642331576,133.98100073115424,51.78109977722197,255.21014262055988,544.5054242614334,553.6644323134863,614.1332181254023,555.2070271840735,1.1061337268013225,58.926190941328855,184,0.7076923076923077,0
12,10,SourceOnly,anomaly_evaluation,exploratory_cluster,1,208,114.00038071438993,154.9897048728508,66.25249607502616,332.8865921452841,428.42570116465623,552.8825997915571,1484.1011178479648,554.2412373738036,2.6777168816960915,929.8598804741612,162,0.7788461538461539,0
12,10,SourceOnly,anomaly_evaluation,exploratory_cluster,2,287,108.00118884615836,117.26050488185346,66.15043263218294,234.64460545892777,430.1018314496422,551.8999383522621,554.3313911223405,553.46697658449,1.0015618177315382,0.8644145378505073,245,0.8536585365853658,0
12,10,SourceOnly,calibration,exploratory_cluster,0,44,36.3049544045513,3.738853766559349,37.01609434602035,39.23394008801829,41.2430028828203,41.82100598622048,42.008934249455876,41.57189177681542,1.0105129320307764,0.4370424726404565,0,0.0,0
12,10,SourceOnly,calibration,exploratory_cluster,1,29,34.840872340140564,3.8229313516926977,35.565705922891965,38.69068065236558,39.01093901559716,39.40547391122901,39.5423716361374,39.053451190035986,1.012519263501766,0.4889204461014174,0,0.0,0
12,10,SourceOnly,calibration,exploratory_cluster,2,27,35.177730957398474,3.740606176906949,35.811807096326625,39.17835362013902,41.660476711940454,43.48317442963651,43.91186629127825,42.263051438810045,1.039013152063935,1.648814852468206,0,0.0,1
12,10,SourceOnly,healthy_evaluation,exploratory_cluster,0,44,35.62164209135015,2.840827461278746,36.48530144100184,38.26761382424534,38.938976306968215,40.00540699029704,40.5822000164406,39.24082088587417,1.0341832586649404,1.3413791305664304,0,0.0,0
12,10,SourceOnly,healthy_evaluation,exploratory_cluster,1,30,36.45700823238822,2.805906877169468,36.63949482785932,39.99393583334809,40.621344654041856,41.8129978665053,42.22916597679238,40.79410352752657,1.0351781832464457,1.435062449265807,0,0.0,0
12,10,SourceOnly,healthy_evaluation,exploratory_cluster,2,26,36.06099179644967,3.005822523695143,36.65306550741691,38.37866773857266,39.50836360265181,42.95315627804663,43.99057039074653,39.84091393994693,1.1041556540860098,4.149656450799597,1,0.038461538461538464,0
12,10,TargetOnly,anomaly_evaluation,exploratory_cluster,0,260,15992.283260490552,15110.044666717966,18201.59069503462,30558.900118758393,30559.97115333811,52517.967426834024,61109.87792691816,61108.349800161865,1.000025006840494,1.5281267562968424,116,0.4461538461538462,0
12,10,TargetOnly,anomaly_evaluation,exploratory_cluster,1,208,31335.89552764198,22785.667630929715,30556.13661189958,61109.864288424506,61110.50791609786,81665.6769507321,91662.97314673553,91662.08605087086,1.0000096778930405,0.8870958646730287,148,0.7115384615384616,0
12,10,TargetOnly,anomaly_evaluation,exploratory_cluster,2,287,25020.877949233083,20541.05115231804,30554.58408729952,61108.92562988406,61109.69934267583,73300.92929998074,91661.83047366566,82291.06794221202,1.1138733858458874,9370.762531453642,170,0.5923344947735192,0
12,10,TargetOnly,calibration,exploratory_cluster,0,44,3409.778942376917,8041.798588124265,30.092388859996703,18199.979755671,24716.235499405277,24716.48062867861,24716.55086013063,24716.38753117245,1.0000066081241836,0.16332895817686222,0,0.0,0
12,10,TargetOnly,calibration,exploratory_cluster,1,29,3611.332015551152,8100.546340814902,29.552889220471855,18199.959131368447,22109.646077209178,24716.753598479645,24717.06986345061,24715.94034569716,1.000045699970855,1.1295177534520917,0,0.0,1
12,10,TargetOnly,calibration,exploratory_cluster,2,27,2051.2427562277962,5817.859801890536,33.217066381002034,7303.311872053167,18198.91384105522,18199.24692582746,18199.341992328074,18198.976351941103,1.0000200912611732,0.3656403869717906,0,0.0,0
12,10,TargetOnly,healthy_evaluation,exploratory_cluster,0,44,1688.9263702277494,5308.689045316777,29.905347983796055,34.997802980853955,18199.437916520947,18392.32804763915,18537.125565143855,18200.38715234221,1.0185017170229982,336.7384128016456,0,0.0,0
12,10,TargetOnly,healthy_evaluation,exploratory_cluster,1,30,1675.497721128533,6263.3383108747685,29.245415546911907,33.80139233418003,13609.98511919118,24716.958504095688,24717.088669825545,24716.639822481204,1.0000181597234723,0.44884734434162965,1,0.03333333333333333,0
12,10,TargetOnly,healthy_evaluation,exploratory_cluster,2,26,2421.154331799139,6809.820180486893,32.56734510435513,9151.004926147836,18968.075330990665,23343.78630986495,24716.948654592106,19224.299275683486,1.285713892617984,5492.64937890862,0,0.0,0
12,25,Pooled,anomaly_evaluation,exploratory_cluster,0,260,108.66307361057345,133.58417074007772,54.874122023849466,252.30670522942216,542.793900837566,554.1419525857558,617.446434981477,555.5449106850768,1.111424878719644,61.90152429640011,164,0.6307692307692307,0
12,25,Pooled,anomaly_evaluation,exploratory_cluster,1,208,113.27805805678798,154.35782358763916,64.92864012294004,329.2582627171683,426.9689145997939,553.2954081476499,1475.2466036018418,554.3542321687197,2.661198414289088,920.8923714331221,149,0.7163461538461539,0
12,25,Pooled,anomaly_evaluation,exploratory_cluster,2,287,107.72014880621452,116.32248691651343,65.09869216343418,231.90244441792854,428.5413067008176,552.3270842128488,554.514699750517,553.7861970869208,1.0013154944406857,0.7285026635962595,211,0.735191637630662,0
12,25,Pooled,calibration,exploratory_cluster,0,44,27.878119786288803,5.26513878291872,26.461558334711988,30.005294330741293,42.96231345873282,46.65405271979645,46.93665748327584,46.27943710309121,1.0142011316758373,0.6572203801846257,0,0.0,0
12,25,Pooled,calibration,exploratory_cluster,1,29,27.865667914719825,4.271439429903265,27.621838759548243,29.613426399529715,29.811780722873735,43.180141249547596,48.33858499183505,29.91557162652279,1.615833573073985,18.423013365312258,0,0.0,1
12,25,Pooled,calibration,exploratory_cluster,2,27,26.807749058424655,1.9612645175459418,26.727828207850568,28.515018043855353,29.375381958109312,32.66720924365127,33.714986326201895,29.68507447023797,1.135755490861385,4.029911855963924,0,0.0,0
12,25,Pooled,healthy_evaluation,exploratory_cluster,0,44,28.206299568434517,6.08087611982759,26.557907412402443,29.25501011010696,46.56764658089167,47.24082169782853,47.63906781505441,46.71291405406399,1.0198265036499012,0.9261537609904238,0,0.0,0
12,25,Pooled,healthy_evaluation,exploratory_cluster,1,30,30.1448043181832,7.338950731827622,27.887190138005536,46.23506559065724,46.54570745819583,51.08592328949002,52.86035431356636,46.74162664433758,1.130905321626628,6.118727669228782,1,0.03333333333333333,0
12,25,Pooled,healthy_evaluation,exploratory_cluster,2,26,27.94194130335671,4.786398475929882,26.20636761102692,31.900127412510955,35.9848618301274,44.368790030656974,47.06006931576809,36.29495217532362,1.2966009457305059,10.765117140444467,0,0.0,0
12,25,RACE,anomaly_evaluation,exploratory_cluster,0,260,79.13073706400394,90.0889041590441,39.32269350567138,196.68340264597296,355.6190177996356,373.271968297807,374.4189917799263,373.8187793455357,1.0016056240819184,0.6002124343905848,253,0.9730769230769231,0
12,25,RACE,anomaly_evaluation,exploratory_cluster,1,208,85.00159788711926,108.60205283119545,53.291936314673336,279.063061031516,292.0330938199258,373.0037101267284,1094.365701029479,373.4005921525049,2.930808691868695,720.965108876974,204,0.9807692307692307,0
12,25,RACE,anomaly_evaluation,exploratory_cluster,2,287,81.9191892854813,82.35088876621008,52.369669467622835,182.11659661561583,288.8837375430042,372.61758832305304,374.02273289942525,373.8800651334669,1.000381586982733,0.14266776595832198,286,0.9965156794425087,0
12,25,RACE,calibration,exploratory_cluster,0,44,23.630769587328032,1.7880253075384944,23.55451448726612,26.08629933600826,27.249531654279586,28.232893714231395,28.61919428244313,27.720820867997237,1.0324078936451349,0.8983734144458921,0,0.0,0
12,25,RACE,calibration,exploratory_cluster,1,29,23.77995249541221,1.8753812743188474,23.746868810150463,25.650961721871393,26.116612043581625,28.905342052588473,29.97272732853539,26.16063705729641,1.145718556581395,3.812090271238983,0,0.0,1
12,25,RACE,calibration,exploratory_cluster,2,27,23.176482410829017,1.6612667985811165,23.0312185635742,24.769761421996286,25.875410777563566,27.440662278371036,27.82968403034506,26.333446522752666,1.0568189016314142,1.4962375075923937,0,0.0,0
12,25,RACE,healthy_evaluation,exploratory_cluster,0,44,23.583918495880127,1.9526517941803874,22.876567712201982,25.50144093421608,28.525509071535712,29.1223041104371,29.449537157784754,28.68853007092974,1.0265265276740736,0.7610070868550132,0,0.0,0
12,25,RACE,healthy_evaluation,exploratory_cluster,1,30,24.838815504924977,2.808602400931297,24.2596722960967,27.855280815002196,28.499695250894177,34.34094343274568,36.53580088894115,28.967326902060222,1.2612762307157392,7.5684739868809245,1,0.03333333333333333,0
12,25,RACE,healthy_evaluation,exploratory_cluster,2,26,23.884325325554503,2.6971888227024325,23.25028896141811,26.90050069728641,30.498001797072128,31.63000727345446,31.857057637700546,30.94885618071621,1.0293452349799674,0.9082014569843366,2,0.07692307692307693,0
12,25,SourceOnly,anomaly_evaluation,exploratory_cluster,0,260,108.3283642331576,133.98100073115424,51.78109977722197,255.21014262055988,544.5054242614334,553.6644323134863,614.1332181254023,555.2070271840735,1.1061337268013225,58.926190941328855,184,0.7076923076923077,0
12,25,SourceOnly,anomaly_evaluation,exploratory_cluster,1,208,114.00038071438993,154.9897048728508,66.25249607502616,332.8865921452841,428.42570116465623,552.8825997915571,1484.1011178479648,554.2412373738036,2.6777168816960915,929.8598804741612,162,0.7788461538461539,0
12,25,SourceOnly,anomaly_evaluation,exploratory_cluster,2,287,108.00118884615836,117.26050488185346,66.15043263218294,234.64460545892777,430.1018314496422,551.8999383522621,554.3313911223405,553.46697658449,1.0015618177315382,0.8644145378505073,245,0.8536585365853658,0
12,25,SourceOnly,calibration,exploratory_cluster,0,44,36.3049544045513,3.738853766559349,37.01609434602035,39.23394008801829,41.2430028828203,41.82100598622048,42.008934249455876,41.57189177681542,1.0105129320307764,0.4370424726404565,0,0.0,0
12,25,SourceOnly,calibration,exploratory_cluster,1,29,34.840872340140564,3.8229313516926977,35.565705922891965,38.69068065236558,39.01093901559716,39.40547391122901,39.5423716361374,39.053451190035986,1.012519263501766,0.4889204461014174,0,0.0,0
12,25,SourceOnly,calibration,exploratory_cluster,2,27,35.177730957398474,3.740606176906949,35.811807096326625,39.17835362013902,41.660476711940454,43.48317442963651,43.91186629127825,42.263051438810045,1.039013152063935,1.648814852468206,0,0.0,1
12,25,SourceOnly,healthy_evaluation,exploratory_cluster,0,44,35.62164209135015,2.840827461278746,36.48530144100184,38.26761382424534,38.938976306968215,40.00540699029704,40.5822000164406,39.24082088587417,1.0341832586649404,1.3413791305664304,0,0.0,0
12,25,SourceOnly,healthy_evaluation,exploratory_cluster,1,30,36.45700823238822,2.805906877169468,36.63949482785932,39.99393583334809,40.621344654041856,41.8129978665053,42.22916597679238,40.79410352752657,1.0351781832464457,1.435062449265807,0,0.0,0
12,25,SourceOnly,healthy_evaluation,exploratory_cluster,2,26,36.06099179644967,3.005822523695143,36.65306550741691,38.37866773857266,39.50836360265181,42.95315627804663,43.99057039074653,39.84091393994693,1.1041556540860098,4.149656450799597,1,0.038461538461538464,0
12,25,TargetOnly,anomaly_evaluation,exploratory_cluster,0,260,248.17792375092532,108.00633198547217,210.9974783110673,310.4752115300982,634.9113488726414,640.4032553155038,685.49702732706,641.7073776112508,1.0682392804627177,43.78964971580922,260,1.0,0
12,25,TargetOnly,anomaly_evaluation,exploratory_cluster,1,208,246.32900140097874,108.46041313545965,215.31878801769358,309.5065713721234,461.2213224384329,639.2395167445851,1079.7511900989505,639.2954976399743,1.688970427736413,440.45569245897616,208,1.0,0
12,25,TargetOnly,anomaly_evaluation,exploratory_cluster,2,287,407.63912745121434,1450.3211114950855,216.04492467540115,312.13784294168255,503.34183594728984,6940.432607758383,18268.128395852727,13958.45254672536,1.3087502597226233,4309.675849127367,287,1.0,0
12,25,TargetOnly,calibration,exploratory_cluster,0,44,29.25001635856747,5.12351332764664,28.30844543369046,31.692963901502928,39.85956012998511,48.617575716272945,53.95430505084481,41.54330659835209,1.2987484499605293,12.41099845249272,0,0.0,1
12,25,TargetOnly,calibration,exploratory_cluster,1,29,29.1900599379408,3.239833452317304,28.31500522584248,31.517004598474287,32.67691097289769,39.620216011699455,42.191949228944196,33.00718773878443,1.2782654966805123,9.184761490159765,0,0.0,0
12,25,TargetOnly,calibration,exploratory_cluster,2,27,30.253740314977772,2.8391838948959345,29.70105618857027,33.76996595077842,35.532656128661245,37.38370925916153,37.85484310439481,36.042789853497574,1.0502750552402478,1.812053250897236,0,0.0,0
12,25,TargetOnly,healthy_evaluation,exploratory_cluster,0,44,27.737927924221403,2.1470774744851187,27.19352278762463,30.058354945411143,30.997088213476452,33.260505437214036,34.51329487167179,31.59983107060725,1.0921987144347272,2.9134638010645375,0,0.0,0
12,25,TargetOnly,healthy_evaluation,exploratory_cluster,1,30,29.500535746566175,2.1942398051515384,28.985417957829583,32.68132881429237,33.70590646448444,35.002310069265825,35.30888580737548,34.25172808975598,1.0308643614958417,1.0571577176195035,0,0.0,0
12,25,TargetOnly,healthy_evaluation,exploratory_cluster,2,26,347.1487711712329,1606.6831503155965,29.33089984765536,35.22345799210649,84.65142786185878,6193.314840398738,8224.25309322421,100.500081922321,81.83329740547812,8123.753011301888,2,0.07692307692307693,0
12,50,Pooled,anomaly_evaluation,exploratory_cluster,0,260,106.42801663127429,133.51079667732157,50.55910292355516,251.08070018710433,540.4859212200766,550.8752202689147,626.4247541749436,552.1540773402045,1.1345107821941844,74.2706768347391,257,0.9884615384615385,0
12,50,Pooled,anomaly_evaluation,exploratory_cluster,1,208,111.97354109276534,153.90058902759364,64.07301146378202,328.10795945270604,425.2261869063105,549.7380772976205,1470.3530690682346,551.1317517038822,2.667879439938785,919.2213173643524,206,0.9903846153846154,0
12,50,Pooled,anomaly_evaluation,exploratory_cluster,2,287,105.82062243496343,116.10219556507454,65.06005351512415,231.0704307583972,426.87043809307346,549.1244649683782,551.1313562756023,550.5884009778565,1.000986136461977,0.5429552977458343,286,0.9965156794425087,0
12,50,Pooled,calibration,exploratory_cluster,0,44,25.731740159690222,2.6292382091469793,25.08902210096237,28.556038532442486,31.267710070352187,34.202632423043944,35.059927113273076,33.066218531344866,1.06029442344725,1.9937085819282103,0,0.0,0
12,50,Pooled,calibration,exploratory_cluster,1,29,26.19047692161472,2.3627479961274913,25.728131252872767,28.512102399067142,28.755251409435804,33.57982195845463,35.43992009127123,28.796712474069118,1.2306932648365398,6.6432076172021155,0,0.0,1
12,50,Pooled,calibration,exploratory_cluster,2,27,25.500815192772453,2.0328202954497097,25.668226969227625,27.10075427369798,27.870602927805113,31.36265662455519,32.48587358035397,28.165808365743313,1.1533797701991375,4.320065214610654,0,0.0,0
12,50,Pooled,healthy_evaluation,exploratory_cluster,0,44,25.889868251234756,2.9329181264635182,25.200519283580526,28.039441086166875,33.569836731180295,34.70989893451372,35.20744465221328,34.05036158779569,1.0339815206201015,1.1570830644175913,0,0.0,0
12,50,Pooled,healthy_evaluation,exploratory_cluster,1,30,27.1933881683846,3.8916200490078383,26.492086676936726,32.50085311465151,33.63538557624235,39.74420131999146,42.22650324718176,33.66684142928414,1.2542460609462533,8.55966181789762,1,0.03333333333333333,0
12,50,Pooled,healthy_evaluation,exploratory_cluster,2,26,26.241653833934386,3.244724138077805,25.149326402269235,30.406904467249603,34.51379514121517,35.151787622947055,35.25437333573702,34.84403048457716,1.0117765610192968,0.4103428511598608,0,0.0,0
12,50,RACE,anomaly_evaluation,exploratory_cluster,0,260,82.03680159809939,93.19258562373945,40.49366895034278,205.35352490903364,377.5472802275908,384.50821350963304,386.26603415041706,385.1727140893895,1.0028385189839117,1.0933200610275549,260,1.0,0
12,50,RACE,anomaly_evaluation,exploratory_cluster,1,208,88.95584295382982,113.25770104706884,55.740826731597224,288.0453959734865,306.84270012886657,384.5468029359131,1154.9946640930445,384.68115974679887,3.002472657754474,770.3135043462457,208,1.0,0
12,50,RACE,anomaly_evaluation,exploratory_cluster,2,287,85.44188792146856,85.42594689786219,54.367659054056425,191.9050692752234,297.8491735734595,384.1401915226404,385.6303613877166,385.35918711720325,1.0007036922424037,0.2711742705133702,287,1.0,0
12,50,RACE,calibration,exploratory_cluster,0,44,22.873665569615756,1.3578906956664913,22.680128844138267,24.49727136126337,25.539354516646252,26.29188100895853,26.5588267022276,25.938022764392556,1.0239341272645992,0.6208039378350421,0,0.0,0
12,50,RACE,calibration,exploratory_cluster,1,29,23.094875895178305,1.4307882487768744,23.172683467360372,24.960560433218443,25.367421014460326,26.11602008967975,26.341375320352054,25.536535210808122,1.0315172008614266,0.8048401095439317,0,0.0,0
12,50,RACE,calibration,exploratory_cluster,2,27,22.675085867923023,1.6504071645180902,22.632078080728764,24.330141020942182,25.097558650366242,26.969853498365378,27.580815511632004,25.23096161445269,1.093133743100512,2.3498538971793153,0,0.0,1
12,50,RACE,healthy_evaluation,exploratory_cluster,0,44,22.79493059004909,1.3341125070434428,22.57168913521553,24.57211576284538,25.05836787548654,25.948633376365716,26.24845239337682,25.55119886544402,1.0272884858203573,0.6972535279327978,0,0.0,0
12,50,RACE,healthy_evaluation,exploratory_cluster,1,30,23.845664847775684,2.374739191383579,23.632392822671953,25.40163218281567,25.750459142703296,31.79444298473739,34.24174544925921,25.802771433666695,1.3270568836873697,8.438974015592517,1,0.03333333333333333,0
12,50,RACE,healthy_evaluation,exploratory_cluster,2,26,23.428980771981777,2.969764175825738,22.847230501568596,24.913769846193816,30.193555011770798,33.34104370862825,33.89601398114668,31.67613289107294,1.070080558687748,2.2198810900737413,2,0.07692307692307693,0
12,50,SourceOnly,anomaly_evaluation,exploratory_cluster,0,260,108.3283642331576,133.98100073115424,51.78109977722197,255.21014262055988,544.5054242614334,553.6644323134863,614.1332181254023,555.2070271840735,1.1061337268013225,58.926190941328855,184,0.7076923076923077,0
12,50,SourceOnly,anomaly_evaluation,exploratory_cluster,1,208,114.00038071438993,154.9897048728508,66.25249607502616,332.8865921452841,428.42570116465623,552.8825997915571,1484.1011178479648,554.2412373738036,2.6777168816960915,929.8598804741612,162,0.7788461538461539,0
12,50,SourceOnly,anomaly_evaluation,exploratory_cluster,2,287,108.00118884615836,117.26050488185346,66.15043263218294,234.64460545892777,430.1018314496422,551.8999383522621,554.3313911223405,553.46697658449,1.0015618177315382,0.8644145378505073,245,0.8536585365853658,0
12,50,SourceOnly,calibration,exploratory_cluster,0,44,36.3049544045513,3.738853766559349,37.01609434602035,39.23394008801829,41.2430028828203,41.82100598622048,42.008934249455876,41.57189177681542,1.0105129320307764,0.4370424726404565,0,0.0,0
12,50,SourceOnly,calibration,exploratory_cluster,1,29,34.840872340140564,3.8229313516926977,35.565705922891965,38.69068065236558,39.01093901559716,39.40547391122901,39.5423716361374,39.053451190035986,1.012519263501766,0.4889204461014174,0,0.0,0
12,50,SourceOnly,calibration,exploratory_cluster,2,27,35.177730957398474,3.740606176906949,35.811807096326625,39.17835362013902,41.660476711940454,43.48317442963651,43.91186629127825,42.263051438810045,1.039013152063935,1.648814852468206,0,0.0,1
12,50,SourceOnly,healthy_evaluation,exploratory_cluster,0,44,35.62164209135015,2.840827461278746,36.48530144100184,38.26761382424534,38.938976306968215,40.00540699029704,40.5822000164406,39.24082088587417,1.0341832586649404,1.3413791305664304,0,0.0,0
12,50,SourceOnly,healthy_evaluation,exploratory_cluster,1,30,36.45700823238822,2.805906877169468,36.63949482785932,39.99393583334809,40.621344654041856,41.8129978665053,42.22916597679238,40.79410352752657,1.0351781832464457,1.435062449265807,0,0.0,0
12,50,SourceOnly,healthy_evaluation,exploratory_cluster,2,26,36.06099179644967,3.005822523695143,36.65306550741691,38.37866773857266,39.50836360265181,42.95315627804663,43.99057039074653,39.84091393994693,1.1041556540860098,4.149656450799597,1,0.038461538461538464,0
12,50,TargetOnly,anomaly_evaluation,exploratory_cluster,0,260,289.134030774621,118.0161795658669,246.65038324974157,366.75814386332195,705.5135932444058,712.0864717700451,757.3015884830066,713.4709664065516,1.061432944212448,43.83062207645503,260,1.0,0
12,50,TargetOnly,anomaly_evaluation,exploratory_cluster,1,208,288.7850155825072,124.913167299632,255.50417038987632,353.5650183225063,514.6908399247109,712.0061021446405,1367.5244459365747,712.0291215433127,1.9206018469757042,655.495324393262,208,1.0,0
12,50,TargetOnly,anomaly_evaluation,exploratory_cluster,2,287,486.11270402154315,1771.102125933492,254.56124206897186,389.73065430576946,590.642188796269,8466.975911615318,22304.294863404582,17042.669948927636,1.3087324304375219,5261.624914476946,287,1.0,0
12,50,TargetOnly,calibration,exploratory_cluster,0,44,32.24940515117369,7.605199053063504,30.79900881769755,33.12957768974521,52.975776191176635,60.58749887353485,61.266744214177734,59.68710388710126,1.0264653538905888,1.5796403270764756,0,0.0,1
12,50,TargetOnly,calibration,exploratory_cluster,1,29,31.530780687203755,5.979562553785663,30.6388594980843,33.672318232356766,34.999823020307005,53.2956469533585,60.10639500232426,35.782294827446634,1.6797803296903122,24.32410017487763,0,0.0,0
12,50,TargetOnly,calibration,exploratory_cluster,2,27,31.658189250507522,3.0407379260991387,30.751936696765423,36.249303460389434,37.07196572061635,38.89101082711002,39.50992888604098,37.129474813229606,1.0641122473394964,2.380454072811375,0,0.0,0
12,50,TargetOnly,healthy_evaluation,exploratory_cluster,0,44,30.32697893974472,2.265185505155434,30.24032016527235,33.207198414142404,33.85490350094995,34.54303923939954,35.035103434291734,33.89076809733315,1.033765399877397,1.1443353369585836,0,0.0,0
12,50,TargetOnly,healthy_evaluation,exploratory_cluster,1,30,31.526390732352766,2.2750599858584946,30.99646612071153,34.1497346014348,35.815611269528226,37.07766764870878,37.423918491039075,36.22995006921047,1.0329552875327666,1.1939684218286075,0,0.0,0
12,50,TargetOnly,healthy_evaluation,exploratory_cluster,2,26,418.86127695969355,1963.279306464288,31.07555903119636,34.24842905666025,85.84049311825194,7559.0138790909605,10044.376351887404,102.9264607016316,97.58789220397414,9941.449891185772,2,0.07692307692307693,0
12,100,Pooled,anomaly_evaluation,exploratory_cluster,0,260,104.9149797854984,133.4402735322071,48.69967305967009,249.98938033791168,538.0947078079689,547.5672392331267,646.6445112075876,548.7627285012151,1.1783681318403456,97.88178270637252,260,1.0,0
12,100,Pooled,anomaly_evaluation,exploratory_cluster,1,208,109.04546035163146,154.2897744703789,58.701902088235556,323.8065258731182,422.58011044736674,546.2627766025435,1472.7293637290202,547.912317606631,2.6878924170972076,924.8170461223892,208,1.0,0
12,100,Pooled,anomaly_evaluation,exploratory_cluster,2,287,103.21110131741689,116.00599424981074,58.998702118490904,228.9662501023188,424.10647679396067,545.5982748312839,547.833224937183,547.2205118794499,1.0011196821837485,0.6127130577331172,287,1.0,0
12,100,Pooled,calibration,exploratory_cluster,0,44,24.599924120956416,1.641596926617083,24.386424832297017,26.898737686955972,27.437048062202464,29.050130090284085,29.37724787744216,28.61650883753966,1.0265839220367983,0.7607390399025,0,0.0,0
12,100,Pooled,calibration,exploratory_cluster,1,29,25.132212613321688,1.7120282203464323,24.902301842837318,27.228751756138596,27.620579875284,29.544676503105435,30.272042333154086,27.674307225837488,1.0938681169547502,2.5977351073165984,0,0.0,0
12,100,Pooled,calibration,exploratory_cluster,2,27,24.567959179966753,2.072838478881186,24.335516585110426,25.95912405142051,26.90053619063411,30.880967360992816,32.15027947599395,27.268309802912704,1.1790345536033102,4.881969673081244,0,0.0,1
12,100,Pooled,healthy_evaluation,exploratory_cluster,0,44,24.54126679152862,1.5510424368150648,24.339235125672893,26.61035583737708,27.257235600268622,28.133426624427532,28.740768659217217,27.328345322497015,1.0516834561351023,1.4124233367202024,0,0.0,0
12,100,Pooled,healthy_evaluation,exploratory_cluster,1,30,25.5625655826283,2.4806571053016633,25.476563990168813,27.10768759240933,27.799787875448818,33.82658916497447,36.1749963029825,28.07704065467892,1.2884191303457078,8.097955648303579,1,0.03333333333333333,0
12,100,Pooled,healthy_evaluation,exploratory_cluster,2,26,25.167267413066707,2.907881749670723,24.256606590875602,27.37634930458004,32.35637001183801,34.42086440133862,34.666850396460454,33.682906415973115,1.0292119678847171,0.9839439804873393,2,0.07692307692307693,0
12,100,RACE,anomaly_evaluation,exploratory_cluster,0,260,87.25405473816043,99.7631333254147,43.22559595057898,218.5112188324194,392.74034068378063,411.1343563761699,413.2431448180745,411.72750844919193,1.003681163725473,1.5156363688825536,260,1.0,0
12,100,RACE,anomaly_evaluation,exploratory_cluster,1,208,91.7427032348164,123.58399640934823,52.91533934448703,307.6738690511547,325.895753657312,410.9660083760159,1270.3781808926349,411.9157793981061,3.0840726294800342,858.4624014945288,208,1.0,0
12,100,RACE,anomaly_evaluation,exploratory_cluster,2,287,88.89891708495199,91.83496297150431,53.26592245280584,202.35230789449756,318.76631033063296,410.88929273576065,413.2457431247245,412.75368684779704,1.0011921305432432,0.4920562769274852,287,1.0,0
12,100,RACE,calibration,exploratory_cluster,0,44,23.16591991364215,1.4982448994275488,23.149164875832525,24.61783126359568,25.328213561677334,27.624975431037377,28.498239334032174,26.46739304799776,1.0767301215632208,2.0308462860344143,0,0.0,0
12,100,RACE,calibration,exploratory_cluster,1,29,23.43720697410404,1.2906514861008067,23.399302767414067,25.110913503896306,25.38831594775494,25.644879064109027,25.692238558312564,25.523097507585643,1.006626979765158,0.1691410507269211,0,0.0,0
12,100,RACE,calibration,exploratory_cluster,2,27,23.0158983834302,1.8191707441018758,22.556887475711225,25.079253542170587,25.33538846214163,27.88866367949436,28.75849336821732,25.412994565436723,1.1316452019916885,3.3454988027805967,0,0.0,1
12,100,RACE,healthy_evaluation,exploratory_cluster,0,44,23.011905716163486,1.2448377283248135,23.122383671663243,24.73680448756996,25.080207818172703,25.566484242817758,25.65942588882893,25.44328252601225,1.0084951052442115,0.21614336281668045,0,0.0,0
12,100,RACE,healthy_evaluation,exploratory_cluster,1,30,24.010562317487405,2.0862023538915655,23.738995184092957,25.896370001281085,26.546033642908554,31.076606393153117,32.79446596260344,26.87081227484369,1.2204493718749783,5.923653687759749,1,0.03333333333333333,0
12,100,RACE,healthy_evaluation,exploratory_cluster,2,26,23.85610867120578,3.5641038965279286,23.036337377970913,24.865531788569843,30.625748611629575,36.58091171005023,37.95393017693365,32.461856309399955,1.1691854530803083,5.492073867533698,2,0.07692307692307693,0
12,100,SourceOnly,anomaly_evaluation,exploratory_cluster,0,260,108.3283642331576,133.98100073115424,51.78109977722197,255.21014262055988,544.5054242614334,553.6644323134863,614.1332181254023,555.2070271840735,1.1061337268013225,58.926190941328855,184,0.7076923076923077,0
12,100,SourceOnly,anomaly_evaluation,exploratory_cluster,1,208,114.00038071438993,154.9897048728508,66.25249607502616,332.8865921452841,428.42570116465623,552.8825997915571,1484.1011178479648,554.2412373738036,2.6777168816960915,929.8598804741612,162,0.7788461538461539,0
12,100,SourceOnly,anomaly_evaluation,exploratory_cluster,2,287,108.00118884615836,117.26050488185346,66.15043263218294,234.64460545892777,430.1018314496422,551.8999383522621,554.3313911223405,553.46697658449,1.0015618177315382,0.8644145378505073,245,0.8536585365853658,0
12,100,SourceOnly,calibration,exploratory_cluster,0,44,36.3049544045513,3.738853766559349,37.01609434602035,39.23394008801829,41.2430028828203,41.82100598622048,42.008934249455876,41.57189177681542,1.0105129320307764,0.4370424726404565,0,0.0,0
12,100,SourceOnly,calibration,exploratory_cluster,1,29,34.840872340140564,3.8229313516926977,35.565705922891965,38.69068065236558,39.01093901559716,39.40547391122901,39.5423716361374,39.053451190035986,1.012519263501766,0.4889204461014174,0,0.0,0
12,100,SourceOnly,calibration,exploratory_cluster,2,27,35.177730957398474,3.740606176906949,35.811807096326625,39.17835362013902,41.660476711940454,43.48317442963651,43.91186629127825,42.263051438810045,1.039013152063935,1.648814852468206,0,0.0,1
12,100,SourceOnly,healthy_evaluation,exploratory_cluster,0,44,35.62164209135015,2.840827461278746,36.48530144100184,38.26761382424534,38.938976306968215,40.00540699029704,40.5822000164406,39.24082088587417,1.0341832586649404,1.3413791305664304,0,0.0,0
12,100,SourceOnly,healthy_evaluation,exploratory_cluster,1,30,36.45700823238822,2.805906877169468,36.63949482785932,39.99393583334809,40.621344654041856,41.8129978665053,42.22916597679238,40.79410352752657,1.0351781832464457,1.435062449265807,0,0.0,0
12,100,SourceOnly,healthy_evaluation,exploratory_cluster,2,26,36.06099179644967,3.005822523695143,36.65306550741691,38.37866773857266,39.50836360265181,42.95315627804663,43.99057039074653,39.84091393994693,1.1041556540860098,4.149656450799597,1,0.038461538461538464,0
12,100,TargetOnly,anomaly_evaluation,exploratory_cluster,0,260,301.6825691240694,124.03319188038769,253.91613221856568,412.02465929056655,687.6916908275713,744.8344162073553,745.7814184832037,745.0388269759603,1.0009967151782646,0.7425915072433327,260,1.0,0
12,100,TargetOnly,anomaly_evaluation,exploratory_cluster,1,208,299.8291457450824,147.04331294743085,255.86335908813106,410.42765606669707,550.8732182850232,748.4615052713363,1722.0636189282568,749.1907097046779,2.2985651004763175,972.8729092235789,208,1.0,0
12,100,TargetOnly,anomaly_evaluation,exploratory_cluster,2,287,570.8262906586671,2421.4164503423513,257.6906602751694,414.9616891055367,645.1761878094397,11527.846141514441,30387.59380944789,23216.899051076074,1.3088566971237903,7170.694758371817,287,1.0,0
12,100,TargetOnly,calibration,exploratory_cluster,0,44,33.1099624513254,5.735359814865995,32.392246149988495,35.47229912776705,35.695103488305996,55.252382874159224,67.4633099788238,39.06580508425499,1.7269146209408106,28.39750489456881,0,0.0,1
12,100,TargetOnly,calibration,exploratory_cluster,1,29,32.58293204980075,2.5876111547147507,32.50448900322139,35.54150930538907,35.83066769482951,38.440997921364335,39.40733385564273,35.95613409036275,1.0959836159417649,3.4511997652799806,0,0.0,0
12,100,TargetOnly,calibration,exploratory_cluster,2,27,32.52787990340532,3.0483938577465572,32.0677678161223,36.08844320940951,38.66881577180737,39.70362235483159,39.73574440616964,39.61219805486946,1.0031188966370674,0.12354635130017755,0,0.0,0
12,100,TargetOnly,healthy_evaluation,exploratory_cluster,0,44,32.18984245394208,2.167036075951088,32.29706413118933,35.23505374126363,35.579542192336774,36.46959469947408,36.88314282605407,35.92140299679827,1.0267734483906856,0.9617398292557979,0,0.0,0
12,100,TargetOnly,healthy_evaluation,exploratory_cluster,1,30,33.3663871680019,2.6449574753717164,33.003153368311764,36.524871622461696,37.92592834433138,40.263584955363086,41.18322835663724,38.01204421431258,1.083425772222232,3.1711841423246554,0,0.0,0
12,100,TargetOnly,healthy_evaluation,exploratory_cluster,2,26,560.4033986875319,2677.0354631488517,32.09002040729472,35.4256770091093,94.54687967136024,10292.590220690281,13685.409455153937,114.13251729931274,119.90806633366304,13571.276937854624,2,0.07692307692307693,0
13,10,Pooled,anomaly_evaluation,exploratory_cluster,0,260,108.57248331072752,133.6154282895142,52.661845543675696,253.45051966346148,541.5404814130559,553.9436021925815,613.0311055593995,555.4056258256717,1.103753863940541,57.62547973372784,106,0.4076923076923077,0
13,10,Pooled,anomaly_evaluation,exploratory_cluster,1,208,113.64120876817347,154.13313227926946,66.31675580815735,329.3946901610636,426.05355602114605,553.2124592736369,1472.6132393376763,554.5107224940791,2.6556984014919576,918.1025168435972,124,0.5961538461538461,0
13,10,Pooled,anomaly_evaluation,exploratory_cluster,2,287,107.93819109418985,116.62965726429262,65.67052319510464,233.50756011136062,427.72419282129215,552.1999837226555,554.6342488928169,553.818328821163,1.0014732630344514,0.8159200716538635,160,0.5574912891986062,0
13,10,Pooled,calibration,exploratory_cluster,0,46,30.124904439084,5.68306655604762,28.52073569832765,32.73403716279407,41.06075299988608,51.365097716593176,59.46049145954794,41.47072758631525,1.433794266951059,17.98976387323269,0,0.0,1
13,10,Pooled,calibration,exploratory_cluster,1,27,31.02549437745895,5.182507522223833,30.328740097635173,32.20436883255522,42.854933247522325,48.57250561542564,49.012337887334695,47.32067530306911,1.0357489104589315,1.6916625842655861,0,0.0,0
13,10,Pooled,calibration,exploratory_cluster,2,27,31.012771835449545,5.23089021687561,29.707449147550083,36.58522895291012,44.20904403133054,45.89048015277894,46.41619899823519,44.39420343878811,1.045546386753736,2.0219955594470775,0,0.0,0
13,10,Pooled,healthy_evaluation,exploratory_cluster,0,33,30.195507803957536,3.9667178934172207,28.821745615219996,33.03116397727076,36.4684194102114,44.80498046299647,46.71695386941323,40.74203697436086,1.1466523850737365,5.974916895052374,0,0.0,0
13,10,Pooled,healthy_evaluation,exploratory_cluster,1,38,32.299121270964946,6.889021876061623,30.480836640814815,41.75298170310225,45.2824630057196,56.293459490187026,60.22363246356767,49.60154334632262,1.2141483591161797,10.622089117245046,1,0.02631578947368421,0
13,10,Pooled,healthy_evaluation,exploratory_cluster,2,29,30.058441381643217,3.841649566076405,28.79909202912682,32.47169076872256,38.316881996495745,42.96455937504964,43.29897255004091,42.104639782214946,1.0283658231967692,1.194332767825962,0,0.0,0
13,10,RACE,anomaly_evaluation,exploratory_cluster,0,260,82.03535703041923,93.89485520373925,41.213269658428786,199.49101615595606,348.9884416713475,390.6068110197154,391.63079598855995,391.4970500218478,1.000341627010228,0.13374596671212657,91,0.35,0
13,10,RACE,anomaly_evaluation,exploratory_cluster,1,208,87.64418386128361,112.4043668153653,55.97082814773323,279.4555431356981,302.2367562882086,390.6772009296142,1121.4823895853501,391.0430962441789,2.8679253012181123,730.4392933411712,107,0.5144230769230769,0
13,10,RACE,anomaly_evaluation,exploratory_cluster,2,287,84.33883679562318,85.35938390233837,55.54196207199355,184.7818050961165,301.8998465078952,389.9716046397435,391.58569183430006,391.18703534422485,1.0010190943309878,0.3986564900752114,143,0.49825783972125437,0
13,10,RACE,calibration,exploratory_cluster,0,46,27.961685468704776,4.774967493288099,27.586353803686315,30.36026420598251,30.973269039601185,44.90208227979372,55.585406744616684,31.84468571167691,1.7455159472412205,23.740721032939774,0,0.0,1
13,10,RACE,calibration,exploratory_cluster,1,27,28.729064094328432,2.8280500887132596,28.619948703282624,30.236927181101883,32.597290438825134,38.30565414491982,39.96995355398961,33.5688019806443,1.190687519233966,6.4011515733453095,0,0.0,0
13,10,RACE,calibration,exploratory_cluster,2,27,27.782880759099527,2.42722039184345,27.863414475427493,30.161038210254944,32.35322788469884,33.22924694411745,33.29077379002322,33.054132075001014,1.0071592173252428,0.2366417150222091,0,0.0,0
13,10,RACE,healthy_evaluation,exploratory_cluster,0,33,27.948140002129474,1.9473435350192287,27.506766796410147,30.516813364963205,31.41174244656348,33.003212819334934,33.603714362431255,31.727147040255257,1.0591470553527873,1.8765673221759975,0,0.0,0
13,10,RACE,healthy_evaluation,exploratory_cluster,1,38,29.440515275088753,5.973197118014187,28.899744107150784,32.30150649559928,34.93271310592739,52.37913800225022,55.9473709080511,46.303498189670286,1.2082752512321464,9.643872718380813,1,0.02631578947368421,0
13,10,RACE,healthy_evaluation,exploratory_cluster,2,29,27.598532893379343,2.620583982035126,27.848054092505755,30.397825344489885,31.74760387640358,33.012229449713544,33.19924814444124,32.53132423469947,1.0205317159831242,0.6679239097417735,0,0.0,0
13,10,SourceOnly,anomaly_evaluation,exploratory_cluster,0,260,108.3283642331576,133.98100073115424,51.78109977722197,255.21014262055988,544.5054242614334,553.6644323134863,614.1332181254023,555.2070271840735,1.1061337268013225,58.926190941328855,102,0.3923076923076923,0
13,10,SourceOnly,anomaly_evaluation,exploratory_cluster,1,208,114.00038071438993,154.9897048728508,66.25249607502616,332.8865921452841,428.42570116465623,552.8825997915571,1484.1011178479648,554.2412373738036,2.6777168816960915,929.8598804741612,119,0.5721153846153846,0
13,10,SourceOnly,anomaly_evaluation,exploratory_cluster,2,287,108.00118884615836,117.26050488185346,66.15043263218294,234.64460545892777,430.1018314496422,551.8999383522621,554.3313911223405,553.46697658449,1.0015618177315382,0.8644145378505073,156,0.5435540069686411,0
13,10,SourceOnly,calibration,exploratory_cluster,0,46,36.64638720312563,5.656490545449593,37.32485990844259,40.571835139390345,41.44335072747732,53.488179698346435,62.880289611075185,42.008934249455876,1.4968313463436564,20.871355361619308,0,0.0,1
13,10,SourceOnly,calibration,exploratory_cluster,1,27,36.84086291625588,2.261331715295163,37.305189683101226,39.2818604222068,39.782497093255856,40.57403466454316,40.79410352752657,39.94768482374424,1.021188179177764,0.8464187037823336,0,0.0,0
13,10,SourceOnly,calibration,exploratory_cluster,2,27,35.43378018426037,2.837509443109326,35.756854619741816,38.45246810595928,38.977318699860575,39.85141751989546,40.110002291557656,39.11544547747229,1.0254261916730094,0.9945568140853638,0,0.0,0
13,10,SourceOnly,healthy_evaluation,exploratory_cluster,0,33,36.00702172993217,2.3628314923043456,36.35611277664342,38.75244846455804,39.08892661636032,39.41330315216213,39.51418420078224,39.1989309238444,1.0080423947671,0.3152532769378382,0,0.0,0
13,10,SourceOnly,healthy_evaluation,exploratory_cluster,1,38,36.2900109272009,6.287876979261009,35.823678838189814,39.315232568013904,43.55001473952738,57.922726300133405,61.968002022180706,51.03482439502577,1.2142297491322525,10.933177627154933,0,0.0,0
13,10,SourceOnly,healthy_evaluation,exploratory_cluster,2,29,35.56549821620312,3.7196109504709436,36.716273426476626,39.23772100973461,40.93054559830609,42.016150765515945,42.263051438810045,41.38126331990255,1.0213088738275276,0.8817881189074939,0,0.0,0
13,10,TargetOnly,anomaly_evaluation,exploratory_cluster,0,260,204.43216003776377,83.76254581219105,172.6323345907137,292.29384998324707,500.6754270125589,504.893753757054,509.2165772189952,506.9247299089986,1.004521080102776,2.2918473099966263,260,1.0,0
13,10,TargetOnly,anomaly_evaluation,exploratory_cluster,1,208,200.51799645750432,93.30382224980883,173.75139478950902,228.3792129151205,375.24578870318913,504.54446880785696,1075.2951288465679,505.2851197006213,2.128095775873381,570.0100091459466,208,1.0,0
13,10,TargetOnly,anomaly_evaluation,exploratory_cluster,2,287,337.9551852575619,1187.078487227061,175.6184343501749,336.9490744678289,476.22871986801306,5678.993633746402,14957.483750881978,11428.77131037413,1.3087569384912587,3528.7124405078484,287,1.0,0
13,10,TargetOnly,calibration,exploratory_cluster,0,46,31.458344861745456,5.7983892926548615,29.777443764707378,35.52713167018912,38.834304524166505,52.772024901179726,63.20518864518739,40.0203803251705,1.5793250371844916,23.18480832001689,0,0.0,1
13,10,TargetOnly,calibration,exploratory_cluster,1,27,30.634597861472965,3.19775216738847,30.643938788470784,34.15950113125774,35.66363669902583,36.7029154155584,36.84211967661686,36.30671867254588,1.0147466095435345,0.5354010040709838,0,0.0,0
13,10,TargetOnly,calibration,exploratory_cluster,2,27,30.549680226255422,2.533438730327354,29.613809082090555,33.687130429400725,35.35666705300001,37.06803104346787,37.4249891672855,36.05207330644846,1.038081467580714,1.3729158608370398,0,0.0,0
13,10,TargetOnly,healthy_evaluation,exploratory_cluster,0,33,31.360091028456296,3.9877857383117674,31.077114524344747,37.4884592032647,39.14861431284951,39.88506195159022,39.898109114026035,39.857336731414094,1.0010229580286985,0.04077238261194083,0,0.0,0
13,10,TargetOnly,healthy_evaluation,exploratory_cluster,1,38,30.07818886918552,3.252989036370503,29.52244969646727,35.16388080373237,35.65227753899465,38.409107515620455,38.861844129515376,37.63823165952909,1.0325098288637717,1.2236124699862856,0,0.0,0
13,10,TargetOnly,healthy_evaluation,exploratory_cluster,2,29,30.550830139507376,3.4668447117513033,29.813851369443555,36.51213155691816,36.80289146563549,37.08426702947537,37.17229597398645,36.85790688644688,1.008529759666173,0.31438908753957406,0,0.0,0
13,25,Pooled,anomaly_evaluation,exploratory_cluster,0,260,106.66138403532926,132.9396492617279,50.57424629789011,251.57678737094452,537.5242293233708,548.087767983346,619.0918680104313,549.6720074795004,1.1262932432183568,69.41986053093092,111,0.4269230769230769,0
13,25,Pooled,anomaly_evaluation,exploratory_cluster,1,208,112.16801274034707,153.37798055930267,64.2114597986631,326.9632072337097,422.77713455664195,547.2195120791469,1467.412408243202,548.6238163260457,2.6747151045501143,918.7885919171563,126,0.6057692307692307,0
13,25,Pooled,anomaly_evaluation,exploratory_cluster,2,287,106.23323870260398,116.160297222142,64.9091702462019,232.39055315477353,424.4731439770301,546.4546532489553,548.6048405013835,547.8940612576272,1.0012972932068742,0.7107792437562921,163,0.5679442508710801,0
13,25,Pooled,calibration,exploratory_cluster,0,46,27.177421205497417,5.143740520407966,25.896132450905277,29.82076009220909,32.53230166589949,46.594013662202954,57.89692116471215,32.779348936914104,1.7662620839766638,25.117572227798043,0,0.0,1
13,25,Pooled,calibration,exploratory_cluster,1,27,27.945551980532787,3.91064526676719,27.3484571608654,30.63153501571125,36.04856390509291,40.73487637505368,41.63613268075444,38.16976227421306,1.0908145662956672,3.4663704065413796,0,0.0,0
13,25,Pooled,calibration,exploratory_cluster,2,27,27.596003305088782,3.2510825245274515,26.854194254387348,30.96619206810233,35.63216047047594,36.780781800416136,37.05498313172231,36.00036262669858,1.029294718943792,1.0546205050237276,0,0.0,0
13,25,Pooled,healthy_evaluation,exploratory_cluster,0,33,26.80398760673404,2.6781284617577414,26.144261819235666,29.387799359211765,30.756947455866428,35.5332439931875,37.07612662015633,32.25461841087874,1.1494827236167644,4.821508209277589,0,0.0,0
13,25,Pooled,healthy_evaluation,exploratory_cluster,1,38,29.267694961745928,6.4013503433986605,27.719343729738892,33.15462537939801,37.3355944345366,55.045391706917414,59.48428808255174,47.48727085110754,1.2526364858713375,11.997017231444204,1,0.02631578947368421,0
13,25,Pooled,healthy_evaluation,exploratory_cluster,2,29,27.085766065453342,2.5405400790826076,26.339259508111496,28.987801126207426,32.863922204119355,34.77944859238129,34.84643906444282,34.607187378508804,1.0069133525159746,0.2392516859340148,0,0.0,0
13,25,RACE,anomaly_evaluation,exploratory_cluster,0,260,80.14880276277759,91.26063743063088,39.613513594081574,198.554018503402,360.6623366906058,376.86669761737164,377.84954654113335,377.7700817359106,1.0002103522990957,0.07946480522275579,88,0.3384615384615385,0
13,25,RACE,anomaly_evaluation,exploratory_cluster,1,208,86.46803410848496,110.42734793994492,55.39343653526466,280.4470483018068,294.77656703606146,376.78159989344164,1119.2614718715122,377.10935927350283,2.9680023694658693,742.1521125980094,99,0.47596153846153844,0
13,25,RACE,anomaly_evaluation,exploratory_cluster,2,287,83.19206593925212,83.74891462138953,54.34339888735338,185.52151985065484,292.11946432250494,380.1546387413501,381.35489177203283,381.2381388847165,1.0003062466091612,0.11675288731635192,137,0.47735191637630664,0
13,25,RACE,calibration,exploratory_cluster,0,46,24.7547307914676,4.967371225838032,24.017544302480516,25.6704027220714,27.14389491448379,43.4095994144903,56.40868170971771,27.521832164768096,2.049597620245971,28.886849544949616,0,0.0,1
13,25,RACE,calibration,exploratory_cluster,1,27,25.461966945292446,2.373727290704032,25.075776750237072,27.12256715539301,28.403833065130165,33.33403941649947,34.94478222759591,28.74961756953272,1.2154868544974486,6.195164658063188,0,0.0,0
13,25,RACE,calibration,exploratory_cluster,2,27,24.442210527245493,1.554080438458611,24.592383950523743,25.71785410688919,27.31845320125392,28.10620953311633,28.197665947617125,27.845910507229465,1.0126322118393771,0.3517554403876595,0,0.0,0
13,25,RACE,healthy_evaluation,exploratory_cluster,0,33,24.358123847521654,1.2681897384650564,23.988289109871147,25.931338661737694,26.191605610011383,27.5555793099478,28.136672721954405,26.32075580943376,1.0689918224867156,1.8159169125206454,0,0.0,0
13,25,RACE,healthy_evaluation,exploratory_cluster,1,38,26.434070669828447,6.391779736770675,25.353354121104033,26.884552952721254,30.72949209001428,53.21765591019555,57.57504905299388,45.79831082921453,1.257143506180735,11.776738223779354,1,0.02631578947368421,0
13,25,RACE,healthy_evaluation,exploratory_cluster,2,29,24.4538681846899,1.824952693275691,24.614912191492884,26.611200933410693,27.804732708726135,28.130970054939358,28.182491657147494,27.998485934975584,1.0065719883067696,0.1840057221719107,0,0.0,0
13,25,SourceOnly,anomaly_evaluation,exploratory_cluster,0,260,108.3283642331576,133.98100073115424,51.78109977722197,255.21014262055988,544.5054242614334,553.6644323134863,614.1332181254023,555.2070271840735,1.1061337268013225,58.926190941328855,102,0.3923076923076923,0
13,25,SourceOnly,anomaly_evaluation,exploratory_cluster,1,208,114.00038071438993,154.9897048728508,66.25249607502616,332.8865921452841,428.42570116465623,552.8825997915571,1484.1011178479648,554.2412373738036,2.6777168816960915,929.8598804741612,119,0.5721153846153846,0
13,25,SourceOnly,anomaly_evaluation,exploratory_cluster,2,287,108.00118884615836,117.26050488185346,66.15043263218294,234.64460545892777,430.1018314496422,551.8999383522621,554.3313911223405,553.46697658449,1.0015618177315382,0.8644145378505073,156,0.5435540069686411,0
13,25,SourceOnly,calibration,exploratory_cluster,0,46,36.64638720312563,5.656490545449593,37.32485990844259,40.571835139390345,41.44335072747732,53.488179698346435,62.880289611075185,42.008934249455876,1.4968313463436564,20.871355361619308,0,0.0,1
13,25,SourceOnly,calibration,exploratory_cluster,1,27,36.84086291625588,2.261331715295163,37.305189683101226,39.2818604222068,39.782497093255856,40.57403466454316,40.79410352752657,39.94768482374424,1.021188179177764,0.8464187037823336,0,0.0,0
13,25,SourceOnly,calibration,exploratory_cluster,2,27,35.43378018426037,2.837509443109326,35.756854619741816,38.45246810595928,38.977318699860575,39.85141751989546,40.110002291557656,39.11544547747229,1.0254261916730094,0.9945568140853638,0,0.0,0
13,25,SourceOnly,healthy_evaluation,exploratory_cluster,0,33,36.00702172993217,2.3628314923043456,36.35611277664342,38.75244846455804,39.08892661636032,39.41330315216213,39.51418420078224,39.1989309238444,1.0080423947671,0.3152532769378382,0,0.0,0
13,25,SourceOnly,healthy_evaluation,exploratory_cluster,1,38,36.2900109272009,6.287876979261009,35.823678838189814,39.315232568013904,43.55001473952738,57.922726300133405,61.968002022180706,51.03482439502577,1.2142297491322525,10.933177627154933,0,0.0,0
13,25,SourceOnly,healthy_evaluation,exploratory_cluster,2,29,35.56549821620312,3.7196109504709436,36.716273426476626,39.23772100973461,40.93054559830609,42.016150765515945,42.263051438810045,41.38126331990255,1.0213088738275276,0.8817881189074939,0,0.0,0
13,25,TargetOnly,anomaly_evaluation,exploratory_cluster,0,260,233.57303912143945,100.23039130394832,195.88081015142092,310.1352262516721,584.69482278041,590.2875926018413,673.8194419920933,591.2170060641026,1.1397159335417264,82.60243592799065,260,1.0,0
13,25,TargetOnly,anomaly_evaluation,exploratory_cluster,1,208,230.0383529029201,110.32321054491801,197.96678821997182,287.98303474028006,441.3893055325542,589.129630556647,1238.4586907164132,589.8679923699996,2.0995522841313616,648.5906983464137,208,1.0,0
13,25,TargetOnly,anomaly_evaluation,exploratory_cluster,2,287,413.8616744528669,1623.5371863506227,198.94767718122642,342.72896603077737,516.4612220213402,7747.1202846745755,20405.778035612806,15591.531439072118,1.3087731705736274,4814.246596540688,287,1.0,0
13,25,TargetOnly,calibration,exploratory_cluster,0,46,31.04624276247521,6.659212445554592,29.636826642661156,34.99711989604313,37.87358785542481,55.364082291265625,69.346188395928,38.27484149667848,1.8117955733910986,31.07134689924952,0,0.0,1
13,25,TargetOnly,calibration,exploratory_cluster,1,27,29.44494689519027,2.1968400038602707,29.46867426657148,32.053910599402045,33.121597413191736,33.72164326764443,33.85572695920628,33.34002045319917,1.01546809207064,0.5157065060071062,0,0.0,0
13,25,TargetOnly,calibration,exploratory_cluster,2,27,29.19038391590049,1.7922823681530362,29.71997806960177,31.16042240124012,31.66976253171527,31.94248149025542,32.01175172881803,31.745327734346464,1.0083925419419535,0.2664239944715625,0,0.0,0
13,25,TargetOnly,healthy_evaluation,exploratory_cluster,0,33,30.422427615476973,3.66588668710909,29.842063877978806,34.91805162747125,36.573507569052445,41.10864789993438,43.07850337296207,36.92270501975055,1.1667212180125666,6.155798353211516,0,0.0,0
13,25,TargetOnly,healthy_evaluation,exploratory_cluster,1,38,29.116857885551127,1.9118646888908537,29.195038125133088,31.692716413280113,32.50644323347087,33.17139758591537,33.38923182691048,32.80049063503181,1.0179491580912476,0.5887411918786754,0,0.0,0
13,25,TargetOnly,healthy_evaluation,exploratory_cluster,2,29,29.46327079815325,3.1310798741555255,29.06226476397773,33.561868172190614,35.48044736137871,36.43921679896912,36.75834411562551,35.61860369899555,1.0319984586218383,1.1397404166299623,0,0.0,0
13,50,Pooled,anomaly_evaluation,exploratory_cluster,0,260,105.81098675309991,132.47229418623456,50.00940359854605,249.6314597170229,534.2335519158698,544.8068244920033,629.3836710854011,546.223118915591,1.1522464891909145,83.1605521698101,105,0.40384615384615385,0
13,50,Pooled,anomaly_evaluation,exploratory_cluster,1,208,111.43349771649613,152.90405251669526,63.18062732938483,326.5346439952962,420.27332291304,543.4481470534976,1465.289017054849,545.0856067002296,2.688181450846282,920.2034103546193,123,0.5913461538461539,0
13,50,Pooled,anomaly_evaluation,exploratory_cluster,2,287,105.27605947574155,115.35471329022023,64.17571335865524,229.75208122144863,422.0792908291858,542.9618037745315,544.9473276457292,544.1198106643814,1.0015208359723888,0.8275169813477987,160,0.5574912891986062,0
13,50,Pooled,calibration,exploratory_cluster,0,46,26.154669548560417,5.204897927171235,25.019123663098583,28.770838769120356,31.026146014108512,45.79236263404056,57.802541550506334,31.113255069471442,1.857810808333668,26.68928648103489,0,0.0,1
13,50,Pooled,calibration,exploratory_cluster,1,27,26.61777052128425,3.5968158847739513,26.012669738975106,29.115893275677767,33.584681387020254,38.393689196621814,39.460904136085254,35.35623129199512,1.1160947503197112,4.104672844090132,0,0.0,0
13,50,Pooled,calibration,exploratory_cluster,2,27,26.29059233344239,2.775340960927666,25.760690635370064,29.18343172628273,33.08668766818407,34.01734148153649,34.20773801206743,33.47544366387152,1.0218755681193925,0.7322943481959072,0,0.0,0
13,50,Pooled,healthy_evaluation,exploratory_cluster,0,33,25.694185995888567,2.386037316925621,25.050769867275058,28.18526759421553,29.50026246592837,33.10068286220987,34.33283276221391,30.482364324701297,1.126317906199697,3.850468437512614,0,0.0,0
13,50,Pooled,healthy_evaluation,exploratory_cluster,1,38,28.136716401982696,6.442305624642956,26.62318024921109,31.53612840540447,34.63600478378883,54.57199944773999,58.836301536450314,47.31116075615207,1.2436030018308013,11.525140780298244,1,0.02631578947368421,0
13,50,Pooled,healthy_evaluation,exploratory_cluster,2,29,25.862121040052568,2.4053797738645257,25.003866106718856,27.672804439783462,30.86693781311355,32.97852653946592,33.10261492866021,32.65944211010916,1.013569515886307,0.44317281855104795,0,0.0,0
13,50,RACE,anomaly_evaluation,exploratory_cluster,0,260,81.73217419461196,92.57533029868056,40.72793238628536,203.40773228457522,374.73840981541196,381.00831750297993,383.6666808429859,381.7819772888934,1.0049365964508752,1.8847035540924821,84,0.3230769230769231,0
13,50,RACE,anomaly_evaluation,exploratory_cluster,1,208,88.74632044900305,113.25383127291514,56.019275482434004,289.5849239190186,304.3236346109799,380.38938442991355,1163.6215203502327,380.82644594212644,3.055516581763511,782.7950744081063,90,0.4326923076923077,0
13,50,RACE,anomaly_evaluation,exploratory_cluster,2,287,85.08671942728023,84.8298195513579,54.358743406860675,189.32897164741547,295.67901162444565,383.3110801775341,385.4982634112464,384.5180918162256,1.0025490909683628,0.9801715950208063,130,0.4529616724738676,0
13,50,RACE,calibration,exploratory_cluster,0,46,23.64156627784319,5.721577563303524,22.7133679894691,24.40402202139017,25.424824274665085,45.60956063876997,60.56838450131998,27.326553695653505,2.216466268520126,33.24183080566648,0,0.0,1
13,50,RACE,calibration,exploratory_cluster,1,27,23.91620593651597,2.3127068118288165,23.321400614216206,26.07302787559617,27.40113270992536,30.990031310224747,32.205375298652285,27.53097534316179,1.1697869362500277,4.674399955490497,0,0.0,0
13,50,RACE,calibration,exploratory_cluster,2,27,23.039550413027833,1.4033731866157417,22.889984533466233,24.174510419536578,25.30917201741749,26.705900673695037,27.052971183939754,25.71808460607547,1.051904587698142,1.3348865778642818,0,0.0,0
13,50,RACE,healthy_evaluation,exploratory_cluster,0,33,22.986078559813112,1.3588566280184866,22.777811102823833,24.863614857243334,25.254466031153186,26.355172069489186,26.778794550525753,25.454974297286483,1.0520063480629949,1.323820253239269,0,0.0,0
13,50,RACE,healthy_evaluation,exploratory_cluster,1,38,25.372582449816655,7.350042094105277,23.89163915082439,25.48433528404133,29.407715829765117,56.763869155207004,61.69538895818985,48.36695705823611,1.2755689567963864,13.328431899953742,1,0.02631578947368421,0
13,50,RACE,healthy_evaluation,exploratory_cluster,2,29,22.940502930531174,1.6702490584705816,22.956662419813,25.180602015444364,25.79852758300284,26.160498419910834,26.291931744051606,25.82252701497742,1.0181781097102511,0.46940472907418496,0,0.0,0
13,50,SourceOnly,anomaly_evaluation,exploratory_cluster,0,260,108.3283642331576,133.98100073115424,51.78109977722197,255.21014262055988,544.5054242614334,553.6644323134863,614.1332181254023,555.2070271840735,1.1061337268013225,58.926190941328855,102,0.3923076923076923,0
13,50,SourceOnly,anomaly_evaluation,exploratory_cluster,1,208,114.00038071438993,154.9897048728508,66.25249607502616,332.8865921452841,428.42570116465623,552.8825997915571,1484.1011178479648,554.2412373738036,2.6777168816960915,929.8598804741612,119,0.5721153846153846,0
13,50,SourceOnly,anomaly_evaluation,exploratory_cluster,2,287,108.00118884615836,117.26050488185346,66.15043263218294,234.64460545892777,430.1018314496422,551.8999383522621,554.3313911223405,553.46697658449,1.0015618177315382,0.8644145378505073,156,0.5435540069686411,0
13,50,SourceOnly,calibration,exploratory_cluster,0,46,36.64638720312563,5.656490545449593,37.32485990844259,40.571835139390345,41.44335072747732,53.488179698346435,62.880289611075185,42.008934249455876,1.4968313463436564,20.871355361619308,0,0.0,1
13,50,SourceOnly,calibration,exploratory_cluster,1,27,36.84086291625588,2.261331715295163,37.305189683101226,39.2818604222068,39.782497093255856,40.57403466454316,40.79410352752657,39.94768482374424,1.021188179177764,0.8464187037823336,0,0.0,0
13,50,SourceOnly,calibration,exploratory_cluster,2,27,35.43378018426037,2.837509443109326,35.756854619741816,38.45246810595928,38.977318699860575,39.85141751989546,40.110002291557656,39.11544547747229,1.0254261916730094,0.9945568140853638,0,0.0,0
13,50,SourceOnly,healthy_evaluation,exploratory_cluster,0,33,36.00702172993217,2.3628314923043456,36.35611277664342,38.75244846455804,39.08892661636032,39.41330315216213,39.51418420078224,39.1989309238444,1.0080423947671,0.3152532769378382,0,0.0,0
13,50,SourceOnly,healthy_evaluation,exploratory_cluster,1,38,36.2900109272009,6.287876979261009,35.823678838189814,39.315232568013904,43.55001473952738,57.922726300133405,61.968002022180706,51.03482439502577,1.2142297491322525,10.933177627154933,0,0.0,0
13,50,SourceOnly,healthy_evaluation,exploratory_cluster,2,29,35.56549821620312,3.7196109504709436,36.716273426476626,39.23772100973461,40.93054559830609,42.016150765515945,42.263051438810045,41.38126331990255,1.0213088738275276,0.8817881189074939,0,0.0,0
13,50,TargetOnly,anomaly_evaluation,exploratory_cluster,0,260,274.5241237496449,119.44844978564412,229.7144661319465,350.6950833599,693.0163771634744,700.8867661181994,816.245350466255,702.643993992227,1.1616769764565649,113.60135647402797,260,1.0,0
13,50,TargetOnly,anomaly_evaluation,exploratory_cluster,1,208,269.37227882797174,128.45198144006054,230.75977448765113,346.56136736666184,522.3988060453028,698.6413474248736,1403.2953037014904,700.7413401404053,2.002586722542039,702.5539635610851,208,1.0,0
13,50,TargetOnly,anomaly_evaluation,exploratory_cluster,2,287,529.941986404802,2318.2526131481595,232.68644550239208,366.5025191949469,566.9793097789773,11037.163494695718,29066.40723883801,22208.422585423712,1.3088010698209367,6857.984653414296,287,1.0,0
13,50,TargetOnly,calibration,exploratory_cluster,0,46,32.16846595360896,5.596161134387526,31.14001874501328,35.02934013009202,36.13651530953347,52.9841428233903,64.77523859458303,38.57280354748824,1.679298174809516,26.202435047094788,0,0.0,1
13,50,TargetOnly,calibration,exploratory_cluster,1,27,31.19689354867539,2.198422887387584,31.42479336644275,33.28363688034238,33.842414759142,36.182038365330115,36.97026504039391,33.938623982456264,1.0893271648109475,3.031641057937648,0,0.0,0
13,50,TargetOnly,calibration,exploratory_cluster,2,27,30.079327339771705,1.8452674238631512,29.971180556052474,32.84920658736627,33.3219051563642,33.77184130621582,33.90849744507338,33.38289691100585,1.0157446052530643,0.5256005340675287,0,0.0,0
13,50,TargetOnly,healthy_evaluation,exploratory_cluster,0,33,31.5152633851326,3.1841147358646267,31.69928149328934,34.34754128505539,36.873304221218575,40.91395003145199,41.739572125166355,39.15950308230897,1.065886153801144,2.5800690428573816,0,0.0,0
13,50,TargetOnly,healthy_evaluation,exploratory_cluster,1,38,30.710922494517238,1.9934963666329852,30.422674317454955,34.07753863575845,34.445894866915694,34.66074904644949,34.76630854828087,34.481012597385245,1.0082740015273581,0.2852959508956232,0,0.0,0
13,50,TargetOnly,healthy_evaluation,exploratory_cluster,2,29,30.30135122375054,2.697564665578812,30.128585462299245,33.69666691458263,35.465709026882706,35.795941235778926,35.820644899853406,35.73241752815883,1.0024691128615928,0.08822737169457895,0,0.0,0
13,100,Pooled,anomaly_evaluation,exploratory_cluster,0,260,104.83988452320226,132.43969555805876,49.28425187560017,247.60718213782275,532.0465421232744,542.5980864416578,645.5136532332114,543.7577605609379,1.187134603039601,101.75589267227349,181,0.6961538461538461,0
13,100,Pooled,anomaly_evaluation,exploratory_cluster,1,208,109.16689927169945,153.13292285644945,58.819317393638386,323.3389345234362,418.7497667361403,541.293580562777,1464.5454423856233,542.6385198425207,2.698933800001241,921.9069225431026,164,0.7884615384615384,0
13,100,Pooled,anomaly_evaluation,exploratory_cluster,2,287,103.35978892368477,115.36940443016046,58.960065007060464,227.53733729085695,420.42992476700414,541.0647411627397,542.6081005270504,541.8547149859012,1.0013903829205746,0.7533855411492141,240,0.8362369337979094,0
13,100,Pooled,calibration,exploratory_cluster,0,46,24.80784771611942,2.903429801845137,24.345447766552176,26.44094841987555,27.10139929362387,35.849050494301515,41.34245602217371,29.134888182457807,1.4190017055588395,12.2075678397159,0,0.0,1
13,100,Pooled,calibration,exploratory_cluster,1,27,25.517472635414848,2.8677217433514266,25.068245401303095,27.736549000668465,30.32559448809641,34.728961513449235,35.94520297525785,31.26735119907091,1.1496081886311476,4.677851776186941,0,0.0,0
13,100,Pooled,calibration,exploratory_cluster,2,27,25.033807142965177,1.761979321953744,24.754610781784486,26.913833542606337,28.964219251517296,29.57189279260763,29.618048291568126,29.440527141720064,1.0060298223939237,0.17752114984806155,0,0.0,0
13,100,Pooled,healthy_evaluation,exploratory_cluster,0,33,24.43597314395479,1.5555592785824748,24.154806720040458,26.59607091865833,27.222231762597136,27.91038137438966,28.150290452296897,27.400574583836782,1.0273613192368003,0.7497158684601146,0,0.0,0
13,100,Pooled,healthy_evaluation,exploratory_cluster,1,38,26.13178125916112,3.195680752900863,25.386947220268787,27.55055191931822,29.149567642011647,38.55013395562344,40.20408136026376,35.733953239614216,1.1250946988897386,4.470128120649541,0,0.0,0
13,100,Pooled,healthy_evaluation,exploratory_cluster,2,29,24.743246166130465,1.6041630328717151,24.178714831967984,26.431687867664046,27.95669101559721,28.443134761552752,28.457151159830868,28.407092594551884,1.0017621854511287,0.050058565278984446,0,0.0,0
13,100,RACE,anomaly_evaluation,exploratory_cluster,0,260,83.60560254525478,93.91264027461219,41.89325440387152,208.5297209590383,379.2739502619462,385.6746292812285,391.1336102368872,386.6501586782359,1.011595628394355,4.483451558651268,256,0.9846153846153847,0
13,100,RACE,anomaly_evaluation,exploratory_cluster,1,208,87.98320416024116,117.3374530705886,51.41413129700148,296.4002111190252,312.2709945935529,385.24310848437983,1220.0249881114053,385.3630648827757,3.1659105381117074,834.6619232286296,204,0.9807692307692307,0
13,100,RACE,anomaly_evaluation,exploratory_cluster,2,287,85.28061955499116,86.85152285607069,51.75092296476574,192.535758308048,302.8953772590705,394.72735303489094,396.5244511277235,395.86011352095994,1.0016782130456505,0.6643376067635813,287,1.0,0
13,100,RACE,calibration,exploratory_cluster,0,46,22.52138672725242,2.045683311495216,22.496128821322788,23.419189388369603,24.995865964250598,30.338695494495685,32.891363198871204,27.218768300258972,1.208407479575711,5.672594898612232,0,0.0,1
13,100,RACE,calibration,exploratory_cluster,1,27,23.280931938100803,2.1623263049119443,23.02359292252841,25.318551495733683,26.170358751626306,29.670067575278864,30.773964584531345,26.528206856637205,1.1600469172620265,4.245757727894141,0,0.0,0
13,100,RACE,calibration,exploratory_cluster,2,27,22.55609710846357,1.1713782525852026,22.245164372117543,23.92129837178537,24.266097422703268,25.564077572069955,25.969816391605534,24.40928247031486,1.063931986660751,1.5605339212906735,0,0.0,0
13,100,RACE,healthy_evaluation,exploratory_cluster,0,33,22.191767045137922,1.1505868445138965,22.377754944339998,23.51419170102435,24.13725352303432,24.713052801646153,24.837448994879054,24.448710891026238,1.0159001472750655,0.38873810385281615,0,0.0,0
13,100,RACE,healthy_evaluation,exploratory_cluster,1,38,23.370583567769376,1.8995050811921057,23.30404239619018,24.852974938735482,25.421912662749765,30.17320893008251,31.25812060668733,28.325926886133743,1.1035162497008693,2.932193720553588,0,0.0,0
13,100,RACE,healthy_evaluation,exploratory_cluster,2,29,22.43385514670206,1.3931805432402142,22.66096743817396,24.43020901110671,24.62631375832535,24.763864383698056,24.79373144664322,24.687063364696208,1.0043208088532536,0.1066680819470136,0,0.0,0
13,100,SourceOnly,anomaly_evaluation,exploratory_cluster,0,260,108.3283642331576,133.98100073115424,51.78109977722197,255.21014262055988,544.5054242614334,553.6644323134863,614.1332181254023,555.2070271840735,1.1061337268013225,58.926190941328855,102,0.3923076923076923,0
13,100,SourceOnly,anomaly_evaluation,exploratory_cluster,1,208,114.00038071438993,154.9897048728508,66.25249607502616,332.8865921452841,428.42570116465623,552.8825997915571,1484.1011178479648,554.2412373738036,2.6777168816960915,929.8598804741612,119,0.5721153846153846,0
13,100,SourceOnly,anomaly_evaluation,exploratory_cluster,2,287,108.00118884615836,117.26050488185346,66.15043263218294,234.64460545892777,430.1018314496422,551.8999383522621,554.3313911223405,553.46697658449,1.0015618177315382,0.8644145378505073,156,0.5435540069686411,0
13,100,SourceOnly,calibration,exploratory_cluster,0,46,36.64638720312563,5.656490545449593,37.32485990844259,40.571835139390345,41.44335072747732,53.488179698346435,62.880289611075185,42.008934249455876,1.4968313463436564,20.871355361619308,0,0.0,1
13,100,SourceOnly,calibration,exploratory_cluster,1,27,36.84086291625588,2.261331715295163,37.305189683101226,39.2818604222068,39.782497093255856,40.57403466454316,40.79410352752657,39.94768482374424,1.021188179177764,0.8464187037823336,0,0.0,0
13,100,SourceOnly,calibration,exploratory_cluster,2,27,35.43378018426037,2.837509443109326,35.756854619741816,38.45246810595928,38.977318699860575,39.85141751989546,40.110002291557656,39.11544547747229,1.0254261916730094,0.9945568140853638,0,0.0,0
13,100,SourceOnly,healthy_evaluation,exploratory_cluster,0,33,36.00702172993217,2.3628314923043456,36.35611277664342,38.75244846455804,39.08892661636032,39.41330315216213,39.51418420078224,39.1989309238444,1.0080423947671,0.3152532769378382,0,0.0,0
13,100,SourceOnly,healthy_evaluation,exploratory_cluster,1,38,36.2900109272009,6.287876979261009,35.823678838189814,39.315232568013904,43.55001473952738,57.922726300133405,61.968002022180706,51.03482439502577,1.2142297491322525,10.933177627154933,0,0.0,0
13,100,SourceOnly,healthy_evaluation,exploratory_cluster,2,29,35.56549821620312,3.7196109504709436,36.716273426476626,39.23772100973461,40.93054559830609,42.016150765515945,42.263051438810045,41.38126331990255,1.0213088738275276,0.8817881189074939,0,0.0,0
13,100,TargetOnly,anomaly_evaluation,exploratory_cluster,0,260,276.1074821928494,118.66135621818243,230.40923926753607,391.86660731475513,693.2097760746565,698.18494777056,708.5842429233502,699.069681722405,1.0136103187560683,9.514561200945195,260,1.0,0
13,100,TargetOnly,anomaly_evaluation,exploratory_cluster,1,208,273.40129938169173,139.4320491480209,231.10006165574248,392.37161175267846,521.5163273210857,696.882426894152,1612.4459917073432,698.266810323818,2.309211848347165,914.1791813835251,208,1.0,0
13,100,TargetOnly,anomaly_evaluation,exploratory_cluster,2,287,272.42504013493647,105.01918041320918,233.6111500907072,364.5816129981531,552.0284630910858,695.1710341135426,702.1222398587066,697.4987053683466,1.0066287355872845,4.6235344903600435,287,1.0,0
13,100,TargetOnly,calibration,exploratory_cluster,0,46,30.611670030436862,3.2927632093007486,30.353819312601892,34.81352481587655,36.86560812853142,40.33720510196837,41.75532769675189,38.60394415278853,1.081633719380866,3.1513835439633624,0,0.0,1
13,100,TargetOnly,calibration,exploratory_cluster,1,27,31.0249494034046,2.26889249079029,31.02567453188591,33.88088737614221,34.478237272093246,35.65825365316949,36.02709977357694,34.60846084893291,1.0409911013042863,1.4186389246440356,0,0.0,0
13,100,TargetOnly,calibration,exploratory_cluster,2,27,30.484115242454255,2.095654227607173,29.824793284443277,32.83329627779734,33.75825363100063,36.599109101552,37.5189345288935,33.981144423733916,1.1041103872501905,3.537790105159587,0,0.0,0
13,100,TargetOnly,healthy_evaluation,exploratory_cluster,0,33,30.26273177580591,2.753070122433777,30.057434050732592,32.17475609128658,34.30285171872801,39.40768931517987,40.79559074416519,36.45839877858607,1.1189627660808454,4.337191965579116,0,0.0,0
13,100,TargetOnly,healthy_evaluation,exploratory_cluster,1,38,30.57593690033266,2.0558921123682246,30.47381199136178,33.48000886417106,33.63907111865948,34.6253633777291,34.98404527930312,34.01463473450847,1.0284998075787408,0.9694105447946484,0,0.0,0
13,100,TargetOnly,healthy_evaluation,exploratory_cluster,2,29,30.05627953639925,2.8509632501169486,29.75233292723676,34.28635357818432,35.65509351221172,36.4733929824393,36.78383808202709,35.67510558349929,1.0310786045449187,1.1087324985278002,0,0.0,0
14,10,Pooled,anomaly_evaluation,exploratory_cluster,0,260,108.80035767136506,132.97043130471997,55.13557162548508,253.86475669014266,541.5219962691496,551.7365752143911,610.6897836395784,553.2942815755343,1.1037341320438148,57.39550206404408,105,0.40384615384615385,0
14,10,Pooled,anomaly_evaluation,exploratory_cluster,1,208,113.3723630464012,153.8725501045433,65.06403475196032,328.72752285806854,425.9872754224273,550.9584578946686,1473.293666362255,552.3387822270931,2.6673732024062593,920.9548841351618,120,0.5769230769230769,0
14,10,Pooled,anomaly_evaluation,exploratory_cluster,2,287,108.03536773737889,116.2517579160523,65.44668824203156,233.05001835313743,427.57812754594823,550.1179618541119,552.5311568381503,551.5039183145841,1.0018626132824324,1.0272385235662114,160,0.5574912891986062,0
14,10,Pooled,calibration,exploratory_cluster,0,47,31.995114138272772,6.984793194298654,29.61322057402331,44.95991548810274,46.90275769818583,54.08751881602086,59.46965187995254,47.769362610535865,1.2449329157855689,11.700289269416679,0,0.0,0
14,10,Pooled,calibration,exploratory_cluster,1,31,32.527095910008306,6.757627202951689,30.473912772563935,42.63853829156195,43.86493033953616,55.992795834325584,60.844229842329256,44.67278314898372,1.3619977434451256,16.171446693345537,0,0.0,1
14,10,Pooled,calibration,exploratory_cluster,2,22,29.464887592566246,1.8885371865815859,29.26163137646008,31.315124401144978,31.665251623526082,34.995366258365735,35.87590755512665,31.68285376102705,1.1323445743153813,4.193053794099601,0,0.0,0
14,10,Pooled,healthy_evaluation,exploratory_cluster,0,46,31.10232160525473,4.7547399236595895,30.1951336181249,32.678960991002164,44.60827532635932,46.896006803585955,47.293472020261845,46.41021598320431,1.019031500249367,0.8832560370575351,0,0.0,0
14,10,Pooled,healthy_evaluation,exploratory_cluster,1,29,31.273938807841894,4.872539375709581,30.7157337386339,32.24037588612729,40.78772865357294,48.686423261227894,50.0109704048412,45.28044489193655,1.104471710121096,4.730525512904656,0,0.0,0
14,10,Pooled,healthy_evaluation,exploratory_cluster,2,25,31.070968775173046,4.8828239152082995,29.40421791512965,38.8005593071711,40.96482507610446,45.12973389974972,46.43382177801386,41.00012228524668,1.1325288606449453,5.433699492767175,0,0.0,0
14,10,RACE,anomaly_evaluation,exploratory_cluster,0,260,75.2400777212321,84.44888746754364,38.624998086386285,186.66592848570343,327.4734242350903,350.15583738371623,351.04552155046116,350.8387961960984,1.0005892317400589,0.2067253543627885,85,0.3269230769230769,0
14,10,RACE,anomaly_evaluation,exploratory_cluster,1,208,80.3617739647964,101.73625016932239,51.076980232140045,264.48078108567654,274.948926081219,350.19435150203316,1022.4510624618091,350.4295734130555,2.917707693741458,672.0214890487537,92,0.4423076923076923,0
14,10,RACE,anomaly_evaluation,exploratory_cluster,2,287,77.87772886188694,77.75870949688779,50.787175296027,173.0466238849357,271.0316812530483,353.43047677391013,354.84168617293204,354.68344322122965,1.0004461526319504,0.1582429517023911,129,0.44947735191637633,0
14,10,RACE,calibration,exploratory_cluster,0,47,26.14024491798861,4.577712989494885,25.315973249164184,29.057479470578784,30.39276380203209,42.998606042094686,53.252423763265206,30.961515673764115,1.7199553253263293,22.29090808950109,0,0.0,0
14,10,RACE,calibration,exploratory_cluster,1,31,26.803409146903636,5.35354019986344,25.832913274637257,29.109423040460292,29.60992770032227,46.676096181156424,53.92112528855593,29.771028263890976,1.811194588597949,24.15009702466495,0,0.0,1
14,10,RACE,calibration,exploratory_cluster,2,22,24.73103492389266,1.830956358889584,25.027007070338925,26.57813551401564,26.78130835210996,28.682279322184684,29.18606761019863,26.787075762513176,1.0895578102273744,2.398991847685455,0,0.0,0
14,10,RACE,healthy_evaluation,exploratory_cluster,0,46,25.496758844675163,1.9185356937432396,25.545739500213816,27.43920796870895,29.43172687889562,29.930781188104266,30.082327747426366,29.74555761559948,1.0113216950301942,0.336770131826885,0,0.0,0
14,10,RACE,healthy_evaluation,exploratory_cluster,1,29,26.290087778719922,4.018778529540815,26.016031296669517,27.810827639374786,28.845319025616167,40.39409637623536,44.78496948941501,29.103279799487748,1.5388289497942869,15.681689689927264,0,0.0,0
14,10,RACE,healthy_evaluation,exploratory_cluster,2,25,25.51629328190921,2.335047004831418,25.512538251366852,28.36329515533497,29.841154657341228,30.200638861394438,30.23013844020551,30.10722352849271,1.004082572130787,0.122914911712801,0,0.0,0
14,10,SourceOnly,anomaly_evaluation,exploratory_cluster,0,260,108.3283642331576,133.98100073115424,51.78109977722197,255.21014262055988,544.5054242614334,553.6644323134863,614.1332181254023,555.2070271840735,1.1061337268013225,58.926190941328855,102,0.3923076923076923,0
14,10,SourceOnly,anomaly_evaluation,exploratory_cluster,1,208,114.00038071438993,154.9897048728508,66.25249607502616,332.8865921452841,428.42570116465623,552.8825997915571,1484.1011178479648,554.2412373738036,2.6777168816960915,929.8598804741612,119,0.5721153846153846,0
14,10,SourceOnly,anomaly_evaluation,exploratory_cluster,2,287,108.00118884615836,117.26050488185346,66.15043263218294,234.64460545892777,430.1018314496422,551.8999383522621,554.3313911223405,553.46697658449,1.0015618177315382,0.8644145378505073,156,0.5435540069686411,0
14,10,SourceOnly,calibration,exploratory_cluster,0,47,36.542775301636865,5.063235130454499,36.97520561950022,38.874868282640485,39.48285766944344,52.874759553562285,62.880289611075185,41.129137312134134,1.528850195273216,21.75115229894105,0,0.0,1
14,10,SourceOnly,calibration,exploratory_cluster,1,31,36.43381204433739,5.404852780769282,35.92942110147851,38.931104741136934,39.92383665690505,55.61586805265871,61.968002022180706,40.79422212377411,1.5190386970528091,21.173779898406593,0,0.0,0
14,10,SourceOnly,calibration,exploratory_cluster,2,22,35.61962862675528,3.788571212542176,36.465467000493256,38.93625186644802,40.053678877389295,43.113474851336925,43.91186629127825,40.110002291557656,1.0947859332464016,3.801863999720595,0,0.0,0
14,10,SourceOnly,healthy_evaluation,exploratory_cluster,0,46,35.823169233662696,3.050997048427217,36.647655375273736,39.06709710471125,39.437716278050075,40.57287162709537,40.5822000164406,40.56147026234009,1.0005110700861295,0.020729754100514697,0,0.0,0
14,10,SourceOnly,healthy_evaluation,exploratory_cluster,1,29,36.5230353236245,4.6167063726703255,37.18223832825372,40.518658147466205,41.6505384053046,48.569240037920416,51.03482439502577,42.22916597679238,1.208520775027209,8.805658418233392,0,0.0,0
14,10,SourceOnly,healthy_evaluation,exploratory_cluster,2,25,34.79807015105548,2.9614466558052017,35.756854619741816,37.94487271903234,38.191270039136164,38.30043749832651,38.31743158630998,38.24662288637885,1.001851371299931,0.0708086999311277,0,0.0,0
14,10,TargetOnly,anomaly_evaluation,exploratory_cluster,0,260,10636.50376349437,11956.120137625423,369.10419514230887,22542.154263154396,22542.812280252478,45079.600735478045,45081.34511794309,45081.301856449194,1.000000959632755,0.043261493898171466,114,0.43846153846153846,0
14,10,TargetOnly,anomaly_evaluation,exploratory_cluster,1,208,22353.381342821252,17376.011961973807,22540.88039442057,45081.91891127694,45082.59181931922,66041.80112501467,67623.0813592346,67621.0745951852,1.000029676606907,2.0067640493944054,142,0.6826923076923077,0
14,10,TargetOnly,anomaly_evaluation,exploratory_cluster,2,287,17288.78950952181,16049.027786317256,22540.187429934493,45081.056257078555,45081.90758662753,45085.6205840407,67622.3997219361,67621.65803537694,1.0000109681806202,0.7416865591658279,165,0.5749128919860628,0
14,10,TargetOnly,calibration,exploratory_cluster,0,47,1714.816287024499,5613.1564447499495,38.71643390123516,59.51935618072887,16904.197603883396,22538.77580905375,22539.233130593726,22538.238953332908,1.0000441106895208,0.9941772608181054,0,0.0,1
14,10,TargetOnly,calibration,exploratory_cluster,1,31,754.7052328841136,4043.0405804670518,27.995571489630034,30.56502175197855,45.39119637458428,15794.751227974211,22539.22822491446,57.638235113687685,391.0464673399054,22481.58998980077,0,0.0,0
14,10,TargetOnly,calibration,exploratory_cluster,2,22,2077.0777903402045,6622.812197821894,30.255423053448386,38.14057649506689,21413.68164447928,22538.738987020683,22538.74696439412,22538.708976901573,1.0000016854333842,0.03798749254565337,0,0.0,0
14,10,TargetOnly,healthy_evaluation,exploratory_cluster,0,46,527.9760943107157,3317.395403379778,37.0551687315085,51.187144723368824,57.003433112001176,12422.488556476585,22538.45522814446,58.52929110487701,385.0799284030013,22479.92593703958,0,0.0,0
14,10,TargetOnly,healthy_evaluation,exploratory_cluster,1,29,1387.3138811095082,5133.769186549941,29.333447027457737,34.83893140047832,10156.868650004297,20961.07789750665,22538.744856614212,16904.22000265865,1.3333206059238094,5634.524853955561,0,0.0,0
14,10,TargetOnly,healthy_evaluation,exploratory_cluster,2,25,1282.6224599684135,4764.992126742811,29.95352669486329,37.82334640200497,7073.9003529325355,19249.602318476605,22539.10556108951,8832.842050202524,2.5517387759212475,13706.263510886985,0,0.0,0
14,25,Pooled,anomaly_evaluation,exploratory_cluster,0,260,106.43711342240151,132.75939150223175,50.320703514589,252.19504090434918,537.896162784022,547.5558776268072,615.2163685464639,549.0381307804093,1.1205348664435892,66.17823776605451,105,0.40384615384615385,0
14,25,Pooled,anomaly_evaluation,exploratory_cluster,1,208,111.89269659155245,153.43265277154086,63.550149762086804,327.1486516973939,423.0091224264238,546.9851824086254,1472.1362748424358,548.1058341597422,2.685861348473423,924.0304406826936,121,0.5817307692307693,0
14,25,Pooled,anomaly_evaluation,exploratory_cluster,2,287,106.05208494214803,116.12160729380396,64.8063325935459,232.09764670169685,424.8192503363695,545.6638765922633,548.4627226429906,547.4074705863577,1.0019277268092497,1.0552520566328667,158,0.5505226480836237,0
14,25,Pooled,calibration,exploratory_cluster,0,47,27.77771681535597,5.285581933595532,26.20866040074463,32.90344188575084,33.614107264742344,47.07427550085215,58.329058447407796,33.86213899837384,1.722545006687526,24.46691944903396,0,0.0,0
14,25,Pooled,calibration,exploratory_cluster,1,31,29.14574680395857,6.1781319502200995,27.95213701341782,31.792564455200406,34.555875994220294,52.20633016151555,59.343984047273636,35.55180442808007,1.6692256554044742,23.79217961919357,0,0.0,1
14,25,Pooled,calibration,exploratory_cluster,2,22,26.52811992346385,1.7984853547089277,25.894692649497696,28.08227130813671,28.170012228821435,32.36099187421539,33.47432487018658,28.172739175085685,1.1881814069321774,5.3015856951008935,0,0.0,0
14,25,Pooled,healthy_evaluation,exploratory_cluster,0,46,27.259101334345697,2.3160405377883198,26.999628307942675,30.132848887186206,32.21246449336747,33.05583109383711,33.39363127091802,32.642964210738214,1.022996289654751,0.7506670601798078,0,0.0,0
14,25,Pooled,healthy_evaluation,exploratory_cluster,1,29,28.14823499602146,4.323308050069677,27.65936935433679,30.240254579078055,32.16358406673784,44.017304806150115,48.32566755450495,32.93865773895203,1.4671413734433028,15.387009815552922,0,0.0,0
14,25,Pooled,healthy_evaluation,exploratory_cluster,2,25,27.947260447815225,2.930705064860459,27.115747112401397,33.115398643014736,33.71692263659976,34.67717852272463,34.94182022206114,33.8391464748257,1.0325857434984587,1.1026737472354426,0,0.0,0
14,25,RACE,anomaly_evaluation,exploratory_cluster,0,260,68.84222490796273,75.64495883366298,35.27321034735694,174.71738631310092,305.535595902608,310.18458173074725,321.2388426216854,310.68709667344166,1.0339626140294282,10.551745948243763,82,0.3153846153846154,0
14,25,RACE,anomaly_evaluation,exploratory_cluster,1,208,74.49107490412426,92.49063645084497,47.655889179885705,238.0273159212043,257.14726151642776,309.6543447243639,951.0988860252153,310.1689067973374,3.066390167363416,640.9299792278779,90,0.4326923076923077,0
14,25,RACE,anomaly_evaluation,exploratory_cluster,2,287,72.47893693351487,70.97571778000999,47.193194313503575,166.04652638294326,254.47926864215376,332.000676336973,333.05056207636443,333.04525486670093,1.0000159354009281,0.0053072096634991794,130,0.4529616724738676,0
14,25,RACE,calibration,exploratory_cluster,0,47,21.70534569137529,4.6989606307873695,20.926326216895998,22.843224207427618,23.320200340955655,39.052093730864044,52.24969945511131,23.55925222848687,2.2177995697135557,28.690447226624443,0,0.0,0
14,25,RACE,calibration,exploratory_cluster,1,31,22.670605795310323,5.752662018655387,21.754150719145198,23.19214245166517,24.372136718408292,44.3233229390332,52.802174710419386,24.53933547246548,2.1517361287010566,28.262839237953905,0,0.0,1
14,25,RACE,calibration,exploratory_cluster,2,22,20.76530447144372,1.2399274341759232,20.735748005225854,21.527491996706832,21.53780477507319,24.329402971176684,25.071359537289936,21.538233031988756,1.1640397566529135,3.5331265053011798,0,0.0,0
14,25,RACE,healthy_evaluation,exploratory_cluster,0,46,21.105772391936775,1.1759631200732599,21.061312661488525,22.711924380571613,22.79725166074861,23.321514866318587,23.42399107386474,23.19626616820662,1.009817308699891,0.2277249056581212,0,0.0,0
14,25,RACE,healthy_evaluation,exploratory_cluster,1,29,22.301527838057634,4.089141753114765,21.761339900420484,23.503515604093973,23.571290192732754,37.21395264838031,42.515092644555175,23.582449801073587,1.8028276537503616,18.932642843481588,0,0.0,0
14,25,RACE,healthy_evaluation,exploratory_cluster,2,25,21.608319601699165,2.0174727964281183,21.120444409360324,23.25264799957859,23.39479380275042,27.877062310540655,29.28585782745975,23.415876506963567,1.2506838178255053,5.8699813204961835,0,0.0,0
14,25,SourceOnly,anomaly_evaluation,exploratory_cluster,0,260,108.3283642331576,133.98100073115424,51.78109977722197,255.21014262055988,544.5054242614334,553.6644323134863,614.1332181254023,555.2070271840735,1.1061337268013225,58.926190941328855,102,0.3923076923076923,0
14,25,SourceOnly,anomaly_evaluation,exploratory_cluster,1,208,114.00038071438993,154.9897048728508,66.25249607502616,332.8865921452841,428.42570116465623,552.8825997915571,1484.1011178479648,554.2412373738036,2.6777168816960915,929.8598804741612,119,0.5721153846153846,0
14,25,SourceOnly,anomaly_evaluation,exploratory_cluster,2,287,108.00118884615836,117.26050488185346,66.15043263218294,234.64460545892777,430.1018314496422,551.8999383522621,554.3313911223405,553.46697658449,1.0015618177315382,0.8644145378505073,156,0.5435540069686411,0
14,25,SourceOnly,calibration,exploratory_cluster,0,47,36.542775301636865,5.063235130454499,36.97520561950022,38.874868282640485,39.48285766944344,52.874759553562285,62.880289611075185,41.129137312134134,1.528850195273216,21.75115229894105,0,0.0,1
14,25,SourceOnly,calibration,exploratory_cluster,1,31,36.43381204433739,5.404852780769282,35.92942110147851,38.931104741136934,39.92383665690505,55.61586805265871,61.968002022180706,40.79422212377411,1.5190386970528091,21.173779898406593,0,0.0,0
14,25,SourceOnly,calibration,exploratory_cluster,2,22,35.61962862675528,3.788571212542176,36.465467000493256,38.93625186644802,40.053678877389295,43.113474851336925,43.91186629127825,40.110002291557656,1.0947859332464016,3.801863999720595,0,0.0,0
14,25,SourceOnly,healthy_evaluation,exploratory_cluster,0,46,35.823169233662696,3.050997048427217,36.647655375273736,39.06709710471125,39.437716278050075,40.57287162709537,40.5822000164406,40.56147026234009,1.0005110700861295,0.020729754100514697,0,0.0,0
14,25,SourceOnly,healthy_evaluation,exploratory_cluster,1,29,36.5230353236245,4.6167063726703255,37.18223832825372,40.518658147466205,41.6505384053046,48.569240037920416,51.03482439502577,42.22916597679238,1.208520775027209,8.805658418233392,0,0.0,0
14,25,SourceOnly,healthy_evaluation,exploratory_cluster,2,25,34.79807015105548,2.9614466558052017,35.756854619741816,37.94487271903234,38.191270039136164,38.30043749832651,38.31743158630998,38.24662288637885,1.001851371299931,0.0708086999311277,0,0.0,0
14,25,TargetOnly,anomaly_evaluation,exploratory_cluster,0,260,11138.885365374294,12508.42190660115,404.6685358481903,23593.587158789025,23594.456173795785,47182.87621814988,47185.36643199047,47184.64440343767,1.0000153021933709,0.7220285528019303,77,0.29615384615384616,0
14,25,TargetOnly,anomaly_evaluation,exploratory_cluster,1,208,23399.51122257238,18182.369340916706,23592.095680777253,47184.75730390929,47185.37160288587,69124.56711128599,70779.33911954437,70777.71806977081,1.0000229033913182,1.621049773559207,115,0.5528846153846154,0
14,25,TargetOnly,anomaly_evaluation,exploratory_cluster,2,287,18116.16975597887,16796.532313673488,23591.27750690485,47184.20343464938,47184.92782553368,47188.193848219045,70777.8393161763,70777.5169938363,1.0000045540215832,0.3223223399982089,130,0.4529616724738676,0
14,25,TargetOnly,calibration,exploratory_cluster,0,47,1780.4213800710843,5879.676596262466,25.86292693404258,29.771749581325736,17693.2895841817,23591.331409246646,23591.500831789464,23591.13252191377,1.0000156122168087,0.36830987569555873,0,0.0,0
14,25,TargetOnly,calibration,exploratory_cluster,1,31,784.7893943779137,4232.770559532933,24.611248261414723,27.021486153931143,28.6698430630748,16523.000171022402,23591.628025367583,29.535177550369145,798.7637110064613,23562.092847817214,0,0.0,0
14,25,TargetOnly,calibration,exploratory_cluster,2,22,2167.5897219748654,6934.341561687725,25.12739002652131,28.882507098383783,22413.570979736676,23591.75319659228,23591.76566580769,23591.70628859145,1.000002516868238,0.05937721623922698,0,0.0,1
14,25,TargetOnly,healthy_evaluation,exploratory_cluster,0,46,537.9736487574463,3474.512849903298,25.190652694147172,29.061615037935596,29.805465299277195,12989.591338736518,23590.972499340656,32.347697998275926,729.2937043185581,23558.62480134238,0,0.0,0
14,25,TargetOnly,healthy_evaluation,exploratory_cluster,1,29,1446.998870999589,5374.869520188826,25.207125767927394,28.826553831061183,10627.52238245801,21939.848531135096,23591.286238118762,17693.294427462835,1.3333461631374481,5897.991810655927,0,0.0,0
14,25,TargetOnly,healthy_evaluation,exploratory_cluster,2,25,1380.9617176744214,5067.332104402942,24.85213441704004,27.51306243227097,8294.784237303962,20416.470991718685,23591.698421376244,10361.584131136528,2.27684281889709,13230.114290239717,0,0.0,0
14,50,Pooled,anomaly_evaluation,exploratory_cluster,0,260,105.11216852244716,132.29051183091562,49.214244339712,251.10703614197104,534.5464203777021,543.9027457102752,626.5421011638141,545.0786834992351,1.149452583875798,81.46341766457897,177,0.6807692307692308,0
14,50,Pooled,anomaly_evaluation,exploratory_cluster,1,208,109.26541637328624,153.08040001771326,59.74800634331983,324.9001095206576,420.1143046837305,543.2993920451613,1465.5495421063267,544.2400422178133,2.692836668419541,921.3094998885134,161,0.7740384615384616,0
14,50,Pooled,anomaly_evaluation,exploratory_cluster,2,287,103.73016237989997,115.63250128620419,59.696158234108466,229.43146798364126,421.9328173253036,541.9499367256967,544.4162380751538,543.4852423481803,1.001713010132439,0.9309957269734923,237,0.8257839721254355,0
14,50,Pooled,calibration,exploratory_cluster,0,47,25.95830863243782,3.082157104949872,25.02200330153611,29.37140525725642,30.328729676330553,36.88731332333818,42.09962862069828,30.768508409045904,1.36827005264646,11.33112021165238,0,0.0,1
14,50,Pooled,calibration,exploratory_cluster,1,31,26.87758597763312,3.232465594299477,26.491409083148802,28.975175046273616,31.433743924293356,37.995097826410394,40.351934360144654,32.495812581030464,1.2417579729549593,7.85612177911419,0,0.0,0
14,50,Pooled,calibration,exploratory_cluster,2,22,25.220338146034614,1.8655725901743,24.874540709188814,26.238713134491743,26.991032598657096,31.29667380118141,32.4307594649279,27.03035154232557,1.199790517490906,5.400407922602334,0,0.0,0
14,50,Pooled,healthy_evaluation,exploratory_cluster,0,46,25.64317513084082,1.7675199738307783,25.53019510132529,27.6793933896405,28.514103956200557,29.94884305221063,30.25231961996132,29.577927247182018,1.0228005284867807,0.6743923727793018,0,0.0,0
14,50,Pooled,healthy_evaluation,exploratory_cluster,1,29,26.236268023651327,2.4206166282233275,25.951846765177944,28.242822563561067,28.805530908570248,34.190779840010904,36.19389946771066,29.03990079735443,1.2463506580231831,7.153998670356227,0,0.0,0
14,50,Pooled,healthy_evaluation,exploratory_cluster,2,25,26.230193058961405,2.604494144165326,25.163518662854504,29.96069643658916,30.7973861073281,33.78385037124703,34.675784572225474,30.959392068148652,1.1200408747011634,3.716392504076822,0,0.0,0
14,50,RACE,anomaly_evaluation,exploratory_cluster,0,260,70.45129936938649,77.4354920085815,35.86725847165913,180.48219800899153,311.776767085168,316.1845864899443,340.64776204789916,316.73458475892215,1.0754991037912016,23.91317728897701,234,0.9,0
14,50,RACE,anomaly_evaluation,exploratory_cluster,1,208,74.01166570496731,96.00173572162765,44.1677727478442,242.8676036082241,267.35464671912143,315.638741457375,993.0765298155576,316.3512461089214,3.139157951897671,676.7252837066362,195,0.9375,0
14,50,RACE,anomaly_evaluation,exploratory_cluster,2,287,72.71293053036747,73.04118175638317,44.40918529736703,169.6475693040481,264.8644780154595,339.95249614182796,340.9478445513595,340.9035262038481,1.0001300026080835,0.04431834751136421,271,0.9442508710801394,0
14,50,RACE,calibration,exploratory_cluster,0,47,20.64828839719736,1.7240624845543406,20.45918164759386,21.778962594126956,22.254410587662754,26.597044468942453,30.250175640677085,22.308586136906158,1.3559880242985358,7.941589503770928,0,0.0,1
14,50,RACE,calibration,exploratory_cluster,1,31,21.130137888547992,1.833452507672159,21.13637217730794,22.371676217904156,22.969691791546577,26.88327216440543,28.554798981140635,22.983042925356624,1.2424289974952285,5.571756055784011,0,0.0,0
14,50,RACE,calibration,exploratory_cluster,2,22,20.24078113888784,1.2410473544020166,20.180789602762715,20.756281597010094,21.263951928692656,24.24617591827762,25.03187221940097,21.29046126167074,1.1757317942409216,3.7414109577302312,0,0.0,0
14,50,RACE,healthy_evaluation,exploratory_cluster,0,46,20.488558956995504,1.041923575445492,20.365070126414444,21.998130106090183,22.17661416702115,22.351716259386084,22.439681058397106,22.2442037272615,1.00878778730551,0.1954773311356064,0,0.0,0
14,50,RACE,healthy_evaluation,exploratory_cluster,1,29,21.069799240905063,1.550322431171354,20.804161554568466,22.43417664117016,23.060488799078385,25.798358478939107,26.74434895132561,23.365811549945263,1.1445931973797956,3.3785374013803455,0,0.0,0
14,50,RACE,healthy_evaluation,exploratory_cluster,2,25,20.947388635042895,2.3841905086763835,20.4514960458322,22.382675625804566,22.64416213343562,29.27632639121666,31.357495867414304,22.685956383257523,1.3822426234829785,8.671539484156781,1,0.04,0
14,50,SourceOnly,anomaly_evaluation,exploratory_cluster,0,260,108.3283642331576,133.98100073115424,51.78109977722197,255.21014262055988,544.5054242614334,553.6644323134863,614.1332181254023,555.2070271840735,1.1061337268013225,58.926190941328855,102,0.3923076923076923,0
14,50,SourceOnly,anomaly_evaluation,exploratory_cluster,1,208,114.00038071438993,154.9897048728508,66.25249607502616,332.8865921452841,428.42570116465623,552.8825997915571,1484.1011178479648,554.2412373738036,2.6777168816960915,929.8598804741612,119,0.5721153846153846,0
14,50,SourceOnly,anomaly_evaluation,exploratory_cluster,2,287,108.00118884615836,117.26050488185346,66.15043263218294,234.64460545892777,430.1018314496422,551.8999383522621,554.3313911223405,553.46697658449,1.0015618177315382,0.8644145378505073,156,0.5435540069686411,0
14,50,SourceOnly,calibration,exploratory_cluster,0,47,36.542775301636865,5.063235130454499,36.97520561950022,38.874868282640485,39.48285766944344,52.874759553562285,62.880289611075185,41.129137312134134,1.528850195273216,21.75115229894105,0,0.0,1
14,50,SourceOnly,calibration,exploratory_cluster,1,31,36.43381204433739,5.404852780769282,35.92942110147851,38.931104741136934,39.92383665690505,55.61586805265871,61.968002022180706,40.79422212377411,1.5190386970528091,21.173779898406593,0,0.0,0
14,50,SourceOnly,calibration,exploratory_cluster,2,22,35.61962862675528,3.788571212542176,36.465467000493256,38.93625186644802,40.053678877389295,43.113474851336925,43.91186629127825,40.110002291557656,1.0947859332464016,3.801863999720595,0,0.0,0
14,50,SourceOnly,healthy_evaluation,exploratory_cluster,0,46,35.823169233662696,3.050997048427217,36.647655375273736,39.06709710471125,39.437716278050075,40.57287162709537,40.5822000164406,40.56147026234009,1.0005110700861295,0.020729754100514697,0,0.0,0
14,50,SourceOnly,healthy_evaluation,exploratory_cluster,1,29,36.5230353236245,4.6167063726703255,37.18223832825372,40.518658147466205,41.6505384053046,48.569240037920416,51.03482439502577,42.22916597679238,1.208520775027209,8.805658418233392,0,0.0,0
14,50,SourceOnly,healthy_evaluation,exploratory_cluster,2,25,34.79807015105548,2.9614466558052017,35.756854619741816,37.94487271903234,38.191270039136164,38.30043749832651,38.31743158630998,38.24662288637885,1.001851371299931,0.0708086999311277,0,0.0,0
14,50,TargetOnly,anomaly_evaluation,exploratory_cluster,0,260,223.40142617230404,86.82750007866908,190.60669577469412,287.0842323681353,523.7633320551306,529.5527843023718,530.2069772828646,530.1087463102702,1.0001853034368478,0.09823097259436508,260,1.0,0
14,50,TargetOnly,anomaly_evaluation,exploratory_cluster,1,208,220.31981319146578,92.72866410174356,192.36779986116883,271.3587598769761,426.04252861869384,528.4297740376529,994.9884535945043,528.8833222050755,1.8813004907133293,466.10513138942883,208,1.0,0
14,50,TargetOnly,anomaly_evaluation,exploratory_cluster,2,287,431.58249027804317,1856.8101372248098,193.27568104809478,309.79545960644435,486.5433325583918,8845.86332289598,23290.14512742325,17796.2416914515,1.3087114420687356,5493.903435971748,287,1.0,0
14,50,TargetOnly,calibration,exploratory_cluster,0,47,27.73282665168806,2.1351142241568053,27.72382650058697,30.636356580200133,31.084613521024107,31.521411559316967,31.61880539350965,31.407079667003817,1.0067413375821843,0.21172572650583277,0,0.0,0
14,50,TargetOnly,calibration,exploratory_cluster,1,31,26.813285445730376,2.330245849790658,26.613693901194612,29.60586179926298,30.31036221517847,32.578547603873545,33.41419912289366,30.62869405949328,1.0909442974613872,2.7855050634003824,0,0.0,1
14,50,TargetOnly,calibration,exploratory_cluster,2,22,27.022489527304206,2.023417304231672,27.115128120689572,28.80283773697725,29.93206246602415,32.03980272892281,32.58490344771138,29.98918573919438,1.0865551246069522,2.595717708517004,0,0.0,0
14,50,TargetOnly,healthy_evaluation,exploratory_cluster,0,46,27.18553727499912,2.0279788717102067,27.03491993604724,30.0660977108354,31.10216586623488,31.984775703904226,32.14128490013413,31.793486686289903,1.010939291348445,0.3477982138442286,0,0.0,0
14,50,TargetOnly,healthy_evaluation,exploratory_cluster,1,29,27.263999600049463,1.9477271152788436,26.935200896095733,29.669217449219488,31.060732499780322,31.572655682911147,31.613128123431657,31.46858369300126,1.0045932931663062,0.1445444304303969,0,0.0,0
14,50,TargetOnly,healthy_evaluation,exploratory_cluster,2,25,445.27193053665576,2091.6160239832857,26.986837558233436,30.152787714096,30.99661030262163,7976.104656665971,10485.02424598972,31.19262380751837,336.1379379525781,10453.831622182202,1,0.04,0
14,100,Pooled,anomaly_evaluation,exploratory_cluster,0,260,104.57506119438126,132.3845553628752,48.75257935651022,250.6007124932337,534.1728341260264,543.4093111919072,644.382702108191,544.3461213849857,1.1837738468103365,100.03658072320525,181,0.6961538461538461,0
14,100,Pooled,anomaly_evaluation,exploratory_cluster,1,208,108.68550820207795,152.40591709819017,58.734852904560995,321.1869121129026,419.6851000307106,542.9275178736714,1453.250766280704,543.6509239797405,2.673132155542626,909.5998423009636,163,0.7836538461538461,0
14,100,Pooled,anomaly_evaluation,exploratory_cluster,2,287,103.0003885906719,114.91141583744854,58.74876398864837,228.64828188122524,421.5880766610433,541.7274284097501,543.7303465489404,542.8287286651856,1.0016609619869823,0.9016178837547386,240,0.8362369337979094,0
14,100,Pooled,calibration,exploratory_cluster,0,47,24.991851275289964,3.0112885278057537,24.119959793294928,27.79544785130093,28.398046960679658,35.945399180825355,41.45490722662285,29.477715822715272,1.406313415732099,11.977191403907579,0,0.0,1
14,100,Pooled,calibration,exploratory_cluster,1,31,25.884400487335004,3.202030407121947,25.309034997196022,28.352732872666373,29.685430006308792,37.19854549706774,40.076197933180836,30.484023146137197,1.3146623639884987,9.59217478704364,0,0.0,0
14,100,Pooled,calibration,exploratory_cluster,2,22,24.25778332516064,1.8283975507521613,23.97951319600694,25.30406264567193,25.807373488284835,30.138819859807693,31.28333314696117,25.833269874801786,1.2109707094213213,5.450063272159383,0,0.0,0
14,100,Pooled,healthy_evaluation,exploratory_cluster,0,46,24.5856860860924,1.6936754619943624,24.32443926603014,26.70214780817836,27.430708897519075,28.550797492122673,28.72738292223795,28.334970855315113,1.0138490372524673,0.39241206692283725,0,0.0,0
14,100,Pooled,healthy_evaluation,exploratory_cluster,1,29,25.236823768018866,2.4040881398644687,25.025844825678096,26.927678477208396,27.84631884273565,33.37203861218721,35.3944005708595,28.171679289887056,1.2563823479122604,7.222721280972447,0,0.0,0
14,100,Pooled,healthy_evaluation,exploratory_cluster,2,25,25.28380271097893,2.6117970719439154,24.130843165608233,28.668257350792697,29.274970132725183,33.34722001578507,34.604999032523615,29.36425312944638,1.178473665922115,5.2407459030772365,0,0.0,0
14,100,RACE,anomaly_evaluation,exploratory_cluster,0,260,83.09677443242782,93.53394568777024,41.30525325742536,211.40856264324498,379.8206256790349,384.53337249407394,395.685801475115,385.0562023535538,1.0276053185394511,10.629599121561228,257,0.9884615384615385,0
14,100,RACE,anomaly_evaluation,exploratory_cluster,1,208,87.18758829203156,115.2747762372115,51.49098294037836,291.42214947831314,305.4907353581195,383.94459714037635,1186.886418089738,385.18580302903655,3.0813347967559093,801.7006150607015,204,0.9807692307692307,0
14,100,RACE,anomaly_evaluation,exploratory_cluster,2,287,84.83732297746496,86.18803393091491,51.176547430286185,194.36288864214697,298.168088672215,386.30067622220616,387.85407137767464,387.1481940748741,1.0018232741715025,0.7058773028005589,286,0.9965156794425087,0
14,100,RACE,calibration,exploratory_cluster,0,47,22.480942146148823,1.848781463572318,22.28474243514081,23.408635875459254,23.717443449794082,29.088009175094072,32.88029198995945,24.63619891416516,1.3346333216628705,8.244093075794293,0,0.0,1
14,100,RACE,calibration,exploratory_cluster,1,31,23.046665153800046,1.98896694073642,23.201029539820524,24.660461155538222,24.898110317475677,29.335304583322852,31.23073383164747,24.912636337232094,1.2536101522492398,6.318097494415376,0,0.0,0
14,100,RACE,calibration,exploratory_cluster,2,22,22.10086013645085,1.3585395717503843,22.06348601405883,22.748511398844656,23.17345479207985,26.169309777276354,26.95977960306724,23.19563757549161,1.1622780152226901,3.7641420275756303,0,0.0,0
14,100,RACE,healthy_evaluation,exploratory_cluster,0,46,22.297297711342047,1.258804753156388,22.18513189628993,23.987818515361063,24.305566249832495,24.543313642794317,24.63779384261781,24.427837843010046,1.0085949481471543,0.20995599960776445,0,0.0,0
14,100,RACE,healthy_evaluation,exploratory_cluster,1,29,22.946182832701517,1.5960688637808471,22.608829467884057,24.52746695941657,24.867370710084444,27.84958860820579,28.998291301094767,24.895781683634148,1.1647873390598338,4.102509617460619,0,0.0,0
14,100,RACE,healthy_evaluation,exploratory_cluster,2,25,22.955623914417618,3.1202871903061906,22.496445796144524,24.518377367995427,24.685351967986705,33.977598969752336,36.906766564705535,24.701901585733985,1.4940860498780462,12.20486497897155,1,0.04,0
14,100,SourceOnly,anomaly_evaluation,exploratory_cluster,0,260,108.3283642331576,133.98100073115424,51.78109977722197,255.21014262055988,544.5054242614334,553.6644323134863,614.1332181254023,555.2070271840735,1.1061337268013225,58.926190941328855,102,0.3923076923076923,0
14,100,SourceOnly,anomaly_evaluation,exploratory_cluster,1,208,114.00038071438993,154.9897048728508,66.25249607502616,332.8865921452841,428.42570116465623,552.8825997915571,1484.1011178479648,554.2412373738036,2.6777168816960915,929.8598804741612,119,0.5721153846153846,0
14,100,SourceOnly,anomaly_evaluation,exploratory_cluster,2,287,108.00118884615836,117.26050488185346,66.15043263218294,234.64460545892777,430.1018314496422,551.8999383522621,554.3313911223405,553.46697658449,1.0015618177315382,0.8644145378505073,156,0.5435540069686411,0
14,100,SourceOnly,calibration,exploratory_cluster,0,47,36.542775301636865,5.063235130454499,36.97520561950022,38.874868282640485,39.48285766944344,52.874759553562285,62.880289611075185,41.129137312134134,1.528850195273216,21.75115229894105,0,0.0,1
14,100,SourceOnly,calibration,exploratory_cluster,1,31,36.43381204433739,5.404852780769282,35.92942110147851,38.931104741136934,39.92383665690505,55.61586805265871,61.968002022180706,40.79422212377411,1.5190386970528091,21.173779898406593,0,0.0,0
14,100,SourceOnly,calibration,exploratory_cluster,2,22,35.61962862675528,3.788571212542176,36.465467000493256,38.93625186644802,40.053678877389295,43.113474851336925,43.91186629127825,40.110002291557656,1.0947859332464016,3.801863999720595,0,0.0,0
14,100,SourceOnly,healthy_evaluation,exploratory_cluster,0,46,35.823169233662696,3.050997048427217,36.647655375273736,39.06709710471125,39.437716278050075,40.57287162709537,40.5822000164406,40.56147026234009,1.0005110700861295,0.020729754100514697,0,0.0,0
14,100,SourceOnly,healthy_evaluation,exploratory_cluster,1,29,36.5230353236245,4.6167063726703255,37.18223832825372,40.518658147466205,41.6505384053046,48.569240037920416,51.03482439502577,42.22916597679238,1.208520775027209,8.805658418233392,0,0.0,0
14,100,SourceOnly,healthy_evaluation,exploratory_cluster,2,25,34.79807015105548,2.9614466558052017,35.756854619741816,37.94487271903234,38.191270039136164,38.30043749832651,38.31743158630998,38.24662288637885,1.001851371299931,0.0708086999311277,0,0.0,0
14,100,TargetOnly,anomaly_evaluation,exploratory_cluster,0,260,280.021258369021,115.78494401017544,236.59010680627398,366.66543373411747,676.9357001378204,697.8778216409391,700.1248350519259,698.5233006855957,1.002292742940369,1.6015343663301564,260,1.0,0
14,100,TargetOnly,anomaly_evaluation,exploratory_cluster,1,208,276.9256358820527,125.82553397344496,239.2830142299826,365.2987485340026,503.7200326921551,697.6983631416247,1370.5416942891788,699.2728286857739,1.9599527367093612,671.268865603405,208,1.0,0
14,100,TargetOnly,anomaly_evaluation,exploratory_cluster,2,287,518.8863807627752,2158.9967470077454,241.09825590521532,365.54005637137004,584.3118287588148,10289.425295052753,27099.7138804411,20707.28623358566,1.308704268379089,6392.427646855442,287,1.0,0
14,100,TargetOnly,calibration,exploratory_cluster,0,47,30.66753613452804,1.9318054880045399,30.71550228129081,32.618798511284076,33.12073796743012,35.789645744256255,37.361846921821034,33.94401827494108,1.1006901604635047,3.417828646879954,0,0.0,1
14,100,TargetOnly,calibration,exploratory_cluster,1,31,30.768285554183084,2.49695200899921,30.303636029592333,33.53641829260422,36.04669557752272,36.866105521408215,37.110655783405804,36.29548824341385,1.022459197532351,0.815167539991954,0,0.0,0
14,100,TargetOnly,calibration,exploratory_cluster,2,22,30.521101908396975,2.36326846274613,29.970626489285856,33.31247248522465,33.858128474931036,36.55361189409078,37.262810910080546,33.885672738700706,1.0996627157861565,3.3771381713798405,0,0.0,0
14,100,TargetOnly,healthy_evaluation,exploratory_cluster,0,46,30.183502320483004,1.8690849011158093,30.447284214817053,32.6771280211683,32.8983506194431,34.031866607198694,34.8868272869795,32.98691466524438,1.0575959479998567,1.899912621735126,0,0.0,0
14,100,TargetOnly,healthy_evaluation,exploratory_cluster,1,29,31.285423401697397,2.030671628206203,31.45038059714017,33.881780226178705,34.75835763743718,35.163896116577135,35.182279541625114,35.11662445216805,1.001869629854273,0.0656550894570671,0,0.0,0
14,100,TargetOnly,healthy_evaluation,exploratory_cluster,2,25,516.8854779674806,2433.9199246889216,29.748499810636556,33.78651343580773,33.93285425767652,9279.918777716335,12199.696238042578,33.956820016664665,359.2708690641659,12165.739418025913,1,0.04,0
15,10,Pooled,anomaly_evaluation,exploratory_cluster,0,260,112.15891869553533,132.9334478024498,60.70585548816862,253.74221195966825,541.740989595963,554.5283997442452,612.8590505130312,556.0422983143404,1.1021806297307464,56.81675219869078,125,0.4807692307692308,0
15,10,Pooled,anomaly_evaluation,exploratory_cluster,1,208,115.26783890842003,154.42675884648122,67.18880258615681,328.25406054033476,426.25472332003386,553.7899875237745,1482.5424389948614,555.0355372740948,2.6710766057898976,927.5069017207666,108,0.5192307692307693,0
15,10,Pooled,anomaly_evaluation,exploratory_cluster,2,287,110.85868566811435,116.08841878450421,71.15318421453391,234.0252385941459,427.92715074595515,552.732456058863,555.2244953208515,554.3759328472742,1.0015306625401632,0.8485624735773172,164,0.5714285714285714,0
15,10,Pooled,calibration,exploratory_cluster,0,36,35.37889004892637,13.408863655728766,29.67748870318397,65.31875720717574,65.99303445584077,66.14007703335471,66.21483130666942,66.0012476686274,1.0032360545533072,0.2135836380420244,0,0.0,0
15,10,Pooled,calibration,exploratory_cluster,1,36,34.024377020262364,12.40699018656992,29.200120719640626,61.418739630298354,65.70119556142964,66.22924834411847,66.27120792283195,66.15132341222201,1.001812276828732,0.11988451060993555,0,0.0,1
15,10,Pooled,calibration,exploratory_cluster,2,28,30.913466676460843,7.235430665915647,29.334565342352313,32.51000094374767,35.95582929560016,58.445890217779365,66.12164624648643,37.69292021423799,1.7542192504763765,28.42872603224844,0,0.0,0
15,10,Pooled,healthy_evaluation,exploratory_cluster,0,43,32.40276350690236,10.90791272690294,28.99692365478358,33.00420464586764,65.49870965541729,66.23347992955036,66.35205265652844,66.06973663991396,1.0042730004836122,0.28231601661448735,1,0.023255813953488372,0
15,10,Pooled,healthy_evaluation,exploratory_cluster,1,35,33.75359847184393,11.191816842994676,30.723304655724803,42.40330436945195,65.9989065896083,69.2994925300391,70.33842989445276,67.28273176382437,1.0454157857524942,3.055698130628386,2,0.05714285714285714,0
15,10,Pooled,healthy_evaluation,exploratory_cluster,2,22,31.55747032037199,8.412238606002628,29.453129249557026,35.11040578629558,38.1899516815662,61.0203425341469,67.05096295004341,38.333722874345845,1.7491377805862958,28.717240075697568,1,0.045454545454545456,0
15,10,RACE,anomaly_evaluation,exploratory_cluster,0,260,86.02310240980232,98.22298128738267,46.24653177231367,206.23486884106094,356.4527819154833,409.6197155767729,410.581319481026,410.53598752150236,1.0001104214025116,0.04533195952365077,99,0.38076923076923075,0
15,10,RACE,anomaly_evaluation,exploratory_cluster,1,208,90.67401365767007,117.55872143465332,56.74800911494316,285.9346558347928,316.4730944449823,409.69827579398714,1167.0022096015136,410.07681052951693,2.8458137101061802,756.9253990719967,106,0.5096153846153846,0
15,10,RACE,anomaly_evaluation,exploratory_cluster,2,287,87.72519356138974,89.1846567064977,57.50341521139257,190.63990766563626,317.17477071914857,408.9842926983493,410.6523287471458,410.3717572222296,1.0006837008638592,0.2805715249162404,145,0.5052264808362369,0
15,10,RACE,calibration,exploratory_cluster,0,36,29.317750843440454,6.659459976555626,27.180408252813663,39.87553928617699,40.13262452395844,50.75737097798123,56.36749025070987,40.33857804291382,1.3973593761967475,16.028912207796054,0,0.0,1
15,10,RACE,calibration,exploratory_cluster,1,36,28.54007969842908,6.349351939165615,26.56612372979702,39.375621964453536,40.33403614693902,49.533011054441204,54.41312157120947,40.46994866615734,1.3445315194262155,13.94317290505213,0,0.0,0
15,10,RACE,calibration,exploratory_cluster,2,28,26.99992149927354,3.2324038678041247,26.770549565689524,28.5294407074158,32.14756312566355,38.12209481685051,39.82519530551895,33.51741571785806,1.1881940911184306,6.307779587660896,0,0.0,0
15,10,RACE,healthy_evaluation,exploratory_cluster,0,43,27.311929415801906,4.38566234303909,26.301386647163213,29.800252039922015,39.4240074448337,40.56427248804834,40.68788473177667,40.39356986575683,1.0072861811173897,0.2943148660198389,0,0.0,0
15,10,RACE,healthy_evaluation,exploratory_cluster,1,35,28.750728416768,5.77721504239369,27.67490646167523,35.38395367726219,42.61939986598243,46.17321844685777,46.3937387642594,45.745149595431066,1.0141783156151951,0.6485891688283374,0,0.0,0
15,10,RACE,healthy_evaluation,exploratory_cluster,2,22,27.098788964995773,4.230148365093658,26.471192839164377,31.383838766636934,34.06372002978532,40.11925996937868,41.69664465611572,34.185289004986984,1.2197247959504738,7.5113556511287385,0,0.0,0
15,10,SourceOnly,anomaly_evaluation,exploratory_cluster,0,260,108.3283642331576,133.98100073115424,51.78109977722197,255.21014262055988,544.5054242614334,553.6644323134863,614.1332181254023,555.2070271840735,1.1061337268013225,58.926190941328855,102,0.3923076923076923,0
15,10,SourceOnly,anomaly_evaluation,exploratory_cluster,1,208,114.00038071438992,154.9897048728508,66.25249607502616,332.8865921452841,428.42570116465623,552.8825997915571,1484.1011178479648,554.2412373738036,2.6777168816960915,929.8598804741612,119,0.5721153846153846,0
15,10,SourceOnly,anomaly_evaluation,exploratory_cluster,2,287,108.00118884615836,117.26050488185346,66.15043263218294,234.64460545892777,430.1018314496422,551.8999383522621,554.3313911223405,553.46697658449,1.0015618177315382,0.8644145378505073,156,0.5435540069686411,0
15,10,SourceOnly,calibration,exploratory_cluster,0,36,37.09686553401935,5.144512518023959,37.01732591521248,39.21267642051191,40.81407564095892,55.422350369084235,62.880289611075185,41.57189177681542,1.512567432549303,21.308397834259765,0,0.0,1
15,10,SourceOnly,calibration,exploratory_cluster,1,36,36.375118994389744,4.803910439444286,36.85727852836361,38.58255040048632,39.09978692620481,51.91619914282602,58.51449921287333,39.6622132984525,1.47532107632421,18.852285914420833,0,0.0,0
15,10,SourceOnly,calibration,exploratory_cluster,2,28,35.62172219207166,3.5912743281509987,36.0571549689913,39.29048850690245,40.060027645126226,42.924369026929206,43.91186629127825,40.254469015911404,1.0908569250763482,3.657397275366847,0,0.0,0
15,10,SourceOnly,healthy_evaluation,exploratory_cluster,0,43,35.632888794529734,3.4467983487924623,36.691058462315276,39.209009392045104,39.468585548345,40.96113922901294,42.008934249455876,39.51418420078224,1.0631355574999888,2.4947500486736374,0,0.0,0
15,10,SourceOnly,healthy_evaluation,exploratory_cluster,1,35,36.319541270335634,4.76880839195494,36.76931855821464,40.65062759776957,40.794139106400834,47.55301962280017,51.03482439502577,40.79422212377411,1.251030703323146,10.24060227125166,0,0.0,0
15,10,SourceOnly,healthy_evaluation,exploratory_cluster,2,22,35.46258991426946,4.2469076412005125,36.24711412014982,40.38320947255905,41.34096166413052,43.44261590586929,43.99057039074653,41.38126331990255,1.0630552781985516,2.6093070708439754,0,0.0,0
15,10,TargetOnly,anomaly_evaluation,exploratory_cluster,0,260,11240.050722093849,12657.737454223081,378.94967868748944,23846.449094929165,23847.302057675657,47684.45808519055,47686.88888610963,47686.17027431522,1.0000150696059313,0.7186117944074795,116,0.4461538461538462,0
15,10,TargetOnly,anomaly_evaluation,exploratory_cluster,1,208,23640.950170378586,18385.62784389942,23844.29262950852,47686.3200945287,47687.528522096785,69857.27697957045,71531.6499798547,71527.75453909593,1.00005446054869,3.895440758773475,147,0.7067307692307693,0
15,10,TargetOnly,anomaly_evaluation,exploratory_cluster,2,287,18282.889867661357,16986.249610367748,23842.733944414485,47685.911378851146,47686.97353658136,47688.82013029165,71528.90587106127,71526.68154911102,1.0000310977931883,2.224321950256126,167,0.5818815331010453,0
15,10,TargetOnly,calibration,exploratory_cluster,0,36,1853.212791026103,6170.713285644864,34.54468616775611,47.05342657576586,19369.184187226176,23839.743143927866,23840.214746412817,23838.867310741527,1.000056522638166,1.347435671290441,0,0.0,0
15,10,TargetOnly,calibration,exploratory_cluster,1,36,1357.7529315573968,5530.182644482783,34.746509404599294,41.8838825948844,5994.763411427406,23840.408841126682,23840.531533776524,23840.180983348408,1.0000147041848533,0.3505504281165486,0,0.0,1
15,10,TargetOnly,calibration,exploratory_cluster,2,28,886.2386685758039,4498.179949536369,35.46544176343335,43.6329535831549,48.94692178193498,17415.517054070082,23838.278524786627,50.27307768827517,474.1758336857554,23788.005447098352,0,0.0,0
15,10,TargetOnly,healthy_evaluation,exploratory_cluster,0,43,1142.9726780312685,5072.004203681845,35.322863084487665,43.8801883994307,67.08939083020269,23838.863064490746,23839.053037066056,23838.600721410552,1.0000189740858028,0.4523156555042078,0,0.0,0
15,10,TargetOnly,healthy_evaluation,exploratory_cluster,1,35,1905.688430952931,6252.881784433726,35.22989016444032,44.52135352649529,19668.180095525593,23840.329322501922,23840.629520569782,23839.746585076082,1.0000370362784918,0.8829354937006428,1,0.02857142857142857,0
15,10,TargetOnly,healthy_evaluation,exploratory_cluster,2,22,2639.686524259974,7160.311927989095,35.04369711300724,8707.21345373256,23129.66579798054,23839.21368961801,23839.394121084366,23838.534923625528,1.000036042376832,0.8591974588380253,0,0.0,0
15,25,Pooled,anomaly_evaluation,exploratory_cluster,0,260,107.07895962315013,133.02646424436068,51.5506308881947,252.30300139101703,539.4719955805801,549.0295642715779,617.7543369432885,550.5152591373371,1.1221384451928103,67.23907780595141,202,0.7769230769230769,0
15,25,Pooled,anomaly_evaluation,exploratory_cluster,1,208,110.89031435255396,154.59173975888098,60.54088806608601,322.475837521028,423.90628257110774,548.308624860915,1483.1845365897325,549.5459111057496,2.6989274355720245,933.6386254839829,171,0.8221153846153846,0
15,25,Pooled,anomaly_evaluation,exploratory_cluster,2,287,105.59881816793384,116.44214866060057,60.80406447146372,231.48737729836378,425.5498837683386,547.0583642036091,549.601784122437,548.5762762632016,1.001869398848636,1.0255078592354039,251,0.8745644599303136,0
15,25,Pooled,calibration,exploratory_cluster,0,36,28.566583225293513,4.720335734681312,27.004312507130805,37.389938076124665,38.8027463257921,40.87306046718316,41.77331927320459,39.20115125600051,1.0656146040305479,2.572168017204085,0,0.0,1
15,25,Pooled,calibration,exploratory_cluster,1,36,27.970549686253474,4.475534145258245,26.370191657741778,37.67757963870594,38.40691561650162,39.30716970300138,39.762549891140566,38.46146363931432,1.0338283083563236,1.3010862518262485,0,0.0,0
15,25,Pooled,calibration,exploratory_cluster,2,28,27.119817039511528,3.1074233069804813,26.204085763239544,29.506207642378502,32.5214076639133,38.10770474559604,39.62746353263216,33.99872728435021,1.1655572634000593,5.628736248281953,0,0.0,0
15,25,Pooled,healthy_evaluation,exploratory_cluster,0,43,27.308647137521042,3.4908908791384468,26.22131189279328,30.76267455133508,36.631540004594285,37.94486227889673,38.10223229639818,37.727541778537585,1.0099314850689198,0.3746905178605928,0,0.0,0
15,25,Pooled,healthy_evaluation,exploratory_cluster,1,35,28.77298517263406,4.681761237534178,27.800098489628475,33.79158991182298,38.479228393526604,44.730231029293165,46.20610030254269,41.86530832239707,1.103684701106653,4.340791980145617,2,0.05714285714285714,0
15,25,Pooled,healthy_evaluation,exploratory_cluster,2,22,27.728810292442287,3.8903886147782556,26.306514226162324,34.48489318512331,35.81289228407584,38.24255907718787,38.878445718482844,35.85041409326868,1.084462946992367,3.0280316252141617,0,0.0,0
15,25,RACE,anomaly_evaluation,exploratory_cluster,0,260,78.72547332717035,89.56489384444086,39.584066744476644,196.88912995884422,351.417187811158,368.94789964013205,369.8707680581881,369.60210560628695,1.0007268964322062,0.26866245190115023,225,0.8653846153846154,0
15,25,RACE,anomaly_evaluation,exploratory_cluster,1,208,82.31160336875847,109.69857488328022,48.2626952890991,275.7795091705097,289.9804923323545,369.0975403324499,1113.164854063014,369.2809370292256,3.0144119082294143,743.8839170337884,187,0.8990384615384616,0
15,25,RACE,anomaly_evaluation,exploratory_cluster,2,287,80.14168987780006,82.86448102218988,48.66808443468403,181.68914921983568,287.7556804519244,376.21669449542196,378.2240586479012,377.8677313261593,1.0009429948423787,0.35632732174190096,267,0.9303135888501742,0
15,25,RACE,calibration,exploratory_cluster,0,36,24.087587124990293,2.1487956083574877,23.746271438664138,26.660590469396674,27.14319442295215,30.82885592729628,32.68998132482922,27.372480189020845,1.1942644984703006,5.317501135808374,0,0.0,1
15,25,RACE,calibration,exploratory_cluster,1,36,23.593345412963103,1.9211040940827677,23.124682134081063,26.427209215834083,26.93510084594554,28.219016749464604,28.77474064850371,27.186958079820556,1.058402362045119,1.5877825686831528,0,0.0,0
15,25,RACE,calibration,exploratory_cluster,2,28,23.343292228678944,1.7077693165390542,23.122524048828993,25.047173655482418,26.674389848340084,28.05843147259591,28.464924267388756,26.959395397785613,1.0558443113203795,1.5055288696031432,0,0.0,0
15,25,RACE,healthy_evaluation,exploratory_cluster,0,43,23.235247810689632,1.6699291683658266,22.74496490968582,24.912186652853002,26.597420127860442,27.432079159255046,27.532348366861928,27.29361215827411,1.0087469627399774,0.23873620858781663,0,0.0,0
15,25,RACE,healthy_evaluation,exploratory_cluster,1,35,24.514058809919007,2.81523773191882,24.366726194010514,26.107163006577128,28.248746446008592,33.53749633787518,36.10895131860926,28.54584843409736,1.2649458082134966,7.563102884511899,1,0.02857142857142857,0
15,25,RACE,healthy_evaluation,exploratory_cluster,2,22,23.576900101999467,3.015371919816736,22.817932543454255,27.906207493100034,31.21668105241996,31.56134925557425,31.612381929242016,31.369369197490748,1.0077468160172856,0.2430127317512678,0,0.0,0
15,25,SourceOnly,anomaly_evaluation,exploratory_cluster,0,260,108.3283642331576,133.98100073115424,51.78109977722197,255.21014262055988,544.5054242614334,553.6644323134863,614.1332181254023,555.2070271840735,1.1061337268013225,58.926190941328855,102,0.3923076923076923,0
15,25,SourceOnly,anomaly_evaluation,exploratory_cluster,1,208,114.00038071438992,154.9897048728508,66.25249607502616,332.8865921452841,428.42570116465623,552.8825997915571,1484.1011178479648,554.2412373738036,2.6777168816960915,929.8598804741612,119,0.5721153846153846,0
15,25,SourceOnly,anomaly_evaluation,exploratory_cluster,2,287,108.00118884615836,117.26050488185346,66.15043263218294,234.64460545892777,430.1018314496422,551.8999383522621,554.3313911223405,553.46697658449,1.0015618177315382,0.8644145378505073,156,0.5435540069686411,0
15,25,SourceOnly,calibration,exploratory_cluster,0,36,37.09686553401935,5.144512518023959,37.01732591521248,39.21267642051191,40.81407564095892,55.422350369084235,62.880289611075185,41.57189177681542,1.512567432549303,21.308397834259765,0,0.0,1
15,25,SourceOnly,calibration,exploratory_cluster,1,36,36.375118994389744,4.803910439444286,36.85727852836361,38.58255040048632,39.09978692620481,51.91619914282602,58.51449921287333,39.6622132984525,1.47532107632421,18.852285914420833,0,0.0,0
15,25,SourceOnly,calibration,exploratory_cluster,2,28,35.62172219207166,3.5912743281509987,36.0571549689913,39.29048850690245,40.060027645126226,42.924369026929206,43.91186629127825,40.254469015911404,1.0908569250763482,3.657397275366847,0,0.0,0
15,25,SourceOnly,healthy_evaluation,exploratory_cluster,0,43,35.632888794529734,3.4467983487924623,36.691058462315276,39.209009392045104,39.468585548345,40.96113922901294,42.008934249455876,39.51418420078224,1.0631355574999888,2.4947500486736374,0,0.0,0
15,25,SourceOnly,healthy_evaluation,exploratory_cluster,1,35,36.319541270335634,4.76880839195494,36.76931855821464,40.65062759776957,40.794139106400834,47.55301962280017,51.03482439502577,40.79422212377411,1.251030703323146,10.24060227125166,0,0.0,0
15,25,SourceOnly,healthy_evaluation,exploratory_cluster,2,22,35.46258991426946,4.2469076412005125,36.24711412014982,40.38320947255905,41.34096166413052,43.44261590586929,43.99057039074653,41.38126331990255,1.0630552781985516,2.6093070708439754,0,0.0,0
15,25,TargetOnly,anomaly_evaluation,exploratory_cluster,0,260,196.53177118921445,85.12407855465881,161.57669620477037,302.0463201213992,475.52972056201367,482.147902183307,538.9514623541797,482.6721071040721,1.1165995598705125,56.27935525010764,260,1.0,0
15,25,TargetOnly,anomaly_evaluation,exploratory_cluster,1,208,196.35812490559718,105.19688277909395,166.688478568478,288.78341330362275,412.03946538101775,481.9600301648527,1253.076060828846,482.7698510380682,2.595597173548512,770.3062097907778,208,1.0,0
15,25,TargetOnly,anomaly_evaluation,exploratory_cluster,2,287,445.7883084015253,2190.139016421891,166.65734593046878,334.48107646664863,481.50180719016385,10402.459072444499,27386.886164138406,20929.353262619985,1.3085395339497488,6457.532901518422,287,1.0,0
15,25,TargetOnly,calibration,exploratory_cluster,0,36,31.133156229064443,2.664062040798199,30.556910509977655,34.92146617095179,36.015437693040276,37.461173246713884,38.019103822963324,36.42501646225064,1.043763531647672,1.5940873607126846,0,0.0,0
15,25,TargetOnly,calibration,exploratory_cluster,1,36,30.756283742092975,2.3910903301939506,30.981959016736546,33.62734275790774,34.1903700768183,34.87046380115746,35.012866274087585,34.60600206571581,1.011757041671533,0.40686420837177195,0,0.0,0
15,25,TargetOnly,calibration,exploratory_cluster,2,28,30.976872938119623,3.682627794442223,30.484591736773474,34.98254798708964,37.52095716224035,41.003355056773756,42.00579005575099,38.29306783731678,1.0969554655220428,3.712722218434216,0,0.0,1
15,25,TargetOnly,healthy_evaluation,exploratory_cluster,0,43,31.99967553205137,6.401495337922759,31.133357522854396,34.38076547509128,36.57624892406304,56.5714839966648,69.48479037160968,38.73882281221725,1.7936732540488018,30.745967559392426,1,0.023255813953488372,0
15,25,TargetOnly,healthy_evaluation,exploratory_cluster,1,35,31.803625122798824,2.781038669403358,31.43569939535868,35.05289843978639,37.02312140804671,39.41228269186725,39.72318116821096,38.808773884847106,1.0235618699543838,0.9144072833638504,0,0.0,0
15,25,TargetOnly,healthy_evaluation,exploratory_cluster,2,22,593.0048626450676,2621.2825359702947,29.40026418444905,31.6950594218746,124.36585850955873,9766.784195969685,12328.662384079793,129.24244069837349,95.39174838745481,12199.41994338142,2,0.09090909090909091,0
15,50,Pooled,anomaly_evaluation,exploratory_cluster,0,260,105.80339511761775,133.40729983421355,49.79852479856481,250.53039980157854,540.006056631941,548.804540070974,627.2599340516012,550.0672648890126,1.140333144853046,77.19266916258869,191,0.7346153846153847,0
15,50,Pooled,anomaly_evaluation,exploratory_cluster,1,208,109.98509991460286,154.14361004213364,59.68318473646917,320.9624160151408,424.0618792749202,547.9953274900392,1469.7808594106998,549.2746660552615,2.6758577270025192,920.5061933554383,173,0.8317307692307693,0
15,50,Pooled,anomaly_evaluation,exploratory_cluster,2,287,104.35508953268578,116.52832173052104,59.97192080229844,229.7943144299079,425.66749508654794,546.8457465824225,549.228572665245,548.0226115740211,1.002200568125757,1.2059610912239123,244,0.8501742160278746,0
15,50,Pooled,calibration,exploratory_cluster,0,36,26.537571259960597,3.3714335846808665,25.61864738059095,30.08015845851752,31.8482842127546,37.98976546623582,41.23152566249698,31.969353673179437,1.2897203391724494,9.26217198931754,0,0.0,1
15,50,Pooled,calibration,exploratory_cluster,1,36,26.148673291252578,3.2047384924458915,25.23608965787019,30.492121786386512,32.03707602535661,36.12588666536337,38.179619096717545,32.311812149991354,1.181599438604305,5.867806946726191,0,0.0,0
15,50,Pooled,calibration,exploratory_cluster,2,28,25.833493008183787,2.2784452158920536,25.26903603583921,27.8867236110559,31.100715202522593,32.89664485465936,32.99489234035388,32.631012763707496,1.0111513418011682,0.36387957664638293,0,0.0,0
15,50,Pooled,healthy_evaluation,exploratory_cluster,0,43,25.572736196314846,2.044318891768082,25.080873581067127,27.68414069294825,30.21225207087373,30.744199962230578,30.793801672772037,30.67570236195904,1.0038499301310033,0.11809931081299752,0,0.0,0
15,50,Pooled,healthy_evaluation,exploratory_cluster,1,35,27.122641408571116,3.3458927943176597,26.572216712023057,29.280401785557263,34.564252042784254,38.14445747758293,39.88309764132653,34.76945010090424,1.1470730059170335,5.113647540422292,0,0.0,0
15,50,Pooled,healthy_evaluation,exploratory_cluster,2,22,26.450297794181004,3.460254236240811,25.307472638062144,32.222490137895264,34.86612731060605,35.127967397967616,35.16720070807407,34.98037542185286,1.0053408599527063,0.18682528622120742,0,0.0,0
15,50,RACE,anomaly_evaluation,exploratory_cluster,0,260,81.98099458600501,93.47793621628527,40.88549096939309,207.52154176548544,372.6177971473582,383.68401039573814,384.60961857278727,383.9871574790534,1.001621046645988,0.6224610937338753,237,0.9115384615384615,0
15,50,RACE,anomaly_evaluation,exploratory_cluster,1,208,86.02145522141458,114.37359008683613,50.77613933022825,292.8345559680381,303.0023825996568,383.6633746610383,1161.7339128224587,383.8878314655684,3.026232710704342,777.8460813568903,197,0.9471153846153846,0
15,50,RACE,anomaly_evaluation,exploratory_cluster,2,287,83.72971990414287,86.74281756597819,50.35505772107647,191.0616751019828,299.46294052649336,394.719490581741,396.4526725210729,396.18681893918665,1.0006710308601332,0.2658535818862333,277,0.9651567944250871,0
15,50,RACE,calibration,exploratory_cluster,0,36,23.407474091906174,2.0987852644213647,23.168749280320192,25.161835509940964,25.27831026792431,30.429519551519423,33.200200459626814,25.283969293605725,1.313092895901558,7.916231166021088,0,0.0,1
15,50,RACE,calibration,exploratory_cluster,1,36,23.049029285346464,1.830576737542581,22.625711129804934,24.606379543137287,25.311030796952803,28.472764294564158,29.77064905465176,26.06240688297291,1.1422831816082772,3.708242171678851,0,0.0,0
15,50,RACE,calibration,exploratory_cluster,2,28,23.108770953199258,1.5969246378160165,22.80134889433361,24.693500859810072,25.45653428303407,27.71767908586055,28.54577305333111,25.47875835899569,1.1203753593923684,3.0670146943354197,0,0.0,0
15,50,RACE,healthy_evaluation,exploratory_cluster,0,43,22.691692390347267,1.4271736826579906,22.431018627212183,24.396553491064076,25.02951187594681,26.679204616867086,27.596698470197907,25.412189295600726,1.0859630451035305,2.1845091745971814,0,0.0,0
15,50,RACE,healthy_evaluation,exploratory_cluster,1,35,24.124431080339384,2.5871063749466927,23.72955520632028,26.265465968807955,26.982884833352387,32.700144078205724,35.11079492524899,28.02064537512182,1.2530330567054737,7.090149550127169,1,0.02857142857142857,0
15,50,RACE,healthy_evaluation,exploratory_cluster,2,22,23.485880571267504,3.3731284799164896,22.476593120204903,26.575412541183105,31.790695495686197,33.575046735860646,33.97997660756359,32.05173912326384,1.0601601515875372,1.9282374842997498,1,0.045454545454545456,0
15,50,SourceOnly,anomaly_evaluation,exploratory_cluster,0,260,108.3283642331576,133.98100073115424,51.78109977722197,255.21014262055988,544.5054242614334,553.6644323134863,614.1332181254023,555.2070271840735,1.1061337268013225,58.926190941328855,102,0.3923076923076923,0
15,50,SourceOnly,anomaly_evaluation,exploratory_cluster,1,208,114.00038071438992,154.9897048728508,66.25249607502616,332.8865921452841,428.42570116465623,552.8825997915571,1484.1011178479648,554.2412373738036,2.6777168816960915,929.8598804741612,119,0.5721153846153846,0
15,50,SourceOnly,anomaly_evaluation,exploratory_cluster,2,287,108.00118884615836,117.26050488185346,66.15043263218294,234.64460545892777,430.1018314496422,551.8999383522621,554.3313911223405,553.46697658449,1.0015618177315382,0.8644145378505073,156,0.5435540069686411,0
15,50,SourceOnly,calibration,exploratory_cluster,0,36,37.09686553401935,5.144512518023959,37.01732591521248,39.21267642051191,40.81407564095892,55.422350369084235,62.880289611075185,41.57189177681542,1.512567432549303,21.308397834259765,0,0.0,1
15,50,SourceOnly,calibration,exploratory_cluster,1,36,36.375118994389744,4.803910439444286,36.85727852836361,38.58255040048632,39.09978692620481,51.91619914282602,58.51449921287333,39.6622132984525,1.47532107632421,18.852285914420833,0,0.0,0
15,50,SourceOnly,calibration,exploratory_cluster,2,28,35.62172219207166,3.5912743281509987,36.0571549689913,39.29048850690245,40.060027645126226,42.924369026929206,43.91186629127825,40.254469015911404,1.0908569250763482,3.657397275366847,0,0.0,0
15,50,SourceOnly,healthy_evaluation,exploratory_cluster,0,43,35.632888794529734,3.4467983487924623,36.691058462315276,39.209009392045104,39.468585548345,40.96113922901294,42.008934249455876,39.51418420078224,1.0631355574999888,2.4947500486736374,0,0.0,0
15,50,SourceOnly,healthy_evaluation,exploratory_cluster,1,35,36.319541270335634,4.76880839195494,36.76931855821464,40.65062759776957,40.794139106400834,47.55301962280017,51.03482439502577,40.79422212377411,1.251030703323146,10.24060227125166,0,0.0,0
15,50,SourceOnly,healthy_evaluation,exploratory_cluster,2,22,35.46258991426946,4.2469076412005125,36.24711412014982,40.38320947255905,41.34096166413052,43.44261590586929,43.99057039074653,41.38126331990255,1.0630552781985516,2.6093070708439754,0,0.0,0
15,50,TargetOnly,anomaly_evaluation,exploratory_cluster,0,260,238.18660459223756,111.74097132510906,194.69492407959385,347.8019604985161,623.9651416992363,629.8133753371516,681.9689995872036,630.0945989648828,1.0823279563220187,51.87440062232076,260,1.0,0
15,50,TargetOnly,anomaly_evaluation,exploratory_cluster,1,208,236.1144682517332,125.75140604688406,197.5533875214913,344.2266399397733,489.520063516254,630.2624060645771,1365.1742123745128,631.3822489380093,2.162199229817988,733.7919634365035,208,1.0,0
15,50,TargetOnly,anomaly_evaluation,exploratory_cluster,2,287,488.35560761677516,2226.0753699819847,198.84369575678807,375.18548754188834,587.6921998240975,10587.563542725607,27876.091549981065,21302.405198751432,1.3085889264567612,6573.686351229633,287,1.0,0
15,50,TargetOnly,calibration,exploratory_cluster,0,36,31.723804382773988,1.9879933010555686,31.431908243858633,34.683982800294075,34.88773833480492,35.312354674124286,35.378038793098,35.19036988174452,1.0053329621707339,0.18766891135347663,0,0.0,0
15,50,TargetOnly,calibration,exploratory_cluster,1,36,31.805579536546613,2.385245643135538,31.65057122136701,34.484685327311574,35.60573400197947,36.322833904490665,36.36993117703096,36.23536754120153,1.003713599308091,0.13456363582942998,0,0.0,0
15,50,TargetOnly,calibration,exploratory_cluster,2,28,32.471606077481816,3.043713971741904,32.46456514438567,34.945426188719836,35.97036779463356,40.713755864711615,42.32289571695416,36.3631184864262,1.1638962079875699,5.959777230527955,0,0.0,1
15,50,TargetOnly,healthy_evaluation,exploratory_cluster,0,43,32.14013519677398,4.794523600664437,31.71019669942449,33.48602004374709,33.944424766221786,49.93572619572654,60.87344302797192,34.83126009405444,1.747666976836212,26.04218293391748,1,0.023255813953488372,0
15,50,TargetOnly,healthy_evaluation,exploratory_cluster,1,35,33.203669773378955,3.3796208901025415,33.03650242080552,36.153334040771234,37.449865397762444,43.79403633395327,46.16608418588527,39.18947285667359,1.1780225866963563,6.9766113292116785,1,0.02857142857142857,0
15,50,TargetOnly,healthy_evaluation,exploratory_cluster,2,22,603.7040937379637,2668.232264782887,30.992592602170113,34.5419040299324,103.46659601867098,9936.777981834375,12549.732350405971,107.0925000650877,117.18591257817876,12442.639850340884,2,0.09090909090909091,0
15,100,Pooled,anomaly_evaluation,exploratory_cluster,0,260,104.85996374922807,132.73585109544658,49.057128909479914,247.7024240094238,536.4622097908051,545.0654697525968,646.1507768198434,546.1218142677677,1.1831623640344655,100.02896255207565,186,0.7153846153846154,0
15,100,Pooled,anomaly_evaluation,exploratory_cluster,1,208,109.19822093768606,153.48318487537003,59.11423855540146,320.84034810074945,421.3116246724856,543.7255680400152,1469.8104518515997,545.3502194235848,2.695167984722066,924.4602324280149,169,0.8125,0
15,100,Pooled,anomaly_evaluation,exploratory_cluster,2,287,103.28057624347171,115.40036493648303,59.43203321485665,227.38650713147786,422.9986088725394,543.2780108585401,545.2038375069485,544.3320515976392,1.0016015700467216,0.8717859093093239,241,0.8397212543554007,0
15,100,Pooled,calibration,exploratory_cluster,0,36,25.461051475198236,3.2760564159245145,24.446553256898973,28.208625477965217,28.961449738864175,36.920405843528634,41.16414862285225,29.03916925335625,1.4175387823153598,12.124979369496003,0,0.0,1
15,100,Pooled,calibration,exploratory_cluster,1,36,25.163557512603347,3.017727895489673,24.57881041866914,28.158423895301162,29.017172032887682,35.653963799576,38.619098026913406,30.14728594880656,1.2810140883823813,8.471812078106847,0,0.0,0
15,100,Pooled,calibration,exploratory_cluster,2,28,24.842619946214832,2.0233645990835685,24.416005253574653,26.40623903822314,28.665802077194982,31.25276176526406,31.929756668784545,29.42236813722719,1.0852204866672455,2.507388531557357,0,0.0,0
15,100,Pooled,healthy_evaluation,exploratory_cluster,0,43,24.601621690630658,1.8076579566282949,24.06219708266901,26.616568990501552,28.623379188742817,29.274759108030864,29.406906766092703,29.09226948499309,1.0108151507829912,0.3146372810996141,0,0.0,0
15,100,Pooled,healthy_evaluation,exploratory_cluster,1,35,26.102146931455326,3.01624252487781,25.67134812439861,27.635878693644138,32.19516485699768,36.55476856222866,37.7346582575617,34.26439444775868,1.1012790059691253,3.470263809803015,0,0.0,0
15,100,Pooled,healthy_evaluation,exploratory_cluster,2,22,25.471034528641987,3.416303887267079,24.873995594399467,30.45133238039389,33.99024055389178,34.58141393200907,34.69519411826702,34.15338370751489,1.0158640331333528,0.5418104107521273,0,0.0,0
15,100,RACE,anomaly_evaluation,exploratory_cluster,0,260,88.47370972122145,100.5924788981238,44.19004229888716,222.02136764601514,409.16576638127583,413.8937854285408,414.8122824198948,414.02034383130285,1.0019128011470728,0.791938588591961,245,0.9423076923076923,0
15,100,RACE,anomaly_evaluation,exploratory_cluster,1,208,92.93073043072621,123.5274061967582,54.47049033672119,309.65421491877055,327.0498543882357,413.32752299973953,1265.5587848301006,414.20542313147155,3.055389220310628,851.3533616986291,201,0.9663461538461539,0
15,100,RACE,anomaly_evaluation,exploratory_cluster,2,287,90.18730700853303,92.93152197529722,54.510177816340644,205.51324801209392,321.5069000109905,417.8144286242244,418.9290630667315,418.8757850230304,1.000127192942648,0.05327804370108424,281,0.9790940766550522,0
15,100,RACE,calibration,exploratory_cluster,0,36,23.973436036919846,2.3588539081449182,23.842600387351382,25.633944654666315,25.83677172270682,32.11376331725609,35.466419848028096,25.887401188679544,1.3700262760843456,9.579018659348552,0,0.0,1
15,100,RACE,calibration,exploratory_cluster,1,36,23.651935086335893,2.0127744400066003,23.69390963776829,25.09037685835674,25.693943256536215,30.22138924083658,32.39445251396415,26.185700305028266,1.2371046844885663,6.208752208935881,0,0.0,0
15,100,RACE,calibration,exploratory_cluster,2,28,23.65597894539055,1.5278952411296596,23.342570613024254,25.450549553023293,25.9347662728755,27.767870935326762,28.3549061612716,26.18070162073516,1.0830460761530725,2.17420454053644,0,0.0,0
15,100,RACE,healthy_evaluation,exploratory_cluster,0,43,23.257226732491876,1.4669167922599715,23.13218487457568,24.664173959027533,25.49277109887266,27.622342883250177,28.905171488131007,25.85081766698618,1.1181530836080869,3.054353821144826,0,0.0,0
15,100,RACE,healthy_evaluation,exploratory_cluster,1,35,24.71666541160263,2.455132912233676,24.543209537602944,26.547312842541942,27.418370302553747,33.11131444740168,35.26556881643172,28.929526554578743,1.2190164519249678,6.336042261852974,0,0.0,0
15,100,RACE,healthy_evaluation,exploratory_cluster,2,22,24.216184617627224,4.062598187612397,23.25570733578821,27.11827494256101,33.208890342547754,37.07943412479617,38.02643258741369,33.51691609875888,1.1345444931558544,4.5095164886548105,1,0.045454545454545456,0
15,100,SourceOnly,anomaly_evaluation,exploratory_cluster,0,260,108.3283642331576,133.98100073115424,51.78109977722197,255.21014262055988,544.5054242614334,553.6644323134863,614.1332181254023,555.2070271840735,1.1061337268013225,58.926190941328855,102,0.3923076923076923,0
15,100,SourceOnly,anomaly_evaluation,exploratory_cluster,1,208,114.00038071438992,154.9897048728508,66.25249607502616,332.8865921452841,428.42570116465623,552.8825997915571,1484.1011178479648,554.2412373738036,2.6777168816960915,929.8598804741612,119,0.5721153846153846,0
15,100,SourceOnly,anomaly_evaluation,exploratory_cluster,2,287,108.00118884615836,117.26050488185346,66.15043263218294,234.64460545892777,430.1018314496422,551.8999383522621,554.3313911223405,553.46697658449,1.0015618177315382,0.8644145378505073,156,0.5435540069686411,0
15,100,SourceOnly,calibration,exploratory_cluster,0,36,37.09686553401935,5.144512518023959,37.01732591521248,39.21267642051191,40.81407564095892,55.422350369084235,62.880289611075185,41.57189177681542,1.512567432549303,21.308397834259765,0,0.0,1
15,100,SourceOnly,calibration,exploratory_cluster,1,36,36.375118994389744,4.803910439444286,36.85727852836361,38.58255040048632,39.09978692620481,51.91619914282602,58.51449921287333,39.6622132984525,1.47532107632421,18.852285914420833,0,0.0,0
15,100,SourceOnly,calibration,exploratory_cluster,2,28,35.62172219207166,3.5912743281509987,36.0571549689913,39.29048850690245,40.060027645126226,42.924369026929206,43.91186629127825,40.254469015911404,1.0908569250763482,3.657397275366847,0,0.0,0
15,100,SourceOnly,healthy_evaluation,exploratory_cluster,0,43,35.632888794529734,3.4467983487924623,36.691058462315276,39.209009392045104,39.468585548345,40.96113922901294,42.008934249455876,39.51418420078224,1.0631355574999888,2.4947500486736374,0,0.0,0
15,100,SourceOnly,healthy_evaluation,exploratory_cluster,1,35,36.319541270335634,4.76880839195494,36.76931855821464,40.65062759776957,40.794139106400834,47.55301962280017,51.03482439502577,40.79422212377411,1.251030703323146,10.24060227125166,0,0.0,0
15,100,SourceOnly,healthy_evaluation,exploratory_cluster,2,22,35.46258991426946,4.2469076412005125,36.24711412014982,40.38320947255905,41.34096166413052,43.44261590586929,43.99057039074653,41.38126331990255,1.0630552781985516,2.6093070708439754,0,0.0,0
15,100,TargetOnly,anomaly_evaluation,exploratory_cluster,0,260,298.9977538459453,134.23723395572276,248.0421249854521,417.26977300134166,758.646789442672,783.8259170482343,784.7526132744078,784.6159925944271,1.0001741242611293,0.13662067998075145,260,1.0,0
15,100,TargetOnly,anomaly_evaluation,exploratory_cluster,1,208,295.5169378716769,148.51134818958982,249.04404240685363,414.82242191030724,569.1886785956052,784.4291058207675,1594.2519967178553,784.5605231956317,2.0320318822877166,809.6914735222235,208,1.0,0
15,100,TargetOnly,anomaly_evaluation,exploratory_cluster,2,287,593.2764712074824,2654.8564713496958,250.80335171396348,416.60451147744675,647.939917381317,12637.65649532715,33259.304845193714,25415.521632996348,1.3086217676529595,7843.783212197366,287,1.0,0
15,100,TargetOnly,calibration,exploratory_cluster,0,36,33.218094592560675,2.0072011949536033,33.53898091716505,34.95934005947325,35.620968991091054,38.331060223330354,39.42219774811854,36.30466196300945,1.0858715001474335,3.117535785109091,0,0.0,1
15,100,TargetOnly,calibration,exploratory_cluster,1,36,33.00205725592701,2.081364447094403,32.95007233781173,35.395896113260925,36.23411728015765,36.3762477372978,36.44146385136684,36.255132096883884,1.005139458711253,0.18633175448295702,0,0.0,0
15,100,TargetOnly,calibration,exploratory_cluster,2,28,33.43839016370451,2.402938413715349,33.5256600219667,36.03680765526871,37.49006589524177,38.79068219228055,39.01921284801989,38.17280301194826,1.0221731119877862,0.8464098360716292,0,0.0,0
15,100,TargetOnly,healthy_evaluation,exploratory_cluster,0,43,33.22799703949959,5.161960585236623,32.53962255342091,34.73816669107388,35.35246134578811,52.062250609586336,64.04286501863345,35.51759261614043,1.803130795231041,28.525272402493016,1,0.023255813953488372,0
15,100,TargetOnly,healthy_evaluation,exploratory_cluster,1,35,34.32736707671889,2.8868368256896733,34.62034890735695,37.83422690772614,38.697797481404905,41.9892927142739,43.44678060804482,39.16005150871864,1.1094668912366414,4.28672909932618,1,0.02857142857142857,0
15,100,TargetOnly,healthy_evaluation,exploratory_cluster,2,22,715.0461501903251,3183.9660732920656,32.087200585508754,38.63359395228297,112.94177265862413,11850.926460055483,14970.113938818391,116.84023042365389,128.12465265206927,14853.273708394738,2,0.09090909090909091,0
16,10,Pooled,anomaly_evaluation,exploratory_cluster,0,260,111.2368742056168,132.3850555243078,60.37747086004005,254.33192992174105,537.9629551018961,550.6878059896821,612.7828121744686,552.1644845574245,1.109783097813021,60.61832761704409,127,0.48846153846153845,0
16,10,Pooled,anomaly_evaluation,exploratory_cluster,1,208,114.82149194434709,153.74975228014114,67.3931712303171,330.55724546030206,423.3569753830055,549.8506024781565,1475.6989278097863,551.3953444301129,2.6762992156471226,924.3035833796733,120,0.5769230769230769,0
16,10,Pooled,anomaly_evaluation,exploratory_cluster,2,287,110.16291841102172,115.6337509234897,68.94116412643523,233.6036234655802,424.9937848716171,549.1035495601213,551.3617426097767,550.5743236583813,1.0014301773939678,0.7874189513953525,180,0.627177700348432,0
16,10,Pooled,calibration,exploratory_cluster,0,43,32.1853589401518,10.934148394717932,28.62364710473684,55.04268498917241,61.67625155174529,62.10625399744458,62.124253984244554,62.08139687281605,1.00069033742131,0.04285711142850346,0,0.0,0
16,10,Pooled,calibration,exploratory_cluster,1,31,31.328110355075527,8.16330770776697,29.746897079406313,33.062825082873466,46.70948700261833,61.21451307643744,61.79689481730668,59.85562234774255,1.0324325834971013,1.941272469564126,0,0.0,0
16,10,Pooled,calibration,exploratory_cluster,2,26,32.68631165484233,11.21522120104825,28.66863120962242,49.851138305141674,62.01532672378363,62.773525445995425,63.01454515461108,62.05046632014847,1.0155370119136327,0.9640788344626046,0,0.0,1
16,10,Pooled,healthy_evaluation,exploratory_cluster,0,44,32.18635687262754,9.503004269892081,29.40731708008407,33.34759017411029,61.07782687249258,62.504265588105966,62.695707219300196,62.25049412349966,1.0071519608329096,0.4452130958005398,0,0.0,0
16,10,Pooled,healthy_evaluation,exploratory_cluster,1,27,32.02406882534161,9.734022314596698,29.109330533546846,39.45764382734203,57.931923150882504,62.56848786277155,62.95040840790163,61.48148323432442,1.023892155756534,1.4689251735772046,0,0.0,0
16,10,Pooled,healthy_evaluation,exploratory_cluster,2,29,29.865123098161533,6.588954910023349,27.917078282331005,32.09159439383737,34.539668108000264,54.817403777279424,62.35274674001755,35.4408075873815,1.7593489252828962,26.91193915263605,0,0.0,0
16,10,RACE,anomaly_evaluation,exploratory_cluster,0,260,84.39533050037511,95.74729947714357,45.14016238754522,203.94940291628947,354.182943121564,398.5559276462181,399.52501707045093,399.29517876085316,1.0005756100294299,0.22983830959776697,95,0.36538461538461536,0
16,10,RACE,anomaly_evaluation,exploratory_cluster,1,208,89.53325614955004,114.6065356669287,56.698842224794674,286.6189396031654,309.74833272081486,398.3441285741467,1139.2065133512658,399.1900695135714,2.853794721746042,740.0164438376944,106,0.5096153846153846,0
16,10,RACE,anomaly_evaluation,exploratory_cluster,2,287,86.46060374492338,87.02782650798213,57.2977951985021,187.7227109351759,308.1627613500285,397.9858848819348,399.5685892323497,399.21108279355934,1.000895532349174,0.3575064387903808,145,0.5052264808362369,0
16,10,RACE,calibration,exploratory_cluster,0,43,29.062915419976076,3.8361484914347437,28.31450876369783,36.26854789549414,38.52125878090289,38.72286161913021,38.775047079747786,38.650795983039266,1.0032147099056652,0.12425109670851953,0,0.0,0
16,10,RACE,calibration,exploratory_cluster,1,31,29.190196040592937,5.936297650424302,28.503158259956926,31.838803513925928,35.137327589701215,51.08191033785677,56.58060713820168,38.25161780371869,1.4791689969437347,18.32898933448299,0,0.0,1
16,10,RACE,calibration,exploratory_cluster,2,26,28.600638980728654,4.598923495844291,27.2923933148971,36.925508108946815,38.9494925019154,39.377690799627715,39.482503678276956,39.063252163680005,1.0107326321126626,0.41925151459695087,0,0.0,0
16,10,RACE,healthy_evaluation,exploratory_cluster,0,44,29.782699855847223,5.348667466827259,28.75650963571217,31.275515762411523,38.869395654397344,49.28753938243686,56.90824984627188,39.18566737223695,1.4522720592119194,17.72258247403493,1,0.022727272727272728,0
16,10,RACE,healthy_evaluation,exploratory_cluster,1,27,28.9106606371398,5.264434091547649,27.65059614382768,34.224777443976556,39.02632942013069,45.47749584051493,47.582524614438874,39.48626009934683,1.205040044175416,8.096264515092045,0,0.0,0
16,10,RACE,healthy_evaluation,exploratory_cluster,2,29,28.14491290071156,2.787075096863726,27.760733347618302,30.059681023122263,31.22721791258682,37.03773389144493,39.02450763033122,31.928887134308784,1.2222320015782175,7.095620496022438,0,0.0,0
16,10,SourceOnly,anomaly_evaluation,exploratory_cluster,0,260,108.3283642331576,133.98100073115424,51.78109977722197,255.21014262055988,544.5054242614334,553.6644323134863,614.1332181254023,555.2070271840735,1.1061337268013225,58.926190941328855,103,0.39615384615384613,0
16,10,SourceOnly,anomaly_evaluation,exploratory_cluster,1,208,114.00038071438993,154.9897048728508,66.25249607502616,332.8865921452841,428.42570116465623,552.8825997915571,1484.1011178479648,554.2412373738036,2.6777168816960915,929.8598804741612,123,0.5913461538461539,0
16,10,SourceOnly,anomaly_evaluation,exploratory_cluster,2,287,108.00118884615836,117.26050488185346,66.15043263218294,234.64460545892777,430.1018314496422,551.8999383522621,554.3313911223405,553.46697658449,1.0015618177315382,0.8644145378505073,158,0.5505226480836237,0
16,10,SourceOnly,calibration,exploratory_cluster,0,43,36.034345266581084,3.2673358633350222,36.87589655533594,38.699739280245026,40.58012704103055,41.561894414241465,41.57189177681542,41.54808853259172,1.0005729082868644,0.02380324422369995,0,0.0,0
16,10,SourceOnly,calibration,exploratory_cluster,1,31,36.418730627015506,5.971148724541088,36.569840955496865,39.5423716361374,40.59639598392785,55.61238052994836,61.968002022180706,40.78259704807294,1.519471698899784,21.18540497410777,0,0.0,1
16,10,SourceOnly,calibration,exploratory_cluster,2,26,35.338924922783626,4.134964368219479,35.81883601883855,39.818090636025424,43.27921554843432,43.97089436587946,43.99057039074653,43.91186629127825,1.0017923196191711,0.0787040994682755,0,0.0,0
16,10,SourceOnly,healthy_evaluation,exploratory_cluster,0,44,36.82121314323503,5.216650526911701,36.812971796725535,39.4274265212851,41.00939337010964,53.905606805578884,62.880289611075185,42.008934249455876,1.4968313463436564,20.871355361619308,1,0.022727272727272728,0
16,10,SourceOnly,healthy_evaluation,exploratory_cluster,1,27,35.674916183041034,4.713344318533828,35.658701590921154,39.95592428277942,41.798682820886896,48.745353206285074,51.03482439502577,42.22916597679238,1.208520775027209,8.805658418233392,0,0.0,0
16,10,SourceOnly,healthy_evaluation,exploratory_cluster,2,29,35.606493524108835,2.9490401727799114,36.268617781206615,38.356087787201275,39.30883340027474,40.36962165039772,40.57523020446192,39.84091393994693,1.0184312103287048,0.7343162645149874,0,0.0,0
16,10,TargetOnly,anomaly_evaluation,exploratory_cluster,0,260,177.86013841785189,84.2578221969381,146.8439961409399,244.91685788777633,465.7693462326183,469.4295007071365,669.2715949613696,470.9042399203377,1.421247757451896,198.36735504103189,260,1.0,0
16,10,TargetOnly,anomaly_evaluation,exploratory_cluster,1,208,178.20242466208225,92.49155335114882,151.60359037695156,243.83913241756682,338.4386840125313,469.23073393944077,1031.827889175051,469.32305451007994,2.198545073077994,562.5048346649711,208,1.0,0
16,10,TargetOnly,anomaly_evaluation,exploratory_cluster,2,287,357.9558949425186,1615.2712745874605,152.6409822424992,245.59142513035684,395.916336932393,7683.709790780093,20236.78916565782,15462.78408101211,1.3087416250290957,4774.005084645711,287,1.0,0
16,10,TargetOnly,calibration,exploratory_cluster,0,43,37.91361581266478,6.942102049116053,36.1352723492067,45.21839775952012,50.71665158452137,54.44900666265027,56.970036713771165,50.96758421110239,1.117770002160731,6.002452502668774,0,0.0,0
16,10,TargetOnly,calibration,exploratory_cluster,1,31,29.822494072727768,2.694465669926961,29.882157205898746,33.163025136185894,34.35004246196415,34.957717710792416,35.05479641082007,34.73120074406124,1.0093171459617376,0.3235956667588269,0,0.0,0
16,10,TargetOnly,calibration,exploratory_cluster,2,26,32.29889694145915,15.14014316916029,29.26220399047061,33.97884822989156,34.604246076460164,87.64301585266205,105.31650239268049,34.62255623260675,3.0418465258638463,70.69394616007375,0,0.0,1
16,10,TargetOnly,healthy_evaluation,exploratory_cluster,0,44,38.77726466890865,7.426547110472983,37.953874383761345,47.59609923715355,48.03942204585481,59.09405757296369,67.3567045698792,48.141246437517545,1.3991474993756419,19.215458132361654,0,0.0,0
16,10,TargetOnly,healthy_evaluation,exploratory_cluster,1,27,30.603958052862755,4.650515217827872,30.265317962984863,34.93373602264227,36.546580236237695,45.46485474136837,48.3788164202528,37.17127150146661,1.3015109375083922,11.207544918786184,0,0.0,0
16,10,TargetOnly,healthy_evaluation,exploratory_cluster,2,29,341.9423887944924,1686.7005983324973,28.25916379779397,32.93241990598446,33.13719245009955,6569.847346816661,9111.881848926942,33.187198533119684,274.560139200469,9078.694650393822,1,0.034482758620689655,0
16,25,Pooled,anomaly_evaluation,exploratory_cluster,0,260,106.50391580458064,132.67589028405675,50.60351617664602,253.6097679363821,535.3395846910463,545.9752552443152,619.530851891865,547.3027024761483,1.1319711177908252,72.22814941571676,205,0.7884615384615384,0
16,25,Pooled,anomaly_evaluation,exploratory_cluster,1,208,110.74926874945466,153.83227657162493,60.553027346120956,330.03166902233227,421.2000791332128,545.086600120688,1471.642692913581,546.6646538422395,2.6920392283827415,924.9780390713414,180,0.8653846153846154,0
16,25,Pooled,anomaly_evaluation,exploratory_cluster,2,287,105.27242328715684,116.22355350788055,61.35230949938944,231.72671575860826,422.8358353361899,544.3762483732427,546.4951947526337,545.7415217708437,1.001381007219946,0.7536729817899186,256,0.89198606271777,0
16,25,Pooled,calibration,exploratory_cluster,0,43,27.013856767218723,3.0537708996841957,26.033748529844996,31.48004324060477,34.33093584432837,34.80418690794575,35.107883991826434,34.384795696872416,1.0210293032225226,0.7230882949540174,0,0.0,0
16,25,Pooled,calibration,exploratory_cluster,1,31,27.938678800486098,3.329711420695768,27.748248770750134,30.698128754394876,32.51866026198452,39.09719025146924,41.15247830801736,34.301518119523664,1.199727608691298,6.850960188493694,0,0.0,1
16,25,Pooled,calibration,exploratory_cluster,2,26,28.211147746381545,4.150802820369931,26.89373610329898,35.91458826658729,37.14166237745429,37.52073476181292,37.56313903846547,37.39352193185524,1.0045360024369818,0.16961710661023233,0,0.0,0
16,25,Pooled,healthy_evaluation,exploratory_cluster,0,44,27.92682874529979,3.522309312369169,26.966085573582497,30.72997833087352,34.82076227294824,40.7579535447922,42.643412449197726,38.25862429941744,1.1146091431689835,4.3847881497802845,1,0.022727272727272728,0
16,25,Pooled,healthy_evaluation,exploratory_cluster,1,27,27.998816956487136,3.8768775968022404,27.199633646522315,32.31878430566946,37.7717393498524,38.61538538887595,38.69657718056929,38.38430105867182,1.0081355166900174,0.3122761218974759,0,0.0,0
16,25,Pooled,healthy_evaluation,exploratory_cluster,2,29,27.03224493670871,2.7652237242669906,26.08940712384119,29.130802607340954,32.67847778208976,35.83647088877453,36.182383543328775,34.94698120563504,1.0353507597816356,1.2354023376937349,0,0.0,0
16,25,RACE,anomaly_evaluation,exploratory_cluster,0,260,73.23609592839121,81.94884042615871,37.035665582552234,186.9399025939241,330.1607216232546,335.57528590577306,336.30549519227446,336.0992024971943,1.0006137851370887,0.20629269508015113,237,0.9115384615384615,0
16,25,RACE,anomaly_evaluation,exploratory_cluster,1,208,76.82013329963232,100.55046527660281,45.57825599069628,258.02980011393976,276.4851761720856,335.526891007628,1020.330405345664,335.9143736515402,3.0374717052271802,684.4160316941238,195,0.9375,0
16,25,RACE,anomaly_evaluation,exploratory_cluster,2,287,75.07105668732368,76.49809282136326,45.537881835622365,172.6974406225435,269.3405709084339,349.6095572141784,351.02165591958357,350.907991193719,1.0003239160370156,0.11366472586456666,276,0.9616724738675958,0
16,25,RACE,calibration,exploratory_cluster,0,43,22.261065803614564,1.4198271545419223,22.24960532545857,24.317582721372794,24.470937313159286,25.386580230600767,25.533547632912274,25.18362524645631,1.0138948377380737,0.3499223864559653,0,0.0,0
16,25,RACE,calibration,exploratory_cluster,1,31,22.800905057250365,2.0227559655611795,22.599734735493122,24.734637965011352,25.113768265238143,28.71725372386697,30.217259365748188,25.21724055947748,1.1982777931026054,5.000018806270706,0,0.0,1
16,25,RACE,calibration,exploratory_cluster,2,26,22.88593670791534,2.365098874959395,22.221538285188373,26.215594182669854,26.510036583718453,29.26924505851128,30.17917975004888,26.539440983898487,1.137144515152321,3.639738766150394,0,0.0,0
16,25,RACE,healthy_evaluation,exploratory_cluster,0,44,22.886606919194257,2.055331084631456,22.40877789437755,24.920463419817967,25.68680615586746,29.84971899750618,32.776648143749085,25.969836175742323,1.2621045401266262,6.8068119680067625,1,0.022727272727272728,0
16,25,RACE,healthy_evaluation,exploratory_cluster,1,27,22.646707564910134,2.0405619127940855,22.205877397729225,24.454002981435313,25.839873948443408,28.902917366624674,29.785948484508165,26.38967495418707,1.1286970580811277,3.3962735303210962,0,0.0,0
16,25,RACE,healthy_evaluation,exploratory_cluster,2,29,22.649622447597036,1.9247348270556222,22.068238672954962,23.990753093722045,25.044565285948583,29.248920286583903,30.63745444010523,25.678403891814796,1.1931214482482368,4.959050548290435,1,0.034482758620689655,0
16,25,SourceOnly,anomaly_evaluation,exploratory_cluster,0,260,108.3283642331576,133.98100073115424,51.78109977722197,255.21014262055988,544.5054242614334,553.6644323134863,614.1332181254023,555.2070271840735,1.1061337268013225,58.926190941328855,103,0.39615384615384613,0
16,25,SourceOnly,anomaly_evaluation,exploratory_cluster,1,208,114.00038071438993,154.9897048728508,66.25249607502616,332.8865921452841,428.42570116465623,552.8825997915571,1484.1011178479648,554.2412373738036,2.6777168816960915,929.8598804741612,123,0.5913461538461539,0
16,25,SourceOnly,anomaly_evaluation,exploratory_cluster,2,287,108.00118884615836,117.26050488185346,66.15043263218294,234.64460545892777,430.1018314496422,551.8999383522621,554.3313911223405,553.46697658449,1.0015618177315382,0.8644145378505073,158,0.5505226480836237,0
16,25,SourceOnly,calibration,exploratory_cluster,0,43,36.034345266581084,3.2673358633350222,36.87589655533594,38.699739280245026,40.58012704103055,41.561894414241465,41.57189177681542,41.54808853259172,1.0005729082868644,0.02380324422369995,0,0.0,0
16,25,SourceOnly,calibration,exploratory_cluster,1,31,36.418730627015506,5.971148724541088,36.569840955496865,39.5423716361374,40.59639598392785,55.61238052994836,61.968002022180706,40.78259704807294,1.519471698899784,21.18540497410777,0,0.0,1
16,25,SourceOnly,calibration,exploratory_cluster,2,26,35.338924922783626,4.134964368219479,35.81883601883855,39.818090636025424,43.27921554843432,43.97089436587946,43.99057039074653,43.91186629127825,1.0017923196191711,0.0787040994682755,0,0.0,0
16,25,SourceOnly,healthy_evaluation,exploratory_cluster,0,44,36.82121314323503,5.216650526911701,36.812971796725535,39.4274265212851,41.00939337010964,53.905606805578884,62.880289611075185,42.008934249455876,1.4968313463436564,20.871355361619308,1,0.022727272727272728,0
16,25,SourceOnly,healthy_evaluation,exploratory_cluster,1,27,35.674916183041034,4.713344318533828,35.658701590921154,39.95592428277942,41.798682820886896,48.745353206285074,51.03482439502577,42.22916597679238,1.208520775027209,8.805658418233392,0,0.0,0
16,25,SourceOnly,healthy_evaluation,exploratory_cluster,2,29,35.606493524108835,2.9490401727799114,36.268617781206615,38.356087787201275,39.30883340027474,40.36962165039772,40.57523020446192,39.84091393994693,1.0184312103287048,0.7343162645149874,0,0.0,0
16,25,TargetOnly,anomaly_evaluation,exploratory_cluster,0,260,214.24641216207354,76.53965365831789,186.0837398441689,271.98965885539445,455.80920136457564,481.50095271882583,482.9235511440116,482.4186326995232,1.0010466395994346,0.5049184444883963,260,1.0,0
16,25,TargetOnly,anomaly_evaluation,exploratory_cluster,1,208,216.53599823273927,89.33280095911122,194.8091492730286,270.357304025162,380.4389027907617,484.2915785557412,1080.2152562401243,484.7789459899013,2.228263552234851,595.436310250223,208,1.0,0
16,25,TargetOnly,anomaly_evaluation,exploratory_cluster,2,287,403.63843384067496,1670.282486393946,193.34519902608432,284.73258858830616,461.17342745217826,7965.912352026746,20970.450532210587,16023.679994205795,1.3087162586742593,4946.770538004792,287,1.0,0
16,25,TargetOnly,calibration,exploratory_cluster,0,43,32.02182467332414,6.164312587570881,30.178033163905145,42.400807190526265,43.05477694600094,43.38756370391784,43.49892140711449,43.23378401855104,1.0061326435930216,0.2651373885634456,0,0.0,0
16,25,TargetOnly,calibration,exploratory_cluster,1,31,30.111480150457176,5.082855169229413,28.604219271120513,40.071048429318864,41.26581290816854,42.16020564333569,42.189638797385975,42.09152828388503,1.0023308850379402,0.09811051350094147,0,0.0,0
16,25,TargetOnly,calibration,exploratory_cluster,2,26,34.16700019817309,15.352484639041522,29.2285820181647,40.8051087044081,42.111376535091765,88.84564645960138,104.2905612923554,42.51090196133931,2.4532662559641847,61.7796593310161,0,0.0,1
16,25,TargetOnly,healthy_evaluation,exploratory_cluster,0,44,33.57364642978984,7.522839747199766,30.243304932709158,43.269284163446024,43.54637345310332,51.01912736647259,56.62758465239605,43.5846607316438,1.299254914499832,13.042923920752251,0,0.0,0
16,25,TargetOnly,healthy_evaluation,exploratory_cluster,1,27,29.550540629512348,5.576063319290221,26.882718784710622,39.95024910660672,40.46180260177076,41.47919030901967,41.763843793624176,40.66902269899147,1.026920270564059,1.0948210946327066,0,0.0,0
16,25,TargetOnly,healthy_evaluation,exploratory_cluster,2,29,354.20150953067434,1747.8504943007579,28.335496515008014,38.15903381263711,38.44547518731377,6809.09662611716,9442.078674279266,38.5713594146409,244.79507120237108,9403.507314864626,1,0.034482758620689655,0
16,50,Pooled,anomaly_evaluation,exploratory_cluster,0,260,105.36501931207863,132.057055126405,49.50291455825533,251.34366361563417,531.7188845039276,541.9525982124424,628.7378547416176,543.1685727306827,1.1575372477475099,85.5692820109349,201,0.7730769230769231,0
16,50,Pooled,anomaly_evaluation,exploratory_cluster,1,208,109.83497671242314,153.11259723318182,59.504814775389406,327.89713260262926,418.2528203347615,541.1252481985808,1468.3970107263858,542.6621392724993,2.705913872478629,925.7348714538865,179,0.8605769230769231,0
16,50,Pooled,anomaly_evaluation,exploratory_cluster,2,287,104.20625092565881,115.50366734500129,60.605972044589286,230.95931891038853,419.89633202272853,540.3277623727774,542.6628430423036,541.7582303190027,1.0016697719991596,0.9046127233009429,248,0.8641114982578397,0
16,50,Pooled,calibration,exploratory_cluster,0,43,25.47053610505549,2.3902916141471326,24.66950477145595,28.58598204987522,30.793853507836786,31.47967860775001,31.698556006380684,31.17741934297432,1.016715195625189,0.521136663406363,0,0.0,0
16,50,Pooled,calibration,exploratory_cluster,1,31,26.57116336124578,3.2626120426134864,26.303016207238496,28.608138191828747,30.155438304142752,37.920387788553086,40.730105816484375,31.364379056713435,1.2986103038365824,9.36572675977094,0,0.0,1
16,50,Pooled,calibration,exploratory_cluster,2,26,26.73620287771232,3.3886217111594426,25.790682692685458,32.48521022261667,32.738360227720904,34.78701887331047,35.460251373783876,32.76732137189025,1.0821834037433338,2.692930001893629,0,0.0,0
16,50,Pooled,healthy_evaluation,exploratory_cluster,0,44,26.365208031181396,3.102577695817309,25.624966104964923,29.359618665282497,31.463770533798105,37.515084011038674,41.693499332324606,31.976254399101503,1.3038894053049612,9.717244933223103,1,0.022727272727272728,0
16,50,Pooled,healthy_evaluation,exploratory_cluster,1,27,26.423890672032936,3.089710438906973,25.954111004611377,29.543678130989314,32.63898863913329,35.77221345654841,36.64891257914372,33.27699287685407,1.1013288584929501,3.3719197022896523,0,0.0,0
16,50,Pooled,healthy_evaluation,exploratory_cluster,2,29,25.773148344177145,2.472199661550454,25.31906073681987,27.04711157676715,30.416317693752383,34.040326969437665,34.72419707171336,32.28180384930017,1.0756585113339676,2.4423932224131946,0,0.0,0
16,50,RACE,anomaly_evaluation,exploratory_cluster,0,260,77.0007816540508,86.57283846548339,38.697637742574486,195.14570246468844,349.1417361612782,354.32650506333454,355.036920035048,354.7972597742795,1.0006754850951245,0.23966026076851676,249,0.9576923076923077,0
16,50,RACE,anomaly_evaluation,exploratory_cluster,1,208,81.15941367122838,106.83459241499337,47.996487259526404,272.48959806357806,292.6213208952991,354.2275604393661,1094.0803817481976,354.52354860424924,3.086058418560815,739.5568331439483,200,0.9615384615384616,0
16,50,RACE,anomaly_evaluation,exploratory_cluster,2,287,79.04624320633465,80.72162015961317,47.40550453383469,181.60550641799415,286.2423973518241,368.0477282169878,369.4517080187423,368.8949820049937,1.001509172097497,0.5567260137485732,284,0.9895470383275261,0
16,50,RACE,calibration,exploratory_cluster,0,43,21.731765764445296,1.2488139125584827,21.741161296631457,23.550214326931222,23.75888946928284,24.252330885583202,24.50801702313133,23.8992405051596,1.0254726303055657,0.6087765179717302,0,0.0,0
16,50,RACE,calibration,exploratory_cluster,1,31,22.510117344156942,2.039077232455018,22.243219869508515,24.461469641423523,24.77151910820284,28.926871458842538,30.588106220796107,25.050657014284226,1.2210500588209863,5.53744920651188,0,0.0,0
16,50,RACE,calibration,exploratory_cluster,2,26,22.620047584871777,2.2983544303588976,22.151888344610825,24.838048409314162,26.052094568735487,29.775569211661555,30.885189709695318,26.446707717560262,1.1678273923369282,4.438481992135056,0,0.0,1
16,50,RACE,healthy_evaluation,exploratory_cluster,0,44,22.334114493933587,1.9398761246978669,21.970921792807413,23.99224574237853,24.14127968715887,29.31796066228314,32.07279078287372,25.66620910708168,1.249611528101529,6.406581675792037,1,0.022727272727272728,0
16,50,RACE,healthy_evaluation,exploratory_cluster,1,27,22.3160179889355,1.817642853421952,22.330926323626873,23.639605141689355,24.577037097767832,27.94837499469182,29.02664038044968,24.879465819842554,1.166690659302643,4.147174560607127,0,0.0,0
16,50,RACE,healthy_evaluation,exploratory_cluster,2,29,22.301786122950972,2.292025197540469,22.009104740096763,23.128829875694144,23.905333957052846,30.62238181188719,33.03883892231001,24.408634956514256,1.3535717577476614,8.630203965795758,1,0.034482758620689655,0
16,50,SourceOnly,anomaly_evaluation,exploratory_cluster,0,260,108.3283642331576,133.98100073115424,51.78109977722197,255.21014262055988,544.5054242614334,553.6644323134863,614.1332181254023,555.2070271840735,1.1061337268013225,58.926190941328855,103,0.39615384615384613,0
16,50,SourceOnly,anomaly_evaluation,exploratory_cluster,1,208,114.00038071438993,154.9897048728508,66.25249607502616,332.8865921452841,428.42570116465623,552.8825997915571,1484.1011178479648,554.2412373738036,2.6777168816960915,929.8598804741612,123,0.5913461538461539,0
16,50,SourceOnly,anomaly_evaluation,exploratory_cluster,2,287,108.00118884615836,117.26050488185346,66.15043263218294,234.64460545892777,430.1018314496422,551.8999383522621,554.3313911223405,553.46697658449,1.0015618177315382,0.8644145378505073,158,0.5505226480836237,0
16,50,SourceOnly,calibration,exploratory_cluster,0,43,36.034345266581084,3.2673358633350222,36.87589655533594,38.699739280245026,40.58012704103055,41.561894414241465,41.57189177681542,41.54808853259172,1.0005729082868644,0.02380324422369995,0,0.0,0
16,50,SourceOnly,calibration,exploratory_cluster,1,31,36.418730627015506,5.971148724541088,36.569840955496865,39.5423716361374,40.59639598392785,55.61238052994836,61.968002022180706,40.78259704807294,1.519471698899784,21.18540497410777,0,0.0,1
16,50,SourceOnly,calibration,exploratory_cluster,2,26,35.338924922783626,4.134964368219479,35.81883601883855,39.818090636025424,43.27921554843432,43.97089436587946,43.99057039074653,43.91186629127825,1.0017923196191711,0.0787040994682755,0,0.0,0
16,50,SourceOnly,healthy_evaluation,exploratory_cluster,0,44,36.82121314323503,5.216650526911701,36.812971796725535,39.4274265212851,41.00939337010964,53.905606805578884,62.880289611075185,42.008934249455876,1.4968313463436564,20.871355361619308,1,0.022727272727272728,0
16,50,SourceOnly,healthy_evaluation,exploratory_cluster,1,27,35.674916183041034,4.713344318533828,35.658701590921154,39.95592428277942,41.798682820886896,48.745353206285074,51.03482439502577,42.22916597679238,1.208520775027209,8.805658418233392,0,0.0,0
16,50,SourceOnly,healthy_evaluation,exploratory_cluster,2,29,35.606493524108835,2.9490401727799114,36.268617781206615,38.356087787201275,39.30883340027474,40.36962165039772,40.57523020446192,39.84091393994693,1.0184312103287048,0.7343162645149874,0,0.0,0
16,50,TargetOnly,anomaly_evaluation,exploratory_cluster,0,260,293.1585788849924,105.70369001371891,254.84774623476318,347.8816730797645,615.0941030374237,671.583774982219,673.6410812918785,672.8127239427579,1.0012311856176952,0.8283573491206653,260,1.0,0
16,50,TargetOnly,anomaly_evaluation,exploratory_cluster,1,208,291.016496550468,112.74596440286454,258.50139940096335,345.953745219138,486.740422819549,674.1043496482729,1245.779494198345,676.1336349610946,1.8425048389583938,569.6458592372504,208,1.0,0
16,50,TargetOnly,anomaly_evaluation,exploratory_cluster,2,287,517.3963465291464,2024.7115008364135,259.9663682825597,351.4953392541454,616.2360179717832,9664.821175691286,25458.847215189136,19450.87452046265,1.3088793096889293,6007.972694726486,287,1.0,0
16,50,TargetOnly,calibration,exploratory_cluster,0,43,29.910402013779052,2.1690595462933335,30.013274056470436,32.73100128834668,32.92329700008705,33.81474150213733,34.14289095036933,33.36158274029315,1.0234193987784799,0.7813082100761761,0,0.0,0
16,50,TargetOnly,calibration,exploratory_cluster,1,31,29.963690864851607,2.217974142821713,29.952310886520667,33.27091623356542,33.85313839233643,34.43592472304152,34.460082906938105,34.37955562728284,1.0023423013528237,0.0805272796552643,0,0.0,0
16,50,TargetOnly,calibration,exploratory_cluster,2,26,34.35664111613808,16.890267720936425,31.257982831947636,35.56699401529292,38.0130112070087,96.54102349659823,115.93507028204121,38.358883140269306,3.0223786719257246,77.5761871417719,0,0.0,1
16,50,TargetOnly,healthy_evaluation,exploratory_cluster,0,44,30.937219412756694,5.409354386316847,30.157369747348707,33.60531359330525,34.93594944913848,50.91628443766045,62.75232272256173,35.22665229255874,1.7813876323359146,27.52567043000299,0,0.0,0
16,50,TargetOnly,healthy_evaluation,exploratory_cluster,1,27,29.790858833545908,2.3129566325580306,29.528216035430166,33.637754897000846,33.98871099149705,34.02817286324498,34.039650530907196,33.99550565528331,1.0012985503457874,0.04414487562388558,0,0.0,0
16,50,TargetOnly,healthy_evaluation,exploratory_cluster,2,29,424.31275017781337,2123.9052737034713,29.72846395660538,33.505048192044235,33.998691012578284,8266.112049618874,11467.488543540876,34.00106524806164,337.2685079093109,11433.487478292815,1,0.034482758620689655,0
16,100,Pooled,anomaly_evaluation,exploratory_cluster,0,260,104.6908726872576,131.79350761976139,49.37484518325358,248.5897292112465,529.6236634737369,539.1892740941191,646.7929467633477,540.4313855260574,1.1968086311896147,106.36156123729029,192,0.7384615384615385,0
16,100,Pooled,anomaly_evaluation,exploratory_cluster,1,208,109.3220801627049,152.72239444251557,59.15922616258953,326.2127406755373,416.6495066286949,538.2093883146944,1466.2178397589846,539.5478923746168,2.7174934060180997,926.6699473843678,177,0.8509615384615384,0
16,100,Pooled,anomaly_evaluation,exploratory_cluster,2,287,103.49887931324024,114.94753212451714,59.21994228752886,229.18963111946707,418.4355029312843,537.3190702853373,539.698332300902,538.7909953834118,1.0016840239077207,0.9073369174902837,245,0.8536585365853658,0
16,100,Pooled,calibration,exploratory_cluster,0,43,24.44412604623753,1.943350422680485,23.949288956130577,26.97889437812143,28.142799040062883,29.174126949159696,29.47440173136098,28.759461773738874,1.0248592954641085,0.7149399576221072,0,0.0,0
16,100,Pooled,calibration,exploratory_cluster,1,31,25.787145555953067,3.2918131950705174,25.35039035073147,27.82426221271483,28.81597210860154,37.38649299377968,40.66710543419002,29.731730632822256,1.3678014891368513,10.935374801367765,0,0.0,1
16,100,Pooled,calibration,exploratory_cluster,2,26,25.54386659910517,2.976992607866435,24.97512776564668,29.649955367276323,31.17446386100565,33.703297281366474,34.394198801161366,31.630592721981795,1.0873713023170442,2.7636060791795707,0,0.0,0
16,100,Pooled,healthy_evaluation,exploratory_cluster,0,44,25.386562402663866,2.919651698912879,24.90087942399881,27.449232458944632,28.761546143112742,36.34618280301598,41.34697678782306,29.71722333478333,1.3913472440551795,11.62975345303973,1,0.022727272727272728,0
16,100,Pooled,healthy_evaluation,exploratory_cluster,1,27,25.358388773682176,2.7397867259450566,25.116073084218435,27.37210524255345,29.449292618932347,34.38760631035526,35.84380566106934,30.243038927553673,1.1851919295191247,5.600766733515666,0,0.0,0
16,100,Pooled,healthy_evaluation,exploratory_cluster,2,29,24.880910733873606,2.3450289124217027,24.41442087408789,26.197049643951967,28.364893683940327,33.06806285009333,34.41404308547324,29.606970816259278,1.1623628536349304,4.807072269213961,0,0.0,0
16,100,RACE,anomaly_evaluation,exploratory_cluster,0,260,87.4021939629706,99.0433856950563,43.73249603642831,215.5989457578492,386.3543176323424,407.50896559636476,408.634646788069,408.31588080823934,1.000780684746326,0.3187659798296636,257,0.9884615384615385,0
16,100,RACE,anomaly_evaluation,exploratory_cluster,1,208,92.31522700313191,123.27335289429027,53.60286718490363,309.35707502909867,329.33389113262103,407.0971559419432,1274.2895819155945,407.5365149058028,3.1268108140202635,866.7530670097917,205,0.9855769230769231,0
16,100,RACE,anomaly_evaluation,exploratory_cluster,2,287,89.35909636021206,91.65353373408652,53.32944085356751,202.04064607193075,318.39823880153034,413.51895644531197,414.9560452870846,414.4968288346378,1.0011078889402794,0.45921645244675346,287,1.0,0
16,100,RACE,calibration,exploratory_cluster,0,43,22.974219652820196,1.3459862230467445,23.03073624626246,24.648669487864577,25.38009144218468,25.988578944858006,26.155780996743303,25.75768087320688,1.015455588781307,0.3981001235364232,0,0.0,0
16,100,RACE,calibration,exploratory_cluster,1,31,23.98384796534382,2.242012113180399,23.330119432094463,26.229282174449224,26.298611944877933,31.097266601765483,33.13559625220726,26.34116408406803,1.2579397078449055,6.7944321681392275,0,0.0,0
16,100,RACE,calibration,exploratory_cluster,2,26,23.89632924885947,2.612537452832718,23.45774228042573,25.694144995412568,27.762269835701826,32.49592642985366,33.84651751950864,28.44415316088872,1.1899288169369118,5.402364358619916,0,0.0,1
16,100,RACE,healthy_evaluation,exploratory_cluster,0,44,23.747095074219114,2.1560484258962815,23.531117437700964,25.001548158824864,25.798446037344636,31.999780886746127,34.56407100136367,28.600605618532168,1.2085083603602922,5.9634653828315045,1,0.022727272727272728,0
16,100,RACE,healthy_evaluation,exploratory_cluster,1,27,23.593520404416363,1.8888362783238317,23.28156549085284,24.97487291492362,25.475833208035517,29.455923906250117,30.79394030413642,25.647723389189135,1.2006500474469592,5.146216914947285,0,0.0,0
16,100,RACE,healthy_evaluation,exploratory_cluster,2,29,23.78455244003828,2.8841426163277606,23.226673099437743,24.869916753491317,25.683957211785252,34.31517559002758,37.61965938844554,25.817931536952873,1.4571136086018746,11.801727851492668,1,0.034482758620689655,0
16,100,SourceOnly,anomaly_evaluation,exploratory_cluster,0,260,108.3283642331576,133.98100073115424,51.78109977722197,255.21014262055988,544.5054242614334,553.6644323134863,614.1332181254023,555.2070271840735,1.1061337268013225,58.926190941328855,103,0.39615384615384613,0
16,100,SourceOnly,anomaly_evaluation,exploratory_cluster,1,208,114.00038071438993,154.9897048728508,66.25249607502616,332.8865921452841,428.42570116465623,552.8825997915571,1484.1011178479648,554.2412373738036,2.6777168816960915,929.8598804741612,123,0.5913461538461539,0
16,100,SourceOnly,anomaly_evaluation,exploratory_cluster,2,287,108.00118884615836,117.26050488185346,66.15043263218294,234.64460545892777,430.1018314496422,551.8999383522621,554.3313911223405,553.46697658449,1.0015618177315382,0.8644145378505073,158,0.5505226480836237,0
16,100,SourceOnly,calibration,exploratory_cluster,0,43,36.034345266581084,3.2673358633350222,36.87589655533594,38.699739280245026,40.58012704103055,41.561894414241465,41.57189177681542,41.54808853259172,1.0005729082868644,0.02380324422369995,0,0.0,0
16,100,SourceOnly,calibration,exploratory_cluster,1,31,36.418730627015506,5.971148724541088,36.569840955496865,39.5423716361374,40.59639598392785,55.61238052994836,61.968002022180706,40.78259704807294,1.519471698899784,21.18540497410777,0,0.0,1
16,100,SourceOnly,calibration,exploratory_cluster,2,26,35.338924922783626,4.134964368219479,35.81883601883855,39.818090636025424,43.27921554843432,43.97089436587946,43.99057039074653,43.91186629127825,1.0017923196191711,0.0787040994682755,0,0.0,0
16,100,SourceOnly,healthy_evaluation,exploratory_cluster,0,44,36.82121314323503,5.216650526911701,36.812971796725535,39.4274265212851,41.00939337010964,53.905606805578884,62.880289611075185,42.008934249455876,1.4968313463436564,20.871355361619308,1,0.022727272727272728,0
16,100,SourceOnly,healthy_evaluation,exploratory_cluster,1,27,35.674916183041034,4.713344318533828,35.658701590921154,39.95592428277942,41.798682820886896,48.745353206285074,51.03482439502577,42.22916597679238,1.208520775027209,8.805658418233392,0,0.0,0
16,100,SourceOnly,healthy_evaluation,exploratory_cluster,2,29,35.606493524108835,2.9490401727799114,36.268617781206615,38.356087787201275,39.30883340027474,40.36962165039772,40.57523020446192,39.84091393994693,1.0184312103287048,0.7343162645149874,0,0.0,0
16,100,TargetOnly,anomaly_evaluation,exploratory_cluster,0,260,321.1046314335638,122.77919097627058,276.5068440541522,419.99709611819287,667.2197965335413,762.185303262797,765.0831236043255,763.5941015246099,1.0019500177865996,1.4890220797155962,260,1.0,0
16,100,TargetOnly,anomaly_evaluation,exploratory_cluster,1,208,318.1846847870562,142.7450652893125,277.1760626122539,419.4560980983097,540.548047287745,763.188549287076,1672.2673553292987,766.4645936516877,2.181793352465338,905.802761677611,208,1.0,0
16,100,TargetOnly,anomaly_evaluation,exploratory_cluster,2,287,572.6257506061818,2281.726082427291,278.876374135496,421.428760208709,668.5214811875055,10875.502722840787,28683.664703946426,21912.114977173544,1.3090322286929852,6771.549726772882,287,1.0,0
16,100,TargetOnly,calibration,exploratory_cluster,0,43,32.772250342815035,2.186526787200825,33.07156667608513,35.66752322767528,36.43264295881254,36.82445561537594,36.96046256670874,36.636636492106824,1.0088388592842492,0.3238260746019179,0,0.0,0
16,100,TargetOnly,calibration,exploratory_cluster,1,31,33.14117416158459,2.5552569312840254,32.578657971402905,36.92361342244548,37.17664645201974,38.539419561540335,39.04110136875826,37.36882867803183,1.0447504711783893,1.6722726907264303,0,0.0,0
16,100,TargetOnly,calibration,exploratory_cluster,2,26,37.105827347610116,18.994100755490653,33.11400105447035,38.65919146240044,40.70233822320076,107.12900028909698,129.09812227377543,41.22163433506166,3.1318050425761297,87.87648793871378,0,0.0,1
16,100,TargetOnly,healthy_evaluation,exploratory_cluster,0,44,34.23386420342121,6.122742544275809,33.56089230093021,36.582706189881385,37.2290265443666,57.63276401953016,71.02098378814787,39.88558897740897,1.7806176518635304,31.1353948107389,0,0.0,0
16,100,TargetOnly,healthy_evaluation,exploratory_cluster,1,27,33.213084911814086,2.4594339750341416,32.92154815372307,36.90108946810621,37.08957026858117,37.57058972816579,37.712344163156224,37.16713479780841,1.014669125514081,0.5452093653478158,0,0.0,0
16,100,TargetOnly,healthy_evaluation,exploratory_cluster,2,29,477.642932098081,2394.4938637410023,32.45185952141466,36.6828513611652,38.87690438084049,9319.07056248546,12927.734223776286,39.64971916624663,326.04856971550817,12888.084504610038,1,0.034482758620689655,0
17,10,Pooled,anomaly_evaluation,exploratory_cluster,0,260,108.54537270589849,133.53380260787176,53.160797289809295,253.92502463120172,542.6722715434178,553.1227711694315,613.4476853016563,554.7556410030497,1.1057980126033256,58.69204429860656,106,0.4076923076923077,0
17,10,Pooled,anomaly_evaluation,exploratory_cluster,1,208,113.54907619832119,154.49318879237282,65.79575668662825,327.7192048626214,426.9411452608677,552.3757028127972,1479.8243091181148,553.7069694901816,2.672576634678526,926.1173396279332,125,0.6009615384615384,0
17,10,Pooled,anomaly_evaluation,exploratory_cluster,2,287,107.89613580450909,116.53913643121787,65.70624050110251,233.6439529655954,428.62237077822437,551.3059658783911,553.8086435395215,552.8886024428538,1.001664062331187,0.9200410966677737,161,0.5609756097560976,0
17,10,Pooled,calibration,exploratory_cluster,0,43,31.330459013358137,6.019930622489638,29.58034321243017,39.26870861013415,42.849713854701896,53.41032408381638,59.428574655558094,45.09940662760168,1.3177240921654765,14.329168027956413,0,0.0,1
17,10,Pooled,calibration,exploratory_cluster,1,26,30.32069885674468,4.401879965415953,29.90626450216513,31.820337137942538,32.551171807203126,45.9901068982403,50.402130061099776,32.75403740966188,1.5388066341473985,17.648092651437892,0,0.0,0
17,10,Pooled,calibration,exploratory_cluster,2,31,30.364965112005116,4.115427990793057,29.282351539183043,31.39718263505256,38.328512393202686,45.17291316883538,45.84177298863956,43.61224025595895,1.0511217199482428,2.2295327326806103,0,0.0,0
17,10,Pooled,healthy_evaluation,exploratory_cluster,0,41,30.12804877531004,3.7863341596911186,29.532117059017516,33.85246658166502,40.06739627729271,42.9637857554229,44.080229314181835,41.28912041728447,1.0675991367384263,2.791108896897363,0,0.0,0
17,10,Pooled,healthy_evaluation,exploratory_cluster,1,31,31.942164947624356,7.310372703976636,29.865526239361195,41.33917902640935,47.88275477285978,56.182044134569466,59.38670769655834,48.70449582326213,1.2193270188456442,10.682211873296211,0,0.0,0
17,10,Pooled,healthy_evaluation,exploratory_cluster,2,28,29.345372466441034,2.8212591699314125,29.133604525649112,30.952200817724076,35.58373738406083,38.033836460654086,38.27486395217468,37.38216953913545,1.0238802194748131,0.89269441303923,0,0.0,0
17,10,RACE,anomaly_evaluation,exploratory_cluster,0,260,82.4383551753364,94.56138098833448,41.95328791712335,200.6512978827261,350.07793155082265,393.46793076072123,394.4653762738236,394.26467703691543,1.0005090469641271,0.2006992369081786,91,0.35,0
17,10,RACE,anomaly_evaluation,exploratory_cluster,1,208,87.89158683603084,113.24467639409109,55.965388892864226,279.30280337442514,304.18529890809003,393.48897235675435,1128.8750176521412,393.9704120254606,2.865380199107914,734.9046056266807,98,0.47115384615384615,0
17,10,RACE,anomaly_evaluation,exploratory_cluster,2,287,84.65343666088575,85.96897647561602,55.27514359328021,185.33159503456,304.91392864573123,392.75946013342667,394.41111119098446,394.1229759216053,1.0007310796045457,0.2881352693791541,139,0.4843205574912892,0
17,10,RACE,calibration,exploratory_cluster,0,43,29.001931576865573,4.889229199985335,28.597945457425766,31.172459592633743,31.99589285879485,47.0679255935338,56.97260661221084,33.39003275821798,1.7062758525802495,23.582573853992862,0,0.0,1
17,10,RACE,calibration,exploratory_cluster,1,26,28.126181927897925,3.381569801973255,28.403618449599993,30.610420350647225,30.875009479081406,37.790601661798846,40.07238132051314,30.945262685655965,1.2949439701828047,9.127118634857172,0,0.0,0
17,10,RACE,calibration,exploratory_cluster,2,31,28.101306190061994,2.5476856946742097,28.433908485991203,30.442986621469302,32.122686395761335,33.43611426667111,33.96236810949606,32.2081886334129,1.0544637730500426,1.7541794760831593,0,0.0,0
17,10,RACE,healthy_evaluation,exploratory_cluster,0,41,27.785094182850234,2.492050009071964,28.240780748797047,30.856055689567192,31.415104400018816,32.1133459323879,32.36890926544647,31.730000932800042,1.0201357804558389,0.6389083326464267,0,0.0,0
17,10,RACE,healthy_evaluation,exploratory_cluster,1,31,29.06636585691678,5.723046594600395,28.02247863017666,32.177240344515425,33.72125541921503,49.50258499000477,56.003235947308866,34.33439942296192,1.6311115641607934,21.668836524346943,0,0.0,0
17,10,RACE,healthy_evaluation,exploratory_cluster,2,28,27.461154132390078,3.031844876773043,27.895649627783563,29.855155377689083,32.43997668395715,34.623696548272434,35.134743870355464,33.24197601078869,1.0569390898709654,1.8927678595667743,0,0.0,0
17,10,SourceOnly,anomaly_evaluation,exploratory_cluster,0,260,108.3283642331576,133.98100073115424,51.78109977722197,255.21014262055988,544.5054242614334,553.6644323134863,614.1332181254023,555.2070271840735,1.1061337268013225,58.926190941328855,102,0.3923076923076923,0
17,10,SourceOnly,anomaly_evaluation,exploratory_cluster,1,208,114.00038071438993,154.9897048728508,66.25249607502616,332.8865921452841,428.42570116465623,552.8825997915571,1484.1011178479648,554.2412373738036,2.6777168816960915,929.8598804741612,119,0.5721153846153846,0
17,10,SourceOnly,anomaly_evaluation,exploratory_cluster,2,287,108.00118884615836,117.26050488185346,66.15043263218294,234.64460545892777,430.1018314496422,551.8999383522621,554.3313911223405,553.46697658449,1.0015618177315382,0.8644145378505073,156,0.5435540069686411,0
17,10,SourceOnly,calibration,exploratory_cluster,0,43,36.74942067812428,4.988925258174528,36.93726785791585,38.96223040483575,39.38867927907205,53.06652533875211,62.880289611075185,39.51418420078224,1.591334627878522,23.366105410292946,0,0.0,1
17,10,SourceOnly,calibration,exploratory_cluster,1,26,35.29035811381246,3.3503635560006586,35.675325606762385,38.992090187649445,40.15691095369948,40.69812637559062,40.79410352752657,40.41019491978276,1.0095002909168318,0.3839086077438125,0,0.0,0
17,10,SourceOnly,calibration,exploratory_cluster,2,31,35.810146908905836,3.302957481635672,36.837702763033406,39.698922242239476,39.97545811575229,40.21112899860528,40.254469015911404,40.110002291557656,1.0036017630541036,0.14446672435374808,0,0.0,0
17,10,SourceOnly,healthy_evaluation,exploratory_cluster,0,41,35.59104343864057,3.9058273134398633,36.76248599937759,39.11860379805157,40.3308443653042,41.834117260399694,42.008934249455876,41.57189177681542,1.0105129320307764,0.4370424726404565,0,0.0,0
17,10,SourceOnly,healthy_evaluation,exploratory_cluster,1,31,36.29512681829453,5.988417497426016,36.208346083353405,39.6622132984525,40.365140935908585,55.61238052994836,61.968002022180706,40.78259704807294,1.519471698899784,21.18540497410777,0,0.0,0
17,10,SourceOnly,healthy_evaluation,exploratory_cluster,2,28,35.03381111833793,4.417165783602349,35.72651804730625,39.9673892373763,43.334781092914376,43.96932028389009,43.99057039074653,43.91186629127825,1.0017923196191711,0.0787040994682755,0,0.0,0
17,10,TargetOnly,anomaly_evaluation,exploratory_cluster,0,260,177.50773775111472,93.61574020210982,141.94560327804885,255.25840851294817,498.85209763308785,502.8604071190184,664.6181431960506,503.42794139390367,1.320185251052692,161.19020180214693,260,1.0,0
17,10,TargetOnly,anomaly_evaluation,exploratory_cluster,1,208,180.59903637498294,125.54990454389423,148.39772280717114,254.70810262480717,387.2954642015543,500.69385294249787,1559.1101569541938,501.43743567656537,3.1092815295103797,1057.6727212776284,208,1.0,0
17,10,TargetOnly,anomaly_evaluation,exploratory_cluster,2,287,320.07444496307033,1270.5712099192986,147.76643045349994,280.50262329687575,467.99919873526403,6058.289818742195,15949.232515290354,12187.828163478576,1.3086197394120644,3761.404351811778,287,1.0,0
17,10,TargetOnly,calibration,exploratory_cluster,0,43,30.972002812777756,2.769073231925861,30.7878383395441,35.286872794606005,35.65453330943938,35.68480133089183,35.68500426377477,35.68452109024396,1.0000135401433463,0.000483173530810177,0,0.0,0
17,10,TargetOnly,calibration,exploratory_cluster,1,26,30.79401686783587,2.6171371819918843,30.423678707455316,34.26052807408887,35.94726093680247,36.705711309184004,36.86207749842686,36.23661274145543,1.0172605745860979,0.6254647569714322,0,0.0,0
17,10,TargetOnly,calibration,exploratory_cluster,2,31,31.76414770792879,3.422911055167389,31.6096389350426,36.434903363721084,37.47599888110713,38.53890652775782,38.859464216968604,37.79093858626598,1.0282746518259525,1.0685256307026236,0,0.0,1
17,10,TargetOnly,healthy_evaluation,exploratory_cluster,0,41,31.54005176246348,6.2391895470138055,30.84775055875542,34.20657621150897,35.09436079362499,54.495580768742876,66.63331626539049,36.288977523771344,1.836186104216959,30.344338741619147,1,0.024390243902439025,0
17,10,TargetOnly,healthy_evaluation,exploratory_cluster,1,31,31.039468349524444,2.493228427491523,30.756976375124623,34.21569965900664,34.82403097263405,36.58244926001185,37.24523818335883,35.03594177220224,1.0630579998540086,2.2092964111565863,0,0.0,0
17,10,TargetOnly,healthy_evaluation,exploratory_cluster,2,28,33.86198705071539,14.435300431058447,30.427384730768445,34.50492402690886,39.02682519832132,88.63165196858625,106.22135529706563,41.074305932327114,2.5860779113851122,65.1470493647385,2,0.07142857142857142,0
17,25,Pooled,anomaly_evaluation,exploratory_cluster,0,260,107.47192853958718,133.66388194158947,51.66781142756159,252.1946702771201,542.8909711417168,552.9370083520598,618.9900504879757,554.5167430384911,1.1162693611309213,64.47330744948465,109,0.41923076923076924,0
17,25,Pooled,anomaly_evaluation,exploratory_cluster,1,208,112.62291946886968,154.46484837421855,64.27463128230431,324.45038448228723,427.02472333241866,552.1310247734509,1479.3934413710563,553.5258180646905,2.672672878283267,925.8676233063658,124,0.5961538461538461,0
17,25,Pooled,anomaly_evaluation,exploratory_cluster,2,287,106.75229393470893,116.45844157241332,65.14776415983279,232.6590586566888,428.7656723881066,551.3497125940723,553.6092450330435,552.6948147815986,1.0016544939937717,0.9144302514449691,162,0.5644599303135889,0
17,25,Pooled,calibration,exploratory_cluster,0,43,28.153319446431173,5.85454792043036,26.387100029671387,35.262171420683785,37.65249006864173,50.026144993275686,58.06452554983143,38.92552422469879,1.4916825580730053,19.13900132513264,0,0.0,1
17,25,Pooled,calibration,exploratory_cluster,1,26,27.884981894010703,4.018087834051279,27.22987018898943,29.772878153614016,30.19275713654407,41.91246035244388,45.81902448794685,30.192767945934975,1.517549651956164,15.626256542011873,0,0.0,0
17,25,Pooled,calibration,exploratory_cluster,2,31,27.444456709515574,3.287105473531831,27.05703087395318,28.35927319565318,33.9592051744721,38.94250609559613,39.207082589594535,38.325160942933195,1.0230115575502614,0.8819216466613398,0,0.0,0
17,25,Pooled,healthy_evaluation,exploratory_cluster,0,41,27.131841901839476,3.1809135588511372,26.538873502905812,30.122708506549774,35.790754421658775,37.38669449778508,38.05870478387009,36.378679068657554,1.046181603021974,1.6800257152125369,0,0.0,0
17,25,Pooled,healthy_evaluation,exploratory_cluster,1,31,29.066398559537244,6.96912369755326,26.98421860110771,36.40290290792913,40.84988000518746,53.946604111858775,59.122626415672144,41.8692187362943,1.4120785675043357,17.253407679377844,1,0.03225806451612903,0
17,25,Pooled,healthy_evaluation,exploratory_cluster,2,28,26.667079660299358,2.647442834854146,25.743420860659306,28.61471853910303,32.493130132748774,35.33261501494361,35.7117538958207,34.30753581849817,1.0409303100272622,1.4042180773225326,0,0.0,0
17,25,RACE,anomaly_evaluation,exploratory_cluster,0,260,76.91067495845458,86.945123230133,38.68894805143892,191.18067585852995,347.1267556002384,359.3876558542851,360.3014518027223,360.05957681000297,1.000671763808818,0.24187499271931756,86,0.33076923076923076,0
17,25,RACE,anomaly_evaluation,exploratory_cluster,1,208,82.75003338965004,105.70853397724775,51.91313313141842,271.10204916400124,281.7298895366323,359.44943540621506,1076.3668759101722,359.71376924401085,2.9922871125348047,716.6531066661614,91,0.4375,0
17,25,RACE,anomaly_evaluation,exploratory_cluster,2,287,79.84920456358115,80.18963472007434,51.04563537095098,178.6023593761646,278.39014868814115,365.61831411729025,366.8900525740693,366.8724623870318,1.0000479463269687,0.017590187037455962,131,0.4564459930313589,0
17,25,RACE,calibration,exploratory_cluster,0,43,24.119422368247555,5.062615786774348,23.28651690214341,25.397265669305085,26.41522500330128,43.309402837657316,55.28958929295816,26.765335827956267,2.0657162550977017,28.524253465001895,0,0.0,1
17,25,RACE,calibration,exploratory_cluster,1,26,23.800735113981904,2.5743557140734876,23.51309286745489,25.75397081782237,26.376268980494277,32.28219381906092,34.18474696271425,26.574534388100925,1.2863723767826725,7.610212574613325,0,0.0,0
17,25,RACE,calibration,exploratory_cluster,2,31,23.26214380846964,1.5391041516925392,23.277508476276996,24.962135739199272,26.30278989478736,26.913037698667882,27.05961598776564,26.57102169077312,1.0183882389875203,0.4885942969925203,0,0.0,0
17,25,RACE,healthy_evaluation,exploratory_cluster,0,41,23.19539886015503,1.3910705993588444,23.060660173635288,25.203844508561538,25.718854422645464,26.19403338804684,26.36246870071466,25.941380419045107,1.016232300473895,0.4210882816695545,0,0.0,0
17,25,RACE,healthy_evaluation,exploratory_cluster,1,31,24.68579093929646,6.052413364481771,23.85213674875894,25.664446384947922,27.10247871202916,47.56678817188238,55.93820193486804,28.03348939158258,1.995406321114781,27.90471254328546,1,0.03225806451612903,0
17,25,RACE,healthy_evaluation,exploratory_cluster,2,28,22.958275644247937,2.1643384469559024,22.720833537965333,24.18864536655076,26.786064949099757,30.15748030348993,30.96899088992796,27.96339612534266,1.1074831809095387,3.0055947645853003,0,0.0,0
17,25,SourceOnly,anomaly_evaluation,exploratory_cluster,0,260,108.3283642331576,133.98100073115424,51.78109977722197,255.21014262055988,544.5054242614334,553.6644323134863,614.1332181254023,555.2070271840735,1.1061337268013225,58.926190941328855,102,0.3923076923076923,0
17,25,SourceOnly,anomaly_evaluation,exploratory_cluster,1,208,114.00038071438993,154.9897048728508,66.25249607502616,332.8865921452841,428.42570116465623,552.8825997915571,1484.1011178479648,554.2412373738036,2.6777168816960915,929.8598804741612,119,0.5721153846153846,0
17,25,SourceOnly,anomaly_evaluation,exploratory_cluster,2,287,108.00118884615836,117.26050488185346,66.15043263218294,234.64460545892777,430.1018314496422,551.8999383522621,554.3313911223405,553.46697658449,1.0015618177315382,0.8644145378505073,156,0.5435540069686411,0
17,25,SourceOnly,calibration,exploratory_cluster,0,43,36.74942067812428,4.988925258174528,36.93726785791585,38.96223040483575,39.38867927907205,53.06652533875211,62.880289611075185,39.51418420078224,1.591334627878522,23.366105410292946,0,0.0,1
17,25,SourceOnly,calibration,exploratory_cluster,1,26,35.29035811381246,3.3503635560006586,35.675325606762385,38.992090187649445,40.15691095369948,40.69812637559062,40.79410352752657,40.41019491978276,1.0095002909168318,0.3839086077438125,0,0.0,0
17,25,SourceOnly,calibration,exploratory_cluster,2,31,35.810146908905836,3.302957481635672,36.837702763033406,39.698922242239476,39.97545811575229,40.21112899860528,40.254469015911404,40.110002291557656,1.0036017630541036,0.14446672435374808,0,0.0,0
17,25,SourceOnly,healthy_evaluation,exploratory_cluster,0,41,35.59104343864057,3.9058273134398633,36.76248599937759,39.11860379805157,40.3308443653042,41.834117260399694,42.008934249455876,41.57189177681542,1.0105129320307764,0.4370424726404565,0,0.0,0
17,25,SourceOnly,healthy_evaluation,exploratory_cluster,1,31,36.29512681829453,5.988417497426016,36.208346083353405,39.6622132984525,40.365140935908585,55.61238052994836,61.968002022180706,40.78259704807294,1.519471698899784,21.18540497410777,0,0.0,0
17,25,SourceOnly,healthy_evaluation,exploratory_cluster,2,28,35.03381111833793,4.417165783602349,35.72651804730625,39.9673892373763,43.334781092914376,43.96932028389009,43.99057039074653,43.91186629127825,1.0017923196191711,0.0787040994682755,0,0.0,0
17,25,TargetOnly,anomaly_evaluation,exploratory_cluster,0,260,225.94419825573493,86.1009260306687,194.1447923047481,291.2152856220206,521.8345646749004,526.8221887666461,549.6563896601468,527.3890046753046,1.0422219363457368,22.267384984842238,260,1.0,0
17,25,TargetOnly,anomaly_evaluation,exploratory_cluster,1,208,226.10367417284522,109.02127819992468,195.51420159408926,291.5262644700434,399.2523750922633,527.6591924795929,1368.945618858415,527.8028713182272,2.593668381226064,841.1427475401878,208,1.0,0
17,25,TargetOnly,anomaly_evaluation,exploratory_cluster,2,287,225.8330608206163,78.95459777782568,197.54319024973435,297.88860349555813,471.09242535890735,526.717630181604,529.6555051782186,527.4101358420319,1.0042573496100942,2.245369336186741,287,1.0,0
17,25,TargetOnly,calibration,exploratory_cluster,0,43,29.33293711877544,2.3472717581917593,29.27569654611503,32.62358635564362,33.79717851784035,34.0116235484569,34.06819610332555,33.93349954411448,1.0039694272922235,0.13469655921106494,0,0.0,0
17,25,TargetOnly,calibration,exploratory_cluster,1,26,29.591831733205503,3.1683976462297596,29.664085229910604,31.419931708435513,32.04866663707473,39.92467456689021,42.538457082164754,32.08332702106657,1.325874247836988,10.455130061098181,0,0.0,1
17,25,TargetOnly,calibration,exploratory_cluster,2,31,28.806111593348277,2.2954830325811826,28.00258617557974,32.450139199856686,32.585554048454256,32.741304962063,32.75325178593377,32.713429039697864,1.0012173210637008,0.03982274623590598,0,0.0,0
17,25,TargetOnly,healthy_evaluation,exploratory_cluster,0,41,29.398310646667134,5.189631890542022,28.48227073695719,31.827002921479504,34.3193857941201,48.47358792047888,57.738492217778955,34.57623147452868,1.669889683041752,23.162260743250272,1,0.024390243902439025,0
17,25,TargetOnly,healthy_evaluation,exploratory_cluster,1,31,29.289118140988993,2.4455791402764393,29.33351479373228,31.909170138147736,33.11383879849929,35.70382138845729,36.64597740574355,33.50545734812269,1.0937315979600208,3.1405200576208614,0,0.0,0
17,25,TargetOnly,healthy_evaluation,exploratory_cluster,2,28,31.217242562189934,14.513978221178634,28.478675252612074,31.593434679250844,33.630804410119325,85.50435160186893,104.33844487594048,34.582543860860575,3.017084147879226,69.7559010150799,1,0.03571428571428571,0
17,50,Pooled,anomaly_evaluation,exploratory_cluster,0,260,105.75305024987715,132.6011403337873,49.680990309039274,251.18062491586343,535.3102732381011,544.5032734040536,628.1332677832174,545.9159553703429,1.1506043404741657,82.21731241287455,110,0.4230769230769231,0
17,50,Pooled,anomaly_evaluation,exploratory_cluster,1,208,111.58148163776657,153.5736596238704,63.20003164530995,321.6626818741252,420.48388643811853,543.1416916462103,1478.7117968201005,544.8575720278443,2.713941904701166,933.8542247922562,125,0.6009615384615384,0
17,50,Pooled,anomaly_evaluation,exploratory_cluster,2,287,105.38521608498793,115.63830432166641,63.87115984402728,232.01445079549865,422.21961825453917,542.8195412451599,545.1276003839454,544.0314595192453,1.0020148483061415,1.0961408647000326,162,0.5644599303135889,0
17,50,Pooled,calibration,exploratory_cluster,0,43,26.339834008102137,5.141696498962514,25.323850652830917,27.95371683293908,29.44589421295909,45.89631827585468,57.45126476781161,29.939487406009523,1.9189127719093768,27.511777361802086,0,0.0,1
17,50,Pooled,calibration,exploratory_cluster,1,26,26.387648743904165,2.9624247328101103,25.746298874841187,28.728422108632337,28.864829899241375,35.93783329439202,38.28714403401007,28.889901075537868,1.3252777824991997,9.397242958472201,0,0.0,0
17,50,Pooled,calibration,exploratory_cluster,2,31,25.801290853750277,1.7158147934089782,25.755385228252088,26.994020121626747,29.09846814594041,30.4980708475415,30.84803187360075,29.68149512006991,1.0393018191574201,1.1665367535308384,0,0.0,0
17,50,Pooled,healthy_evaluation,exploratory_cluster,0,41,25.50340992016862,1.7413969075833495,25.293091184534113,27.912343384833843,28.70688223528735,29.467107024469772,29.67359933137709,29.157368564108793,1.0177049848011233,0.5162307672682971,0,0.0,0
17,50,Pooled,healthy_evaluation,exploratory_cluster,1,31,27.272946663914848,6.185167452058198,26.30277731923631,28.825766442121516,32.634058329954094,50.93785406702155,58.252123272401555,33.871225921134915,1.7198114827031838,24.38089735126664,1,0.03225806451612903,0
17,50,Pooled,healthy_evaluation,exploratory_cluster,2,28,25.62420727177852,2.578730289820697,24.951634675405845,27.071217462258463,30.982535414743953,34.348673512869055,34.96438586524616,32.68396974533096,1.0697716996339148,2.280416119915195,0,0.0,0
17,50,RACE,anomaly_evaluation,exploratory_cluster,0,260,78.79846010106414,88.21031038327547,39.702347104040385,197.7510320257654,356.6982114835046,361.7596800979548,368.3586394306241,362.55362713068905,1.016011458348595,5.805012299935072,84,0.3230769230769231,0
17,50,RACE,anomaly_evaluation,exploratory_cluster,1,208,85.75228537601662,108.98288020081823,54.537297217206884,277.9282153320491,292.1948423035539,361.07896326677417,1132.443573090562,361.8662598906983,3.129453332931942,770.5773131998637,90,0.4326923076923077,0
17,50,RACE,anomaly_evaluation,exploratory_cluster,2,287,82.49975371384299,81.94401580200027,53.10703320346055,185.70301051280214,285.52153418401247,380.2749774765626,381.981960503279,381.59875648492095,1.0010042066748015,0.3832040183580716,129,0.44947735191637633,0
17,50,RACE,calibration,exploratory_cluster,0,43,23.211961993811496,5.724934276282541,22.14767873651334,24.052463340826357,24.359758376181258,44.700896376969325,59.221344254243355,24.64884930835296,2.4026007670132707,34.5724949458904,0,0.0,1
17,50,RACE,calibration,exploratory_cluster,1,26,22.913147556125555,2.0974398993052294,22.390499395918972,24.717839342077095,25.17276378903155,29.550095090978715,30.982380452176475,25.253239007385435,1.2268675888710958,5.72914144479104,0,0.0,0
17,50,RACE,calibration,exploratory_cluster,2,31,22.26860290656128,1.3069768234303518,22.31346570753386,23.8796655637308,24.32583791932546,25.27617112072317,25.67210710749078,24.35232048493208,1.0541955179743678,1.319786622558702,0,0.0,0
17,50,RACE,healthy_evaluation,exploratory_cluster,0,41,22.284475249237165,1.2274954906326185,22.256203740658393,23.623023658535,23.935481859182204,25.54081466405217,26.55282279169181,24.022802472592705,1.105317450867174,2.530020319099105,0,0.0,0
17,50,RACE,healthy_evaluation,exploratory_cluster,1,31,23.968024043988997,6.793952862697916,22.860195742710385,24.46893766671,25.238129248723926,49.73465345634661,59.93076177578155,25.943734044331826,2.310028374226076,33.98702773144972,1,0.03225806451612903,0
17,50,RACE,healthy_evaluation,exploratory_cluster,2,28,22.366651170936713,2.2097010321013495,21.740790001592288,23.334006114859204,25.897482576798833,30.228655327635988,31.341006591397598,27.221187095984224,1.151346062935703,4.119819495413374,0,0.0,0
17,50,SourceOnly,anomaly_evaluation,exploratory_cluster,0,260,108.3283642331576,133.98100073115424,51.78109977722197,255.21014262055988,544.5054242614334,553.6644323134863,614.1332181254023,555.2070271840735,1.1061337268013225,58.926190941328855,102,0.3923076923076923,0
17,50,SourceOnly,anomaly_evaluation,exploratory_cluster,1,208,114.00038071438993,154.9897048728508,66.25249607502616,332.8865921452841,428.42570116465623,552.8825997915571,1484.1011178479648,554.2412373738036,2.6777168816960915,929.8598804741612,119,0.5721153846153846,0
17,50,SourceOnly,anomaly_evaluation,exploratory_cluster,2,287,108.00118884615836,117.26050488185346,66.15043263218294,234.64460545892777,430.1018314496422,551.8999383522621,554.3313911223405,553.46697658449,1.0015618177315382,0.8644145378505073,156,0.5435540069686411,0
17,50,SourceOnly,calibration,exploratory_cluster,0,43,36.74942067812428,4.988925258174528,36.93726785791585,38.96223040483575,39.38867927907205,53.06652533875211,62.880289611075185,39.51418420078224,1.591334627878522,23.366105410292946,0,0.0,1
17,50,SourceOnly,calibration,exploratory_cluster,1,26,35.29035811381246,3.3503635560006586,35.675325606762385,38.992090187649445,40.15691095369948,40.69812637559062,40.79410352752657,40.41019491978276,1.0095002909168318,0.3839086077438125,0,0.0,0
17,50,SourceOnly,calibration,exploratory_cluster,2,31,35.810146908905836,3.302957481635672,36.837702763033406,39.698922242239476,39.97545811575229,40.21112899860528,40.254469015911404,40.110002291557656,1.0036017630541036,0.14446672435374808,0,0.0,0
17,50,SourceOnly,healthy_evaluation,exploratory_cluster,0,41,35.59104343864057,3.9058273134398633,36.76248599937759,39.11860379805157,40.3308443653042,41.834117260399694,42.008934249455876,41.57189177681542,1.0105129320307764,0.4370424726404565,0,0.0,0
17,50,SourceOnly,healthy_evaluation,exploratory_cluster,1,31,36.29512681829453,5.988417497426016,36.208346083353405,39.6622132984525,40.365140935908585,55.61238052994836,61.968002022180706,40.78259704807294,1.519471698899784,21.18540497410777,0,0.0,0
17,50,SourceOnly,healthy_evaluation,exploratory_cluster,2,28,35.03381111833793,4.417165783602349,35.72651804730625,39.9673892373763,43.334781092914376,43.96932028389009,43.99057039074653,43.91186629127825,1.0017923196191711,0.0787040994682755,0,0.0,0
17,50,TargetOnly,anomaly_evaluation,exploratory_cluster,0,260,241.5445938831059,98.88049980836372,203.250960103235,340.25184480663285,580.2770164882812,583.7344113521887,645.4093212684814,585.8240569090091,1.1017118768967304,59.585264359472376,260,1.0,0
17,50,TargetOnly,anomaly_evaluation,exploratory_cluster,1,208,242.5637176332005,125.46404822114462,207.32530662426052,339.71833524784745,445.2095049348252,584.5912946190379,1557.0227696184334,585.1009405514911,2.6611182134673212,971.9218290669422,208,1.0,0
17,50,TargetOnly,anomaly_evaluation,exploratory_cluster,2,287,241.16124486480996,90.93309932921413,208.3721387124451,329.03379223895985,492.5776909191699,583.555925640744,586.8281789170861,585.0394661622197,1.0030574223763058,1.788712754866424,287,1.0,0
17,50,TargetOnly,calibration,exploratory_cluster,0,43,30.675954282889503,2.5695196685271395,30.655814998527475,34.26472267374769,35.11564318606355,35.36247262163875,35.47949453835724,35.20087092712275,1.0079152476599607,0.27862361123448665,0,0.0,1
17,50,TargetOnly,calibration,exploratory_cluster,1,26,30.058114406248713,1.8244945487467974,30.588664119281397,32.297661087787816,32.54099182138283,33.7159269252172,34.104916926713976,32.54895692072685,1.047803682611909,1.5559600059871244,0,0.0,0
17,50,TargetOnly,calibration,exploratory_cluster,2,31,30.042421586484167,2.3180510399821093,29.581346884909358,33.933557704845235,34.53018600562046,35.003533687910696,35.03242668527385,34.936116694063344,1.0027567457497892,0.09630999121050365,0,0.0,0
17,50,TargetOnly,healthy_evaluation,exploratory_cluster,0,41,30.63414821570735,6.385506988375974,29.433001643073858,34.10648569054709,34.8325713178753,54.63073172554816,67.63217556449405,35.12856596712921,1.9252757322282776,32.503609597364836,1,0.024390243902439025,0
17,50,TargetOnly,healthy_evaluation,exploratory_cluster,1,31,30.285114696820298,1.793244065519048,30.26833891676141,32.484827582336514,33.01868280095511,33.68841215532843,33.86480605556213,33.27682638811647,1.017669343241687,0.5879796674456585,0,0.0,0
17,50,TargetOnly,healthy_evaluation,exploratory_cluster,2,28,32.83880459979682,17.207710028985698,29.593156097561643,32.334137137486344,35.89269435877056,97.56320541387007,119.76000492946874,37.54963635317726,3.189378554909367,82.21036857629147,2,0.07142857142857142,0
17,100,Pooled,anomaly_evaluation,exploratory_cluster,0,260,104.88079788445923,132.64749059003333,49.351542080406844,250.64554563983052,534.2138562528019,543.8082962504837,647.3788488320646,545.1752334002676,1.1874692927526278,102.20361543179695,159,0.6115384615384616,0
17,100,Pooled,anomaly_evaluation,exploratory_cluster,1,208,109.63670202457254,153.1441972663666,61.001322308284855,320.12791414281,419.1903021803913,541.9625247948642,1466.9746722131881,543.9109901118154,2.6970859182521987,923.0636821013727,150,0.7211538461538461,0
17,100,Pooled,anomaly_evaluation,exploratory_cluster,2,287,103.69447138912973,115.17307162520632,60.16776569883791,229.35985932080106,421.08791714016013,542.1892904977104,544.197918998563,543.3712630709172,1.0015213464233899,0.8266559276457883,213,0.7421602787456446,0
17,100,Pooled,calibration,exploratory_cluster,0,43,25.113295568390296,3.356841062246647,24.487091528371383,26.88318585297417,27.67632723072803,37.49992602428438,44.481980960773456,27.858040635799536,1.5967376005479361,16.62394032497392,0,0.0,1
17,100,Pooled,calibration,exploratory_cluster,1,26,25.43993091069536,2.6987897364992013,24.85120141186465,27.244126935611327,27.469688918732047,34.25635936008238,36.50169491839774,27.520352685136285,1.3263527301418732,8.981342233261454,0,0.0,0
17,100,Pooled,calibration,exploratory_cluster,2,31,24.892841236965765,1.445039766163248,24.90875626565585,27.24463166378646,27.768382571547892,27.83654825025976,27.837293755935725,27.834808737015845,1.0000892773844203,0.0024850189198808437,0,0.0,0
17,100,Pooled,healthy_evaluation,exploratory_cluster,0,41,24.58173723916177,1.5981689230877376,24.522749183573737,27.0150128973809,27.158440306216573,28.54506384731819,29.4383436518173,27.205144140569516,1.0820873986077337,2.2331995112477827,0,0.0,0
17,100,Pooled,healthy_evaluation,exploratory_cluster,1,31,25.98161633481201,4.0755613616283215,25.20081568985114,27.90399126653989,29.478598722192366,41.2420724531935,45.647332574575216,30.963132169969533,1.4742478998570943,14.684200404605683,1,0.03225806451612903,0
17,100,Pooled,healthy_evaluation,exploratory_cluster,2,28,24.873490044117762,2.5219194806255705,24.210604166111438,26.19909372646189,30.154948405376345,33.52114386739195,34.167622259341925,31.77325784471237,1.075357850502196,2.394364414629557,0,0.0,0
17,100,RACE,anomaly_evaluation,exploratory_cluster,0,260,86.08582217188382,96.8078345245359,43.13805033826681,216.56286169080295,392.19966234447304,397.3137695146955,398.99631973281976,398.4284309586621,1.0014253219148825,0.5678887741576659,187,0.7192307692307692,0
17,100,RACE,anomaly_evaluation,exploratory_cluster,1,208,91.07389161006297,119.61916563619522,54.90985878036575,304.32298500311947,319.51985278250277,396.8665398871006,1234.366297339094,397.7767665604311,3.103163384861912,836.589530778663,179,0.8605769230769231,0
17,100,RACE,anomaly_evaluation,exploratory_cluster,2,287,88.22555076577751,89.62516547986061,55.04493096448033,199.67036022491212,310.8775873050382,407.20193628298784,408.60141338902804,408.3146524403836,1.0007023038407525,0.286760948644428,244,0.8501742160278746,0
17,100,RACE,calibration,exploratory_cluster,0,43,23.325418168021915,2.575337927707333,22.672876038920407,24.92128871833195,25.16827467589516,32.811882503018865,37.93858218853599,25.732154365876227,1.4743647830298607,12.206427822659762,0,0.0,1
17,100,RACE,calibration,exploratory_cluster,1,26,23.664134047005618,2.032322618324992,23.24553497862663,24.983960763760457,25.555233723952234,30.376102583476488,31.949848078947685,25.654866097062893,1.2453718510191514,6.294981981884792,0,0.0,0
17,100,RACE,calibration,exploratory_cluster,2,31,23.082421699996456,1.2829265164017492,23.091503721783294,25.041242026413514,25.138937746348795,25.92918583072654,26.241767600271668,25.199828368454572,1.0413470765190371,1.0419392318170964,0,0.0,0
17,100,RACE,healthy_evaluation,exploratory_cluster,0,41,22.882345257594665,1.3563625943593527,22.701806646214816,24.07767435667385,24.452720326826764,26.855023080276606,28.332924584283365,24.638170824266453,1.1499605545545573,3.694753760016912,0,0.0,0
17,100,RACE,healthy_evaluation,exploratory_cluster,1,31,24.076789089476662,2.8595433896829863,23.563902571601055,25.429279433411846,26.328311683630496,34.35874232083305,37.73352131084831,26.48425801079748,1.424752820919679,11.249263300050831,0,0.0,0
17,100,RACE,healthy_evaluation,exploratory_cluster,2,28,23.334235121645374,2.4491756837748118,22.71223782157901,24.669651253865926,27.12485759990074,32.038880113260696,33.38092494216386,28.410388538818797,1.1749548900590896,4.970536403345061,0,0.0,0
17,100,SourceOnly,anomaly_evaluation,exploratory_cluster,0,260,108.3283642331576,133.98100073115424,51.78109977722197,255.21014262055988,544.5054242614334,553.6644323134863,614.1332181254023,555.2070271840735,1.1061337268013225,58.926190941328855,102,0.3923076923076923,0
17,100,SourceOnly,anomaly_evaluation,exploratory_cluster,1,208,114.00038071438993,154.9897048728508,66.25249607502616,332.8865921452841,428.42570116465623,552.8825997915571,1484.1011178479648,554.2412373738036,2.6777168816960915,929.8598804741612,119,0.5721153846153846,0
17,100,SourceOnly,anomaly_evaluation,exploratory_cluster,2,287,108.00118884615836,117.26050488185346,66.15043263218294,234.64460545892777,430.1018314496422,551.8999383522621,554.3313911223405,553.46697658449,1.0015618177315382,0.8644145378505073,156,0.5435540069686411,0
17,100,SourceOnly,calibration,exploratory_cluster,0,43,36.74942067812428,4.988925258174528,36.93726785791585,38.96223040483575,39.38867927907205,53.06652533875211,62.880289611075185,39.51418420078224,1.591334627878522,23.366105410292946,0,0.0,1
17,100,SourceOnly,calibration,exploratory_cluster,1,26,35.29035811381246,3.3503635560006586,35.675325606762385,38.992090187649445,40.15691095369948,40.69812637559062,40.79410352752657,40.41019491978276,1.0095002909168318,0.3839086077438125,0,0.0,0
17,100,SourceOnly,calibration,exploratory_cluster,2,31,35.810146908905836,3.302957481635672,36.837702763033406,39.698922242239476,39.97545811575229,40.21112899860528,40.254469015911404,40.110002291557656,1.0036017630541036,0.14446672435374808,0,0.0,0
17,100,SourceOnly,healthy_evaluation,exploratory_cluster,0,41,35.59104343864057,3.9058273134398633,36.76248599937759,39.11860379805157,40.3308443653042,41.834117260399694,42.008934249455876,41.57189177681542,1.0105129320307764,0.4370424726404565,0,0.0,0
17,100,SourceOnly,healthy_evaluation,exploratory_cluster,1,31,36.29512681829453,5.988417497426016,36.208346083353405,39.6622132984525,40.365140935908585,55.61238052994836,61.968002022180706,40.78259704807294,1.519471698899784,21.18540497410777,0,0.0,0
17,100,SourceOnly,healthy_evaluation,exploratory_cluster,2,28,35.03381111833793,4.417165783602349,35.72651804730625,39.9673892373763,43.334781092914376,43.96932028389009,43.99057039074653,43.91186629127825,1.0017923196191711,0.0787040994682755,0,0.0,0
17,100,TargetOnly,anomaly_evaluation,exploratory_cluster,0,260,294.30267198684356,116.04946897503262,250.3251090684388,400.2801489541283,697.9207735946345,702.7026860710164,703.4793127892326,703.3416063447183,1.0001957888503568,0.13770644451426506,260,1.0,0
17,100,TargetOnly,anomaly_evaluation,exploratory_cluster,1,208,300.5508338068108,131.4561830388812,267.74786570450567,399.5018597757209,526.6563509011183,702.5970957799722,1536.7148210037612,703.0178920510446,2.185882946051939,833.6969289527167,208,1.0,0
17,100,TargetOnly,anomaly_evaluation,exploratory_cluster,2,287,296.37379402799735,105.1685150196782,259.21235829375564,398.07796500806046,584.9431393839213,700.6032659974295,706.6114223869384,704.3712343316499,1.0031804082082003,2.240188055288513,287,1.0,0
17,100,TargetOnly,calibration,exploratory_cluster,0,43,33.3381363187181,8.436695102732077,31.817903673227338,35.65060894397114,36.672294836767314,66.56449659862758,84.70725524903742,41.51021084329988,2.0406365934590265,43.197044405737536,0,0.0,1
17,100,TargetOnly,calibration,exploratory_cluster,1,26,32.34349857125393,1.7332135578355026,32.02032381850279,34.29363107833201,34.71132374536718,37.012047463136255,37.762688192362546,34.760125275457376,1.0863795194381864,3.0025629169051697,0,0.0,0
17,100,TargetOnly,calibration,exploratory_cluster,2,31,32.330065801212484,1.9953278597801798,32.1794971098661,34.5749895503239,35.67422701476811,37.19015000866496,37.75407915861461,35.87431532544912,1.05239859816452,1.879763833165491,0,0.0,0
17,100,TargetOnly,healthy_evaluation,exploratory_cluster,0,41,34.47251543438901,13.113240331783791,30.766834892443114,34.17822616590804,67.14320802261766,85.62623768796497,86.05326147782982,84.9857020031677,1.0125616362458514,1.0675594746621186,2,0.04878048780487805,0
17,100,TargetOnly,healthy_evaluation,exploratory_cluster,1,31,34.61889456073191,10.066906659373343,32.688874188112464,35.02105280529879,38.07102726753843,73.38309478461429,87.60466353364953,40.199434370198816,2.1792511488319297,47.40522916345071,1,0.03225806451612903,0
17,100,TargetOnly,healthy_evaluation,exploratory_cluster,2,28,37.519043969948484,20.657993696766688,32.25078062944436,38.47420817459873,68.51414687661746,117.07874657413302,129.21040950929944,84.27832456423859,1.5331392760520854,44.93208494506085,1,0.03571428571428571,0
18,10,Pooled,anomaly_evaluation,exploratory_cluster,0,260,110.7933854908901,133.20023355403083,60.46688063137165,254.1609082320882,542.0071504149699,553.9548569094252,611.4960869090651,555.407534891543,1.1009863001381044,56.088552017522034,135,0.5192307692307693,0
18,10,Pooled,anomaly_evaluation,exploratory_cluster,1,208,114.46032663042025,154.52871538935963,65.93505407535203,328.6592299473296,426.51491611702215,553.0604194564269,1479.6109499324864,554.4623372199733,2.668550865602755,925.1486127125131,131,0.6298076923076923,0
18,10,Pooled,anomaly_evaluation,exploratory_cluster,2,287,109.67710265997313,116.33221996166766,67.34536707585431,233.61894984773315,428.0772934069553,552.1671558403806,554.5176688451322,553.5989030632838,1.001659623559159,0.9187657818483785,185,0.6445993031358885,0
18,10,Pooled,calibration,exploratory_cluster,0,43,32.135592518121534,9.854035873884708,28.481576228871138,53.01434228927809,58.694442376625936,58.806206662155795,58.81745140228445,58.79067821150194,1.000455398569926,0.026773190782506617,0,0.0,1
18,10,Pooled,calibration,exploratory_cluster,1,37,30.589943170324855,7.602570313154771,28.76662535179764,31.497547031221018,50.02033319147418,58.43893717527668,58.69709126080099,57.97999657878901,1.0123679669597343,0.7170946820119752,0,0.0,0
18,10,Pooled,calibration,exploratory_cluster,2,20,29.410911415369803,6.955042076190916,27.59127393003309,30.394922423057245,32.02234457267087,53.20889388273387,58.505531210249664,30.628492644377225,1.9101668465878652,27.87703856587244,0,0.0,0
18,10,Pooled,healthy_evaluation,exploratory_cluster,0,44,30.01164162381429,8.016335008139054,27.854492687295902,30.772812443221483,54.08578642082003,59.1112008296049,59.24784712853772,58.930065037996265,1.005392529099307,0.31778209054145634,2,0.045454545454545456,0
18,10,Pooled,healthy_evaluation,exploratory_cluster,1,28,33.47248844556923,11.239364822890899,29.44427281515736,57.94961788881759,59.96845458412865,62.4694900947465,63.30272589463852,60.21666737651992,1.051249241324204,3.086058518118598,3,0.10714285714285714,0
18,10,Pooled,healthy_evaluation,exploratory_cluster,2,28,29.939725176399342,6.101543661445306,28.591370403329087,32.64542057972572,35.48300127905434,52.49822389594441,58.697649208451296,35.73681471768503,1.6424980701876508,22.960834490766267,0,0.0,0
18,10,RACE,anomaly_evaluation,exploratory_cluster,0,260,85.47787105671678,97.74160376398424,45.271142892879354,205.80425546578292,354.48435992158204,407.50315771640527,408.57276781548626,408.47500204252236,1.0002393433440848,0.09776577296389632,114,0.43846153846153846,0
18,10,RACE,anomaly_evaluation,exploratory_cluster,1,208,90.89013200597184,116.92878964402645,57.86113001943309,286.1239302094533,315.62719190156645,407.2985848819255,1162.6587485031052,407.9228109094288,2.850193020368382,754.7359375936765,127,0.6105769230769231,0
18,10,RACE,anomaly_evaluation,exploratory_cluster,2,287,87.49013735983786,88.56637874320242,57.26935069648463,189.16535615605454,315.31011114287685,406.82447333823916,408.3429083852557,407.881059802368,1.0011323119124764,0.46184858288773967,168,0.5853658536585366,0
18,10,RACE,calibration,exploratory_cluster,0,43,31.054213196548325,3.2513983799202597,30.580045054912187,36.97734851573242,38.3439315270709,38.69835269003427,38.89069579389034,38.432736022804455,1.0119158774127908,0.45795977108588204,0,0.0,0
18,10,RACE,calibration,exploratory_cluster,1,37,30.31515198235561,4.543847783572525,30.159974699420083,32.55506288837652,37.74378223105721,44.615253076366166,47.96790192569767,38.65498845533238,1.2409239749515586,9.312913470365288,0,0.0,1
18,10,RACE,calibration,exploratory_cluster,2,20,28.792030747102416,3.0997752445572715,29.022123970198734,30.677791235122072,31.364771457154397,36.4547123050681,37.727197517046534,31.029906927686383,1.2158334088776948,6.697290589360151,0,0.0,0
18,10,RACE,healthy_evaluation,exploratory_cluster,0,44,30.129726806198654,5.4911641942917315,29.906351177068668,32.216240169937585,37.63376930666754,49.40764598245222,57.20286436376637,39.074449523500896,1.4639454953642366,18.128414840265478,1,0.022727272727272728,0
18,10,RACE,healthy_evaluation,exploratory_cluster,1,28,32.379741569493724,7.926641038977726,30.475776669063137,40.66681531983976,50.918054747347554,56.49476114847231,57.25903458062152,54.42839223932813,1.0520067234182982,2.830642341293384,2,0.07142857142857142,0
18,10,RACE,healthy_evaluation,exploratory_cluster,2,28,29.680530677613138,3.241332610732995,29.997483622327604,32.45962056629117,34.557517659619066,37.73142942263698,38.718038395481,35.06393108865129,1.1042127107080812,3.654107306829715,0,0.0,0
18,10,SourceOnly,anomaly_evaluation,exploratory_cluster,0,260,108.3283642331576,133.98100073115424,51.78109977722197,255.21014262055988,544.5054242614334,553.6644323134863,614.1332181254023,555.2070271840735,1.1061337268013225,58.926190941328855,135,0.5192307692307693,0
18,10,SourceOnly,anomaly_evaluation,exploratory_cluster,1,208,114.00038071438993,154.9897048728508,66.25249607502616,332.8865921452841,428.42570116465623,552.8825997915571,1484.1011178479648,554.2412373738036,2.6777168816960915,929.8598804741612,138,0.6634615384615384,0
18,10,SourceOnly,anomaly_evaluation,exploratory_cluster,2,287,108.00118884615836,117.26050488185346,66.15043263218294,234.64460545892777,430.1018314496422,551.8999383522621,554.3313911223405,553.46697658449,1.0015618177315382,0.8644145378505073,189,0.6585365853658537,0
18,10,SourceOnly,calibration,exploratory_cluster,0,43,36.75602927492435,2.707850917498512,37.07196344295848,39.44800603481505,41.34469809941077,41.82537641094688,42.008934249455876,41.57189177681542,1.0105129320307764,0.4370424726404565,0,0.0,0
18,10,SourceOnly,calibration,exploratory_cluster,1,37,35.674253614212674,4.570475053545002,36.208346083353405,39.2818604222068,40.518658147466205,47.34402255012276,51.03482439502577,40.78259704807294,1.2513873095150834,10.252227346952836,0,0.0,1
18,10,SourceOnly,calibration,exploratory_cluster,2,20,35.047739278190804,3.4175192631310374,35.93768204139194,38.51320242148072,39.063118818003986,40.27280792717033,40.57523020446192,38.98353400819041,1.0408299615919145,1.5916961962715064,0,0.0,0
18,10,SourceOnly,healthy_evaluation,exploratory_cluster,0,44,36.039986563483545,5.737879149427992,36.719496142214226,39.29045701018108,40.57909055332553,53.527294122530535,62.880289611075185,41.129137312134134,1.528850195273216,21.75115229894105,1,0.022727272727272728,0
18,10,SourceOnly,healthy_evaluation,exploratory_cluster,1,28,37.817493009051965,7.371595426769222,36.79590535275654,41.22462226230632,52.814632580244975,61.035556263667715,61.968002022180706,58.51449921287333,1.0590196080589134,3.4535028093073734,2,0.07142857142857142,0
18,10,SourceOnly,healthy_evaluation,exploratory_cluster,2,28,35.68511020241063,3.74330382350732,35.99022797029912,39.96498046273627,40.986885313505645,43.228603489006815,43.91186629127825,41.38126331990255,1.0611533522264072,2.5306029713757,0,0.0,0
18,10,TargetOnly,anomaly_evaluation,exploratory_cluster,0,260,10204.45698380877,10618.815835552781,524.8254192133213,19987.73440334394,19988.212859805208,39969.05997884621,39970.55805539231,39970.277109387185,1.0000070288730887,0.2809460051212227,120,0.46153846153846156,0
18,10,TargetOnly,anomaly_evaluation,exploratory_cluster,1,208,20545.944999366915,15552.699176976104,19985.868966931048,39970.37913610515,39971.225199575165,59953.13649490004,59955.62109080501,59953.64998775244,1.000032877115121,1.971103052572289,127,0.6105769230769231,0
18,10,TargetOnly,anomaly_evaluation,exploratory_cluster,2,287,16450.676100819317,14181.33843957718,19985.15791876324,39969.787010797605,39970.73163790866,42778.86123013399,59954.52708752605,59953.80222261476,1.000012090391008,0.724864911288023,171,0.5958188153310104,0
18,10,TargetOnly,calibration,exploratory_cluster,0,43,31.45440244244766,5.200795877059763,30.914289787808205,34.10183475971505,34.4683028413471,50.94447906242871,61.267642553469855,36.68868186051485,1.6699330541882296,24.578960692955008,0,0.0,0
18,10,TargetOnly,calibration,exploratory_cluster,1,37,2187.1955298646476,6281.519916353248,29.941221754289806,8016.437393021897,19984.08301172571,19984.292640914387,19984.293360478252,19984.291361689735,1.0000001000179832,0.001998788517084904,0,0.0,0
18,10,TargetOnly,calibration,exploratory_cluster,2,20,1776.8470650015129,5433.435599158567,31.07061462386436,1531.8563798890414,15238.473021214615,19035.44841266624,19984.692260529155,14988.672008619109,1.3333197396698737,4996.020251910046,0,0.0,1
18,10,TargetOnly,healthy_evaluation,exploratory_cluster,0,44,2297.5537745962024,6405.929223370271,30.7929540718406,13998.624658728993,19983.937678004062,19984.332531666907,19984.471010577545,19984.14896659932,1.0000161149708582,0.32204397822351893,0,0.0,0
18,10,TargetOnly,healthy_evaluation,exploratory_cluster,1,28,742.5663637415727,3770.9257265471156,30.22539006999103,33.51798568604522,36.266668399839396,14598.289529790265,19983.786849004333,37.50048154479041,532.8941396428679,19946.286367459543,0,0.0,0
18,10,TargetOnly,healthy_evaluation,exploratory_cluster,2,28,2932.161159415683,7236.210965142303,32.99643010138366,19984.160716132003,19984.367027502834,20990.959290996983,21363.22911345732,19984.451993233848,1.0689924907968598,1378.7771202234726,1,0.03571428571428571,0
18,25,Pooled,anomaly_evaluation,exploratory_cluster,0,260,107.21527655073142,133.41405081279862,51.464942097398875,253.0043545175445,540.7746926983679,550.4393218570008,616.3340157484558,551.758398099014,1.117036039454815,64.57561764944182,154,0.5923076923076923,0
18,25,Pooled,anomaly_evaluation,exploratory_cluster,1,208,112.53691183667198,154.0473746557372,64.7829660278009,325.15147707320904,425.5666464694418,549.5270395139551,1471.7609182812414,550.9545633510016,2.671292727534073,920.8063549302398,148,0.7115384615384616,0
18,25,Pooled,anomaly_evaluation,exploratory_cluster,2,287,106.66779043440737,116.47610359897493,65.05478759440938,232.80926204457876,427.1728463186444,548.6565549442422,550.8463558745752,549.9823819780049,1.0015709119507847,0.8639738965703145,213,0.7421602787456446,0
18,25,Pooled,calibration,exploratory_cluster,0,43,27.769971804902085,3.754386674043101,26.441678783394426,35.2535216369413,36.64261833986808,37.90132625659455,38.08540168896642,37.64712684998579,1.0116416543745037,0.43827483898063235,0,0.0,0
18,25,Pooled,calibration,exploratory_cluster,1,37,27.63639483370068,4.324700696269963,26.920777772799784,29.318510896659024,36.04689378843809,43.97396636878595,46.919144332769896,38.73809443281449,1.2111887541124209,8.181049899955404,0,0.0,1
18,25,Pooled,calibration,exploratory_cluster,2,20,26.488289245807586,3.001679706803209,25.60013658315449,28.188895390836844,29.25260572604882,36.44453793712081,38.24252098988883,28.779452291109866,1.328813370145413,9.463068698778965,0,0.0,0
18,25,Pooled,healthy_evaluation,exploratory_cluster,0,44,27.277659834418706,5.510744524023391,26.15316639983792,28.67568802033114,36.39457487782125,49.23908732920733,57.71250612241677,38.006881021929686,1.5184751963497631,19.705625100487083,1,0.022727272727272728,0
18,25,Pooled,healthy_evaluation,exploratory_cluster,1,28,30.357048716063087,8.873898902160077,27.538492838789253,40.760510311663644,52.23287942486209,58.514778180697704,59.26483268810334,56.48685303104543,1.0491792250407563,2.7779796570579123,2,0.07142857142857142,0
18,25,Pooled,healthy_evaluation,exploratory_cluster,2,28,27.271844158276195,3.171623576007636,26.7723018990987,30.65269145400579,34.48296963449368,36.95265807698653,37.59220804815612,35.223504451231726,1.067247811761716,2.368703596924391,0,0.0,0
18,25,RACE,anomaly_evaluation,exploratory_cluster,0,260,80.93714684192473,92.60566046227355,40.305312423957474,200.6646989512934,358.38628086567246,382.1160881592818,383.24349571813417,382.93441664145263,1.0008071331884774,0.30907907668154166,107,0.4115384615384615,0
18,25,RACE,anomaly_evaluation,exploratory_cluster,1,208,87.32535852897148,111.77420340036313,55.646919934506855,282.26941882250776,298.95593038495514,382.20548561865513,1126.7537937257478,382.67206336006484,2.944437030057142,744.0817303656829,124,0.5961538461538461,0
18,25,RACE,anomaly_evaluation,exploratory_cluster,2,287,83.9065724553932,84.92102638548327,54.575563401506884,186.17766700503077,297.28088988600695,384.0524571410625,385.61832560244824,384.97827510310344,1.0016625626450568,0.6400504993447953,162,0.5644599303135889,0
18,25,RACE,calibration,exploratory_cluster,0,43,25.11445533498097,1.458098644410807,24.733111467757364,27.039153085834794,27.869834832632183,28.303958624962522,28.338271448328147,28.25657424983856,1.0028912633841327,0.08169719848958579,0,0.0,0
18,25,RACE,calibration,exploratory_cluster,1,37,25.348321295895104,3.886693133862564,24.884989076019085,26.858754150579003,27.484051476463655,39.68782851938147,46.0720647892994,28.338075150638467,1.6258007837297086,17.73398963866093,0,0.0,1
18,25,RACE,calibration,exploratory_cluster,2,20,24.012743037070702,1.3113042182492767,23.9377743812948,25.04440099316234,26.053086206459376,27.311146708309387,27.625661833771893,25.97031906817977,1.0637397931556543,1.655342765592124,0,0.0,0
18,25,RACE,healthy_evaluation,exploratory_cluster,0,44,25.075632911614512,5.196408722871843,24.434386372458164,26.38425351211937,27.777383572124137,44.63615995517471,57.17898359784587,28.009626289308272,2.041404730189921,29.1693573085376,1,0.022727272727272728,0
18,25,RACE,healthy_evaluation,exploratory_cluster,1,28,27.695901226156714,8.672074613506782,25.07242971476363,30.760380804179505,48.59126629130855,57.516211007841754,58.24786791992802,55.53802750479369,1.0487925217527834,2.7098404151343303,2,0.07142857142857142,0
18,25,RACE,healthy_evaluation,exploratory_cluster,2,28,24.786472170838064,2.2195802395185114,24.15296158655926,27.68798018264039,28.769928321927917,31.426458745787418,32.2227892133073,29.273417111381807,1.10075257325455,2.949372101925494,0,0.0,0
18,25,SourceOnly,anomaly_evaluation,exploratory_cluster,0,260,108.3283642331576,133.98100073115424,51.78109977722197,255.21014262055988,544.5054242614334,553.6644323134863,614.1332181254023,555.2070271840735,1.1061337268013225,58.926190941328855,135,0.5192307692307693,0
18,25,SourceOnly,anomaly_evaluation,exploratory_cluster,1,208,114.00038071438993,154.9897048728508,66.25249607502616,332.8865921452841,428.42570116465623,552.8825997915571,1484.1011178479648,554.2412373738036,2.6777168816960915,929.8598804741612,138,0.6634615384615384,0
18,25,SourceOnly,anomaly_evaluation,exploratory_cluster,2,287,108.00118884615836,117.26050488185346,66.15043263218294,234.64460545892777,430.1018314496422,551.8999383522621,554.3313911223405,553.46697658449,1.0015618177315382,0.8644145378505073,189,0.6585365853658537,0
18,25,SourceOnly,calibration,exploratory_cluster,0,43,36.75602927492435,2.707850917498512,37.07196344295848,39.44800603481505,41.34469809941077,41.82537641094688,42.008934249455876,41.57189177681542,1.0105129320307764,0.4370424726404565,0,0.0,0
18,25,SourceOnly,calibration,exploratory_cluster,1,37,35.674253614212674,4.570475053545002,36.208346083353405,39.2818604222068,40.518658147466205,47.34402255012276,51.03482439502577,40.78259704807294,1.2513873095150834,10.252227346952836,0,0.0,1
18,25,SourceOnly,calibration,exploratory_cluster,2,20,35.047739278190804,3.4175192631310374,35.93768204139194,38.51320242148072,39.063118818003986,40.27280792717033,40.57523020446192,38.98353400819041,1.0408299615919145,1.5916961962715064,0,0.0,0
18,25,SourceOnly,healthy_evaluation,exploratory_cluster,0,44,36.039986563483545,5.737879149427992,36.719496142214226,39.29045701018108,40.57909055332553,53.527294122530535,62.880289611075185,41.129137312134134,1.528850195273216,21.75115229894105,1,0.022727272727272728,0
18,25,SourceOnly,healthy_evaluation,exploratory_cluster,1,28,37.817493009051965,7.371595426769222,36.79590535275654,41.22462226230632,52.814632580244975,61.035556263667715,61.968002022180706,58.51449921287333,1.0590196080589134,3.4535028093073734,2,0.07142857142857142,0
18,25,SourceOnly,healthy_evaluation,exploratory_cluster,2,28,35.68511020241063,3.74330382350732,35.99022797029912,39.96498046273627,40.986885313505645,43.228603489006815,43.91186629127825,41.38126331990255,1.0611533522264072,2.5306029713757,0,0.0,0
18,25,TargetOnly,anomaly_evaluation,exploratory_cluster,0,260,251.94039024581053,103.32973815236065,212.71885443509075,354.6347907468689,610.9426272618261,616.8144153869995,676.2250731764508,619.3036178600324,1.0919120342185422,56.92145531641836,260,1.0,0
18,25,TargetOnly,anomaly_evaluation,exploratory_cluster,1,208,250.25877411708078,123.39644928727309,214.63755683268624,354.19814787916084,451.9876250850535,614.7073829869523,1485.7124296086727,615.6070543699755,2.413410338725212,870.1053752386972,208,1.0,0
18,25,TargetOnly,anomaly_evaluation,exploratory_cluster,2,287,423.6313487711346,1548.281705215342,216.48049994163836,355.56615818710475,577.7287125485441,7401.639302552129,19493.051162599568,14895.120170734126,1.3086870692657746,4597.930991865442,287,1.0,0
18,25,TargetOnly,calibration,exploratory_cluster,0,43,31.713033639052398,5.803324923478243,30.89364709247578,34.30987063200108,34.86807797695172,53.288638164696394,65.47213382779077,36.46381082042332,1.7955373383826339,29.00832300736745,0,0.0,1
18,25,TargetOnly,calibration,exploratory_cluster,1,37,30.869040240821008,2.5237774600285516,30.816945198139926,34.2685333314655,35.17935390384977,36.44085556956471,36.77427139252009,35.84811632875514,1.025835529411682,0.926155063764952,0,0.0,0
18,25,TargetOnly,calibration,exploratory_cluster,2,20,29.36805366921135,2.6058957968924976,28.593162121485186,32.69742875745904,33.06766460345078,35.02536181026656,35.51478611197051,32.93886873458132,1.0782029704221392,2.575917377389189,0,0.0,0
18,25,TargetOnly,healthy_evaluation,exploratory_cluster,0,44,30.677900572265596,2.6210393249505737,30.887467418812413,33.83968440884177,34.20104202785172,36.731864913337695,37.692979989357084,35.457828649777106,1.0630368926889726,2.2351513395799785,0,0.0,0
18,25,TargetOnly,healthy_evaluation,exploratory_cluster,1,28,31.02750095882189,3.298635441651529,30.632356392209918,34.47310120165115,37.13891577048517,39.68660291755716,40.588675247238186,37.247666618789935,1.089697125531156,3.3410086284482503,0,0.0,0
18,25,TargetOnly,healthy_evaluation,exploratory_cluster,2,28,343.2766253300442,1652.7892386640442,30.309485378942696,35.883919819731275,38.16626758419492,6417.5935610764145,8776.653316391541,39.39496337254078,222.78617785209252,8737.258353019,1,0.03571428571428571,0
18,50,Pooled,anomaly_evaluation,exploratory_cluster,0,260,106.29661817393041,133.81621587508218,49.408329969063935,252.3440305957364,541.1792191600413,550.8287703263251,626.855830455674,552.2122208414631,1.135171962511928,74.64360961421085,149,0.573076923076923,0
18,50,Pooled,anomaly_evaluation,exploratory_cluster,1,208,111.96026446577277,154.1924905989736,63.3656061827652,323.031779225516,425.98812529938033,549.6535076055984,1473.0236426428658,551.2318160363116,2.672239881280424,921.7918266065542,147,0.7067307692307693,0
18,50,Pooled,anomaly_evaluation,exploratory_cluster,2,287,105.72153707295814,116.52988848187688,64.60529723510881,231.31769716637518,427.4390067765024,548.9792214271138,551.1712272487998,550.4336005368108,1.001340083002327,0.7376267119890372,203,0.7073170731707317,0
18,50,Pooled,calibration,exploratory_cluster,0,43,26.117844093746474,2.195843273580979,25.52508499629027,30.308283713294916,30.575637504275157,31.212634835649975,31.29035451517003,31.105307659169902,1.0059490443890715,0.1850468560001275,0,0.0,0
18,50,Pooled,calibration,exploratory_cluster,1,37,26.310896927495133,3.904545529312018,25.56037540109442,27.804365031096147,30.153146877492524,41.57022668996514,46.90555945582452,32.08519066177066,1.4619068326657088,14.820368794053863,0,0.0,1
18,50,Pooled,calibration,exploratory_cluster,2,20,25.13913114973235,1.6232466582625147,24.737020516226764,26.348015611499523,26.742893782825067,30.177642677496188,31.036329901163974,26.516923460807227,1.1704347959911925,4.519406440356747,0,0.0,0
18,50,Pooled,healthy_evaluation,exploratory_cluster,0,44,26.14924079964152,5.260515365178964,25.039763151141244,27.676690243832407,30.84467622109233,46.78718596881664,57.927268479043256,32.020099850609235,1.8090908132487007,25.90716862843402,1,0.022727272727272728,0
18,50,Pooled,healthy_evaluation,exploratory_cluster,1,28,28.953299348717902,8.690740428719861,26.46320997614057,34.94703993592707,50.245779505645466,58.139333809751626,58.81881016106592,56.30223108212409,1.044697679480429,2.516579078941831,2,0.07142857142857142,0
18,50,Pooled,healthy_evaluation,exploratory_cluster,2,28,26.095728498611315,2.618175964348218,25.853536683959383,29.130011125103305,31.65142267559652,33.8782194086038,34.59817882585757,31.931662465658395,1.0835069693933708,2.6665163601991786,0,0.0,0
18,50,RACE,anomaly_evaluation,exploratory_cluster,0,260,83.51913945308615,95.57920275633555,41.40840806410613,209.0833643144734,379.44938476481565,393.2784315196984,394.24674686265854,394.0009452801261,1.0006238603878417,0.2458015825324651,105,0.40384615384615385,0
18,50,RACE,anomaly_evaluation,exploratory_cluster,1,208,90.47341545864728,116.31191475344632,55.636758966334256,296.1016809816706,308.3242216957281,393.16631412887887,1185.4421202459548,393.74770038027356,3.010664237787494,791.6944198656813,119,0.5721153846153846,0
18,50,RACE,anomaly_evaluation,exploratory_cluster,2,287,86.79959439037462,87.73873199606413,54.248408821646585,193.63302833564038,306.22138235971283,396.55140029400917,398.1734042348167,397.23836243101033,1.0023538557506988,0.9350418038063708,161,0.5609756097560976,0
18,50,RACE,calibration,exploratory_cluster,0,43,23.436135124592614,1.2854892201120685,23.343467128814723,25.046532922395645,25.382623096736225,26.519251154829767,27.09287969064664,25.727097462511235,1.0530873033821861,1.365782228135405,0,0.0,0
18,50,RACE,calibration,exploratory_cluster,1,37,23.920618625021955,4.3755515257136,23.387319375581846,25.287992335884294,25.568440943718954,40.43766002210806,48.72690042410193,25.701232640785605,1.8958974110360998,23.025667783316322,0,0.0,1
18,50,RACE,calibration,exploratory_cluster,2,20,22.565073834101053,0.9592370975682413,22.516272145024267,23.711755008601067,24.61051994640266,24.7866179033256,24.830642392556335,24.598934554499834,1.0094194257699716,0.23170783805650075,0,0.0,0
18,50,RACE,healthy_evaluation,exploratory_cluster,0,44,23.738862567196687,5.940147626924362,22.68198292433992,25.015742839263105,25.152532429653068,45.99129893589816,61.44642540008919,25.504270832203037,2.4092602295653047,35.94215456788615,1,0.022727272727272728,0
18,50,RACE,healthy_evaluation,exploratory_cluster,1,28,26.53167611834913,10.088667003130219,23.666175949665092,28.414211787900577,50.58291029451659,61.790426778889284,62.338708783592175,60.308034692099994,1.0336717006591194,2.0306740914921804,2,0.07142857142857142,0
18,50,RACE,healthy_evaluation,exploratory_cluster,2,28,23.5037495020677,2.507162063204829,22.953174379064286,25.273176172710667,26.72369706272553,32.15216045728137,33.94099299324408,27.315687304493274,1.2425458168010652,6.625305688750807,0,0.0,0
18,50,SourceOnly,anomaly_evaluation,exploratory_cluster,0,260,108.3283642331576,133.98100073115424,51.78109977722197,255.21014262055988,544.5054242614334,553.6644323134863,614.1332181254023,555.2070271840735,1.1061337268013225,58.926190941328855,135,0.5192307692307693,0
18,50,SourceOnly,anomaly_evaluation,exploratory_cluster,1,208,114.00038071438993,154.9897048728508,66.25249607502616,332.8865921452841,428.42570116465623,552.8825997915571,1484.1011178479648,554.2412373738036,2.6777168816960915,929.8598804741612,138,0.6634615384615384,0
18,50,SourceOnly,anomaly_evaluation,exploratory_cluster,2,287,108.00118884615836,117.26050488185346,66.15043263218294,234.64460545892777,430.1018314496422,551.8999383522621,554.3313911223405,553.46697658449,1.0015618177315382,0.8644145378505073,189,0.6585365853658537,0
18,50,SourceOnly,calibration,exploratory_cluster,0,43,36.75602927492435,2.707850917498512,37.07196344295848,39.44800603481505,41.34469809941077,41.82537641094688,42.008934249455876,41.57189177681542,1.0105129320307764,0.4370424726404565,0,0.0,0
18,50,SourceOnly,calibration,exploratory_cluster,1,37,35.674253614212674,4.570475053545002,36.208346083353405,39.2818604222068,40.518658147466205,47.34402255012276,51.03482439502577,40.78259704807294,1.2513873095150834,10.252227346952836,0,0.0,1
18,50,SourceOnly,calibration,exploratory_cluster,2,20,35.047739278190804,3.4175192631310374,35.93768204139194,38.51320242148072,39.063118818003986,40.27280792717033,40.57523020446192,38.98353400819041,1.0408299615919145,1.5916961962715064,0,0.0,0
18,50,SourceOnly,healthy_evaluation,exploratory_cluster,0,44,36.039986563483545,5.737879149427992,36.719496142214226,39.29045701018108,40.57909055332553,53.527294122530535,62.880289611075185,41.129137312134134,1.528850195273216,21.75115229894105,1,0.022727272727272728,0
18,50,SourceOnly,healthy_evaluation,exploratory_cluster,1,28,37.817493009051965,7.371595426769222,36.79590535275654,41.22462226230632,52.814632580244975,61.035556263667715,61.968002022180706,58.51449921287333,1.0590196080589134,3.4535028093073734,2,0.07142857142857142,0
18,50,SourceOnly,healthy_evaluation,exploratory_cluster,2,28,35.68511020241063,3.74330382350732,35.99022797029912,39.96498046273627,40.986885313505645,43.228603489006815,43.91186629127825,41.38126331990255,1.0611533522264072,2.5306029713757,0,0.0,0
18,50,TargetOnly,anomaly_evaluation,exploratory_cluster,0,260,268.3247155468169,120.11685799636868,223.83321613037003,373.8749890875868,694.1866732059991,700.0612633960824,766.3145732805582,702.7358727311015,1.0904731109034829,63.5787005494567,260,1.0,0
18,50,TargetOnly,anomaly_evaluation,exploratory_cluster,1,208,267.15480383486135,148.06334540939375,226.12532139323451,373.8280786099211,521.1954585331223,698.1564355796984,1778.0810788464362,699.404895349683,2.542277142566246,1078.6761834967533,208,1.0,0
18,50,TargetOnly,anomaly_evaluation,exploratory_cluster,2,287,505.77527188729084,2159.7602259683367,227.35133490760202,375.2961592557312,578.124403598803,10282.103331688106,27095.416459106364,20703.06281918905,1.3087636692090039,6392.353639917314,287,1.0,0
18,50,TargetOnly,calibration,exploratory_cluster,0,43,33.23480003868077,5.406585641789764,32.264521067086086,35.85464612872562,37.192369608328946,53.29574448548536,64.60430945276067,37.679154768771944,1.7145901984591223,26.92515468398873,0,0.0,1
18,50,TargetOnly,calibration,exploratory_cluster,1,37,32.081637969294526,2.0857638378633716,32.14929497266454,34.642662257406585,35.56134179138896,36.71947463837147,37.11691118754452,36.01292077317495,1.0306553978590902,1.1039904143695694,0,0.0,0
18,50,TargetOnly,calibration,exploratory_cluster,2,20,31.006162098639926,2.0089327568223108,30.709591755615964,32.984550741430304,35.02844913971437,35.321544188748895,35.394817951007525,35.00916657069894,1.0110157258251147,0.3856513803085875,0,0.0,0
18,50,TargetOnly,healthy_evaluation,exploratory_cluster,0,44,32.07928787761208,2.3890021786852516,32.12598299506785,34.69597329275258,35.73344537146462,37.68620805309869,38.78639166315633,36.22782512813856,1.0706243481624433,2.5585665350177678,0,0.0,0
18,50,TargetOnly,healthy_evaluation,exploratory_cluster,1,28,32.786367338629915,2.637437116089612,32.94837435589924,35.86525433014308,36.86682043685115,37.65115823351366,37.749762466299956,37.38456160412851,1.009768761395108,0.36520086217144865,0,0.0,0
18,50,TargetOnly,healthy_evaluation,exploratory_cluster,2,28,466.94109099919785,2300.0974876991154,32.015417603922074,37.6169688711653,38.02702355878362,8918.676610076343,12203.226804378022,38.22608474215744,319.23820832531555,12165.000719635866,1,0.03571428571428571,0
18,100,Pooled,anomaly_evaluation,exploratory_cluster,0,260,105.081716337979,133.05454233828118,48.972814850821024,249.62629789827804,536.4554274824906,546.3962896398541,644.2354176279042,547.5423611381634,1.1765946588840126,96.6930564897408,145,0.5576923076923077,0
18,100,Pooled,anomaly_evaluation,exploratory_cluster,1,208,110.93365752265275,152.96995772970482,62.991208179918374,320.8460719414531,422.4222037189208,545.3976080904905,1462.6147398716462,546.8877753596253,2.674433047822019,915.7269645120209,143,0.6875,0
18,100,Pooled,anomaly_evaluation,exploratory_cluster,2,287,104.65592300886281,115.70592600247824,63.812357797021534,230.31780193433286,423.8658114920965,544.8219416688863,546.7830073205442,546.015694442884,1.00140529454642,0.767312877660288,201,0.7003484320557491,0
18,100,Pooled,calibration,exploratory_cluster,0,43,24.949801801036852,1.583664574855621,24.764063038635978,27.30517738345711,27.366339842481977,28.30004545205518,28.84876739047219,27.54228658471741,1.0474354517275162,1.3064808057547808,0,0.0,0
18,100,Pooled,calibration,exploratory_cluster,1,37,25.276837008646645,3.815481002254198,24.804470590010425,26.36090366082246,27.184582598601498,39.792032807507084,46.464412235329725,27.930024935822352,1.663600814610646,18.534387299507372,0,0.0,1
18,100,Pooled,calibration,exploratory_cluster,2,20,24.120691954931594,1.0923627756193217,23.977253479568553,24.95481549080428,25.245134698009586,27.16810896607806,27.64885253309518,25.118623233005078,1.1007312095340265,2.5302293000901024,0,0.0,0
18,100,Pooled,healthy_evaluation,exploratory_cluster,0,44,25.242034872928613,5.273119314559292,24.37570374435863,26.276601838309887,28.106765392366913,45.45872815187413,58.08982085044448,28.715186667722726,2.0229651132910895,29.374634182721756,1,0.022727272727272728,0
18,100,Pooled,healthy_evaluation,exploratory_cluster,1,28,27.86995490744016,8.72065469621511,25.384106886738948,31.976279817242443,49.190376717639936,57.72110833663654,58.24708464582796,56.29902424141528,1.0346020278443766,1.9480604044126792,2,0.07142857142857142,0
18,100,Pooled,healthy_evaluation,exploratory_cluster,2,28,25.168821421890726,2.6432485968086783,24.797736479099814,27.560136868823257,30.26945247800099,33.66397476331749,34.55252905280614,31.26158723988521,1.1052711043642138,3.2909418129209342,0,0.0,0
18,100,RACE,anomaly_evaluation,exploratory_cluster,0,260,86.61892602506622,98.05512115439578,42.98474263320602,214.33128535489305,390.0269819526885,403.9981105499306,404.92185477791674,404.32975186441803,1.0014644059972546,0.5921029134987066,95,0.36538461538461536,0
18,100,RACE,anomaly_evaluation,exploratory_cluster,1,208,94.84807622659628,120.94066740875368,57.70051840951827,304.7026691171859,320.2274815315963,403.9522734747126,1253.2898509701004,404.64321055692045,3.097271419048812,848.64664041318,113,0.5432692307692307,0
18,100,RACE,anomaly_evaluation,exploratory_cluster,2,287,90.84641125698022,90.49835534451994,58.14536350122162,202.35206685087434,313.80294172006575,413.10863131178394,414.4456299934403,413.8152057485024,1.0015234438855325,0.630424244937899,155,0.5400696864111498,0
18,100,RACE,calibration,exploratory_cluster,0,43,23.282396167972937,1.3252239612671983,23.2321688213613,24.789245007843896,25.38475440284359,26.73669443870445,27.18864787614032,26.11256826319778,1.0412092599278766,1.0760796129425394,0,0.0,0
18,100,RACE,calibration,exploratory_cluster,1,37,23.951960451439884,5.207041960733217,23.120314162129226,25.041902724091532,25.449063196151517,43.640496779654775,53.845592179144475,25.498104958339713,2.1117487855321224,28.347487220804762,0,0.0,1
18,100,RACE,calibration,exploratory_cluster,2,20,22.46235453280748,0.8984777705548753,22.372569867720305,23.644781910594297,23.912366238637784,24.519173997791626,24.670875937580085,23.872444675535558,1.0334457267739636,0.7984312620445273,0,0.0,0
18,100,RACE,healthy_evaluation,exploratory_cluster,0,44,23.932451109424388,7.056818949568579,22.841707211749295,24.44076177341641,24.68768073641386,50.41207136688591,69.16117571768444,25.5586074600134,2.705983720978834,43.602568257671045,1,0.022727272727272728,0
18,100,RACE,healthy_evaluation,exploratory_cluster,1,28,26.964474658012364,12.062017979367253,23.665944507015602,27.751641579770684,55.677349726591004,69.29592395478495,69.67883175151643,68.26065472658503,1.020775907154888,1.4181770249313956,2,0.07142857142857142,0
18,100,RACE,healthy_evaluation,exploratory_cluster,2,28,23.492389748037258,3.231986247053705,23.012419864947777,24.86995685841792,26.72938550490628,35.0555009058858,37.76795355938841,27.72183262048984,1.362390216997171,10.046120938898568,0,0.0,0
18,100,SourceOnly,anomaly_evaluation,exploratory_cluster,0,260,108.3283642331576,133.98100073115424,51.78109977722197,255.21014262055988,544.5054242614334,553.6644323134863,614.1332181254023,555.2070271840735,1.1061337268013225,58.926190941328855,135,0.5192307692307693,0
18,100,SourceOnly,anomaly_evaluation,exploratory_cluster,1,208,114.00038071438993,154.9897048728508,66.25249607502616,332.8865921452841,428.42570116465623,552.8825997915571,1484.1011178479648,554.2412373738036,2.6777168816960915,929.8598804741612,138,0.6634615384615384,0
18,100,SourceOnly,anomaly_evaluation,exploratory_cluster,2,287,108.00118884615836,117.26050488185346,66.15043263218294,234.64460545892777,430.1018314496422,551.8999383522621,554.3313911223405,553.46697658449,1.0015618177315382,0.8644145378505073,189,0.6585365853658537,0
18,100,SourceOnly,calibration,exploratory_cluster,0,43,36.75602927492435,2.707850917498512,37.07196344295848,39.44800603481505,41.34469809941077,41.82537641094688,42.008934249455876,41.57189177681542,1.0105129320307764,0.4370424726404565,0,0.0,0
18,100,SourceOnly,calibration,exploratory_cluster,1,37,35.674253614212674,4.570475053545002,36.208346083353405,39.2818604222068,40.518658147466205,47.34402255012276,51.03482439502577,40.78259704807294,1.2513873095150834,10.252227346952836,0,0.0,1
18,100,SourceOnly,calibration,exploratory_cluster,2,20,35.047739278190804,3.4175192631310374,35.93768204139194,38.51320242148072,39.063118818003986,40.27280792717033,40.57523020446192,38.98353400819041,1.0408299615919145,1.5916961962715064,0,0.0,0
18,100,SourceOnly,healthy_evaluation,exploratory_cluster,0,44,36.039986563483545,5.737879149427992,36.719496142214226,39.29045701018108,40.57909055332553,53.527294122530535,62.880289611075185,41.129137312134134,1.528850195273216,21.75115229894105,1,0.022727272727272728,0
18,100,SourceOnly,healthy_evaluation,exploratory_cluster,1,28,37.817493009051965,7.371595426769222,36.79590535275654,41.22462226230632,52.814632580244975,61.035556263667715,61.968002022180706,58.51449921287333,1.0590196080589134,3.4535028093073734,2,0.07142857142857142,0
18,100,SourceOnly,healthy_evaluation,exploratory_cluster,2,28,35.68511020241063,3.74330382350732,35.99022797029912,39.96498046273627,40.986885313505645,43.228603489006815,43.91186629127825,41.38126331990255,1.0611533522264072,2.5306029713757,0,0.0,0
18,100,TargetOnly,anomaly_evaluation,exploratory_cluster,0,260,279.9252575945715,117.92767715176048,234.4799641456619,399.140822700005,681.7405494496384,701.7132232845432,702.5844839617513,702.060424088339,1.000746459785271,0.5240598734122841,260,1.0,0
18,100,TargetOnly,anomaly_evaluation,exploratory_cluster,1,208,278.91450306687676,144.53433746473496,237.01072022162344,398.5381046796475,530.5555529440215,701.3415149489992,1725.9354964825611,703.0870859975925,2.4547961850752458,1022.8484104849687,208,1.0,0
18,100,TargetOnly,anomaly_evaluation,exploratory_cluster,2,287,513.8022235511911,2117.6950215180027,238.19301392829684,399.2769973639236,626.4953098587448,10094.839095706586,26584.355027510934,20315.761823338067,1.3085581165345086,6268.5932041728665,287,1.0,0
18,100,TargetOnly,calibration,exploratory_cluster,0,43,32.01486294020456,2.5762579052738306,31.77836947364593,34.698109778559605,35.67338731221843,39.333079805860855,40.9171779014884,37.14551576904187,1.101537481829501,3.7716621324465294,0,0.0,1
18,100,TargetOnly,calibration,exploratory_cluster,1,37,30.953698785358583,2.0163919577876666,30.793187686439392,33.48577934987729,35.09998317591819,36.03932266753486,36.20550562271792,35.74388630276497,1.0129146370946587,0.4616193199529519,0,0.0,0
18,100,TargetOnly,calibration,exploratory_cluster,2,20,30.715447271345948,2.1775185259846492,30.426602406186383,34.41371430490017,34.776954176868834,34.90868104151979,34.941612757682535,34.76828793577338,1.004985141121396,0.173324821909155,0,0.0,0
18,100,TargetOnly,healthy_evaluation,exploratory_cluster,0,44,31.276913116278738,1.79070672473355,31.427579284433083,33.4002428017905,34.010094487206345,35.110518760618774,35.41568717843867,34.70599318350869,1.0204487447219117,0.7096939949299781,0,0.0,0
18,100,TargetOnly,healthy_evaluation,exploratory_cluster,1,28,31.916272783410744,2.3439116027114824,31.80674665503605,35.566182779053406,35.88819666427738,36.214343033327914,36.27848434883243,36.04092392103792,1.0065914078205924,0.2375604277945058,0,0.0,0
18,100,TargetOnly,healthy_evaluation,exploratory_cluster,2,28,457.5528336094045,2255.8321750499717,31.14895463995625,35.60540326581511,37.851444643324044,8747.041092560881,11967.973402544818,38.59447667836332,310.0954963655267,11929.378925866455,1,0.03571428571428571,0
19,10,Pooled,anomaly_evaluation,exploratory_cluster,0,260,109.09569206907852,133.45756531677193,54.61503989334349,253.0213599609874,542.6816732523505,552.9738974657713,612.4944230655065,554.549256524068,1.104490567537031,57.945166541438425,143,0.55,0
19,10,Pooled,anomaly_evaluation,exploratory_cluster,1,208,113.84821160025314,154.51686610789108,65.21060286683237,330.78289917138824,426.84353000193954,552.1777061289752,1478.417906576783,553.6383919075613,2.670367388148234,924.7795146692217,138,0.6634615384615384,0
19,10,Pooled,anomaly_evaluation,exploratory_cluster,2,287,108.32811484039549,116.63853703818002,65.34818487954642,232.73244576013158,428.56365150056143,551.2929857418591,553.646102749876,552.8043542923882,1.0015226878206582,0.8417484574878245,197,0.686411149825784,0
19,10,Pooled,calibration,exploratory_cluster,0,38,30.704688769463605,4.433885511652026,29.510983153539684,32.706467811701366,42.49994326958371,46.26402365320308,46.740322658507544,45.45302804957655,1.028321426848106,1.287294608930992,0,0.0,0
19,10,Pooled,calibration,exploratory_cluster,1,36,31.122077394514562,5.758865301765059,29.505831391311574,37.55236908646353,43.01451565508553,50.03688976913792,52.461037517359266,45.534901093869735,1.1521061044848075,6.926136423489531,0,0.0,1
19,10,Pooled,calibration,exploratory_cluster,2,26,31.19314242357746,5.746762680280338,29.05340318152343,38.69704655056405,45.24308406619309,47.91991736900101,48.39933189447664,46.48167379257414,1.0412562187510739,1.9176581019024965,0,0.0,0
19,10,Pooled,healthy_evaluation,exploratory_cluster,0,49,31.07552043961649,5.318562529020091,29.629159994845356,34.79400769005526,46.16866362700541,46.992912095744906,47.06760430028787,46.91199554082337,1.003317035604019,0.15560875946449926,0,0.0,0
19,10,Pooled,healthy_evaluation,exploratory_cluster,1,28,31.80278693970742,6.838754594560876,30.250773013098602,33.387299660731,44.20562193455747,56.92850300008319,59.618826170438616,49.65466628023332,1.2006691543141406,9.964159890205295,1,0.03571428571428571,0
19,10,Pooled,healthy_evaluation,exploratory_cluster,2,23,28.87837862588755,1.4791639597804975,28.653577875413465,30.29487558328917,31.525041195619096,32.55428278905089,32.806045706675974,31.661668808380128,1.0361439223315025,1.144376898295846,0,0.0,0
19,10,RACE,anomaly_evaluation,exploratory_cluster,0,260,84.07950642329183,96.28729941444318,43.04129064954287,202.3462337306779,354.9378229542744,400.69654486240097,401.69089283287053,401.6486374867059,1.0001052047541579,0.04225534616460891,147,0.5653846153846154,0
19,10,RACE,anomaly_evaluation,exploratory_cluster,1,208,89.67534188150742,114.925157031676,56.44542775146426,285.4755203084572,310.2712871989515,400.5695685627473,1140.7747668255042,401.2478827723777,2.8430673800530677,739.5268840531265,141,0.6778846153846154,0
19,10,RACE,anomaly_evaluation,exploratory_cluster,2,287,86.19460501261719,87.52008896659366,56.16682527821194,186.50913610811867,310.35479936901186,400.06991052918005,401.60067082943425,401.20524269087167,1.0009856006265283,0.3954281385625791,204,0.710801393728223,0
19,10,RACE,calibration,exploratory_cluster,0,38,29.59056926812294,2.2064009104741005,29.4665038532411,32.0144213444916,33.2159161231038,34.06671679869279,34.081799918645224,34.04103472958459,1.0011975308443022,0.040765189060635976,0,0.0,0
19,10,RACE,calibration,exploratory_cluster,1,36,29.13570060749201,3.742814762750496,29.451626864929594,32.81527842636054,33.296545270398305,38.35956102584828,40.87708790415147,33.684153966142375,1.213540584847079,7.192933938009098,0,0.0,1
19,10,RACE,calibration,exploratory_cluster,2,26,28.891814844549348,3.4385169459809726,29.647634097721472,32.61516127187287,34.24502280736768,35.24299097061117,35.450852449179706,34.61940653490554,1.0240167581566093,0.8314459142741626,0,0.0,0
19,10,RACE,healthy_evaluation,exploratory_cluster,0,49,29.487196839283285,2.8891191946648545,29.922847843432,32.27961245028175,34.02124618896394,34.61728367465991,34.764509396748515,34.45778914239726,1.0089013329637526,0.30672025435125505,0,0.0,0
19,10,RACE,healthy_evaluation,exploratory_cluster,1,28,30.81558553111365,6.629060649325845,29.896214150102395,32.38384932538446,42.91767713371101,54.41872166101649,56.652055361050174,48.38044906462912,1.170970019012668,8.271606296421055,2,0.07142857142857142,0
19,10,RACE,healthy_evaluation,exploratory_cluster,2,23,28.710255220026937,1.861387741955719,29.007537765192193,30.61072645258957,31.162967922339117,31.699058759228144,31.833129925459556,31.2237155334986,1.019517676917955,0.6094143919609571,0,0.0,0
19,10,SourceOnly,anomaly_evaluation,exploratory_cluster,0,260,108.3283642331576,133.98100073115424,51.78109977722197,255.21014262055988,544.5054242614334,553.6644323134863,614.1332181254023,555.2070271840735,1.1061337268013225,58.926190941328855,216,0.8307692307692308,0
19,10,SourceOnly,anomaly_evaluation,exploratory_cluster,1,208,114.00038071438993,154.9897048728508,66.25249607502616,332.8865921452841,428.42570116465623,552.8825997915571,1484.1011178479648,554.2412373738036,2.6777168816960915,929.8598804741612,172,0.8269230769230769,0
19,10,SourceOnly,anomaly_evaluation,exploratory_cluster,2,287,108.00118884615836,117.26050488185346,66.15043263218294,234.64460545892777,430.1018314496422,551.8999383522621,554.3313911223405,553.46697658449,1.0015618177315382,0.8644145378505073,257,0.8954703832752613,0
19,10,SourceOnly,calibration,exploratory_cluster,0,38,36.62044094436701,2.650762262373591,37.05581348290737,39.32128767749868,39.671277110015915,41.19803581645955,41.57189177681542,40.56147026234009,1.0249108700434233,1.0104215144753326,0,0.0,0
19,10,SourceOnly,calibration,exploratory_cluster,1,36,34.93178209200273,3.8616168594253977,35.64182124889654,38.74971639431909,39.54669718682391,41.72689411954934,42.22916597679238,40.79410352752657,1.0351781832464457,1.435062449265807,0,0.0,1
19,10,SourceOnly,calibration,exploratory_cluster,2,26,34.22959289193676,3.5457993960271486,34.145366781920345,38.42597281431257,39.50836360265181,40.391651138333174,40.57523020446192,39.84091393994693,1.0184312103287048,0.7343162645149874,0,0.0,0
19,10,SourceOnly,healthy_evaluation,exploratory_cluster,0,49,35.7789252691344,3.3933398703178312,36.691058462315276,39.03619308870706,39.90180354539705,40.86660741020123,41.129137312134134,40.5822000164406,1.0134772707115918,0.5469372956935317,0,0.0,0
19,10,SourceOnly,healthy_evaluation,exploratory_cluster,1,28,37.50993547595203,6.247879113206359,37.00666129503907,40.5551380327524,47.45061360008768,59.01604406284888,61.968002022180706,51.03482439502577,1.2142297491322525,10.933177627154933,2,0.07142857142857142,0
19,10,SourceOnly,healthy_evaluation,exploratory_cluster,2,23,36.38792335944075,2.709657306948339,36.97851852591753,39.58222688928604,40.068894286625834,40.22268633655358,40.254469015911404,40.110002291557656,1.0036017630541036,0.14446672435374808,0,0.0,0
19,10,TargetOnly,anomaly_evaluation,exploratory_cluster,0,260,7848.289676822416,8079.218495966498,623.9428418160469,15285.454464665554,15286.997985820646,30566.321126222818,30566.933766907998,30566.656989427127,1.0000090548822844,0.27677748087080545,5,0.019230769230769232,0
19,10,TargetOnly,anomaly_evaluation,exploratory_cluster,1,208,15734.80023518142,11864.786219854594,15284.297216208855,30566.924215467476,30567.396601660224,45848.635299206406,45850.85707417304,45848.895615911104,1.0000427809271213,1.961458261932421,57,0.27403846153846156,0
19,10,TargetOnly,anomaly_evaluation,exploratory_cluster,2,287,12658.06047395458,10837.972983205858,15284.431421023379,30566.61108308719,30567.679835285337,32725.822343637465,45849.64561065667,45849.40170527672,1.0000053197069292,0.24390537994622719,49,0.17073170731707318,0
19,10,TargetOnly,calibration,exploratory_cluster,0,38,436.81926001865645,2473.501320845975,34.26182545507716,43.282661681839336,47.04948516766907,9649.173868687169,15283.207579643677,56.089441923279665,272.47922346149164,15227.118137720397,0,0.0,0
19,10,TargetOnly,calibration,exploratory_cluster,1,36,1303.7522177112376,4274.497602789198,32.44175935294865,45.33558864710844,15281.865161335605,15282.780877330202,15282.943052344528,15282.479695160742,1.0000303195026612,0.4633571837857744,0,0.0,0
19,10,TargetOnly,calibration,exploratory_cluster,2,26,2917.8342978663763,6108.391210502366,29.334374356630992,15282.609416365107,15282.925196741642,17281.257477566432,17947.34272121338,15283.001746625596,1.1743336170969199,2664.3409745877834,0,0.0,1
19,10,TargetOnly,healthy_evaluation,exploratory_cluster,0,49,889.9702645919339,3414.7601729260214,34.08319763509773,48.22433601485711,6896.912262990545,15282.201055033029,15282.205883937106,15282.195823720278,1.0000006582965526,0.010060216827696422,0,0.0,0
19,10,TargetOnly,healthy_evaluation,exploratory_cluster,1,28,32.173933039710384,3.811408839235289,31.222570493806927,38.19781177298983,39.05123558868717,39.95183145455829,40.248771171476655,39.14899444214936,1.0280920811632197,1.0997767293272958,0,0.0,0
19,10,TargetOnly,healthy_evaluation,exploratory_cluster,2,23,30.92013755867486,3.441361304552997,30.727142085822972,35.18131651175094,36.63745580288369,40.05942812728616,40.99093297008768,36.756820048262576,1.1151925796699935,4.234112921825101,0,0.0,0
19,25,Pooled,anomaly_evaluation,exploratory_cluster,0,260,106.83965556682982,133.85518868977132,49.96434414116689,251.11523479897375,541.7706815854044,551.8135791314696,616.9440862564805,553.275736106744,1.1150752617451725,63.66835014973651,201,0.7730769230769231,0
19,25,Pooled,anomaly_evaluation,exploratory_cluster,1,208,112.40184789687224,154.29130464300354,63.38907819872597,329.2478566557759,426.0685348135867,550.8487602748414,1472.178389250099,552.4259318599808,2.6649335310769606,919.7524573901181,179,0.8605769230769231,0
19,25,Pooled,anomaly_evaluation,exploratory_cluster,2,287,106.27279469653631,116.92078847539592,64.66923498716746,231.8698547057507,427.89867766721034,550.0286831478526,552.3553422869444,551.6404253814909,1.0012959835294142,0.7149169054534923,251,0.8745644599303136,0
19,25,Pooled,calibration,exploratory_cluster,0,38,27.115184143581963,2.075109665447746,26.864820365789267,29.638051538598113,31.099887538330144,33.075936574141984,34.166928110961564,31.218302335773483,1.0944518296822698,2.9486257751880807,0,0.0,0
19,25,Pooled,calibration,exploratory_cluster,1,36,27.648944852276923,3.3288034231714914,26.931499999744112,30.35911125958018,33.41836323338286,39.091133519885624,41.30110085596701,34.98690846716308,1.1804730016294553,6.314192388803924,0,0.0,1
19,25,Pooled,calibration,exploratory_cluster,2,26,27.671669395122876,3.077857566325951,27.09251195511181,33.036697966413925,34.52051086996555,35.400321870110325,35.58882216061576,34.83482099859401,1.0216450419553522,0.7540011620217513,0,0.0,0
19,25,Pooled,healthy_evaluation,exploratory_cluster,0,49,27.104736232874117,2.0997176173222485,26.786497979742702,29.376355774090506,31.09578039526097,33.357335017929856,34.04787562578498,32.60924935942015,1.0441171230440864,1.4386262663648353,0,0.0,0
19,25,Pooled,healthy_evaluation,exploratory_cluster,1,28,29.12323759495367,7.240555176158263,27.55190634936414,30.44902021478983,41.93559054657104,56.043676342006016,59.13234166945177,47.6928404566897,1.2398578298801552,11.439501212762067,2,0.07142857142857142,0
19,25,Pooled,healthy_evaluation,exploratory_cluster,2,23,26.165600333021693,1.5032196464058283,26.02738763248665,27.688022101730375,28.69990920515532,29.337204524718793,29.485312031010004,28.812096093322673,1.0233657397055314,0.6732159376873312,0,0.0,0
19,25,RACE,anomaly_evaluation,exploratory_cluster,0,260,81.14884996380474,92.66227162099234,40.27721600615712,199.04711697775636,359.933432017633,383.06720688454584,383.8917492856667,383.6603705074692,1.0006030822987828,0.2313787781974952,184,0.7076923076923077,0
19,25,RACE,anomaly_evaluation,exploratory_cluster,1,208,87.66127404896815,111.49173009502674,55.76067322791043,287.574051583014,298.0873924654193,382.675936925474,1122.6526802568399,383.29101048314567,2.928982547338417,739.3616697736942,167,0.8028846153846154,0
19,25,RACE,anomaly_evaluation,exploratory_cluster,2,287,84.16406696344313,85.15606137670015,54.24305420954015,185.65278678783432,296.9472944395829,387.0503888777618,388.8520341897809,388.31061997517264,1.001394281244852,0.5414142146082668,241,0.8397212543554007,0
19,25,RACE,calibration,exploratory_cluster,0,38,25.721469909393477,1.3471512549846583,25.558163802605122,27.649552067113888,27.735521286407405,28.30668568938437,28.601343475171213,27.80497108115271,1.0286413674624648,0.7963723940185012,0,0.0,0
19,25,RACE,calibration,exploratory_cluster,1,36,25.620366042625847,2.4820810718435644,25.631496738738313,27.892715373927196,28.02317477855638,33.04339433889589,35.6363979941241,28.227816122043514,1.2624567851813062,7.408581872080589,0,0.0,1
19,25,RACE,calibration,exploratory_cluster,2,26,25.28701632435429,2.4089063552591248,25.346298271935524,27.826504414805687,28.72140917673783,31.64561675938046,32.54918744109726,28.934904714230054,1.1249108218106458,3.6142827268672058,0,0.0,0
19,25,RACE,healthy_evaluation,exploratory_cluster,0,49,25.534381692419473,1.608605112831713,25.91166600079721,27.356635324588147,27.440478408533703,27.896681459184464,27.97988244618273,27.806547056603012,1.0062336179039735,0.1733353895797194,0,0.0,0
19,25,RACE,healthy_evaluation,exploratory_cluster,1,28,27.61454938059236,7.418605243805779,25.61178938030151,28.746993683711107,40.91035457081239,55.18002651853881,58.0823297816822,47.33305843670667,1.2270986008510174,10.749271344975526,2,0.07142857142857142,0
19,25,RACE,healthy_evaluation,exploratory_cluster,2,23,25.12565055916151,1.349720109852854,24.98473182875313,26.910200994917954,26.983096282632822,27.467507271972252,27.60283350235168,26.98771427335428,1.0227925648970104,0.6151192289974006,0,0.0,0
19,25,SourceOnly,anomaly_evaluation,exploratory_cluster,0,260,108.3283642331576,133.98100073115424,51.78109977722197,255.21014262055988,544.5054242614334,553.6644323134863,614.1332181254023,555.2070271840735,1.1061337268013225,58.926190941328855,216,0.8307692307692308,0
19,25,SourceOnly,anomaly_evaluation,exploratory_cluster,1,208,114.00038071438993,154.9897048728508,66.25249607502616,332.8865921452841,428.42570116465623,552.8825997915571,1484.1011178479648,554.2412373738036,2.6777168816960915,929.8598804741612,172,0.8269230769230769,0
19,25,SourceOnly,anomaly_evaluation,exploratory_cluster,2,287,108.00118884615836,117.26050488185346,66.15043263218294,234.64460545892777,430.1018314496422,551.8999383522621,554.3313911223405,553.46697658449,1.0015618177315382,0.8644145378505073,257,0.8954703832752613,0
19,25,SourceOnly,calibration,exploratory_cluster,0,38,36.62044094436701,2.650762262373591,37.05581348290737,39.32128767749868,39.671277110015915,41.19803581645955,41.57189177681542,40.56147026234009,1.0249108700434233,1.0104215144753326,0,0.0,0
19,25,SourceOnly,calibration,exploratory_cluster,1,36,34.93178209200273,3.8616168594253977,35.64182124889654,38.74971639431909,39.54669718682391,41.72689411954934,42.22916597679238,40.79410352752657,1.0351781832464457,1.435062449265807,0,0.0,1
19,25,SourceOnly,calibration,exploratory_cluster,2,26,34.22959289193676,3.5457993960271486,34.145366781920345,38.42597281431257,39.50836360265181,40.391651138333174,40.57523020446192,39.84091393994693,1.0184312103287048,0.7343162645149874,0,0.0,0
19,25,SourceOnly,healthy_evaluation,exploratory_cluster,0,49,35.7789252691344,3.3933398703178312,36.691058462315276,39.03619308870706,39.90180354539705,40.86660741020123,41.129137312134134,40.5822000164406,1.0134772707115918,0.5469372956935317,0,0.0,0
19,25,SourceOnly,healthy_evaluation,exploratory_cluster,1,28,37.50993547595203,6.247879113206359,37.00666129503907,40.5551380327524,47.45061360008768,59.01604406284888,61.968002022180706,51.03482439502577,1.2142297491322525,10.933177627154933,2,0.07142857142857142,0
19,25,SourceOnly,healthy_evaluation,exploratory_cluster,2,23,36.38792335944075,2.709657306948339,36.97851852591753,39.58222688928604,40.068894286625834,40.22268633655358,40.254469015911404,40.110002291557656,1.0036017630541036,0.14446672435374808,0,0.0,0
19,25,TargetOnly,anomaly_evaluation,exploratory_cluster,0,260,11596.610332046384,12064.176046491973,558.9720913621424,22710.78398717111,22712.880284330182,45415.513704858386,45416.57370417989,45416.49343577667,1.000001767384427,0.08026840322418138,5,0.019230769230769232,0
19,25,TargetOnly,anomaly_evaluation,exploratory_cluster,1,208,23344.284679353274,17672.991489427393,22709.232228583238,45416.25512718958,45416.94095451455,68121.5987188639,68125.92412433642,68121.80064059045,1.0000605310444997,4.123483745977865,57,0.27403846153846156,0
19,25,TargetOnly,anomaly_evaluation,exploratory_cluster,2,287,18740.433801410312,16130.836613546215,22708.937064993945,45414.91893891724,45416.59964906463,48615.20669047361,68122.6472284509,68121.49524711912,1.0000169106877,1.1519813317718217,49,0.17073170731707318,0
19,25,TargetOnly,calibration,exploratory_cluster,0,38,628.6465615351322,3678.661871009232,30.954746514520764,38.091696642815954,40.72514332490581,14321.818781692245,22708.673358113778,41.49882724461458,547.212412154629,22667.174530869164,0,0.0,0
19,25,TargetOnly,calibration,exploratory_cluster,1,36,1921.5482212686516,6356.028019259616,32.146484341749215,40.99397595671702,22706.571842759826,22707.83735896239,22708.053272226047,22707.43637718703,1.0000271670931393,0.6168950390165264,0,0.0,0
19,25,TargetOnly,calibration,exploratory_cluster,2,26,4288.332476058438,8990.939173915502,29.95241718007807,22706.602022692223,22706.72761701576,24977.83536617128,25734.868293622025,22706.73658381904,1.133358296496065,3028.131709802983,0,0.0,1
19,25,TargetOnly,healthy_evaluation,exploratory_cluster,0,49,1304.0036705373468,5078.574487991585,31.5028445318639,39.3395639886277,10235.266891291405,22707.19661025849,22707.426019254457,22706.948083846186,1.000021047980843,0.47793540827115066,0,0.0,0
19,25,TargetOnly,healthy_evaluation,exploratory_cluster,1,28,31.326079969053378,3.2135050959581393,30.847923644840016,36.24543779188076,37.59303979999537,38.38556069188102,38.65197580224986,37.66525317125414,1.0261971591299106,0.9867226309957147,0,0.0,0
19,25,TargetOnly,healthy_evaluation,exploratory_cluster,2,23,30.290483203519432,3.278032171409295,29.49369009092773,35.14711427613986,36.84856774692436,37.30201803602237,37.38890779048784,36.993954361099306,1.0106761614487973,0.3949534293885364,0,0.0,0
19,50,Pooled,anomaly_evaluation,exploratory_cluster,0,260,105.96072851545838,133.07560889182082,49.59679984041979,250.1413975284843,537.1559168769516,547.4261730731274,626.4095182369152,548.9428948179619,1.1411196394929977,77.4666234189533,215,0.8269230769230769,0
19,50,Pooled,anomaly_evaluation,exploratory_cluster,1,208,111.69908441467035,153.19323611129784,63.22903894354573,327.21088716164684,422.6364328677609,546.3201903511689,1461.749331696221,548.0034120163434,2.6674091796578563,913.7459196798775,190,0.9134615384615384,0
19,50,Pooled,anomaly_evaluation,exploratory_cluster,2,287,105.55475142500747,116.17769522786284,64.14445319399546,231.3423854923163,424.43162317903665,545.5315246160754,548.0621285085684,547.4213846943471,1.0011704764047153,0.6407438142213095,265,0.9233449477351916,0
19,50,Pooled,calibration,exploratory_cluster,0,38,25.70049814780025,2.1022182862667904,25.152655717481927,28.365563619492402,29.815878776402347,31.48937952941633,32.404594993352056,29.93103968541764,1.0826418104393323,2.473555307934415,0,0.0,0
19,50,Pooled,calibration,exploratory_cluster,1,36,26.437093121978787,3.1077811439594663,25.765489909411627,29.230770702085753,31.399439372033108,37.37144202736247,39.60357495665285,33.22605230153751,1.1919434363504036,6.377522655115342,0,0.0,1
19,50,Pooled,calibration,exploratory_cluster,2,26,26.7115304323519,2.950542839624409,26.252417865677142,31.30446916487398,32.89933498399904,34.76390136720218,35.2836946643987,33.2045214756126,1.0626171706860215,2.0791731887861005,0,0.0,0
19,50,Pooled,healthy_evaluation,exploratory_cluster,0,49,25.861340829282643,2.0133790771584463,25.573667148757835,27.80681904125051,29.891794351807118,31.65531994164158,32.27838540792777,30.980332353164883,1.0418992617627707,1.2980530547628888,0,0.0,0
19,50,Pooled,healthy_evaluation,exploratory_cluster,1,28,28.105851214618156,7.463825774919843,26.416387388006456,29.451553801041506,41.15891925285061,55.870891168050036,59.07450905453064,47.20925762312098,1.25133315008111,11.865251431409654,2,0.07142857142857142,0
19,50,Pooled,healthy_evaluation,exploratory_cluster,2,23,25.17868385726653,1.5780068886638186,24.818291486253592,27.26951931703456,28.03878869524221,28.27359963361514,28.319169756300425,28.11203283500368,1.007368265486615,0.207136921296744,0,0.0,0
19,50,RACE,anomaly_evaluation,exploratory_cluster,0,260,80.68329953660184,91.2890191277727,40.049189361994216,201.4863276602998,363.62041585840996,375.4653587421912,376.36546654322746,375.90018789277144,1.0012377717953915,0.465278650456014,203,0.7807692307692308,0
19,50,RACE,anomaly_evaluation,exploratory_cluster,1,208,87.66548692906862,111.13605294872694,54.48698648820752,285.63323987571084,302.32053637208173,374.8915537622764,1135.0168591716206,375.64527876884176,3.0215123770264873,759.3715804027788,187,0.8990384615384616,0
19,50,RACE,anomaly_evaluation,exploratory_cluster,2,287,84.42501296228588,84.65948093244135,53.10442737596436,190.25090552142348,293.76038895173696,387.88464620074865,390.5660709620842,389.1833615957332,1.003552848098854,1.3827093663510368,257,0.8954703832752613,0
19,50,RACE,calibration,exploratory_cluster,0,38,22.56337825820712,1.2424426747098538,22.591991289134256,24.124833491664507,24.81119400916571,25.315158891189864,25.602181654480923,24.826444456396978,1.0312464074123213,0.7757371980839451,0,0.0,0
19,50,RACE,calibration,exploratory_cluster,1,36,23.10603143999788,2.1710330263869912,22.670686844574707,24.51316551745157,25.05797151775036,30.886163985895372,33.34603058052368,26.31784031015711,1.2670504185578675,7.028190270366572,0,0.0,0
19,50,RACE,calibration,exploratory_cluster,2,26,23.15812975694674,2.610342557382719,22.82299121309189,24.485710557339587,26.001239558094706,32.12248429959721,34.03703094719914,26.37884435679142,1.2903154697311852,7.658186590407723,0,0.0,1
19,50,RACE,healthy_evaluation,exploratory_cluster,0,49,22.60824827716966,1.2258896183161834,22.610955230414664,24.430729732073328,24.768400283277344,25.155209522964665,25.201167956101717,25.105421220399524,1.00381378726378,0.09574673570219261,0,0.0,0
19,50,RACE,healthy_evaluation,exploratory_cluster,1,28,25.24214461077949,8.636062972677045,23.128103838726084,25.4321967060775,40.59951313535728,57.73954146167715,61.22700164701419,48.31048244206217,1.267364732290607,12.916519204952024,2,0.07142857142857142,0
19,50,RACE,healthy_evaluation,exploratory_cluster,2,23,22.25474888736039,1.2331515879950514,21.71995353659541,23.99075527801359,24.07685759970748,24.8851050633266,25.1109873223974,24.084249781166477,1.0426310784251132,1.026737541230922,0,0.0,0
19,50,SourceOnly,anomaly_evaluation,exploratory_cluster,0,260,108.3283642331576,133.98100073115424,51.78109977722197,255.21014262055988,544.5054242614334,553.6644323134863,614.1332181254023,555.2070271840735,1.1061337268013225,58.926190941328855,216,0.8307692307692308,0
19,50,SourceOnly,anomaly_evaluation,exploratory_cluster,1,208,114.00038071438993,154.9897048728508,66.25249607502616,332.8865921452841,428.42570116465623,552.8825997915571,1484.1011178479648,554.2412373738036,2.6777168816960915,929.8598804741612,172,0.8269230769230769,0
19,50,SourceOnly,anomaly_evaluation,exploratory_cluster,2,287,108.00118884615836,117.26050488185346,66.15043263218294,234.64460545892777,430.1018314496422,551.8999383522621,554.3313911223405,553.46697658449,1.0015618177315382,0.8644145378505073,257,0.8954703832752613,0
19,50,SourceOnly,calibration,exploratory_cluster,0,38,36.62044094436701,2.650762262373591,37.05581348290737,39.32128767749868,39.671277110015915,41.19803581645955,41.57189177681542,40.56147026234009,1.0249108700434233,1.0104215144753326,0,0.0,0
19,50,SourceOnly,calibration,exploratory_cluster,1,36,34.93178209200273,3.8616168594253977,35.64182124889654,38.74971639431909,39.54669718682391,41.72689411954934,42.22916597679238,40.79410352752657,1.0351781832464457,1.435062449265807,0,0.0,1
19,50,SourceOnly,calibration,exploratory_cluster,2,26,34.22959289193676,3.5457993960271486,34.145366781920345,38.42597281431257,39.50836360265181,40.391651138333174,40.57523020446192,39.84091393994693,1.0184312103287048,0.7343162645149874,0,0.0,0
19,50,SourceOnly,healthy_evaluation,exploratory_cluster,0,49,35.7789252691344,3.3933398703178312,36.691058462315276,39.03619308870706,39.90180354539705,40.86660741020123,41.129137312134134,40.5822000164406,1.0134772707115918,0.5469372956935317,0,0.0,0
19,50,SourceOnly,healthy_evaluation,exploratory_cluster,1,28,37.50993547595203,6.247879113206359,37.00666129503907,40.5551380327524,47.45061360008768,59.01604406284888,61.968002022180706,51.03482439502577,1.2142297491322525,10.933177627154933,2,0.07142857142857142,0
19,50,SourceOnly,healthy_evaluation,exploratory_cluster,2,23,36.38792335944075,2.709657306948339,36.97851852591753,39.58222688928604,40.068894286625834,40.22268633655358,40.254469015911404,40.110002291557656,1.0036017630541036,0.14446672435374808,0,0.0,0
19,50,TargetOnly,anomaly_evaluation,exploratory_cluster,0,260,230.18403028581972,99.26162811478298,192.118967443011,315.03772976933374,579.3581057682861,584.191559330733,585.4205684686216,584.5381231675792,1.0015096454210042,0.8824453010423667,0,0.0,0
19,50,TargetOnly,anomaly_evaluation,exploratory_cluster,1,208,228.33043207010132,110.23398998912457,194.665049313461,313.174746333143,438.9128177280639,582.1809401917806,1209.1147400007728,582.5362156865933,2.075604412981735,626.5785243141795,0,0.0,0
19,50,TargetOnly,anomaly_evaluation,exploratory_cluster,2,287,457.3927639714908,2030.5112752928123,195.19094161409996,327.57045836496377,528.3926665554588,9665.798566940668,25443.347803362543,19446.284352962382,1.3083912248504475,5997.063450400161,2,0.006968641114982578,0
19,50,TargetOnly,calibration,exploratory_cluster,0,38,29.74744943697987,2.122012173822139,29.259956375343044,32.72308399805235,33.06915989437327,33.73850170768181,34.00428892076994,33.28594510161284,1.0215809951306534,0.7183438191570986,0,0.0,0
19,50,TargetOnly,calibration,exploratory_cluster,1,36,29.99969716565025,2.121559826016885,29.738841771873474,32.784458985483774,33.33360446711424,34.51734621467231,34.792158215223324,34.006981070791845,1.023088704722039,0.7851771444314792,0,0.0,0
19,50,TargetOnly,calibration,exploratory_cluster,2,26,468.8934267847643,2240.7918298638615,29.432219159481647,32.65731163537681,33.05545677483559,8599.7422191722,11455.274555487798,33.14521022540576,345.6087464096802,11422.129345262392,0,0.0,1
19,50,TargetOnly,healthy_evaluation,exploratory_cluster,0,49,29.749097068726044,2.3676379290225515,29.415012841493922,32.38837304890955,33.35690908176124,36.06282854180673,36.90754269745284,35.14772153985679,1.0500692813217054,1.7598211575960505,0,0.0,0
19,50,TargetOnly,healthy_evaluation,exploratory_cluster,1,28,30.179380023686807,2.15338339314104,29.908243965170232,32.90693323424054,33.17868106342262,34.80718196585812,35.39531741237359,33.217037980834796,1.0655771725581191,2.1782794315387974,0,0.0,0
19,50,TargetOnly,healthy_evaluation,exploratory_cluster,2,23,29.387965983185328,2.304502391855709,28.766972878404417,32.873852757943425,33.360344023369215,34.3928519589504,34.674375435527445,33.39472326926815,1.0383189929720695,1.2796521662592966,0,0.0,0
19,100,Pooled,anomaly_evaluation,exploratory_cluster,0,260,104.84800688737705,132.70115407428153,49.19867080151154,248.83199739427943,534.3170795664925,544.0527371333859,649.9462830803403,545.5952667047496,1.191260853500147,104.35101637559069,237,0.9115384615384615,0
19,100,Pooled,anomaly_evaluation,exploratory_cluster,1,208,108.87942586339673,153.2284058379679,58.500211797842255,324.58060538914805,420.4181844582032,543.0345831718772,1462.3802454963056,545.0125695308051,2.683204621785607,917.3676759655006,203,0.9759615384615384,0
19,100,Pooled,anomaly_evaluation,exploratory_cluster,2,287,103.18145520141975,115.54927316590057,59.204856286104615,229.42143148692725,422.3626158878272,542.3286685496587,544.6974191914622,543.8450031059879,1.0015673879149503,0.8524160854743741,276,0.9616724738675958,0
19,100,Pooled,calibration,exploratory_cluster,0,38,24.756610167894436,1.6765216586344953,24.347909331855725,27.294393768749295,27.65126502172526,29.048203580272055,29.77520670587441,27.8103333934356,1.0706526342076361,1.9648733124388116,0,0.0,0
19,100,Pooled,calibration,exploratory_cluster,1,36,25.393494223166222,2.739933589895239,24.832197935163087,27.554038168196556,29.096272715911685,35.227960729393615,37.366225751657666,31.25689711661754,1.1954553778081873,6.109328635040125,0,0.0,1
19,100,Pooled,calibration,exploratory_cluster,2,26,25.536977916236875,2.7333626360696277,25.13072066527714,29.077056663278768,30.27098871850312,33.79113713924051,34.905247427506346,30.448806274443,1.1463584848908783,4.456441153063345,0,0.0,0
19,100,Pooled,healthy_evaluation,exploratory_cluster,0,49,24.883744581583993,1.618473136830147,24.796966088386995,26.619265383652344,27.60966732516803,29.065757902120335,29.846155300929382,28.22032738674388,1.0576119437561597,1.6258279141855034,0,0.0,0
19,100,Pooled,healthy_evaluation,exploratory_cluster,1,28,25.85253620941407,2.9176379182649326,25.531321289650187,27.98560324824949,30.510126079818548,35.15057718323813,36.390967056607906,31.796930488571668,1.1444805047986444,4.594036568036238,0,0.0,0
19,100,Pooled,healthy_evaluation,exploratory_cluster,2,23,24.349896642139516,1.397976458527127,23.975613377996243,25.848158951806283,26.852755906577702,27.251260976039497,27.334260892297056,26.956988545671784,1.013995344694608,0.3772723466252721,0,0.0,0
19,100,RACE,anomaly_evaluation,exploratory_cluster,0,260,87.4784088591651,99.12621092291586,43.33264500164762,219.40668742696326,397.49645073156364,407.2350466943611,407.99259557526204,407.6038129253365,1.0009538248603105,0.38878264992553113,178,0.6846153846153846,0
19,100,RACE,anomaly_evaluation,exploratory_cluster,1,208,91.9045016810169,122.84142462205057,53.5508335293692,306.7340313983591,332.0221661691183,406.94084469370347,1264.5577845758487,407.99984023189154,3.0994075484370835,856.5579443439572,173,0.8317307692307693,0
19,100,RACE,anomaly_evaluation,exploratory_cluster,2,287,89.24040027744975,91.93754452009436,53.292017558463876,204.26125353385575,322.40079865316073,413.60090969517216,415.9897264764885,415.07925948111784,1.0021934774493644,0.9104669953706548,236,0.8222996515679443,0
19,100,RACE,calibration,exploratory_cluster,0,38,23.251961705004046,1.130595910356955,23.01955563565229,24.792340900917424,25.163851773884893,25.495951491336644,25.64847122457579,25.23625572933485,1.0163342573344498,0.4122154952409396,0,0.0,0
19,100,RACE,calibration,exploratory_cluster,1,36,23.885897218596444,2.2266033132561533,23.419882875034837,25.576490782747285,26.233395227095908,32.08789194874024,34.6910836381022,27.253393097068077,1.2729087902758893,7.437690541034122,0,0.0,0
19,100,RACE,calibration,exploratory_cluster,2,26,24.00856094935658,3.3093287105468505,23.6981054998732,25.439801491205962,26.532828476271206,35.559730773378746,38.50700285738843,26.71791452134971,1.4412428345265613,11.78908833603872,0,0.0,1
19,100,RACE,healthy_evaluation,exploratory_cluster,0,49,23.3684892767134,1.2423032441189177,23.386392254876046,25.298207569417357,25.647097921303764,25.769913155448492,25.80062560272889,25.736641337561394,1.0024861155862677,0.06398426516749467,0,0.0,0
19,100,RACE,healthy_evaluation,exploratory_cluster,1,28,24.17290150257598,2.081757564590844,24.22118773073185,26.210388563681338,27.338458121044958,29.959145507005143,30.753735814977215,27.810808748413987,1.1058195427966855,2.9429270665632288,0,0.0,0
19,100,RACE,healthy_evaluation,exploratory_cluster,2,23,23.09482066358685,1.384833258451813,22.86045900422577,24.904914876674972,24.926734491833713,26.157001187110573,26.50343380441174,24.928740089406435,1.0631678018767774,1.5746937150053029,0,0.0,0
19,100,SourceOnly,anomaly_evaluation,exploratory_cluster,0,260,108.3283642331576,133.98100073115424,51.78109977722197,255.21014262055988,544.5054242614334,553.6644323134863,614.1332181254023,555.2070271840735,1.1061337268013225,58.926190941328855,216,0.8307692307692308,0
19,100,SourceOnly,anomaly_evaluation,exploratory_cluster,1,208,114.00038071438993,154.9897048728508,66.25249607502616,332.8865921452841,428.42570116465623,552.8825997915571,1484.1011178479648,554.2412373738036,2.6777168816960915,929.8598804741612,172,0.8269230769230769,0
19,100,SourceOnly,anomaly_evaluation,exploratory_cluster,2,287,108.00118884615836,117.26050488185346,66.15043263218294,234.64460545892777,430.1018314496422,551.8999383522621,554.3313911223405,553.46697658449,1.0015618177315382,0.8644145378505073,257,0.8954703832752613,0
19,100,SourceOnly,calibration,exploratory_cluster,0,38,36.62044094436701,2.650762262373591,37.05581348290737,39.32128767749868,39.671277110015915,41.19803581645955,41.57189177681542,40.56147026234009,1.0249108700434233,1.0104215144753326,0,0.0,0
19,100,SourceOnly,calibration,exploratory_cluster,1,36,34.93178209200273,3.8616168594253977,35.64182124889654,38.74971639431909,39.54669718682391,41.72689411954934,42.22916597679238,40.79410352752657,1.0351781832464457,1.435062449265807,0,0.0,1
19,100,SourceOnly,calibration,exploratory_cluster,2,26,34.22959289193676,3.5457993960271486,34.145366781920345,38.42597281431257,39.50836360265181,40.391651138333174,40.57523020446192,39.84091393994693,1.0184312103287048,0.7343162645149874,0,0.0,0
19,100,SourceOnly,healthy_evaluation,exploratory_cluster,0,49,35.7789252691344,3.3933398703178312,36.691058462315276,39.03619308870706,39.90180354539705,40.86660741020123,41.129137312134134,40.5822000164406,1.0134772707115918,0.5469372956935317,0,0.0,0
19,100,SourceOnly,healthy_evaluation,exploratory_cluster,1,28,37.50993547595203,6.247879113206359,37.00666129503907,40.5551380327524,47.45061360008768,59.01604406284888,61.968002022180706,51.03482439502577,1.2142297491322525,10.933177627154933,2,0.07142857142857142,0
19,100,SourceOnly,healthy_evaluation,exploratory_cluster,2,23,36.38792335944075,2.709657306948339,36.97851852591753,39.58222688928604,40.068894286625834,40.22268633655358,40.254469015911404,40.110002291557656,1.0036017630541036,0.14446672435374808,0,0.0,0
19,100,TargetOnly,anomaly_evaluation,exploratory_cluster,0,260,283.5077714597766,120.08335164664007,237.41137212901074,392.7148878631089,661.7462529042616,712.7688329435573,713.436572268326,713.4173702072756,1.0000269156062809,0.01920206105046418,0,0.0,0
19,100,TargetOnly,anomaly_evaluation,exploratory_cluster,1,208,280.67103943646936,134.887712645503,237.95661197244965,391.45675901111065,525.1257243652112,713.5348821343104,1489.0761425054452,714.7211191320683,2.08343660575432,774.3550233733769,0,0.0,0
19,100,TargetOnly,anomaly_evaluation,exploratory_cluster,2,287,564.8203265958708,2520.8915379760997,240.49971647410737,400.56581983969573,637.0797320901518,12002.611596391409,31581.241449238314,24137.89646114644,1.3083675911889445,7443.344988091874,2,0.006968641114982578,0
19,100,TargetOnly,calibration,exploratory_cluster,0,38,31.975674751313573,1.8333764023756791,31.751261930281697,34.090917059894,34.383723920743826,36.49308134937569,37.56789499059878,34.66299325756339,1.083804122496015,2.9049017330353877,0,0.0,0
19,100,TargetOnly,calibration,exploratory_cluster,1,36,32.391701293485816,2.3827323665610467,32.08848064578194,34.82174184065619,36.68313246836564,39.723021398140304,40.101380651829594,39.020354212717336,1.0277041677586805,1.0810264391122573,0,0.0,0
19,100,TargetOnly,calibration,exploratory_cluster,2,26,577.1889664797565,2781.873115107927,31.154568807880064,34.963280310173985,35.26949220837099,10671.168162024973,14216.440258014956,35.35187405502029,402.14106431497913,14181.088383959936,0,0.0,1
19,100,TargetOnly,healthy_evaluation,exploratory_cluster,0,49,32.1010017632005,2.0960239744840803,31.731835029557118,34.57043826236522,35.968763726272805,36.42204152933231,36.51827022381536,36.317793776975684,1.0055200612699875,0.20047644683967292,0,0.0,0
19,100,TargetOnly,healthy_evaluation,exploratory_cluster,1,28,32.68426444038488,1.85937936296574,32.32858911983926,35.00300275718703,35.64839484643886,36.862922235433324,37.235100891685065,35.856661424086035,1.0384430511055078,1.37843946759903,0,0.0,0
19,100,TargetOnly,healthy_evaluation,exploratory_cluster,2,23,31.726948868567625,2.2241882085852906,31.422278065487944,34.331492573693424,34.929192629293176,35.69535548066271,35.89320666724361,34.99388309187588,1.0256994507584818,0.8993235753677311,0,0.0,0
