seed,commissioning_n,selection_rank,sample_nr,label,label_name,unique_label_count,labels_json,has_single_label,row_count,first_global_row,last_global_row,contiguous_segment_count,rows_are_contiguous,first_timestamp,last_timestamp,minimum_timestamp,maximum_timestamp,duration_seconds,timestamp_decrease_count,timestamp_equal_count,positive_delta_count,timestamps_monotonic_nondecreasing,mean_positive_delta_seconds,std_positive_delta_seconds,minimum_positive_delta_seconds,maximum_positive_delta_seconds,estimated_sampling_rate_hz,runtime_state_count,runtime_states_json,exclusion_reason,protocol_eligible,partition
13,10,1,1747,0,normal_tightening,1,[0],True,1524,2704434,2705957,1,True,15805.034,15820.274,15805.034,15820.274,15.24,0,0,1523,True,0.0100065659882,0.000256157704535,0.00999999999658,0.0199999999986,99.9343832021,3,"[0, 1, 2]",,True,commissioning
13,10,2,2292,0,normal_tightening,1,[0],True,1566,3550637,3552202,1,True,14883.59,14899.28,14883.59,14899.28,15.69,0,0,1565,True,0.0100255591054,0.000504913642628,0.00999999999476,0.0200000000059,99.7450605481,3,"[0, 1, 2]",,True,commissioning
13,10,3,2610,0,normal_tightening,1,[0],True,1627,4059603,4061229,1,True,26955.11,26971.37,26955.11,26971.37,16.26,0,0,1626,True,0.01,0.0,0.0099999999984,0.010000000002,100.0,2,"[1, 2]",,True,commissioning
13,10,4,3708,0,normal_tightening,1,[0],True,1472,5633877,5635348,1,True,1995.938,2010.648,1995.938,2010.648,14.71,0,0,1471,True,0.01,1.37251640234e-09,0.00999999999999,0.0100000000002,100.0,3,"[0, 1, 2]",,True,commissioning
13,10,5,3180,0,normal_tightening,1,[0],True,1721,4847901,4849621,1,True,14882.605,14899.895,14882.605,14899.895,17.29,0,0,1720,True,0.0100523255814,0.0016166450146,0.00999999999476,0.0699999999997,99.4794679005,3,"[0, 1, 2]",,True,commissioning
13,10,6,3152,0,normal_tightening,1,[0],True,1681,4809173,4810853,1,True,14173.278,14190.578,14173.278,14190.578,17.3,0,0,1680,True,0.0102976190476,0.00327791949807,0.0099999999984,0.0799999999999,97.1098265896,3,"[0, 1, 2]",,True,commissioning
13,10,7,2506,0,normal_tightening,1,[0],True,1645,3893761,3895405,1,True,10146.679,10163.139,10146.679,10163.139,16.46,0,0,1644,True,0.0100121654501,0.000348577829259,0.0099999999984,0.0200000000004,99.8784933171,3,"[0, 1, 2]",,True,commissioning
13,10,8,1627,0,normal_tightening,1,[0],True,1266,2520810,2522075,1,True,4168.941,4181.591,4168.941,4181.591,12.65,0,0,1265,True,0.01,0.0,0.0099999999984,0.0100000000011,100.0,3,"[0, 1, 2]",,True,commissioning
13,10,9,3614,0,normal_tightening,1,[0],True,1184,5484594,5485777,1,True,16991.67,17003.5,16991.67,17003.5,11.83,0,0,1183,True,0.01,1.12266870693e-09,0.0099999999984,0.010000000002,100.0,3,"[0, 1, 2]",,True,commissioning
13,10,10,3850,0,normal_tightening,1,[0],True,1552,5854035,5855586,1,True,23140.683,23156.203,23140.683,23156.203,15.52,0,0,1551,True,0.0100064474533,0.000253836488535,0.0099999999984,0.0200000000004,99.9355670103,2,"[1, 2]",,True,commissioning
13,25,1,1747,0,normal_tightening,1,[0],True,1524,2704434,2705957,1,True,15805.034,15820.274,15805.034,15820.274,15.24,0,0,1523,True,0.0100065659882,0.000256157704535,0.00999999999658,0.0199999999986,99.9343832021,3,"[0, 1, 2]",,True,commissioning
13,25,2,2292,0,normal_tightening,1,[0],True,1566,3550637,3552202,1,True,14883.59,14899.28,14883.59,14899.28,15.69,0,0,1565,True,0.0100255591054,0.000504913642628,0.00999999999476,0.0200000000059,99.7450605481,3,"[0, 1, 2]",,True,commissioning
13,25,3,2610,0,normal_tightening,1,[0],True,1627,4059603,4061229,1,True,26955.11,26971.37,26955.11,26971.37,16.26,0,0,1626,True,0.01,0.0,0.0099999999984,0.010000000002,100.0,2,"[1, 2]",,True,commissioning
13,25,4,3708,0,normal_tightening,1,[0],True,1472,5633877,5635348,1,True,1995.938,2010.648,1995.938,2010.648,14.71,0,0,1471,True,0.01,1.37251640234e-09,0.00999999999999,0.0100000000002,100.0,3,"[0, 1, 2]",,True,commissioning
13,25,5,3180,0,normal_tightening,1,[0],True,1721,4847901,4849621,1,True,14882.605,14899.895,14882.605,14899.895,17.29,0,0,1720,True,0.0100523255814,0.0016166450146,0.00999999999476,0.0699999999997,99.4794679005,3,"[0, 1, 2]",,True,commissioning
13,25,6,3152,0,normal_tightening,1,[0],True,1681,4809173,4810853,1,True,14173.278,14190.578,14173.278,14190.578,17.3,0,0,1680,True,0.0102976190476,0.00327791949807,0.0099999999984,0.0799999999999,97.1098265896,3,"[0, 1, 2]",,True,commissioning
13,25,7,2506,0,normal_tightening,1,[0],True,1645,3893761,3895405,1,True,10146.679,10163.139,10146.679,10163.139,16.46,0,0,1644,True,0.0100121654501,0.000348577829259,0.0099999999984,0.0200000000004,99.8784933171,3,"[0, 1, 2]",,True,commissioning
13,25,8,1627,0,normal_tightening,1,[0],True,1266,2520810,2522075,1,True,4168.941,4181.591,4168.941,4181.591,12.65,0,0,1265,True,0.01,0.0,0.0099999999984,0.0100000000011,100.0,3,"[0, 1, 2]",,True,commissioning
13,25,9,3614,0,normal_tightening,1,[0],True,1184,5484594,5485777,1,True,16991.67,17003.5,16991.67,17003.5,11.83,0,0,1183,True,0.01,1.12266870693e-09,0.0099999999984,0.010000000002,100.0,3,"[0, 1, 2]",,True,commissioning
13,25,10,3850,0,normal_tightening,1,[0],True,1552,5854035,5855586,1,True,23140.683,23156.203,23140.683,23156.203,15.52,0,0,1551,True,0.0100064474533,0.000253836488535,0.0099999999984,0.0200000000004,99.9355670103,2,"[1, 2]",,True,commissioning
13,25,11,2468,0,normal_tightening,1,[0],True,1477,3830444,3831920,1,True,9512.339,9527.099,9512.339,9527.099,14.76,0,0,1476,True,0.01,0.0,0.0099999999984,0.0100000000002,100.0,3,"[0, 1, 2]",,True,commissioning
13,25,12,3332,0,normal_tightening,1,[0],True,1493,5062032,5063524,1,True,11011.55,11027.49,11011.55,11027.49,15.94,0,0,1492,True,0.0106836461126,0.00370698573968,0.0099999999984,0.0500000000011,93.6010037641,3,"[0, 1, 2]",,True,commissioning
13,25,13,929,0,normal_tightening,1,[0],True,1748,1447341,1449088,1,True,3360.44,3377.91,3360.44,3377.91,17.47,0,0,1747,True,0.01,6.37632978038e-10,0.00999999999976,0.0100000000002,100.0,3,"[0, 1, 2]",,True,commissioning
13,25,14,3456,0,normal_tightening,1,[0],True,1764,5249134,5250897,1,True,1052.464,1070.094,1052.464,1070.094,17.63,0,0,1763,True,0.01,1.52232786997e-09,0.00999999999976,0.0100000000004,100.0,3,"[0, 1, 2]",,True,commissioning
13,25,15,1649,0,normal_tightening,1,[0],True,1641,2554190,2555830,1,True,4502.791,4519.191,4502.791,4519.191,16.4,0,0,1640,True,0.01,3.86105942348e-10,0.0099999999984,0.0100000000011,100.0,3,"[0, 1, 2]",,True,commissioning
13,25,16,1639,0,normal_tightening,1,[0],True,1532,2538662,2540193,1,True,4347.501,4362.811,4347.501,4362.811,15.31,0,0,1531,True,0.01,0.0,0.0099999999984,0.0100000000011,100.0,3,"[0, 1, 2]",,True,commissioning
13,25,17,859,0,normal_tightening,1,[0],True,1743,1339263,1341005,1,True,2277.81,2295.26,2277.81,2295.26,17.45,0,0,1742,True,0.0100172215844,0.000535471589774,0.00999999999976,0.0299999999997,99.8280802292,3,"[0, 1, 2]",,True,commissioning
13,25,18,3510,0,normal_tightening,1,[0],True,1729,5327932,5329660,1,True,1874.594,1891.874,1874.594,1891.874,17.28,0,0,1728,True,0.01,1.51339918375e-09,0.00999999999999,0.0100000000002,100.0,3,"[0, 1, 2]",,True,commissioning
13,25,19,1374,0,normal_tightening,1,[0],True,1581,2130355,2131935,1,True,8386.784,8404.884,8386.784,8404.884,18.1,0,0,1580,True,0.0114556962025,0.00871677775263,0.0099999999984,0.100000000002,87.2928176796,2,"[1, 2]",,True,commissioning
13,25,20,1969,0,normal_tightening,1,[0],True,1361,3046585,3047945,1,True,7605.875,7619.535,7605.875,7619.535,13.66,0,0,1360,True,0.0100441176471,0.00101363967856,0.00999999999749,0.04,99.560761347,3,"[0, 1, 2]",,True,commissioning
13,25,21,685,0,normal_tightening,1,[0],True,1422,1066835,1068256,1,True,14738.341,14752.551,14738.341,14752.551,14.21,0,0,1421,True,0.01,0.0,0.0099999999984,0.0100000000039,100.0,3,"[0, 1, 2]",,True,commissioning
13,25,22,2428,0,normal_tightening,1,[0],True,1740,3764058,3765797,1,True,8413.449,8430.839,8413.449,8430.839,17.39,0,0,1739,True,0.01,3.39129216578e-05,0.00900000000001,0.0109999999986,100.0,3,"[0, 1, 2]",,True,commissioning
13,25,23,3620,0,normal_tightening,1,[0],True,1684,5492835,5494518,1,True,17074.09,17090.92,17074.09,17090.92,16.83,0,0,1683,True,0.01,0.0,0.0099999999984,0.010000000002,100.0,3,"[0, 1, 2]",,True,commissioning
13,25,24,1531,0,normal_tightening,1,[0],True,1466,2377303,2378768,1,True,1806.684,1821.334,1806.684,1821.334,14.65,0,0,1465,True,0.01,1.37251640234e-09,0.00999999999999,0.0100000000002,100.0,3,"[0, 1, 2]",,True,commissioning
13,25,25,325,0,normal_tightening,1,[0],True,1770,513464,515233,1,True,2411.34,2429.04,2411.34,2429.04,17.7,0,0,1769,True,0.0100056529112,0.000237691306294,0.00999999999976,0.02,99.9435028249,3,"[0, 1, 2]",,True,commissioning
13,50,1,1747,0,normal_tightening,1,[0],True,1524,2704434,2705957,1,True,15805.034,15820.274,15805.034,15820.274,15.24,0,0,1523,True,0.0100065659882,0.000256157704535,0.00999999999658,0.0199999999986,99.9343832021,3,"[0, 1, 2]",,True,commissioning
13,50,2,2292,0,normal_tightening,1,[0],True,1566,3550637,3552202,1,True,14883.59,14899.28,14883.59,14899.28,15.69,0,0,1565,True,0.0100255591054,0.000504913642628,0.00999999999476,0.0200000000059,99.7450605481,3,"[0, 1, 2]",,True,commissioning
13,50,3,2610,0,normal_tightening,1,[0],True,1627,4059603,4061229,1,True,26955.11,26971.37,26955.11,26971.37,16.26,0,0,1626,True,0.01,0.0,0.0099999999984,0.010000000002,100.0,2,"[1, 2]",,True,commissioning
13,50,4,3708,0,normal_tightening,1,[0],True,1472,5633877,5635348,1,True,1995.938,2010.648,1995.938,2010.648,14.71,0,0,1471,True,0.01,1.37251640234e-09,0.00999999999999,0.0100000000002,100.0,3,"[0, 1, 2]",,True,commissioning
13,50,5,3180,0,normal_tightening,1,[0],True,1721,4847901,4849621,1,True,14882.605,14899.895,14882.605,14899.895,17.29,0,0,1720,True,0.0100523255814,0.0016166450146,0.00999999999476,0.0699999999997,99.4794679005,3,"[0, 1, 2]",,True,commissioning
13,50,6,3152,0,normal_tightening,1,[0],True,1681,4809173,4810853,1,True,14173.278,14190.578,14173.278,14190.578,17.3,0,0,1680,True,0.0102976190476,0.00327791949807,0.0099999999984,0.0799999999999,97.1098265896,3,"[0, 1, 2]",,True,commissioning
13,50,7,2506,0,normal_tightening,1,[0],True,1645,3893761,3895405,1,True,10146.679,10163.139,10146.679,10163.139,16.46,0,0,1644,True,0.0100121654501,0.000348577829259,0.0099999999984,0.0200000000004,99.8784933171,3,"[0, 1, 2]",,True,commissioning
13,50,8,1627,0,normal_tightening,1,[0],True,1266,2520810,2522075,1,True,4168.941,4181.591,4168.941,4181.591,12.65,0,0,1265,True,0.01,0.0,0.0099999999984,0.0100000000011,100.0,3,"[0, 1, 2]",,True,commissioning
13,50,9,3614,0,normal_tightening,1,[0],True,1184,5484594,5485777,1,True,16991.67,17003.5,16991.67,17003.5,11.83,0,0,1183,True,0.01,1.12266870693e-09,0.0099999999984,0.010000000002,100.0,3,"[0, 1, 2]",,True,commissioning
13,50,10,3850,0,normal_tightening,1,[0],True,1552,5854035,5855586,1,True,23140.683,23156.203,23140.683,23156.203,15.52,0,0,1551,True,0.0100064474533,0.000253836488535,0.0099999999984,0.0200000000004,99.9355670103,2,"[1, 2]",,True,commissioning
13,50,11,2468,0,normal_tightening,1,[0],True,1477,3830444,3831920,1,True,9512.339,9527.099,9512.339,9527.099,14.76,0,0,1476,True,0.01,0.0,0.0099999999984,0.0100000000002,100.0,3,"[0, 1, 2]",,True,commissioning
13,50,12,3332,0,normal_tightening,1,[0],True,1493,5062032,5063524,1,True,11011.55,11027.49,11011.55,11027.49,15.94,0,0,1492,True,0.0106836461126,0.00370698573968,0.0099999999984,0.0500000000011,93.6010037641,3,"[0, 1, 2]",,True,commissioning
13,50,13,929,0,normal_tightening,1,[0],True,1748,1447341,1449088,1,True,3360.44,3377.91,3360.44,3377.91,17.47,0,0,1747,True,0.01,6.37632978038e-10,0.00999999999976,0.0100000000002,100.0,3,"[0, 1, 2]",,True,commissioning
13,50,14,3456,0,normal_tightening,1,[0],True,1764,5249134,5250897,1,True,1052.464,1070.094,1052.464,1070.094,17.63,0,0,1763,True,0.01,1.52232786997e-09,0.00999999999976,0.0100000000004,100.0,3,"[0, 1, 2]",,True,commissioning
13,50,15,1649,0,normal_tightening,1,[0],True,1641,2554190,2555830,1,True,4502.791,4519.191,4502.791,4519.191,16.4,0,0,1640,True,0.01,3.86105942348e-10,0.0099999999984,0.0100000000011,100.0,3,"[0, 1, 2]",,True,commissioning
13,50,16,1639,0,normal_tightening,1,[0],True,1532,2538662,2540193,1,True,4347.501,4362.811,4347.501,4362.811,15.31,0,0,1531,True,0.01,0.0,0.0099999999984,0.0100000000011,100.0,3,"[0, 1, 2]",,True,commissioning
13,50,17,859,0,normal_tightening,1,[0],True,1743,1339263,1341005,1,True,2277.81,2295.26,2277.81,2295.26,17.45,0,0,1742,True,0.0100172215844,0.000535471589774,0.00999999999976,0.0299999999997,99.8280802292,3,"[0, 1, 2]",,True,commissioning
13,50,18,3510,0,normal_tightening,1,[0],True,1729,5327932,5329660,1,True,1874.594,1891.874,1874.594,1891.874,17.28,0,0,1728,True,0.01,1.51339918375e-09,0.00999999999999,0.0100000000002,100.0,3,"[0, 1, 2]",,True,commissioning
13,50,19,1374,0,normal_tightening,1,[0],True,1581,2130355,2131935,1,True,8386.784,8404.884,8386.784,8404.884,18.1,0,0,1580,True,0.0114556962025,0.00871677775263,0.0099999999984,0.100000000002,87.2928176796,2,"[1, 2]",,True,commissioning
13,50,20,1969,0,normal_tightening,1,[0],True,1361,3046585,3047945,1,True,7605.875,7619.535,7605.875,7619.535,13.66,0,0,1360,True,0.0100441176471,0.00101363967856,0.00999999999749,0.04,99.560761347,3,"[0, 1, 2]",,True,commissioning
13,50,21,685,0,normal_tightening,1,[0],True,1422,1066835,1068256,1,True,14738.341,14752.551,14738.341,14752.551,14.21,0,0,1421,True,0.01,0.0,0.0099999999984,0.0100000000039,100.0,3,"[0, 1, 2]",,True,commissioning
13,50,22,2428,0,normal_tightening,1,[0],True,1740,3764058,3765797,1,True,8413.449,8430.839,8413.449,8430.839,17.39,0,0,1739,True,0.01,3.39129216578e-05,0.00900000000001,0.0109999999986,100.0,3,"[0, 1, 2]",,True,commissioning
13,50,23,3620,0,normal_tightening,1,[0],True,1684,5492835,5494518,1,True,17074.09,17090.92,17074.09,17090.92,16.83,0,0,1683,True,0.01,0.0,0.0099999999984,0.010000000002,100.0,3,"[0, 1, 2]",,True,commissioning
13,50,24,1531,0,normal_tightening,1,[0],True,1466,2377303,2378768,1,True,1806.684,1821.334,1806.684,1821.334,14.65,0,0,1465,True,0.01,1.37251640234e-09,0.00999999999999,0.0100000000002,100.0,3,"[0, 1, 2]",,True,commissioning
13,50,25,325,0,normal_tightening,1,[0],True,1770,513464,515233,1,True,2411.34,2429.04,2411.34,2429.04,17.7,0,0,1769,True,0.0100056529112,0.000237691306294,0.00999999999976,0.02,99.9435028249,3,"[0, 1, 2]",,True,commissioning
13,50,26,3848,0,normal_tightening,1,[0],True,1231,5850987,5852217,1,True,23110.183,23122.483,23110.183,23122.483,12.3,0,0,1230,True,0.01,1.13467620043e-09,0.0099999999984,0.010000000002,100.0,3,"[0, 1, 2]",,True,commissioning
13,50,27,3296,0,normal_tightening,1,[0],True,1437,5011744,5013180,1,True,10499.63,10514.43,10499.63,10514.43,14.8,0,0,1436,True,0.0103064066852,0.00285015528318,0.0099999999984,0.0799999999999,97.027027027,2,"[1, 2]",,True,commissioning
13,50,28,1545,0,normal_tightening,1,[0],True,1316,2396475,2397790,1,True,1998.414,2011.564,1998.414,2011.564,13.15,0,0,1315,True,0.01,1.25922423629e-09,0.00999999999999,0.0100000000002,100.0,3,"[0, 1, 2]",,True,commissioning
13,50,29,803,0,normal_tightening,1,[0],True,1643,1250623,1252265,1,True,17322.267,17338.697,17322.267,17338.697,16.43,0,0,1642,True,0.010006090134,0.000246706810005,0.00999999999476,0.0200000000004,99.9391357273,2,"[1, 2]",,True,commissioning
13,50,30,791,0,normal_tightening,1,[0],True,1323,1232521,1233843,1,True,17137.927,17151.267,17137.927,17151.267,13.34,0,0,1322,True,0.0100907715582,0.00139945618707,0.00999999999476,0.0400000000009,99.1004497751,2,"[1, 2]",,True,commissioning
13,50,31,2872,0,normal_tightening,1,[0],True,1721,4438935,4440655,1,True,10442.094,10459.294,10442.094,10459.294,17.2,0,0,1720,True,0.01,8.71172497695e-10,0.0099999999984,0.0100000000002,100.0,3,"[0, 1, 2]",,True,commissioning
13,50,32,2380,0,normal_tightening,1,[0],True,2441,3686519,3688959,1,True,6797.608,6822.039,6797.608,6822.039,24.431,0,0,2440,True,0.010012704918,0.000353325041589,0.00900000000001,0.0199999999995,99.8731120298,5,"[0, 1, 2, 3, 4]",,True,commissioning
13,50,33,339,0,normal_tightening,1,[0],True,1311,535472,536782,1,True,2632.62,2645.74,2632.62,2645.74,13.12,0,0,1310,True,0.0100152671756,0.000390433949694,0.00999999999976,0.02,99.8475609756,3,"[0, 1, 2]",,True,commissioning
13,50,34,2170,0,normal_tightening,1,[0],True,1328,3356835,3358162,1,True,12719.431,12732.701,12719.431,12732.701,13.27,0,0,1327,True,0.01,0.0,0.0099999999984,0.0100000000039,100.0,3,"[0, 1, 2]",,True,commissioning
13,50,35,3428,0,normal_tightening,1,[0],True,1372,5209803,5211174,1,True,12588.422,12602.172,12588.422,12602.172,13.75,0,0,1371,True,0.0100291757841,0.000853547524246,0.0099999999984,0.0400000000009,99.7090909091,3,"[0, 1, 2]",,True,commissioning
13,50,36,2079,0,normal_tightening,1,[0],True,1822,3216001,3217822,1,True,19535.027,19553.237,19535.027,19553.237,18.21,0,0,1821,True,0.01,0.0,0.0099999999984,0.010000000002,100.0,2,"[1, 2]",,True,commissioning
13,50,37,951,0,normal_tightening,1,[0],True,1352,1479003,1480354,1,True,1166.474,1179.984,1166.474,1179.984,13.51,0,0,1351,True,0.01,1.28584925751e-09,0.00999999999976,0.0100000000004,100.0,3,"[0, 1, 2]",,True,commissioning
13,50,38,515,0,normal_tightening,1,[0],True,1400,808345,809744,1,True,6387.625,6401.625,6387.625,6401.625,14.0,0,0,1399,True,0.0100071479628,0.000267261173599,0.00999999999749,0.0199999999986,99.9285714286,3,"[0, 1, 2]",,True,commissioning
13,50,39,1300,0,normal_tightening,1,[0],True,1303,2017494,2018796,1,True,6859.625,6872.645,6859.625,6872.645,13.02,0,0,1302,True,0.01,0.0,0.00999999999749,0.0100000000029,100.0,3,"[0, 1, 2]",,True,commissioning
13,50,40,3286,0,normal_tightening,1,[0],True,1500,4996300,4997799,1,True,10341.69,10356.93,10341.69,10356.93,15.24,0,0,1499,True,0.0101667778519,0.00172458298794,0.0099999999984,0.0400000000009,98.3595800525,3,"[0, 1, 2]",,True,commissioning
13,50,41,1763,0,normal_tightening,1,[0],True,1416,2728278,2729693,1,True,16043.674,16057.824,16043.674,16057.824,14.15,0,0,1415,True,0.01,0.0,0.00999999999658,0.0100000000039,100.0,3,"[0, 1, 2]",,True,commissioning
13,50,42,1261,0,normal_tightening,1,[0],True,1726,1956990,1958715,1,True,10033.945,10051.325,10033.945,10051.325,17.38,0,0,1725,True,0.0100753623188,0.00104679023506,0.0099999999984,0.0300000000007,99.252013809,2,"[1, 2]",,True,commissioning
13,50,43,54,0,normal_tightening,1,[0],True,1762,79836,81597,1,True,21982.98,22000.62,21982.98,22000.62,17.64,0,0,1761,True,0.0100170357751,0.000412392450919,0.0099999999984,0.0200000000004,99.8299319728,3,"[0, 1, 2]",,True,commissioning
13,50,44,239,0,normal_tightening,1,[0],True,1775,377451,379225,1,True,21072.318,21090.058,21072.318,21090.058,17.74,0,0,1774,True,0.01,0.0,0.00999999999476,0.010000000002,100.0,3,"[0, 1, 2]",,True,commissioning
13,50,45,100,0,normal_tightening,1,[0],True,1865,158784,160648,1,True,22773.64,22792.35,22773.64,22792.35,18.71,0,0,1864,True,0.0100375536481,0.000693846050289,0.0099999999984,0.0299999999988,99.6258685195,2,"[1, 2]",,True,commissioning
13,50,46,2500,0,normal_tightening,1,[0],True,1353,3884331,3885683,1,True,10051.859,10065.399,10051.859,10065.399,13.54,0,0,1352,True,0.0100147928994,0.000384330800476,0.0099999999984,0.0200000000004,99.8522895126,3,"[0, 1, 2]",,True,commissioning
13,50,47,4092,0,normal_tightening,1,[0],True,1679,6244193,6245871,1,True,11599.089,11616.309,11599.089,11616.309,17.22,0,0,1678,True,0.0102622169249,0.00167086521173,0.0099999999984,0.0299999999988,97.4448315912,3,"[0, 1, 2]",,True,commissioning
13,50,48,2164,0,normal_tightening,1,[0],True,1374,3348468,3349841,1,True,12635.401,12649.261,12635.401,12649.261,13.86,0,0,1373,True,0.0100946831755,0.00196244626146,0.0099999999984,0.0699999999961,99.0620490621,2,"[1, 2]",,True,commissioning
13,50,49,3204,0,normal_tightening,1,[0],True,1828,4879156,4880983,1,True,15198.175,15216.635,15198.175,15216.635,18.46,0,0,1827,True,0.0101039956212,0.00191217125875,0.00999999999476,0.0599999999995,98.9707475623,3,"[0, 1, 2]",,True,commissioning
13,50,50,2844,0,normal_tightening,1,[0],True,1724,4399920,4401643,1,True,10051.944,10069.174,10051.944,10069.174,17.23,0,0,1723,True,0.01,8.8659267708e-10,0.0099999999984,0.0100000000002,100.0,3,"[0, 1, 2]",,True,commissioning
13,100,1,1747,0,normal_tightening,1,[0],True,1524,2704434,2705957,1,True,15805.034,15820.274,15805.034,15820.274,15.24,0,0,1523,True,0.0100065659882,0.000256157704535,0.00999999999658,0.0199999999986,99.9343832021,3,"[0, 1, 2]",,True,commissioning
13,100,2,2292,0,normal_tightening,1,[0],True,1566,3550637,3552202,1,True,14883.59,14899.28,14883.59,14899.28,15.69,0,0,1565,True,0.0100255591054,0.000504913642628,0.00999999999476,0.0200000000059,99.7450605481,3,"[0, 1, 2]",,True,commissioning
13,100,3,2610,0,normal_tightening,1,[0],True,1627,4059603,4061229,1,True,26955.11,26971.37,26955.11,26971.37,16.26,0,0,1626,True,0.01,0.0,0.0099999999984,0.010000000002,100.0,2,"[1, 2]",,True,commissioning
13,100,4,3708,0,normal_tightening,1,[0],True,1472,5633877,5635348,1,True,1995.938,2010.648,1995.938,2010.648,14.71,0,0,1471,True,0.01,1.37251640234e-09,0.00999999999999,0.0100000000002,100.0,3,"[0, 1, 2]",,True,commissioning
13,100,5,3180,0,normal_tightening,1,[0],True,1721,4847901,4849621,1,True,14882.605,14899.895,14882.605,14899.895,17.29,0,0,1720,True,0.0100523255814,0.0016166450146,0.00999999999476,0.0699999999997,99.4794679005,3,"[0, 1, 2]",,True,commissioning
13,100,6,3152,0,normal_tightening,1,[0],True,1681,4809173,4810853,1,True,14173.278,14190.578,14173.278,14190.578,17.3,0,0,1680,True,0.0102976190476,0.00327791949807,0.0099999999984,0.0799999999999,97.1098265896,3,"[0, 1, 2]",,True,commissioning
13,100,7,2506,0,normal_tightening,1,[0],True,1645,3893761,3895405,1,True,10146.679,10163.139,10146.679,10163.139,16.46,0,0,1644,True,0.0100121654501,0.000348577829259,0.0099999999984,0.0200000000004,99.8784933171,3,"[0, 1, 2]",,True,commissioning
13,100,8,1627,0,normal_tightening,1,[0],True,1266,2520810,2522075,1,True,4168.941,4181.591,4168.941,4181.591,12.65,0,0,1265,True,0.01,0.0,0.0099999999984,0.0100000000011,100.0,3,"[0, 1, 2]",,True,commissioning
13,100,9,3614,0,normal_tightening,1,[0],True,1184,5484594,5485777,1,True,16991.67,17003.5,16991.67,17003.5,11.83,0,0,1183,True,0.01,1.12266870693e-09,0.0099999999984,0.010000000002,100.0,3,"[0, 1, 2]",,True,commissioning
13,100,10,3850,0,normal_tightening,1,[0],True,1552,5854035,5855586,1,True,23140.683,23156.203,23140.683,23156.203,15.52,0,0,1551,True,0.0100064474533,0.000253836488535,0.0099999999984,0.0200000000004,99.9355670103,2,"[1, 2]",,True,commissioning
13,100,11,2468,0,normal_tightening,1,[0],True,1477,3830444,3831920,1,True,9512.339,9527.099,9512.339,9527.099,14.76,0,0,1476,True,0.01,0.0,0.0099999999984,0.0100000000002,100.0,3,"[0, 1, 2]",,True,commissioning
13,100,12,3332,0,normal_tightening,1,[0],True,1493,5062032,5063524,1,True,11011.55,11027.49,11011.55,11027.49,15.94,0,0,1492,True,0.0106836461126,0.00370698573968,0.0099999999984,0.0500000000011,93.6010037641,3,"[0, 1, 2]",,True,commissioning
13,100,13,929,0,normal_tightening,1,[0],True,1748,1447341,1449088,1,True,3360.44,3377.91,3360.44,3377.91,17.47,0,0,1747,True,0.01,6.37632978038e-10,0.00999999999976,0.0100000000002,100.0,3,"[0, 1, 2]",,True,commissioning
13,100,14,3456,0,normal_tightening,1,[0],True,1764,5249134,5250897,1,True,1052.464,1070.094,1052.464,1070.094,17.63,0,0,1763,True,0.01,1.52232786997e-09,0.00999999999976,0.0100000000004,100.0,3,"[0, 1, 2]",,True,commissioning
13,100,15,1649,0,normal_tightening,1,[0],True,1641,2554190,2555830,1,True,4502.791,4519.191,4502.791,4519.191,16.4,0,0,1640,True,0.01,3.86105942348e-10,0.0099999999984,0.0100000000011,100.0,3,"[0, 1, 2]",,True,commissioning
13,100,16,1639,0,normal_tightening,1,[0],True,1532,2538662,2540193,1,True,4347.501,4362.811,4347.501,4362.811,15.31,0,0,1531,True,0.01,0.0,0.0099999999984,0.0100000000011,100.0,3,"[0, 1, 2]",,True,commissioning
13,100,17,859,0,normal_tightening,1,[0],True,1743,1339263,1341005,1,True,2277.81,2295.26,2277.81,2295.26,17.45,0,0,1742,True,0.0100172215844,0.000535471589774,0.00999999999976,0.0299999999997,99.8280802292,3,"[0, 1, 2]",,True,commissioning
13,100,18,3510,0,normal_tightening,1,[0],True,1729,5327932,5329660,1,True,1874.594,1891.874,1874.594,1891.874,17.28,0,0,1728,True,0.01,1.51339918375e-09,0.00999999999999,0.0100000000002,100.0,3,"[0, 1, 2]",,True,commissioning
13,100,19,1374,0,normal_tightening,1,[0],True,1581,2130355,2131935,1,True,8386.784,8404.884,8386.784,8404.884,18.1,0,0,1580,True,0.0114556962025,0.00871677775263,0.0099999999984,0.100000000002,87.2928176796,2,"[1, 2]",,True,commissioning
13,100,20,1969,0,normal_tightening,1,[0],True,1361,3046585,3047945,1,True,7605.875,7619.535,7605.875,7619.535,13.66,0,0,1360,True,0.0100441176471,0.00101363967856,0.00999999999749,0.04,99.560761347,3,"[0, 1, 2]",,True,commissioning
13,100,21,685,0,normal_tightening,1,[0],True,1422,1066835,1068256,1,True,14738.341,14752.551,14738.341,14752.551,14.21,0,0,1421,True,0.01,0.0,0.0099999999984,0.0100000000039,100.0,3,"[0, 1, 2]",,True,commissioning
13,100,22,2428,0,normal_tightening,1,[0],True,1740,3764058,3765797,1,True,8413.449,8430.839,8413.449,8430.839,17.39,0,0,1739,True,0.01,3.39129216578e-05,0.00900000000001,0.0109999999986,100.0,3,"[0, 1, 2]",,True,commissioning
13,100,23,3620,0,normal_tightening,1,[0],True,1684,5492835,5494518,1,True,17074.09,17090.92,17074.09,17090.92,16.83,0,0,1683,True,0.01,0.0,0.0099999999984,0.010000000002,100.0,3,"[0, 1, 2]",,True,commissioning
13,100,24,1531,0,normal_tightening,1,[0],True,1466,2377303,2378768,1,True,1806.684,1821.334,1806.684,1821.334,14.65,0,0,1465,True,0.01,1.37251640234e-09,0.00999999999999,0.0100000000002,100.0,3,"[0, 1, 2]",,True,commissioning
13,100,25,325,0,normal_tightening,1,[0],True,1770,513464,515233,1,True,2411.34,2429.04,2411.34,2429.04,17.7,0,0,1769,True,0.0100056529112,0.000237691306294,0.00999999999976,0.02,99.9435028249,3,"[0, 1, 2]",,True,commissioning
13,100,26,3848,0,normal_tightening,1,[0],True,1231,5850987,5852217,1,True,23110.183,23122.483,23110.183,23122.483,12.3,0,0,1230,True,0.01,1.13467620043e-09,0.0099999999984,0.010000000002,100.0,3,"[0, 1, 2]",,True,commissioning
13,100,27,3296,0,normal_tightening,1,[0],True,1437,5011744,5013180,1,True,10499.63,10514.43,10499.63,10514.43,14.8,0,0,1436,True,0.0103064066852,0.00285015528318,0.0099999999984,0.0799999999999,97.027027027,2,"[1, 2]",,True,commissioning
13,100,28,1545,0,normal_tightening,1,[0],True,1316,2396475,2397790,1,True,1998.414,2011.564,1998.414,2011.564,13.15,0,0,1315,True,0.01,1.25922423629e-09,0.00999999999999,0.0100000000002,100.0,3,"[0, 1, 2]",,True,commissioning
13,100,29,803,0,normal_tightening,1,[0],True,1643,1250623,1252265,1,True,17322.267,17338.697,17322.267,17338.697,16.43,0,0,1642,True,0.010006090134,0.000246706810005,0.00999999999476,0.0200000000004,99.9391357273,2,"[1, 2]",,True,commissioning
13,100,30,791,0,normal_tightening,1,[0],True,1323,1232521,1233843,1,True,17137.927,17151.267,17137.927,17151.267,13.34,0,0,1322,True,0.0100907715582,0.00139945618707,0.00999999999476,0.0400000000009,99.1004497751,2,"[1, 2]",,True,commissioning
13,100,31,2872,0,normal_tightening,1,[0],True,1721,4438935,4440655,1,True,10442.094,10459.294,10442.094,10459.294,17.2,0,0,1720,True,0.01,8.71172497695e-10,0.0099999999984,0.0100000000002,100.0,3,"[0, 1, 2]",,True,commissioning
13,100,32,2380,0,normal_tightening,1,[0],True,2441,3686519,3688959,1,True,6797.608,6822.039,6797.608,6822.039,24.431,0,0,2440,True,0.010012704918,0.000353325041589,0.00900000000001,0.0199999999995,99.8731120298,5,"[0, 1, 2, 3, 4]",,True,commissioning
13,100,33,339,0,normal_tightening,1,[0],True,1311,535472,536782,1,True,2632.62,2645.74,2632.62,2645.74,13.12,0,0,1310,True,0.0100152671756,0.000390433949694,0.00999999999976,0.02,99.8475609756,3,"[0, 1, 2]",,True,commissioning
13,100,34,2170,0,normal_tightening,1,[0],True,1328,3356835,3358162,1,True,12719.431,12732.701,12719.431,12732.701,13.27,0,0,1327,True,0.01,0.0,0.0099999999984,0.0100000000039,100.0,3,"[0, 1, 2]",,True,commissioning
13,100,35,3428,0,normal_tightening,1,[0],True,1372,5209803,5211174,1,True,12588.422,12602.172,12588.422,12602.172,13.75,0,0,1371,True,0.0100291757841,0.000853547524246,0.0099999999984,0.0400000000009,99.7090909091,3,"[0, 1, 2]",,True,commissioning
13,100,36,2079,0,normal_tightening,1,[0],True,1822,3216001,3217822,1,True,19535.027,19553.237,19535.027,19553.237,18.21,0,0,1821,True,0.01,0.0,0.0099999999984,0.010000000002,100.0,2,"[1, 2]",,True,commissioning
13,100,37,951,0,normal_tightening,1,[0],True,1352,1479003,1480354,1,True,1166.474,1179.984,1166.474,1179.984,13.51,0,0,1351,True,0.01,1.28584925751e-09,0.00999999999976,0.0100000000004,100.0,3,"[0, 1, 2]",,True,commissioning
13,100,38,515,0,normal_tightening,1,[0],True,1400,808345,809744,1,True,6387.625,6401.625,6387.625,6401.625,14.0,0,0,1399,True,0.0100071479628,0.000267261173599,0.00999999999749,0.0199999999986,99.9285714286,3,"[0, 1, 2]",,True,commissioning
13,100,39,1300,0,normal_tightening,1,[0],True,1303,2017494,2018796,1,True,6859.625,6872.645,6859.625,6872.645,13.02,0,0,1302,True,0.01,0.0,0.00999999999749,0.0100000000029,100.0,3,"[0, 1, 2]",,True,commissioning
13,100,40,3286,0,normal_tightening,1,[0],True,1500,4996300,4997799,1,True,10341.69,10356.93,10341.69,10356.93,15.24,0,0,1499,True,0.0101667778519,0.00172458298794,0.0099999999984,0.0400000000009,98.3595800525,3,"[0, 1, 2]",,True,commissioning
13,100,41,1763,0,normal_tightening,1,[0],True,1416,2728278,2729693,1,True,16043.674,16057.824,16043.674,16057.824,14.15,0,0,1415,True,0.01,0.0,0.00999999999658,0.0100000000039,100.0,3,"[0, 1, 2]",,True,commissioning
13,100,42,1261,0,normal_tightening,1,[0],True,1726,1956990,1958715,1,True,10033.945,10051.325,10033.945,10051.325,17.38,0,0,1725,True,0.0100753623188,0.00104679023506,0.0099999999984,0.0300000000007,99.252013809,2,"[1, 2]",,True,commissioning
13,100,43,54,0,normal_tightening,1,[0],True,1762,79836,81597,1,True,21982.98,22000.62,21982.98,22000.62,17.64,0,0,1761,True,0.0100170357751,0.000412392450919,0.0099999999984,0.0200000000004,99.8299319728,3,"[0, 1, 2]",,True,commissioning
13,100,44,239,0,normal_tightening,1,[0],True,1775,377451,379225,1,True,21072.318,21090.058,21072.318,21090.058,17.74,0,0,1774,True,0.01,0.0,0.00999999999476,0.010000000002,100.0,3,"[0, 1, 2]",,True,commissioning
13,100,45,100,0,normal_tightening,1,[0],True,1865,158784,160648,1,True,22773.64,22792.35,22773.64,22792.35,18.71,0,0,1864,True,0.0100375536481,0.000693846050289,0.0099999999984,0.0299999999988,99.6258685195,2,"[1, 2]",,True,commissioning
13,100,46,2500,0,normal_tightening,1,[0],True,1353,3884331,3885683,1,True,10051.859,10065.399,10051.859,10065.399,13.54,0,0,1352,True,0.0100147928994,0.000384330800476,0.0099999999984,0.0200000000004,99.8522895126,3,"[0, 1, 2]",,True,commissioning
13,100,47,4092,0,normal_tightening,1,[0],True,1679,6244193,6245871,1,True,11599.089,11616.309,11599.089,11616.309,17.22,0,0,1678,True,0.0102622169249,0.00167086521173,0.0099999999984,0.0299999999988,97.4448315912,3,"[0, 1, 2]",,True,commissioning
13,100,48,2164,0,normal_tightening,1,[0],True,1374,3348468,3349841,1,True,12635.401,12649.261,12635.401,12649.261,13.86,0,0,1373,True,0.0100946831755,0.00196244626146,0.0099999999984,0.0699999999961,99.0620490621,2,"[1, 2]",,True,commissioning
13,100,49,3204,0,normal_tightening,1,[0],True,1828,4879156,4880983,1,True,15198.175,15216.635,15198.175,15216.635,18.46,0,0,1827,True,0.0101039956212,0.00191217125875,0.00999999999476,0.0599999999995,98.9707475623,3,"[0, 1, 2]",,True,commissioning
13,100,50,2844,0,normal_tightening,1,[0],True,1724,4399920,4401643,1,True,10051.944,10069.174,10051.944,10069.174,17.23,0,0,1723,True,0.01,8.8659267708e-10,0.0099999999984,0.0100000000002,100.0,3,"[0, 1, 2]",,True,commissioning
13,100,51,1529,0,normal_tightening,1,[0],True,1492,2374365,2375856,1,True,1777.304,1792.214,1777.304,1792.214,14.91,0,0,1491,True,0.01,1.3675703812e-09,0.00999999999954,0.0100000000007,100.0,2,"[1, 2]",,True,commissioning
13,100,52,1123,0,normal_tightening,1,[0],True,1303,1738734,1740036,1,True,6859.625,6872.645,6859.625,6872.645,13.02,0,0,1302,True,0.01,0.0,0.00999999999749,0.0100000000029,100.0,3,"[0, 1, 2]",,True,commissioning
13,100,53,2672,0,normal_tightening,1,[0],True,1495,4161256,4162750,1,True,27972.54,27987.5,27972.54,27987.5,14.96,0,0,1494,True,0.0100133868809,0.00051726048421,0.0099999999984,0.0299999999988,99.8663101604,2,"[1, 2]",,True,commissioning
13,100,54,3302,0,normal_tightening,1,[0],True,1535,5020431,5021965,1,True,10588.77,10604.11,10588.77,10604.11,15.34,0,0,1534,True,0.01,0.0,0.0099999999984,0.0100000000002,100.0,3,"[0, 1, 2]",,True,commissioning
13,100,55,1669,0,normal_tightening,1,[0],True,1295,2583144,2584438,1,True,13722.979,13735.919,13722.979,13735.919,12.94,0,0,1294,True,0.01,0.0,0.00999999999658,0.0100000000039,100.0,3,"[0, 1, 2]",,True,commissioning
13,100,56,1009,0,normal_tightening,1,[0],True,1344,1565314,1566657,1,True,2030.104,2043.534,2030.104,2043.534,13.43,0,0,1343,True,0.01,1.26994123154e-09,0.00999999999999,0.0100000000002,100.0,3,"[0, 1, 2]",,True,commissioning
13,100,57,3488,0,normal_tightening,1,[0],True,1732,5298916,5300647,1,True,1584.434,1601.744,1584.434,1601.744,17.31,0,0,1731,True,0.01,1.4018261082e-09,0.00999999999954,0.0100000000007,100.0,2,"[1, 2]",,True,commissioning
13,100,58,1267,0,normal_tightening,1,[0],True,1703,1966575,1968277,1,True,10130.225,10147.265,10130.225,10147.265,17.04,0,0,1702,True,0.0100117508813,0.000342594118366,0.0099999999984,0.0200000000004,99.882629108,3,"[0, 1, 2]",,True,commissioning
13,100,59,3184,0,normal_tightening,1,[0],True,1367,4852832,4854198,1,True,14932.545,14946.215,14932.545,14946.215,13.67,0,0,1366,True,0.0100073206442,0.000270467836056,0.00999999999476,0.0200000000004,99.9268471105,3,"[0, 1, 2]",,True,commissioning
13,100,60,189,0,normal_tightening,1,[0],True,1755,298166,299920,1,True,19339.737,19357.277,19339.737,19357.277,17.54,0,0,1754,True,0.01,0.0,0.0099999999984,0.010000000002,100.0,3,"[0, 1, 2]",,True,commissioning
13,100,61,407,0,normal_tightening,1,[0],True,1700,638032,639731,1,True,4530.874,4547.864,4530.874,4547.864,16.99,0,0,1699,True,0.01,9.67018290297e-10,0.0099999999984,0.0100000000029,100.0,2,"[1, 2]",,True,commissioning
13,100,62,3726,0,normal_tightening,1,[0],True,1677,5660334,5662010,1,True,2260.608,2277.368,2260.608,2277.368,16.76,0,0,1676,True,0.01,4.93908380987e-10,0.00999999999976,0.0100000000002,100.0,3,"[0, 1, 2]",,True,commissioning
13,100,63,3128,0,normal_tightening,1,[0],True,1712,4781059,4782770,1,True,13886.538,13903.648,13886.538,13903.648,17.11,0,0,1711,True,0.01,8.55474410154e-10,0.0099999999984,0.0100000000002,100.0,2,"[1, 2]",,True,commissioning
13,100,64,889,0,normal_tightening,1,[0],True,1286,1385370,1386655,1,True,2740.38,2753.23,2740.38,2753.23,12.85,0,0,1285,True,0.01,0.0,0.00999999999976,0.0100000000002,100.0,3,"[0, 1, 2]",,True,commissioning
13,100,65,1462,0,normal_tightening,1,[0],True,1733,2274325,2276057,1,True,10390.125,10407.455,10390.125,10407.455,17.33,0,0,1732,True,0.0100057736721,0.000240215289376,0.0099999999984,0.0199999999986,99.9422965955,3,"[0, 1, 2]",,True,commissioning
13,100,66,3596,0,normal_tightening,1,[0],True,1719,5457103,5458821,1,True,3427.973,3445.153,3427.973,3445.153,17.18,0,0,1718,True,0.01,5.82076609135e-10,0.00999999999976,0.0100000000002,100.0,3,"[0, 1, 2]",,True,commissioning
13,100,67,3504,0,normal_tightening,1,[0],True,1382,5319820,5321201,1,True,1793.474,1807.284,1793.474,1807.284,13.81,0,0,1381,True,0.01,1.30156286614e-09,0.00999999999954,0.0100000000004,100.0,2,"[1, 2]",,True,commissioning
13,100,68,3188,0,normal_tightening,1,[0],True,1445,4857339,4858783,1,True,14977.635,14992.305,14977.635,14992.305,14.67,0,0,1444,True,0.0101592797784,0.00230370135313,0.00999999999476,0.0699999999997,98.4321745058,3,"[0, 1, 2]",,True,commissioning
13,100,69,1963,0,normal_tightening,1,[0],True,1697,3036526,3038222,1,True,7505.175,7522.135,7505.175,7522.135,16.96,0,0,1696,True,0.01,5.46036260182e-10,0.00999999999749,0.010000000002,100.0,3,"[0, 1, 2]",,True,commissioning
13,100,70,383,0,normal_tightening,1,[0],True,1746,602210,603955,1,True,3300.43,3317.89,3300.43,3317.89,17.46,0,0,1745,True,0.010005730659,0.00023931934691,0.00999999999976,0.02,99.9427262314,3,"[0, 1, 2]",,True,commissioning
13,100,71,1217,0,normal_tightening,1,[0],True,1762,1885740,1887501,1,True,9281.615,9299.235,9281.615,9299.235,17.62,0,0,1761,True,0.0100056785917,0.000238230289205,0.0099999999984,0.0200000000004,99.943246311,3,"[0, 1, 2]",,True,commissioning
13,100,72,165,0,normal_tightening,1,[0],True,1263,262223,263485,1,True,18980.097,18992.717,18980.097,18992.717,12.62,0,0,1262,True,0.01,3.9809371384e-05,0.00900000000183,0.0109999999986,100.0,3,"[0, 1, 2]",,True,commissioning
13,100,73,2560,0,normal_tightening,1,[0],True,1636,3979988,3981623,1,True,24149.134,24165.494,24149.134,24165.494,16.36,0,0,1635,True,0.010006116208,0.000247234041985,0.0099999999984,0.0200000000004,99.9388753056,2,"[1, 2]",,True,commissioning
13,100,74,4060,0,normal_tightening,1,[0],True,1419,6194503,6195921,1,True,11097.679,11112.309,11097.679,11112.309,14.63,0,0,1418,True,0.010317348378,0.00179271233338,0.0099999999984,0.0299999999988,96.9241285031,3,"[0, 1, 2]",,True,commissioning
13,100,75,106,0,normal_tightening,1,[0],True,1752,168924,170675,1,True,22875.16,22892.7,22875.16,22892.7,17.54,0,0,1751,True,0.0100171330668,0.000534095096034,0.0099999999984,0.0299999999988,99.8289623717,3,"[0, 1, 2]",,True,commissioning
13,100,76,3564,0,normal_tightening,1,[0],True,1829,5408433,5410261,1,True,2679.844,2698.134,2679.844,2698.134,18.29,0,0,1828,True,0.0100054704595,0.000233826151782,0.00999999999931,0.02,99.9453253144,3,"[0, 1, 2]",,True,commissioning
13,100,77,1404,0,normal_tightening,1,[0],True,1292,2180756,2182047,1,True,9412.985,9425.905,9412.985,9425.905,12.92,0,0,1291,True,0.0100077459334,0.000278207358585,0.0099999999984,0.0200000000004,99.9226006192,3,"[0, 1, 2]",,True,commissioning
13,100,78,3824,0,normal_tightening,1,[0],True,1110,5815874,5816983,1,True,21895.065,21906.155,21895.065,21906.155,11.09,0,0,1109,True,0.01,1.10441271454e-09,0.0099999999984,0.010000000002,100.0,3,"[0, 1, 2]",,True,commissioning
13,100,79,3810,0,normal_tightening,1,[0],True,1495,5792749,5794243,1,True,21663.795,21678.735,21663.795,21678.735,14.94,0,0,1494,True,0.01,6.04911756551e-10,0.0099999999984,0.010000000002,100.0,2,"[1, 2]",,True,commissioning
13,100,80,3622,0,normal_tightening,1,[0],True,1815,5495886,5497700,1,True,17104.6,17122.74,17104.6,17122.74,18.14,0,0,1814,True,0.01,0.0,0.0099999999984,0.010000000002,100.0,3,"[0, 1, 2]",,True,commissioning
13,100,81,1001,0,normal_tightening,1,[0],True,1547,1553920,1555466,1,True,1916.154,1931.614,1916.154,1931.614,15.46,0,0,1546,True,0.01,1.42579068359e-09,0.00999999999999,0.0100000000002,100.0,3,"[0, 1, 2]",,True,commissioning
13,100,82,4028,0,normal_tightening,1,[0],True,1316,6142556,6143871,1,True,16014.55,16027.7,16014.55,16027.7,13.15,0,0,1315,True,0.01,0.0,0.00999999999476,0.0100000000057,100.0,2,"[1, 2]",,True,commissioning
13,100,83,2039,0,normal_tightening,1,[0],True,1307,3154790,3156096,1,True,18922.657,18935.727,18922.657,18935.727,13.07,0,0,1306,True,0.0100076569678,0.000276606307337,0.0099999999984,0.0200000000004,99.9234889059,2,"[1, 2]",,True,commissioning
13,100,84,3750,0,normal_tightening,1,[0],True,1445,5697541,5698985,1,True,3184.849,3199.329,3184.849,3199.329,14.48,0,0,1444,True,0.010027700831,0.000525586314714,0.00999999999885,0.0200000000004,99.7237569061,3,"[0, 1, 2]",,True,commissioning
13,100,85,2840,0,normal_tightening,1,[0],True,1701,4394223,4395923,1,True,9994.974,10011.974,9994.974,10011.974,17.0,0,0,1700,True,0.01,8.23180634978e-10,0.0099999999984,0.0100000000002,100.0,3,"[0, 1, 2]",,True,commissioning
13,100,86,3812,0,normal_tightening,1,[0],True,1581,5796061,5797641,1,True,21696.915,21712.725,21696.915,21712.725,15.81,0,0,1580,True,0.0100063291139,0.000251497677053,0.0099999999984,0.0200000000004,99.9367488931,3,"[0, 1, 2]",,True,commissioning
13,100,87,4038,0,normal_tightening,1,[0],True,1393,6158375,6159767,1,True,16173.07,16187.0,16173.07,16187.0,13.93,0,0,1392,True,0.010007183908,0.00026793184195,0.00999999999476,0.0200000000004,99.928212491,3,"[0, 1, 2]",,True,commissioning
13,100,88,2162,0,normal_tightening,1,[0],True,1351,3345785,3347135,1,True,12607.791,12621.531,12607.791,12621.531,13.74,0,0,1350,True,0.0101777777778,0.00242782227264,0.0099999999984,0.0699999999997,98.2532751092,3,"[0, 1, 2]",,True,commissioning
13,100,89,1795,0,normal_tightening,1,[0],True,1562,2779372,2780933,1,True,16675.78,16691.39,16675.78,16691.39,15.61,0,0,1561,True,0.01,4.03274504367e-10,0.0099999999984,0.010000000002,100.0,2,"[1, 2]",,True,commissioning
13,100,90,1623,0,normal_tightening,1,[0],True,1375,2514406,2515780,1,True,4104.901,4118.641,4104.901,4118.641,13.74,0,0,1374,True,0.01,0.0,0.0099999999984,0.0100000000011,100.0,3,"[0, 1, 2]",,True,commissioning
13,100,91,2648,0,normal_tightening,1,[0],True,1283,4121103,4122385,1,True,27570.47,27583.3,27570.47,27583.3,12.83,0,0,1282,True,0.010007800312,0.000279181437895,0.0099999999984,0.0200000000004,99.9220576773,3,"[0, 1, 2]",,True,commissioning
13,100,92,1283,0,normal_tightening,1,[0],True,1733,1992443,1994175,1,True,10390.125,10407.455,10390.125,10407.455,17.33,0,0,1732,True,0.0100057736721,0.000240215289376,0.0099999999984,0.0199999999986,99.9422965955,3,"[0, 1, 2]",,True,commissioning
13,100,93,40,0,normal_tightening,1,[0],True,1866,57463,59328,1,True,21758.85,21777.51,21758.85,21777.51,18.66,0,0,1865,True,0.0100053619303,0.000231496334003,0.0099999999984,0.0200000000004,99.9464094319,3,"[0, 1, 2]",,True,commissioning
13,100,94,645,0,normal_tightening,1,[0],True,1456,1005674,1007129,1,True,13552.649,13567.199,13552.649,13567.199,14.55,0,0,1455,True,0.01,0.0,0.00999999999658,0.0100000000039,100.0,3,"[0, 1, 2]",,True,commissioning
13,100,95,563,0,normal_tightening,1,[0],True,1378,882658,884035,1,True,7130.975,7144.745,7130.975,7144.745,13.77,0,0,1377,True,0.01,0.0,0.00999999999749,0.0100000000029,100.0,3,"[0, 1, 2]",,True,commissioning
13,100,96,2704,0,normal_tightening,1,[0],True,1328,4213807,4215134,1,True,28498.66,28511.93,28498.66,28511.93,13.27,0,0,1327,True,0.01,9.74000462487e-10,0.0099999999984,0.010000000002,100.0,3,"[0, 1, 2]",,True,commissioning
13,100,97,3472,0,normal_tightening,1,[0],True,1766,5274669,5276434,1,True,1341.884,1359.534,1341.884,1359.534,17.65,0,0,1765,True,0.01,1.52677263233e-09,0.00999999999976,0.0100000000004,100.0,3,"[0, 1, 2]",,True,commissioning
13,100,98,3356,0,normal_tightening,1,[0],True,2062,5100669,5102730,1,True,11480.552,11501.252,11480.552,11501.252,20.7,0,0,2061,True,0.0100436681223,0.000851994796333,0.0099999999984,0.0300000000007,99.5652173913,3,"[0, 1, 2]",,True,commissioning
13,100,99,2976,0,normal_tightening,1,[0],True,1711,4576265,4577975,1,True,7283.628,7300.818,7283.628,7300.818,17.19,0,0,1710,True,0.0100526315789,0.00120846506431,0.00900000000001,0.050000000002,99.4764397906,3,"[0, 1, 2]",,True,commissioning
13,100,100,3344,0,normal_tightening,1,[0],True,1504,5081618,5083121,1,True,11285.882,11301.652,11285.882,11301.652,15.77,0,0,1503,True,0.0104923486361,0.00303403426892,0.0099999999984,0.0499999999993,95.3075459734,3,"[0, 1, 2]",,True,commissioning
13,250,1,1747,0,normal_tightening,1,[0],True,1524,2704434,2705957,1,True,15805.034,15820.274,15805.034,15820.274,15.24,0,0,1523,True,0.0100065659882,0.000256157704535,0.00999999999658,0.0199999999986,99.9343832021,3,"[0, 1, 2]",,True,commissioning
13,250,2,2292,0,normal_tightening,1,[0],True,1566,3550637,3552202,1,True,14883.59,14899.28,14883.59,14899.28,15.69,0,0,1565,True,0.0100255591054,0.000504913642628,0.00999999999476,0.0200000000059,99.7450605481,3,"[0, 1, 2]",,True,commissioning
13,250,3,2610,0,normal_tightening,1,[0],True,1627,4059603,4061229,1,True,26955.11,26971.37,26955.11,26971.37,16.26,0,0,1626,True,0.01,0.0,0.0099999999984,0.010000000002,100.0,2,"[1, 2]",,True,commissioning
13,250,4,3708,0,normal_tightening,1,[0],True,1472,5633877,5635348,1,True,1995.938,2010.648,1995.938,2010.648,14.71,0,0,1471,True,0.01,1.37251640234e-09,0.00999999999999,0.0100000000002,100.0,3,"[0, 1, 2]",,True,commissioning
13,250,5,3180,0,normal_tightening,1,[0],True,1721,4847901,4849621,1,True,14882.605,14899.895,14882.605,14899.895,17.29,0,0,1720,True,0.0100523255814,0.0016166450146,0.00999999999476,0.0699999999997,99.4794679005,3,"[0, 1, 2]",,True,commissioning
13,250,6,3152,0,normal_tightening,1,[0],True,1681,4809173,4810853,1,True,14173.278,14190.578,14173.278,14190.578,17.3,0,0,1680,True,0.0102976190476,0.00327791949807,0.0099999999984,0.0799999999999,97.1098265896,3,"[0, 1, 2]",,True,commissioning
13,250,7,2506,0,normal_tightening,1,[0],True,1645,3893761,3895405,1,True,10146.679,10163.139,10146.679,10163.139,16.46,0,0,1644,True,0.0100121654501,0.000348577829259,0.0099999999984,0.0200000000004,99.8784933171,3,"[0, 1, 2]",,True,commissioning
13,250,8,1627,0,normal_tightening,1,[0],True,1266,2520810,2522075,1,True,4168.941,4181.591,4168.941,4181.591,12.65,0,0,1265,True,0.01,0.0,0.0099999999984,0.0100000000011,100.0,3,"[0, 1, 2]",,True,commissioning
13,250,9,3614,0,normal_tightening,1,[0],True,1184,5484594,5485777,1,True,16991.67,17003.5,16991.67,17003.5,11.83,0,0,1183,True,0.01,1.12266870693e-09,0.0099999999984,0.010000000002,100.0,3,"[0, 1, 2]",,True,commissioning
13,250,10,3850,0,normal_tightening,1,[0],True,1552,5854035,5855586,1,True,23140.683,23156.203,23140.683,23156.203,15.52,0,0,1551,True,0.0100064474533,0.000253836488535,0.0099999999984,0.0200000000004,99.9355670103,2,"[1, 2]",,True,commissioning
13,250,11,2468,0,normal_tightening,1,[0],True,1477,3830444,3831920,1,True,9512.339,9527.099,9512.339,9527.099,14.76,0,0,1476,True,0.01,0.0,0.0099999999984,0.0100000000002,100.0,3,"[0, 1, 2]",,True,commissioning
13,250,12,3332,0,normal_tightening,1,[0],True,1493,5062032,5063524,1,True,11011.55,11027.49,11011.55,11027.49,15.94,0,0,1492,True,0.0106836461126,0.00370698573968,0.0099999999984,0.0500000000011,93.6010037641,3,"[0, 1, 2]",,True,commissioning
13,250,13,929,0,normal_tightening,1,[0],True,1748,1447341,1449088,1,True,3360.44,3377.91,3360.44,3377.91,17.47,0,0,1747,True,0.01,6.37632978038e-10,0.00999999999976,0.0100000000002,100.0,3,"[0, 1, 2]",,True,commissioning
13,250,14,3456,0,normal_tightening,1,[0],True,1764,5249134,5250897,1,True,1052.464,1070.094,1052.464,1070.094,17.63,0,0,1763,True,0.01,1.52232786997e-09,0.00999999999976,0.0100000000004,100.0,3,"[0, 1, 2]",,True,commissioning
13,250,15,1649,0,normal_tightening,1,[0],True,1641,2554190,2555830,1,True,4502.791,4519.191,4502.791,4519.191,16.4,0,0,1640,True,0.01,3.86105942348e-10,0.0099999999984,0.0100000000011,100.0,3,"[0, 1, 2]",,True,commissioning
13,250,16,1639,0,normal_tightening,1,[0],True,1532,2538662,2540193,1,True,4347.501,4362.811,4347.501,4362.811,15.31,0,0,1531,True,0.01,0.0,0.0099999999984,0.0100000000011,100.0,3,"[0, 1, 2]",,True,commissioning
13,250,17,859,0,normal_tightening,1,[0],True,1743,1339263,1341005,1,True,2277.81,2295.26,2277.81,2295.26,17.45,0,0,1742,True,0.0100172215844,0.000535471589774,0.00999999999976,0.0299999999997,99.8280802292,3,"[0, 1, 2]",,True,commissioning
13,250,18,3510,0,normal_tightening,1,[0],True,1729,5327932,5329660,1,True,1874.594,1891.874,1874.594,1891.874,17.28,0,0,1728,True,0.01,1.51339918375e-09,0.00999999999999,0.0100000000002,100.0,3,"[0, 1, 2]",,True,commissioning
13,250,19,1374,0,normal_tightening,1,[0],True,1581,2130355,2131935,1,True,8386.784,8404.884,8386.784,8404.884,18.1,0,0,1580,True,0.0114556962025,0.00871677775263,0.0099999999984,0.100000000002,87.2928176796,2,"[1, 2]",,True,commissioning
13,250,20,1969,0,normal_tightening,1,[0],True,1361,3046585,3047945,1,True,7605.875,7619.535,7605.875,7619.535,13.66,0,0,1360,True,0.0100441176471,0.00101363967856,0.00999999999749,0.04,99.560761347,3,"[0, 1, 2]",,True,commissioning
13,250,21,685,0,normal_tightening,1,[0],True,1422,1066835,1068256,1,True,14738.341,14752.551,14738.341,14752.551,14.21,0,0,1421,True,0.01,0.0,0.0099999999984,0.0100000000039,100.0,3,"[0, 1, 2]",,True,commissioning
13,250,22,2428,0,normal_tightening,1,[0],True,1740,3764058,3765797,1,True,8413.449,8430.839,8413.449,8430.839,17.39,0,0,1739,True,0.01,3.39129216578e-05,0.00900000000001,0.0109999999986,100.0,3,"[0, 1, 2]",,True,commissioning
13,250,23,3620,0,normal_tightening,1,[0],True,1684,5492835,5494518,1,True,17074.09,17090.92,17074.09,17090.92,16.83,0,0,1683,True,0.01,0.0,0.0099999999984,0.010000000002,100.0,3,"[0, 1, 2]",,True,commissioning
13,250,24,1531,0,normal_tightening,1,[0],True,1466,2377303,2378768,1,True,1806.684,1821.334,1806.684,1821.334,14.65,0,0,1465,True,0.01,1.37251640234e-09,0.00999999999999,0.0100000000002,100.0,3,"[0, 1, 2]",,True,commissioning
13,250,25,325,0,normal_tightening,1,[0],True,1770,513464,515233,1,True,2411.34,2429.04,2411.34,2429.04,17.7,0,0,1769,True,0.0100056529112,0.000237691306294,0.00999999999976,0.02,99.9435028249,3,"[0, 1, 2]",,True,commissioning
13,250,26,3848,0,normal_tightening,1,[0],True,1231,5850987,5852217,1,True,23110.183,23122.483,23110.183,23122.483,12.3,0,0,1230,True,0.01,1.13467620043e-09,0.0099999999984,0.010000000002,100.0,3,"[0, 1, 2]",,True,commissioning
13,250,27,3296,0,normal_tightening,1,[0],True,1437,5011744,5013180,1,True,10499.63,10514.43,10499.63,10514.43,14.8,0,0,1436,True,0.0103064066852,0.00285015528318,0.0099999999984,0.0799999999999,97.027027027,2,"[1, 2]",,True,commissioning
13,250,28,1545,0,normal_tightening,1,[0],True,1316,2396475,2397790,1,True,1998.414,2011.564,1998.414,2011.564,13.15,0,0,1315,True,0.01,1.25922423629e-09,0.00999999999999,0.0100000000002,100.0,3,"[0, 1, 2]",,True,commissioning
13,250,29,803,0,normal_tightening,1,[0],True,1643,1250623,1252265,1,True,17322.267,17338.697,17322.267,17338.697,16.43,0,0,1642,True,0.010006090134,0.000246706810005,0.00999999999476,0.0200000000004,99.9391357273,2,"[1, 2]",,True,commissioning
13,250,30,791,0,normal_tightening,1,[0],True,1323,1232521,1233843,1,True,17137.927,17151.267,17137.927,17151.267,13.34,0,0,1322,True,0.0100907715582,0.00139945618707,0.00999999999476,0.0400000000009,99.1004497751,2,"[1, 2]",,True,commissioning
13,250,31,2872,0,normal_tightening,1,[0],True,1721,4438935,4440655,1,True,10442.094,10459.294,10442.094,10459.294,17.2,0,0,1720,True,0.01,8.71172497695e-10,0.0099999999984,0.0100000000002,100.0,3,"[0, 1, 2]",,True,commissioning
13,250,32,2380,0,normal_tightening,1,[0],True,2441,3686519,3688959,1,True,6797.608,6822.039,6797.608,6822.039,24.431,0,0,2440,True,0.010012704918,0.000353325041589,0.00900000000001,0.0199999999995,99.8731120298,5,"[0, 1, 2, 3, 4]",,True,commissioning
13,250,33,339,0,normal_tightening,1,[0],True,1311,535472,536782,1,True,2632.62,2645.74,2632.62,2645.74,13.12,0,0,1310,True,0.0100152671756,0.000390433949694,0.00999999999976,0.02,99.8475609756,3,"[0, 1, 2]",,True,commissioning
13,250,34,2170,0,normal_tightening,1,[0],True,1328,3356835,3358162,1,True,12719.431,12732.701,12719.431,12732.701,13.27,0,0,1327,True,0.01,0.0,0.0099999999984,0.0100000000039,100.0,3,"[0, 1, 2]",,True,commissioning
13,250,35,3428,0,normal_tightening,1,[0],True,1372,5209803,5211174,1,True,12588.422,12602.172,12588.422,12602.172,13.75,0,0,1371,True,0.0100291757841,0.000853547524246,0.0099999999984,0.0400000000009,99.7090909091,3,"[0, 1, 2]",,True,commissioning
13,250,36,2079,0,normal_tightening,1,[0],True,1822,3216001,3217822,1,True,19535.027,19553.237,19535.027,19553.237,18.21,0,0,1821,True,0.01,0.0,0.0099999999984,0.010000000002,100.0,2,"[1, 2]",,True,commissioning
13,250,37,951,0,normal_tightening,1,[0],True,1352,1479003,1480354,1,True,1166.474,1179.984,1166.474,1179.984,13.51,0,0,1351,True,0.01,1.28584925751e-09,0.00999999999976,0.0100000000004,100.0,3,"[0, 1, 2]",,True,commissioning
13,250,38,515,0,normal_tightening,1,[0],True,1400,808345,809744,1,True,6387.625,6401.625,6387.625,6401.625,14.0,0,0,1399,True,0.0100071479628,0.000267261173599,0.00999999999749,0.0199999999986,99.9285714286,3,"[0, 1, 2]",,True,commissioning
13,250,39,1300,0,normal_tightening,1,[0],True,1303,2017494,2018796,1,True,6859.625,6872.645,6859.625,6872.645,13.02,0,0,1302,True,0.01,0.0,0.00999999999749,0.0100000000029,100.0,3,"[0, 1, 2]",,True,commissioning
13,250,40,3286,0,normal_tightening,1,[0],True,1500,4996300,4997799,1,True,10341.69,10356.93,10341.69,10356.93,15.24,0,0,1499,True,0.0101667778519,0.00172458298794,0.0099999999984,0.0400000000009,98.3595800525,3,"[0, 1, 2]",,True,commissioning
13,250,41,1763,0,normal_tightening,1,[0],True,1416,2728278,2729693,1,True,16043.674,16057.824,16043.674,16057.824,14.15,0,0,1415,True,0.01,0.0,0.00999999999658,0.0100000000039,100.0,3,"[0, 1, 2]",,True,commissioning
13,250,42,1261,0,normal_tightening,1,[0],True,1726,1956990,1958715,1,True,10033.945,10051.325,10033.945,10051.325,17.38,0,0,1725,True,0.0100753623188,0.00104679023506,0.0099999999984,0.0300000000007,99.252013809,2,"[1, 2]",,True,commissioning
13,250,43,54,0,normal_tightening,1,[0],True,1762,79836,81597,1,True,21982.98,22000.62,21982.98,22000.62,17.64,0,0,1761,True,0.0100170357751,0.000412392450919,0.0099999999984,0.0200000000004,99.8299319728,3,"[0, 1, 2]",,True,commissioning
13,250,44,239,0,normal_tightening,1,[0],True,1775,377451,379225,1,True,21072.318,21090.058,21072.318,21090.058,17.74,0,0,1774,True,0.01,0.0,0.00999999999476,0.010000000002,100.0,3,"[0, 1, 2]",,True,commissioning
13,250,45,100,0,normal_tightening,1,[0],True,1865,158784,160648,1,True,22773.64,22792.35,22773.64,22792.35,18.71,0,0,1864,True,0.0100375536481,0.000693846050289,0.0099999999984,0.0299999999988,99.6258685195,2,"[1, 2]",,True,commissioning
13,250,46,2500,0,normal_tightening,1,[0],True,1353,3884331,3885683,1,True,10051.859,10065.399,10051.859,10065.399,13.54,0,0,1352,True,0.0100147928994,0.000384330800476,0.0099999999984,0.0200000000004,99.8522895126,3,"[0, 1, 2]",,True,commissioning
13,250,47,4092,0,normal_tightening,1,[0],True,1679,6244193,6245871,1,True,11599.089,11616.309,11599.089,11616.309,17.22,0,0,1678,True,0.0102622169249,0.00167086521173,0.0099999999984,0.0299999999988,97.4448315912,3,"[0, 1, 2]",,True,commissioning
13,250,48,2164,0,normal_tightening,1,[0],True,1374,3348468,3349841,1,True,12635.401,12649.261,12635.401,12649.261,13.86,0,0,1373,True,0.0100946831755,0.00196244626146,0.0099999999984,0.0699999999961,99.0620490621,2,"[1, 2]",,True,commissioning
13,250,49,3204,0,normal_tightening,1,[0],True,1828,4879156,4880983,1,True,15198.175,15216.635,15198.175,15216.635,18.46,0,0,1827,True,0.0101039956212,0.00191217125875,0.00999999999476,0.0599999999995,98.9707475623,3,"[0, 1, 2]",,True,commissioning
13,250,50,2844,0,normal_tightening,1,[0],True,1724,4399920,4401643,1,True,10051.944,10069.174,10051.944,10069.174,17.23,0,0,1723,True,0.01,8.8659267708e-10,0.0099999999984,0.0100000000002,100.0,3,"[0, 1, 2]",,True,commissioning
13,250,51,1529,0,normal_tightening,1,[0],True,1492,2374365,2375856,1,True,1777.304,1792.214,1777.304,1792.214,14.91,0,0,1491,True,0.01,1.3675703812e-09,0.00999999999954,0.0100000000007,100.0,2,"[1, 2]",,True,commissioning
13,250,52,1123,0,normal_tightening,1,[0],True,1303,1738734,1740036,1,True,6859.625,6872.645,6859.625,6872.645,13.02,0,0,1302,True,0.01,0.0,0.00999999999749,0.0100000000029,100.0,3,"[0, 1, 2]",,True,commissioning
13,250,53,2672,0,normal_tightening,1,[0],True,1495,4161256,4162750,1,True,27972.54,27987.5,27972.54,27987.5,14.96,0,0,1494,True,0.0100133868809,0.00051726048421,0.0099999999984,0.0299999999988,99.8663101604,2,"[1, 2]",,True,commissioning
13,250,54,3302,0,normal_tightening,1,[0],True,1535,5020431,5021965,1,True,10588.77,10604.11,10588.77,10604.11,15.34,0,0,1534,True,0.01,0.0,0.0099999999984,0.0100000000002,100.0,3,"[0, 1, 2]",,True,commissioning
13,250,55,1669,0,normal_tightening,1,[0],True,1295,2583144,2584438,1,True,13722.979,13735.919,13722.979,13735.919,12.94,0,0,1294,True,0.01,0.0,0.00999999999658,0.0100000000039,100.0,3,"[0, 1, 2]",,True,commissioning
13,250,56,1009,0,normal_tightening,1,[0],True,1344,1565314,1566657,1,True,2030.104,2043.534,2030.104,2043.534,13.43,0,0,1343,True,0.01,1.26994123154e-09,0.00999999999999,0.0100000000002,100.0,3,"[0, 1, 2]",,True,commissioning
13,250,57,3488,0,normal_tightening,1,[0],True,1732,5298916,5300647,1,True,1584.434,1601.744,1584.434,1601.744,17.31,0,0,1731,True,0.01,1.4018261082e-09,0.00999999999954,0.0100000000007,100.0,2,"[1, 2]",,True,commissioning
13,250,58,1267,0,normal_tightening,1,[0],True,1703,1966575,1968277,1,True,10130.225,10147.265,10130.225,10147.265,17.04,0,0,1702,True,0.0100117508813,0.000342594118366,0.0099999999984,0.0200000000004,99.882629108,3,"[0, 1, 2]",,True,commissioning
13,250,59,3184,0,normal_tightening,1,[0],True,1367,4852832,4854198,1,True,14932.545,14946.215,14932.545,14946.215,13.67,0,0,1366,True,0.0100073206442,0.000270467836056,0.00999999999476,0.0200000000004,99.9268471105,3,"[0, 1, 2]",,True,commissioning
13,250,60,189,0,normal_tightening,1,[0],True,1755,298166,299920,1,True,19339.737,19357.277,19339.737,19357.277,17.54,0,0,1754,True,0.01,0.0,0.0099999999984,0.010000000002,100.0,3,"[0, 1, 2]",,True,commissioning
13,250,61,407,0,normal_tightening,1,[0],True,1700,638032,639731,1,True,4530.874,4547.864,4530.874,4547.864,16.99,0,0,1699,True,0.01,9.67018290297e-10,0.0099999999984,0.0100000000029,100.0,2,"[1, 2]",,True,commissioning
13,250,62,3726,0,normal_tightening,1,[0],True,1677,5660334,5662010,1,True,2260.608,2277.368,2260.608,2277.368,16.76,0,0,1676,True,0.01,4.93908380987e-10,0.00999999999976,0.0100000000002,100.0,3,"[0, 1, 2]",,True,commissioning
13,250,63,3128,0,normal_tightening,1,[0],True,1712,4781059,4782770,1,True,13886.538,13903.648,13886.538,13903.648,17.11,0,0,1711,True,0.01,8.55474410154e-10,0.0099999999984,0.0100000000002,100.0,2,"[1, 2]",,True,commissioning
13,250,64,889,0,normal_tightening,1,[0],True,1286,1385370,1386655,1,True,2740.38,2753.23,2740.38,2753.23,12.85,0,0,1285,True,0.01,0.0,0.00999999999976,0.0100000000002,100.0,3,"[0, 1, 2]",,True,commissioning
13,250,65,1462,0,normal_tightening,1,[0],True,1733,2274325,2276057,1,True,10390.125,10407.455,10390.125,10407.455,17.33,0,0,1732,True,0.0100057736721,0.000240215289376,0.0099999999984,0.0199999999986,99.9422965955,3,"[0, 1, 2]",,True,commissioning
13,250,66,3596,0,normal_tightening,1,[0],True,1719,5457103,5458821,1,True,3427.973,3445.153,3427.973,3445.153,17.18,0,0,1718,True,0.01,5.82076609135e-10,0.00999999999976,0.0100000000002,100.0,3,"[0, 1, 2]",,True,commissioning
13,250,67,3504,0,normal_tightening,1,[0],True,1382,5319820,5321201,1,True,1793.474,1807.284,1793.474,1807.284,13.81,0,0,1381,True,0.01,1.30156286614e-09,0.00999999999954,0.0100000000004,100.0,2,"[1, 2]",,True,commissioning
13,250,68,3188,0,normal_tightening,1,[0],True,1445,4857339,4858783,1,True,14977.635,14992.305,14977.635,14992.305,14.67,0,0,1444,True,0.0101592797784,0.00230370135313,0.00999999999476,0.0699999999997,98.4321745058,3,"[0, 1, 2]",,True,commissioning
13,250,69,1963,0,normal_tightening,1,[0],True,1697,3036526,3038222,1,True,7505.175,7522.135,7505.175,7522.135,16.96,0,0,1696,True,0.01,5.46036260182e-10,0.00999999999749,0.010000000002,100.0,3,"[0, 1, 2]",,True,commissioning
13,250,70,383,0,normal_tightening,1,[0],True,1746,602210,603955,1,True,3300.43,3317.89,3300.43,3317.89,17.46,0,0,1745,True,0.010005730659,0.00023931934691,0.00999999999976,0.02,99.9427262314,3,"[0, 1, 2]",,True,commissioning
13,250,71,1217,0,normal_tightening,1,[0],True,1762,1885740,1887501,1,True,9281.615,9299.235,9281.615,9299.235,17.62,0,0,1761,True,0.0100056785917,0.000238230289205,0.0099999999984,0.0200000000004,99.943246311,3,"[0, 1, 2]",,True,commissioning
13,250,72,165,0,normal_tightening,1,[0],True,1263,262223,263485,1,True,18980.097,18992.717,18980.097,18992.717,12.62,0,0,1262,True,0.01,3.9809371384e-05,0.00900000000183,0.0109999999986,100.0,3,"[0, 1, 2]",,True,commissioning
13,250,73,2560,0,normal_tightening,1,[0],True,1636,3979988,3981623,1,True,24149.134,24165.494,24149.134,24165.494,16.36,0,0,1635,True,0.010006116208,0.000247234041985,0.0099999999984,0.0200000000004,99.9388753056,2,"[1, 2]",,True,commissioning
13,250,74,4060,0,normal_tightening,1,[0],True,1419,6194503,6195921,1,True,11097.679,11112.309,11097.679,11112.309,14.63,0,0,1418,True,0.010317348378,0.00179271233338,0.0099999999984,0.0299999999988,96.9241285031,3,"[0, 1, 2]",,True,commissioning
13,250,75,106,0,normal_tightening,1,[0],True,1752,168924,170675,1,True,22875.16,22892.7,22875.16,22892.7,17.54,0,0,1751,True,0.0100171330668,0.000534095096034,0.0099999999984,0.0299999999988,99.8289623717,3,"[0, 1, 2]",,True,commissioning
13,250,76,3564,0,normal_tightening,1,[0],True,1829,5408433,5410261,1,True,2679.844,2698.134,2679.844,2698.134,18.29,0,0,1828,True,0.0100054704595,0.000233826151782,0.00999999999931,0.02,99.9453253144,3,"[0, 1, 2]",,True,commissioning
13,250,77,1404,0,normal_tightening,1,[0],True,1292,2180756,2182047,1,True,9412.985,9425.905,9412.985,9425.905,12.92,0,0,1291,True,0.0100077459334,0.000278207358585,0.0099999999984,0.0200000000004,99.9226006192,3,"[0, 1, 2]",,True,commissioning
13,250,78,3824,0,normal_tightening,1,[0],True,1110,5815874,5816983,1,True,21895.065,21906.155,21895.065,21906.155,11.09,0,0,1109,True,0.01,1.10441271454e-09,0.0099999999984,0.010000000002,100.0,3,"[0, 1, 2]",,True,commissioning
13,250,79,3810,0,normal_tightening,1,[0],True,1495,5792749,5794243,1,True,21663.795,21678.735,21663.795,21678.735,14.94,0,0,1494,True,0.01,6.04911756551e-10,0.0099999999984,0.010000000002,100.0,2,"[1, 2]",,True,commissioning
13,250,80,3622,0,normal_tightening,1,[0],True,1815,5495886,5497700,1,True,17104.6,17122.74,17104.6,17122.74,18.14,0,0,1814,True,0.01,0.0,0.0099999999984,0.010000000002,100.0,3,"[0, 1, 2]",,True,commissioning
13,250,81,1001,0,normal_tightening,1,[0],True,1547,1553920,1555466,1,True,1916.154,1931.614,1916.154,1931.614,15.46,0,0,1546,True,0.01,1.42579068359e-09,0.00999999999999,0.0100000000002,100.0,3,"[0, 1, 2]",,True,commissioning
13,250,82,4028,0,normal_tightening,1,[0],True,1316,6142556,6143871,1,True,16014.55,16027.7,16014.55,16027.7,13.15,0,0,1315,True,0.01,0.0,0.00999999999476,0.0100000000057,100.0,2,"[1, 2]",,True,commissioning
13,250,83,2039,0,normal_tightening,1,[0],True,1307,3154790,3156096,1,True,18922.657,18935.727,18922.657,18935.727,13.07,0,0,1306,True,0.0100076569678,0.000276606307337,0.0099999999984,0.0200000000004,99.9234889059,2,"[1, 2]",,True,commissioning
13,250,84,3750,0,normal_tightening,1,[0],True,1445,5697541,5698985,1,True,3184.849,3199.329,3184.849,3199.329,14.48,0,0,1444,True,0.010027700831,0.000525586314714,0.00999999999885,0.0200000000004,99.7237569061,3,"[0, 1, 2]",,True,commissioning
13,250,85,2840,0,normal_tightening,1,[0],True,1701,4394223,4395923,1,True,9994.974,10011.974,9994.974,10011.974,17.0,0,0,1700,True,0.01,8.23180634978e-10,0.0099999999984,0.0100000000002,100.0,3,"[0, 1, 2]",,True,commissioning
13,250,86,3812,0,normal_tightening,1,[0],True,1581,5796061,5797641,1,True,21696.915,21712.725,21696.915,21712.725,15.81,0,0,1580,True,0.0100063291139,0.000251497677053,0.0099999999984,0.0200000000004,99.9367488931,3,"[0, 1, 2]",,True,commissioning
13,250,87,4038,0,normal_tightening,1,[0],True,1393,6158375,6159767,1,True,16173.07,16187.0,16173.07,16187.0,13.93,0,0,1392,True,0.010007183908,0.00026793184195,0.00999999999476,0.0200000000004,99.928212491,3,"[0, 1, 2]",,True,commissioning
13,250,88,2162,0,normal_tightening,1,[0],True,1351,3345785,3347135,1,True,12607.791,12621.531,12607.791,12621.531,13.74,0,0,1350,True,0.0101777777778,0.00242782227264,0.0099999999984,0.0699999999997,98.2532751092,3,"[0, 1, 2]",,True,commissioning
13,250,89,1795,0,normal_tightening,1,[0],True,1562,2779372,2780933,1,True,16675.78,16691.39,16675.78,16691.39,15.61,0,0,1561,True,0.01,4.03274504367e-10,0.0099999999984,0.010000000002,100.0,2,"[1, 2]",,True,commissioning
13,250,90,1623,0,normal_tightening,1,[0],True,1375,2514406,2515780,1,True,4104.901,4118.641,4104.901,4118.641,13.74,0,0,1374,True,0.01,0.0,0.0099999999984,0.0100000000011,100.0,3,"[0, 1, 2]",,True,commissioning
13,250,91,2648,0,normal_tightening,1,[0],True,1283,4121103,4122385,1,True,27570.47,27583.3,27570.47,27583.3,12.83,0,0,1282,True,0.010007800312,0.000279181437895,0.0099999999984,0.0200000000004,99.9220576773,3,"[0, 1, 2]",,True,commissioning
13,250,92,1283,0,normal_tightening,1,[0],True,1733,1992443,1994175,1,True,10390.125,10407.455,10390.125,10407.455,17.33,0,0,1732,True,0.0100057736721,0.000240215289376,0.0099999999984,0.0199999999986,99.9422965955,3,"[0, 1, 2]",,True,commissioning
13,250,93,40,0,normal_tightening,1,[0],True,1866,57463,59328,1,True,21758.85,21777.51,21758.85,21777.51,18.66,0,0,1865,True,0.0100053619303,0.000231496334003,0.0099999999984,0.0200000000004,99.9464094319,3,"[0, 1, 2]",,True,commissioning
13,250,94,645,0,normal_tightening,1,[0],True,1456,1005674,1007129,1,True,13552.649,13567.199,13552.649,13567.199,14.55,0,0,1455,True,0.01,0.0,0.00999999999658,0.0100000000039,100.0,3,"[0, 1, 2]",,True,commissioning
13,250,95,563,0,normal_tightening,1,[0],True,1378,882658,884035,1,True,7130.975,7144.745,7130.975,7144.745,13.77,0,0,1377,True,0.01,0.0,0.00999999999749,0.0100000000029,100.0,3,"[0, 1, 2]",,True,commissioning
13,250,96,2704,0,normal_tightening,1,[0],True,1328,4213807,4215134,1,True,28498.66,28511.93,28498.66,28511.93,13.27,0,0,1327,True,0.01,9.74000462487e-10,0.0099999999984,0.010000000002,100.0,3,"[0, 1, 2]",,True,commissioning
13,250,97,3472,0,normal_tightening,1,[0],True,1766,5274669,5276434,1,True,1341.884,1359.534,1341.884,1359.534,17.65,0,0,1765,True,0.01,1.52677263233e-09,0.00999999999976,0.0100000000004,100.0,3,"[0, 1, 2]",,True,commissioning
13,250,98,3356,0,normal_tightening,1,[0],True,2062,5100669,5102730,1,True,11480.552,11501.252,11480.552,11501.252,20.7,0,0,2061,True,0.0100436681223,0.000851994796333,0.0099999999984,0.0300000000007,99.5652173913,3,"[0, 1, 2]",,True,commissioning
13,250,99,2976,0,normal_tightening,1,[0],True,1711,4576265,4577975,1,True,7283.628,7300.818,7283.628,7300.818,17.19,0,0,1710,True,0.0100526315789,0.00120846506431,0.00900000000001,0.050000000002,99.4764397906,3,"[0, 1, 2]",,True,commissioning
13,250,100,3344,0,normal_tightening,1,[0],True,1504,5081618,5083121,1,True,11285.882,11301.652,11285.882,11301.652,15.77,0,0,1503,True,0.0104923486361,0.00303403426892,0.0099999999984,0.0499999999993,95.3075459734,3,"[0, 1, 2]",,True,commissioning
13,250,101,3818,0,normal_tightening,1,[0],True,1526,5806184,5807709,1,True,21798.155,21813.415,21798.155,21813.415,15.26,0,0,1525,True,0.0100065573771,0.000255989787406,0.0099999999984,0.0199999999968,99.9344692005,3,"[0, 1, 2]",,True,commissioning
13,250,102,3866,0,normal_tightening,1,[0],True,1651,5881817,5883467,1,True,24440.889,24457.389,24440.889,24457.389,16.5,0,0,1650,True,0.01,0.0,0.0099999999984,0.010000000002,100.0,3,"[0, 1, 2]",,True,commissioning
13,250,103,2320,0,normal_tightening,1,[0],True,1617,3594884,3596500,1,True,15326.35,15342.51,15326.35,15342.51,16.16,0,0,1616,True,0.01,6.88722331903e-10,0.00999999999476,0.0100000000057,100.0,3,"[0, 1, 2]",,True,commissioning
13,250,104,1187,0,normal_tightening,1,[0],True,1374,1836135,1837508,1,True,8261.964,8275.694,8261.964,8275.694,13.73,0,0,1373,True,0.01,0.0,0.0099999999984,0.010000000002,100.0,3,"[0, 1, 2]",,True,commissioning
13,250,105,3148,0,normal_tightening,1,[0],True,1672,4803891,4805562,1,True,14119.098,14135.998,14119.098,14135.998,16.9,0,0,1671,True,0.0101137043686,0.00196899913971,0.0099999999984,0.0599999999995,98.875739645,3,"[0, 1, 2]",,True,commissioning
13,250,106,3728,0,normal_tightening,1,[0],True,1640,5663844,5665483,1,True,2295.708,2312.108,2295.708,2312.108,16.4,0,0,1639,True,0.0100061012813,0.000246932353201,0.00999999999976,0.02,99.9390243902,3,"[0, 1, 2]",,True,commissioning
13,250,107,4024,0,normal_tightening,1,[0],True,1416,6136443,6137858,1,True,15953.4,15967.55,15953.4,15967.55,14.15,0,0,1415,True,0.01,0.0,0.00999999999476,0.0100000000057,100.0,3,"[0, 1, 2]",,True,commissioning
13,250,108,3832,0,normal_tightening,1,[0],True,1423,5827292,5828714,1,True,22873.223,22887.443,22873.223,22887.443,14.22,0,0,1422,True,0.01,7.72211884697e-10,0.0099999999984,0.010000000002,100.0,3,"[0, 1, 2]",,True,commissioning
13,250,109,1065,0,normal_tightening,1,[0],True,1569,1652541,1654109,1,True,3502.595,3518.275,3502.595,3518.275,15.68,0,0,1568,True,0.01,0.0,0.00999999999976,0.0100000000002,100.0,2,"[1, 2]",,True,commissioning
13,250,110,3666,0,normal_tightening,1,[0],True,1714,5566905,5568618,1,True,17814.79,17831.92,17814.79,17831.92,17.13,0,0,1713,True,0.01,2.01637252184e-10,0.00999999999476,0.0100000000057,100.0,3,"[0, 1, 2]",,True,commissioning
13,250,111,2045,0,normal_tightening,1,[0],True,1234,3163268,3164501,1,True,19007.467,19019.797,19007.467,19019.797,12.33,0,0,1233,True,0.01,1.14655795062e-09,0.0099999999984,0.010000000002,100.0,2,"[1, 2]",,True,commissioning
13,250,112,1655,0,normal_tightening,1,[0],True,1435,2563354,2564788,1,True,13524.889,13539.399,13524.889,13539.399,14.51,0,0,1434,True,0.0101185495119,0.00155777766617,0.00999999999658,0.0499999999993,98.8283942109,3,"[0, 1, 2]",,True,commissioning
13,250,113,4076,0,normal_tightening,1,[0],True,1776,6217859,6219634,1,True,11334.989,11352.739,11334.989,11352.739,17.75,0,0,1775,True,0.01,8.63359133608e-10,0.0099999999984,0.010000000002,100.0,3,"[0, 1, 2]",,True,commissioning
13,250,114,2486,0,normal_tightening,1,[0],True,1543,3861351,3862893,1,True,9821.899,9837.339,9821.899,9837.339,15.44,0,0,1542,True,0.0100129701686,0.000359907572662,0.0099999999984,0.0200000000004,99.8704663212,3,"[0, 1, 2]",,True,commissioning
13,250,115,2438,0,normal_tightening,1,[0],True,1591,3781278,3782868,1,True,8585.759,8601.699,8585.759,8601.699,15.94,0,0,1590,True,0.0100251572327,0.000613779768476,0.0099999999984,0.0300000000007,99.7490589711,3,"[0, 1, 2]",,True,commissioning
13,250,116,387,0,normal_tightening,1,[0],True,1748,608210,609957,1,True,3360.44,3377.91,3360.44,3377.91,17.47,0,0,1747,True,0.01,6.37632978038e-10,0.00999999999976,0.0100000000002,100.0,3,"[0, 1, 2]",,True,commissioning
13,250,117,3454,0,normal_tightening,1,[0],True,1753,5245658,5247410,1,True,1017.704,1035.224,1017.704,1035.224,17.52,0,0,1752,True,0.01,1.51787009211e-09,0.00999999999976,0.0100000000004,100.0,3,"[0, 1, 2]",,True,commissioning
13,250,118,2274,0,normal_tightening,1,[0],True,1308,3521337,3522644,1,True,14589.75,14603.15,14589.75,14603.15,13.4,0,0,1307,True,0.0102524866106,0.00170885434765,0.00999999999476,0.0300000000007,97.5373134328,3,"[0, 1, 2]",,True,commissioning
13,250,119,2982,0,normal_tightening,1,[0],True,1770,4585336,4587105,1,True,7374.508,7392.268,7374.508,7392.268,17.76,0,0,1769,True,0.0100395703787,0.000627804087745,0.00999999999658,0.0200000000041,99.6058558559,2,"[1, 2]",,True,commissioning
13,250,120,1131,0,normal_tightening,1,[0],True,1735,1749913,1751647,1,True,6972.035,6989.595,6972.035,6989.595,17.56,0,0,1734,True,0.0101268742791,0.00158788806273,0.00999999999749,0.0500000000002,98.7471526196,3,"[0, 1, 2]",,True,commissioning
13,250,121,1179,0,normal_tightening,1,[0],True,1293,1825301,1826593,1,True,8152.884,8165.994,8152.884,8165.994,13.11,0,0,1292,True,0.0101470588235,0.00163931450034,0.00999999999749,0.0500000000038,98.5507246377,3,"[0, 1, 2]",,True,commissioning
13,250,122,391,0,normal_tightening,1,[0],True,1278,614065,615342,1,True,4016.107,4028.897,4016.107,4028.897,12.79,0,0,1277,True,0.0100156617071,0.000395438721155,0.00999999999976,0.02,99.8436278342,3,"[0, 1, 2]",,True,commissioning
13,250,123,3878,0,normal_tightening,1,[0],True,1565,5901766,5903330,1,True,1164.837,1180.477,1164.837,1180.477,15.64,0,0,1564,True,0.01,1.36260640699e-09,0.00999999999954,0.0100000000004,100.0,3,"[0, 1, 2]",,True,commissioning
13,250,124,421,0,normal_tightening,1,[0],True,1727,661865,663591,1,True,5133.627,5150.887,5133.627,5150.887,17.26,0,0,1726,True,0.01,9.4576254541e-10,0.0099999999984,0.0100000000029,100.0,3,"[0, 1, 2]",,True,commissioning
13,250,125,689,0,normal_tightening,1,[0],True,1508,1073464,1074971,1,True,14804.661,14819.731,14804.661,14819.731,15.07,0,0,1507,True,0.01,0.0,0.0099999999984,0.0100000000039,100.0,2,"[1, 2]",,True,commissioning
13,250,126,197,0,normal_tightening,1,[0],True,1727,310999,312725,1,True,19468.097,19485.357,19468.097,19485.357,17.26,0,0,1726,True,0.01,3.40403958196e-05,0.00900000000183,0.0109999999986,100.0,3,"[0, 1, 2]",,True,commissioning
13,250,127,751,0,normal_tightening,1,[0],True,1416,1167839,1169254,1,True,16043.674,16057.824,16043.674,16057.824,14.15,0,0,1415,True,0.01,0.0,0.00999999999658,0.0100000000039,100.0,3,"[0, 1, 2]",,True,commissioning
13,250,128,703,0,normal_tightening,1,[0],True,1488,1095389,1096876,1,True,15318.664,15333.534,15318.664,15333.534,14.87,0,0,1487,True,0.01,0.0,0.00999999999658,0.0100000000039,100.0,3,"[0, 1, 2]",,True,commissioning
13,250,129,1105,0,normal_tightening,1,[0],True,1516,1712278,1713793,1,True,4381.691,4396.841,4381.691,4396.841,15.15,0,0,1515,True,0.01,0.0,0.0099999999984,0.0100000000011,100.0,3,"[0, 1, 2]",,True,commissioning
13,250,130,3446,0,normal_tightening,1,[0],True,1463,5234295,5235757,1,True,904.074,918.694,904.074,918.694,14.62,0,0,1462,True,0.01,1.45402690358e-09,0.00999999999999,0.0100000000001,100.0,3,"[0, 1, 2]",,True,commissioning
13,250,131,2658,0,normal_tightening,1,[0],True,1597,4137522,4139118,1,True,27735.0,27751.0,27735.0,27751.0,16.0,0,0,1596,True,0.0100250626566,0.000612626895377,0.0099999999984,0.0300000000025,99.75,3,"[0, 1, 2]",,True,commissioning
13,250,132,70,0,normal_tightening,1,[0],True,1697,106554,108250,1,True,22250.28,22267.24,22250.28,22267.24,16.96,0,0,1696,True,0.01,0.0,0.0099999999984,0.010000000002,100.0,3,"[0, 1, 2]",,True,commissioning
13,250,133,801,0,normal_tightening,1,[0],True,1740,1247061,1248800,1,True,17286.647,17304.037,17286.647,17304.037,17.39,0,0,1739,True,0.01,0.0,0.00999999999476,0.0100000000057,100.0,2,"[1, 2]",,True,commissioning
13,250,134,3136,0,normal_tightening,1,[0],True,1198,4790718,4791915,1,True,13983.688,13996.208,13983.688,13996.208,12.52,0,0,1197,True,0.0104594820384,0.00347412982069,0.0099999999984,0.0699999999997,95.607028754,3,"[0, 1, 2]",,True,commissioning
13,250,135,4094,0,normal_tightening,1,[0],True,1750,6247324,6249073,1,True,11630.989,11648.479,11630.989,11648.479,17.49,0,0,1749,True,0.01,8.14907252789e-10,0.0099999999984,0.010000000002,100.0,3,"[0, 1, 2]",,True,commissioning
13,250,136,3164,0,normal_tightening,1,[0],True,1684,4826683,4828366,1,True,14666.085,14683.385,14666.085,14683.385,17.3,0,0,1683,True,0.0102792632204,0.00279724275223,0.00999999999476,0.0599999999995,97.2832369942,3,"[0, 1, 2]",,True,commissioning
13,250,137,769,0,normal_tightening,1,[0],True,1577,1195700,1197276,1,True,16443.18,16458.97,16443.18,16458.97,15.79,0,0,1576,True,0.010019035533,0.000562935637352,0.0099999999984,0.0300000000025,99.8100063331,3,"[0, 1, 2]",,True,commissioning
13,250,138,3814,0,normal_tightening,1,[0],True,1566,5799485,5801050,1,True,21731.165,21746.815,21731.165,21746.815,15.65,0,0,1565,True,0.01,3.86105942348e-10,0.0099999999984,0.010000000002,100.0,3,"[0, 1, 2]",,True,commissioning
13,250,139,3402,0,normal_tightening,1,[0],True,1320,5170275,5171594,1,True,12184.992,12198.652,12184.992,12198.652,13.66,0,0,1319,True,0.0103563305534,0.0023254084301,0.0099999999984,0.0399999999991,96.5592972182,2,"[1, 2]",,True,commissioning
13,250,140,86,0,normal_tightening,1,[0],True,1774,133696,135469,1,True,22522.27,22540.0,22522.27,22540.0,17.73,0,0,1773,True,0.01,0.0,0.0099999999984,0.010000000002,100.0,3,"[0, 1, 2]",,True,commissioning
13,250,141,1233,0,normal_tightening,1,[0],True,1478,1910009,1911486,1,True,9525.195,9540.175,9525.195,9540.175,14.98,0,0,1477,True,0.0101421800948,0.00123975617869,0.0099999999984,0.0300000000007,98.5981308411,3,"[0, 1, 2]",,True,commissioning
13,250,142,2460,0,normal_tightening,1,[0],True,1413,3818299,3819711,1,True,9390.819,9404.949,9390.819,9404.949,14.13,0,0,1412,True,0.010007082153,0.000266028894783,0.0099999999984,0.0200000000004,99.9292285916,3,"[0, 1, 2]",,True,commissioning
13,250,143,1175,0,normal_tightening,1,[0],True,1263,1819749,1821011,1,True,8096.834,8109.624,8096.834,8109.624,12.79,0,0,1262,True,0.0101347068146,0.00170695877914,0.00999999999749,0.04,98.6708365911,3,"[0, 1, 2]",,True,commissioning
13,250,144,3512,0,normal_tightening,1,[0],True,1721,5331377,5333097,1,True,1909.044,1926.244,1909.044,1926.244,17.2,0,0,1720,True,0.01,1.50891502816e-09,0.00999999999999,0.0100000000002,100.0,3,"[0, 1, 2]",,True,commissioning
13,250,145,835,0,normal_tightening,1,[0],True,1384,1299542,1300925,1,True,1879.33,1893.16,1879.33,1893.16,13.83,0,0,1383,True,0.01,1.31708901597e-09,0.00999999999999,0.0100000000002,100.0,3,"[0, 1, 2]",,True,commissioning
13,250,146,1125,0,normal_tightening,1,[0],True,1365,1741480,1742844,1,True,6887.085,6900.725,6887.085,6900.725,13.64,0,0,1364,True,0.01,0.0,0.00999999999749,0.0100000000029,100.0,2,"[1, 2]",,True,commissioning
13,250,147,3656,0,normal_tightening,1,[0],True,1823,5550016,5551838,1,True,17645.9,17664.12,17645.9,17664.12,18.22,0,0,1822,True,0.01,0.0,0.0099999999984,0.010000000002,100.0,3,"[0, 1, 2]",,True,commissioning
13,250,148,2364,0,normal_tightening,1,[0],True,1610,3661725,3663334,1,True,6530.678,6546.798,6530.678,6546.798,16.12,0,0,1609,True,0.0100186451212,0.000431397231687,0.00999999999658,0.0200000000041,99.8138957816,3,"[0, 1, 2]",,True,commissioning
13,250,149,2254,0,normal_tightening,1,[0],True,1506,3490562,3492067,1,True,14281.62,14296.67,14281.62,14296.67,15.05,0,0,1505,True,0.01,0.0,0.00999999999476,0.0100000000057,100.0,2,"[1, 2]",,True,commissioning
13,250,150,1410,0,normal_tightening,1,[0],True,1466,2189005,2190470,1,True,9495.985,9510.635,9495.985,9510.635,14.65,0,0,1465,True,0.01,0.0,0.0099999999984,0.0100000000002,100.0,3,"[0, 1, 2]",,True,commissioning
13,250,151,1917,0,normal_tightening,1,[0],True,1693,2966293,2967985,1,True,6802.085,6819.005,6802.085,6819.005,16.92,0,0,1692,True,0.01,7.72211884697e-10,0.00999999999749,0.0100000000029,100.0,3,"[0, 1, 2]",,True,commissioning
13,250,152,571,0,normal_tightening,1,[0],True,1349,893706,895054,1,True,7241.455,7254.985,7241.455,7254.985,13.53,0,0,1348,True,0.0100370919881,0.000719661043947,0.00999999999749,0.0299999999997,99.63045085,3,"[0, 1, 2]",,True,commissioning
13,250,153,1237,0,normal_tightening,1,[0],True,1771,1915894,1917664,1,True,9585.175,9602.905,9585.175,9602.905,17.73,0,0,1770,True,0.0100169491525,0.00041134444407,0.0099999999984,0.0200000000004,99.8307952623,3,"[0, 1, 2]",,True,commissioning
13,250,154,1396,0,normal_tightening,1,[0],True,1762,2167622,2169383,1,True,9281.615,9299.235,9281.615,9299.235,17.62,0,0,1761,True,0.0100056785917,0.000238230289205,0.0099999999984,0.0200000000004,99.943246311,3,"[0, 1, 2]",,True,commissioning
13,250,155,219,0,normal_tightening,1,[0],True,1714,343853,345566,1,True,20249.501,20266.631,20249.501,20266.631,17.13,0,0,1713,True,0.01,5.07442623323e-10,0.00999999999476,0.0100000000057,100.0,3,"[0, 1, 2]",,True,commissioning
13,250,156,1507,0,normal_tightening,1,[0],True,1512,2341056,2342567,1,True,1443.774,1458.894,1443.774,1458.894,15.12,0,0,1511,True,0.0100066181337,0.00025717219362,0.00999999999954,0.02,99.9338624339,3,"[0, 1, 2]",,True,commissioning
13,250,157,931,0,normal_tightening,1,[0],True,1717,1450624,1452340,1,True,3393.27,3410.43,3393.27,3410.43,17.16,0,0,1716,True,0.01,5.82076609135e-10,0.00999999999976,0.0100000000002,100.0,3,"[0, 1, 2]",,True,commissioning
13,250,158,2174,0,normal_tightening,1,[0],True,1271,3363138,3364408,1,True,12782.461,12795.281,12782.461,12795.281,12.82,0,0,1270,True,0.010094488189,0.00283241381951,0.0099999999984,0.109999999999,99.0639625585,3,"[0, 1, 2]",,True,commissioning
13,250,159,2348,0,normal_tightening,1,[0],True,1331,3636463,3637793,1,True,6277.798,6291.098,6277.798,6291.098,13.3,0,0,1330,True,0.01,6.68755109252e-10,0.00999999999658,0.0100000000039,100.0,3,"[0, 1, 2]",,True,commissioning
13,250,160,3334,0,normal_tightening,1,[0],True,1576,5065325,5066900,1,True,11045.9,11062.14,11045.9,11062.14,16.24,0,0,1575,True,0.0103111111111,0.00200753430945,0.0099999999984,0.0400000000009,96.9827586207,3,"[0, 1, 2]",,True,commissioning
13,250,161,767,0,normal_tightening,1,[0],True,1615,1192237,1193851,1,True,16408.54,16424.68,16408.54,16424.68,16.14,0,0,1614,True,0.01,1.64636126996e-10,0.0099999999984,0.010000000002,100.0,3,"[0, 1, 2]",,True,commissioning
13,250,162,1416,0,normal_tightening,1,[0],True,1771,2197776,2199546,1,True,9585.175,9602.905,9585.175,9602.905,17.73,0,0,1770,True,0.0100169491525,0.00041134444407,0.0099999999984,0.0200000000004,99.8307952623,3,"[0, 1, 2]",,True,commissioning
13,250,163,4088,0,normal_tightening,1,[0],True,1768,6237298,6239065,1,True,11529.489,11547.169,11529.489,11547.169,17.68,0,0,1767,True,0.0100056593096,0.000237825709004,0.0099999999984,0.0200000000004,99.943438914,3,"[0, 1, 2]",,True,commissioning
13,250,164,1468,0,normal_tightening,1,[0],True,1722,2283267,2284988,1,True,10479.575,10496.785,10479.575,10496.785,17.21,0,0,1721,True,0.01,8.78916405522e-10,0.0099999999984,0.0100000000002,100.0,3,"[0, 1, 2]",,True,commissioning
13,250,165,831,0,normal_tightening,1,[0],True,1334,1293803,1295136,1,True,1821.92,1835.25,1821.92,1835.25,13.33,0,0,1333,True,0.01,1.27526595608e-09,0.00999999999999,0.0100000000002,100.0,3,"[0, 1, 2]",,True,commissioning
13,250,166,863,0,normal_tightening,1,[0],True,1737,1345939,1347675,1,True,2344.77,2362.14,2344.77,2362.14,17.37,0,0,1736,True,0.0100057603687,0.000239938543775,0.00999999999976,0.02,99.9424294761,3,"[0, 1, 2]",,True,commissioning
13,250,167,3362,0,normal_tightening,1,[0],True,1531,5109595,5111125,1,True,11571.062,11586.592,11571.062,11586.592,15.53,0,0,1530,True,0.0101503267974,0.00178326000153,0.0099999999984,0.0499999999993,98.5189954926,3,"[0, 1, 2]",,True,commissioning
13,250,168,153,0,normal_tightening,1,[0],True,1652,244349,246000,1,True,18801.237,18817.747,18801.237,18817.747,16.51,0,0,1651,True,0.01,0.0,0.0099999999984,0.010000000002,100.0,3,"[0, 1, 2]",,True,commissioning
13,250,169,84,0,normal_tightening,1,[0],True,1721,130259,131979,1,True,22487.9,22505.1,22487.9,22505.1,17.2,0,0,1720,True,0.01,0.0,0.0099999999984,0.010000000002,100.0,3,"[0, 1, 2]",,True,commissioning
13,250,170,1376,0,normal_tightening,1,[0],True,1662,2133639,2135300,1,True,8422.064,8439.074,8422.064,8439.074,17.01,0,0,1661,True,0.0102408187839,0.0016828047182,0.0099999999984,0.0399999999991,97.6484420929,3,"[0, 1, 2]",,True,commissioning
13,250,171,2824,0,normal_tightening,1,[0],True,1278,4372786,4374063,1,True,9780.604,9793.374,9780.604,9793.374,12.77,0,0,1277,True,0.01,0.0,0.0099999999984,0.0100000000002,100.0,3,"[0, 1, 2]",,True,commissioning
13,250,172,885,0,normal_tightening,1,[0],True,1312,1379786,1381097,1,True,2684.47,2697.58,2684.47,2697.58,13.11,0,0,1311,True,0.01,0.0,0.00999999999976,0.0100000000002,100.0,2,"[1, 2]",,True,commissioning
13,250,173,1721,0,normal_tightening,1,[0],True,1417,2663586,2665002,1,True,15396.244,15410.404,15396.244,15410.404,14.16,0,0,1416,True,0.01,0.0,0.00999999999658,0.0100000000039,100.0,3,"[0, 1, 2]",,True,commissioning
13,250,174,2418,0,normal_tightening,1,[0],True,1450,3747917,3749366,1,True,8251.949,8266.449,8251.949,8266.449,14.5,0,0,1449,True,0.0100069013112,0.000262612803192,0.0099999999984,0.0200000000004,99.9310344828,3,"[0, 1, 2]",,True,commissioning
13,250,175,179,0,normal_tightening,1,[0],True,1691,281369,283059,1,True,19171.587,19188.527,19171.587,19188.527,16.94,0,0,1690,True,0.0100236686391,0.000485928169537,0.0099999999984,0.0200000000004,99.7638724912,3,"[0, 1, 2]",,True,commissioning
13,250,176,2880,0,normal_tightening,1,[0],True,1771,4450153,4451923,1,True,10554.274,10571.974,10554.274,10571.974,17.7,0,0,1770,True,0.01,7.54457514082e-10,0.0099999999984,0.0100000000039,100.0,2,"[1, 2]",,True,commissioning
13,250,177,2458,0,normal_tightening,1,[0],True,1539,3815383,3816921,1,True,9361.649,9377.039,9361.649,9377.039,15.39,0,0,1538,True,0.0100065019506,0.000254906317097,0.0099999999984,0.0200000000004,99.935022742,3,"[0, 1, 2]",,True,commissioning
13,250,178,1701,0,normal_tightening,1,[0],True,1508,2633903,2635410,1,True,14804.661,14819.731,14804.661,14819.731,15.07,0,0,1507,True,0.01,0.0,0.0099999999984,0.0100000000039,100.0,2,"[1, 2]",,True,commissioning
13,250,179,417,0,normal_tightening,1,[0],True,1841,655041,656881,1,True,5065.387,5083.787,5065.387,5083.787,18.4,0,0,1840,True,0.01,1.02815228355e-09,0.0099999999984,0.0100000000029,100.0,3,"[0, 1, 2]",,True,commissioning
13,250,180,711,0,normal_tightening,1,[0],True,1488,1105957,1107444,1,True,15424.344,15439.214,15424.344,15439.214,14.87,0,0,1487,True,0.01,0.0,0.00999999999658,0.0100000000039,100.0,3,"[0, 1, 2]",,True,commissioning
13,250,181,1811,0,normal_tightening,1,[0],True,1303,2804395,2805697,1,True,17254.767,17268.007,17254.767,17268.007,13.24,0,0,1302,True,0.0101689708141,0.00191261203825,0.00999999999476,0.0400000000009,98.3383685801,2,"[1, 2]",,True,commissioning
13,250,182,1603,0,normal_tightening,1,[0],True,1569,2485363,2486931,1,True,3502.595,3518.275,3502.595,3518.275,15.68,0,0,1568,True,0.01,0.0,0.00999999999976,0.0100000000002,100.0,2,"[1, 2]",,True,commissioning
13,250,183,671,0,normal_tightening,1,[0],True,1628,1044143,1045770,1,True,13937.389,13953.659,13937.389,13953.659,16.27,0,0,1627,True,0.01,2.01637252184e-10,0.00999999999658,0.0100000000039,100.0,3,"[0, 1, 2]",,True,commissioning
13,250,184,94,0,normal_tightening,1,[0],True,2230,147480,149709,1,True,22660.16,22682.46,22660.16,22682.46,22.3,0,0,2229,True,0.0100044863167,0.000211761753562,0.0099999999984,0.0199999999968,99.9551569507,3,"[0, 1, 2]",,True,commissioning
13,250,185,2570,0,normal_tightening,1,[0],True,1487,3996987,3998473,1,True,24319.354,24334.214,24319.354,24334.214,14.86,0,0,1486,True,0.01,6.16011980703e-10,0.0099999999984,0.010000000002,100.0,3,"[0, 1, 2]",,True,commissioning
13,250,186,1713,0,normal_tightening,1,[0],True,1495,2652908,2654402,1,True,15289.374,15304.354,15289.374,15304.354,14.98,0,0,1494,True,0.0100267737617,0.000633158425191,0.00999999999658,0.0300000000007,99.7329773031,3,"[0, 1, 2]",,True,commissioning
13,250,187,1344,0,normal_tightening,1,[0],True,1727,2085828,2087554,1,True,7938.254,7955.514,7938.254,7955.514,17.26,0,0,1726,True,0.01,3.08005990352e-10,0.00999999999749,0.0100000000039,100.0,3,"[0, 1, 2]",,True,commissioning
13,250,188,3966,0,normal_tightening,1,[0],True,1714,6044039,6045752,1,True,18806.805,18823.935,18806.805,18823.935,17.13,0,0,1713,True,0.01,0.0,0.0099999999984,0.010000000002,100.0,3,"[0, 1, 2]",,True,commissioning
13,250,189,3338,0,normal_tightening,1,[0],True,1471,5072122,5073592,1,True,11114.78,11130.18,11114.78,11130.18,15.4,0,0,1470,True,0.0104761904762,0.00269374011881,0.0099999999984,0.0500000000011,95.4545454545,3,"[0, 1, 2]",,True,commissioning
13,250,190,3124,0,normal_tightening,1,[0],True,1659,4775716,4777374,1,True,13832.698,13849.578,13832.698,13849.578,16.88,0,0,1658,True,0.0101809408926,0.0027507776872,0.0099999999984,0.0799999999999,98.2227488152,2,"[1, 2]",,True,commissioning
13,250,191,3758,0,normal_tightening,1,[0],True,1724,5709604,5711327,1,True,3305.579,3322.819,3305.579,3322.819,17.24,0,0,1723,True,0.0100058038305,0.000240841484867,0.00999999999885,0.02,99.9419953596,3,"[0, 1, 2]",,True,commissioning
13,250,192,1161,0,normal_tightening,1,[0],True,1676,1797145,1798820,1,True,7869.964,7886.714,7869.964,7886.714,16.75,0,0,1675,True,0.01,0.0,0.00999999999749,0.0100000000039,100.0,2,"[1, 2]",,True,commissioning
13,250,193,2796,0,normal_tightening,1,[0],True,1892,4334282,4336173,1,True,9395.564,9414.474,9395.564,9414.474,18.91,0,0,1891,True,0.01,1.18148647774e-09,0.0099999999984,0.0100000000002,100.0,3,"[0, 1, 2]",,True,commissioning
13,250,194,2554,0,normal_tightening,1,[0],True,1597,3969854,3971450,1,True,24047.614,24063.654,24047.614,24063.654,16.04,0,0,1596,True,0.0100501253133,0.000865659951843,0.0099999999984,0.0300000000025,99.5012468828,3,"[0, 1, 2]",,True,commissioning
13,250,195,1897,0,normal_tightening,1,[0],True,1553,2936123,2937675,1,True,6500.345,6515.865,6500.345,6515.865,15.52,0,0,1552,True,0.01,5.07442623323e-10,0.00999999999749,0.0100000000029,100.0,3,"[0, 1, 2]",,True,commissioning
13,250,196,80,0,normal_tightening,1,[0],True,1720,123434,125153,1,True,22419.39,22436.76,22419.39,22436.76,17.37,0,0,1719,True,0.0101047120419,0.00101791738717,0.0099999999984,0.0200000000004,98.96373057,3,"[0, 1, 2]",,True,commissioning
13,250,197,1037,0,normal_tightening,1,[0],True,3100,1608147,1611246,1,True,2493.014,2524.065,2493.014,2524.065,31.051,0,0,3099,True,0.010019683769,0.000441403234167,0.00900000000001,0.02,99.803549,5,"[0, 1, 2, 3, 4]",,True,commissioning
13,250,198,2081,0,normal_tightening,1,[0],True,1740,3219403,3221142,1,True,19569.047,19586.437,19569.047,19586.437,17.39,0,0,1739,True,0.01,0.0,0.0099999999984,0.010000000002,100.0,3,"[0, 1, 2]",,True,commissioning
13,250,199,3542,0,normal_tightening,1,[0],True,1304,5377650,5378953,1,True,2371.864,2384.904,2371.864,2384.904,13.04,0,0,1303,True,0.0100076745971,0.000276924306255,0.00999999999976,0.02,99.9233128834,3,"[0, 1, 2]",,True,commissioning
13,250,200,2728,0,normal_tightening,1,[0],True,1750,4242143,4243892,1,True,8474.154,8491.644,8474.154,8491.644,17.49,0,0,1749,True,0.01,7.45421768799e-10,0.0099999999984,0.010000000002,100.0,3,"[0, 1, 2]",,True,commissioning
13,250,201,397,0,normal_tightening,1,[0],True,1392,622375,623766,1,True,4099.247,4113.157,4099.247,4113.157,13.91,0,0,1391,True,0.01,0.0,0.0099999999984,0.0100000000029,100.0,3,"[0, 1, 2]",,True,commissioning
13,250,202,2342,0,normal_tightening,1,[0],True,1394,3628155,3629548,1,True,6194.618,6208.578,6194.618,6208.578,13.96,0,0,1393,True,0.0100215362527,0.000598726761357,0.00999999999658,0.0300000000016,99.7851002865,3,"[0, 1, 2]",,True,commissioning
13,250,203,3868,0,normal_tightening,1,[0],True,1524,5885325,5886848,1,True,24475.969,24491.199,24475.969,24491.199,15.23,0,0,1523,True,0.01,5.07442623323e-10,0.0099999999984,0.010000000002,100.0,3,"[0, 1, 2]",,True,commissioning
13,250,204,3502,0,normal_tightening,1,[0],True,1350,5317044,5318393,1,True,1765.714,1779.204,1765.714,1779.204,13.49,0,0,1349,True,0.01,1.2484152446e-09,0.00999999999954,0.0100000000007,100.0,3,"[0, 1, 2]",,True,commissioning
13,250,205,1899,0,normal_tightening,1,[0],True,1485,2939027,2940511,1,True,6529.385,6544.225,6529.385,6544.225,14.84,0,0,1484,True,0.01,2.01637252184e-10,0.00999999999749,0.0100000000029,100.0,2,"[1, 2]",,True,commissioning
13,250,206,845,0,normal_tightening,1,[0],True,1853,1315494,1317346,1,True,2039.06,2057.63,2039.06,2057.63,18.57,0,0,1852,True,0.0100269978402,0.000518892588458,0.00999999999976,0.0200000000002,99.7307485191,2,"[1, 2]",,True,commissioning
13,250,207,333,0,normal_tightening,1,[0],True,1738,525730,527467,1,True,2534.69,2552.07,2534.69,2552.07,17.38,0,0,1737,True,0.0100057570524,0.00023986950669,0.00999999999976,0.02,99.9424626007,3,"[0, 1, 2]",,True,commissioning
13,250,208,2780,0,normal_tightening,1,[0],True,1483,4312347,4313829,1,True,9176.214,9191.034,9176.214,9191.034,14.82,0,0,1482,True,0.01,0.0,0.0099999999984,0.0100000000002,100.0,3,"[0, 1, 2]",,True,commissioning
13,250,209,3574,0,normal_tightening,1,[0],True,1731,5423804,5425534,1,True,2833.584,2850.884,2833.584,2850.884,17.3,0,0,1730,True,0.01,0.0,0.00999999999931,0.0100000000007,100.0,3,"[0, 1, 2]",,True,commissioning
13,250,210,3982,0,normal_tightening,1,[0],True,1745,6067986,6069730,1,True,19046.295,19063.735,19046.295,19063.735,17.44,0,0,1744,True,0.01,0.0,0.0099999999984,0.010000000002,100.0,3,"[0, 1, 2]",,True,commissioning
13,250,211,1452,0,normal_tightening,1,[0],True,1712,2258071,2259782,1,True,10227.305,10244.455,10227.305,10244.455,17.15,0,0,1711,True,0.0100233781414,0.000482943968676,0.0099999999984,0.0200000000004,99.7667638484,3,"[0, 1, 2]",,True,commissioning
13,250,212,2356,0,normal_tightening,1,[0],True,1317,3648644,3649960,1,True,6399.678,6412.908,6399.678,6412.908,13.23,0,0,1316,True,0.0100531914894,0.000825264347342,0.00999999999658,0.0299999999988,99.4708994709,3,"[0, 1, 2]",,True,commissioning
13,250,213,3354,0,normal_tightening,1,[0],True,1507,5097354,5098860,1,True,11447.192,11462.342,11447.192,11462.342,15.15,0,0,1506,True,0.0100597609562,0.00112162775195,0.0099999999984,0.0399999999991,99.4059405941,3,"[0, 1, 2]",,True,commissioning
13,250,214,2236,0,normal_tightening,1,[0],True,1242,3460454,3461695,1,True,13980.54,13992.95,13980.54,13992.95,12.41,0,0,1241,True,0.01,0.0,0.00999999999476,0.0100000000057,100.0,3,"[0, 1, 2]",,True,commissioning
13,250,215,225,0,normal_tightening,1,[0],True,1690,353066,354755,1,True,20341.651,20358.541,20341.651,20358.541,16.89,0,0,1689,True,0.01,3.44112282251e-05,0.0089999999982,0.0110000000022,100.0,3,"[0, 1, 2]",,True,commissioning
13,250,216,1907,0,normal_tightening,1,[0],True,1281,2950128,2951408,1,True,6640.435,6653.235,6640.435,6653.235,12.8,0,0,1280,True,0.01,0.0,0.00999999999749,0.0100000000029,100.0,3,"[0, 1, 2]",,True,commissioning
13,250,217,3998,0,normal_tightening,1,[0],True,1713,6092940,6094652,1,True,19383.341,19400.461,19383.341,19400.461,17.12,0,0,1712,True,0.01,5.20625146455e-10,0.00999999999476,0.0100000000057,100.0,3,"[0, 1, 2]",,True,commissioning
13,250,218,3808,0,normal_tightening,1,[0],True,1533,5789380,5790912,1,True,21630.105,21645.425,21630.105,21645.425,15.32,0,0,1532,True,0.01,5.20625146455e-10,0.0099999999984,0.010000000002,100.0,3,"[0, 1, 2]",,True,commissioning
13,250,219,2980,0,normal_tightening,1,[0],True,1712,4581966,4583677,1,True,7340.798,7357.908,7340.798,7357.908,17.11,0,0,1711,True,0.01,6.83785659872e-05,0.00799999999981,0.0119999999997,100.0,2,"[1, 2]",,True,commissioning
13,250,220,917,0,normal_tightening,1,[0],True,1738,1428964,1430701,1,True,3176.58,3193.96,3176.58,3193.96,17.38,0,0,1737,True,0.0100057570524,0.00023986950669,0.00999999999976,0.02,99.9424626007,3,"[0, 1, 2]",,True,commissioning
13,250,221,455,0,normal_tightening,1,[0],True,1811,717189,718999,1,True,6274.444,6292.544,6274.444,6292.544,18.1,0,0,1810,True,0.01,1.10441271454e-09,0.00999999999749,0.0100000000039,100.0,3,"[0, 1, 2]",,True,commissioning
13,250,222,1117,0,normal_tightening,1,[0],True,1248,1730749,1731996,1,True,6779.775,6792.245,6779.775,6792.245,12.47,0,0,1247,True,0.01,0.0,0.00999999999749,0.0100000000029,100.0,2,"[1, 2]",,True,commissioning
13,250,223,351,0,normal_tightening,1,[0],True,1357,551713,553069,1,True,2795.15,2808.71,2795.15,2808.71,13.56,0,0,1356,True,0.01,0.0,0.00999999999976,0.0100000000002,100.0,3,"[0, 1, 2]",,True,commissioning
13,250,224,28,0,normal_tightening,1,[0],True,1296,38877,40172,1,True,21572.94,21585.89,21572.94,21585.89,12.95,0,0,1295,True,0.01,1.04125029291e-09,0.0099999999984,0.010000000002,100.0,3,"[0, 1, 2]",,True,commissioning
13,250,225,3328,0,normal_tightening,1,[0],True,1260,5056956,5058215,1,True,10959.28,10972.27,10959.28,10972.27,12.99,0,0,1259,True,0.0103177124702,0.00240348486273,0.0099999999984,0.0500000000011,96.9207082371,3,"[0, 1, 2]",,True,commissioning
13,250,226,1163,0,normal_tightening,1,[0],True,1953,1800422,1802374,1,True,7902.824,7922.374,7902.824,7922.374,19.55,0,0,1952,True,0.0100153688525,0.000505876802485,0.00999999999749,0.0299999999979,99.8465473146,3,"[0, 1, 2]",,True,commissioning
13,250,227,659,0,normal_tightening,1,[0],True,1244,1025864,1027107,1,True,13754.569,13766.999,13754.569,13766.999,12.43,0,0,1243,True,0.01,0.0,0.00999999999658,0.0100000000039,100.0,3,"[0, 1, 2]",,True,commissioning
13,250,228,2208,0,normal_tightening,1,[0],True,1472,3419512,3420983,1,True,13346.831,13361.541,13346.831,13361.541,14.71,0,0,1471,True,0.01,0.0,0.0099999999984,0.0100000000039,100.0,3,"[0, 1, 2]",,True,commissioning
13,250,229,2616,0,normal_tightening,1,[0],True,1655,4069894,4071548,1,True,27058.04,27074.62,27058.04,27074.62,16.58,0,0,1654,True,0.0100241837969,0.000601807358504,0.0099999999984,0.0299999999988,99.7587454765,3,"[0, 1, 2]",,True,commissioning
13,250,230,4044,0,normal_tightening,1,[0],True,1590,6168214,6169803,1,True,16271.87,16287.77,16271.87,16287.77,15.9,0,0,1589,True,0.0100062932662,0.000250784881592,0.00999999999476,0.0199999999986,99.9371069182,3,"[0, 1, 2]",,True,commissioning
13,250,231,3886,0,normal_tightening,1,[0],True,1304,5913382,5914685,1,True,1280.997,1294.027,1280.997,1294.027,13.03,0,0,1303,True,0.01,1.16415321827e-09,0.00999999999954,0.0100000000004,100.0,3,"[0, 1, 2]",,True,commissioning
13,250,232,1103,0,normal_tightening,1,[0],True,1532,1708860,1710391,1,True,4347.501,4362.811,4347.501,4362.811,15.31,0,0,1531,True,0.01,0.0,0.0099999999984,0.0100000000011,100.0,3,"[0, 1, 2]",,True,commissioning
13,250,233,1797,0,normal_tightening,1,[0],True,1516,2783289,2784804,1,True,17039.897,17055.107,17039.897,17055.107,15.21,0,0,1515,True,0.0100396039604,0.000725592400452,0.00999999999476,0.0299999999988,99.6055226825,3,"[0, 1, 2]",,True,commissioning
13,250,234,2628,0,normal_tightening,1,[0],True,1528,4090515,4092042,1,True,27264.45,27279.72,27264.45,27279.72,15.27,0,0,1527,True,0.01,5.07442623323e-10,0.0099999999984,0.010000000002,100.0,3,"[0, 1, 2]",,True,commissioning
13,250,235,3062,0,normal_tightening,1,[0],True,1779,4693875,4695653,1,True,8467.378,8485.238,8467.378,8485.238,17.86,0,0,1778,True,0.0100449943757,0.000947556341467,0.0099999999984,0.0400000000009,99.5520716685,3,"[0, 1, 2]",,True,commissioning
13,250,236,3376,0,normal_tightening,1,[0],True,1333,5129104,5130436,1,True,11767.492,11781.092,11767.492,11781.092,13.6,0,0,1332,True,0.0102102102102,0.00203961169629,0.0099999999984,0.0399999999991,97.9411764706,3,"[0, 1, 2]",,True,commissioning
13,250,237,3836,0,normal_tightening,1,[0],True,1414,5832983,5834396,1,True,22930.133,22944.263,22930.133,22944.263,14.13,0,0,1413,True,0.01,8.06549008735e-10,0.0099999999984,0.010000000002,100.0,3,"[0, 1, 2]",,True,commissioning
13,250,238,2366,0,normal_tightening,1,[0],True,1662,3665185,3666846,1,True,6565.308,6581.918,6565.308,6581.918,16.61,0,0,1661,True,0.01,6.26915694114e-10,0.00999999999658,0.0100000000039,100.0,3,"[0, 1, 2]",,True,commissioning
13,250,239,76,0,normal_tightening,1,[0],True,1716,116690,118405,1,True,22351.72,22368.9,22351.72,22368.9,17.18,0,0,1715,True,0.0100174927114,0.000417876918203,0.0099999999984,0.0200000000004,99.8253783469,2,"[1, 2]",,True,commissioning
13,250,240,3294,0,normal_tightening,1,[0],True,1471,5008498,5009968,1,True,10466.24,10481.32,10466.24,10481.32,15.08,0,0,1470,True,0.0102585034014,0.00225903608177,0.0099999999984,0.0499999999993,97.4801061008,2,"[1, 2]",,True,commissioning
13,250,241,2188,0,normal_tightening,1,[0],True,1642,3385973,3387614,1,True,13011.051,13027.461,13011.051,13027.461,16.41,0,0,1641,True,0.01,5.07442623323e-10,0.0099999999984,0.0100000000039,100.0,3,"[0, 1, 2]",,True,commissioning
13,250,242,3912,0,normal_tightening,1,[0],True,1397,5957160,5958556,1,True,2097.044,2111.004,2097.044,2111.004,13.96,0,0,1396,True,0.01,0.0,0.00999999999976,0.0100000000002,100.0,3,"[0, 1, 2]",,True,commissioning
13,250,243,2334,0,normal_tightening,1,[0],True,1303,3617245,3618547,1,True,15550.97,15564.19,15550.97,15564.19,13.22,0,0,1302,True,0.010153609831,0.00134897071575,0.00999999999476,0.0299999999988,98.4871406959,3,"[0, 1, 2]",,True,commissioning
13,250,244,2067,0,normal_tightening,1,[0],True,1755,3196475,3198229,1,True,19339.737,19357.277,19339.737,19357.277,17.54,0,0,1754,True,0.01,0.0,0.0099999999984,0.010000000002,100.0,3,"[0, 1, 2]",,True,commissioning
13,250,245,3804,0,normal_tightening,1,[0],True,1507,5782713,5784219,1,True,21563.435,21578.495,21563.435,21578.495,15.06,0,0,1506,True,0.01,5.70316273436e-10,0.0099999999984,0.010000000002,100.0,2,"[1, 2]",,True,commissioning
13,250,246,2280,0,normal_tightening,1,[0],True,1469,3530417,3531885,1,True,14680.95,14695.64,14680.95,14695.64,14.69,0,0,1468,True,0.0100068119891,0.000260908964619,0.00999999999476,0.0200000000004,99.9319264806,3,"[0, 1, 2]",,True,commissioning
13,250,247,1388,0,normal_tightening,1,[0],True,1704,2153803,2155506,1,True,8624.684,8641.714,8624.684,8641.714,17.03,0,0,1703,True,0.01,6.78812141396e-10,0.0099999999984,0.010000000002,100.0,3,"[0, 1, 2]",,True,commissioning
13,250,248,1667,0,normal_tightening,1,[0],True,1475,2579820,2581294,1,True,13689.729,13704.469,13689.729,13704.469,14.74,0,0,1474,True,0.01,0.0,0.00999999999658,0.0100000000039,100.0,3,"[0, 1, 2]",,True,commissioning
13,250,249,209,0,normal_tightening,1,[0],True,1379,330625,332003,1,True,20117.161,20130.941,20117.161,20130.941,13.78,0,0,1378,True,0.01,9.16655160721e-10,0.00999999999476,0.0100000000057,100.0,3,"[0, 1, 2]",,True,commissioning
13,250,250,3274,0,normal_tightening,1,[0],True,1218,4975335,4976552,1,True,10032.04,10044.21,10032.04,10044.21,12.17,0,0,1217,True,0.01,0.0,0.0099999999984,0.0100000000002,100.0,3,"[0, 1, 2]",,True,commissioning
13,500,1,1747,0,normal_tightening,1,[0],True,1524,2704434,2705957,1,True,15805.034,15820.274,15805.034,15820.274,15.24,0,0,1523,True,0.0100065659882,0.000256157704535,0.00999999999658,0.0199999999986,99.9343832021,3,"[0, 1, 2]",,True,commissioning
13,500,2,2292,0,normal_tightening,1,[0],True,1566,3550637,3552202,1,True,14883.59,14899.28,14883.59,14899.28,15.69,0,0,1565,True,0.0100255591054,0.000504913642628,0.00999999999476,0.0200000000059,99.7450605481,3,"[0, 1, 2]",,True,commissioning
13,500,3,2610,0,normal_tightening,1,[0],True,1627,4059603,4061229,1,True,26955.11,26971.37,26955.11,26971.37,16.26,0,0,1626,True,0.01,0.0,0.0099999999984,0.010000000002,100.0,2,"[1, 2]",,True,commissioning
13,500,4,3708,0,normal_tightening,1,[0],True,1472,5633877,5635348,1,True,1995.938,2010.648,1995.938,2010.648,14.71,0,0,1471,True,0.01,1.37251640234e-09,0.00999999999999,0.0100000000002,100.0,3,"[0, 1, 2]",,True,commissioning
13,500,5,3180,0,normal_tightening,1,[0],True,1721,4847901,4849621,1,True,14882.605,14899.895,14882.605,14899.895,17.29,0,0,1720,True,0.0100523255814,0.0016166450146,0.00999999999476,0.0699999999997,99.4794679005,3,"[0, 1, 2]",,True,commissioning
13,500,6,3152,0,normal_tightening,1,[0],True,1681,4809173,4810853,1,True,14173.278,14190.578,14173.278,14190.578,17.3,0,0,1680,True,0.0102976190476,0.00327791949807,0.0099999999984,0.0799999999999,97.1098265896,3,"[0, 1, 2]",,True,commissioning
13,500,7,2506,0,normal_tightening,1,[0],True,1645,3893761,3895405,1,True,10146.679,10163.139,10146.679,10163.139,16.46,0,0,1644,True,0.0100121654501,0.000348577829259,0.0099999999984,0.0200000000004,99.8784933171,3,"[0, 1, 2]",,True,commissioning
13,500,8,1627,0,normal_tightening,1,[0],True,1266,2520810,2522075,1,True,4168.941,4181.591,4168.941,4181.591,12.65,0,0,1265,True,0.01,0.0,0.0099999999984,0.0100000000011,100.0,3,"[0, 1, 2]",,True,commissioning
13,500,9,3614,0,normal_tightening,1,[0],True,1184,5484594,5485777,1,True,16991.67,17003.5,16991.67,17003.5,11.83,0,0,1183,True,0.01,1.12266870693e-09,0.0099999999984,0.010000000002,100.0,3,"[0, 1, 2]",,True,commissioning
13,500,10,3850,0,normal_tightening,1,[0],True,1552,5854035,5855586,1,True,23140.683,23156.203,23140.683,23156.203,15.52,0,0,1551,True,0.0100064474533,0.000253836488535,0.0099999999984,0.0200000000004,99.9355670103,2,"[1, 2]",,True,commissioning
13,500,11,2468,0,normal_tightening,1,[0],True,1477,3830444,3831920,1,True,9512.339,9527.099,9512.339,9527.099,14.76,0,0,1476,True,0.01,0.0,0.0099999999984,0.0100000000002,100.0,3,"[0, 1, 2]",,True,commissioning
13,500,12,3332,0,normal_tightening,1,[0],True,1493,5062032,5063524,1,True,11011.55,11027.49,11011.55,11027.49,15.94,0,0,1492,True,0.0106836461126,0.00370698573968,0.0099999999984,0.0500000000011,93.6010037641,3,"[0, 1, 2]",,True,commissioning
13,500,13,929,0,normal_tightening,1,[0],True,1748,1447341,1449088,1,True,3360.44,3377.91,3360.44,3377.91,17.47,0,0,1747,True,0.01,6.37632978038e-10,0.00999999999976,0.0100000000002,100.0,3,"[0, 1, 2]",,True,commissioning
13,500,14,3456,0,normal_tightening,1,[0],True,1764,5249134,5250897,1,True,1052.464,1070.094,1052.464,1070.094,17.63,0,0,1763,True,0.01,1.52232786997e-09,0.00999999999976,0.0100000000004,100.0,3,"[0, 1, 2]",,True,commissioning
13,500,15,1649,0,normal_tightening,1,[0],True,1641,2554190,2555830,1,True,4502.791,4519.191,4502.791,4519.191,16.4,0,0,1640,True,0.01,3.86105942348e-10,0.0099999999984,0.0100000000011,100.0,3,"[0, 1, 2]",,True,commissioning
13,500,16,1639,0,normal_tightening,1,[0],True,1532,2538662,2540193,1,True,4347.501,4362.811,4347.501,4362.811,15.31,0,0,1531,True,0.01,0.0,0.0099999999984,0.0100000000011,100.0,3,"[0, 1, 2]",,True,commissioning
13,500,17,859,0,normal_tightening,1,[0],True,1743,1339263,1341005,1,True,2277.81,2295.26,2277.81,2295.26,17.45,0,0,1742,True,0.0100172215844,0.000535471589774,0.00999999999976,0.0299999999997,99.8280802292,3,"[0, 1, 2]",,True,commissioning
13,500,18,3510,0,normal_tightening,1,[0],True,1729,5327932,5329660,1,True,1874.594,1891.874,1874.594,1891.874,17.28,0,0,1728,True,0.01,1.51339918375e-09,0.00999999999999,0.0100000000002,100.0,3,"[0, 1, 2]",,True,commissioning
13,500,19,1374,0,normal_tightening,1,[0],True,1581,2130355,2131935,1,True,8386.784,8404.884,8386.784,8404.884,18.1,0,0,1580,True,0.0114556962025,0.00871677775263,0.0099999999984,0.100000000002,87.2928176796,2,"[1, 2]",,True,commissioning
13,500,20,1969,0,normal_tightening,1,[0],True,1361,3046585,3047945,1,True,7605.875,7619.535,7605.875,7619.535,13.66,0,0,1360,True,0.0100441176471,0.00101363967856,0.00999999999749,0.04,99.560761347,3,"[0, 1, 2]",,True,commissioning
13,500,21,685,0,normal_tightening,1,[0],True,1422,1066835,1068256,1,True,14738.341,14752.551,14738.341,14752.551,14.21,0,0,1421,True,0.01,0.0,0.0099999999984,0.0100000000039,100.0,3,"[0, 1, 2]",,True,commissioning
13,500,22,2428,0,normal_tightening,1,[0],True,1740,3764058,3765797,1,True,8413.449,8430.839,8413.449,8430.839,17.39,0,0,1739,True,0.01,3.39129216578e-05,0.00900000000001,0.0109999999986,100.0,3,"[0, 1, 2]",,True,commissioning
13,500,23,3620,0,normal_tightening,1,[0],True,1684,5492835,5494518,1,True,17074.09,17090.92,17074.09,17090.92,16.83,0,0,1683,True,0.01,0.0,0.0099999999984,0.010000000002,100.0,3,"[0, 1, 2]",,True,commissioning
13,500,24,1531,0,normal_tightening,1,[0],True,1466,2377303,2378768,1,True,1806.684,1821.334,1806.684,1821.334,14.65,0,0,1465,True,0.01,1.37251640234e-09,0.00999999999999,0.0100000000002,100.0,3,"[0, 1, 2]",,True,commissioning
13,500,25,325,0,normal_tightening,1,[0],True,1770,513464,515233,1,True,2411.34,2429.04,2411.34,2429.04,17.7,0,0,1769,True,0.0100056529112,0.000237691306294,0.00999999999976,0.02,99.9435028249,3,"[0, 1, 2]",,True,commissioning
13,500,26,3848,0,normal_tightening,1,[0],True,1231,5850987,5852217,1,True,23110.183,23122.483,23110.183,23122.483,12.3,0,0,1230,True,0.01,1.13467620043e-09,0.0099999999984,0.010000000002,100.0,3,"[0, 1, 2]",,True,commissioning
13,500,27,3296,0,normal_tightening,1,[0],True,1437,5011744,5013180,1,True,10499.63,10514.43,10499.63,10514.43,14.8,0,0,1436,True,0.0103064066852,0.00285015528318,0.0099999999984,0.0799999999999,97.027027027,2,"[1, 2]",,True,commissioning
13,500,28,1545,0,normal_tightening,1,[0],True,1316,2396475,2397790,1,True,1998.414,2011.564,1998.414,2011.564,13.15,0,0,1315,True,0.01,1.25922423629e-09,0.00999999999999,0.0100000000002,100.0,3,"[0, 1, 2]",,True,commissioning
13,500,29,803,0,normal_tightening,1,[0],True,1643,1250623,1252265,1,True,17322.267,17338.697,17322.267,17338.697,16.43,0,0,1642,True,0.010006090134,0.000246706810005,0.00999999999476,0.0200000000004,99.9391357273,2,"[1, 2]",,True,commissioning
13,500,30,791,0,normal_tightening,1,[0],True,1323,1232521,1233843,1,True,17137.927,17151.267,17137.927,17151.267,13.34,0,0,1322,True,0.0100907715582,0.00139945618707,0.00999999999476,0.0400000000009,99.1004497751,2,"[1, 2]",,True,commissioning
13,500,31,2872,0,normal_tightening,1,[0],True,1721,4438935,4440655,1,True,10442.094,10459.294,10442.094,10459.294,17.2,0,0,1720,True,0.01,8.71172497695e-10,0.0099999999984,0.0100000000002,100.0,3,"[0, 1, 2]",,True,commissioning
13,500,32,2380,0,normal_tightening,1,[0],True,2441,3686519,3688959,1,True,6797.608,6822.039,6797.608,6822.039,24.431,0,0,2440,True,0.010012704918,0.000353325041589,0.00900000000001,0.0199999999995,99.8731120298,5,"[0, 1, 2, 3, 4]",,True,commissioning
13,500,33,339,0,normal_tightening,1,[0],True,1311,535472,536782,1,True,2632.62,2645.74,2632.62,2645.74,13.12,0,0,1310,True,0.0100152671756,0.000390433949694,0.00999999999976,0.02,99.8475609756,3,"[0, 1, 2]",,True,commissioning
13,500,34,2170,0,normal_tightening,1,[0],True,1328,3356835,3358162,1,True,12719.431,12732.701,12719.431,12732.701,13.27,0,0,1327,True,0.01,0.0,0.0099999999984,0.0100000000039,100.0,3,"[0, 1, 2]",,True,commissioning
13,500,35,3428,0,normal_tightening,1,[0],True,1372,5209803,5211174,1,True,12588.422,12602.172,12588.422,12602.172,13.75,0,0,1371,True,0.0100291757841,0.000853547524246,0.0099999999984,0.0400000000009,99.7090909091,3,"[0, 1, 2]",,True,commissioning
13,500,36,2079,0,normal_tightening,1,[0],True,1822,3216001,3217822,1,True,19535.027,19553.237,19535.027,19553.237,18.21,0,0,1821,True,0.01,0.0,0.0099999999984,0.010000000002,100.0,2,"[1, 2]",,True,commissioning
13,500,37,951,0,normal_tightening,1,[0],True,1352,1479003,1480354,1,True,1166.474,1179.984,1166.474,1179.984,13.51,0,0,1351,True,0.01,1.28584925751e-09,0.00999999999976,0.0100000000004,100.0,3,"[0, 1, 2]",,True,commissioning
13,500,38,515,0,normal_tightening,1,[0],True,1400,808345,809744,1,True,6387.625,6401.625,6387.625,6401.625,14.0,0,0,1399,True,0.0100071479628,0.000267261173599,0.00999999999749,0.0199999999986,99.9285714286,3,"[0, 1, 2]",,True,commissioning
13,500,39,1300,0,normal_tightening,1,[0],True,1303,2017494,2018796,1,True,6859.625,6872.645,6859.625,6872.645,13.02,0,0,1302,True,0.01,0.0,0.00999999999749,0.0100000000029,100.0,3,"[0, 1, 2]",,True,commissioning
13,500,40,3286,0,normal_tightening,1,[0],True,1500,4996300,4997799,1,True,10341.69,10356.93,10341.69,10356.93,15.24,0,0,1499,True,0.0101667778519,0.00172458298794,0.0099999999984,0.0400000000009,98.3595800525,3,"[0, 1, 2]",,True,commissioning
13,500,41,1763,0,normal_tightening,1,[0],True,1416,2728278,2729693,1,True,16043.674,16057.824,16043.674,16057.824,14.15,0,0,1415,True,0.01,0.0,0.00999999999658,0.0100000000039,100.0,3,"[0, 1, 2]",,True,commissioning
13,500,42,1261,0,normal_tightening,1,[0],True,1726,1956990,1958715,1,True,10033.945,10051.325,10033.945,10051.325,17.38,0,0,1725,True,0.0100753623188,0.00104679023506,0.0099999999984,0.0300000000007,99.252013809,2,"[1, 2]",,True,commissioning
13,500,43,54,0,normal_tightening,1,[0],True,1762,79836,81597,1,True,21982.98,22000.62,21982.98,22000.62,17.64,0,0,1761,True,0.0100170357751,0.000412392450919,0.0099999999984,0.0200000000004,99.8299319728,3,"[0, 1, 2]",,True,commissioning
13,500,44,239,0,normal_tightening,1,[0],True,1775,377451,379225,1,True,21072.318,21090.058,21072.318,21090.058,17.74,0,0,1774,True,0.01,0.0,0.00999999999476,0.010000000002,100.0,3,"[0, 1, 2]",,True,commissioning
13,500,45,100,0,normal_tightening,1,[0],True,1865,158784,160648,1,True,22773.64,22792.35,22773.64,22792.35,18.71,0,0,1864,True,0.0100375536481,0.000693846050289,0.0099999999984,0.0299999999988,99.6258685195,2,"[1, 2]",,True,commissioning
13,500,46,2500,0,normal_tightening,1,[0],True,1353,3884331,3885683,1,True,10051.859,10065.399,10051.859,10065.399,13.54,0,0,1352,True,0.0100147928994,0.000384330800476,0.0099999999984,0.0200000000004,99.8522895126,3,"[0, 1, 2]",,True,commissioning
13,500,47,4092,0,normal_tightening,1,[0],True,1679,6244193,6245871,1,True,11599.089,11616.309,11599.089,11616.309,17.22,0,0,1678,True,0.0102622169249,0.00167086521173,0.0099999999984,0.0299999999988,97.4448315912,3,"[0, 1, 2]",,True,commissioning
13,500,48,2164,0,normal_tightening,1,[0],True,1374,3348468,3349841,1,True,12635.401,12649.261,12635.401,12649.261,13.86,0,0,1373,True,0.0100946831755,0.00196244626146,0.0099999999984,0.0699999999961,99.0620490621,2,"[1, 2]",,True,commissioning
13,500,49,3204,0,normal_tightening,1,[0],True,1828,4879156,4880983,1,True,15198.175,15216.635,15198.175,15216.635,18.46,0,0,1827,True,0.0101039956212,0.00191217125875,0.00999999999476,0.0599999999995,98.9707475623,3,"[0, 1, 2]",,True,commissioning
13,500,50,2844,0,normal_tightening,1,[0],True,1724,4399920,4401643,1,True,10051.944,10069.174,10051.944,10069.174,17.23,0,0,1723,True,0.01,8.8659267708e-10,0.0099999999984,0.0100000000002,100.0,3,"[0, 1, 2]",,True,commissioning
13,500,51,1529,0,normal_tightening,1,[0],True,1492,2374365,2375856,1,True,1777.304,1792.214,1777.304,1792.214,14.91,0,0,1491,True,0.01,1.3675703812e-09,0.00999999999954,0.0100000000007,100.0,2,"[1, 2]",,True,commissioning
13,500,52,1123,0,normal_tightening,1,[0],True,1303,1738734,1740036,1,True,6859.625,6872.645,6859.625,6872.645,13.02,0,0,1302,True,0.01,0.0,0.00999999999749,0.0100000000029,100.0,3,"[0, 1, 2]",,True,commissioning
13,500,53,2672,0,normal_tightening,1,[0],True,1495,4161256,4162750,1,True,27972.54,27987.5,27972.54,27987.5,14.96,0,0,1494,True,0.0100133868809,0.00051726048421,0.0099999999984,0.0299999999988,99.8663101604,2,"[1, 2]",,True,commissioning
13,500,54,3302,0,normal_tightening,1,[0],True,1535,5020431,5021965,1,True,10588.77,10604.11,10588.77,10604.11,15.34,0,0,1534,True,0.01,0.0,0.0099999999984,0.0100000000002,100.0,3,"[0, 1, 2]",,True,commissioning
13,500,55,1669,0,normal_tightening,1,[0],True,1295,2583144,2584438,1,True,13722.979,13735.919,13722.979,13735.919,12.94,0,0,1294,True,0.01,0.0,0.00999999999658,0.0100000000039,100.0,3,"[0, 1, 2]",,True,commissioning
13,500,56,1009,0,normal_tightening,1,[0],True,1344,1565314,1566657,1,True,2030.104,2043.534,2030.104,2043.534,13.43,0,0,1343,True,0.01,1.26994123154e-09,0.00999999999999,0.0100000000002,100.0,3,"[0, 1, 2]",,True,commissioning
13,500,57,3488,0,normal_tightening,1,[0],True,1732,5298916,5300647,1,True,1584.434,1601.744,1584.434,1601.744,17.31,0,0,1731,True,0.01,1.4018261082e-09,0.00999999999954,0.0100000000007,100.0,2,"[1, 2]",,True,commissioning
13,500,58,1267,0,normal_tightening,1,[0],True,1703,1966575,1968277,1,True,10130.225,10147.265,10130.225,10147.265,17.04,0,0,1702,True,0.0100117508813,0.000342594118366,0.0099999999984,0.0200000000004,99.882629108,3,"[0, 1, 2]",,True,commissioning
13,500,59,3184,0,normal_tightening,1,[0],True,1367,4852832,4854198,1,True,14932.545,14946.215,14932.545,14946.215,13.67,0,0,1366,True,0.0100073206442,0.000270467836056,0.00999999999476,0.0200000000004,99.9268471105,3,"[0, 1, 2]",,True,commissioning
13,500,60,189,0,normal_tightening,1,[0],True,1755,298166,299920,1,True,19339.737,19357.277,19339.737,19357.277,17.54,0,0,1754,True,0.01,0.0,0.0099999999984,0.010000000002,100.0,3,"[0, 1, 2]",,True,commissioning
13,500,61,407,0,normal_tightening,1,[0],True,1700,638032,639731,1,True,4530.874,4547.864,4530.874,4547.864,16.99,0,0,1699,True,0.01,9.67018290297e-10,0.0099999999984,0.0100000000029,100.0,2,"[1, 2]",,True,commissioning
13,500,62,3726,0,normal_tightening,1,[0],True,1677,5660334,5662010,1,True,2260.608,2277.368,2260.608,2277.368,16.76,0,0,1676,True,0.01,4.93908380987e-10,0.00999999999976,0.0100000000002,100.0,3,"[0, 1, 2]",,True,commissioning
13,500,63,3128,0,normal_tightening,1,[0],True,1712,4781059,4782770,1,True,13886.538,13903.648,13886.538,13903.648,17.11,0,0,1711,True,0.01,8.55474410154e-10,0.0099999999984,0.0100000000002,100.0,2,"[1, 2]",,True,commissioning
13,500,64,889,0,normal_tightening,1,[0],True,1286,1385370,1386655,1,True,2740.38,2753.23,2740.38,2753.23,12.85,0,0,1285,True,0.01,0.0,0.00999999999976,0.0100000000002,100.0,3,"[0, 1, 2]",,True,commissioning
13,500,65,1462,0,normal_tightening,1,[0],True,1733,2274325,2276057,1,True,10390.125,10407.455,10390.125,10407.455,17.33,0,0,1732,True,0.0100057736721,0.000240215289376,0.0099999999984,0.0199999999986,99.9422965955,3,"[0, 1, 2]",,True,commissioning
13,500,66,3596,0,normal_tightening,1,[0],True,1719,5457103,5458821,1,True,3427.973,3445.153,3427.973,3445.153,17.18,0,0,1718,True,0.01,5.82076609135e-10,0.00999999999976,0.0100000000002,100.0,3,"[0, 1, 2]",,True,commissioning
13,500,67,3504,0,normal_tightening,1,[0],True,1382,5319820,5321201,1,True,1793.474,1807.284,1793.474,1807.284,13.81,0,0,1381,True,0.01,1.30156286614e-09,0.00999999999954,0.0100000000004,100.0,2,"[1, 2]",,True,commissioning
13,500,68,3188,0,normal_tightening,1,[0],True,1445,4857339,4858783,1,True,14977.635,14992.305,14977.635,14992.305,14.67,0,0,1444,True,0.0101592797784,0.00230370135313,0.00999999999476,0.0699999999997,98.4321745058,3,"[0, 1, 2]",,True,commissioning
13,500,69,1963,0,normal_tightening,1,[0],True,1697,3036526,3038222,1,True,7505.175,7522.135,7505.175,7522.135,16.96,0,0,1696,True,0.01,5.46036260182e-10,0.00999999999749,0.010000000002,100.0,3,"[0, 1, 2]",,True,commissioning
13,500,70,383,0,normal_tightening,1,[0],True,1746,602210,603955,1,True,3300.43,3317.89,3300.43,3317.89,17.46,0,0,1745,True,0.010005730659,0.00023931934691,0.00999999999976,0.02,99.9427262314,3,"[0, 1, 2]",,True,commissioning
13,500,71,1217,0,normal_tightening,1,[0],True,1762,1885740,1887501,1,True,9281.615,9299.235,9281.615,9299.235,17.62,0,0,1761,True,0.0100056785917,0.000238230289205,0.0099999999984,0.0200000000004,99.943246311,3,"[0, 1, 2]",,True,commissioning
13,500,72,165,0,normal_tightening,1,[0],True,1263,262223,263485,1,True,18980.097,18992.717,18980.097,18992.717,12.62,0,0,1262,True,0.01,3.9809371384e-05,0.00900000000183,0.0109999999986,100.0,3,"[0, 1, 2]",,True,commissioning
13,500,73,2560,0,normal_tightening,1,[0],True,1636,3979988,3981623,1,True,24149.134,24165.494,24149.134,24165.494,16.36,0,0,1635,True,0.010006116208,0.000247234041985,0.0099999999984,0.0200000000004,99.9388753056,2,"[1, 2]",,True,commissioning
13,500,74,4060,0,normal_tightening,1,[0],True,1419,6194503,6195921,1,True,11097.679,11112.309,11097.679,11112.309,14.63,0,0,1418,True,0.010317348378,0.00179271233338,0.0099999999984,0.0299999999988,96.9241285031,3,"[0, 1, 2]",,True,commissioning
13,500,75,106,0,normal_tightening,1,[0],True,1752,168924,170675,1,True,22875.16,22892.7,22875.16,22892.7,17.54,0,0,1751,True,0.0100171330668,0.000534095096034,0.0099999999984,0.0299999999988,99.8289623717,3,"[0, 1, 2]",,True,commissioning
13,500,76,3564,0,normal_tightening,1,[0],True,1829,5408433,5410261,1,True,2679.844,2698.134,2679.844,2698.134,18.29,0,0,1828,True,0.0100054704595,0.000233826151782,0.00999999999931,0.02,99.9453253144,3,"[0, 1, 2]",,True,commissioning
13,500,77,1404,0,normal_tightening,1,[0],True,1292,2180756,2182047,1,True,9412.985,9425.905,9412.985,9425.905,12.92,0,0,1291,True,0.0100077459334,0.000278207358585,0.0099999999984,0.0200000000004,99.9226006192,3,"[0, 1, 2]",,True,commissioning
13,500,78,3824,0,normal_tightening,1,[0],True,1110,5815874,5816983,1,True,21895.065,21906.155,21895.065,21906.155,11.09,0,0,1109,True,0.01,1.10441271454e-09,0.0099999999984,0.010000000002,100.0,3,"[0, 1, 2]",,True,commissioning
13,500,79,3810,0,normal_tightening,1,[0],True,1495,5792749,5794243,1,True,21663.795,21678.735,21663.795,21678.735,14.94,0,0,1494,True,0.01,6.04911756551e-10,0.0099999999984,0.010000000002,100.0,2,"[1, 2]",,True,commissioning
13,500,80,3622,0,normal_tightening,1,[0],True,1815,5495886,5497700,1,True,17104.6,17122.74,17104.6,17122.74,18.14,0,0,1814,True,0.01,0.0,0.0099999999984,0.010000000002,100.0,3,"[0, 1, 2]",,True,commissioning
13,500,81,1001,0,normal_tightening,1,[0],True,1547,1553920,1555466,1,True,1916.154,1931.614,1916.154,1931.614,15.46,0,0,1546,True,0.01,1.42579068359e-09,0.00999999999999,0.0100000000002,100.0,3,"[0, 1, 2]",,True,commissioning
13,500,82,4028,0,normal_tightening,1,[0],True,1316,6142556,6143871,1,True,16014.55,16027.7,16014.55,16027.7,13.15,0,0,1315,True,0.01,0.0,0.00999999999476,0.0100000000057,100.0,2,"[1, 2]",,True,commissioning
13,500,83,2039,0,normal_tightening,1,[0],True,1307,3154790,3156096,1,True,18922.657,18935.727,18922.657,18935.727,13.07,0,0,1306,True,0.0100076569678,0.000276606307337,0.0099999999984,0.0200000000004,99.9234889059,2,"[1, 2]",,True,commissioning
13,500,84,3750,0,normal_tightening,1,[0],True,1445,5697541,5698985,1,True,3184.849,3199.329,3184.849,3199.329,14.48,0,0,1444,True,0.010027700831,0.000525586314714,0.00999999999885,0.0200000000004,99.7237569061,3,"[0, 1, 2]",,True,commissioning
13,500,85,2840,0,normal_tightening,1,[0],True,1701,4394223,4395923,1,True,9994.974,10011.974,9994.974,10011.974,17.0,0,0,1700,True,0.01,8.23180634978e-10,0.0099999999984,0.0100000000002,100.0,3,"[0, 1, 2]",,True,commissioning
13,500,86,3812,0,normal_tightening,1,[0],True,1581,5796061,5797641,1,True,21696.915,21712.725,21696.915,21712.725,15.81,0,0,1580,True,0.0100063291139,0.000251497677053,0.0099999999984,0.0200000000004,99.9367488931,3,"[0, 1, 2]",,True,commissioning
13,500,87,4038,0,normal_tightening,1,[0],True,1393,6158375,6159767,1,True,16173.07,16187.0,16173.07,16187.0,13.93,0,0,1392,True,0.010007183908,0.00026793184195,0.00999999999476,0.0200000000004,99.928212491,3,"[0, 1, 2]",,True,commissioning
13,500,88,2162,0,normal_tightening,1,[0],True,1351,3345785,3347135,1,True,12607.791,12621.531,12607.791,12621.531,13.74,0,0,1350,True,0.0101777777778,0.00242782227264,0.0099999999984,0.0699999999997,98.2532751092,3,"[0, 1, 2]",,True,commissioning
13,500,89,1795,0,normal_tightening,1,[0],True,1562,2779372,2780933,1,True,16675.78,16691.39,16675.78,16691.39,15.61,0,0,1561,True,0.01,4.03274504367e-10,0.0099999999984,0.010000000002,100.0,2,"[1, 2]",,True,commissioning
13,500,90,1623,0,normal_tightening,1,[0],True,1375,2514406,2515780,1,True,4104.901,4118.641,4104.901,4118.641,13.74,0,0,1374,True,0.01,0.0,0.0099999999984,0.0100000000011,100.0,3,"[0, 1, 2]",,True,commissioning
13,500,91,2648,0,normal_tightening,1,[0],True,1283,4121103,4122385,1,True,27570.47,27583.3,27570.47,27583.3,12.83,0,0,1282,True,0.010007800312,0.000279181437895,0.0099999999984,0.0200000000004,99.9220576773,3,"[0, 1, 2]",,True,commissioning
13,500,92,1283,0,normal_tightening,1,[0],True,1733,1992443,1994175,1,True,10390.125,10407.455,10390.125,10407.455,17.33,0,0,1732,True,0.0100057736721,0.000240215289376,0.0099999999984,0.0199999999986,99.9422965955,3,"[0, 1, 2]",,True,commissioning
13,500,93,40,0,normal_tightening,1,[0],True,1866,57463,59328,1,True,21758.85,21777.51,21758.85,21777.51,18.66,0,0,1865,True,0.0100053619303,0.000231496334003,0.0099999999984,0.0200000000004,99.9464094319,3,"[0, 1, 2]",,True,commissioning
13,500,94,645,0,normal_tightening,1,[0],True,1456,1005674,1007129,1,True,13552.649,13567.199,13552.649,13567.199,14.55,0,0,1455,True,0.01,0.0,0.00999999999658,0.0100000000039,100.0,3,"[0, 1, 2]",,True,commissioning
13,500,95,563,0,normal_tightening,1,[0],True,1378,882658,884035,1,True,7130.975,7144.745,7130.975,7144.745,13.77,0,0,1377,True,0.01,0.0,0.00999999999749,0.0100000000029,100.0,3,"[0, 1, 2]",,True,commissioning
13,500,96,2704,0,normal_tightening,1,[0],True,1328,4213807,4215134,1,True,28498.66,28511.93,28498.66,28511.93,13.27,0,0,1327,True,0.01,9.74000462487e-10,0.0099999999984,0.010000000002,100.0,3,"[0, 1, 2]",,True,commissioning
13,500,97,3472,0,normal_tightening,1,[0],True,1766,5274669,5276434,1,True,1341.884,1359.534,1341.884,1359.534,17.65,0,0,1765,True,0.01,1.52677263233e-09,0.00999999999976,0.0100000000004,100.0,3,"[0, 1, 2]",,True,commissioning
13,500,98,3356,0,normal_tightening,1,[0],True,2062,5100669,5102730,1,True,11480.552,11501.252,11480.552,11501.252,20.7,0,0,2061,True,0.0100436681223,0.000851994796333,0.0099999999984,0.0300000000007,99.5652173913,3,"[0, 1, 2]",,True,commissioning
13,500,99,2976,0,normal_tightening,1,[0],True,1711,4576265,4577975,1,True,7283.628,7300.818,7283.628,7300.818,17.19,0,0,1710,True,0.0100526315789,0.00120846506431,0.00900000000001,0.050000000002,99.4764397906,3,"[0, 1, 2]",,True,commissioning
13,500,100,3344,0,normal_tightening,1,[0],True,1504,5081618,5083121,1,True,11285.882,11301.652,11285.882,11301.652,15.77,0,0,1503,True,0.0104923486361,0.00303403426892,0.0099999999984,0.0499999999993,95.3075459734,3,"[0, 1, 2]",,True,commissioning
13,500,101,3818,0,normal_tightening,1,[0],True,1526,5806184,5807709,1,True,21798.155,21813.415,21798.155,21813.415,15.26,0,0,1525,True,0.0100065573771,0.000255989787406,0.0099999999984,0.0199999999968,99.9344692005,3,"[0, 1, 2]",,True,commissioning
13,500,102,3866,0,normal_tightening,1,[0],True,1651,5881817,5883467,1,True,24440.889,24457.389,24440.889,24457.389,16.5,0,0,1650,True,0.01,0.0,0.0099999999984,0.010000000002,100.0,3,"[0, 1, 2]",,True,commissioning
13,500,103,2320,0,normal_tightening,1,[0],True,1617,3594884,3596500,1,True,15326.35,15342.51,15326.35,15342.51,16.16,0,0,1616,True,0.01,6.88722331903e-10,0.00999999999476,0.0100000000057,100.0,3,"[0, 1, 2]",,True,commissioning
13,500,104,1187,0,normal_tightening,1,[0],True,1374,1836135,1837508,1,True,8261.964,8275.694,8261.964,8275.694,13.73,0,0,1373,True,0.01,0.0,0.0099999999984,0.010000000002,100.0,3,"[0, 1, 2]",,True,commissioning
13,500,105,3148,0,normal_tightening,1,[0],True,1672,4803891,4805562,1,True,14119.098,14135.998,14119.098,14135.998,16.9,0,0,1671,True,0.0101137043686,0.00196899913971,0.0099999999984,0.0599999999995,98.875739645,3,"[0, 1, 2]",,True,commissioning
13,500,106,3728,0,normal_tightening,1,[0],True,1640,5663844,5665483,1,True,2295.708,2312.108,2295.708,2312.108,16.4,0,0,1639,True,0.0100061012813,0.000246932353201,0.00999999999976,0.02,99.9390243902,3,"[0, 1, 2]",,True,commissioning
13,500,107,4024,0,normal_tightening,1,[0],True,1416,6136443,6137858,1,True,15953.4,15967.55,15953.4,15967.55,14.15,0,0,1415,True,0.01,0.0,0.00999999999476,0.0100000000057,100.0,3,"[0, 1, 2]",,True,commissioning
13,500,108,3832,0,normal_tightening,1,[0],True,1423,5827292,5828714,1,True,22873.223,22887.443,22873.223,22887.443,14.22,0,0,1422,True,0.01,7.72211884697e-10,0.0099999999984,0.010000000002,100.0,3,"[0, 1, 2]",,True,commissioning
13,500,109,1065,0,normal_tightening,1,[0],True,1569,1652541,1654109,1,True,3502.595,3518.275,3502.595,3518.275,15.68,0,0,1568,True,0.01,0.0,0.00999999999976,0.0100000000002,100.0,2,"[1, 2]",,True,commissioning
13,500,110,3666,0,normal_tightening,1,[0],True,1714,5566905,5568618,1,True,17814.79,17831.92,17814.79,17831.92,17.13,0,0,1713,True,0.01,2.01637252184e-10,0.00999999999476,0.0100000000057,100.0,3,"[0, 1, 2]",,True,commissioning
13,500,111,2045,0,normal_tightening,1,[0],True,1234,3163268,3164501,1,True,19007.467,19019.797,19007.467,19019.797,12.33,0,0,1233,True,0.01,1.14655795062e-09,0.0099999999984,0.010000000002,100.0,2,"[1, 2]",,True,commissioning
13,500,112,1655,0,normal_tightening,1,[0],True,1435,2563354,2564788,1,True,13524.889,13539.399,13524.889,13539.399,14.51,0,0,1434,True,0.0101185495119,0.00155777766617,0.00999999999658,0.0499999999993,98.8283942109,3,"[0, 1, 2]",,True,commissioning
13,500,113,4076,0,normal_tightening,1,[0],True,1776,6217859,6219634,1,True,11334.989,11352.739,11334.989,11352.739,17.75,0,0,1775,True,0.01,8.63359133608e-10,0.0099999999984,0.010000000002,100.0,3,"[0, 1, 2]",,True,commissioning
13,500,114,2486,0,normal_tightening,1,[0],True,1543,3861351,3862893,1,True,9821.899,9837.339,9821.899,9837.339,15.44,0,0,1542,True,0.0100129701686,0.000359907572662,0.0099999999984,0.0200000000004,99.8704663212,3,"[0, 1, 2]",,True,commissioning
13,500,115,2438,0,normal_tightening,1,[0],True,1591,3781278,3782868,1,True,8585.759,8601.699,8585.759,8601.699,15.94,0,0,1590,True,0.0100251572327,0.000613779768476,0.0099999999984,0.0300000000007,99.7490589711,3,"[0, 1, 2]",,True,commissioning
13,500,116,387,0,normal_tightening,1,[0],True,1748,608210,609957,1,True,3360.44,3377.91,3360.44,3377.91,17.47,0,0,1747,True,0.01,6.37632978038e-10,0.00999999999976,0.0100000000002,100.0,3,"[0, 1, 2]",,True,commissioning
13,500,117,3454,0,normal_tightening,1,[0],True,1753,5245658,5247410,1,True,1017.704,1035.224,1017.704,1035.224,17.52,0,0,1752,True,0.01,1.51787009211e-09,0.00999999999976,0.0100000000004,100.0,3,"[0, 1, 2]",,True,commissioning
13,500,118,2274,0,normal_tightening,1,[0],True,1308,3521337,3522644,1,True,14589.75,14603.15,14589.75,14603.15,13.4,0,0,1307,True,0.0102524866106,0.00170885434765,0.00999999999476,0.0300000000007,97.5373134328,3,"[0, 1, 2]",,True,commissioning
13,500,119,2982,0,normal_tightening,1,[0],True,1770,4585336,4587105,1,True,7374.508,7392.268,7374.508,7392.268,17.76,0,0,1769,True,0.0100395703787,0.000627804087745,0.00999999999658,0.0200000000041,99.6058558559,2,"[1, 2]",,True,commissioning
13,500,120,1131,0,normal_tightening,1,[0],True,1735,1749913,1751647,1,True,6972.035,6989.595,6972.035,6989.595,17.56,0,0,1734,True,0.0101268742791,0.00158788806273,0.00999999999749,0.0500000000002,98.7471526196,3,"[0, 1, 2]",,True,commissioning
13,500,121,1179,0,normal_tightening,1,[0],True,1293,1825301,1826593,1,True,8152.884,8165.994,8152.884,8165.994,13.11,0,0,1292,True,0.0101470588235,0.00163931450034,0.00999999999749,0.0500000000038,98.5507246377,3,"[0, 1, 2]",,True,commissioning
13,500,122,391,0,normal_tightening,1,[0],True,1278,614065,615342,1,True,4016.107,4028.897,4016.107,4028.897,12.79,0,0,1277,True,0.0100156617071,0.000395438721155,0.00999999999976,0.02,99.8436278342,3,"[0, 1, 2]",,True,commissioning
13,500,123,3878,0,normal_tightening,1,[0],True,1565,5901766,5903330,1,True,1164.837,1180.477,1164.837,1180.477,15.64,0,0,1564,True,0.01,1.36260640699e-09,0.00999999999954,0.0100000000004,100.0,3,"[0, 1, 2]",,True,commissioning
13,500,124,421,0,normal_tightening,1,[0],True,1727,661865,663591,1,True,5133.627,5150.887,5133.627,5150.887,17.26,0,0,1726,True,0.01,9.4576254541e-10,0.0099999999984,0.0100000000029,100.0,3,"[0, 1, 2]",,True,commissioning
13,500,125,689,0,normal_tightening,1,[0],True,1508,1073464,1074971,1,True,14804.661,14819.731,14804.661,14819.731,15.07,0,0,1507,True,0.01,0.0,0.0099999999984,0.0100000000039,100.0,2,"[1, 2]",,True,commissioning
13,500,126,197,0,normal_tightening,1,[0],True,1727,310999,312725,1,True,19468.097,19485.357,19468.097,19485.357,17.26,0,0,1726,True,0.01,3.40403958196e-05,0.00900000000183,0.0109999999986,100.0,3,"[0, 1, 2]",,True,commissioning
13,500,127,751,0,normal_tightening,1,[0],True,1416,1167839,1169254,1,True,16043.674,16057.824,16043.674,16057.824,14.15,0,0,1415,True,0.01,0.0,0.00999999999658,0.0100000000039,100.0,3,"[0, 1, 2]",,True,commissioning
13,500,128,703,0,normal_tightening,1,[0],True,1488,1095389,1096876,1,True,15318.664,15333.534,15318.664,15333.534,14.87,0,0,1487,True,0.01,0.0,0.00999999999658,0.0100000000039,100.0,3,"[0, 1, 2]",,True,commissioning
13,500,129,1105,0,normal_tightening,1,[0],True,1516,1712278,1713793,1,True,4381.691,4396.841,4381.691,4396.841,15.15,0,0,1515,True,0.01,0.0,0.0099999999984,0.0100000000011,100.0,3,"[0, 1, 2]",,True,commissioning
13,500,130,3446,0,normal_tightening,1,[0],True,1463,5234295,5235757,1,True,904.074,918.694,904.074,918.694,14.62,0,0,1462,True,0.01,1.45402690358e-09,0.00999999999999,0.0100000000001,100.0,3,"[0, 1, 2]",,True,commissioning
13,500,131,2658,0,normal_tightening,1,[0],True,1597,4137522,4139118,1,True,27735.0,27751.0,27735.0,27751.0,16.0,0,0,1596,True,0.0100250626566,0.000612626895377,0.0099999999984,0.0300000000025,99.75,3,"[0, 1, 2]",,True,commissioning
13,500,132,70,0,normal_tightening,1,[0],True,1697,106554,108250,1,True,22250.28,22267.24,22250.28,22267.24,16.96,0,0,1696,True,0.01,0.0,0.0099999999984,0.010000000002,100.0,3,"[0, 1, 2]",,True,commissioning
13,500,133,801,0,normal_tightening,1,[0],True,1740,1247061,1248800,1,True,17286.647,17304.037,17286.647,17304.037,17.39,0,0,1739,True,0.01,0.0,0.00999999999476,0.0100000000057,100.0,2,"[1, 2]",,True,commissioning
13,500,134,3136,0,normal_tightening,1,[0],True,1198,4790718,4791915,1,True,13983.688,13996.208,13983.688,13996.208,12.52,0,0,1197,True,0.0104594820384,0.00347412982069,0.0099999999984,0.0699999999997,95.607028754,3,"[0, 1, 2]",,True,commissioning
13,500,135,4094,0,normal_tightening,1,[0],True,1750,6247324,6249073,1,True,11630.989,11648.479,11630.989,11648.479,17.49,0,0,1749,True,0.01,8.14907252789e-10,0.0099999999984,0.010000000002,100.0,3,"[0, 1, 2]",,True,commissioning
13,500,136,3164,0,normal_tightening,1,[0],True,1684,4826683,4828366,1,True,14666.085,14683.385,14666.085,14683.385,17.3,0,0,1683,True,0.0102792632204,0.00279724275223,0.00999999999476,0.0599999999995,97.2832369942,3,"[0, 1, 2]",,True,commissioning
13,500,137,769,0,normal_tightening,1,[0],True,1577,1195700,1197276,1,True,16443.18,16458.97,16443.18,16458.97,15.79,0,0,1576,True,0.010019035533,0.000562935637352,0.0099999999984,0.0300000000025,99.8100063331,3,"[0, 1, 2]",,True,commissioning
13,500,138,3814,0,normal_tightening,1,[0],True,1566,5799485,5801050,1,True,21731.165,21746.815,21731.165,21746.815,15.65,0,0,1565,True,0.01,3.86105942348e-10,0.0099999999984,0.010000000002,100.0,3,"[0, 1, 2]",,True,commissioning
13,500,139,3402,0,normal_tightening,1,[0],True,1320,5170275,5171594,1,True,12184.992,12198.652,12184.992,12198.652,13.66,0,0,1319,True,0.0103563305534,0.0023254084301,0.0099999999984,0.0399999999991,96.5592972182,2,"[1, 2]",,True,commissioning
13,500,140,86,0,normal_tightening,1,[0],True,1774,133696,135469,1,True,22522.27,22540.0,22522.27,22540.0,17.73,0,0,1773,True,0.01,0.0,0.0099999999984,0.010000000002,100.0,3,"[0, 1, 2]",,True,commissioning
13,500,141,1233,0,normal_tightening,1,[0],True,1478,1910009,1911486,1,True,9525.195,9540.175,9525.195,9540.175,14.98,0,0,1477,True,0.0101421800948,0.00123975617869,0.0099999999984,0.0300000000007,98.5981308411,3,"[0, 1, 2]",,True,commissioning
13,500,142,2460,0,normal_tightening,1,[0],True,1413,3818299,3819711,1,True,9390.819,9404.949,9390.819,9404.949,14.13,0,0,1412,True,0.010007082153,0.000266028894783,0.0099999999984,0.0200000000004,99.9292285916,3,"[0, 1, 2]",,True,commissioning
13,500,143,1175,0,normal_tightening,1,[0],True,1263,1819749,1821011,1,True,8096.834,8109.624,8096.834,8109.624,12.79,0,0,1262,True,0.0101347068146,0.00170695877914,0.00999999999749,0.04,98.6708365911,3,"[0, 1, 2]",,True,commissioning
13,500,144,3512,0,normal_tightening,1,[0],True,1721,5331377,5333097,1,True,1909.044,1926.244,1909.044,1926.244,17.2,0,0,1720,True,0.01,1.50891502816e-09,0.00999999999999,0.0100000000002,100.0,3,"[0, 1, 2]",,True,commissioning
13,500,145,835,0,normal_tightening,1,[0],True,1384,1299542,1300925,1,True,1879.33,1893.16,1879.33,1893.16,13.83,0,0,1383,True,0.01,1.31708901597e-09,0.00999999999999,0.0100000000002,100.0,3,"[0, 1, 2]",,True,commissioning
13,500,146,1125,0,normal_tightening,1,[0],True,1365,1741480,1742844,1,True,6887.085,6900.725,6887.085,6900.725,13.64,0,0,1364,True,0.01,0.0,0.00999999999749,0.0100000000029,100.0,2,"[1, 2]",,True,commissioning
13,500,147,3656,0,normal_tightening,1,[0],True,1823,5550016,5551838,1,True,17645.9,17664.12,17645.9,17664.12,18.22,0,0,1822,True,0.01,0.0,0.0099999999984,0.010000000002,100.0,3,"[0, 1, 2]",,True,commissioning
13,500,148,2364,0,normal_tightening,1,[0],True,1610,3661725,3663334,1,True,6530.678,6546.798,6530.678,6546.798,16.12,0,0,1609,True,0.0100186451212,0.000431397231687,0.00999999999658,0.0200000000041,99.8138957816,3,"[0, 1, 2]",,True,commissioning
13,500,149,2254,0,normal_tightening,1,[0],True,1506,3490562,3492067,1,True,14281.62,14296.67,14281.62,14296.67,15.05,0,0,1505,True,0.01,0.0,0.00999999999476,0.0100000000057,100.0,2,"[1, 2]",,True,commissioning
13,500,150,1410,0,normal_tightening,1,[0],True,1466,2189005,2190470,1,True,9495.985,9510.635,9495.985,9510.635,14.65,0,0,1465,True,0.01,0.0,0.0099999999984,0.0100000000002,100.0,3,"[0, 1, 2]",,True,commissioning
13,500,151,1917,0,normal_tightening,1,[0],True,1693,2966293,2967985,1,True,6802.085,6819.005,6802.085,6819.005,16.92,0,0,1692,True,0.01,7.72211884697e-10,0.00999999999749,0.0100000000029,100.0,3,"[0, 1, 2]",,True,commissioning
13,500,152,571,0,normal_tightening,1,[0],True,1349,893706,895054,1,True,7241.455,7254.985,7241.455,7254.985,13.53,0,0,1348,True,0.0100370919881,0.000719661043947,0.00999999999749,0.0299999999997,99.63045085,3,"[0, 1, 2]",,True,commissioning
13,500,153,1237,0,normal_tightening,1,[0],True,1771,1915894,1917664,1,True,9585.175,9602.905,9585.175,9602.905,17.73,0,0,1770,True,0.0100169491525,0.00041134444407,0.0099999999984,0.0200000000004,99.8307952623,3,"[0, 1, 2]",,True,commissioning
13,500,154,1396,0,normal_tightening,1,[0],True,1762,2167622,2169383,1,True,9281.615,9299.235,9281.615,9299.235,17.62,0,0,1761,True,0.0100056785917,0.000238230289205,0.0099999999984,0.0200000000004,99.943246311,3,"[0, 1, 2]",,True,commissioning
13,500,155,219,0,normal_tightening,1,[0],True,1714,343853,345566,1,True,20249.501,20266.631,20249.501,20266.631,17.13,0,0,1713,True,0.01,5.07442623323e-10,0.00999999999476,0.0100000000057,100.0,3,"[0, 1, 2]",,True,commissioning
13,500,156,1507,0,normal_tightening,1,[0],True,1512,2341056,2342567,1,True,1443.774,1458.894,1443.774,1458.894,15.12,0,0,1511,True,0.0100066181337,0.00025717219362,0.00999999999954,0.02,99.9338624339,3,"[0, 1, 2]",,True,commissioning
13,500,157,931,0,normal_tightening,1,[0],True,1717,1450624,1452340,1,True,3393.27,3410.43,3393.27,3410.43,17.16,0,0,1716,True,0.01,5.82076609135e-10,0.00999999999976,0.0100000000002,100.0,3,"[0, 1, 2]",,True,commissioning
13,500,158,2174,0,normal_tightening,1,[0],True,1271,3363138,3364408,1,True,12782.461,12795.281,12782.461,12795.281,12.82,0,0,1270,True,0.010094488189,0.00283241381951,0.0099999999984,0.109999999999,99.0639625585,3,"[0, 1, 2]",,True,commissioning
13,500,159,2348,0,normal_tightening,1,[0],True,1331,3636463,3637793,1,True,6277.798,6291.098,6277.798,6291.098,13.3,0,0,1330,True,0.01,6.68755109252e-10,0.00999999999658,0.0100000000039,100.0,3,"[0, 1, 2]",,True,commissioning
13,500,160,3334,0,normal_tightening,1,[0],True,1576,5065325,5066900,1,True,11045.9,11062.14,11045.9,11062.14,16.24,0,0,1575,True,0.0103111111111,0.00200753430945,0.0099999999984,0.0400000000009,96.9827586207,3,"[0, 1, 2]",,True,commissioning
13,500,161,767,0,normal_tightening,1,[0],True,1615,1192237,1193851,1,True,16408.54,16424.68,16408.54,16424.68,16.14,0,0,1614,True,0.01,1.64636126996e-10,0.0099999999984,0.010000000002,100.0,3,"[0, 1, 2]",,True,commissioning
13,500,162,1416,0,normal_tightening,1,[0],True,1771,2197776,2199546,1,True,9585.175,9602.905,9585.175,9602.905,17.73,0,0,1770,True,0.0100169491525,0.00041134444407,0.0099999999984,0.0200000000004,99.8307952623,3,"[0, 1, 2]",,True,commissioning
13,500,163,4088,0,normal_tightening,1,[0],True,1768,6237298,6239065,1,True,11529.489,11547.169,11529.489,11547.169,17.68,0,0,1767,True,0.0100056593096,0.000237825709004,0.0099999999984,0.0200000000004,99.943438914,3,"[0, 1, 2]",,True,commissioning
13,500,164,1468,0,normal_tightening,1,[0],True,1722,2283267,2284988,1,True,10479.575,10496.785,10479.575,10496.785,17.21,0,0,1721,True,0.01,8.78916405522e-10,0.0099999999984,0.0100000000002,100.0,3,"[0, 1, 2]",,True,commissioning
13,500,165,831,0,normal_tightening,1,[0],True,1334,1293803,1295136,1,True,1821.92,1835.25,1821.92,1835.25,13.33,0,0,1333,True,0.01,1.27526595608e-09,0.00999999999999,0.0100000000002,100.0,3,"[0, 1, 2]",,True,commissioning
13,500,166,863,0,normal_tightening,1,[0],True,1737,1345939,1347675,1,True,2344.77,2362.14,2344.77,2362.14,17.37,0,0,1736,True,0.0100057603687,0.000239938543775,0.00999999999976,0.02,99.9424294761,3,"[0, 1, 2]",,True,commissioning
13,500,167,3362,0,normal_tightening,1,[0],True,1531,5109595,5111125,1,True,11571.062,11586.592,11571.062,11586.592,15.53,0,0,1530,True,0.0101503267974,0.00178326000153,0.0099999999984,0.0499999999993,98.5189954926,3,"[0, 1, 2]",,True,commissioning
13,500,168,153,0,normal_tightening,1,[0],True,1652,244349,246000,1,True,18801.237,18817.747,18801.237,18817.747,16.51,0,0,1651,True,0.01,0.0,0.0099999999984,0.010000000002,100.0,3,"[0, 1, 2]",,True,commissioning
13,500,169,84,0,normal_tightening,1,[0],True,1721,130259,131979,1,True,22487.9,22505.1,22487.9,22505.1,17.2,0,0,1720,True,0.01,0.0,0.0099999999984,0.010000000002,100.0,3,"[0, 1, 2]",,True,commissioning
13,500,170,1376,0,normal_tightening,1,[0],True,1662,2133639,2135300,1,True,8422.064,8439.074,8422.064,8439.074,17.01,0,0,1661,True,0.0102408187839,0.0016828047182,0.0099999999984,0.0399999999991,97.6484420929,3,"[0, 1, 2]",,True,commissioning
13,500,171,2824,0,normal_tightening,1,[0],True,1278,4372786,4374063,1,True,9780.604,9793.374,9780.604,9793.374,12.77,0,0,1277,True,0.01,0.0,0.0099999999984,0.0100000000002,100.0,3,"[0, 1, 2]",,True,commissioning
13,500,172,885,0,normal_tightening,1,[0],True,1312,1379786,1381097,1,True,2684.47,2697.58,2684.47,2697.58,13.11,0,0,1311,True,0.01,0.0,0.00999999999976,0.0100000000002,100.0,2,"[1, 2]",,True,commissioning
13,500,173,1721,0,normal_tightening,1,[0],True,1417,2663586,2665002,1,True,15396.244,15410.404,15396.244,15410.404,14.16,0,0,1416,True,0.01,0.0,0.00999999999658,0.0100000000039,100.0,3,"[0, 1, 2]",,True,commissioning
13,500,174,2418,0,normal_tightening,1,[0],True,1450,3747917,3749366,1,True,8251.949,8266.449,8251.949,8266.449,14.5,0,0,1449,True,0.0100069013112,0.000262612803192,0.0099999999984,0.0200000000004,99.9310344828,3,"[0, 1, 2]",,True,commissioning
13,500,175,179,0,normal_tightening,1,[0],True,1691,281369,283059,1,True,19171.587,19188.527,19171.587,19188.527,16.94,0,0,1690,True,0.0100236686391,0.000485928169537,0.0099999999984,0.0200000000004,99.7638724912,3,"[0, 1, 2]",,True,commissioning
13,500,176,2880,0,normal_tightening,1,[0],True,1771,4450153,4451923,1,True,10554.274,10571.974,10554.274,10571.974,17.7,0,0,1770,True,0.01,7.54457514082e-10,0.0099999999984,0.0100000000039,100.0,2,"[1, 2]",,True,commissioning
13,500,177,2458,0,normal_tightening,1,[0],True,1539,3815383,3816921,1,True,9361.649,9377.039,9361.649,9377.039,15.39,0,0,1538,True,0.0100065019506,0.000254906317097,0.0099999999984,0.0200000000004,99.935022742,3,"[0, 1, 2]",,True,commissioning
13,500,178,1701,0,normal_tightening,1,[0],True,1508,2633903,2635410,1,True,14804.661,14819.731,14804.661,14819.731,15.07,0,0,1507,True,0.01,0.0,0.0099999999984,0.0100000000039,100.0,2,"[1, 2]",,True,commissioning
13,500,179,417,0,normal_tightening,1,[0],True,1841,655041,656881,1,True,5065.387,5083.787,5065.387,5083.787,18.4,0,0,1840,True,0.01,1.02815228355e-09,0.0099999999984,0.0100000000029,100.0,3,"[0, 1, 2]",,True,commissioning
13,500,180,711,0,normal_tightening,1,[0],True,1488,1105957,1107444,1,True,15424.344,15439.214,15424.344,15439.214,14.87,0,0,1487,True,0.01,0.0,0.00999999999658,0.0100000000039,100.0,3,"[0, 1, 2]",,True,commissioning
13,500,181,1811,0,normal_tightening,1,[0],True,1303,2804395,2805697,1,True,17254.767,17268.007,17254.767,17268.007,13.24,0,0,1302,True,0.0101689708141,0.00191261203825,0.00999999999476,0.0400000000009,98.3383685801,2,"[1, 2]",,True,commissioning
13,500,182,1603,0,normal_tightening,1,[0],True,1569,2485363,2486931,1,True,3502.595,3518.275,3502.595,3518.275,15.68,0,0,1568,True,0.01,0.0,0.00999999999976,0.0100000000002,100.0,2,"[1, 2]",,True,commissioning
13,500,183,671,0,normal_tightening,1,[0],True,1628,1044143,1045770,1,True,13937.389,13953.659,13937.389,13953.659,16.27,0,0,1627,True,0.01,2.01637252184e-10,0.00999999999658,0.0100000000039,100.0,3,"[0, 1, 2]",,True,commissioning
13,500,184,94,0,normal_tightening,1,[0],True,2230,147480,149709,1,True,22660.16,22682.46,22660.16,22682.46,22.3,0,0,2229,True,0.0100044863167,0.000211761753562,0.0099999999984,0.0199999999968,99.9551569507,3,"[0, 1, 2]",,True,commissioning
13,500,185,2570,0,normal_tightening,1,[0],True,1487,3996987,3998473,1,True,24319.354,24334.214,24319.354,24334.214,14.86,0,0,1486,True,0.01,6.16011980703e-10,0.0099999999984,0.010000000002,100.0,3,"[0, 1, 2]",,True,commissioning
13,500,186,1713,0,normal_tightening,1,[0],True,1495,2652908,2654402,1,True,15289.374,15304.354,15289.374,15304.354,14.98,0,0,1494,True,0.0100267737617,0.000633158425191,0.00999999999658,0.0300000000007,99.7329773031,3,"[0, 1, 2]",,True,commissioning
13,500,187,1344,0,normal_tightening,1,[0],True,1727,2085828,2087554,1,True,7938.254,7955.514,7938.254,7955.514,17.26,0,0,1726,True,0.01,3.08005990352e-10,0.00999999999749,0.0100000000039,100.0,3,"[0, 1, 2]",,True,commissioning
13,500,188,3966,0,normal_tightening,1,[0],True,1714,6044039,6045752,1,True,18806.805,18823.935,18806.805,18823.935,17.13,0,0,1713,True,0.01,0.0,0.0099999999984,0.010000000002,100.0,3,"[0, 1, 2]",,True,commissioning
13,500,189,3338,0,normal_tightening,1,[0],True,1471,5072122,5073592,1,True,11114.78,11130.18,11114.78,11130.18,15.4,0,0,1470,True,0.0104761904762,0.00269374011881,0.0099999999984,0.0500000000011,95.4545454545,3,"[0, 1, 2]",,True,commissioning
13,500,190,3124,0,normal_tightening,1,[0],True,1659,4775716,4777374,1,True,13832.698,13849.578,13832.698,13849.578,16.88,0,0,1658,True,0.0101809408926,0.0027507776872,0.0099999999984,0.0799999999999,98.2227488152,2,"[1, 2]",,True,commissioning
13,500,191,3758,0,normal_tightening,1,[0],True,1724,5709604,5711327,1,True,3305.579,3322.819,3305.579,3322.819,17.24,0,0,1723,True,0.0100058038305,0.000240841484867,0.00999999999885,0.02,99.9419953596,3,"[0, 1, 2]",,True,commissioning
13,500,192,1161,0,normal_tightening,1,[0],True,1676,1797145,1798820,1,True,7869.964,7886.714,7869.964,7886.714,16.75,0,0,1675,True,0.01,0.0,0.00999999999749,0.0100000000039,100.0,2,"[1, 2]",,True,commissioning
13,500,193,2796,0,normal_tightening,1,[0],True,1892,4334282,4336173,1,True,9395.564,9414.474,9395.564,9414.474,18.91,0,0,1891,True,0.01,1.18148647774e-09,0.0099999999984,0.0100000000002,100.0,3,"[0, 1, 2]",,True,commissioning
13,500,194,2554,0,normal_tightening,1,[0],True,1597,3969854,3971450,1,True,24047.614,24063.654,24047.614,24063.654,16.04,0,0,1596,True,0.0100501253133,0.000865659951843,0.0099999999984,0.0300000000025,99.5012468828,3,"[0, 1, 2]",,True,commissioning
13,500,195,1897,0,normal_tightening,1,[0],True,1553,2936123,2937675,1,True,6500.345,6515.865,6500.345,6515.865,15.52,0,0,1552,True,0.01,5.07442623323e-10,0.00999999999749,0.0100000000029,100.0,3,"[0, 1, 2]",,True,commissioning
13,500,196,80,0,normal_tightening,1,[0],True,1720,123434,125153,1,True,22419.39,22436.76,22419.39,22436.76,17.37,0,0,1719,True,0.0101047120419,0.00101791738717,0.0099999999984,0.0200000000004,98.96373057,3,"[0, 1, 2]",,True,commissioning
13,500,197,1037,0,normal_tightening,1,[0],True,3100,1608147,1611246,1,True,2493.014,2524.065,2493.014,2524.065,31.051,0,0,3099,True,0.010019683769,0.000441403234167,0.00900000000001,0.02,99.803549,5,"[0, 1, 2, 3, 4]",,True,commissioning
13,500,198,2081,0,normal_tightening,1,[0],True,1740,3219403,3221142,1,True,19569.047,19586.437,19569.047,19586.437,17.39,0,0,1739,True,0.01,0.0,0.0099999999984,0.010000000002,100.0,3,"[0, 1, 2]",,True,commissioning
13,500,199,3542,0,normal_tightening,1,[0],True,1304,5377650,5378953,1,True,2371.864,2384.904,2371.864,2384.904,13.04,0,0,1303,True,0.0100076745971,0.000276924306255,0.00999999999976,0.02,99.9233128834,3,"[0, 1, 2]",,True,commissioning
13,500,200,2728,0,normal_tightening,1,[0],True,1750,4242143,4243892,1,True,8474.154,8491.644,8474.154,8491.644,17.49,0,0,1749,True,0.01,7.45421768799e-10,0.0099999999984,0.010000000002,100.0,3,"[0, 1, 2]",,True,commissioning
13,500,201,397,0,normal_tightening,1,[0],True,1392,622375,623766,1,True,4099.247,4113.157,4099.247,4113.157,13.91,0,0,1391,True,0.01,0.0,0.0099999999984,0.0100000000029,100.0,3,"[0, 1, 2]",,True,commissioning
13,500,202,2342,0,normal_tightening,1,[0],True,1394,3628155,3629548,1,True,6194.618,6208.578,6194.618,6208.578,13.96,0,0,1393,True,0.0100215362527,0.000598726761357,0.00999999999658,0.0300000000016,99.7851002865,3,"[0, 1, 2]",,True,commissioning
13,500,203,3868,0,normal_tightening,1,[0],True,1524,5885325,5886848,1,True,24475.969,24491.199,24475.969,24491.199,15.23,0,0,1523,True,0.01,5.07442623323e-10,0.0099999999984,0.010000000002,100.0,3,"[0, 1, 2]",,True,commissioning
13,500,204,3502,0,normal_tightening,1,[0],True,1350,5317044,5318393,1,True,1765.714,1779.204,1765.714,1779.204,13.49,0,0,1349,True,0.01,1.2484152446e-09,0.00999999999954,0.0100000000007,100.0,3,"[0, 1, 2]",,True,commissioning
13,500,205,1899,0,normal_tightening,1,[0],True,1485,2939027,2940511,1,True,6529.385,6544.225,6529.385,6544.225,14.84,0,0,1484,True,0.01,2.01637252184e-10,0.00999999999749,0.0100000000029,100.0,2,"[1, 2]",,True,commissioning
13,500,206,845,0,normal_tightening,1,[0],True,1853,1315494,1317346,1,True,2039.06,2057.63,2039.06,2057.63,18.57,0,0,1852,True,0.0100269978402,0.000518892588458,0.00999999999976,0.0200000000002,99.7307485191,2,"[1, 2]",,True,commissioning
13,500,207,333,0,normal_tightening,1,[0],True,1738,525730,527467,1,True,2534.69,2552.07,2534.69,2552.07,17.38,0,0,1737,True,0.0100057570524,0.00023986950669,0.00999999999976,0.02,99.9424626007,3,"[0, 1, 2]",,True,commissioning
13,500,208,2780,0,normal_tightening,1,[0],True,1483,4312347,4313829,1,True,9176.214,9191.034,9176.214,9191.034,14.82,0,0,1482,True,0.01,0.0,0.0099999999984,0.0100000000002,100.0,3,"[0, 1, 2]",,True,commissioning
13,500,209,3574,0,normal_tightening,1,[0],True,1731,5423804,5425534,1,True,2833.584,2850.884,2833.584,2850.884,17.3,0,0,1730,True,0.01,0.0,0.00999999999931,0.0100000000007,100.0,3,"[0, 1, 2]",,True,commissioning
13,500,210,3982,0,normal_tightening,1,[0],True,1745,6067986,6069730,1,True,19046.295,19063.735,19046.295,19063.735,17.44,0,0,1744,True,0.01,0.0,0.0099999999984,0.010000000002,100.0,3,"[0, 1, 2]",,True,commissioning
13,500,211,1452,0,normal_tightening,1,[0],True,1712,2258071,2259782,1,True,10227.305,10244.455,10227.305,10244.455,17.15,0,0,1711,True,0.0100233781414,0.000482943968676,0.0099999999984,0.0200000000004,99.7667638484,3,"[0, 1, 2]",,True,commissioning
13,500,212,2356,0,normal_tightening,1,[0],True,1317,3648644,3649960,1,True,6399.678,6412.908,6399.678,6412.908,13.23,0,0,1316,True,0.0100531914894,0.000825264347342,0.00999999999658,0.0299999999988,99.4708994709,3,"[0, 1, 2]",,True,commissioning
13,500,213,3354,0,normal_tightening,1,[0],True,1507,5097354,5098860,1,True,11447.192,11462.342,11447.192,11462.342,15.15,0,0,1506,True,0.0100597609562,0.00112162775195,0.0099999999984,0.0399999999991,99.4059405941,3,"[0, 1, 2]",,True,commissioning
13,500,214,2236,0,normal_tightening,1,[0],True,1242,3460454,3461695,1,True,13980.54,13992.95,13980.54,13992.95,12.41,0,0,1241,True,0.01,0.0,0.00999999999476,0.0100000000057,100.0,3,"[0, 1, 2]",,True,commissioning
13,500,215,225,0,normal_tightening,1,[0],True,1690,353066,354755,1,True,20341.651,20358.541,20341.651,20358.541,16.89,0,0,1689,True,0.01,3.44112282251e-05,0.0089999999982,0.0110000000022,100.0,3,"[0, 1, 2]",,True,commissioning
13,500,216,1907,0,normal_tightening,1,[0],True,1281,2950128,2951408,1,True,6640.435,6653.235,6640.435,6653.235,12.8,0,0,1280,True,0.01,0.0,0.00999999999749,0.0100000000029,100.0,3,"[0, 1, 2]",,True,commissioning
13,500,217,3998,0,normal_tightening,1,[0],True,1713,6092940,6094652,1,True,19383.341,19400.461,19383.341,19400.461,17.12,0,0,1712,True,0.01,5.20625146455e-10,0.00999999999476,0.0100000000057,100.0,3,"[0, 1, 2]",,True,commissioning
13,500,218,3808,0,normal_tightening,1,[0],True,1533,5789380,5790912,1,True,21630.105,21645.425,21630.105,21645.425,15.32,0,0,1532,True,0.01,5.20625146455e-10,0.0099999999984,0.010000000002,100.0,3,"[0, 1, 2]",,True,commissioning
13,500,219,2980,0,normal_tightening,1,[0],True,1712,4581966,4583677,1,True,7340.798,7357.908,7340.798,7357.908,17.11,0,0,1711,True,0.01,6.83785659872e-05,0.00799999999981,0.0119999999997,100.0,2,"[1, 2]",,True,commissioning
13,500,220,917,0,normal_tightening,1,[0],True,1738,1428964,1430701,1,True,3176.58,3193.96,3176.58,3193.96,17.38,0,0,1737,True,0.0100057570524,0.00023986950669,0.00999999999976,0.02,99.9424626007,3,"[0, 1, 2]",,True,commissioning
13,500,221,455,0,normal_tightening,1,[0],True,1811,717189,718999,1,True,6274.444,6292.544,6274.444,6292.544,18.1,0,0,1810,True,0.01,1.10441271454e-09,0.00999999999749,0.0100000000039,100.0,3,"[0, 1, 2]",,True,commissioning
13,500,222,1117,0,normal_tightening,1,[0],True,1248,1730749,1731996,1,True,6779.775,6792.245,6779.775,6792.245,12.47,0,0,1247,True,0.01,0.0,0.00999999999749,0.0100000000029,100.0,2,"[1, 2]",,True,commissioning
13,500,223,351,0,normal_tightening,1,[0],True,1357,551713,553069,1,True,2795.15,2808.71,2795.15,2808.71,13.56,0,0,1356,True,0.01,0.0,0.00999999999976,0.0100000000002,100.0,3,"[0, 1, 2]",,True,commissioning
13,500,224,28,0,normal_tightening,1,[0],True,1296,38877,40172,1,True,21572.94,21585.89,21572.94,21585.89,12.95,0,0,1295,True,0.01,1.04125029291e-09,0.0099999999984,0.010000000002,100.0,3,"[0, 1, 2]",,True,commissioning
13,500,225,3328,0,normal_tightening,1,[0],True,1260,5056956,5058215,1,True,10959.28,10972.27,10959.28,10972.27,12.99,0,0,1259,True,0.0103177124702,0.00240348486273,0.0099999999984,0.0500000000011,96.9207082371,3,"[0, 1, 2]",,True,commissioning
13,500,226,1163,0,normal_tightening,1,[0],True,1953,1800422,1802374,1,True,7902.824,7922.374,7902.824,7922.374,19.55,0,0,1952,True,0.0100153688525,0.000505876802485,0.00999999999749,0.0299999999979,99.8465473146,3,"[0, 1, 2]",,True,commissioning
13,500,227,659,0,normal_tightening,1,[0],True,1244,1025864,1027107,1,True,13754.569,13766.999,13754.569,13766.999,12.43,0,0,1243,True,0.01,0.0,0.00999999999658,0.0100000000039,100.0,3,"[0, 1, 2]",,True,commissioning
13,500,228,2208,0,normal_tightening,1,[0],True,1472,3419512,3420983,1,True,13346.831,13361.541,13346.831,13361.541,14.71,0,0,1471,True,0.01,0.0,0.0099999999984,0.0100000000039,100.0,3,"[0, 1, 2]",,True,commissioning
13,500,229,2616,0,normal_tightening,1,[0],True,1655,4069894,4071548,1,True,27058.04,27074.62,27058.04,27074.62,16.58,0,0,1654,True,0.0100241837969,0.000601807358504,0.0099999999984,0.0299999999988,99.7587454765,3,"[0, 1, 2]",,True,commissioning
13,500,230,4044,0,normal_tightening,1,[0],True,1590,6168214,6169803,1,True,16271.87,16287.77,16271.87,16287.77,15.9,0,0,1589,True,0.0100062932662,0.000250784881592,0.00999999999476,0.0199999999986,99.9371069182,3,"[0, 1, 2]",,True,commissioning
13,500,231,3886,0,normal_tightening,1,[0],True,1304,5913382,5914685,1,True,1280.997,1294.027,1280.997,1294.027,13.03,0,0,1303,True,0.01,1.16415321827e-09,0.00999999999954,0.0100000000004,100.0,3,"[0, 1, 2]",,True,commissioning
13,500,232,1103,0,normal_tightening,1,[0],True,1532,1708860,1710391,1,True,4347.501,4362.811,4347.501,4362.811,15.31,0,0,1531,True,0.01,0.0,0.0099999999984,0.0100000000011,100.0,3,"[0, 1, 2]",,True,commissioning
13,500,233,1797,0,normal_tightening,1,[0],True,1516,2783289,2784804,1,True,17039.897,17055.107,17039.897,17055.107,15.21,0,0,1515,True,0.0100396039604,0.000725592400452,0.00999999999476,0.0299999999988,99.6055226825,3,"[0, 1, 2]",,True,commissioning
13,500,234,2628,0,normal_tightening,1,[0],True,1528,4090515,4092042,1,True,27264.45,27279.72,27264.45,27279.72,15.27,0,0,1527,True,0.01,5.07442623323e-10,0.0099999999984,0.010000000002,100.0,3,"[0, 1, 2]",,True,commissioning
13,500,235,3062,0,normal_tightening,1,[0],True,1779,4693875,4695653,1,True,8467.378,8485.238,8467.378,8485.238,17.86,0,0,1778,True,0.0100449943757,0.000947556341467,0.0099999999984,0.0400000000009,99.5520716685,3,"[0, 1, 2]",,True,commissioning
13,500,236,3376,0,normal_tightening,1,[0],True,1333,5129104,5130436,1,True,11767.492,11781.092,11767.492,11781.092,13.6,0,0,1332,True,0.0102102102102,0.00203961169629,0.0099999999984,0.0399999999991,97.9411764706,3,"[0, 1, 2]",,True,commissioning
13,500,237,3836,0,normal_tightening,1,[0],True,1414,5832983,5834396,1,True,22930.133,22944.263,22930.133,22944.263,14.13,0,0,1413,True,0.01,8.06549008735e-10,0.0099999999984,0.010000000002,100.0,3,"[0, 1, 2]",,True,commissioning
13,500,238,2366,0,normal_tightening,1,[0],True,1662,3665185,3666846,1,True,6565.308,6581.918,6565.308,6581.918,16.61,0,0,1661,True,0.01,6.26915694114e-10,0.00999999999658,0.0100000000039,100.0,3,"[0, 1, 2]",,True,commissioning
13,500,239,76,0,normal_tightening,1,[0],True,1716,116690,118405,1,True,22351.72,22368.9,22351.72,22368.9,17.18,0,0,1715,True,0.0100174927114,0.000417876918203,0.0099999999984,0.0200000000004,99.8253783469,2,"[1, 2]",,True,commissioning
13,500,240,3294,0,normal_tightening,1,[0],True,1471,5008498,5009968,1,True,10466.24,10481.32,10466.24,10481.32,15.08,0,0,1470,True,0.0102585034014,0.00225903608177,0.0099999999984,0.0499999999993,97.4801061008,2,"[1, 2]",,True,commissioning
13,500,241,2188,0,normal_tightening,1,[0],True,1642,3385973,3387614,1,True,13011.051,13027.461,13011.051,13027.461,16.41,0,0,1641,True,0.01,5.07442623323e-10,0.0099999999984,0.0100000000039,100.0,3,"[0, 1, 2]",,True,commissioning
13,500,242,3912,0,normal_tightening,1,[0],True,1397,5957160,5958556,1,True,2097.044,2111.004,2097.044,2111.004,13.96,0,0,1396,True,0.01,0.0,0.00999999999976,0.0100000000002,100.0,3,"[0, 1, 2]",,True,commissioning
13,500,243,2334,0,normal_tightening,1,[0],True,1303,3617245,3618547,1,True,15550.97,15564.19,15550.97,15564.19,13.22,0,0,1302,True,0.010153609831,0.00134897071575,0.00999999999476,0.0299999999988,98.4871406959,3,"[0, 1, 2]",,True,commissioning
13,500,244,2067,0,normal_tightening,1,[0],True,1755,3196475,3198229,1,True,19339.737,19357.277,19339.737,19357.277,17.54,0,0,1754,True,0.01,0.0,0.0099999999984,0.010000000002,100.0,3,"[0, 1, 2]",,True,commissioning
13,500,245,3804,0,normal_tightening,1,[0],True,1507,5782713,5784219,1,True,21563.435,21578.495,21563.435,21578.495,15.06,0,0,1506,True,0.01,5.70316273436e-10,0.0099999999984,0.010000000002,100.0,2,"[1, 2]",,True,commissioning
13,500,246,2280,0,normal_tightening,1,[0],True,1469,3530417,3531885,1,True,14680.95,14695.64,14680.95,14695.64,14.69,0,0,1468,True,0.0100068119891,0.000260908964619,0.00999999999476,0.0200000000004,99.9319264806,3,"[0, 1, 2]",,True,commissioning
13,500,247,1388,0,normal_tightening,1,[0],True,1704,2153803,2155506,1,True,8624.684,8641.714,8624.684,8641.714,17.03,0,0,1703,True,0.01,6.78812141396e-10,0.0099999999984,0.010000000002,100.0,3,"[0, 1, 2]",,True,commissioning
13,500,248,1667,0,normal_tightening,1,[0],True,1475,2579820,2581294,1,True,13689.729,13704.469,13689.729,13704.469,14.74,0,0,1474,True,0.01,0.0,0.00999999999658,0.0100000000039,100.0,3,"[0, 1, 2]",,True,commissioning
13,500,249,209,0,normal_tightening,1,[0],True,1379,330625,332003,1,True,20117.161,20130.941,20117.161,20130.941,13.78,0,0,1378,True,0.01,9.16655160721e-10,0.00999999999476,0.0100000000057,100.0,3,"[0, 1, 2]",,True,commissioning
13,500,250,3274,0,normal_tightening,1,[0],True,1218,4975335,4976552,1,True,10032.04,10044.21,10032.04,10044.21,12.17,0,0,1217,True,0.01,0.0,0.0099999999984,0.0100000000002,100.0,3,"[0, 1, 2]",,True,commissioning
13,500,251,4030,0,normal_tightening,1,[0],True,1540,6145745,6147284,1,True,16046.44,16061.83,16046.44,16061.83,15.39,0,0,1539,True,0.01,3.68137571515e-10,0.00999999999476,0.0100000000057,100.0,3,"[0, 1, 2]",,True,commissioning
13,500,252,1306,0,normal_tightening,1,[0],True,1344,2025946,2027289,1,True,6944.175,6957.905,6944.175,6957.905,13.73,0,0,1343,True,0.0102233804914,0.00202974637078,0.00999999999749,0.04,97.8150036416,3,"[0, 1, 2]",,True,commissioning
13,500,253,1398,0,normal_tightening,1,[0],True,1739,2170899,2172637,1,True,9314.395,9331.795,9314.395,9331.795,17.4,0,0,1738,True,0.0100115074799,0.00033903152735,0.0099999999984,0.0200000000004,99.8850574713,3,"[0, 1, 2]",,True,commissioning
13,500,254,1927,0,normal_tightening,1,[0],True,1526,2982485,2984010,1,True,6964.085,6979.365,6964.085,6979.365,15.28,0,0,1525,True,0.0100196721311,0.000572260307694,0.00999999999749,0.0300000000007,99.8036649215,3,"[0, 1, 2]",,True,commissioning
13,500,255,2103,0,normal_tightening,1,[0],True,1690,3251375,3253064,1,True,20341.651,20358.541,20341.651,20358.541,16.89,0,0,1689,True,0.01,3.44112282251e-05,0.0089999999982,0.0110000000022,100.0,3,"[0, 1, 2]",,True,commissioning
13,500,256,709,0,normal_tightening,1,[0],True,1417,1103147,1104563,1,True,15396.244,15410.404,15396.244,15410.404,14.16,0,0,1416,True,0.01,0.0,0.00999999999658,0.0100000000039,100.0,3,"[0, 1, 2]",,True,commissioning
13,500,257,1941,0,normal_tightening,1,[0],True,1398,3004676,3006073,1,True,7186.075,7200.045,7186.075,7200.045,13.97,0,0,1397,True,0.01,0.0,0.00999999999749,0.0100000000029,100.0,3,"[0, 1, 2]",,True,commissioning
13,500,258,275,0,normal_tightening,1,[0],True,1737,435148,436884,1,True,21649.718,21667.298,21649.718,21667.298,17.58,0,0,1736,True,0.0101267281106,0.00155025637376,0.00999999999476,0.0400000000009,98.7485779295,3,"[0, 1, 2]",,True,commissioning
13,500,259,3312,0,normal_tightening,1,[0],True,1446,5034993,5036438,1,True,10734.5,10749.51,10734.5,10749.51,15.01,0,0,1445,True,0.0103875432526,0.00246539731683,0.0099999999984,0.0400000000009,96.2691538974,3,"[0, 1, 2]",,True,commissioning
13,500,260,4022,0,normal_tightening,1,[0],True,1738,6133223,6134960,1,True,19854.257,19871.777,19854.257,19871.777,17.52,0,0,1737,True,0.0100863557858,0.00167734860685,0.0099999999984,0.0599999999977,99.1438356164,3,"[0, 1, 2]",,True,commissioning
13,500,261,2516,0,normal_tightening,1,[0],True,1673,3910816,3912488,1,True,10317.369,10334.099,10317.369,10334.099,16.73,0,0,1672,True,0.0100059808612,0.000244484849724,0.0099999999984,0.0200000000004,99.9402271369,3,"[0, 1, 2]",,True,commissioning
13,500,262,2037,0,normal_tightening,1,[0],True,1710,3151598,3153307,1,True,18890.727,18907.827,18890.727,18907.827,17.1,0,0,1709,True,0.0100058513751,0.000241825375315,0.0099999999984,0.0200000000004,99.9415204678,3,"[0, 1, 2]",,True,commissioning
13,500,263,2404,0,normal_tightening,1,[0],True,1402,3728037,3729438,1,True,7737.035,7751.065,7737.035,7751.065,14.03,0,0,1401,True,0.0100142755175,0.000377559776114,0.00999999999749,0.0200000000023,99.857448325,2,"[1, 2]",,True,commissioning
13,500,264,2214,0,normal_tightening,1,[0],True,1403,3429222,3430624,1,True,13443.981,13458.001,13443.981,13458.001,14.02,0,0,1402,True,0.01,0.0,0.0099999999984,0.0100000000039,100.0,3,"[0, 1, 2]",,True,commissioning
13,500,265,667,0,normal_tightening,1,[0],True,1677,1037272,1038948,1,True,13868.659,13885.439,13868.659,13885.439,16.78,0,0,1676,True,0.0100119331742,0.000345238094147,0.00999999999658,0.0200000000041,99.8808104887,3,"[0, 1, 2]",,True,commissioning
13,500,266,1785,0,normal_tightening,1,[0],True,1694,2762856,2764549,1,True,16510.4,16527.35,16510.4,16527.35,16.95,0,0,1693,True,0.0100118133491,0.000485929446042,0.0099999999984,0.0300000000025,99.8820058997,3,"[0, 1, 2]",,True,commissioning
13,500,267,1541,0,normal_tightening,1,[0],True,1354,2391166,2392519,1,True,1945.314,1958.844,1945.314,1958.844,13.53,0,0,1353,True,0.01,1.28584925751e-09,0.00999999999999,0.0100000000002,100.0,3,"[0, 1, 2]",,True,commissioning
13,500,268,897,0,normal_tightening,1,[0],True,1861,1396466,1398326,1,True,2851.41,2870.02,2851.41,2870.02,18.61,0,0,1860,True,0.0100053763441,0.000231807109004,0.00999999999976,0.02,99.9462654487,3,"[0, 1, 2]",,True,commissioning
13,500,269,120,0,normal_tightening,1,[0],True,1698,192527,194224,1,True,23111.4,23128.37,23111.4,23128.37,16.97,0,0,1697,True,0.01,0.0,0.0099999999984,0.010000000002,100.0,3,"[0, 1, 2]",,True,commissioning
13,500,270,2109,0,normal_tightening,1,[0],True,1812,3261686,3263497,1,True,20444.821,20462.931,20444.821,20462.931,18.11,0,0,1811,True,0.01,3.49245965481e-10,0.00999999999476,0.0100000000057,100.0,3,"[0, 1, 2]",,True,commissioning
13,500,271,1422,0,normal_tightening,1,[0],True,1794,2207847,2209640,1,True,9720.115,9738.045,9720.115,9738.045,17.93,0,0,1793,True,0.01,1.03472201355e-09,0.0099999999984,0.0100000000002,100.0,2,"[1, 2]",,True,commissioning
13,500,272,837,0,normal_tightening,1,[0],True,1856,1302398,1304253,1,True,1907.91,1926.49,1907.91,1926.49,18.58,0,0,1855,True,0.0100161725067,0.000518922180103,0.00999999999999,0.03,99.8385360603,3,"[0, 1, 2]",,True,commissioning
13,500,273,1097,0,normal_tightening,1,[0],True,1569,1700137,1701705,1,True,4260.241,4275.921,4260.241,4275.921,15.68,0,0,1568,True,0.01,0.0,0.0099999999984,0.0100000000011,100.0,3,"[0, 1, 2]",,True,commissioning
13,500,274,2414,0,normal_tightening,1,[0],True,1368,3742349,3743716,1,True,7880.285,7893.985,7880.285,7893.985,13.7,0,0,1367,True,0.0100219458669,0.000467949834466,0.00999999999749,0.0200000000023,99.7810218978,3,"[0, 1, 2]",,True,commissioning
13,500,275,3734,0,normal_tightening,1,[0],True,1664,5674070,5675733,1,True,2397.988,2414.618,2397.988,2414.618,16.63,0,0,1663,True,0.01,4.50874602679e-10,0.00999999999976,0.0100000000002,100.0,3,"[0, 1, 2]",,True,commissioning
13,500,276,66,0,normal_tightening,1,[0],True,1727,99288,101014,1,True,22177.61,22194.87,22177.61,22194.87,17.26,0,0,1726,True,0.01,0.0,0.0099999999984,0.010000000002,100.0,2,"[1, 2]",,True,commissioning
13,500,277,34,0,normal_tightening,1,[0],True,1780,47660,49439,1,True,21660.8,21678.6,21660.8,21678.6,17.8,0,0,1779,True,0.0100056211355,0.000237022694133,0.0099999999984,0.0200000000004,99.9438202247,3,"[0, 1, 2]",,True,commissioning
13,500,278,2176,0,normal_tightening,1,[0],True,1273,3366249,3367521,1,True,12813.811,12826.531,12813.811,12826.531,12.72,0,0,1272,True,0.01,0.0,0.0099999999984,0.0100000000039,100.0,3,"[0, 1, 2]",,True,commissioning
13,500,279,3342,0,normal_tightening,1,[0],True,1582,5078245,5079826,1,True,11250.842,11267.232,11250.842,11267.232,16.39,0,0,1581,True,0.01036685642,0.00253841121259,0.0099999999984,0.0400000000009,96.4612568639,3,"[0, 1, 2]",,True,commissioning
13,500,280,1965,0,normal_tightening,1,[0],True,1700,3040014,3041713,1,True,7540.105,7557.125,7540.105,7557.125,17.02,0,0,1699,True,0.0100176574456,0.000542198279095,0.00999999999749,0.0299999999997,99.8237367803,2,"[1, 2]",,True,commissioning
13,500,281,553,0,normal_tightening,1,[0],True,1526,865977,867502,1,True,6964.085,6979.365,6964.085,6979.365,15.28,0,0,1525,True,0.0100196721311,0.000572260307694,0.00999999999749,0.0300000000007,99.8036649215,3,"[0, 1, 2]",,True,commissioning
13,500,282,2358,0,normal_tightening,1,[0],True,1404,3651819,3653222,1,True,6431.548,6445.578,6431.548,6445.578,14.03,0,0,1403,True,0.01,6.68755109252e-10,0.00999999999658,0.0100000000039,100.0,2,"[1, 2]",,True,commissioning
13,500,283,3172,0,normal_tightening,1,[0],True,1607,4837849,4839455,1,True,14780.035,14796.805,14780.035,14796.805,16.77,0,0,1606,True,0.0104420921544,0.0041143459016,0.00999999999476,0.0900000000001,95.7662492547,3,"[0, 1, 2]",,True,commissioning
13,500,284,2071,0,normal_tightening,1,[0],True,1681,3202652,3204332,1,True,19401.527,19418.327,19401.527,19418.327,16.8,0,0,1680,True,0.01,6.90065558843e-05,0.00800000000163,0.0119999999988,100.0,2,"[1, 2]",,True,commissioning
13,500,285,843,0,normal_tightening,1,[0],True,1744,1312042,1313785,1,True,2004.46,2021.93,2004.46,2021.93,17.47,0,0,1743,True,0.0100229489386,0.000586265661108,0.00999999999999,0.03,99.7710360618,2,"[1, 2]",,True,commissioning
13,500,286,1151,0,normal_tightening,1,[0],True,1733,1781237,1782969,1,True,7709.884,7727.204,7709.884,7727.204,17.32,0,0,1732,True,0.01,4.03274504367e-10,0.00999999999749,0.0100000000039,100.0,2,"[1, 2]",,True,commissioning
13,500,287,557,0,normal_tightening,1,[0],True,1498,872658,874155,1,True,7030.945,7045.925,7030.945,7045.925,14.98,0,0,1497,True,0.0100066800267,0.000258371137053,0.00999999999749,0.0200000000013,99.9332443258,3,"[0, 1, 2]",,True,commissioning
13,500,288,995,0,normal_tightening,1,[0],True,1469,1545863,1547331,1,True,1835.584,1850.264,1835.584,1850.264,14.68,0,0,1468,True,0.01,1.37251640234e-09,0.00999999999999,0.0100000000002,100.0,3,"[0, 1, 2]",,True,commissioning
13,500,289,2340,0,normal_tightening,1,[0],True,1435,3625417,3626851,1,True,6167.188,6181.558,6167.188,6181.558,14.37,0,0,1434,True,0.0100209205021,0.000590116401522,0.00999999999658,0.0299999999961,99.7912317328,3,"[0, 1, 2]",,True,commissioning
13,500,290,1891,0,normal_tightening,1,[0],True,1398,2927647,2929044,1,True,6415.575,6429.555,6415.575,6429.555,13.98,0,0,1397,True,0.0100071581961,0.000267452279095,0.00999999999749,0.0200000000013,99.9284692418,3,"[0, 1, 2]",,True,commissioning
13,500,291,1141,0,normal_tightening,1,[0],True,1695,1765050,1766744,1,True,7547.674,7564.614,7547.674,7564.614,16.94,0,0,1694,True,0.01,2.01637252184e-10,0.00999999999749,0.0100000000039,100.0,2,"[1, 2]",,True,commissioning
13,500,292,1735,0,normal_tightening,1,[0],True,1603,2685435,2687037,1,True,15615.004,15631.034,15615.004,15631.034,16.03,0,0,1602,True,0.0100062421973,0.000249765905426,0.00999999999658,0.0200000000004,99.9376169682,3,"[0, 1, 2]",,True,commissioning
13,500,293,559,0,normal_tightening,1,[0],True,1525,875977,877501,1,True,7064.145,7079.385,7064.145,7079.385,15.24,0,0,1524,True,0.01,3.68137571515e-10,0.00999999999749,0.0100000000029,100.0,3,"[0, 1, 2]",,True,commissioning
13,500,294,2107,0,normal_tightening,1,[0],True,1691,3258274,3259964,1,True,20410.651,20427.581,20410.651,20427.581,16.93,0,0,1690,True,0.0100177514793,0.000544725899031,0.00900000000183,0.0299999999988,99.8227997638,3,"[0, 1, 2]",,True,commissioning
13,500,295,251,0,normal_tightening,1,[0],True,1700,395805,397504,1,True,21255.868,21272.938,21255.868,21272.938,17.07,0,0,1699,True,0.0100470865215,0.000765744329364,0.00999999999476,0.0299999999952,99.5313415349,2,"[1, 2]",,True,commissioning
13,500,296,3652,0,normal_tightening,1,[0],True,1729,5543127,5544855,1,True,17577.01,17594.29,17577.01,17594.29,17.28,0,0,1728,True,0.01,0.0,0.0099999999984,0.010000000002,100.0,3,"[0, 1, 2]",,True,commissioning
13,500,297,1243,0,normal_tightening,1,[0],True,1794,1925965,1927758,1,True,9720.115,9738.045,9720.115,9738.045,17.93,0,0,1793,True,0.01,1.03472201355e-09,0.0099999999984,0.0100000000002,100.0,2,"[1, 2]",,True,commissioning
13,500,298,1525,0,normal_tightening,1,[0],True,1500,2368661,2370160,1,True,1720.254,1735.254,1720.254,1735.254,15.0,0,0,1499,True,0.0100066711141,0.000258198832296,0.00999999999954,0.02,99.9333333333,3,"[0, 1, 2]",,True,commissioning
13,500,299,991,0,normal_tightening,1,[0],True,1492,1540035,1541526,1,True,1777.304,1792.214,1777.304,1792.214,14.91,0,0,1491,True,0.01,1.3675703812e-09,0.00999999999954,0.0100000000007,100.0,2,"[1, 2]",,True,commissioning
13,500,300,1384,0,normal_tightening,1,[0],True,1690,2146948,2148637,1,True,8555.964,8572.934,8555.964,8572.934,16.97,0,0,1689,True,0.0100473653049,0.000972143315665,0.0099999999984,0.0399999999991,99.5285798468,3,"[0, 1, 2]",,True,commissioning
13,500,301,1943,0,normal_tightening,1,[0],True,1417,3007458,3008874,1,True,7213.895,7228.055,7213.895,7228.055,14.16,0,0,1416,True,0.01,0.0,0.00999999999749,0.010000000002,100.0,2,"[1, 2]",,True,commissioning
13,500,302,1332,0,normal_tightening,1,[0],True,1751,2066438,2068188,1,True,7743.074,7760.574,7743.074,7760.574,17.5,0,0,1750,True,0.01,3.86105942348e-10,0.00999999999749,0.0100000000039,100.0,3,"[0, 1, 2]",,True,commissioning
13,500,303,1781,0,normal_tightening,1,[0],True,1577,2756139,2757715,1,True,16443.18,16458.97,16443.18,16458.97,15.79,0,0,1576,True,0.010019035533,0.000562935637352,0.0099999999984,0.0300000000025,99.8100063331,3,"[0, 1, 2]",,True,commissioning
13,500,304,3384,0,normal_tightening,1,[0],True,1494,5141645,5143138,1,True,11894.422,11910.012,11894.422,11910.012,15.59,0,0,1493,True,0.0104420629605,0.00262761857986,0.0099999999984,0.0599999999995,95.7665169981,3,"[0, 1, 2]",,True,commissioning
13,500,305,841,0,normal_tightening,1,[0],True,1718,1309000,1310717,1,True,1973.97,1991.21,1973.97,1991.21,17.24,0,0,1717,True,0.0100407687828,0.000994201647682,0.00999999999999,0.04,99.5939675174,3,"[0, 1, 2]",,True,commissioning
13,500,306,2077,0,normal_tightening,1,[0],True,1737,3212648,3214384,1,True,19501.497,19518.857,19501.497,19518.857,17.36,0,0,1736,True,0.01,3.39422117296e-05,0.0089999999982,0.0110000000022,100.0,2,"[1, 2]",,True,commissioning
13,500,307,1159,0,normal_tightening,1,[0],True,1684,1793854,1795537,1,True,7836.904,7853.804,7836.904,7853.804,16.9,0,0,1683,True,0.0100415923945,0.000943151986627,0.00999999999749,0.04,99.5857988166,3,"[0, 1, 2]",,True,commissioning
13,500,308,3630,0,normal_tightening,1,[0],True,1746,5509395,5511140,1,True,17239.69,17257.14,17239.69,17257.14,17.45,0,0,1745,True,0.01,0.0,0.0099999999984,0.010000000002,100.0,3,"[0, 1, 2]",,True,commissioning
13,500,309,1414,0,normal_tightening,1,[0],True,1626,2194759,2196384,1,True,9554.455,9571.045,9554.455,9571.045,16.59,0,0,1625,True,0.0102092307692,0.0017765760567,0.0099999999984,0.0400000000009,97.9505726341,3,"[0, 1, 2]",,True,commissioning
13,500,310,2376,0,normal_tightening,1,[0],True,1529,3681682,3683210,1,True,6730.388,6745.678,6730.388,6745.678,15.29,0,0,1528,True,0.0100065445026,0.000255738529819,0.00999999999658,0.0199999999977,99.9345977763,3,"[0, 1, 2]",,True,commissioning
13,500,311,2940,0,normal_tightening,1,[0],True,1732,4528268,4529999,1,True,6802.408,6819.738,6802.408,6819.738,17.33,0,0,1731,True,0.010011554015,0.000339715550179,0.00999999999658,0.0200000000041,99.884593191,3,"[0, 1, 2]",,True,commissioning
13,500,312,2232,0,normal_tightening,1,[0],True,1285,3454106,3455390,1,True,13917.06,13929.9,13917.06,13929.9,12.84,0,0,1284,True,0.01,0.0,0.00999999999476,0.0100000000057,100.0,3,"[0, 1, 2]",,True,commissioning
13,500,313,1643,0,normal_tightening,1,[0],True,1366,2545430,2546795,1,True,4415.191,4428.841,4415.191,4428.841,13.65,0,0,1365,True,0.01,0.0,0.0099999999984,0.0100000000011,100.0,3,"[0, 1, 2]",,True,commissioning
13,500,314,3168,0,normal_tightening,1,[0],True,1739,4832199,4833937,1,True,14723.125,14740.505,14723.125,14740.505,17.38,0,0,1738,True,0.01,1.00144246442e-09,0.00999999999476,0.0100000000057,100.0,3,"[0, 1, 2]",,True,commissioning
13,500,315,3308,0,normal_tightening,1,[0],True,1393,5030353,5031745,1,True,10688.06,10702.0,10688.06,10702.0,13.94,0,0,1392,True,0.0100143678161,0.000378776618592,0.0099999999984,0.0200000000004,99.856527977,3,"[0, 1, 2]",,True,commissioning
13,500,316,3970,0,normal_tightening,1,[0],True,1271,6050109,6051379,1,True,18867.505,18880.215,18867.505,18880.215,12.71,0,0,1270,True,0.0100078740157,0.000280496269787,0.0099999999984,0.0200000000004,99.9213217939,3,"[0, 1, 2]",,True,commissioning
13,500,317,3774,0,normal_tightening,1,[0],True,1456,5735506,5736961,1,True,19572.197,19586.747,19572.197,19586.747,14.55,0,0,1455,True,0.01,6.88722331903e-10,0.0099999999984,0.010000000002,100.0,3,"[0, 1, 2]",,True,commissioning
13,500,318,2408,0,normal_tightening,1,[0],True,1432,3733675,3735106,1,True,7793.445,7807.765,7793.445,7807.765,14.32,0,0,1431,True,0.0100069881202,0.000264258146706,0.00999999999749,0.0199999999977,99.9301675978,3,"[0, 1, 2]",,True,commissioning
13,500,319,1625,0,normal_tightening,1,[0],True,1340,2517625,2518964,1,True,4137.091,4150.481,4137.091,4150.481,13.39,0,0,1339,True,0.01,0.0,0.0099999999984,0.0100000000011,100.0,3,"[0, 1, 2]",,True,commissioning
13,500,320,2075,0,normal_tightening,1,[0],True,1727,3209308,3211034,1,True,19468.097,19485.357,19468.097,19485.357,17.26,0,0,1726,True,0.01,3.40403958196e-05,0.00900000000183,0.0109999999986,100.0,3,"[0, 1, 2]",,True,commissioning
13,500,321,2444,0,normal_tightening,1,[0],True,1580,3791386,3792965,1,True,8686.919,8702.709,8686.919,8702.709,15.79,0,0,1579,True,0.01,3.49245965481e-10,0.0099999999984,0.010000000002,100.0,3,"[0, 1, 2]",,True,commissioning
13,500,322,1149,0,normal_tightening,1,[0],True,1708,1777915,1779622,1,True,7676.474,7693.734,7676.474,7693.734,17.26,0,0,1707,True,0.0101113063855,0.00142758245772,0.00999999999749,0.0400000000018,98.899188876,3,"[0, 1, 2]",,True,commissioning
13,500,323,3898,0,normal_tightening,1,[0],True,1763,5933139,5934901,1,True,1478.567,1496.187,1478.567,1496.187,17.62,0,0,1762,True,0.01,1.30675874654e-09,0.00999999999931,0.0100000000007,100.0,2,"[1, 2]",,True,commissioning
13,500,324,3268,0,normal_tightening,1,[0],True,1459,4966763,4968221,1,True,9945.04,9959.87,9945.04,9959.87,14.83,0,0,1458,True,0.0101714677641,0.00144803283121,0.0099999999984,0.0300000000007,98.3142279164,3,"[0, 1, 2]",,True,commissioning
13,500,325,851,0,normal_tightening,1,[0],True,1719,1326670,1328388,1,True,2151.07,2168.28,2151.07,2168.28,17.21,0,0,1718,True,0.0100174621653,0.000539194919535,0.00999999999976,0.0299999999997,99.8256827426,3,"[0, 1, 2]",,True,commissioning
13,500,326,787,0,normal_tightening,1,[0],True,1376,1226147,1227522,1,True,17073.077,17086.827,17073.077,17086.827,13.75,0,0,1375,True,0.01,9.09232729569e-10,0.00999999999476,0.0100000000057,100.0,3,"[0, 1, 2]",,True,commissioning
13,500,327,3664,0,normal_tightening,1,[0],True,1763,5563585,5565347,1,True,17781.59,17799.21,17781.59,17799.21,17.62,0,0,1762,True,0.01,0.0,0.00999999999476,0.0100000000057,100.0,3,"[0, 1, 2]",,True,commissioning
13,500,328,1547,0,normal_tightening,1,[0],True,1344,2399644,2400987,1,True,2030.104,2043.534,2030.104,2043.534,13.43,0,0,1343,True,0.01,1.26994123154e-09,0.00999999999999,0.0100000000002,100.0,3,"[0, 1, 2]",,True,commissioning
13,500,329,233,0,normal_tightening,1,[0],True,1747,366862,368608,1,True,20479.671,20497.161,20479.671,20497.161,17.49,0,0,1746,True,0.0100171821306,0.00041415707205,0.00999999999476,0.0200000000077,99.8284734134,3,"[0, 1, 2]",,True,commissioning
13,500,330,2318,0,normal_tightening,1,[0],True,1708,3591321,3593028,1,True,15290.7,15307.78,15290.7,15307.78,17.08,0,0,1707,True,0.0100058582308,0.00024196691774,0.00999999999476,0.0200000000004,99.9414519906,2,"[1, 2]",,True,commissioning
13,500,331,3712,0,normal_tightening,1,[0],True,1343,5639597,5640939,1,True,2053.148,2066.588,2053.148,2066.588,13.44,0,0,1342,True,0.0100149031297,0.000385757946512,0.00999999999976,0.02,99.8511904762,3,"[0, 1, 2]",,True,commissioning
13,500,332,3870,0,normal_tightening,1,[0],True,1519,5888669,5890187,1,True,24509.419,24524.599,24509.419,24524.599,15.18,0,0,1518,True,0.01,5.46036260182e-10,0.0099999999984,0.010000000002,100.0,3,"[0, 1, 2]",,True,commissioning
13,500,333,719,0,normal_tightening,1,[0],True,1300,1118493,1119792,1,True,15549.964,15562.954,15549.964,15562.954,12.99,0,0,1299,True,0.01,0.0,0.00999999999658,0.0100000000039,100.0,3,"[0, 1, 2]",,True,commissioning
13,500,334,431,0,normal_tightening,1,[0],True,1778,677740,679517,1,True,5878.014,5895.814,5878.014,5895.814,17.8,0,0,1777,True,0.010016882386,0.000711467895479,0.00999999999749,0.0399999999981,99.8314606742,3,"[0, 1, 2]",,True,commissioning
13,500,335,3042,0,normal_tightening,1,[0],True,1874,4666810,4668683,1,True,8193.978,8212.908,8193.978,8212.908,18.93,0,0,1873,True,0.0101067805659,0.00152897690018,0.0099999999984,0.0400000000009,98.9434759641,3,"[0, 1, 2]",,True,commissioning
13,500,336,3418,0,normal_tightening,1,[0],True,1497,5194293,5195789,1,True,12430.342,12445.702,12430.342,12445.702,15.36,0,0,1496,True,0.0102673796791,0.00195077252768,0.0099999999984,0.0399999999991,97.3958333333,3,"[0, 1, 2]",,True,commissioning
13,500,337,289,0,normal_tightening,1,[0],True,1334,454672,456005,1,True,1821.92,1835.25,1821.92,1835.25,13.33,0,0,1333,True,0.01,1.27526595608e-09,0.00999999999999,0.0100000000002,100.0,3,"[0, 1, 2]",,True,commissioning
13,500,338,3978,0,normal_tightening,1,[0],True,1718,6061312,6063029,1,True,18979.545,18996.715,18979.545,18996.715,17.17,0,0,1717,True,0.01,0.0,0.0099999999984,0.010000000002,100.0,3,"[0, 1, 2]",,True,commissioning
13,500,339,2422,0,normal_tightening,1,[0],True,1281,3754345,3755625,1,True,8316.269,8329.069,8316.269,8329.069,12.8,0,0,1280,True,0.01,0.0,0.0099999999984,0.010000000002,100.0,3,"[0, 1, 2]",,True,commissioning
13,500,340,1727,0,normal_tightening,1,[0],True,1341,2672527,2673867,1,True,15485.674,15499.124,15485.674,15499.124,13.45,0,0,1340,True,0.0100373134328,0.000609706516294,0.00999999999658,0.0200000000004,99.6282527881,3,"[0, 1, 2]",,True,commissioning
13,500,341,3550,0,normal_tightening,1,[0],True,1378,5387848,5389225,1,True,2473.884,2487.654,2473.884,2487.654,13.77,0,0,1377,True,0.01,0.0,0.00999999999976,0.0100000000002,100.0,3,"[0, 1, 2]",,True,commissioning
13,500,342,3844,0,normal_tightening,1,[0],True,1280,5844705,5845984,1,True,23047.363,23060.153,23047.363,23060.153,12.79,0,0,1279,True,0.01,1.07959128165e-09,0.0099999999984,0.010000000002,100.0,2,"[1, 2]",,True,commissioning
13,500,343,3352,0,normal_tightening,1,[0],True,1643,5093893,5095535,1,True,11412.412,11428.942,11412.412,11428.942,16.53,0,0,1642,True,0.0100669914738,0.00132727201335,0.0099999999984,0.0499999999993,99.3345432547,2,"[1, 2]",,True,commissioning
13,500,344,3034,0,normal_tightening,1,[0],True,1743,4654875,4656617,1,True,8074.338,8091.858,8074.338,8091.858,17.52,0,0,1742,True,0.0100574052813,0.001122328304,0.00999999999658,0.04,99.4292237443,3,"[0, 1, 2]",,True,commissioning
13,500,345,3670,0,normal_tightening,1,[0],True,1220,5572870,5574089,1,True,17874.44,17886.63,17874.44,17886.63,12.19,0,0,1219,True,0.01,1.10441271454e-09,0.00999999999476,0.0100000000057,100.0,3,"[0, 1, 2]",,True,commissioning
13,500,346,1673,0,normal_tightening,1,[0],True,1219,2589443,2590661,1,True,13785.969,13798.149,13785.969,13798.149,12.18,0,0,1218,True,0.01,0.0,0.00999999999658,0.0100000000039,100.0,3,"[0, 1, 2]",,True,commissioning
13,500,347,2330,0,normal_tightening,1,[0],True,1371,3611009,3612379,1,True,15487.72,15501.58,15487.72,15501.58,13.86,0,0,1370,True,0.0101167883212,0.00107435734268,0.00999999999476,0.0200000000059,98.8455988456,2,"[1, 2]",,True,commissioning
13,500,348,1489,0,normal_tightening,1,[0],True,1352,2313333,2314684,1,True,1166.474,1179.984,1166.474,1179.984,13.51,0,0,1351,True,0.01,1.28584925751e-09,0.00999999999976,0.0100000000004,100.0,3,"[0, 1, 2]",,True,commissioning
13,500,349,2634,0,normal_tightening,1,[0],True,1398,4100484,4101881,1,True,27364.25,27378.23,27364.25,27378.23,13.98,0,0,1397,True,0.0100071581961,0.000267452279072,0.0099999999984,0.0200000000004,99.9284692418,3,"[0, 1, 2]",,True,commissioning
13,500,350,2572,0,normal_tightening,1,[0],True,1580,4000307,4001886,1,True,24352.564,24368.364,24352.564,24368.364,15.8,0,0,1579,True,0.0100063331222,0.000251577252273,0.0099999999984,0.0200000000004,99.9367088608,3,"[0, 1, 2]",,True,commissioning
13,500,351,1015,0,normal_tightening,1,[0],True,1570,1574018,1575587,1,True,2117.144,2132.834,2117.144,2132.834,15.69,0,0,1569,True,0.01,0.0,0.00999999999976,0.0100000000002,100.0,2,"[1, 2]",,True,commissioning
13,500,352,3580,0,normal_tightening,1,[0],True,1764,5433223,5434986,1,True,3189.163,3206.803,3189.163,3206.803,17.64,0,0,1763,True,0.0100056721497,0.000238095199794,0.00999999999976,0.02,99.9433106576,3,"[0, 1, 2]",,True,commissioning
13,500,353,1436,0,normal_tightening,1,[0],True,2108,2232111,2234218,1,True,9965.595,9986.945,9965.595,9986.945,21.35,0,0,2107,True,0.0101328903654,0.00143896397525,0.0099999999984,0.0400000000009,98.6885245902,3,"[0, 1, 2]",,True,commissioning
13,500,354,2210,0,normal_tightening,1,[0],True,1439,3422805,3424243,1,True,13379.761,13394.151,13379.761,13394.151,14.39,0,0,1438,True,0.0100069541029,0.000263614623343,0.0099999999984,0.0199999999986,99.9305072967,2,"[1, 2]",,True,commissioning
13,500,355,1823,0,normal_tightening,1,[0],True,1532,2824741,2826272,1,True,17460.267,17475.577,17460.267,17475.577,15.31,0,0,1531,True,0.01,6.48173080155e-10,0.00999999999476,0.0100000000057,100.0,3,"[0, 1, 2]",,True,commissioning
13,500,356,2202,0,normal_tightening,1,[0],True,1428,3409512,3410939,1,True,13246.561,13261.041,13246.561,13261.041,14.48,0,0,1427,True,0.0101471618781,0.00199317265048,0.0099999999984,0.0500000000011,98.5497237569,3,"[0, 1, 2]",,True,commissioning
13,500,357,1121,0,normal_tightening,1,[0],True,1195,1736022,1737216,1,True,6832.505,6844.445,6832.505,6844.445,11.94,0,0,1194,True,0.01,0.0,0.00999999999749,0.0100000000029,100.0,3,"[0, 1, 2]",,True,commissioning
13,500,358,3860,0,normal_tightening,1,[0],True,1669,5871034,5872702,1,True,23310.703,23327.383,23310.703,23327.383,16.68,0,0,1668,True,0.01,0.0,0.0099999999984,0.010000000002,100.0,3,"[0, 1, 2]",,True,commissioning
13,500,359,3404,0,normal_tightening,1,[0],True,1334,5173400,5174733,1,True,12217.162,12230.772,12217.162,12230.772,13.61,0,0,1333,True,0.0102100525131,0.00153508243808,0.0099999999984,0.0300000000007,97.9426891991,3,"[0, 1, 2]",,True,commissioning
13,500,360,12,0,normal_tightening,1,[0],True,1357,15921,17277,1,True,21342.37,21356.14,21342.37,21356.14,13.77,0,0,1356,True,0.0101548672566,0.00134895290873,0.0099999999984,0.0300000000025,98.4749455338,3,"[0, 1, 2]",,True,commissioning
13,500,361,2668,0,normal_tightening,1,[0],True,1537,4154541,4156077,1,True,27905.29,27920.65,27905.29,27920.65,15.36,0,0,1536,True,0.01,4.93908380987e-10,0.0099999999984,0.010000000002,100.0,2,"[1, 2]",,True,commissioning
13,500,362,749,0,normal_tightening,1,[0],True,1428,1164990,1166417,1,True,16015.174,16029.444,16015.174,16029.444,14.27,0,0,1427,True,0.01,0.0,0.00999999999658,0.0100000000039,100.0,2,"[1, 2]",,True,commissioning
13,500,363,2180,0,normal_tightening,1,[0],True,1585,3372385,3373969,1,True,12875.171,12891.011,12875.171,12891.011,15.84,0,0,1584,True,0.01,2.85158136718e-10,0.0099999999984,0.0100000000039,100.0,3,"[0, 1, 2]",,True,commissioning
13,500,364,1671,0,normal_tightening,1,[0],True,1244,2586303,2587546,1,True,13754.569,13766.999,13754.569,13766.999,12.43,0,0,1243,True,0.01,0.0,0.00999999999658,0.0100000000039,100.0,3,"[0, 1, 2]",,True,commissioning
13,500,365,549,0,normal_tightening,1,[0],True,1566,859252,860817,1,True,6896.785,6912.435,6896.785,6912.435,15.65,0,0,1565,True,0.01,4.79992668333e-10,0.00999999999749,0.0100000000029,100.0,3,"[0, 1, 2]",,True,commissioning
13,500,366,247,0,normal_tightening,1,[0],True,1762,390046,391807,1,True,21198.278,21215.888,21198.278,21215.888,17.61,0,0,1761,True,0.01,0.0,0.00999999999476,0.010000000002,100.0,3,"[0, 1, 2]",,True,commissioning
13,500,367,3426,0,normal_tightening,1,[0],True,1358,5206565,5207922,1,True,12555.852,12569.462,12555.852,12569.462,13.61,0,0,1357,True,0.010029476787,0.000542124514621,0.0099999999984,0.0200000000004,99.706098457,3,"[0, 1, 2]",,True,commissioning
13,500,368,2556,0,normal_tightening,1,[0],True,1495,3973318,3974812,1,True,24082.344,24097.284,24082.344,24097.284,14.94,0,0,1494,True,0.01,6.04911756551e-10,0.0099999999984,0.010000000002,100.0,3,"[0, 1, 2]",,True,commissioning
13,500,369,4006,0,normal_tightening,1,[0],True,1833,6106995,6108827,1,True,19523.891,19542.211,19523.891,19542.211,18.32,0,0,1832,True,0.01,3.30409299713e-05,0.0089999999982,0.010999999995,100.0,3,"[0, 1, 2]",,True,commissioning
13,500,370,3764,0,normal_tightening,1,[0],True,1889,5719530,5721418,1,True,3404.929,3423.829,3404.929,3423.829,18.9,0,0,1888,True,0.0100105932203,0.000325299841797,0.00999999999885,0.02,99.8941798942,3,"[0, 1, 2]",,True,commissioning
13,500,371,697,0,normal_tightening,1,[0],True,1978,1086179,1088156,1,True,15226.424,15246.194,15226.424,15246.194,19.77,0,0,1977,True,0.01,1.12266870693e-09,0.00999999999658,0.0100000000039,100.0,3,"[0, 1, 2]",,True,commissioning
13,500,372,2053,0,normal_tightening,1,[0],True,1377,3173684,3175060,1,True,19111.647,19125.407,19111.647,19125.407,13.76,0,0,1376,True,0.01,8.8659267708e-10,0.0099999999984,0.010000000002,100.0,3,"[0, 1, 2]",,True,commissioning
13,500,373,1577,0,normal_tightening,1,[0],True,1464,2446433,2447896,1,True,3113.295,3127.925,3113.295,3127.925,14.63,0,0,1463,True,0.01,0.0,0.00999999999976,0.0100000000002,100.0,3,"[0, 1, 2]",,True,commissioning
13,500,374,2398,0,normal_tightening,1,[0],True,1514,3718016,3719529,1,True,7636.795,7651.935,7636.795,7651.935,15.14,0,0,1513,True,0.0100066093853,0.000257002274875,0.00999999999749,0.0199999999995,99.9339498019,3,"[0, 1, 2]",,True,commissioning
13,500,375,1047,0,normal_tightening,1,[0],True,1414,1625135,1626548,1,True,3228.535,3242.665,3228.535,3242.665,14.13,0,0,1413,True,0.01,0.0,0.00999999999976,0.0100000000002,100.0,3,"[0, 1, 2]",,True,commissioning
13,500,376,2294,0,normal_tightening,1,[0],True,1537,3554075,3555611,1,True,14918.01,14933.38,14918.01,14933.38,15.37,0,0,1536,True,0.0100065104167,0.000255072109701,0.00999999999476,0.0200000000004,99.9349381913,3,"[0, 1, 2]",,True,commissioning
13,500,377,293,0,normal_tightening,1,[0],True,1384,460411,461794,1,True,1879.33,1893.16,1879.33,1893.16,13.83,0,0,1383,True,0.01,1.31708901597e-09,0.00999999999999,0.0100000000002,100.0,3,"[0, 1, 2]",,True,commissioning
13,500,378,128,0,normal_tightening,1,[0],True,1755,205850,207604,1,True,23244.66,23262.2,23244.66,23262.2,17.54,0,0,1754,True,0.01,0.0,0.0099999999984,0.010000000002,100.0,3,"[0, 1, 2]",,True,commissioning
13,500,379,2278,0,normal_tightening,1,[0],True,1320,3527226,3528545,1,True,14649.04,14662.23,14649.04,14662.23,13.19,0,0,1319,True,0.01,0.0,0.00999999999476,0.0100000000057,100.0,3,"[0, 1, 2]",,True,commissioning
13,500,380,2904,0,normal_tightening,1,[0],True,1829,4478400,4480228,1,True,6299.488,6317.918,6299.488,6317.918,18.43,0,0,1828,True,0.0100820568928,0.00121300652437,0.00900000000001,0.04,99.1861096039,3,"[0, 1, 2]",,True,commissioning
13,500,381,343,0,normal_tightening,1,[0],True,1312,540655,541966,1,True,2684.47,2697.58,2684.47,2697.58,13.11,0,0,1311,True,0.01,0.0,0.00999999999976,0.0100000000002,100.0,2,"[1, 2]",,True,commissioning
13,500,382,513,0,normal_tightening,1,[0],True,1368,805151,806518,1,True,6355.685,6369.355,6355.685,6369.355,13.67,0,0,1367,True,0.01,0.0,0.00999999999749,0.0100000000029,100.0,3,"[0, 1, 2]",,True,commissioning
13,500,383,257,0,normal_tightening,1,[0],True,1710,405178,406887,1,True,21349.888,21367.008,21349.888,21367.008,17.12,0,0,1709,True,0.0100175541252,0.000540611326562,0.00999999999476,0.0300000000025,99.8247663551,3,"[0, 1, 2]",,True,commissioning
13,500,384,4016,0,normal_tightening,1,[0],True,1701,6123260,6124960,1,True,19686.551,19703.551,19686.551,19703.551,17.0,0,0,1700,True,0.01,5.33482024325e-10,0.00999999999476,0.0100000000057,100.0,3,"[0, 1, 2]",,True,commissioning
13,500,385,1631,0,normal_tightening,1,[0],True,1663,2526447,2528109,1,True,4225.321,4241.941,4225.321,4241.941,16.62,0,0,1662,True,0.01,4.50874602679e-10,0.0099999999984,0.0100000000011,100.0,3,"[0, 1, 2]",,True,commissioning
13,500,386,1955,0,normal_tightening,1,[0],True,1326,3024935,3026260,1,True,7389.085,7402.335,7389.085,7402.335,13.25,0,0,1325,True,0.01,0.0,0.00999999999749,0.010000000002,100.0,3,"[0, 1, 2]",,True,commissioning
13,500,387,517,0,normal_tightening,1,[0],True,1398,811139,812536,1,True,6415.575,6429.555,6415.575,6429.555,13.98,0,0,1397,True,0.0100071581961,0.000267452279095,0.00999999999749,0.0200000000013,99.9284692418,3,"[0, 1, 2]",,True,commissioning
13,500,388,2736,0,normal_tightening,1,[0],True,2389,4253707,4256095,1,True,8589.794,8613.674,8589.794,8613.674,23.88,0,0,2388,True,0.01,1.26994123154e-09,0.0099999999984,0.010000000002,100.0,3,"[0, 1, 2]",,True,commissioning
13,500,389,3236,0,normal_tightening,1,[0],True,2141,4923504,4925644,1,True,15646.315,15668.105,15646.315,15668.105,21.79,0,0,2140,True,0.0101822429907,0.00296623721113,0.00999999999476,0.0900000000001,98.2101881597,2,"[1, 2]",,True,commissioning
13,500,390,1310,0,normal_tightening,1,[0],True,1755,2031816,2033570,1,True,7003.945,7021.635,7003.945,7021.635,17.69,0,0,1754,True,0.0100855188141,0.00136897788282,0.00999999999749,0.0400000000027,99.1520633126,3,"[0, 1, 2]",,True,commissioning
13,500,391,1571,0,normal_tightening,1,[0],True,1512,2436572,2438083,1,True,2399.544,2414.654,2399.544,2414.654,15.11,0,0,1511,True,0.01,0.0,0.00999999999976,0.0100000000002,100.0,3,"[0, 1, 2]",,True,commissioning
13,500,392,2276,0,normal_tightening,1,[0],True,1322,3524104,3525425,1,True,14617.82,14631.03,14617.82,14631.03,13.21,0,0,1321,True,0.01,0.0,0.00999999999476,0.0100000000057,100.0,3,"[0, 1, 2]",,True,commissioning
13,500,393,2690,0,normal_tightening,1,[0],True,1566,4190194,4191759,1,True,28262.28,28277.95,28262.28,28277.95,15.67,0,0,1565,True,0.0100127795527,0.00035725650477,0.0099999999984,0.0200000000004,99.8723675814,3,"[0, 1, 2]",,True,commissioning
13,500,394,2256,0,normal_tightening,1,[0],True,1508,3493861,3495368,1,True,14314.61,14329.68,14314.61,14329.68,15.07,0,0,1507,True,0.01,0.0,0.00999999999476,0.0100000000057,100.0,3,"[0, 1, 2]",,True,commissioning
13,500,395,321,0,normal_tightening,1,[0],True,1737,506808,508544,1,True,2344.77,2362.14,2344.77,2362.14,17.37,0,0,1736,True,0.0100057603687,0.000239938543775,0.00999999999976,0.02,99.9424294761,3,"[0, 1, 2]",,True,commissioning
13,500,396,2752,0,normal_tightening,1,[0],True,1686,4277085,4278770,1,True,8823.594,8840.444,8823.594,8840.444,16.85,0,0,1685,True,0.01,6.48173080155e-10,0.0099999999984,0.010000000002,100.0,2,"[1, 2]",,True,commissioning
13,500,397,1915,0,normal_tightening,1,[0],True,1560,2962879,2964438,1,True,6767.945,6783.535,6767.945,6783.535,15.59,0,0,1559,True,0.01,5.20625146455e-10,0.00999999999749,0.0100000000029,100.0,3,"[0, 1, 2]",,True,commissioning
13,500,398,3288,0,normal_tightening,1,[0],True,1499,4999676,5001174,1,True,10375.71,10390.85,10375.71,10390.85,15.14,0,0,1498,True,0.0101068090788,0.001411120848,0.0099999999984,0.0400000000009,98.9431968296,2,"[1, 2]",,True,commissioning
13,500,399,3450,0,normal_tightening,1,[0],True,1776,5240502,5242277,1,True,966.144,983.894,966.144,983.894,17.75,0,0,1775,True,0.01,1.59195558298e-09,0.00999999999999,0.0100000000001,100.0,3,"[0, 1, 2]",,True,commissioning
13,500,400,3366,0,normal_tightening,1,[0],True,1337,5115227,5116563,1,True,11628.002,11641.442,11628.002,11641.442,13.44,0,0,1336,True,0.0100598802395,0.00115918926244,0.0099999999984,0.0400000000009,99.4047619048,3,"[0, 1, 2]",,True,commissioning
13,500,401,825,0,normal_tightening,1,[0],True,1250,1285470,1286719,1,True,1738.58,1751.08,1738.58,1751.08,12.5,0,0,1249,True,0.0100080064051,0.000282842621822,0.00999999999931,0.02,99.92,3,"[0, 1, 2]",,True,commissioning
13,500,402,3408,0,normal_tightening,1,[0],True,1322,5179684,5181005,1,True,12281.122,12294.522,12281.122,12294.522,13.4,0,0,1321,True,0.0101438304315,0.00157398230652,0.0099999999984,0.0399999999991,98.5820895522,3,"[0, 1, 2]",,True,commissioning
13,500,403,2950,0,normal_tightening,1,[0],True,1267,4543465,4544731,1,True,6954.628,6967.328,6954.628,6967.328,12.7,0,0,1266,True,0.0100315955766,0.000561210732067,0.00999999999658,0.0200000000041,99.6850393701,3,"[0, 1, 2]",,True,commissioning
13,500,404,1253,0,normal_tightening,1,[0],True,1676,1943053,1944728,1,True,9892.975,9910.145,9892.975,9910.145,17.17,0,0,1675,True,0.0102507462687,0.00174401947256,0.0099999999984,0.0300000000007,97.5538730344,2,"[1, 2]",,True,commissioning
13,500,405,3736,0,normal_tightening,1,[0],True,1579,5677560,5679138,1,True,2432.888,2448.718,2432.888,2448.718,15.83,0,0,1578,True,0.0100316856781,0.000562007827827,0.00999999999976,0.02,99.6841440303,3,"[0, 1, 2]",,True,commissioning
13,500,406,3200,0,normal_tightening,1,[0],True,2257,4872792,4875048,1,True,15133.915,15156.545,15133.915,15156.545,22.63,0,0,2256,True,0.0100310283688,0.0010935473245,0.00999999999476,0.0599999999995,99.6906760937,3,"[0, 1, 2]",,True,commissioning
13,500,407,3746,0,normal_tightening,1,[0],True,1395,5691915,5693309,1,True,3128.589,3142.529,3128.589,3142.529,13.94,0,0,1394,True,0.01,0.0,0.00999999999885,0.0100000000011,100.0,3,"[0, 1, 2]",,True,commissioning
13,500,408,110,0,normal_tightening,1,[0],True,1792,175619,177410,1,True,22942.27,22960.18,22942.27,22960.18,17.91,0,0,1791,True,0.01,0.0,0.0099999999984,0.010000000002,100.0,3,"[0, 1, 2]",,True,commissioning
13,500,409,365,0,normal_tightening,1,[0],True,1792,573843,575634,1,True,3016.54,3034.45,3016.54,3034.45,17.91,0,0,1791,True,0.01,7.1763224003e-10,0.00999999999976,0.0100000000002,100.0,3,"[0, 1, 2]",,True,commissioning
13,500,410,561,0,normal_tightening,1,[0],True,1523,879325,880847,1,True,7097.645,7112.865,7097.645,7112.865,15.22,0,0,1522,True,0.01,3.49245965481e-10,0.00999999999749,0.0100000000029,100.0,2,"[1, 2]",,True,commissioning
13,500,411,875,0,normal_tightening,1,[0],True,1738,1364861,1366598,1,True,2534.69,2552.07,2534.69,2552.07,17.38,0,0,1737,True,0.0100057570524,0.00023986950669,0.00999999999976,0.02,99.9424626007,3,"[0, 1, 2]",,True,commissioning
13,500,412,3756,0,normal_tightening,1,[0],True,1728,5706484,5708211,1,True,3274.369,3291.639,3274.369,3291.639,17.27,0,0,1727,True,0.01,5.93603997677e-10,0.00999999999885,0.0100000000011,100.0,3,"[0, 1, 2]",,True,commissioning
13,500,413,3676,0,normal_tightening,1,[0],True,1704,5581817,5583520,1,True,17963.91,17980.94,17963.91,17980.94,17.03,0,0,1703,True,0.01,1.64636126996e-10,0.00999999999476,0.0100000000057,100.0,3,"[0, 1, 2]",,True,commissioning
13,500,414,1693,0,normal_tightening,1,[0],True,1551,2621003,2622553,1,True,14101.729,14117.659,14101.729,14117.659,15.93,0,0,1550,True,0.0102774193548,0.00175622573265,0.00999999999658,0.0300000000007,97.300690521,3,"[0, 1, 2]",,True,commissioning
13,500,415,3840,0,normal_tightening,1,[0],True,1350,5838580,5839929,1,True,22986.103,22999.593,22986.103,22999.593,13.49,0,0,1349,True,0.01,9.31322574615e-10,0.0099999999984,0.010000000002,100.0,3,"[0, 1, 2]",,True,commissioning
13,500,416,3654,0,normal_tightening,1,[0],True,1811,5546559,5548369,1,True,17611.33,17629.43,17611.33,17629.43,18.1,0,0,1810,True,0.01,0.0,0.0099999999984,0.010000000002,100.0,3,"[0, 1, 2]",,True,commissioning
13,500,417,605,0,normal_tightening,1,[0],True,1358,944479,945836,1,True,7750.755,7764.435,7750.755,7764.435,13.68,0,0,1357,True,0.0100810611643,0.000975409998935,0.00999999999749,0.0299999999979,99.1959064328,2,"[1, 2]",,True,commissioning
13,500,418,4054,0,normal_tightening,1,[0],True,1395,6184734,6186128,1,True,16437.5,16451.46,16437.5,16451.46,13.96,0,0,1394,True,0.0100143472023,0.000535479414888,0.0099999999984,0.0300000000025,99.8567335244,3,"[0, 1, 2]",,True,commissioning
13,500,419,4032,0,normal_tightening,1,[0],True,1614,6149155,6150768,1,True,16080.67,16096.97,16080.67,16096.97,16.3,0,0,1613,True,0.0101053936764,0.00113613998148,0.00999999999476,0.0300000000007,98.9570552147,2,"[1, 2]",,True,commissioning
13,500,420,3208,0,normal_tightening,1,[0],True,1701,4884945,4886645,1,True,15256.475,15273.715,15256.475,15273.715,17.24,0,0,1700,True,0.0101411764706,0.00213735923482,0.00999999999476,0.0599999999995,98.6078886311,3,"[0, 1, 2]",,True,commissioning
13,500,421,3722,0,normal_tightening,1,[0],True,1252,5654911,5656162,1,True,2206.308,2218.818,2206.308,2218.818,12.51,0,0,1251,True,0.01,0.0,0.00999999999976,0.0100000000002,100.0,3,"[0, 1, 2]",,True,commissioning
13,500,422,3394,0,normal_tightening,1,[0],True,1579,5158123,5159701,1,True,12061.622,12077.922,12061.622,12077.922,16.3,0,0,1578,True,0.010329531052,0.00233839445489,0.0099999999984,0.0400000000009,96.8098159509,2,"[1, 2]",,True,commissioning
13,500,423,2640,0,normal_tightening,1,[0],True,1525,4109241,4110765,1,True,27451.84,27467.08,27451.84,27467.08,15.24,0,0,1524,True,0.01,5.33482024325e-10,0.0099999999984,0.010000000002,100.0,3,"[0, 1, 2]",,True,commissioning
13,500,424,735,0,normal_tightening,1,[0],True,1524,1143995,1145518,1,True,15805.034,15820.274,15805.034,15820.274,15.24,0,0,1523,True,0.0100065659882,0.000256157704535,0.00999999999658,0.0199999999986,99.9343832021,3,"[0, 1, 2]",,True,commissioning
13,500,425,1219,0,normal_tightening,1,[0],True,1739,1889017,1890755,1,True,9314.395,9331.795,9314.395,9331.795,17.4,0,0,1738,True,0.0100115074799,0.00033903152735,0.0099999999984,0.0200000000004,99.8850574713,3,"[0, 1, 2]",,True,commissioning
13,500,426,1201,0,normal_tightening,1,[0],True,1744,1858098,1859841,1,True,8486.034,8503.484,8486.034,8503.484,17.45,0,0,1743,True,0.0100114744693,0.000338545461647,0.0099999999984,0.0200000000004,99.8853868195,2,"[1, 2]",,True,commissioning
13,500,427,118,0,normal_tightening,1,[0],True,1724,189223,190946,1,True,23078.35,23095.58,23078.35,23095.58,17.23,0,0,1723,True,0.01,0.0,0.0099999999984,0.010000000002,100.0,3,"[0, 1, 2]",,True,commissioning
13,500,428,4020,0,normal_tightening,1,[0],True,1716,6130058,6131773,1,True,19822.387,19839.557,19822.387,19839.557,17.17,0,0,1715,True,0.0100116618076,0.000482804467481,0.0099999999984,0.0299999999988,99.8835177635,3,"[0, 1, 2]",,True,commissioning
13,500,429,3398,0,normal_tightening,1,[0],True,1384,5164878,5166261,1,True,12130.182,12144.022,12130.182,12144.022,13.84,0,0,1383,True,0.010007230658,0.000268801595027,0.0099999999984,0.0200000000004,99.9277456647,3,"[0, 1, 2]",,True,commissioning
13,500,430,2928,0,normal_tightening,1,[0],True,1769,4511267,4513035,1,True,6629.668,6648.028,6629.668,6648.028,18.36,0,0,1768,True,0.0103846153846,0.00251088822801,0.0079999999989,0.0599999999959,96.2962962963,3,"[0, 1, 2]",,True,commissioning
13,500,431,3964,0,normal_tightening,1,[0],True,1666,6040877,6042542,1,True,18775.175,18791.825,18775.175,18791.825,16.65,0,0,1665,True,0.01,0.0,0.0099999999984,0.010000000002,100.0,3,"[0, 1, 2]",,True,commissioning
13,500,432,1045,0,normal_tightening,1,[0],True,1427,1622335,1623761,1,True,3200.535,3214.795,3200.535,3214.795,14.26,0,0,1426,True,0.01,0.0,0.00999999999976,0.0100000000002,100.0,3,"[0, 1, 2]",,True,commissioning
13,500,433,3660,0,normal_tightening,1,[0],True,1731,5556855,5558585,1,True,17714.29,17731.59,17714.29,17731.59,17.3,0,0,1730,True,0.01,0.0,0.00999999999476,0.0100000000057,100.0,3,"[0, 1, 2]",,True,commissioning
13,500,434,1292,0,normal_tightening,1,[0],True,1422,2006560,2007981,1,True,6750.285,6764.495,6750.285,6764.495,14.21,0,0,1421,True,0.01,0.0,0.00999999999749,0.0100000000029,100.0,3,"[0, 1, 2]",,True,commissioning
13,500,435,777,0,normal_tightening,1,[0],True,1704,1209391,1211094,1,True,16580.35,16597.39,16580.35,16597.39,17.04,0,0,1703,True,0.0100058719906,0.000242250749801,0.0099999999984,0.0200000000004,99.941314554,3,"[0, 1, 2]",,True,commissioning
13,500,436,1595,0,normal_tightening,1,[0],True,1282,2472613,2473894,1,True,3375.095,3387.905,3375.095,3387.905,12.81,0,0,1281,True,0.01,0.0,0.00999999999976,0.0100000000002,100.0,3,"[0, 1, 2]",,True,commissioning
13,500,437,3030,0,normal_tightening,1,[0],True,1710,4648978,4650687,1,True,8015.268,8032.368,8015.268,8032.368,17.1,0,0,1709,True,0.0100058513751,0.000244233059161,0.00900000000001,0.0200000000032,99.9415204679,3,"[0, 1, 2]",,True,commissioning
13,500,438,171,0,normal_tightening,1,[0],True,1227,270380,271606,1,True,19061.677,19073.947,19061.677,19073.947,12.27,0,0,1226,True,0.0100081566069,0.000285481239819,0.0099999999984,0.0200000000004,99.9185004075,3,"[0, 1, 2]",,True,commissioning
13,500,439,2876,0,normal_tightening,1,[0],True,1737,4444614,4446350,1,True,10498.884,10516.244,10498.884,10516.244,17.36,0,0,1736,True,0.01,6.98491930962e-10,0.0099999999984,0.0100000000039,100.0,3,"[0, 1, 2]",,True,commissioning
13,500,440,3576,0,normal_tightening,1,[0],True,1745,5427735,5429479,1,True,3134.283,3151.723,3134.283,3151.723,17.44,0,0,1744,True,0.01,6.37632978038e-10,0.00999999999976,0.0100000000002,100.0,3,"[0, 1, 2]",,True,commissioning
13,500,441,279,0,normal_tightening,1,[0],True,1284,441029,442312,1,True,1685.39,1698.27,1685.39,1698.27,12.88,0,0,1283,True,0.0100389711613,0.000623051251487,0.00999999999931,0.02,99.6118012422,3,"[0, 1, 2]",,True,commissioning
13,500,442,2089,0,normal_tightening,1,[0],True,1207,3231782,3232988,1,True,20145.641,20157.701,20145.641,20157.701,12.06,0,0,1206,True,0.01,1.06696404865e-09,0.00999999999476,0.0100000000057,100.0,3,"[0, 1, 2]",,True,commissioning
13,500,443,603,0,normal_tightening,1,[0],True,1501,941128,942628,1,True,7717.085,7732.125,7717.085,7732.125,15.04,0,0,1500,True,0.0100266666667,0.000631893099251,0.00999999999749,0.0299999999997,99.7340425532,3,"[0, 1, 2]",,True,commissioning
13,500,444,2776,0,normal_tightening,1,[0],True,1240,4307916,4309155,1,True,9131.904,9144.294,9131.904,9144.294,12.39,0,0,1239,True,0.01,0.0,0.0099999999984,0.0100000000002,100.0,3,"[0, 1, 2]",,True,commissioning
13,500,445,1905,0,normal_tightening,1,[0],True,1450,2946825,2948274,1,True,6607.405,6621.895,6607.405,6621.895,14.49,0,0,1449,True,0.01,0.0,0.00999999999749,0.0100000000029,100.0,3,"[0, 1, 2]",,True,commissioning
13,500,446,999,0,normal_tightening,1,[0],True,1441,1551142,1552582,1,True,1888.374,1902.774,1888.374,1902.774,14.4,0,0,1440,True,0.01,1.35762428279e-09,0.00999999999999,0.0100000000002,100.0,2,"[1, 2]",,True,commissioning
13,500,447,3442,0,normal_tightening,1,[0],True,1438,5229576,5231013,1,True,856.874,871.254,856.874,871.254,14.38,0,0,1437,True,0.0100069589422,0.000263706267525,0.00999999999976,0.02,99.9304589708,3,"[0, 1, 2]",,True,commissioning
13,500,448,1153,0,normal_tightening,1,[0],True,1751,1784556,1786306,1,True,7743.074,7760.574,7743.074,7760.574,17.5,0,0,1750,True,0.01,3.86105942348e-10,0.00999999999749,0.0100000000039,100.0,3,"[0, 1, 2]",,True,commissioning
13,500,449,3438,0,normal_tightening,1,[0],True,1275,5224035,5225309,1,True,801.464,814.204,801.464,814.204,12.74,0,0,1274,True,0.01,1.26994123154e-09,0.00999999999976,0.0100000000002,100.0,3,"[0, 1, 2]",,True,commissioning
13,500,450,727,0,normal_tightening,1,[0],True,1534,1131167,1132700,1,True,15676.724,15692.054,15676.724,15692.054,15.33,0,0,1533,True,0.01,0.0,0.00999999999658,0.0100000000039,100.0,3,"[0, 1, 2]",,True,commissioning
13,500,451,8,0,normal_tightening,1,[0],True,1354,10289,11642,1,True,21286.02,21299.55,21286.02,21299.55,13.53,0,0,1353,True,0.01,9.24017971055e-10,0.0099999999984,0.010000000002,100.0,2,"[1, 2]",,True,commissioning
13,500,452,2740,0,normal_tightening,1,[0],True,1858,4260045,4261902,1,True,8653.174,8671.744,8653.174,8671.744,18.57,0,0,1857,True,0.01,8.78916405522e-10,0.0099999999984,0.010000000002,100.0,3,"[0, 1, 2]",,True,commissioning
13,500,453,3046,0,normal_tightening,1,[0],True,1731,4672352,4674082,1,True,8249.998,8267.318,8249.998,8267.318,17.32,0,0,1730,True,0.0100115606936,0.000341510404133,0.00900000000001,0.0200000000004,99.8845265589,3,"[0, 1, 2]",,True,commissioning
13,500,454,255,0,normal_tightening,1,[0],True,1724,402044,403767,1,True,21318.438,21335.668,21318.438,21335.668,17.23,0,0,1723,True,0.01,0.0,0.00999999999476,0.010000000002,100.0,2,"[1, 2]",,True,commissioning
13,500,455,1793,0,normal_tightening,1,[0],True,1544,2775980,2777523,1,True,16641.86,16657.29,16641.86,16657.29,15.43,0,0,1543,True,0.01,4.50874602679e-10,0.0099999999984,0.010000000002,100.0,3,"[0, 1, 2]",,True,commissioning
13,500,456,2848,0,normal_tightening,1,[0],True,1729,4405608,4407336,1,True,10108.824,10126.104,10108.824,10126.104,17.28,0,0,1728,True,0.01,8.78916405522e-10,0.0099999999984,0.0100000000002,100.0,3,"[0, 1, 2]",,True,commissioning
13,500,457,2031,0,normal_tightening,1,[0],True,1652,3142658,3144309,1,True,18801.237,18817.747,18801.237,18817.747,16.51,0,0,1651,True,0.01,0.0,0.0099999999984,0.010000000002,100.0,3,"[0, 1, 2]",,True,commissioning
13,500,458,3926,0,normal_tightening,1,[0],True,1541,5979960,5981500,1,True,2613.5,2628.9,2613.5,2628.9,15.4,0,0,1540,True,0.01,0.0,0.00999999999976,0.0100000000002,100.0,3,"[0, 1, 2]",,True,commissioning
13,500,459,741,0,normal_tightening,1,[0],True,1524,1153286,1154809,1,True,15898.094,15913.324,15898.094,15913.324,15.23,0,0,1523,True,0.01,0.0,0.00999999999658,0.0100000000039,100.0,3,"[0, 1, 2]",,True,commissioning
13,500,460,3704,0,normal_tightening,1,[0],True,1436,5628343,5629778,1,True,1940.588,1954.948,1940.588,1954.948,14.36,0,0,1435,True,0.0100069686411,0.000263889842913,0.00999999999999,0.02,99.930362117,3,"[0, 1, 2]",,True,commissioning
13,500,461,439,0,normal_tightening,1,[0],True,1860,691046,692905,1,True,6011.144,6029.734,6011.144,6029.734,18.59,0,0,1859,True,0.01,1.15245288897e-09,0.00999999999749,0.0100000000039,100.0,3,"[0, 1, 2]",,True,commissioning
13,500,462,433,0,normal_tightening,1,[0],True,1717,680930,682646,1,True,5909.944,5927.114,5909.944,5927.114,17.17,0,0,1716,True,0.0100058275058,0.000241331925919,0.00999999999749,0.0200000000013,99.9417588818,3,"[0, 1, 2]",,True,commissioning
13,500,463,1601,0,normal_tightening,1,[0],True,1629,2481891,2483519,1,True,3467.875,3484.155,3467.875,3484.155,16.28,0,0,1628,True,0.01,3.29272253991e-10,0.00999999999976,0.0100000000002,100.0,2,"[1, 2]",,True,commissioning
13,500,464,3240,0,normal_tightening,1,[0],True,1741,4929595,4931335,1,True,15708.155,15725.555,15708.155,15725.555,17.4,0,0,1740,True,0.01,9.59985336665e-10,0.00999999999476,0.0100000000057,100.0,2,"[1, 2]",,True,commissioning
13,500,465,3616,0,normal_tightening,1,[0],True,1299,5487299,5488597,1,True,17018.73,17031.71,17018.73,17031.71,12.98,0,0,1298,True,0.01,1.04125029291e-09,0.0099999999984,0.010000000002,100.0,3,"[0, 1, 2]",,True,commissioning
13,500,466,3852,0,normal_tightening,1,[0],True,1541,5857467,5859007,1,True,23175.013,23190.413,23175.013,23190.413,15.4,0,0,1540,True,0.01,4.65661287308e-10,0.0099999999984,0.010000000002,100.0,2,"[1, 2]",,True,commissioning
13,500,467,1641,0,normal_tightening,1,[0],True,1516,2542080,2543595,1,True,4381.691,4396.841,4381.691,4396.841,15.15,0,0,1515,True,0.01,0.0,0.0099999999984,0.0100000000011,100.0,3,"[0, 1, 2]",,True,commissioning
13,500,468,3968,0,normal_tightening,1,[0],True,1308,6047245,6048552,1,True,18838.865,18851.935,18838.865,18851.935,13.07,0,0,1307,True,0.01,1.01488524665e-09,0.0099999999984,0.010000000002,100.0,3,"[0, 1, 2]",,True,commissioning
13,500,469,1935,0,normal_tightening,1,[0],True,1523,2995833,2997355,1,True,7097.645,7112.865,7097.645,7112.865,15.22,0,0,1522,True,0.01,3.49245965481e-10,0.00999999999749,0.0100000000029,100.0,2,"[1, 2]",,True,commissioning
13,500,470,627,0,normal_tightening,1,[0],True,1503,978498,980000,1,True,8944.872,8960.142,8944.872,8960.142,15.27,0,0,1502,True,0.0101664447403,0.00142695862895,0.0099999999984,0.0399999999991,98.3628028815,3,"[0, 1, 2]",,True,commissioning
13,500,471,405,0,normal_tightening,1,[0],True,1726,634201,635926,1,True,4217.507,4234.757,4217.507,4234.757,17.25,0,0,1725,True,0.01,8.78916405522e-10,0.0099999999984,0.0100000000029,100.0,3,"[0, 1, 2]",,True,commissioning
13,500,472,3324,0,normal_tightening,1,[0],True,1301,5050740,5052040,1,True,10895.73,10909.17,10895.73,10909.17,13.44,0,0,1300,True,0.0103384615385,0.00236172637685,0.0099999999984,0.0400000000009,96.7261904762,3,"[0, 1, 2]",,True,commissioning
13,500,473,3980,0,normal_tightening,1,[0],True,1702,6064678,6066379,1,True,19013.205,19030.215,19013.205,19030.215,17.01,0,0,1701,True,0.01,0.0,0.0099999999984,0.010000000002,100.0,3,"[0, 1, 2]",,True,commissioning
13,500,474,3680,0,normal_tightening,1,[0],True,1811,5589145,5590955,1,True,18037.19,18055.29,18037.19,18055.29,18.1,0,0,1810,True,0.01,0.0,0.0099999999984,0.010000000002,100.0,3,"[0, 1, 2]",,True,commissioning
13,500,475,1223,0,normal_tightening,1,[0],True,1714,1895588,1897301,1,True,9380.125,9397.255,9380.125,9397.255,17.13,0,0,1713,True,0.01,8.47516335696e-10,0.0099999999984,0.0100000000002,100.0,3,"[0, 1, 2]",,True,commissioning
13,500,476,2664,0,normal_tightening,1,[0],True,1534,4147784,4149317,1,True,27837.71,27853.04,27837.71,27853.04,15.33,0,0,1533,True,0.01,4.79992668333e-10,0.0099999999984,0.010000000002,100.0,2,"[1, 2]",,True,commissioning
13,500,477,2868,0,normal_tightening,1,[0],True,1711,4433224,4434934,1,True,10384.984,10402.084,10384.984,10402.084,17.1,0,0,1710,True,0.01,8.39482824193e-10,0.0099999999984,0.0100000000002,100.0,3,"[0, 1, 2]",,True,commissioning
13,500,478,1771,0,normal_tightening,1,[0],True,1347,2739979,2741325,1,True,16281.48,16294.94,16281.48,16294.94,13.46,0,0,1346,True,0.01,0.0,0.00999999999476,0.0100000000057,100.0,2,"[1, 2]",,True,commissioning
13,500,479,3724,0,normal_tightening,1,[0],True,914,5657565,5658478,1,True,2232.848,2241.978,2232.848,2241.978,9.13,0,0,913,True,0.01,0.0,0.00999999999976,0.0100000000002,100.0,3,"[0, 1, 2]",,True,commissioning
13,500,480,657,0,normal_tightening,1,[0],True,1295,1022705,1023999,1,True,13722.979,13735.919,13722.979,13735.919,12.94,0,0,1294,True,0.01,0.0,0.00999999999658,0.0100000000039,100.0,3,"[0, 1, 2]",,True,commissioning
13,500,481,3448,0,normal_tightening,1,[0],True,1849,5237215,5239063,1,True,933.274,951.754,933.274,951.754,18.48,0,0,1848,True,0.01,1.62147780382e-09,0.00999999999999,0.0100000000001,100.0,3,"[0, 1, 2]",,True,commissioning
13,500,482,2636,0,normal_tightening,1,[0],True,1404,4103706,4105109,1,True,27396.48,27410.52,27396.48,27410.52,14.04,0,0,1403,True,0.0100071275837,0.000266880188564,0.0099999999984,0.0200000000004,99.9287749288,3,"[0, 1, 2]",,True,commissioning
13,500,483,3566,0,normal_tightening,1,[0],True,1695,5411923,5413617,1,True,2714.754,2731.694,2714.754,2731.694,16.94,0,0,1694,True,0.01,0.0,0.00999999999931,0.0100000000007,100.0,2,"[1, 2]",,True,commissioning
13,500,484,3874,0,normal_tightening,1,[0],True,1446,5895457,5896902,1,True,1101.747,1116.197,1101.747,1116.197,14.45,0,0,1445,True,0.01,1.29110837663e-09,0.00999999999954,0.0100000000004,100.0,3,"[0, 1, 2]",,True,commissioning
13,500,485,3006,0,normal_tightening,1,[0],True,1476,4615331,4616806,1,True,7675.798,7690.568,7675.798,7690.568,14.77,0,0,1475,True,0.010013559322,0.000520579086697,0.00999999999658,0.0300000000016,99.8645903859,3,"[0, 1, 2]",,True,commissioning
13,500,486,4072,0,normal_tightening,1,[0],True,1325,6212329,6213653,1,True,11279.669,11292.929,11279.669,11292.929,13.26,0,0,1324,True,0.0100151057402,0.000388367375611,0.0099999999984,0.0200000000004,99.8491704374,3,"[0, 1, 2]",,True,commissioning
13,500,487,3476,0,normal_tightening,1,[0],True,1950,5280299,5282248,1,True,1398.204,1417.714,1398.204,1417.714,19.51,0,0,1949,True,0.0100102616727,0.000320174053606,0.00999999999954,0.02,99.8974884675,3,"[0, 1, 2]",,True,commissioning
13,500,488,2244,0,normal_tightening,1,[0],True,1534,3473692,3475225,1,True,14112.92,14128.25,14112.92,14128.25,15.33,0,0,1533,True,0.01,2.32830643654e-10,0.00999999999476,0.0100000000057,100.0,3,"[0, 1, 2]",,True,commissioning
13,500,489,3220,0,normal_tightening,1,[0],True,1807,4901597,4903403,1,True,15425.015,15443.575,15425.015,15443.575,18.56,0,0,1806,True,0.010276854928,0.00296356357194,0.00999999999476,0.0699999999997,97.3060344828,2,"[1, 2]",,True,commissioning
13,500,490,2530,0,normal_tightening,1,[0],True,1541,3932876,3934416,1,True,23676.164,23691.574,23676.164,23691.574,15.41,0,0,1540,True,0.0100064935065,0.000254740847269,0.0099999999984,0.0199999999968,99.9351070733,2,"[1, 2]",,True,commissioning
13,500,491,2724,0,normal_tightening,1,[0],True,1717,4237031,4238747,1,True,8423.034,8440.194,8423.034,8440.194,17.16,0,0,1716,True,0.01,6.78812141396e-10,0.0099999999984,0.010000000002,100.0,2,"[1, 2]",,True,commissioning
13,500,492,2242,0,normal_tightening,1,[0],True,1555,3470284,3471838,1,True,14078.84,14094.38,14078.84,14094.38,15.54,0,0,1554,True,0.01,4.50874602679e-10,0.00999999999476,0.0100000000057,100.0,3,"[0, 1, 2]",,True,commissioning
13,500,493,1951,0,normal_tightening,1,[0],True,1306,3018552,3019857,1,True,7325.045,7338.095,7325.045,7338.095,13.05,0,0,1305,True,0.01,0.0,0.00999999999749,0.010000000002,100.0,3,"[0, 1, 2]",,True,commissioning
13,500,494,2093,0,normal_tightening,1,[0],True,1051,3236770,3237820,1,True,20195.521,20206.021,20195.521,20206.021,10.5,0,0,1050,True,0.01,1.02154030318e-09,0.00999999999476,0.0100000000057,100.0,2,"[1, 2]",,True,commissioning
13,500,495,1023,0,normal_tightening,1,[0],True,1571,1586129,1587699,1,True,2238.404,2254.104,2238.404,2254.104,15.7,0,0,1570,True,0.01,0.0,0.00999999999976,0.0100000000002,100.0,3,"[0, 1, 2]",,True,commissioning
13,500,496,1265,0,normal_tightening,1,[0],True,1774,1963400,1965173,1,True,10098.305,10116.115,10098.305,10116.115,17.81,0,0,1773,True,0.0100451212634,0.000670206464816,0.0099999999984,0.0200000000004,99.5508141494,3,"[0, 1, 2]",,True,commissioning
13,500,497,1485,0,normal_tightening,1,[0],True,1330,2307759,2309088,1,True,1110.734,1124.024,1110.734,1124.024,13.29,0,0,1329,True,0.01,1.26994123154e-09,0.00999999999976,0.0100000000004,100.0,3,"[0, 1, 2]",,True,commissioning
13,500,498,3880,0,normal_tightening,1,[0],True,1535,5904698,5906232,1,True,1194.157,1209.497,1194.157,1209.497,15.34,0,0,1534,True,0.01,1.34256698595e-09,0.00999999999954,0.0100000000004,100.0,3,"[0, 1, 2]",,True,commissioning
13,500,499,2772,0,normal_tightening,1,[0],True,1286,4303504,4304789,1,True,9087.784,9100.634,9087.784,9100.634,12.85,0,0,1285,True,0.01,0.0,0.0099999999984,0.0100000000002,100.0,3,"[0, 1, 2]",,True,commissioning
13,500,500,1801,0,normal_tightening,1,[0],True,1310,2789842,2791151,1,True,17105.797,17119.667,17105.797,17119.667,13.87,0,0,1309,True,0.0105958747135,0.00314352593873,0.00999999999476,0.0400000000009,94.3763518385,3,"[0, 1, 2]",,True,commissioning
