protocol_version,seed,N,detector,score_variant,clip,analysis_role,threshold,threshold_rank,finite_sample_alpha_supported,interior_order_statistic,recall,false_positive_rate,success,auroc,auprc,max_to_second_calibration_ratio,threshold_setter_ids,threshold_setter_count,effective_feature_dimension,mean_calibration_clipped_fraction,mean_healthy_clipped_fraction,mean_anomaly_clipped_fraction,target_weight
bounded-robust-whitening-v1.0.0,0,10,TargetOnly,CURRENT_MAHALANOBIS,none,reference,80.7373690017,100,True,False,1,0.01,True,1,1,2.01279216454,1962,1,528,0,0,0,
bounded-robust-whitening-v1.0.0,0,10,RACE,CURRENT_MAHALANOBIS,none,reference,53.8684846199,100,True,False,0.472847682119,0,False,0.977178807947,0.997008262752,1.14192663894,1775,1,542,0,0,0,0.142857142857
bounded-robust-whitening-v1.0.0,0,10,TargetOnly,ROBUST_DIAGONAL,3,primary,39.620794772,100,True,False,0.611920529801,0.03,False,0.92059602649,0.988140227537,1.02197447672,1962,1,512,0.08173828125,0.08056640625,0.202905111755,
bounded-robust-whitening-v1.0.0,0,10,TargetOnly,ROBUST_DIAGONAL,2.5,sensitivity,36.0909730161,100,True,False,0.6,0.03,False,0.915973509934,0.987486476521,1.00878705878,1962,1,512,0.1197265625,0.11615234375,0.256630277318,
bounded-robust-whitening-v1.0.0,0,10,TargetOnly,ROBUST_DIAGONAL,4,sensitivity,45.3949087645,100,True,False,0.609271523179,0.02,False,0.92638410596,0.98890897591,1.03797544616,1962,1,512,0.04134765625,0.0433984375,0.136811879139,
bounded-robust-whitening-v1.0.0,0,10,TargetOnly,BOUNDED_ROBUST_WHITENING,3,primary,24.7804554686,100,True,False,0.499337748344,0,False,0.872516556291,0.981869817918,1.00002296441,1979,1,512,0.00375,0.00466796875,0.0405060016556,1
bounded-robust-whitening-v1.0.0,0,10,TargetOnly,BOUNDED_ROBUST_WHITENING,2.5,sensitivity,23.7431557269,100,True,False,0.521854304636,0,False,0.870357615894,0.98161310588,1.00001816433,1979,1,512,0.005703125,0.00693359375,0.0563741721854,1
bounded-robust-whitening-v1.0.0,0,10,TargetOnly,BOUNDED_ROBUST_WHITENING,4,sensitivity,26.2742473267,100,True,False,0.543046357616,0,False,0.878185430464,0.982719835589,1.00132024671,2017,1,512,0.00228515625,0.0027734375,0.0224492963576,1
bounded-robust-whitening-v1.0.0,0,10,RACE,BOUNDED_ROBUST_WHITENING,3,primary,8.09813853174,100,True,False,0.0291390728477,0,False,0.290013245033,0.844400896344,1.05043873256,1938,1,512,0.00458984375,0.0048046875,0.00325951986755,0.142857142857
bounded-robust-whitening-v1.0.0,0,10,RACE,BOUNDED_ROBUST_WHITENING,2.5,sensitivity,7.34613712801,100,True,False,0.0172185430464,0,False,0.287364238411,0.83669013542,1.02485057499,1938,1,512,0.00716796875,0.007265625,0.00421150662252,0.142857142857
bounded-robust-whitening-v1.0.0,0,10,RACE,BOUNDED_ROBUST_WHITENING,4,sensitivity,8.81028466238,100,True,False,0.120529801325,0,False,0.309748344371,0.858256615712,1.03077237944,2017,1,512,0.00240234375,0.0022265625,0.00196347268212,0.142857142857
bounded-robust-whitening-v1.0.0,0,25,TargetOnly,CURRENT_MAHALANOBIS,none,reference,77.9892657633,100,True,False,1,0.01,True,1,1,1.88441383714,1962,1,531,0,0,0,
bounded-robust-whitening-v1.0.0,0,25,RACE,CURRENT_MAHALANOBIS,none,reference,54.5249929639,100,True,False,0.427814569536,0,False,0.999390728477,0.999917142193,1.21018741013,1775,1,542,0,0,0,0.294117647059
bounded-robust-whitening-v1.0.0,0,25,TargetOnly,ROBUST_DIAGONAL,3,primary,37.4072078959,100,True,False,0.349668874172,0,False,0.971960264901,0.995719903353,1.11897231646,1962,1,513,0.0357115009747,0.0341520467836,0.131195538515,
bounded-robust-whitening-v1.0.0,0,25,TargetOnly,ROBUST_DIAGONAL,2.5,sensitivity,34.2495562067,100,True,False,0.33642384106,0,False,0.966410596026,0.994942865465,1.10353631243,1962,1,513,0.0544639376218,0.0506627680312,0.171583852936,
bounded-robust-whitening-v1.0.0,0,25,TargetOnly,ROBUST_DIAGONAL,4,sensitivity,42.4103956282,100,True,False,0.35761589404,0,False,0.977761589404,0.996578492231,1.16471055401,1962,1,513,0.0211111111111,0.0207212475634,0.0866116726695,
bounded-robust-whitening-v1.0.0,0,25,TargetOnly,BOUNDED_ROBUST_WHITENING,3,primary,36.9277647744,100,True,False,0.451655629139,0,False,0.908556291391,0.986636145949,1.00273356732,2017,1,513,0.00849902534113,0.0113840155945,0.128771155261,1
bounded-robust-whitening-v1.0.0,0,25,TargetOnly,BOUNDED_ROBUST_WHITENING,2.5,sensitivity,33.5294753874,100,True,False,0.433112582781,0,False,0.909364238411,0.986602564837,1.00334733206,2017,1,513,0.0120272904483,0.016081871345,0.16101880898,1
bounded-robust-whitening-v1.0.0,0,25,TargetOnly,BOUNDED_ROBUST_WHITENING,4,sensitivity,41.8444070745,100,True,False,0.558940397351,0,False,0.906026490066,0.986501951523,1.00173150185,2017,1,513,0.0041910331384,0.00575048732943,0.0795889650543,1
bounded-robust-whitening-v1.0.0,0,25,RACE,BOUNDED_ROBUST_WHITENING,3,primary,7.13799377095,100,True,False,0.139072847682,0,False,0.527072847682,0.918881965533,1.06026118451,2017,1,513,0.00126705653021,0.00130604288499,0.00218943237417,0.294117647059
bounded-robust-whitening-v1.0.0,0,25,RACE,BOUNDED_ROBUST_WHITENING,2.5,sensitivity,6.55021690359,100,True,False,0.144370860927,0,False,0.524701986755,0.917940442908,1.00388581885,2017,1,513,0.00245614035088,0.00263157894737,0.00342873371803,0.294117647059
bounded-robust-whitening-v1.0.0,0,25,RACE,BOUNDED_ROBUST_WHITENING,4,sensitivity,7.54926803155,100,True,False,0.161589403974,0,False,0.538119205298,0.920457074744,1.0734010949,2017,1,513,0.000272904483431,0.000233918128655,0.000890747840905,0.294117647059
bounded-robust-whitening-v1.0.0,0,50,TargetOnly,CURRENT_MAHALANOBIS,none,reference,84.4890842171,100,True,False,1,0.01,True,1,1,2.20992118673,1962,1,532,0,0,0,
bounded-robust-whitening-v1.0.0,0,50,RACE,CURRENT_MAHALANOBIS,none,reference,58.968150207,100,True,False,0.402649006623,0,False,0.999695364238,0.999959106052,1.23044212097,1775,1,542,0,0,0,0.454545454545
bounded-robust-whitening-v1.0.0,0,50,TargetOnly,ROBUST_DIAGONAL,3,primary,36.744716629,100,True,False,0.350993377483,0,False,0.970092715232,0.995440882422,1.10315486199,1962,1,514,0.0296498054475,0.0282684824903,0.119893318216,
bounded-robust-whitening-v1.0.0,0,50,TargetOnly,ROBUST_DIAGONAL,2.5,sensitivity,33.6432814544,100,True,False,0.343046357616,0,False,0.964953642384,0.994731017341,1.08356093137,1962,1,514,0.045,0.0416147859922,0.159352694102,
bounded-robust-whitening-v1.0.0,0,50,TargetOnly,ROBUST_DIAGONAL,4,sensitivity,41.4916838223,100,True,False,0.35761589404,0,False,0.97582781457,0.996291428046,1.1659661289,1962,1,514,0.0191439688716,0.0186186770428,0.0789213286263,
bounded-robust-whitening-v1.0.0,0,50,TargetOnly,BOUNDED_ROBUST_WHITENING,3,primary,6.12428890298,100,True,False,0.479470198675,0.01,False,0.881298013245,0.983368971055,1.06918616897,1899,1,514,0.000350194552529,0.000233463035019,0.00307934135594,1
bounded-robust-whitening-v1.0.0,0,50,TargetOnly,BOUNDED_ROBUST_WHITENING,2.5,sensitivity,5.8979940659,100,True,False,0.459602649007,0.01,False,0.876463576159,0.982763962772,1.11199294478,1899,1,514,0.00079766536965,0.00068093385214,0.00484448681939,1
bounded-robust-whitening-v1.0.0,0,50,TargetOnly,BOUNDED_ROBUST_WHITENING,4,sensitivity,6.12428890298,100,True,False,0.53642384106,0.02,False,0.880781456954,0.98305789645,1.02880893139,1899,1,514,1.94552529183e-05,1.94552529183e-05,0.00157961192568,1
bounded-robust-whitening-v1.0.0,0,50,RACE,BOUNDED_ROBUST_WHITENING,3,primary,5.77856736076,100,True,False,0.27417218543,0.01,False,0.64378807947,0.94162891018,1.01518308524,1792,1,514,0.000778210116732,0.000544747081712,0.00187595021517,0.454545454545
bounded-robust-whitening-v1.0.0,0,50,RACE,BOUNDED_ROBUST_WHITENING,2.5,sensitivity,5.56340882022,100,True,False,0.245033112583,0,False,0.64378807947,0.940207618738,1.02007847083,1995,1,514,0.00175097276265,0.00153696498054,0.00291957636509,0.454545454545
bounded-robust-whitening-v1.0.0,0,50,RACE,BOUNDED_ROBUST_WHITENING,4,sensitivity,6.27698117723,100,True,False,0.227814569536,0,False,0.641801324503,0.942518514556,1.03822545078,1899,1,514,0.000155642023346,0,0.000646790527482,0.454545454545
bounded-robust-whitening-v1.0.0,0,100,TargetOnly,CURRENT_MAHALANOBIS,none,reference,81.5119052158,100,True,False,1,0.01,True,1,1,1.98275992081,1962,1,533,0,0,0,
bounded-robust-whitening-v1.0.0,0,100,RACE,CURRENT_MAHALANOBIS,none,reference,28.9278928097,100,True,False,1,0.01,True,0.999947019868,0.999992978098,1.05378385398,1962,1,542,0,0,0,0.625
bounded-robust-whitening-v1.0.0,0,100,TargetOnly,ROBUST_DIAGONAL,3,primary,35.4607073788,100,True,False,0.365562913907,0,False,0.97442384106,0.996131049268,1.09699852556,1962,1,513,0.02522417154,0.0234307992203,0.109329615429,
bounded-robust-whitening-v1.0.0,0,100,TargetOnly,ROBUST_DIAGONAL,2.5,sensitivity,32.5719838604,100,True,False,0.36821192053,0,False,0.969377483444,0.99539227895,1.06892032111,1962,1,513,0.0367641325536,0.0347173489279,0.14441475285,
bounded-robust-whitening-v1.0.0,0,100,TargetOnly,ROBUST_DIAGONAL,4,sensitivity,39.7208484938,100,True,False,0.374834437086,0,False,0.97940397351,0.996856653245,1.16846601294,1962,1,513,0.01738791423,0.0163352826511,0.0717529659321,
bounded-robust-whitening-v1.0.0,0,100,TargetOnly,BOUNDED_ROBUST_WHITENING,3,primary,5.76030605562,100,True,False,0.491390728477,0,False,0.865880794702,0.981392912281,1.02959966301,1764,1,513,0.000175438596491,5.84795321637e-05,0.00314730903786,1
bounded-robust-whitening-v1.0.0,0,100,TargetOnly,BOUNDED_ROBUST_WHITENING,2.5,sensitivity,5.29222342707,100,True,False,0.501986754967,0,False,0.861470198675,0.980554414202,1.00525015164,1707,1,513,0.00056530214425,0.000448343079922,0.00457766933891,1
bounded-robust-whitening-v1.0.0,0,100,TargetOnly,BOUNDED_ROBUST_WHITENING,4,sensitivity,5.91542163006,100,True,False,0.496688741722,0,False,0.866609271523,0.981541638084,1.05732508969,1764,1,513,1.94931773879e-05,0,0.00140712340085,1
bounded-robust-whitening-v1.0.0,0,100,RACE,BOUNDED_ROBUST_WHITENING,3,primary,5.39265738152,100,True,False,0.323178807947,0,False,0.781774834437,0.967416441515,1.01993027955,1764,1,513,0.000350877192982,0.000194931773879,0.00206550223978,0.625
bounded-robust-whitening-v1.0.0,0,100,RACE,BOUNDED_ROBUST_WHITENING,2.5,sensitivity,5.14093153275,100,True,False,0.320529801325,0.01,False,0.786092715232,0.967899035118,1.00186723835,1785,1,513,0.000818713450292,0.00101364522417,0.00330996733925,0.625
bounded-robust-whitening-v1.0.0,0,100,RACE,BOUNDED_ROBUST_WHITENING,4,sensitivity,5.4624152393,100,True,False,0.343046357616,0.01,False,0.786013245033,0.968235587631,1.00455923036,1764,1,513,7.79727095517e-05,1.94931773879e-05,0.000947549152499,0.625
bounded-robust-whitening-v1.0.0,1,10,TargetOnly,CURRENT_MAHALANOBIS,none,reference,21907.4031655,100,True,False,0.56821192053,0.01,False,0.952887417219,0.992014502687,1.00000774398,1994,1,529,0,0,0,
bounded-robust-whitening-v1.0.0,1,10,RACE,CURRENT_MAHALANOBIS,none,reference,55.4414048614,100,True,False,0.466225165563,0,False,0.971205298013,0.995295424923,1.24070150449,1771,1,542,0,0,0,0.142857142857
bounded-robust-whitening-v1.0.0,1,10,TargetOnly,ROBUST_DIAGONAL,3,primary,41.1897788564,100,True,False,0.320529801325,0,False,0.908291390728,0.986110229874,1.00856797031,2020,1,518,0.0704247104247,0.0699613899614,0.171134521466,
bounded-robust-whitening-v1.0.0,1,10,TargetOnly,ROBUST_DIAGONAL,2.5,sensitivity,37.4885888209,100,True,False,0.296688741722,0,False,0.896900662252,0.98425454319,1.01026067593,2020,1,518,0.104459459459,0.104903474903,0.222030734614,
bounded-robust-whitening-v1.0.0,1,10,TargetOnly,ROBUST_DIAGONAL,4,sensitivity,46.9345756969,100,True,False,0.362913907285,0,False,0.922609271523,0.988474260322,1.00348387852,1962,1,518,0.039555984556,0.0370656370656,0.110455393899,
bounded-robust-whitening-v1.0.0,1,10,TargetOnly,BOUNDED_ROBUST_WHITENING,3,primary,17.9992843382,100,True,False,0.27417218543,0,False,0.810304635762,0.971977334691,1.06803060239,2016,1,518,0.00451737451737,0.00459459459459,0.0219233424531,1
bounded-robust-whitening-v1.0.0,1,10,TargetOnly,BOUNDED_ROBUST_WHITENING,2.5,sensitivity,16.5903519395,100,True,False,0.276821192053,0,False,0.807072847682,0.971281328186,1.05701199351,2016,1,518,0.00666023166023,0.00720077220077,0.0282006699225,1
bounded-robust-whitening-v1.0.0,1,10,TargetOnly,BOUNDED_ROBUST_WHITENING,4,sensitivity,20.1257025314,100,True,False,0.290066225166,0,False,0.81417218543,0.97265347024,1.06006483666,2016,1,518,0.00245173745174,0.00266409266409,0.0155232810862,1
bounded-robust-whitening-v1.0.0,1,10,RACE,BOUNDED_ROBUST_WHITENING,3,primary,7.66242266643,100,True,False,0.0317880794702,0,False,0.258463576159,0.825093119658,1.03447140753,1965,1,518,0.00366795366795,0.00368725868726,0.00241376665218,0.142857142857
bounded-robust-whitening-v1.0.0,1,10,RACE,BOUNDED_ROBUST_WHITENING,2.5,sensitivity,6.70542475307,100,True,False,0.035761589404,0,False,0.266635761589,0.826767908433,1.00653974799,1965,1,518,0.00563706563707,0.00571428571429,0.00336239740213,0.142857142857
bounded-robust-whitening-v1.0.0,1,10,RACE,BOUNDED_ROBUST_WHITENING,4,sensitivity,8.86151885234,100,True,False,0.0225165562914,0,False,0.26821192053,0.841016460733,1.03631168382,1965,1,518,0.0022972972973,0.00218146718147,0.00158531284359,0.142857142857
bounded-robust-whitening-v1.0.0,1,25,TargetOnly,CURRENT_MAHALANOBIS,none,reference,110.466576365,100,True,False,1,0,True,1,1,1.82401845459,1840,1,529,0,0,0,
bounded-robust-whitening-v1.0.0,1,25,RACE,CURRENT_MAHALANOBIS,none,reference,56.9127846499,100,True,False,0.405298013245,0,False,0.989205298013,0.997975322598,1.59984394619,1771,1,542,0,0,0,0.294117647059
bounded-robust-whitening-v1.0.0,1,25,TargetOnly,ROBUST_DIAGONAL,3,primary,36.6561502865,100,True,False,0.361589403974,0,False,0.957311258278,0.993825441476,1.04046860552,1962,1,515,0.0385631067961,0.0360582524272,0.125709509419,
bounded-robust-whitening-v1.0.0,1,25,TargetOnly,ROBUST_DIAGONAL,2.5,sensitivity,33.6360690526,100,True,False,0.345695364238,0,False,0.948052980132,0.992434417242,1.01928853245,1962,1,515,0.0560776699029,0.0552427184466,0.162579566643,
bounded-robust-whitening-v1.0.0,1,25,TargetOnly,ROBUST_DIAGONAL,4,sensitivity,41.3997101267,100,True,False,0.37880794702,0,False,0.967801324503,0.995437558689,1.06337262475,1962,1,515,0.0253786407767,0.0233203883495,0.0860721404231,
bounded-robust-whitening-v1.0.0,1,25,TargetOnly,BOUNDED_ROBUST_WHITENING,3,primary,8.60616650767,100,True,False,0.0807947019868,0,False,0.786039735099,0.966710513476,1.04238936659,1742,1,515,0.0032427184466,0.00227184466019,0.00536745322446,1
bounded-robust-whitening-v1.0.0,1,25,TargetOnly,BOUNDED_ROBUST_WHITENING,2.5,sensitivity,7.59243976131,100,True,False,0.0993377483444,0,False,0.773350993377,0.964265076504,1.02138839637,1742,1,515,0.00431067961165,0.00353398058252,0.00703401273066,1
bounded-robust-whitening-v1.0.0,1,25,TargetOnly,BOUNDED_ROBUST_WHITENING,4,sensitivity,10.1915614395,100,True,False,0.0807947019868,0,False,0.794264900662,0.968268196245,1.04456144796,1742,1,515,0.00159223300971,0.00106796116505,0.00327653828843,1
bounded-robust-whitening-v1.0.0,1,25,RACE,BOUNDED_ROBUST_WHITENING,3,primary,7.47529810843,100,True,False,0.135099337748,0,False,0.453668874172,0.90094129255,1.02121956979,1915,1,515,0.00256310679612,0.00209708737864,0.00275702436829,0.294117647059
bounded-robust-whitening-v1.0.0,1,25,RACE,BOUNDED_ROBUST_WHITENING,2.5,sensitivity,6.92651240432,100,True,False,0.111258278146,0,False,0.457933774834,0.899162988466,1.01510140196,1915,1,515,0.00401941747573,0.00427184466019,0.00403523435993,0.294117647059
bounded-robust-whitening-v1.0.0,1,25,RACE,BOUNDED_ROBUST_WHITENING,4,sensitivity,8.41064863774,100,True,False,0.132450331126,0,False,0.463774834437,0.905793124932,1.02184650769,1947,1,515,0.00073786407767,0.000543689320388,0.00108274930882,0.294117647059
bounded-robust-whitening-v1.0.0,1,50,TargetOnly,CURRENT_MAHALANOBIS,none,reference,124.333535204,100,True,False,1,0,True,1,1,1.94962746999,1840,1,532,0,0,0,
bounded-robust-whitening-v1.0.0,1,50,RACE,CURRENT_MAHALANOBIS,none,reference,61.244336514,100,True,False,0.397350993377,0,False,0.989099337748,0.997905095546,1.77974681627,1771,1,542,0,0,0,0.454545454545
bounded-robust-whitening-v1.0.0,1,50,TargetOnly,ROBUST_DIAGONAL,3,primary,35.2917916281,100,True,False,0.419867549669,0,False,0.971933774834,0.996195766654,1.03265935403,1962,1,514,0.0287159533074,0.0268677042802,0.115293632592,
bounded-robust-whitening-v1.0.0,1,50,TargetOnly,ROBUST_DIAGONAL,2.5,sensitivity,32.4854765279,100,True,False,0.415894039735,0,False,0.963377483444,0.994989826456,1.03006421908,1962,1,514,0.0425291828794,0.0417120622568,0.15243641611,
bounded-robust-whitening-v1.0.0,1,50,TargetOnly,ROBUST_DIAGONAL,4,sensitivity,39.6733614965,100,True,False,0.418543046358,0,False,0.980569536424,0.997409518889,1.0283904935,1962,1,514,0.0200583657588,0.0182490272374,0.0769113819672,
bounded-robust-whitening-v1.0.0,1,50,TargetOnly,BOUNDED_ROBUST_WHITENING,3,primary,6.34978097959,100,True,False,0.392052980132,0,False,0.813059602649,0.972912522344,1.01224460286,1742,1,514,0.00056420233463,0.00068093385214,0.00317726183421,1
bounded-robust-whitening-v1.0.0,1,50,TargetOnly,BOUNDED_ROBUST_WHITENING,2.5,sensitivity,6.04284491302,100,True,False,0.33642384106,0,False,0.809907284768,0.972507860185,1.01981442493,1742,1,514,0.00110894941634,0.00107003891051,0.00456103280336,1
bounded-robust-whitening-v1.0.0,1,50,TargetOnly,BOUNDED_ROBUST_WHITENING,4,sensitivity,7.0082371063,100,True,False,0.341721854305,0,False,0.80961589404,0.972146262882,1.01879712455,1773,1,514,0.000194552529183,0.000175097276265,0.00150745999433,1
bounded-robust-whitening-v1.0.0,1,50,RACE,BOUNDED_ROBUST_WHITENING,3,primary,6.56795081862,100,True,False,0.154966887417,0,False,0.568490066225,0.923891400296,1.0235657596,1929,1,514,0.00068093385214,0.000700389105058,0.00184760481356,0.454545454545
bounded-robust-whitening-v1.0.0,1,50,RACE,BOUNDED_ROBUST_WHITENING,2.5,sensitivity,6.07756257169,100,True,False,0.14701986755,0,False,0.561099337748,0.919828145399,1.00985252556,1929,1,514,0.00151750972763,0.00177042801556,0.00294019120262,0.454545454545
bounded-robust-whitening-v1.0.0,1,50,RACE,BOUNDED_ROBUST_WHITENING,4,sensitivity,7.19277248632,100,True,False,0.161589403974,0,False,0.567986754967,0.924876622134,1.03630534058,1929,1,514,0.00011673151751,7.78210116732e-05,0.000649367382173,0.454545454545
bounded-robust-whitening-v1.0.0,1,100,TargetOnly,CURRENT_MAHALANOBIS,none,reference,121.449331787,100,True,False,1,0,True,1,1,1.84949672762,1840,1,533,0,0,0,
bounded-robust-whitening-v1.0.0,1,100,RACE,CURRENT_MAHALANOBIS,none,reference,70.3697544588,100,True,False,0.384105960265,0,False,0.988675496689,0.997782565854,2.06928727132,1771,1,542,0,0,0,0.625
bounded-robust-whitening-v1.0.0,1,100,TargetOnly,ROBUST_DIAGONAL,3,primary,36.5680114162,100,True,False,0.341721854305,0,False,0.968516556291,0.995514561463,1.06871836935,1962,1,513,0.027037037037,0.0247173489279,0.113995068613,
bounded-robust-whitening-v1.0.0,1,100,TargetOnly,ROBUST_DIAGONAL,2.5,sensitivity,33.6124189167,100,True,False,0.323178807947,0,False,0.961284768212,0.994492469111,1.05481012969,1962,1,513,0.0430799220273,0.0401559454191,0.153846352452,
bounded-robust-whitening-v1.0.0,1,100,TargetOnly,ROBUST_DIAGONAL,4,sensitivity,41.2927236447,100,True,False,0.345695364238,0,False,0.976688741722,0.996737572894,1.07579341025,1962,1,513,0.0176023391813,0.0161598440546,0.0740327640293,
bounded-robust-whitening-v1.0.0,1,100,TargetOnly,BOUNDED_ROBUST_WHITENING,3,primary,6.38927863369,100,True,False,0.307284768212,0,False,0.871841059603,0.98207743005,1.04321670021,1742,1,513,0.000214424951267,0.000155945419103,0.0028245743129,1
bounded-robust-whitening-v1.0.0,1,100,TargetOnly,BOUNDED_ROBUST_WHITENING,2.5,sensitivity,5.98357012023,100,True,False,0.295364238411,0,False,0.872291390728,0.982183305851,1.05224621951,1742,1,513,0.000701754385965,0.000487329434698,0.00418264203555,1
bounded-robust-whitening-v1.0.0,1,100,TargetOnly,BOUNDED_ROBUST_WHITENING,4,sensitivity,6.68416777113,100,True,False,0.320529801325,0,False,0.872397350993,0.982258382988,1.00187922687,1742,1,513,3.89863547758e-05,0,0.00111537120948,1
bounded-robust-whitening-v1.0.0,1,100,RACE,BOUNDED_ROBUST_WHITENING,3,primary,6.2439091594,100,True,False,0.202649006623,0,False,0.758344370861,0.962091822916,1.09186540901,1742,1,513,0.000428849902534,0.000292397660819,0.00154654480203,0.625
bounded-robust-whitening-v1.0.0,1,100,RACE,BOUNDED_ROBUST_WHITENING,2.5,sensitivity,5.54404199036,100,True,False,0.262251655629,0,False,0.755801324503,0.961493461084,1.0250824243,1742,1,513,0.00101364522417,0.000916179337232,0.00258187779972,0.625
bounded-robust-whitening-v1.0.0,1,100,RACE,BOUNDED_ROBUST_WHITENING,4,sensitivity,6.70939223938,100,True,False,0.196026490066,0,False,0.758463576159,0.962277679064,1.07021126539,1742,1,513,1.94931773879e-05,0,0.000640305694331,0.625
bounded-robust-whitening-v1.0.0,2,10,TargetOnly,CURRENT_MAHALANOBIS,none,reference,41.7265927398,100,True,False,1,0.04,False,0.990026490066,0.99288399346,1.0392073055,1720,1,526,0,0,0,
bounded-robust-whitening-v1.0.0,2,10,RACE,CURRENT_MAHALANOBIS,none,reference,56.6310175216,100,True,False,0.495364238411,0.02,False,0.753456953642,0.963700075563,1.23647978196,1797,1,542,0,0,0,0.142857142857
bounded-robust-whitening-v1.0.0,2,10,TargetOnly,ROBUST_DIAGONAL,3,primary,35.2129931107,100,True,False,0.705960264901,0.03,False,0.946344370861,0.991954706384,1.00274662337,1716,1,512,0.061015625,0.065546875,0.163627897351,
bounded-robust-whitening-v1.0.0,2,10,TargetOnly,ROBUST_DIAGONAL,2.5,sensitivity,32.6205107177,100,True,False,0.675496688742,0.03,False,0.938582781457,0.990811019478,1.00425069388,1720,1,512,0.089609375,0.0928515625,0.207688327815,
bounded-robust-whitening-v1.0.0,2,10,TargetOnly,ROBUST_DIAGONAL,4,sensitivity,39.5190700829,100,True,False,0.719205298013,0.03,False,0.952476821192,0.992812359357,1.01601530016,1716,1,512,0.035,0.038515625,0.110420115894,
bounded-robust-whitening-v1.0.0,2,10,TargetOnly,BOUNDED_ROBUST_WHITENING,3,primary,16.3556471745,100,True,False,0.475496688742,0,False,0.796847682119,0.970394418613,1.04323537468,1725,1,512,0.0157421875,0.01453125,0.0373525455298,1
bounded-robust-whitening-v1.0.0,2,10,TargetOnly,BOUNDED_ROBUST_WHITENING,2.5,sensitivity,14.4503353353,100,True,False,0.459602649007,0,False,0.798940397351,0.970805294313,1.05390342246,1725,1,512,0.02185546875,0.02095703125,0.0438638245033,1
bounded-robust-whitening-v1.0.0,2,10,TargetOnly,BOUNDED_ROBUST_WHITENING,4,sensitivity,19.0217321423,100,True,False,0.472847682119,0.01,False,0.798543046358,0.970561653373,1.00778108008,1725,1,512,0.006953125,0.00609375,0.027519660596,1
bounded-robust-whitening-v1.0.0,2,10,RACE,BOUNDED_ROBUST_WHITENING,3,primary,7.39675681058,100,True,False,0.0344370860927,0,False,0.412556291391,0.876033745858,1.00041594235,2014,1,512,0.00201171875,0.00185546875,0.00151593543046,0.142857142857
bounded-robust-whitening-v1.0.0,2,10,RACE,BOUNDED_ROBUST_WHITENING,2.5,sensitivity,6.77202296187,100,True,False,0.0238410596026,0,False,0.433536423841,0.880146091056,1.0233451282,1991,1,512,0.003359375,0.00298828125,0.00220923013245,0.142857142857
bounded-robust-whitening-v1.0.0,2,10,RACE,BOUNDED_ROBUST_WHITENING,4,sensitivity,8.45363265134,100,True,False,0.0251655629139,0,False,0.396741721854,0.874648846743,1.08470790404,2014,1,512,0.0008984375,0.00087890625,0.000843336092715,0.142857142857
bounded-robust-whitening-v1.0.0,2,25,TargetOnly,CURRENT_MAHALANOBIS,none,reference,21955.1620942,100,True,False,0.553642384106,0.02,False,0.962092715232,0.992502708038,1.00000363174,1707,1,531,0,0,0,
bounded-robust-whitening-v1.0.0,2,25,RACE,CURRENT_MAHALANOBIS,none,reference,46.2137527442,100,True,False,0.513907284768,0.03,False,0.981046357616,0.996402323312,1.29975257314,1797,1,542,0,0,0,0.294117647059
bounded-robust-whitening-v1.0.0,2,25,TargetOnly,ROBUST_DIAGONAL,3,primary,31.4483247112,100,True,False,0.802649006623,0.06,False,0.955562913907,0.993090584848,1.00294333375,1982,1,512,0.03431640625,0.03796875,0.131076676325,
bounded-robust-whitening-v1.0.0,2,25,TargetOnly,ROBUST_DIAGONAL,2.5,sensitivity,29.7725662099,100,True,False,0.766887417219,0.06,False,0.947814569536,0.991942631123,1.00555235229,1982,1,512,0.051796875,0.0553515625,0.171559395695,
bounded-robust-whitening-v1.0.0,2,25,TargetOnly,ROBUST_DIAGONAL,4,sensitivity,34.0836427094,100,True,False,0.83178807947,0.06,False,0.962543046358,0.994099519134,1.00997239472,1720,1,512,0.02134765625,0.023359375,0.0864936879139,
bounded-robust-whitening-v1.0.0,2,25,TargetOnly,BOUNDED_ROBUST_WHITENING,3,primary,18.1196456911,100,True,False,0.606622516556,0.04,False,0.823006622517,0.97500084953,1.00069668914,1707,1,512,0.00294921875,0.0026953125,0.0235720198675,1
bounded-robust-whitening-v1.0.0,2,25,TargetOnly,BOUNDED_ROBUST_WHITENING,2.5,sensitivity,17.2082072456,100,True,False,0.607947019868,0.03,False,0.821086092715,0.974696910234,1.00261506379,1713,1,512,0.0037109375,0.00357421875,0.0300237996689,1
bounded-robust-whitening-v1.0.0,2,25,TargetOnly,BOUNDED_ROBUST_WHITENING,4,sensitivity,19.5657313851,100,True,False,0.606622516556,0.05,False,0.826622516556,0.975578241393,1.00010222713,1717,1,512,0.001484375,0.00130859375,0.0141633899007,1
bounded-robust-whitening-v1.0.0,2,25,RACE,BOUNDED_ROBUST_WHITENING,3,primary,7.21412345002,100,True,False,0.139072847682,0,False,0.50178807947,0.902085715554,1.05916804737,1991,1,512,0.00271484375,0.0026171875,0.00335264900662,0.294117647059
bounded-robust-whitening-v1.0.0,2,25,RACE,BOUNDED_ROBUST_WHITENING,2.5,sensitivity,6.61767158086,100,True,False,0.139072847682,0,False,0.506834437086,0.902416021183,1.06286481563,1991,1,512,0.00369140625,0.00333984375,0.00431498344371,0.294117647059
bounded-robust-whitening-v1.0.0,2,25,RACE,BOUNDED_ROBUST_WHITENING,4,sensitivity,8.17699003051,100,True,False,0.131125827815,0,False,0.455523178808,0.892387647685,1.06570117185,1991,1,512,0.00205078125,0.00203125,0.00150817466887,0.294117647059
bounded-robust-whitening-v1.0.0,2,50,TargetOnly,CURRENT_MAHALANOBIS,none,reference,52.6689697875,100,True,False,1,0.03,False,0.990026490066,0.99288399346,1.34001747522,1742,1,531,0,0,0,
bounded-robust-whitening-v1.0.0,2,50,RACE,CURRENT_MAHALANOBIS,none,reference,48.464938874,100,True,False,0.509933774834,0.03,False,0.980781456954,0.996251514659,1.36574425025,1797,1,542,0,0,0,0.454545454545
bounded-robust-whitening-v1.0.0,2,50,TargetOnly,ROBUST_DIAGONAL,3,primary,29.5819492764,100,True,False,0.825165562914,0.06,False,0.959006622517,0.993476976515,1.01675556837,1982,1,511,0.0245009784736,0.0285909980431,0.112927515196,
bounded-robust-whitening-v1.0.0,2,50,TargetOnly,ROBUST_DIAGONAL,2.5,sensitivity,28.2641026166,100,True,False,0.796026490066,0.06,False,0.952198675497,0.992511395776,1.01678787589,1982,1,511,0.0371624266145,0.0415459882583,0.15007322352,
bounded-robust-whitening-v1.0.0,2,50,TargetOnly,ROBUST_DIAGONAL,4,sensitivity,31.4495619634,100,True,False,0.864900662252,0.05,False,0.964966887417,0.994345988977,1.00954902654,1717,1,511,0.0159491193738,0.0183757338552,0.0736589727971,
bounded-robust-whitening-v1.0.0,2,50,TargetOnly,BOUNDED_ROBUST_WHITENING,3,primary,6.63085820647,100,True,False,0.362913907285,0.03,False,0.828013245033,0.968397721741,1.02082216466,1707,1,511,0.000626223091977,0.00041095890411,0.0031959150348,1
bounded-robust-whitening-v1.0.0,2,50,TargetOnly,BOUNDED_ROBUST_WHITENING,2.5,sensitivity,5.9867480212,100,True,False,0.403973509934,0.05,False,0.821589403974,0.967107942012,1.02758215678,1707,1,511,0.00125244618395,0.00105675146771,0.0046370575809,1
bounded-robust-whitening-v1.0.0,2,50,TargetOnly,BOUNDED_ROBUST_WHITENING,4,sensitivity,7.3926588357,100,True,False,0.319205298013,0.02,False,0.831668874172,0.971691756024,1.02029040718,1742,1,511,0.000234833659491,7.82778864971e-05,0.00155778178095,1
bounded-robust-whitening-v1.0.0,2,50,RACE,BOUNDED_ROBUST_WHITENING,3,primary,7.09935510932,100,True,False,0.123178807947,0.01,False,0.55357615894,0.920143474104,1.02681209295,1742,1,511,0.000763209393346,0.000763209393346,0.00196731509441,0.454545454545
bounded-robust-whitening-v1.0.0,2,50,RACE,BOUNDED_ROBUST_WHITENING,2.5,sensitivity,6.89039236476,100,True,False,0.0701986754967,0,False,0.549894039735,0.918640714936,1.11288556644,1742,1,511,0.00207436399217,0.00213307240705,0.00283303741527,0.454545454545
bounded-robust-whitening-v1.0.0,2,50,RACE,BOUNDED_ROBUST_WHITENING,4,sensitivity,7.57633440182,100,True,False,0.149668874172,0.01,False,0.572940397351,0.924971064613,1.0234265144,1742,1,511,0.00041095890411,0.000371819960861,0.00113269656951,0.454545454545
bounded-robust-whitening-v1.0.0,2,100,TargetOnly,CURRENT_MAHALANOBIS,none,reference,47.0582596266,100,True,False,1,0.03,False,0.990026490066,0.99288399346,1.06811021523,1742,1,532,0,0,0,
bounded-robust-whitening-v1.0.0,2,100,RACE,CURRENT_MAHALANOBIS,none,reference,56.3531418161,100,True,False,0.499337748344,0.03,False,0.980344370861,0.996107869398,1.56937458038,1797,1,542,0,0,0,0.625
bounded-robust-whitening-v1.0.0,2,100,TargetOnly,ROBUST_DIAGONAL,3,primary,28.4896422648,100,True,False,0.839735099338,0.06,False,0.961761589404,0.993796398987,1.01653150366,1982,1,512,0.02052734375,0.0237109375,0.104946192053,
bounded-robust-whitening-v1.0.0,2,100,TargetOnly,ROBUST_DIAGONAL,2.5,sensitivity,27.5452578505,100,True,False,0.797350993377,0.06,False,0.956490066225,0.993022375185,1.02461738532,1982,1,512,0.0312109375,0.03578125,0.140268004967,
bounded-robust-whitening-v1.0.0,2,100,TargetOnly,ROBUST_DIAGONAL,4,sensitivity,30.1323104291,100,True,False,0.875496688742,0.07,False,0.96761589404,0.994676065084,1.00267771312,1982,1,512,0.01470703125,0.016953125,0.0680592922185,
bounded-robust-whitening-v1.0.0,2,100,TargetOnly,BOUNDED_ROBUST_WHITENING,3,primary,6.10483969557,100,True,False,0.335099337748,0.01,False,0.828741721854,0.96970477513,1.01222638615,1742,1,512,0.00015625,0.00025390625,0.00245757450331,1
bounded-robust-whitening-v1.0.0,2,100,TargetOnly,BOUNDED_ROBUST_WHITENING,2.5,sensitivity,5.90822920074,100,True,False,0.288741721854,0.01,False,0.82740397351,0.969547144878,1.00538624561,1707,1,512,0.000546875,0.0006640625,0.00380018625828,1
bounded-robust-whitening-v1.0.0,2,100,TargetOnly,BOUNDED_ROBUST_WHITENING,4,sensitivity,6.65350041021,100,True,False,0.282119205298,0.01,False,0.831112582781,0.971866916201,1.10319828387,1742,1,512,1.953125e-05,0,0.00103476821192,1
bounded-robust-whitening-v1.0.0,2,100,RACE,BOUNDED_ROBUST_WHITENING,3,primary,5.8219824121,100,True,False,0.255629139073,0.02,False,0.747801324503,0.958818634608,1.0007324961,1742,1,512,0.00015625,0.0003515625,0.00184188741722,0.625
bounded-robust-whitening-v1.0.0,2,100,RACE,BOUNDED_ROBUST_WHITENING,2.5,sensitivity,5.75886259033,100,True,False,0.22119205298,0.01,False,0.744238410596,0.958515705923,1.03190378983,1915,1,512,0.0008203125,0.00080078125,0.00299565397351,0.625
bounded-robust-whitening-v1.0.0,2,100,RACE,BOUNDED_ROBUST_WHITENING,4,sensitivity,6.39495732642,100,True,False,0.222516556291,0.02,False,0.749258278146,0.958919167381,1.09922036082,1742,1,512,1.953125e-05,5.859375e-05,0.000757967715232,0.625
bounded-robust-whitening-v1.0.0,3,10,TargetOnly,CURRENT_MAHALANOBIS,none,reference,21819.6772007,100,True,False,0.466225165563,0,False,0.965523178808,0.994090055039,1.00001062198,1764,1,528,0,0,0,
bounded-robust-whitening-v1.0.0,3,10,RACE,CURRENT_MAHALANOBIS,none,reference,58.7879567257,100,True,False,0.423841059603,0,False,0.895271523179,0.985977281193,1.59717745671,1861,1,542,0,0,0,0.142857142857
bounded-robust-whitening-v1.0.0,3,10,TargetOnly,ROBUST_DIAGONAL,3,primary,43.5846436756,100,True,False,0.255629139073,0,False,0.907006622517,0.985204826184,1.02434930022,1962,1,516,0.0797674418605,0.0783527131783,0.196093228605,
bounded-robust-whitening-v1.0.0,3,10,TargetOnly,ROBUST_DIAGONAL,2.5,sensitivity,38.9492898948,100,True,False,0.258278145695,0,False,0.89459602649,0.983165685675,1.01731558293,1962,1,516,0.117364341085,0.119786821705,0.250875301607,
bounded-robust-whitening-v1.0.0,3,10,TargetOnly,ROBUST_DIAGONAL,4,sensitivity,50.6960638917,100,True,False,0.280794701987,0,False,0.925761589404,0.988384444355,1.0387834679,1962,1,516,0.0416279069767,0.0419573643411,0.128723240413,
bounded-robust-whitening-v1.0.0,3,10,TargetOnly,BOUNDED_ROBUST_WHITENING,3,primary,19.0100308794,100,True,False,0.449006622517,0.04,False,0.793178807947,0.968146033801,1.00632206829,1722,1,516,0.00910852713178,0.0119573643411,0.0421222855383,1
bounded-robust-whitening-v1.0.0,3,10,TargetOnly,BOUNDED_ROBUST_WHITENING,2.5,sensitivity,16.9044305921,100,True,False,0.456953642384,0.04,False,0.789721854305,0.96765011737,1.000104769,1721,1,516,0.0107945736434,0.0139728682171,0.0476564505365,1
bounded-robust-whitening-v1.0.0,3,10,TargetOnly,BOUNDED_ROBUST_WHITENING,4,sensitivity,22.9455345744,100,True,False,0.435761589404,0.04,False,0.793708609272,0.968088340809,1.01233300081,1722,1,516,0.00602713178295,0.00759689922481,0.0321962113045,1
bounded-robust-whitening-v1.0.0,3,10,RACE,BOUNDED_ROBUST_WHITENING,3,primary,7.73420225105,100,True,False,0.0264900662252,0.03,False,0.297880794702,0.829624474328,1.09365373657,1899,1,516,0.00387596899225,0.00399224806202,0.00270804456081,0.142857142857
bounded-robust-whitening-v1.0.0,3,10,RACE,BOUNDED_ROBUST_WHITENING,2.5,sensitivity,6.97765287149,100,True,False,0.0105960264901,0.02,False,0.297271523179,0.826688988786,1.08811533182,1899,1,516,0.00515503875969,0.00563953488372,0.00358847990143,0.142857142857
bounded-robust-whitening-v1.0.0,3,10,RACE,BOUNDED_ROBUST_WHITENING,4,sensitivity,8.25642644237,100,True,False,0.0887417218543,0.05,False,0.298860927152,0.842772308352,1.02403642834,1899,1,516,0.00271317829457,0.0027519379845,0.00180194055136,0.142857142857
bounded-robust-whitening-v1.0.0,3,25,TargetOnly,CURRENT_MAHALANOBIS,none,reference,75.4647965793,100,True,False,1,0,True,1,1,1.79671129338,1962,1,530,0,0,0,
bounded-robust-whitening-v1.0.0,3,25,RACE,CURRENT_MAHALANOBIS,none,reference,30.6189051414,100,True,False,0.956291390728,0,True,0.999920529801,0.999989508801,1.11952024115,1861,1,542,0,0,0,0.294117647059
bounded-robust-whitening-v1.0.0,3,25,TargetOnly,ROBUST_DIAGONAL,3,primary,39.5685013124,100,True,False,0.286092715232,0,False,0.951284768212,0.992533085047,1.07025414757,1962,1,514,0.0401556420233,0.0405642023346,0.144370860927,
bounded-robust-whitening-v1.0.0,3,25,TargetOnly,ROBUST_DIAGONAL,2.5,sensitivity,36.0573415072,100,True,False,0.27417218543,0,False,0.940781456954,0.990853765943,1.04525595588,1962,1,514,0.0643385214008,0.0659143968872,0.18811296931,
bounded-robust-whitening-v1.0.0,3,25,TargetOnly,ROBUST_DIAGONAL,4,sensitivity,44.8871608651,100,True,False,0.320529801325,0,False,0.965033112583,0.994734477421,1.11615009747,1962,1,514,0.0238326848249,0.023326848249,0.0974746824027,
bounded-robust-whitening-v1.0.0,3,25,TargetOnly,BOUNDED_ROBUST_WHITENING,3,primary,8.87443833297,100,True,False,0.264900662252,0.02,False,0.774344370861,0.964913865081,1.04492426328,1810,1,514,0.00200389105058,0.00206225680934,0.00748060916845,1
bounded-robust-whitening-v1.0.0,3,25,TargetOnly,BOUNDED_ROBUST_WHITENING,2.5,sensitivity,8.04726355404,100,True,False,0.251655629139,0.02,False,0.753231788079,0.959570251163,1.02242406861,1810,1,514,0.00332684824903,0.00344357976654,0.00944417244312,1
bounded-robust-whitening-v1.0.0,3,25,TargetOnly,BOUNDED_ROBUST_WHITENING,4,sensitivity,9.76259317326,100,True,False,0.360264900662,0.03,False,0.80017218543,0.970630464294,1.07336575467,1810,1,514,0.000622568093385,0.000642023346304,0.00467183755508,1
bounded-robust-whitening-v1.0.0,3,25,RACE,BOUNDED_ROBUST_WHITENING,3,primary,7.08618414899,100,True,False,0.140397350993,0.04,False,0.412132450331,0.884752891815,1.01300392087,1929,1,514,0.00103112840467,0.00103112840467,0.00184245110418,0.294117647059
bounded-robust-whitening-v1.0.0,3,25,RACE,BOUNDED_ROBUST_WHITENING,2.5,sensitivity,6.70507232096,100,True,False,0.101986754967,0.04,False,0.412768211921,0.878322867765,1.00709932645,1929,1,514,0.00264591439689,0.00299610894942,0.00318499239828,0.294117647059
bounded-robust-whitening-v1.0.0,3,25,RACE,BOUNDED_ROBUST_WHITENING,4,sensitivity,7.25493918538,100,True,False,0.17880794702,0.06,False,0.424503311258,0.891237475647,1.01962604505,1929,1,514,5.83657587549e-05,5.83657587549e-05,0.000662251655629,0.294117647059
bounded-robust-whitening-v1.0.0,3,50,TargetOnly,CURRENT_MAHALANOBIS,none,reference,76.542156498,100,True,False,1,0,True,1,1,1.98767867572,1962,1,532,0,0,0,
bounded-robust-whitening-v1.0.0,3,50,RACE,CURRENT_MAHALANOBIS,none,reference,29.7263027307,100,True,False,0.996026490066,0,True,0.999973509934,0.999996500652,1.12504168621,1861,1,542,0,0,0,0.454545454545
bounded-robust-whitening-v1.0.0,3,50,TargetOnly,ROBUST_DIAGONAL,3,primary,38.2282735915,100,True,False,0.305960264901,0,False,0.953986754967,0.993150358763,1.0850231906,1962,1,514,0.0327237354086,0.0314980544747,0.128049063313,
bounded-robust-whitening-v1.0.0,3,50,TargetOnly,ROBUST_DIAGONAL,2.5,sensitivity,35.1091734614,100,True,False,0.286092715232,0,False,0.944119205298,0.991628633985,1.06258750721,1962,1,514,0.0518482490272,0.0499416342412,0.169245239261,
bounded-robust-whitening-v1.0.0,3,50,TargetOnly,ROBUST_DIAGONAL,4,sensitivity,43.3669729858,100,True,False,0.324503311258,0,False,0.964278145695,0.994789591176,1.14456266898,1962,1,514,0.0206420233463,0.0200194552529,0.0834153632077,
bounded-robust-whitening-v1.0.0,3,50,TargetOnly,BOUNDED_ROBUST_WHITENING,3,primary,7.0588475355,100,True,False,0.328476821192,0.01,False,0.836463576159,0.97529210946,1.00991531832,1753,1,514,0.000603112840467,0.000719844357977,0.00396320251501,1
bounded-robust-whitening-v1.0.0,3,50,TargetOnly,BOUNDED_ROBUST_WHITENING,2.5,sensitivity,6.65787717891,100,True,False,0.251655629139,0,False,0.833602649007,0.974406368556,1.02336146722,1753,1,514,0.00145914396887,0.00167315175097,0.00615868271188,1
bounded-robust-whitening-v1.0.0,3,50,TargetOnly,BOUNDED_ROBUST_WHITENING,4,sensitivity,7.77709023748,100,True,False,0.335099337748,0,False,0.838490066225,0.975933640486,1.07149713632,1764,1,514,3.89105058366e-05,0.000136186770428,0.00192748730899,1
bounded-robust-whitening-v1.0.0,3,50,RACE,BOUNDED_ROBUST_WHITENING,3,primary,6.86494442839,100,True,False,0.137748344371,0.03,False,0.585894039735,0.924722531493,1.02607693988,1801,1,514,0.000661478599222,0.000544747081712,0.0018965650527,0.454545454545
bounded-robust-whitening-v1.0.0,3,50,RACE,BOUNDED_ROBUST_WHITENING,2.5,sensitivity,6.52844086598,100,True,False,0.109933774834,0,False,0.591006622517,0.924299797955,1.02745686613,1801,1,514,0.00239299610895,0.00250972762646,0.00318499239828,0.454545454545
bounded-robust-whitening-v1.0.0,3,50,RACE,BOUNDED_ROBUST_WHITENING,4,sensitivity,7.29166882181,100,True,False,0.173509933775,0.01,False,0.598821192053,0.929671464239,1.03196396714,1753,1,514,5.83657587549e-05,9.72762645914e-05,0.000757595279202,0.454545454545
bounded-robust-whitening-v1.0.0,3,100,TargetOnly,CURRENT_MAHALANOBIS,none,reference,45.8954458752,100,True,False,1,0,True,1,1,1.22776673739,1962,1,533,0,0,0,
bounded-robust-whitening-v1.0.0,3,100,RACE,CURRENT_MAHALANOBIS,none,reference,30.2595284573,100,True,False,0.997350993377,0,True,0.999986754967,0.999998248011,1.10384088033,1861,1,542,0,0,0,0.625
bounded-robust-whitening-v1.0.0,3,100,TargetOnly,ROBUST_DIAGONAL,3,primary,35.9353356449,100,True,False,0.360264900662,0,False,0.96638410596,0.995027036129,1.0951368006,1962,1,512,0.02755859375,0.026796875,0.114771316225,
bounded-robust-whitening-v1.0.0,3,100,TargetOnly,ROBUST_DIAGONAL,2.5,sensitivity,33.1024862855,100,True,False,0.349668874172,0,False,0.957801324503,0.993734897668,1.07229537141,1962,1,512,0.041796875,0.03966796875,0.151823778974,
bounded-robust-whitening-v1.0.0,3,100,TargetOnly,ROBUST_DIAGONAL,4,sensitivity,40.4840402074,100,True,False,0.369536423841,0,False,0.97642384106,0.996606205725,1.15907968845,1962,1,512,0.01873046875,0.01826171875,0.0752612789735,
bounded-robust-whitening-v1.0.0,3,100,TargetOnly,BOUNDED_ROBUST_WHITENING,3,primary,5.99188728525,100,True,False,0.509933774834,0.02,False,0.865907284768,0.980588826762,1.0989933663,1764,1,512,0.00017578125,0.00021484375,0.00306550082781,1
bounded-robust-whitening-v1.0.0,3,100,TargetOnly,BOUNDED_ROBUST_WHITENING,2.5,sensitivity,5.75783928563,100,True,False,0.521854304636,0.02,False,0.866357615894,0.980250891752,1.10451314011,1764,1,512,0.00056640625,0.000859375,0.00487893211921,1
bounded-robust-whitening-v1.0.0,3,100,TargetOnly,BOUNDED_ROBUST_WHITENING,4,sensitivity,6.01429662366,100,True,False,0.574834437086,0.03,False,0.865562913907,0.980627381887,1.08671382253,1764,1,512,0,1.953125e-05,0.00140469784768,1
bounded-robust-whitening-v1.0.0,3,100,RACE,BOUNDED_ROBUST_WHITENING,3,primary,5.72151668689,100,True,False,0.364238410596,0.02,False,0.748476821192,0.960221827958,1.01853616837,1801,1,512,0.0002734375,0.0003515625,0.00204366721854,0.625
bounded-robust-whitening-v1.0.0,3,100,RACE,BOUNDED_ROBUST_WHITENING,2.5,sensitivity,5.49289332569,100,True,False,0.364238410596,0.04,False,0.748079470199,0.960463740376,1.00309873758,1764,1,512,0.0006640625,0.00099609375,0.00329056291391,0.625
bounded-robust-whitening-v1.0.0,3,100,RACE,BOUNDED_ROBUST_WHITENING,4,sensitivity,6.1231808427,100,True,False,0.308609271523,0,False,0.751814569536,0.960306874611,1.05021307585,1929,1,512,3.90625e-05,0,0.000941639072848,0.625
bounded-robust-whitening-v1.0.0,4,10,TargetOnly,CURRENT_MAHALANOBIS,none,reference,7757.1865768,100,True,False,0.00264900662252,0,False,1,1,136.94006772,1710,1,522,0,0,0,
bounded-robust-whitening-v1.0.0,4,10,RACE,CURRENT_MAHALANOBIS,none,reference,67.9455715294,100,True,False,0.407947019868,0,False,0.734450331126,0.96154121584,1.15195064809,1861,1,542,0,0,0,0.142857142857
bounded-robust-whitening-v1.0.0,4,10,TargetOnly,ROBUST_DIAGONAL,3,primary,36.2625334589,100,True,False,0.582781456954,0,False,0.959443708609,0.994218794393,1.02401026628,1710,1,510,0.0560196078431,0.0566470588235,0.159719516946,
bounded-robust-whitening-v1.0.0,4,10,TargetOnly,ROBUST_DIAGONAL,2.5,sensitivity,33.2015454151,100,True,False,0.565562913907,0,False,0.950370860927,0.992832756908,1.01299898561,1710,1,510,0.0830196078431,0.0830784313725,0.202984028048,
bounded-robust-whitening-v1.0.0,4,10,TargetOnly,ROBUST_DIAGONAL,4,sensitivity,40.8403676655,100,True,False,0.615894039735,0,False,0.969364238411,0.9957186867,1.03035559543,1710,1,510,0.0322941176471,0.0326274509804,0.108650824568,
bounded-robust-whitening-v1.0.0,4,10,TargetOnly,BOUNDED_ROBUST_WHITENING,3,primary,15.3054890522,100,True,False,0.279470198675,0.04,False,0.696582781457,0.949875754178,1.00295188242,1743,1,510,0.0150196078431,0.0166862745098,0.0276405661602,1
bounded-robust-whitening-v1.0.0,4,10,TargetOnly,BOUNDED_ROBUST_WHITENING,2.5,sensitivity,13.3350120852,100,True,False,0.291390728477,0.04,False,0.70101986755,0.951167027607,1.00122018521,1743,1,510,0.0183921568627,0.0203333333333,0.0319542916504,1
bounded-robust-whitening-v1.0.0,4,10,TargetOnly,BOUNDED_ROBUST_WHITENING,4,sensitivity,18.7752782506,100,True,False,0.251655629139,0.03,False,0.699748344371,0.950839608225,1.00232848192,1743,1,510,0.00829411764706,0.00909803921569,0.0189559797429,1
bounded-robust-whitening-v1.0.0,4,10,RACE,BOUNDED_ROBUST_WHITENING,3,primary,6.86454694115,100,True,False,0.0754966887417,0,False,0.410119205298,0.885753288574,1.01090413507,1929,1,510,0.00166666666667,0.00190196078431,0.00126477080899,0.142857142857
bounded-robust-whitening-v1.0.0,4,10,RACE,BOUNDED_ROBUST_WHITENING,2.5,sensitivity,6.43890787694,100,True,False,0.0622516556291,0,False,0.42080794702,0.88801622027,1.02340179474,1935,1,510,0.00262745098039,0.00262745098039,0.00248019737696,0.142857142857
bounded-robust-whitening-v1.0.0,4,10,RACE,BOUNDED_ROBUST_WHITENING,4,sensitivity,7.35120224551,100,True,False,0.0860927152318,0,False,0.387907284768,0.879304665879,1.04095940951,2021,1,510,0.000470588235294,0.000352941176471,0.000358395013635,0.142857142857
bounded-robust-whitening-v1.0.0,4,25,TargetOnly,CURRENT_MAHALANOBIS,none,reference,30071.0600544,100,True,False,0.14701986755,0,False,0.958953642384,0.991810142418,1.04511853759,1710,1,530,0,0,0,
bounded-robust-whitening-v1.0.0,4,25,RACE,CURRENT_MAHALANOBIS,none,reference,56.3332299847,100,True,False,0.407947019868,0,False,0.993933774834,0.998799742592,1.23421277299,1861,1,542,0,0,0,0.294117647059
bounded-robust-whitening-v1.0.0,4,25,TargetOnly,ROBUST_DIAGONAL,3,primary,34.7307240482,100,True,False,0.531125827815,0,False,0.968251655629,0.995614792034,1.04413391569,1710,1,512,0.0355859375,0.035546875,0.132295115894,
bounded-robust-whitening-v1.0.0,4,25,TargetOnly,ROBUST_DIAGONAL,2.5,sensitivity,32.0897299789,100,True,False,0.511258278146,0,False,0.962291390728,0.994745899434,1.03062273196,1710,1,512,0.05390625,0.0525,0.171057533113,
bounded-robust-whitening-v1.0.0,4,25,TargetOnly,ROBUST_DIAGONAL,4,sensitivity,38.819942367,100,True,False,0.539072847682,0,False,0.974582781457,0.996520459454,1.07712589334,1710,1,512,0.021953125,0.02201171875,0.0886873965232,
bounded-robust-whitening-v1.0.0,4,25,TargetOnly,BOUNDED_ROBUST_WHITENING,3,primary,7.20348536921,100,True,False,0.495364238411,0.02,False,0.829748344371,0.974890006451,1.00908894225,1781,1,512,0.0015234375,0.001484375,0.00613100165563,1
bounded-robust-whitening-v1.0.0,4,25,TargetOnly,BOUNDED_ROBUST_WHITENING,2.5,sensitivity,6.72456154083,100,True,False,0.43178807947,0.03,False,0.818582781457,0.972707271295,1.01051448662,1973,1,512,0.00279296875,0.00265625,0.00799358443709,1
bounded-robust-whitening-v1.0.0,4,25,TargetOnly,BOUNDED_ROBUST_WHITENING,4,sensitivity,8.17782725997,100,True,False,0.451655629139,0.02,False,0.831337748344,0.975407175698,1.0549401576,1769,1,512,0.00041015625,0.0005078125,0.00339921357616,1
bounded-robust-whitening-v1.0.0,4,25,RACE,BOUNDED_ROBUST_WHITENING,3,primary,6.49361682816,100,True,False,0.132450331126,0,False,0.475841059603,0.898367836821,1.00591837475,1929,1,512,0.00123046875,0.00103515625,0.00138658940397,0.294117647059
bounded-robust-whitening-v1.0.0,4,25,RACE,BOUNDED_ROBUST_WHITENING,2.5,sensitivity,6.36653685184,100,True,False,0.101986754967,0,False,0.491430463576,0.900390394643,1.02666149779,1991,1,512,0.0024609375,0.0019921875,0.0023178807947,0.294117647059
bounded-robust-whitening-v1.0.0,4,25,RACE,BOUNDED_ROBUST_WHITENING,4,sensitivity,7.3537174033,100,True,False,0.121854304636,0,False,0.460490066225,0.897571059938,1.02439885566,1929,1,512,7.8125e-05,0.00017578125,0.00051997102649,0.294117647059
bounded-robust-whitening-v1.0.0,4,50,TargetOnly,CURRENT_MAHALANOBIS,none,reference,9665.48846047,100,True,False,0.00264900662252,0,False,1,1,254.194664222,1710,1,531,0,0,0,
bounded-robust-whitening-v1.0.0,4,50,RACE,CURRENT_MAHALANOBIS,none,reference,59.5765088606,100,True,False,0.394701986755,0.01,False,0.993920529801,0.998763857072,1.26084598571,1861,1,542,0,0,0,0.454545454545
bounded-robust-whitening-v1.0.0,4,50,TargetOnly,ROBUST_DIAGONAL,3,primary,33.1714738326,100,True,False,0.529801324503,0,False,0.970887417219,0.995975863605,1.03073038907,1710,1,513,0.0243859649123,0.023567251462,0.112941662471,
bounded-robust-whitening-v1.0.0,4,50,TargetOnly,ROBUST_DIAGONAL,2.5,sensitivity,31.2027800004,100,True,False,0.504635761589,0,False,0.963377483444,0.994886243431,1.02489318965,1710,1,513,0.0374074074074,0.035828460039,0.14930741128,
bounded-robust-whitening-v1.0.0,4,50,TargetOnly,ROBUST_DIAGONAL,4,sensitivity,36.2199428539,100,True,False,0.564238410596,0,False,0.979933774834,0.997273164903,1.05172009021,1710,1,513,0.015477582846,0.0148343079922,0.0752927203955,
bounded-robust-whitening-v1.0.0,4,50,TargetOnly,BOUNDED_ROBUST_WHITENING,3,primary,8.07897561495,100,True,False,0.153642384106,0,False,0.838675496689,0.976339031036,1.20595085796,1710,1,513,0.000682261208577,0.000662768031189,0.00406387565677,1
bounded-robust-whitening-v1.0.0,4,50,TargetOnly,BOUNDED_ROBUST_WHITENING,2.5,sensitivity,7.79479025833,100,True,False,0.0728476821192,0,False,0.841205298013,0.977006787164,1.30207939757,1710,1,513,0.00130604288499,0.00132553606238,0.00594348269496,1
bounded-robust-whitening-v1.0.0,4,50,TargetOnly,BOUNDED_ROBUST_WHITENING,4,sensitivity,8.50116738965,100,True,False,0.184105960265,0,False,0.833761589404,0.974950682109,1.11177558459,1710,1,513,0.000175438596491,0.000175438596491,0.00208615726218,1
bounded-robust-whitening-v1.0.0,4,50,RACE,BOUNDED_ROBUST_WHITENING,3,primary,6.80553732341,100,True,False,0.145695364238,0,False,0.47140397351,0.901200059474,1.04024437219,1710,1,513,0.00124756335283,0.0012865497076,0.0027755186347,0.454545454545
bounded-robust-whitening-v1.0.0,4,50,RACE,BOUNDED_ROBUST_WHITENING,2.5,sensitivity,6.55977567224,100,True,False,0.108609271523,0,False,0.451960264901,0.895023935744,1.06219497489,1710,1,513,0.00276803118908,0.00251461988304,0.00403805687877,0.454545454545
bounded-robust-whitening-v1.0.0,4,50,RACE,BOUNDED_ROBUST_WHITENING,4,sensitivity,7.30173529103,100,True,False,0.154966887417,0,False,0.520768211921,0.91662634661,1.00560808989,1710,1,513,0.000214424951267,0.000292397660819,0.00143810593445,0.454545454545
bounded-robust-whitening-v1.0.0,4,100,TargetOnly,CURRENT_MAHALANOBIS,none,reference,12343.8282107,100,True,False,0.00264900662252,0,False,1,1,315.539919442,1710,1,534,0,0,0,
bounded-robust-whitening-v1.0.0,4,100,RACE,CURRENT_MAHALANOBIS,none,reference,37.8929330203,100,True,False,0.809271523179,0,False,0.999960264901,0.999994737067,1.13390434234,1710,1,542,0,0,0,0.625
bounded-robust-whitening-v1.0.0,4,100,TargetOnly,ROBUST_DIAGONAL,3,primary,31.7117094958,100,True,False,0.602649006623,0,False,0.974741721854,0.996425608929,1.04365945464,1710,1,513,0.023216374269,0.0225341130604,0.109311542285,
bounded-robust-whitening-v1.0.0,4,100,TargetOnly,ROBUST_DIAGONAL,2.5,sensitivity,29.7032881213,100,True,False,0.6,0,False,0.968794701987,0.995522462303,1.02214202016,1710,1,513,0.0339376218324,0.0342105263158,0.14428565896,
bounded-robust-whitening-v1.0.0,4,100,TargetOnly,ROBUST_DIAGONAL,4,sensitivity,34.8720870019,100,True,False,0.611920529801,0,False,0.981496688742,0.997433674804,1.07545711109,1710,1,513,0.0162573099415,0.0157699805068,0.0722151220583,
bounded-robust-whitening-v1.0.0,4,100,TargetOnly,BOUNDED_ROBUST_WHITENING,3,primary,12.4640790959,100,True,False,0.00264900662252,0,False,0.872834437086,0.981948147196,1.97350810083,1710,1,513,0.000292397660819,0.000331384015595,0.00434788221473,1
bounded-robust-whitening-v1.0.0,4,100,TargetOnly,BOUNDED_ROBUST_WHITENING,2.5,sensitivity,12.1557569317,100,True,False,0.00264900662252,0,False,0.874291390728,0.981998075818,2.00815990461,1710,1,513,0.00101364522417,0.000955165692008,0.00595381020616,1
bounded-robust-whitening-v1.0.0,4,100,TargetOnly,BOUNDED_ROBUST_WHITENING,4,sensitivity,13.0135801265,100,True,False,0.00794701986755,0,False,0.870741721854,0.981700629183,2.0591444798,1710,1,513,9.74658869396e-05,7.79727095517e-05,0.00192608083859,1
bounded-robust-whitening-v1.0.0,4,100,RACE,BOUNDED_ROBUST_WHITENING,3,primary,7.646020378,100,True,False,0.154966887417,0,False,0.803033112583,0.970610186865,1.32292022292,1710,1,513,0.000721247563353,0.000682261208577,0.0027987555349,0.625
bounded-robust-whitening-v1.0.0,4,100,RACE,BOUNDED_ROBUST_WHITENING,2.5,sensitivity,6.58718598342,100,True,False,0.185430463576,0,False,0.81042384106,0.971935137001,1.18974410396,1710,1,513,0.00153996101365,0.00155945419103,0.00446923047132,0.625
bounded-robust-whitening-v1.0.0,4,100,RACE,BOUNDED_ROBUST_WHITENING,4,sensitivity,8.71275730571,100,True,False,0.141721854305,0,False,0.793682119205,0.968369162838,1.36896316872,1710,1,513,0.000116959064327,7.79727095517e-05,0.00120573693247,0.625
bounded-robust-whitening-v1.0.0,5,10,TargetOnly,CURRENT_MAHALANOBIS,none,reference,44.4553548825,100,True,False,1,0.02,False,0.99501986755,0.999089779946,1.00714344039,1909,1,527,0,0,0,
bounded-robust-whitening-v1.0.0,5,10,RACE,CURRENT_MAHALANOBIS,none,reference,56.9734738132,100,True,False,0.459602649007,0.01,False,0.94298013245,0.991784265161,1.18332005905,1771,1,542,0,0,0,0.142857142857
bounded-robust-whitening-v1.0.0,5,10,TargetOnly,ROBUST_DIAGONAL,3,primary,41.5230436573,100,True,False,0.52582781457,0.02,False,0.895231788079,0.984267352385,1.03025232811,1733,1,513,0.0999805068226,0.0984210526316,0.218713450292,
bounded-robust-whitening-v1.0.0,5,10,TargetOnly,ROBUST_DIAGONAL,2.5,sensitivity,37.3223799536,100,True,False,0.520529801325,0.02,False,0.884754966887,0.982728077066,1.02389722576,1733,1,513,0.140994152047,0.139220272904,0.269470585957,
bounded-robust-whitening-v1.0.0,5,10,TargetOnly,ROBUST_DIAGONAL,4,sensitivity,47.8084238864,100,True,False,0.55761589404,0.01,False,0.910834437086,0.986566565181,1.02690130599,1733,1,513,0.0564132553606,0.0562573099415,0.153412596982,
bounded-robust-whitening-v1.0.0,5,10,TargetOnly,BOUNDED_ROBUST_WHITENING,3,primary,12.9211788722,100,True,False,0.320529801325,0.02,False,0.76961589404,0.962793447119,1.05738150761,1760,1,513,0.004522417154,0.00588693957115,0.0152020964848,1
bounded-robust-whitening-v1.0.0,5,10,TargetOnly,BOUNDED_ROBUST_WHITENING,2.5,sensitivity,11.8169495881,100,True,False,0.250331125828,0.02,False,0.767735099338,0.961952701156,1.05297674249,1760,1,513,0.0075828460039,0.00904483430799,0.0190749131844,1
bounded-robust-whitening-v1.0.0,5,10,TargetOnly,BOUNDED_ROBUST_WHITENING,4,sensitivity,13.9881921379,100,True,False,0.390728476821,0.03,False,0.786251655629,0.96557317365,1.00028412621,1760,1,513,0.00210526315789,0.00247563352827,0.0103249293211,1
bounded-robust-whitening-v1.0.0,5,10,RACE,BOUNDED_ROBUST_WHITENING,3,primary,8.28710487519,100,True,False,0.0688741721854,0,False,0.280317880795,0.845952135602,1.00682017498,1900,1,513,0.00524366471735,0.00491228070175,0.00364819333101,0.142857142857
bounded-robust-whitening-v1.0.0,5,10,RACE,BOUNDED_ROBUST_WHITENING,2.5,sensitivity,7.53570354014,100,True,False,0.0476821192053,0,False,0.285801324503,0.844971760365,1.01249867019,1900,1,513,0.00651072124756,0.00672514619883,0.0047067632289,0.142857142857
bounded-robust-whitening-v1.0.0,5,10,RACE,BOUNDED_ROBUST_WHITENING,4,sensitivity,9.42819306004,100,True,False,0.115231788079,0,False,0.269841059603,0.843413058864,1.00496302243,1960,1,513,0.0037037037037,0.00387914230019,0.00234434504215,0.142857142857
bounded-robust-whitening-v1.0.0,5,25,TargetOnly,CURRENT_MAHALANOBIS,none,reference,43.0229259476,100,True,False,1,0.02,False,1,1,1.03818219527,1954,1,533,0,0,0,
bounded-robust-whitening-v1.0.0,5,25,RACE,CURRENT_MAHALANOBIS,none,reference,58.5365694544,100,True,False,0.42119205298,0,False,0.988238410596,0.997753070911,1.26596243306,1771,1,542,0,0,0,0.294117647059
bounded-robust-whitening-v1.0.0,5,25,TargetOnly,ROBUST_DIAGONAL,3,primary,34.1840839836,100,True,False,0.65298013245,0.02,False,0.95557615894,0.993229834936,1.03722322263,1979,1,512,0.03759765625,0.03869140625,0.140482719371,
bounded-robust-whitening-v1.0.0,5,25,TargetOnly,ROBUST_DIAGONAL,2.5,sensitivity,31.4732828496,100,True,False,0.654304635762,0.02,False,0.946913907285,0.9920106221,1.01355571959,1979,1,512,0.05740234375,0.0605859375,0.182427048841,
bounded-robust-whitening-v1.0.0,5,25,TargetOnly,ROBUST_DIAGONAL,4,sensitivity,37.6238145863,100,True,False,0.690066225166,0.02,False,0.966264900662,0.994696806918,1.03672660295,1979,1,512,0.022109375,0.02220703125,0.0944277731788,
bounded-robust-whitening-v1.0.0,5,25,TargetOnly,BOUNDED_ROBUST_WHITENING,3,primary,7.23831657263,100,True,False,0.41059602649,0.01,False,0.804185430464,0.971002528711,1.0199852004,1960,1,512,0.0013671875,0.001875,0.00575848509934,1
bounded-robust-whitening-v1.0.0,5,25,TargetOnly,BOUNDED_ROBUST_WHITENING,2.5,sensitivity,6.56221624731,100,True,False,0.382781456954,0,False,0.806092715232,0.971423869226,1.00394349349,1960,1,512,0.0022265625,0.00287109375,0.00728735513245,1
bounded-robust-whitening-v1.0.0,5,25,TargetOnly,BOUNDED_ROBUST_WHITENING,4,sensitivity,7.94761803469,100,True,False,0.451655629139,0.01,False,0.805509933775,0.971464692075,1.01175836362,1960,1,512,0.00033203125,0.00080078125,0.00330867135762,1
bounded-robust-whitening-v1.0.0,5,25,RACE,BOUNDED_ROBUST_WHITENING,3,primary,5.97187242869,100,True,False,0.14701986755,0.01,False,0.43140397351,0.88898535635,1.02043765538,1935,1,512,0.00078125,0.00068359375,0.0010761589404,0.294117647059
bounded-robust-whitening-v1.0.0,5,25,RACE,BOUNDED_ROBUST_WHITENING,2.5,sensitivity,5.93491977398,100,True,False,0.108609271523,0.01,False,0.434874172185,0.887602597051,1.0708360838,1935,1,512,0.00158203125,0.00146484375,0.00195571192053,0.294117647059
bounded-robust-whitening-v1.0.0,5,25,RACE,BOUNDED_ROBUST_WHITENING,4,sensitivity,6.2649685469,100,True,False,0.164238410596,0,False,0.424715231788,0.88702489103,1.00491788924,1960,1,512,7.8125e-05,0.0001953125,0.000406146523179,0.294117647059
bounded-robust-whitening-v1.0.0,5,50,TargetOnly,CURRENT_MAHALANOBIS,none,reference,45.8045185891,100,True,False,1,0.02,False,1,1,1.22636168833,1742,1,533,0,0,0,
bounded-robust-whitening-v1.0.0,5,50,RACE,CURRENT_MAHALANOBIS,none,reference,62.088212908,100,True,False,0.397350993377,0,False,0.988092715232,0.99764348329,1.27473269234,1771,1,542,0,0,0,0.454545454545
bounded-robust-whitening-v1.0.0,5,50,TargetOnly,ROBUST_DIAGONAL,3,primary,32.9431318768,100,True,False,0.602649006623,0.03,False,0.957059602649,0.993116186296,1.01768527693,1979,1,516,0.0252325581395,0.0268604651163,0.115773396992,
bounded-robust-whitening-v1.0.0,5,50,TargetOnly,ROBUST_DIAGONAL,2.5,sensitivity,31.151562456,100,True,False,0.560264900662,0.03,False,0.946715231788,0.991482871685,1.0115401652,1979,1,516,0.0404457364341,0.0427713178295,0.154497150778,
bounded-robust-whitening-v1.0.0,5,50,TargetOnly,ROBUST_DIAGONAL,4,sensitivity,35.0999201525,100,True,False,0.700662251656,0.03,False,0.967854304636,0.994775749832,1.02636940913,1979,1,516,0.0166860465116,0.0172868217054,0.0764156270856,
bounded-robust-whitening-v1.0.0,5,50,TargetOnly,BOUNDED_ROBUST_WHITENING,3,primary,4.27343683936,100,True,False,0.143046357616,0.01,False,0.749549668874,0.956603278247,1.0582284456,1733,1,516,9.68992248062e-05,0.000116279069767,0.000354227629755,1
bounded-robust-whitening-v1.0.0,5,50,TargetOnly,BOUNDED_ROBUST_WHITENING,2.5,sensitivity,3.72289726719,100,True,False,0.164238410596,0.01,False,0.75242384106,0.958266435707,1.01108166795,1733,1,516,0.000174418604651,0.00015503875969,0.000641716720571,1
bounded-robust-whitening-v1.0.0,5,50,TargetOnly,BOUNDED_ROBUST_WHITENING,4,sensitivity,5.02615781885,100,True,False,0.0993377483444,0.01,False,0.747231788079,0.954518468996,1.05697238369,1733,1,516,5.81395348837e-05,7.7519379845e-05,0.000102674675291,1
bounded-robust-whitening-v1.0.0,5,50,RACE,BOUNDED_ROBUST_WHITENING,3,primary,4.63938373641,100,True,False,0.0278145695364,0.01,False,0.491125827815,0.893296001216,1.06570553033,1733,1,516,0.000116279069767,0.000135658914729,0.000336259561579,0.454545454545
bounded-robust-whitening-v1.0.0,5,50,RACE,BOUNDED_ROBUST_WHITENING,2.5,sensitivity,4.24309293485,100,True,False,0.0264900662252,0.01,False,0.490701986755,0.893237701607,1.0599824686,2001,1,516,0.000193798449612,0.000251937984496,0.0004492017044,0.454545454545
bounded-robust-whitening-v1.0.0,5,50,RACE,BOUNDED_ROBUST_WHITENING,4,sensitivity,5.29060861499,100,True,False,0.0317880794702,0.01,False,0.492344370861,0.895114879571,1.04599373017,1733,1,516,3.87596899225e-05,3.87596899225e-05,0.00014631141229,0.454545454545
bounded-robust-whitening-v1.0.0,5,100,TargetOnly,CURRENT_MAHALANOBIS,none,reference,38.5485239608,100,True,False,1,0.03,False,1,1,1.0089342501,1742,1,534,0,0,0,
bounded-robust-whitening-v1.0.0,5,100,RACE,CURRENT_MAHALANOBIS,none,reference,71.1483792923,100,True,False,0.380132450331,0,False,0.987655629139,0.997489532463,1.29907391951,1771,1,542,0,0,0,0.625
bounded-robust-whitening-v1.0.0,5,100,TargetOnly,ROBUST_DIAGONAL,3,primary,32.6247696562,100,True,False,0.597350993377,0.03,False,0.960463576159,0.993648104239,1.02505684943,1979,1,513,0.0245808966862,0.0263937621832,0.113331526019,
bounded-robust-whitening-v1.0.0,5,100,TargetOnly,ROBUST_DIAGONAL,2.5,sensitivity,30.9061514173,100,True,False,0.552317880795,0.03,False,0.953059602649,0.992472529956,1.02324638723,1979,1,513,0.0386354775828,0.0408576998051,0.151339349109,
bounded-robust-whitening-v1.0.0,5,100,TargetOnly,ROBUST_DIAGONAL,4,sensitivity,34.5859447038,100,True,False,0.694039735099,0.03,False,0.967721854305,0.994730425966,1.02307126889,1979,1,513,0.0173489278752,0.0176998050682,0.0746317596788,
bounded-robust-whitening-v1.0.0,5,100,TargetOnly,BOUNDED_ROBUST_WHITENING,3,primary,5.28383775292,100,True,False,0.397350993377,0,False,0.862370860927,0.980729957522,1.0687419694,1828,1,513,0.000155945419103,1.94931773879e-05,0.00171178498122,1
bounded-robust-whitening-v1.0.0,5,100,TargetOnly,BOUNDED_ROBUST_WHITENING,2.5,sensitivity,4.97213268395,100,True,False,0.437086092715,0.01,False,0.857801324503,0.979967526059,1.06289355363,1828,1,513,0.000409356725146,0.000175438596491,0.0028168286795,1
bounded-robust-whitening-v1.0.0,5,100,TargetOnly,BOUNDED_ROBUST_WHITENING,4,sensitivity,5.67991480273,100,True,False,0.337748344371,0,False,0.863629139073,0.981037650085,1.09372450552,1828,1,513,1.94931773879e-05,0,0.000756490195319,1
bounded-robust-whitening-v1.0.0,5,100,RACE,BOUNDED_ROBUST_WHITENING,3,primary,5.44041903454,100,True,False,0.241059602649,0,False,0.76378807947,0.96264662762,1.04447329959,1828,1,513,0.000194931773879,5.84795321637e-05,0.00131159392226,0.625
bounded-robust-whitening-v1.0.0,5,100,RACE,BOUNDED_ROBUST_WHITENING,2.5,sensitivity,5.0288130632,100,True,False,0.270198675497,0.01,False,0.757933774834,0.961765717106,1.02577198029,1828,1,513,0.000506822612086,0.00046783625731,0.00242696513174,0.625
bounded-robust-whitening-v1.0.0,5,100,RACE,BOUNDED_ROBUST_WHITENING,4,sensitivity,6.04964125146,100,True,False,0.202649006623,0,False,0.766304635762,0.963397377579,1.06693875618,1828,1,513,3.89863547758e-05,0,0.000586086260537,0.625
bounded-robust-whitening-v1.0.0,6,10,TargetOnly,CURRENT_MAHALANOBIS,none,reference,33600.4211148,100,True,False,0.356291390728,0,False,0.778741721854,0.962414850256,1.0000239666,1706,1,526,0,0,0,
bounded-robust-whitening-v1.0.0,6,10,RACE,CURRENT_MAHALANOBIS,none,reference,61.4543743491,100,True,False,0.423841059603,0,False,0.889324503311,0.984920270256,1.19006749174,1861,1,542,0,0,0,0.142857142857
bounded-robust-whitening-v1.0.0,6,10,TargetOnly,ROBUST_DIAGONAL,3,primary,38.1774401724,100,True,False,0.543046357616,0.01,False,0.924357615894,0.989026964245,1.01192392279,1984,1,514,0.0752529182879,0.0719649805447,0.178405957688,
bounded-robust-whitening-v1.0.0,6,10,TargetOnly,ROBUST_DIAGONAL,2.5,sensitivity,35.0256183946,100,True,False,0.490066225166,0.01,False,0.908728476821,0.986549626739,1.00927693783,1984,1,514,0.108443579767,0.106984435798,0.223204576494,
bounded-robust-whitening-v1.0.0,6,10,TargetOnly,ROBUST_DIAGONAL,4,sensitivity,43.6800228747,100,True,False,0.550993377483,0.01,False,0.942900662252,0.991889234504,1.02417604722,1962,1,514,0.0421595330739,0.0409727626459,0.125755662638,
bounded-robust-whitening-v1.0.0,6,10,TargetOnly,BOUNDED_ROBUST_WHITENING,3,primary,50.2937307544,100,True,False,0.162913907285,0,False,0.784582781457,0.968215639582,1.0000843076,2014,1,514,0.043560311284,0.0340272373541,0.276091942175,1
bounded-robust-whitening-v1.0.0,6,10,TargetOnly,BOUNDED_ROBUST_WHITENING,2.5,sensitivity,43.6584055749,100,True,False,0.218543046358,0,False,0.78459602649,0.968306343533,1.000133424,2014,1,514,0.0509727626459,0.0398832684825,0.313412528668,1
bounded-robust-whitening-v1.0.0,6,10,TargetOnly,BOUNDED_ROBUST_WHITENING,4,sensitivity,61.8521113313,100,True,False,0.180132450331,0,False,0.781470198675,0.967681126872,1.00002971354,2014,1,514,0.0320817120623,0.0247470817121,0.21818744041,1
bounded-robust-whitening-v1.0.0,6,10,RACE,BOUNDED_ROBUST_WHITENING,3,primary,7.20118395174,100,True,False,0.0940397350993,0,False,0.349523178808,0.86264528843,1.02438653472,1936,1,514,0.00231517509728,0.00256809338521,0.00197387069343,0.142857142857
bounded-robust-whitening-v1.0.0,6,10,RACE,BOUNDED_ROBUST_WHITENING,2.5,sensitivity,6.7439413698,100,True,False,0.0701986754967,0,False,0.370768211921,0.867131032263,1.02844551401,1936,1,514,0.0031906614786,0.00334630350195,0.00280877161337,0.142857142857
bounded-robust-whitening-v1.0.0,6,10,RACE,BOUNDED_ROBUST_WHITENING,4,sensitivity,8.29168877661,100,True,False,0.087417218543,0,False,0.316052980132,0.854588935081,1.0109999528,1929,1,514,0.00196498054475,0.00204280155642,0.00137346355039,0.142857142857
bounded-robust-whitening-v1.0.0,6,25,TargetOnly,CURRENT_MAHALANOBIS,none,reference,23591.761592,100,True,False,0.237086092715,0.01,False,0.955589403974,0.989839227055,1.00001164192,1704,1,530,0,0,0,
bounded-robust-whitening-v1.0.0,6,25,RACE,CURRENT_MAHALANOBIS,none,reference,58.4370652105,100,True,False,0.435761589404,0,False,0.991960264901,0.998588715975,1.22325511867,1861,1,542,0,0,0,0.294117647059
bounded-robust-whitening-v1.0.0,6,25,TargetOnly,ROBUST_DIAGONAL,3,primary,35.5372021884,100,True,False,0.438410596026,0,False,0.97221192053,0.996013168014,1.14834817022,1962,1,512,0.03845703125,0.0365234375,0.130735202815,
bounded-robust-whitening-v1.0.0,6,25,TargetOnly,ROBUST_DIAGONAL,2.5,sensitivity,32.5725689581,100,True,False,0.433112582781,0,False,0.966291390728,0.995156739011,1.10479327681,1962,1,512,0.0566796875,0.05431640625,0.168149834437,
bounded-robust-whitening-v1.0.0,6,25,TargetOnly,ROBUST_DIAGONAL,4,sensitivity,40.3180517921,100,True,False,0.441059602649,0,False,0.978781456954,0.996990555927,1.18644574787,1962,1,512,0.02478515625,0.02330078125,0.0896212748344,
bounded-robust-whitening-v1.0.0,6,25,TargetOnly,BOUNDED_ROBUST_WHITENING,3,primary,22.9933465014,100,True,False,0.406622516556,0,False,0.82859602649,0.975601545922,1.00543485206,1721,1,512,0.0075390625,0.00498046875,0.0487194743377,1
bounded-robust-whitening-v1.0.0,6,25,TargetOnly,BOUNDED_ROBUST_WHITENING,2.5,sensitivity,20.9431090329,100,True,False,0.413245033113,0.01,False,0.827933774834,0.975335646552,1.0038439469,1721,1,512,0.00939453125,0.00671875,0.0555360099338,1
bounded-robust-whitening-v1.0.0,6,25,TargetOnly,BOUNDED_ROBUST_WHITENING,4,sensitivity,26.4615857372,100,True,False,0.354966887417,0,False,0.827695364238,0.975582231108,1.00874011912,1721,1,512,0.00443359375,0.00291015625,0.0331746688742,1
bounded-robust-whitening-v1.0.0,6,25,RACE,BOUNDED_ROBUST_WHITENING,3,primary,7.25797392918,100,True,False,0.0993377483444,0,False,0.507059602649,0.903013588789,1.03070666633,1929,1,512,0.00244140625,0.00244140625,0.00302669701987,0.294117647059
bounded-robust-whitening-v1.0.0,6,25,RACE,BOUNDED_ROBUST_WHITENING,2.5,sensitivity,6.60610081387,100,True,False,0.0966887417219,0,False,0.510662251656,0.902805729576,1.01774896541,1936,1,512,0.0034765625,0.00341796875,0.00402266142384,0.294117647059
bounded-robust-whitening-v1.0.0,6,25,RACE,BOUNDED_ROBUST_WHITENING,4,sensitivity,8.38081623034,100,True,False,0.0834437086093,0,False,0.472066225166,0.894931339164,1.11411785899,1929,1,512,0.0019140625,0.00193359375,0.00147713162252,0.294117647059
bounded-robust-whitening-v1.0.0,6,50,TargetOnly,CURRENT_MAHALANOBIS,none,reference,67.2828528692,100,True,False,1,0.01,True,0.990026490066,0.99288399346,1.67292832204,1962,1,533,0,0,0,
bounded-robust-whitening-v1.0.0,6,50,RACE,CURRENT_MAHALANOBIS,none,reference,32.6549723652,100,True,False,0.95761589404,0.02,False,0.998635761589,0.999813030592,1.16511122433,1861,1,542,0,0,0,0.454545454545
bounded-robust-whitening-v1.0.0,6,50,TargetOnly,ROBUST_DIAGONAL,3,primary,35.2032246368,100,True,False,0.454304635762,0,False,0.962821192053,0.994603323183,1.0857172248,1962,1,512,0.0248828125,0.02564453125,0.119303600993,
bounded-robust-whitening-v1.0.0,6,50,TargetOnly,ROBUST_DIAGONAL,2.5,sensitivity,32.3095691191,100,True,False,0.483443708609,0,False,0.953377483444,0.993219762049,1.04837896076,1962,1,512,0.0404296875,0.04138671875,0.160171771523,
bounded-robust-whitening-v1.0.0,6,50,TargetOnly,ROBUST_DIAGONAL,4,sensitivity,39.2965530625,100,True,False,0.456953642384,0,False,0.97242384106,0.996016419473,1.13319364116,1962,1,512,0.0165625,0.0171875,0.0785337334437,
bounded-robust-whitening-v1.0.0,6,50,TargetOnly,BOUNDED_ROBUST_WHITENING,3,primary,6.47104627176,100,True,False,0.36821192053,0.01,False,0.853509933775,0.974651544951,1.01823676784,1743,1,512,0.000859375,0.00064453125,0.0040019660596,1
bounded-robust-whitening-v1.0.0,6,50,TargetOnly,BOUNDED_ROBUST_WHITENING,2.5,sensitivity,6.04793719657,100,True,False,0.349668874172,0.01,False,0.854847682119,0.973646989827,1.01991824905,1733,1,512,0.00150390625,0.00130859375,0.00554377069536,1
bounded-robust-whitening-v1.0.0,6,50,TargetOnly,BOUNDED_ROBUST_WHITENING,4,sensitivity,7.30786634526,100,True,False,0.331125827815,0.02,False,0.850039735099,0.975894015067,1.07747396254,1707,1,512,9.765625e-05,0.0001953125,0.00203590645695,1
bounded-robust-whitening-v1.0.0,6,50,RACE,BOUNDED_ROBUST_WHITENING,3,primary,6.6113203759,100,True,False,0.15761589404,0.01,False,0.562437086093,0.92400631319,1.04534726317,1828,1,512,0.00119140625,0.0012109375,0.00269298427152,0.454545454545
bounded-robust-whitening-v1.0.0,6,50,RACE,BOUNDED_ROBUST_WHITENING,2.5,sensitivity,5.85509731568,100,True,False,0.176158940397,0.01,False,0.526503311258,0.914332592874,1.02182667227,1828,1,512,0.00259765625,0.00244140625,0.00419598509934,0.454545454545
bounded-robust-whitening-v1.0.0,6,50,RACE,BOUNDED_ROBUST_WHITENING,4,sensitivity,7.28722459852,100,True,False,0.15761589404,0.02,False,0.573973509934,0.92530707054,1.08381868891,1828,1,512,0.00021484375,0.0002734375,0.00130898178808,0.454545454545
bounded-robust-whitening-v1.0.0,6,100,TargetOnly,CURRENT_MAHALANOBIS,none,reference,40.6792752393,100,True,False,1,0.01,True,0.990026490066,0.99288399346,1.00571662085,1962,1,533,0,0,0,
bounded-robust-whitening-v1.0.0,6,100,RACE,CURRENT_MAHALANOBIS,none,reference,33.7322662311,100,True,False,0.990728476821,0.01,True,0.998105960265,0.999724501202,1.21988877707,1861,1,542,0,0,0,0.625
bounded-robust-whitening-v1.0.0,6,100,TargetOnly,ROBUST_DIAGONAL,3,primary,35.0414090022,100,True,False,0.413245033113,0,False,0.973430463576,0.99611598323,1.15159620183,1962,1,513,0.0250877192982,0.0253801169591,0.112087060919,
bounded-robust-whitening-v1.0.0,6,100,TargetOnly,ROBUST_DIAGONAL,2.5,sensitivity,32.2113502874,100,True,False,0.415894039735,0,False,0.967231788079,0.995205973943,1.10310212874,1962,1,513,0.036530214425,0.0361598440546,0.14753624311,
bounded-robust-whitening-v1.0.0,6,100,TargetOnly,ROBUST_DIAGONAL,4,sensitivity,39.072949775,100,True,False,0.418543046358,0,False,0.979735099338,0.997064860337,1.19946940119,1962,1,513,0.0185769980507,0.0179142300195,0.0752953022733,
bounded-robust-whitening-v1.0.0,6,100,TargetOnly,BOUNDED_ROBUST_WHITENING,3,primary,6.78930590666,100,True,False,0.35761589404,0.01,False,0.83761589404,0.971450166675,1.13879821758,1707,1,513,0.000389863547758,0.000311890838207,0.00349586254083,1
bounded-robust-whitening-v1.0.0,6,100,TargetOnly,BOUNDED_ROBUST_WHITENING,2.5,sensitivity,6.20586891565,100,True,False,0.38940397351,0.01,False,0.834251655629,0.971068576528,1.08370314839,1707,1,513,0.000974658869396,0.000623781676413,0.00541677962382,1
bounded-robust-whitening-v1.0.0,6,100,TargetOnly,BOUNDED_ROBUST_WHITENING,4,sensitivity,6.93814258206,100,True,False,0.393377483444,0.01,False,0.837496688742,0.971176578982,1.10939364523,1707,1,513,7.79727095517e-05,5.84795321637e-05,0.00155170855763,1
bounded-robust-whitening-v1.0.0,6,100,RACE,BOUNDED_ROBUST_WHITENING,3,primary,6.09526951591,100,True,False,0.271523178808,0.01,False,0.777523178808,0.965954559923,1.03318511462,1733,1,513,0.000526315789474,0.000428849902534,0.00234692691995,0.625
bounded-robust-whitening-v1.0.0,6,100,RACE,BOUNDED_ROBUST_WHITENING,2.5,sensitivity,5.66162794215,100,True,False,0.317880794702,0.01,False,0.760291390728,0.963649975834,1.00117612752,1936,1,513,0.00118908382066,0.00122807017544,0.00389088984418,0.625
bounded-robust-whitening-v1.0.0,6,100,RACE,BOUNDED_ROBUST_WHITENING,4,sensitivity,6.28138297086,100,True,False,0.288741721854,0.01,False,0.787178807947,0.967069549596,1.00863332589,1936,1,513,1.94931773879e-05,5.84795321637e-05,0.00114635374308,0.625
bounded-robust-whitening-v1.0.0,7,10,TargetOnly,CURRENT_MAHALANOBIS,none,reference,31895.3756327,100,True,False,0.411920529801,0,False,0.905337748344,0.985555365232,1.00005329021,2019,1,527,0,0,0,
bounded-robust-whitening-v1.0.0,7,10,RACE,CURRENT_MAHALANOBIS,none,reference,57.3763639118,100,True,False,0.446357615894,0,False,0.977947019868,0.996444602115,1.68149153961,1861,1,542,0,0,0,0.142857142857
bounded-robust-whitening-v1.0.0,7,10,TargetOnly,ROBUST_DIAGONAL,3,primary,42.3523979221,100,True,False,0.316556291391,0,False,0.927814569536,0.989165020814,1.02573802389,2020,1,516,0.0815697674419,0.0778100775194,0.187871553981,
bounded-robust-whitening-v1.0.0,7,10,TargetOnly,ROBUST_DIAGONAL,2.5,sensitivity,38.2698013618,100,True,False,0.292715231788,0,False,0.922079470199,0.988261852224,1.03358096852,2020,1,516,0.117441860465,0.112751937984,0.241169977925,
bounded-robust-whitening-v1.0.0,7,10,TargetOnly,ROBUST_DIAGONAL,4,sensitivity,48.8021508868,100,True,False,0.345695364238,0,False,0.935059602649,0.990270572469,1.01816197359,2020,1,516,0.043488372093,0.0412790697674,0.123774321064,
bounded-robust-whitening-v1.0.0,7,10,TargetOnly,BOUNDED_ROBUST_WHITENING,3,primary,23.3140086066,100,True,False,0.309933774834,0,False,0.822092715232,0.973830953661,1.09501328721,2010,1,516,0.0150581395349,0.0124224806202,0.0430514913497,1
bounded-robust-whitening-v1.0.0,7,10,TargetOnly,BOUNDED_ROBUST_WHITENING,2.5,sensitivity,21.4350102135,100,True,False,0.308609271523,0,False,0.819655629139,0.973592909841,1.10219688245,2010,1,516,0.0173255813953,0.0145542635659,0.0552158735048,1
bounded-robust-whitening-v1.0.0,7,10,TargetOnly,BOUNDED_ROBUST_WHITENING,4,sensitivity,26.7334275236,100,True,False,0.307284768212,0,False,0.821655629139,0.973364231051,1.0781220688,2010,1,516,0.0120542635659,0.0097480620155,0.0307510652498,1
bounded-robust-whitening-v1.0.0,7,10,RACE,BOUNDED_ROBUST_WHITENING,3,primary,7.11099117201,100,True,False,0.0794701986755,0.01,False,0.326728476821,0.852539193741,1.02960233672,2004,1,516,0.00393410852713,0.00387596899225,0.00244109040505,0.142857142857
bounded-robust-whitening-v1.0.0,7,10,RACE,BOUNDED_ROBUST_WHITENING,2.5,sensitivity,6.43265386841,100,True,False,0.076821192053,0.02,False,0.344357615894,0.856643259215,1.00001044078,1978,1,516,0.00455426356589,0.00455426356589,0.00295189691463,0.142857142857
bounded-robust-whitening-v1.0.0,7,10,RACE,BOUNDED_ROBUST_WHITENING,4,sensitivity,7.98550728797,100,True,False,0.113907284768,0.02,False,0.307562913907,0.849902603626,1.0081871676,2004,1,516,0.00263565891473,0.00238372093023,0.0015940243339,0.142857142857
bounded-robust-whitening-v1.0.0,7,25,TargetOnly,CURRENT_MAHALANOBIS,none,reference,28437.7435117,100,True,False,0.541721854305,0,False,0.986874172185,0.99772680164,1.00001863234,2010,1,529,0,0,0,
bounded-robust-whitening-v1.0.0,7,25,RACE,CURRENT_MAHALANOBIS,none,reference,55.7463463649,100,True,False,0.417218543046,0.01,False,0.986450331126,0.997534296482,1.97507834693,1861,1,542,0,0,0,0.294117647059
bounded-robust-whitening-v1.0.0,7,25,TargetOnly,ROBUST_DIAGONAL,3,primary,37.9475972455,100,True,False,0.369536423841,0,False,0.969218543046,0.995408393962,1.06235729534,2020,1,515,0.0405048543689,0.0386019417476,0.13732141709,
bounded-robust-whitening-v1.0.0,7,25,TargetOnly,ROBUST_DIAGONAL,2.5,sensitivity,34.6711737393,100,True,False,0.356291390728,0,False,0.964092715232,0.994689944369,1.04568981592,2020,1,515,0.0623106796117,0.0592621359223,0.181058316723,
bounded-robust-whitening-v1.0.0,7,25,TargetOnly,ROBUST_DIAGONAL,4,sensitivity,42.0626503032,100,True,False,0.426490066225,0,False,0.97617218543,0.996389400702,1.07152432731,2020,1,515,0.0221941747573,0.0216116504854,0.0905394457661,
bounded-robust-whitening-v1.0.0,7,25,TargetOnly,BOUNDED_ROBUST_WHITENING,3,primary,31.7989267841,100,True,False,0.278145695364,0,False,0.858953642384,0.979476359443,1.0015383188,1973,1,515,0.00867961165049,0.00500970873786,0.0780916864914,1
bounded-robust-whitening-v1.0.0,7,25,TargetOnly,BOUNDED_ROBUST_WHITENING,2.5,sensitivity,29.4194650085,100,True,False,0.282119205298,0,False,0.859735099338,0.979782880058,1.00099210478,2010,1,515,0.0126990291262,0.0068932038835,0.103326689385,1
bounded-robust-whitening-v1.0.0,7,25,TargetOnly,BOUNDED_ROBUST_WHITENING,4,sensitivity,34.5949248241,100,True,False,0.311258278146,0,False,0.855642384106,0.978987199307,1.00514108779,1973,1,515,0.00359223300971,0.00240776699029,0.038539188581,1
bounded-robust-whitening-v1.0.0,7,25,RACE,BOUNDED_ROBUST_WHITENING,3,primary,7.63834897301,100,True,False,0.145695364238,0,False,0.469033112583,0.902452821386,1.04641637047,1991,1,515,0.00190291262136,0.00147572815534,0.00244583038642,0.294117647059
bounded-robust-whitening-v1.0.0,7,25,RACE,BOUNDED_ROBUST_WHITENING,2.5,sensitivity,7.16118029554,100,True,False,0.140397350993,0,False,0.465708609272,0.900500295963,1.03597003063,1991,1,515,0.00368932038835,0.00312621359223,0.0041175335948,0.294117647059
bounded-robust-whitening-v1.0.0,7,25,RACE,BOUNDED_ROBUST_WHITENING,4,sensitivity,7.70052082984,100,True,False,0.158940397351,0,False,0.484052980132,0.906903817611,1.00482459894,1820,1,515,0.000543689320388,0.000368932038835,0.000879573072719,0.294117647059
bounded-robust-whitening-v1.0.0,7,50,TargetOnly,CURRENT_MAHALANOBIS,none,reference,39.2596891981,100,True,False,1,0.01,True,1,1,1.0741018892,1901,1,531,0,0,0,
bounded-robust-whitening-v1.0.0,7,50,RACE,CURRENT_MAHALANOBIS,none,reference,60.7026674334,100,True,False,0.402649006623,0.01,False,0.988463576159,0.997811238687,2.15041308683,1861,1,542,0,0,0,0.454545454545
bounded-robust-whitening-v1.0.0,7,50,TargetOnly,ROBUST_DIAGONAL,3,primary,32.4258037384,100,True,False,0.617218543046,0.01,False,0.979258278146,0.996838423114,1.02500172937,2020,1,513,0.0250097465887,0.0237816764133,0.115239533713,
bounded-robust-whitening-v1.0.0,7,50,TargetOnly,ROBUST_DIAGONAL,2.5,sensitivity,30.5285533551,100,True,False,0.582781456954,0.01,False,0.974609271523,0.996184869554,1.01803451186,2020,1,513,0.0388693957115,0.0369200779727,0.152168131882,
bounded-robust-whitening-v1.0.0,7,50,TargetOnly,ROBUST_DIAGONAL,4,sensitivity,34.5505327727,100,True,False,0.704635761589,0.01,False,0.982781456954,0.997287097953,1.02922808656,2020,1,513,0.0163352826511,0.0151461988304,0.0742005860863,
bounded-robust-whitening-v1.0.0,7,50,TargetOnly,BOUNDED_ROBUST_WHITENING,3,primary,5.9827603166,100,True,False,0.498013245033,0,False,0.891443708609,0.984617040717,1.03573004444,1722,1,513,0.000779727095517,0.000506822612086,0.00383408853259,1
bounded-robust-whitening-v1.0.0,7,50,TargetOnly,BOUNDED_ROBUST_WHITENING,2.5,sensitivity,5.62039506746,100,True,False,0.433112582781,0,False,0.886158940397,0.983810936124,1.03765435069,1722,1,513,0.00115009746589,0.00105263157895,0.00495720537547,1
bounded-robust-whitening-v1.0.0,7,50,TargetOnly,BOUNDED_ROBUST_WHITENING,4,sensitivity,6.41680709077,100,True,False,0.531125827815,0.01,False,0.89259602649,0.984768960522,1.04911617393,1707,1,513,0.000214424951267,0.000155945419103,0.00208873913998,1
bounded-robust-whitening-v1.0.0,7,50,RACE,BOUNDED_ROBUST_WHITENING,3,primary,5.94091318839,100,True,False,0.172185430464,0,False,0.604675496689,0.93113688192,1.01439215327,1929,1,513,0.00163742690058,0.00157894736842,0.00203451970618,0.454545454545
bounded-robust-whitening-v1.0.0,7,50,RACE,BOUNDED_ROBUST_WHITENING,2.5,sensitivity,5.39006822365,100,True,False,0.186754966887,0,False,0.627735099338,0.93445497825,1.0026783095,1929,1,513,0.00294346978558,0.00263157894737,0.00302854265908,0.454545454545
bounded-robust-whitening-v1.0.0,7,50,RACE,BOUNDED_ROBUST_WHITENING,4,sensitivity,6.5034182944,100,True,False,0.15761589404,0,False,0.591059602649,0.931439905572,1.02912995557,1929,1,513,0.000214424951267,0.000194931773879,0.000792636484515,0.454545454545
bounded-robust-whitening-v1.0.0,7,100,TargetOnly,CURRENT_MAHALANOBIS,none,reference,39.9881719035,100,True,False,1,0.01,True,1,1,1.02489437147,1899,1,532,0,0,0,
bounded-robust-whitening-v1.0.0,7,100,RACE,CURRENT_MAHALANOBIS,none,reference,71.0417156332,100,True,False,0.386754966887,0.01,False,0.98859602649,0.9977794856,2.4719513657,1861,1,542,0,0,0,0.625
bounded-robust-whitening-v1.0.0,7,100,TargetOnly,ROBUST_DIAGONAL,3,primary,31.8445110673,100,True,False,0.594701986755,0.01,False,0.981430463576,0.997205279552,1.02342885745,2020,1,512,0.02611328125,0.02501953125,0.110766763245,
bounded-robust-whitening-v1.0.0,7,100,TargetOnly,ROBUST_DIAGONAL,2.5,sensitivity,30.0938530159,100,True,False,0.556291390728,0.01,False,0.977443708609,0.996655386911,1.0219978881,2020,1,512,0.036796875,0.03568359375,0.145320260762,
bounded-robust-whitening-v1.0.0,7,100,TargetOnly,ROBUST_DIAGONAL,4,sensitivity,34.1293889227,100,True,False,0.680794701987,0.01,False,0.984463576159,0.997574129065,1.03817711881,2020,1,512,0.0186328125,0.01822265625,0.0738617549669,
bounded-robust-whitening-v1.0.0,7,100,TargetOnly,BOUNDED_ROBUST_WHITENING,3,primary,6.06260902592,100,True,False,0.556291390728,0,False,0.866344370861,0.981478047713,1.03834890096,1707,1,512,0.00017578125,0.00015625,0.00370188327815,1
bounded-robust-whitening-v1.0.0,7,100,TargetOnly,BOUNDED_ROBUST_WHITENING,2.5,sensitivity,5.8815387701,100,True,False,0.504635761589,0,False,0.861986754967,0.98085157975,1.03202140756,1707,1,512,0.00064453125,0.00048828125,0.00573520281457,1
bounded-robust-whitening-v1.0.0,7,100,TargetOnly,BOUNDED_ROBUST_WHITENING,4,sensitivity,6.16827772024,100,True,False,0.580132450331,0,False,0.868331125828,0.981780394435,1.01742957427,1759,1,512,0,1.953125e-05,0.00182119205298,1
bounded-robust-whitening-v1.0.0,7,100,RACE,BOUNDED_ROBUST_WHITENING,3,primary,6.1283129282,100,True,False,0.264900662252,0,False,0.790900662252,0.968137637482,1.06690299783,1820,1,512,0.0003125,0.00017578125,0.00184706125828,0.625
bounded-robust-whitening-v1.0.0,7,100,RACE,BOUNDED_ROBUST_WHITENING,2.5,sensitivity,5.79362120921,100,True,False,0.279470198675,0,False,0.787298013245,0.967602426922,1.03030850074,1820,1,512,0.0009375,0.0007421875,0.00308102235099,0.625
bounded-robust-whitening-v1.0.0,7,100,RACE,BOUNDED_ROBUST_WHITENING,4,sensitivity,6.23131643621,100,True,False,0.276821192053,0,False,0.794887417219,0.969065836159,1.00137241769,1871,1,512,0,0,0.000830401490066,0.625
bounded-robust-whitening-v1.0.0,8,10,TargetOnly,CURRENT_MAHALANOBIS,none,reference,127.450145645,100,True,False,1,0.02,False,0.990026490066,0.99288399346,1.6351967414,1840,1,527,0,0,0,
bounded-robust-whitening-v1.0.0,8,10,RACE,CURRENT_MAHALANOBIS,none,reference,37.3872837679,100,True,False,0.735099337748,0.02,False,0.902013245033,0.986830914591,1.00629308121,1871,1,542,0,0,0,0.142857142857
bounded-robust-whitening-v1.0.0,8,10,TargetOnly,ROBUST_DIAGONAL,3,primary,40.4561435909,100,True,False,0.537748344371,0.02,False,0.908066225166,0.985976753564,1.00486067744,1979,1,516,0.0850968992248,0.0874612403101,0.198696031624,
bounded-robust-whitening-v1.0.0,8,10,TargetOnly,ROBUST_DIAGONAL,2.5,sensitivity,36.6937335058,100,True,False,0.515231788079,0.02,False,0.898344370861,0.984346165483,1.00567513283,1979,1,516,0.121201550388,0.123565891473,0.250669952256,
bounded-robust-whitening-v1.0.0,8,10,TargetOnly,ROBUST_DIAGONAL,4,sensitivity,46.1044366096,100,True,False,0.56821192053,0.02,False,0.923456953642,0.988418192298,1.01316403277,1979,1,516,0.0467829457364,0.0503875968992,0.134206068073,
bounded-robust-whitening-v1.0.0,8,10,TargetOnly,BOUNDED_ROBUST_WHITENING,3,primary,10.6573842293,100,True,False,0.298013245033,0.02,False,0.759655629139,0.961147577214,1.00870187121,1914,1,516,0.00308139534884,0.00391472868217,0.0102982699317,1
bounded-robust-whitening-v1.0.0,8,10,TargetOnly,BOUNDED_ROBUST_WHITENING,2.5,sensitivity,10.1266783866,100,True,False,0.227814569536,0.02,False,0.742940397351,0.957033232892,1.0067281635,1914,1,516,0.0047480620155,0.00562015503876,0.0126726217978,1
bounded-robust-whitening-v1.0.0,8,10,TargetOnly,BOUNDED_ROBUST_WHITENING,4,sensitivity,11.0154893461,100,True,False,0.488741721854,0.03,False,0.784331125828,0.966722917779,1.00076936762,1912,1,516,0.00125968992248,0.00184108527132,0.00699471225422,1
bounded-robust-whitening-v1.0.0,8,10,RACE,BOUNDED_ROBUST_WHITENING,3,primary,8.06884004257,100,True,False,0.00132450331126,0.01,False,0.36221192053,0.852747835591,1.0871773388,1932,1,516,0.00220930232558,0.00199612403101,0.00194825196365,0.142857142857
bounded-robust-whitening-v1.0.0,8,10,RACE,BOUNDED_ROBUST_WHITENING,2.5,sensitivity,7.4744859997,100,True,False,0,0.01,False,0.34880794702,0.84193946494,1.1014715704,1932,1,516,0.00395348837209,0.00397286821705,0.00288002464192,0.142857142857
bounded-robust-whitening-v1.0.0,8,10,RACE,BOUNDED_ROBUST_WHITENING,4,sensitivity,8.65379558686,100,True,False,0.0172185430464,0.01,False,0.380105960265,0.864482440443,1.03258936721,1932,1,516,0.000813953488372,0.000736434108527,0.000644283587453,0.142857142857
bounded-robust-whitening-v1.0.0,8,25,TargetOnly,CURRENT_MAHALANOBIS,none,reference,126.301764083,100,True,False,1,0.01,True,0.990026490066,0.99288399346,3.69227682278,1840,1,532,0,0,0,
bounded-robust-whitening-v1.0.0,8,25,RACE,CURRENT_MAHALANOBIS,none,reference,31.0200365489,100,True,False,0.960264900662,0.04,False,0.994754966887,0.999249926615,1.06941187471,1840,1,542,0,0,0,0.294117647059
bounded-robust-whitening-v1.0.0,8,25,TargetOnly,ROBUST_DIAGONAL,3,primary,36.3840341456,100,True,False,0.366887417219,0,False,0.962437086093,0.994407670399,1.16666495938,1840,1,513,0.031656920078,0.0353606237817,0.123759730452,
bounded-robust-whitening-v1.0.0,8,25,TargetOnly,ROBUST_DIAGONAL,2.5,sensitivity,33.3799889653,100,True,False,0.353642384106,0,False,0.954278145695,0.993235476296,1.13863254199,1840,1,513,0.0475633528265,0.0527095516569,0.160027367905,
bounded-robust-whitening-v1.0.0,8,25,TargetOnly,ROBUST_DIAGONAL,4,sensitivity,41.2405427236,100,True,False,0.374834437086,0,False,0.971867549669,0.995801890873,1.22387212423,1840,1,513,0.0207407407407,0.0224951267057,0.0843860940062,
bounded-robust-whitening-v1.0.0,8,25,TargetOnly,BOUNDED_ROBUST_WHITENING,3,primary,7.60335334183,100,True,False,0.380132450331,0,False,0.80421192053,0.970281487088,1.03773855829,1915,1,513,0.00144249512671,0.00216374269006,0.00600028400656,1
bounded-robust-whitening-v1.0.0,8,25,TargetOnly,BOUNDED_ROBUST_WHITENING,2.5,sensitivity,7.02826026122,100,True,False,0.32582781457,0,False,0.802662251656,0.970110507272,1.04167759961,1915,1,513,0.00255360623782,0.00345029239766,0.00822844454772,1
bounded-robust-whitening-v1.0.0,8,25,TargetOnly,BOUNDED_ROBUST_WHITENING,4,sensitivity,8.26773534851,100,True,False,0.427814569536,0.05,False,0.803139072848,0.969093215401,1.07318488367,1915,1,513,0.000409356725146,0.00101364522417,0.00315763654906,1
bounded-robust-whitening-v1.0.0,8,25,RACE,BOUNDED_ROBUST_WHITENING,3,primary,6.43456485073,100,True,False,0.156291390728,0.05,False,0.440821192053,0.888396406843,1.02375368716,2018,1,513,0.000994152046784,0.00101364522417,0.00135032208926,0.294117647059
bounded-robust-whitening-v1.0.0,8,25,RACE,BOUNDED_ROBUST_WHITENING,2.5,sensitivity,6.00460242872,100,True,False,0.148344370861,0.05,False,0.451218543046,0.889752947809,1.00758310923,1995,1,513,0.00231968810916,0.00263157894737,0.00258704155532,0.294117647059
bounded-robust-whitening-v1.0.0,8,25,RACE,BOUNDED_ROBUST_WHITENING,4,sensitivity,7.03581972224,100,True,False,0.153642384106,0.03,False,0.443165562914,0.891426076439,1.07186982911,2018,1,513,9.74658869396e-05,0.000214424951267,0.000438919225953,0.294117647059
bounded-robust-whitening-v1.0.0,8,50,TargetOnly,CURRENT_MAHALANOBIS,none,reference,139.890010817,100,True,False,1,0.01,True,0.990026490066,0.99288399346,3.6635473479,1840,1,532,0,0,0,
bounded-robust-whitening-v1.0.0,8,50,RACE,CURRENT_MAHALANOBIS,none,reference,31.6595567211,100,True,False,0.992052980132,0.02,False,0.997735099338,0.999684256303,1.15973364306,1840,1,542,0,0,0,0.454545454545
bounded-robust-whitening-v1.0.0,8,50,TargetOnly,ROBUST_DIAGONAL,3,primary,35.0832671799,100,True,False,0.397350993377,0,False,0.962728476821,0.994479212706,1.17014999353,1840,1,514,0.0269844357977,0.0307587548638,0.114840106166,
bounded-robust-whitening-v1.0.0,8,50,TargetOnly,ROBUST_DIAGONAL,2.5,sensitivity,32.3741578938,100,True,False,0.385430463576,0,False,0.955364238411,0.993402700354,1.12644531268,1840,1,514,0.0383073929961,0.0442023346304,0.149421496122,
bounded-robust-whitening-v1.0.0,8,50,TargetOnly,ROBUST_DIAGONAL,4,sensitivity,39.743603595,100,True,False,0.386754966887,0,False,0.970225165563,0.995568348792,1.24920952374,1840,1,514,0.0187937743191,0.0212645914397,0.0789599814466,
bounded-robust-whitening-v1.0.0,8,50,TargetOnly,BOUNDED_ROBUST_WHITENING,3,primary,6.35989596801,100,True,False,0.483443708609,0.02,False,0.801417218543,0.967971574383,1.06082917339,1716,1,514,0.000252918287938,0.000719844357977,0.00349421496122,1
bounded-robust-whitening-v1.0.0,8,50,TargetOnly,BOUNDED_ROBUST_WHITENING,2.5,sensitivity,6.13989224041,100,True,False,0.374834437086,0.02,False,0.802079470199,0.966521256066,1.06571312902,1716,1,514,0.000719844357977,0.00155642023346,0.0049578684258,1
bounded-robust-whitening-v1.0.0,8,50,TargetOnly,BOUNDED_ROBUST_WHITENING,4,sensitivity,6.88827095314,100,True,False,0.488741721854,0.03,False,0.797668874172,0.969263487117,1.10060373511,1716,1,514,5.83657587549e-05,0.000272373540856,0.00191717989023,1
bounded-robust-whitening-v1.0.0,8,50,RACE,BOUNDED_ROBUST_WHITENING,3,primary,6.17104480951,100,True,False,0.214569536424,0.06,False,0.527125827815,0.913949483592,1.006536565,1989,1,514,0.000739299610895,0.00126459143969,0.00244028139253,0.454545454545
bounded-robust-whitening-v1.0.0,8,50,RACE,BOUNDED_ROBUST_WHITENING,2.5,sensitivity,5.90326013356,100,True,False,0.193377483444,0.04,False,0.532834437086,0.915289205154,1.0107099415,1989,1,514,0.00190661478599,0.00235408560311,0.00371324760997,0.454545454545
bounded-robust-whitening-v1.0.0,8,50,RACE,BOUNDED_ROBUST_WHITENING,4,sensitivity,6.87715685265,100,True,False,0.174834437086,0.04,False,0.526715231788,0.912617654688,1.03888588462,2018,1,514,0.000194552529183,0.000544747081712,0.00116989202979,0.454545454545
bounded-robust-whitening-v1.0.0,8,100,TargetOnly,CURRENT_MAHALANOBIS,none,reference,145.323327948,100,True,False,1,0.01,True,0.990026490066,0.99288399346,3.37060616294,1840,1,533,0,0,0,
bounded-robust-whitening-v1.0.0,8,100,RACE,CURRENT_MAHALANOBIS,none,reference,34.0091050174,100,True,False,0.997350993377,0.02,False,0.99838410596,0.999769987827,1.19699490811,1840,1,542,0,0,0,0.625
bounded-robust-whitening-v1.0.0,8,100,TargetOnly,ROBUST_DIAGONAL,3,primary,34.6505661265,100,True,False,0.411920529801,0,False,0.96940397351,0.9953687296,1.15345017572,1840,1,513,0.0230019493177,0.0257894736842,0.109487109975,
bounded-robust-whitening-v1.0.0,8,100,TargetOnly,ROBUST_DIAGONAL,2.5,sensitivity,31.9512728944,100,True,False,0.409271523179,0,False,0.963006622517,0.994448543713,1.11100481093,1840,1,513,0.0336257309942,0.0366861598441,0.144086854369,
bounded-robust-whitening-v1.0.0,8,100,TargetOnly,ROBUST_DIAGONAL,4,sensitivity,39.1745217194,100,True,False,0.385430463576,0,False,0.974410596026,0.996103720402,1.24036099474,1840,1,513,0.0165497076023,0.0181091617934,0.073030995443,
bounded-robust-whitening-v1.0.0,8,100,TargetOnly,BOUNDED_ROBUST_WHITENING,3,primary,5.94646416483,100,True,False,0.495364238411,0.03,False,0.796039735099,0.965166909172,1.05013147137,1705,1,513,0.000175438596491,0.00046783625731,0.00321185598286,1
bounded-robust-whitening-v1.0.0,8,100,TargetOnly,BOUNDED_ROBUST_WHITENING,2.5,sensitivity,5.46447033697,100,True,False,0.529801324503,0.03,False,0.795867549669,0.965089023516,1.00067485861,1705,1,513,0.000350877192982,0.000916179337232,0.00443050230433,1
bounded-robust-whitening-v1.0.0,8,100,TargetOnly,BOUNDED_ROBUST_WHITENING,4,sensitivity,6.0952840149,100,True,False,0.533774834437,0.06,False,0.794622516556,0.965997175164,1.03742370522,1705,1,513,0,7.79727095517e-05,0.00152330790184,1
bounded-robust-whitening-v1.0.0,8,100,RACE,BOUNDED_ROBUST_WHITENING,3,primary,5.64852694259,100,True,False,0.32582781457,0.05,False,0.726026490066,0.955140655135,1.01535556824,1989,1,513,0.000253411306043,0.000701754385965,0.00250183958793,0.625
bounded-robust-whitening-v1.0.0,8,100,RACE,BOUNDED_ROBUST_WHITENING,2.5,sensitivity,5.53797516227,100,True,False,0.271523178808,0.02,False,0.72238410596,0.954490849674,1.00533660552,1935,1,513,0.000974658869396,0.00138401559454,0.00386248918839,0.625
bounded-robust-whitening-v1.0.0,8,100,RACE,BOUNDED_ROBUST_WHITENING,4,sensitivity,6.18145533929,100,True,False,0.278145695364,0.04,False,0.723536423841,0.954686851208,1.06458395523,1807,1,513,0,0.000136452241715,0.00104307863109,0.625
bounded-robust-whitening-v1.0.0,9,10,TargetOnly,CURRENT_MAHALANOBIS,none,reference,6755.91836754,100,True,False,0.00264900662252,0,False,1,1,156.059354144,1710,1,529,0,0,0,
bounded-robust-whitening-v1.0.0,9,10,RACE,CURRENT_MAHALANOBIS,none,reference,54.3839577813,100,True,False,0.471523178808,0,False,0.985125827815,0.997696046019,1.61419122781,1775,1,542,0,0,0,0.142857142857
bounded-robust-whitening-v1.0.0,9,10,TargetOnly,ROBUST_DIAGONAL,3,primary,35.3938913928,100,True,False,0.537748344371,0.02,False,0.959086092715,0.993428136675,1.017539461,1979,1,514,0.0446108949416,0.0464007782101,0.137653000747,
bounded-robust-whitening-v1.0.0,9,10,TargetOnly,ROBUST_DIAGONAL,2.5,sensitivity,32.669765326,100,True,False,0.527152317881,0.03,False,0.953311258278,0.992394509651,1.00581997748,1979,1,514,0.0682101167315,0.0711284046693,0.182495426083,
bounded-robust-whitening-v1.0.0,9,10,TargetOnly,ROBUST_DIAGONAL,4,sensitivity,39.6411705195,100,True,False,0.543046357616,0.02,False,0.966476821192,0.99468923501,1.05088298981,1979,1,514,0.0245914396887,0.0260505836576,0.0907568222228,
bounded-robust-whitening-v1.0.0,9,10,TargetOnly,BOUNDED_ROBUST_WHITENING,3,primary,14.4505869741,100,True,False,0.423841059603,0.02,False,0.787735099338,0.967668657836,1.0001582545,1848,1,514,0.00955252918288,0.0100194552529,0.0260648852011,1
bounded-robust-whitening-v1.0.0,9,10,TargetOnly,BOUNDED_ROBUST_WHITENING,2.5,sensitivity,12.8190328459,100,True,False,0.42119205298,0.01,False,0.785880794702,0.967552811938,1.00133266319,1710,1,514,0.0128210116732,0.0135214007782,0.0316695441544,1
bounded-robust-whitening-v1.0.0,9,10,TargetOnly,BOUNDED_ROBUST_WHITENING,4,sensitivity,16.8014727481,100,True,False,0.446357615894,0.03,False,0.783761589404,0.966857828712,1.00002463003,1848,1,514,0.00552529182879,0.00583657587549,0.0187440410235,1
bounded-robust-whitening-v1.0.0,9,10,RACE,BOUNDED_ROBUST_WHITENING,3,primary,6.69898500792,100,True,False,0.0582781456954,0,False,0.352834437086,0.864228377271,1.03182020264,1983,1,514,0.00145914396887,0.00136186770428,0.00124204396114,0.142857142857
bounded-robust-whitening-v1.0.0,9,10,RACE,BOUNDED_ROBUST_WHITENING,2.5,sensitivity,6.09583235928,100,True,False,0.0569536423841,0,False,0.351695364238,0.862135112128,1.01611475919,1983,1,514,0.00291828793774,0.00262645914397,0.00216455794058,0.142857142857
bounded-robust-whitening-v1.0.0,9,10,RACE,BOUNDED_ROBUST_WHITENING,4,sensitivity,6.84324684079,100,True,False,0.128476821192,0,False,0.361364238411,0.868050138408,1.00810917012,2006,1,514,0.000252918287938,0.000233463035019,0.000345298528616,0.142857142857
bounded-robust-whitening-v1.0.0,9,25,TargetOnly,CURRENT_MAHALANOBIS,none,reference,9595.40874191,100,True,False,0.00264900662252,0,False,1,1,248.459313098,1710,1,532,0,0,0,
bounded-robust-whitening-v1.0.0,9,25,RACE,CURRENT_MAHALANOBIS,none,reference,55.9870201549,100,True,False,0.438410596026,0,False,0.992834437086,0.998796586735,1.73816218417,1775,1,542,0,0,0,0.294117647059
bounded-robust-whitening-v1.0.0,9,25,TargetOnly,ROBUST_DIAGONAL,3,primary,32.8629828231,100,True,False,0.560264900662,0.02,False,0.964821192053,0.994451419493,1.04164025729,1979,1,512,0.031953125,0.03345703125,0.117663493377,
bounded-robust-whitening-v1.0.0,9,25,TargetOnly,ROBUST_DIAGONAL,2.5,sensitivity,30.8017027085,100,True,False,0.523178807947,0.01,False,0.960238410596,0.993686830884,1.03120439584,1979,1,512,0.046953125,0.0490625,0.153686361755,
bounded-robust-whitening-v1.0.0,9,25,TargetOnly,ROBUST_DIAGONAL,4,sensitivity,35.4835489359,100,True,False,0.646357615894,0.02,False,0.968649006623,0.995085438452,1.03788945471,1979,1,512,0.01998046875,0.021796875,0.079428807947,
bounded-robust-whitening-v1.0.0,9,25,TargetOnly,BOUNDED_ROBUST_WHITENING,3,primary,7.51589276811,100,True,False,0.335099337748,0.01,False,0.773509933775,0.965337466752,1.01065551514,1950,1,512,0.0023046875,0.00224609375,0.00598872102649,1
bounded-robust-whitening-v1.0.0,9,25,TargetOnly,BOUNDED_ROBUST_WHITENING,2.5,sensitivity,6.93815883599,100,True,False,0.312582781457,0.01,False,0.765880794702,0.963718344291,1.0215761705,1950,1,512,0.0033984375,0.003125,0.00782284768212,1
bounded-robust-whitening-v1.0.0,9,25,TargetOnly,BOUNDED_ROBUST_WHITENING,4,sensitivity,8.81080905525,100,True,False,0.305960264901,0.01,False,0.766370860927,0.963710814649,1.00522629646,1729,1,512,0.00142578125,0.00111328125,0.0035414942053,1
bounded-robust-whitening-v1.0.0,9,25,RACE,BOUNDED_ROBUST_WHITENING,3,primary,6.4170966739,100,True,False,0.181456953642,0,False,0.442119205298,0.895964448156,1.04072817152,1710,1,512,0.001484375,0.00126953125,0.00161941225166,0.294117647059
bounded-robust-whitening-v1.0.0,9,25,RACE,BOUNDED_ROBUST_WHITENING,2.5,sensitivity,5.98209021871,100,True,False,0.181456953642,0.04,False,0.452264900662,0.896832059091,1.02091972562,1710,1,512,0.0026953125,0.00228515625,0.00272402731788,0.294117647059
bounded-robust-whitening-v1.0.0,9,25,RACE,BOUNDED_ROBUST_WHITENING,4,sensitivity,6.97631648743,100,True,False,0.18940397351,0,False,0.45098013245,0.901222530176,1.00614947423,1782,1,512,0.00041015625,0.0004296875,0.000773489238411,0.294117647059
bounded-robust-whitening-v1.0.0,9,50,TargetOnly,CURRENT_MAHALANOBIS,none,reference,12737.2676019,100,True,False,0.00264900662252,0,False,1,1,350.045091574,1710,1,535,0,0,0,
bounded-robust-whitening-v1.0.0,9,50,RACE,CURRENT_MAHALANOBIS,none,reference,33.4575441593,100,True,False,0.898013245033,0,False,0.999682119205,0.999957634707,1.07523805077,1710,1,542,0,0,0,0.454545454545
bounded-robust-whitening-v1.0.0,9,50,TargetOnly,ROBUST_DIAGONAL,3,primary,32.532339859,100,True,False,0.574834437086,0.02,False,0.963072847682,0.994070486163,1.00879039733,1979,1,513,0.02738791423,0.0276998050682,0.110806449531,
bounded-robust-whitening-v1.0.0,9,50,TargetOnly,ROBUST_DIAGONAL,2.5,sensitivity,30.7098101653,100,True,False,0.545695364238,0.02,False,0.957894039735,0.993314558557,1.00582451837,1979,1,513,0.0407797270955,0.0409161793372,0.14868517873,
bounded-robust-whitening-v1.0.0,9,50,TargetOnly,ROBUST_DIAGONAL,4,sensitivity,34.8629428422,100,True,False,0.651655629139,0.02,False,0.967748344371,0.994779361835,1.00778627624,1710,1,513,0.017485380117,0.0186159844055,0.0722254495695,
bounded-robust-whitening-v1.0.0,9,50,TargetOnly,BOUNDED_ROBUST_WHITENING,3,primary,8.10777518331,100,True,False,0.0953642384106,0,False,0.867377483444,0.981150941264,1.44176759218,1710,1,513,0.000389863547758,0.000428849902534,0.00337709616204,1
bounded-robust-whitening-v1.0.0,9,50,TargetOnly,BOUNDED_ROBUST_WHITENING,2.5,sensitivity,7.95181099822,100,True,False,0.00662251655629,0,False,0.861430463576,0.980426886534,1.47983986322,1710,1,513,0.000779727095517,0.000955165692008,0.00478680144069,1
bounded-robust-whitening-v1.0.0,9,50,TargetOnly,BOUNDED_ROBUST_WHITENING,4,sensitivity,8.10777518331,100,True,False,0.2,0,False,0.871231788079,0.981715938075,1.35691910033,1710,1,513,1.94931773879e-05,0,0.00169629371442,1
bounded-robust-whitening-v1.0.0,9,50,RACE,BOUNDED_ROBUST_WHITENING,3,primary,6.41472297524,100,True,False,0.129801324503,0,False,0.603298013245,0.93393388143,1.15145444014,1710,1,513,0.00056530214425,0.00046783625731,0.00145101532344,0.454545454545
bounded-robust-whitening-v1.0.0,9,50,RACE,BOUNDED_ROBUST_WHITENING,2.5,sensitivity,5.90423937868,100,True,False,0.127152317881,0,False,0.613152317881,0.935732458146,1.12118802204,1710,1,513,0.00136452241715,0.00118908382066,0.00222299678556,0.454545454545
bounded-robust-whitening-v1.0.0,9,50,RACE,BOUNDED_ROBUST_WHITENING,4,sensitivity,7.01614262427,100,True,False,0.144370860927,0,False,0.604582781457,0.934133257329,1.21449173154,1710,1,513,9.74658869396e-05,0.000136452241715,0.000686779494727,0.454545454545
bounded-robust-whitening-v1.0.0,9,100,TargetOnly,CURRENT_MAHALANOBIS,none,reference,14613.605074,100,True,False,0.00264900662252,0,False,1,1,374.540698217,1710,1,534,0,0,0,
bounded-robust-whitening-v1.0.0,9,100,RACE,CURRENT_MAHALANOBIS,none,reference,38.2245706682,100,True,False,0.814569536424,0,False,0.999894039735,0.999985986339,1.1420170842,1710,1,542,0,0,0,0.625
bounded-robust-whitening-v1.0.0,9,100,TargetOnly,ROBUST_DIAGONAL,3,primary,32.0802427374,100,True,False,0.592052980132,0.02,False,0.964741721854,0.99441186965,1.02250865983,1710,1,511,0.0247358121331,0.0247749510763,0.108741462656,
bounded-robust-whitening-v1.0.0,9,100,TargetOnly,ROBUST_DIAGONAL,2.5,sensitivity,29.9882638362,100,True,False,0.606622516556,0.02,False,0.958,0.993424893517,1.00368168124,1710,1,511,0.0367514677104,0.0354794520548,0.143948367699,
bounded-robust-whitening-v1.0.0,9,100,TargetOnly,ROBUST_DIAGONAL,4,sensitivity,35.0741163651,100,True,False,0.603973509934,0.02,False,0.969867549669,0.99508316395,1.05747708798,1710,1,511,0.0170645792564,0.0174755381605,0.071473931131,
bounded-robust-whitening-v1.0.0,9,100,TargetOnly,BOUNDED_ROBUST_WHITENING,3,primary,9.99678259034,100,True,False,0.00264900662252,0,False,0.867284768212,0.981457189749,1.8483502863,1710,1,511,0.000117416829746,0.00013698630137,0.00232241676495,1
bounded-robust-whitening-v1.0.0,9,100,TargetOnly,BOUNDED_ROBUST_WHITENING,2.5,sensitivity,9.99678259034,100,True,False,0.00264900662252,0,False,0.869708609272,0.981784261026,1.94188239706,1710,1,511,0.000293542074364,0.000430528375734,0.00374541543007,1
bounded-robust-whitening-v1.0.0,9,100,TargetOnly,BOUNDED_ROBUST_WHITENING,4,sensitivity,9.99678259034,100,True,False,0.0172185430464,0,False,0.86280794702,0.980626022056,1.79879640647,1710,1,511,0,0,0.00115861639948,1
bounded-robust-whitening-v1.0.0,9,100,RACE,BOUNDED_ROBUST_WHITENING,3,primary,6.63864934913,100,True,False,0.124503311258,0,False,0.753814569536,0.962220815478,1.14813282252,1710,1,511,0.00013698630137,0.000215264187867,0.00146447039307,0.625
bounded-robust-whitening-v1.0.0,9,100,RACE,BOUNDED_ROBUST_WHITENING,2.5,sensitivity,6.23485350065,100,True,False,0.100662251656,0,False,0.761973509934,0.963372947114,1.16950611011,1710,1,511,0.000724070450098,0.000900195694716,0.00242091211882,0.625
bounded-robust-whitening-v1.0.0,9,100,RACE,BOUNDED_ROBUST_WHITENING,4,sensitivity,7.14644423337,100,True,False,0.158940397351,0,False,0.749311258278,0.961223181379,1.23249967895,1710,1,511,1.95694716243e-05,0,0.000632443851168,0.625
bounded-robust-whitening-v1.0.0,10,10,TargetOnly,CURRENT_MAHALANOBIS,none,reference,24894.47513,100,True,False,0.288741721854,0,False,0.952158940397,0.990317299689,1.00003328331,1704,1,528,0,0,0,
bounded-robust-whitening-v1.0.0,10,10,RACE,CURRENT_MAHALANOBIS,none,reference,37.5268293738,100,True,False,0.717880794702,0.02,False,0.940370860927,0.992058315531,1.0509633402,1797,1,542,0,0,0,0.142857142857
bounded-robust-whitening-v1.0.0,10,10,TargetOnly,ROBUST_DIAGONAL,3,primary,39.937461963,100,True,False,0.384105960265,0,False,0.955284768212,0.99317132404,1.07947490417,1962,1,517,0.062669245648,0.0656479690522,0.173812238206,
bounded-robust-whitening-v1.0.0,10,10,TargetOnly,ROBUST_DIAGONAL,2.5,sensitivity,36.0320204815,100,True,False,0.386754966887,0,False,0.945721854305,0.991641858785,1.05901695616,1962,1,517,0.092417794971,0.0946615087041,0.219260378905,
bounded-robust-whitening-v1.0.0,10,10,TargetOnly,ROBUST_DIAGONAL,4,sensitivity,45.9394637795,100,True,False,0.409271523179,0,False,0.966874172185,0.995070446258,1.10700706764,1962,1,517,0.035164410058,0.0361315280464,0.119809906875,
bounded-robust-whitening-v1.0.0,10,10,TargetOnly,BOUNDED_ROBUST_WHITENING,3,primary,39.0779084715,100,True,False,0.558940397351,0,False,0.806331125828,0.972905626852,1.09916891929,1704,1,517,0.0266537717602,0.0258800773694,0.184372398068,1
bounded-robust-whitening-v1.0.0,10,10,TargetOnly,BOUNDED_ROBUST_WHITENING,2.5,sensitivity,34.5032710076,100,True,False,0.560264900662,0,False,0.804463576159,0.972694346401,1.06527416782,1704,1,517,0.032998065764,0.0323984526112,0.211349225665,1
bounded-robust-whitening-v1.0.0,10,10,TargetOnly,BOUNDED_ROBUST_WHITENING,4,sensitivity,47.0078356578,100,True,False,0.553642384106,0,False,0.800993377483,0.971946113493,1.15218517652,1704,1,517,0.0178143133462,0.0176015473888,0.132199264734,1
bounded-robust-whitening-v1.0.0,10,10,RACE,BOUNDED_ROBUST_WHITENING,3,primary,7.63022558901,100,True,False,0.0847682119205,0.01,False,0.315033112583,0.850457313333,1.00712856902,2015,1,517,0.00417794970986,0.00433268858801,0.00308709185699,0.142857142857
bounded-robust-whitening-v1.0.0,10,10,RACE,BOUNDED_ROBUST_WHITENING,2.5,sensitivity,7.01064042188,100,True,False,0.0807947019868,0.02,False,0.322860927152,0.852336297695,1.02973299699,1891,1,517,0.00537717601547,0.00568665377176,0.00395557662008,0.142857142857
bounded-robust-whitening-v1.0.0,10,10,RACE,BOUNDED_ROBUST_WHITENING,4,sensitivity,8.87721767314,100,True,False,0.0847682119205,0.02,False,0.309695364238,0.850219687923,1.00906574066,2014,1,517,0.00355899419729,0.00377176015474,0.00241843544648,0.142857142857
bounded-robust-whitening-v1.0.0,10,25,TargetOnly,CURRENT_MAHALANOBIS,none,reference,56.7141020248,100,True,False,1,0.01,True,1,1,1.5871134861,1962,1,534,0,0,0,
bounded-robust-whitening-v1.0.0,10,25,RACE,CURRENT_MAHALANOBIS,none,reference,26.5885360519,100,True,False,0.998675496689,0.03,False,0.997231788079,0.999590111661,1.00268921845,1962,1,542,0,0,0,0.294117647059
bounded-robust-whitening-v1.0.0,10,25,TargetOnly,ROBUST_DIAGONAL,3,primary,36.7089198525,100,True,False,0.407947019868,0,False,0.965324503311,0.994700218003,1.12211494012,1962,1,514,0.036906614786,0.035953307393,0.130600149458,
bounded-robust-whitening-v1.0.0,10,25,TargetOnly,ROBUST_DIAGONAL,2.5,sensitivity,33.4208194682,100,True,False,0.418543046358,0,False,0.960675496689,0.994000783611,1.09416164715,1962,1,514,0.0541245136187,0.0530739299611,0.171164996006,
bounded-robust-whitening-v1.0.0,10,25,TargetOnly,ROBUST_DIAGONAL,4,sensitivity,41.8867065896,100,True,False,0.398675496689,0,False,0.970794701987,0.995557656764,1.16804225064,1962,1,514,0.022626459144,0.0220038910506,0.0849254000567,
bounded-robust-whitening-v1.0.0,10,25,TargetOnly,BOUNDED_ROBUST_WHITENING,3,primary,8.10674756108,100,True,False,0.483443708609,0,False,0.812317880795,0.973481684412,1.05807252034,1719,1,514,0.00249027237354,0.00237354085603,0.00824335815703,1
bounded-robust-whitening-v1.0.0,10,25,TargetOnly,BOUNDED_ROBUST_WHITENING,2.5,sensitivity,7.06131536836,100,True,False,0.541721854305,0,False,0.806013245033,0.972482521369,1.02494560169,1719,1,514,0.00365758754864,0.00389105058366,0.00993119797975,1
bounded-robust-whitening-v1.0.0,10,25,TargetOnly,BOUNDED_ROBUST_WHITENING,4,sensitivity,9.32085787758,100,True,False,0.527152317881,0,False,0.819880794702,0.974548642919,1.01921172165,1719,1,514,0.00130350194553,0.00110894941634,0.00560981266266,1
bounded-robust-whitening-v1.0.0,10,25,RACE,BOUNDED_ROBUST_WHITENING,3,primary,7.51821425146,100,True,False,0.129801324503,0,False,0.408781456954,0.883437619143,1.03010366382,1991,1,514,0.00231517509728,0.00258754863813,0.00275981137424,0.294117647059
bounded-robust-whitening-v1.0.0,10,25,RACE,BOUNDED_ROBUST_WHITENING,2.5,sensitivity,7.18912870884,100,True,False,0.076821192053,0,False,0.412344370861,0.883486989333,1.07200478206,1991,1,514,0.0041439688716,0.004046692607,0.00419769629191,0.294117647059
bounded-robust-whitening-v1.0.0,10,25,RACE,BOUNDED_ROBUST_WHITENING,4,sensitivity,8.42817507267,100,True,False,0.143046357616,0,False,0.423298013245,0.888645902425,1.06404946022,2014,1,514,0.000447470817121,0.000525291828794,0.00113123920942,0.294117647059
bounded-robust-whitening-v1.0.0,10,50,TargetOnly,CURRENT_MAHALANOBIS,none,reference,63.9665098773,100,True,False,1,0.01,True,1,1,1.69904983602,1962,1,534,0,0,0,
bounded-robust-whitening-v1.0.0,10,50,RACE,CURRENT_MAHALANOBIS,none,reference,26.7548636614,100,True,False,1,0.03,False,0.999443708609,0.999924996428,1.02066894951,1962,1,542,0,0,0,0.454545454545
bounded-robust-whitening-v1.0.0,10,50,TargetOnly,ROBUST_DIAGONAL,3,primary,37.1802195201,100,True,False,0.414569536424,0,False,0.963350993377,0.994428785132,1.09685786862,1962,1,514,0.0321595330739,0.0320038910506,0.133228541243,
bounded-robust-whitening-v1.0.0,10,50,TargetOnly,ROBUST_DIAGONAL,2.5,sensitivity,33.889245777,100,True,False,0.413245033113,0,False,0.958622516556,0.993718251792,1.06824761572,1962,1,514,0.0484241245136,0.0479571984436,0.176687195609,
bounded-robust-whitening-v1.0.0,10,50,TargetOnly,ROBUST_DIAGONAL,4,sensitivity,42.5421077322,100,True,False,0.392052980132,0,False,0.968185430464,0.995184516786,1.14530359904,1962,1,514,0.0203501945525,0.0202918287938,0.0856881490453,
bounded-robust-whitening-v1.0.0,10,50,TargetOnly,BOUNDED_ROBUST_WHITENING,3,primary,8.65436111815,100,True,False,0.417218543046,0,False,0.813682119205,0.973987603305,1.00239292442,1719,1,514,0.00134241245136,0.00124513618677,0.00862988636071,1
bounded-robust-whitening-v1.0.0,10,50,TargetOnly,BOUNDED_ROBUST_WHITENING,2.5,sensitivity,7.81971651426,100,True,False,0.335099337748,0,False,0.806079470199,0.972446601712,1.01088400393,1719,1,514,0.00212062256809,0.00225680933852,0.0102223825598,1
bounded-robust-whitening-v1.0.0,10,50,TargetOnly,BOUNDED_ROBUST_WHITENING,4,sensitivity,9.87943444158,100,True,False,0.487417218543,0,False,0.818304635762,0.974803104817,1.02913595344,1704,1,514,0.000583657587549,0.000505836575875,0.00584688329425,1
bounded-robust-whitening-v1.0.0,10,50,RACE,BOUNDED_ROBUST_WHITENING,3,primary,7.37181395472,100,True,False,0.158940397351,0,False,0.560291390728,0.917011981525,1.07899664596,2014,1,514,0.00142023346304,0.00143968871595,0.00315149328729,0.454545454545
bounded-robust-whitening-v1.0.0,10,50,RACE,BOUNDED_ROBUST_WHITENING,2.5,sensitivity,6.4822892506,100,True,False,0.176158940397,0.02,False,0.551721854305,0.915507392867,1.05052440525,2014,1,514,0.00272373540856,0.00282101167315,0.00473110521298,0.454545454545
bounded-robust-whitening-v1.0.0,10,50,RACE,BOUNDED_ROBUST_WHITENING,4,sensitivity,8.00605947549,100,True,False,0.160264900662,0,False,0.590582781457,0.923775068111,1.12007444362,2014,1,514,0.000155642023346,0.000175097276265,0.00133481073002,0.454545454545
bounded-robust-whitening-v1.0.0,10,100,TargetOnly,CURRENT_MAHALANOBIS,none,reference,70.1888151861,100,True,False,1,0.01,True,1,1,1.80961268755,1962,1,534,0,0,0,
bounded-robust-whitening-v1.0.0,10,100,RACE,CURRENT_MAHALANOBIS,none,reference,29.254182834,100,True,False,1,0.03,False,0.999894039735,0.999985986339,1.07041708675,1962,1,542,0,0,0,0.625
bounded-robust-whitening-v1.0.0,10,100,TargetOnly,ROBUST_DIAGONAL,3,primary,35.5000258051,100,True,False,0.390728476821,0,False,0.966370860927,0.99473797407,1.11873500739,1962,1,513,0.024522417154,0.0247563352827,0.112507907001,
bounded-robust-whitening-v1.0.0,10,100,TargetOnly,ROBUST_DIAGONAL,2.5,sensitivity,32.6108405491,100,True,False,0.397350993377,0,False,0.959986754967,0.99374205421,1.0859276694,1962,1,513,0.036530214425,0.0367056530214,0.149258355602,
bounded-robust-whitening-v1.0.0,10,100,TargetOnly,ROBUST_DIAGONAL,4,sensitivity,40.0371063982,100,True,False,0.385430463576,0,False,0.973258278146,0.995830937373,1.18468839586,1962,1,513,0.0163352826511,0.0164912280702,0.072772807663,
bounded-robust-whitening-v1.0.0,10,100,TargetOnly,BOUNDED_ROBUST_WHITENING,3,primary,6.37236037638,100,True,False,0.441059602649,0.01,False,0.837894039735,0.976612357138,1.02025034614,1719,1,513,0.000175438596491,0.000253411306043,0.00328156668345,1
bounded-robust-whitening-v1.0.0,10,100,TargetOnly,BOUNDED_ROBUST_WHITENING,2.5,sensitivity,6.01640625569,100,True,False,0.425165562914,0.01,False,0.835178807947,0.976236071663,1.017079456,1715,1,513,0.000682261208577,0.000740740740741,0.00489007655268,1
bounded-robust-whitening-v1.0.0,10,100,TargetOnly,BOUNDED_ROBUST_WHITENING,4,sensitivity,6.45885195974,100,True,False,0.501986754967,0.01,False,0.839006622517,0.977045865908,1.0340981298,1719,1,513,0,0,0.00155687231323,1
bounded-robust-whitening-v1.0.0,10,100,RACE,BOUNDED_ROBUST_WHITENING,3,primary,5.71406570248,100,True,False,0.283443708609,0,False,0.77021192053,0.965566419591,1.00918438208,1871,1,513,0.000214424951267,0.000350877192982,0.00241663762054,0.625
bounded-robust-whitening-v1.0.0,10,100,RACE,BOUNDED_ROBUST_WHITENING,2.5,sensitivity,5.49759905738,100,True,False,0.260927152318,0.01,False,0.756569536424,0.962669785041,1.02813980123,2014,1,513,0.00105263157895,0.00107212475634,0.00367143023121,0.625
bounded-robust-whitening-v1.0.0,10,100,RACE,BOUNDED_ROBUST_WHITENING,4,sensitivity,5.90751185122,100,True,False,0.303311258278,0,False,0.773761589404,0.966593987994,1.02345521987,1871,1,513,0,0,0.00102500548649,0.625
bounded-robust-whitening-v1.0.0,11,10,TargetOnly,CURRENT_MAHALANOBIS,none,reference,17642.4414755,100,True,False,0.581456953642,0.04,False,0.954291390728,0.991243548588,1.00000345103,1721,1,529,0,0,0,
bounded-robust-whitening-v1.0.0,11,10,RACE,CURRENT_MAHALANOBIS,none,reference,37.8730181999,100,True,False,0.700662251656,0.03,False,0.967271523179,0.994757559125,1.12533402964,1840,1,542,0,0,0,0.142857142857
bounded-robust-whitening-v1.0.0,11,10,TargetOnly,ROBUST_DIAGONAL,3,primary,39.1369251077,100,True,False,0.392052980132,0,False,0.948569536424,0.992363277164,1.04202942744,1840,1,515,0.065786407767,0.0653203883495,0.165004822221,
bounded-robust-whitening-v1.0.0,11,10,TargetOnly,ROBUST_DIAGONAL,2.5,sensitivity,35.1737728571,100,True,False,0.427814569536,0,False,0.93901986755,0.990832045821,1.02555235773,1840,1,515,0.0965436893204,0.0932233009709,0.210367131743,
bounded-robust-whitening-v1.0.0,11,10,TargetOnly,ROBUST_DIAGONAL,4,sensitivity,45.6779709426,100,True,False,0.35761589404,0,False,0.961271523179,0.994335604854,1.09046513551,1840,1,515,0.0369708737864,0.036640776699,0.112155854176,
bounded-robust-whitening-v1.0.0,11,10,TargetOnly,BOUNDED_ROBUST_WHITENING,3,primary,33.9459502732,100,True,False,0.430463576159,0.01,False,0.77782781457,0.96818198241,1.01504289312,2017,1,515,0.0109902912621,0.017786407767,0.117065517907,1
bounded-robust-whitening-v1.0.0,11,10,TargetOnly,BOUNDED_ROBUST_WHITENING,2.5,sensitivity,30.3321021539,100,True,False,0.425165562914,0.01,False,0.777377483444,0.967944303759,1.01244339817,2017,1,515,0.0147766990291,0.0225242718447,0.145157847361,1
bounded-robust-whitening-v1.0.0,11,10,TargetOnly,BOUNDED_ROBUST_WHITENING,4,sensitivity,39.8943801181,100,True,False,0.406622516556,0.01,False,0.780900662252,0.968642053398,1.01951992682,2017,1,515,0.00621359223301,0.011145631068,0.0870597312416,1
bounded-robust-whitening-v1.0.0,11,10,RACE,BOUNDED_ROBUST_WHITENING,3,primary,8.08901031708,100,True,False,0,0,False,0.323152317881,0.837204445413,1.05645694729,2017,1,515,0.00403883495146,0.00417475728155,0.00256156368546,0.142857142857
bounded-robust-whitening-v1.0.0,11,10,RACE,BOUNDED_ROBUST_WHITENING,2.5,sensitivity,7.14987083191,100,True,False,0,0,False,0.336768211921,0.837842653642,1.03767850032,2017,1,515,0.00487378640777,0.00483495145631,0.00315051758503,0.142857142857
bounded-robust-whitening-v1.0.0,11,10,RACE,BOUNDED_ROBUST_WHITENING,4,sensitivity,9.0759861525,100,True,False,0.00529801324503,0,False,0.31638410596,0.844509752121,1.04412816563,2017,1,515,0.00219417475728,0.00219417475728,0.00165884395294,0.142857142857
bounded-robust-whitening-v1.0.0,11,25,TargetOnly,CURRENT_MAHALANOBIS,none,reference,19848.090674,100,True,False,0.61059602649,0.03,False,0.956450331126,0.9917143865,1.00001044087,1704,1,531,0,0,0,
bounded-robust-whitening-v1.0.0,11,25,RACE,CURRENT_MAHALANOBIS,none,reference,32.0339550152,100,True,False,0.883443708609,0.02,False,0.99442384106,0.999202748425,1.16104005918,1840,1,542,0,0,0,0.294117647059
bounded-robust-whitening-v1.0.0,11,25,TargetOnly,ROBUST_DIAGONAL,3,primary,38.4390776758,100,True,False,0.276821192053,0,False,0.938821192053,0.991068564102,1.16073889978,1840,1,514,0.0373540856031,0.034280155642,0.127976911382,
bounded-robust-whitening-v1.0.0,11,25,TargetOnly,ROBUST_DIAGONAL,2.5,sensitivity,34.9105147627,100,True,False,0.271523178808,0,False,0.926662251656,0.989175102057,1.13466858348,1840,1,514,0.0588910505837,0.0553112840467,0.167938773933,
bounded-robust-whitening-v1.0.0,11,25,TargetOnly,ROBUST_DIAGONAL,4,sensitivity,44.1022430109,100,True,False,0.272847682119,0,False,0.95421192053,0.993353708624,1.2178848211,1840,1,514,0.0213229571984,0.0188521400778,0.0840724611539,
bounded-robust-whitening-v1.0.0,11,25,TargetOnly,BOUNDED_ROBUST_WHITENING,3,primary,34.1057926007,100,True,False,0.554966887417,0,False,0.808410596026,0.97300752474,1.09966959165,1704,1,514,0.00657587548638,0.0122568093385,0.102749503955,1
bounded-robust-whitening-v1.0.0,11,25,TargetOnly,BOUNDED_ROBUST_WHITENING,2.5,sensitivity,31.4197910849,100,True,False,0.527152317881,0,False,0.808940397351,0.973083216858,1.10197225051,1704,1,514,0.00920233463035,0.0170622568093,0.129785863375,1
bounded-robust-whitening-v1.0.0,11,25,TargetOnly,BOUNDED_ROBUST_WHITENING,4,sensitivity,38.3493783831,100,True,False,0.570860927152,0,False,0.809920529801,0.973135399043,1.1180386424,1704,1,514,0.0034046692607,0.0058560311284,0.0661195145206,1
bounded-robust-whitening-v1.0.0,11,25,RACE,BOUNDED_ROBUST_WHITENING,3,primary,7.10841349893,100,True,False,0.108609271523,0,False,0.516039735099,0.906161413291,1.02247666826,1871,1,514,0.0027626459144,0.00287937743191,0.00303038111681,0.294117647059
bounded-robust-whitening-v1.0.0,11,25,RACE,BOUNDED_ROBUST_WHITENING,2.5,sensitivity,6.45477256248,100,True,False,0.112582781457,0.01,False,0.53957615894,0.909121331886,1.01333552299,1871,1,514,0.0038326848249,0.00377431906615,0.00400443219007,0.294117647059
bounded-robust-whitening-v1.0.0,11,25,RACE,BOUNDED_ROBUST_WHITENING,4,sensitivity,8.0836771628,100,True,False,0.133774834437,0,False,0.451483443709,0.892113093493,1.08672366183,1871,1,514,0.00194552529183,0.00212062256809,0.00169814724148,0.294117647059
bounded-robust-whitening-v1.0.0,11,50,TargetOnly,CURRENT_MAHALANOBIS,none,reference,106.901479039,100,True,False,1,0.01,True,0.990026490066,0.99288399346,2.78753960619,1840,1,534,0,0,0,
bounded-robust-whitening-v1.0.0,11,50,RACE,CURRENT_MAHALANOBIS,none,reference,31.5229196636,100,True,False,0.984105960265,0.03,False,0.997258278146,0.999621750642,1.19944425476,1840,1,542,0,0,0,0.454545454545
bounded-robust-whitening-v1.0.0,11,50,TargetOnly,ROBUST_DIAGONAL,3,primary,36.719350814,100,True,False,0.308609271523,0,False,0.952013245033,0.993008210624,1.16095972631,1840,1,514,0.0279377431907,0.0256614785992,0.114085087742,
bounded-robust-whitening-v1.0.0,11,50,TargetOnly,ROBUST_DIAGONAL,2.5,sensitivity,33.8006559231,100,True,False,0.295364238411,0,False,0.940437086093,0.991200354754,1.12895226795,1840,1,514,0.0426459143969,0.0389688715953,0.150302780426,
bounded-robust-whitening-v1.0.0,11,50,TargetOnly,ROBUST_DIAGONAL,4,sensitivity,41.5901096362,100,True,False,0.319205298013,0,False,0.962966887417,0.994673375584,1.21876622188,1840,1,514,0.0179571984436,0.016673151751,0.0752828098024,
bounded-robust-whitening-v1.0.0,11,50,TargetOnly,BOUNDED_ROBUST_WHITENING,3,primary,6.91917363103,100,True,False,0.415894039735,0.01,False,0.803960264901,0.967192182034,1.05989750124,2017,1,514,0.000583657587549,0.000719844357977,0.00464606900817,1
bounded-robust-whitening-v1.0.0,11,50,TargetOnly,BOUNDED_ROBUST_WHITENING,2.5,sensitivity,6.17867957964,100,True,False,0.427814569536,0.01,False,0.804701986755,0.967374132337,1.01622732609,2017,1,514,0.00126459143969,0.00136186770428,0.00608653078053,1
bounded-robust-whitening-v1.0.0,11,50,TargetOnly,BOUNDED_ROBUST_WHITENING,4,sensitivity,7.22937022528,100,True,False,0.597350993377,0.01,False,0.804450331126,0.967285713782,1.00954208616,2017,1,514,0.000155642023346,0.000214007782101,0.00263096863968,1
bounded-robust-whitening-v1.0.0,11,50,RACE,BOUNDED_ROBUST_WHITENING,3,primary,7.0257314113,100,True,False,0.135099337748,0.02,False,0.553854304636,0.915879515971,1.03357809999,1793,1,514,0.00128404669261,0.00142023346304,0.00229340067514,0.454545454545
bounded-robust-whitening-v1.0.0,11,50,RACE,BOUNDED_ROBUST_WHITENING,2.5,sensitivity,6.67223148664,100,True,False,0.082119205298,0,False,0.572701986755,0.919219658167,1.03237667236,1793,1,514,0.00295719844358,0.00299610894942,0.00361275027701,0.454545454545
bounded-robust-whitening-v1.0.0,11,50,RACE,BOUNDED_ROBUST_WHITENING,4,sensitivity,7.50738981695,100,True,False,0.158940397351,0.02,False,0.548609271523,0.916300696996,1.02938251011,1793,1,514,0.000214007782101,0.000291828793774,0.00106681784214,0.454545454545
bounded-robust-whitening-v1.0.0,11,100,TargetOnly,CURRENT_MAHALANOBIS,none,reference,78.2040475218,100,True,False,1,0.01,True,0.990026490066,0.99288399346,1.92094455908,1840,1,534,0,0,0,
bounded-robust-whitening-v1.0.0,11,100,RACE,CURRENT_MAHALANOBIS,none,reference,32.5496386433,100,True,False,0.997350993377,0.04,False,0.997841059603,0.999687706096,1.20218374265,1840,1,542,0,0,0,0.625
bounded-robust-whitening-v1.0.0,11,100,TargetOnly,ROBUST_DIAGONAL,3,primary,34.8293176164,100,True,False,0.418543046358,0,False,0.97101986755,0.995801038585,1.14666558293,1840,1,513,0.0240545808967,0.0230409356725,0.111604249771,
bounded-robust-whitening-v1.0.0,11,100,TargetOnly,ROBUST_DIAGONAL,2.5,sensitivity,32.1246167295,100,True,False,0.417218543046,0,False,0.962874172185,0.994566910556,1.10554785362,1840,1,513,0.0364717348928,0.0340545808967,0.147092160128,
bounded-robust-whitening-v1.0.0,11,100,TargetOnly,ROBUST_DIAGONAL,4,sensitivity,39.1256219633,100,True,False,0.403973509934,0,False,0.977841059603,0.996835816064,1.21171971541,1840,1,513,0.0166861598441,0.0157115009747,0.0731575074552,
bounded-robust-whitening-v1.0.0,11,100,TargetOnly,BOUNDED_ROBUST_WHITENING,3,primary,5.3914571513,100,True,False,0.61059602649,0.03,False,0.843496688742,0.972467614259,1.03492108253,1828,1,513,0.000175438596491,0.000292397660819,0.00287621186889,1
bounded-robust-whitening-v1.0.0,11,100,TargetOnly,BOUNDED_ROBUST_WHITENING,2.5,sensitivity,5.13008871408,100,True,False,0.635761589404,0.01,False,0.844092715232,0.972703857748,1.00537826386,1828,1,513,0.000584795321637,0.000643274853801,0.00472741825129,1
bounded-robust-whitening-v1.0.0,11,100,TargetOnly,BOUNDED_ROBUST_WHITENING,4,sensitivity,5.60550280203,100,True,False,0.569536423841,0.04,False,0.840397350993,0.971757515334,1.00537504772,1936,1,513,1.94931773879e-05,1.94931773879e-05,0.00126253824406,1
bounded-robust-whitening-v1.0.0,11,100,RACE,BOUNDED_ROBUST_WHITENING,3,primary,5.8570494338,100,True,False,0.271523178808,0.02,False,0.738649006623,0.958675507949,1.02492273325,1828,1,513,0.000136452241715,0.000175438596491,0.00193640834979,0.625
bounded-robust-whitening-v1.0.0,11,100,RACE,BOUNDED_ROBUST_WHITENING,2.5,sensitivity,5.48032167722,100,True,False,0.279470198675,0.02,False,0.738834437086,0.959172088906,1.01171177724,1828,1,513,0.00107212475634,0.00101364522417,0.00316280030466,0.625
bounded-robust-whitening-v1.0.0,11,100,RACE,BOUNDED_ROBUST_WHITENING,4,sensitivity,6.27822752104,100,True,False,0.239735099338,0.02,False,0.742953642384,0.959488452012,1.02621044969,1828,1,513,0,3.89863547758e-05,0.00100435046409,0.625
bounded-robust-whitening-v1.0.0,12,10,TargetOnly,CURRENT_MAHALANOBIS,none,reference,24717.0698635,100,True,False,0.574834437086,0.01,False,0.965430463576,0.994276945639,1.00002099821,1885,1,529,0,0,0,
bounded-robust-whitening-v1.0.0,12,10,RACE,CURRENT_MAHALANOBIS,none,reference,39.3532826112,100,True,False,0.694039735099,0.01,False,0.968225165563,0.995227355313,1.03518174824,1763,1,542,0,0,0,0.142857142857
bounded-robust-whitening-v1.0.0,12,10,TargetOnly,ROBUST_DIAGONAL,3,primary,35.7965415258,100,True,False,0.487417218543,0.01,False,0.95978807947,0.993685347118,1.05492625445,1962,1,515,0.047067961165,0.0453980582524,0.135047900727,
bounded-robust-whitening-v1.0.0,12,10,TargetOnly,ROBUST_DIAGONAL,2.5,sensitivity,32.8075726531,100,True,False,0.504635761589,0.01,False,0.953536423841,0.992850554238,1.0318205141,1962,1,515,0.0696699029126,0.0689708737864,0.177491159262,
bounded-robust-whitening-v1.0.0,12,10,TargetOnly,ROBUST_DIAGONAL,4,sensitivity,40.6948683498,100,True,False,0.456953642384,0.01,False,0.967761589404,0.994770488585,1.1081672666,1962,1,515,0.0286213592233,0.028427184466,0.0884588182344,
bounded-robust-whitening-v1.0.0,12,10,TargetOnly,BOUNDED_ROBUST_WHITENING,3,primary,22.6839574868,100,True,False,0.286092715232,0,False,0.757178807947,0.96499426349,1.10218552003,1703,1,515,0.00852427184466,0.00739805825243,0.0280254613258,1
bounded-robust-whitening-v1.0.0,12,10,TargetOnly,BOUNDED_ROBUST_WHITENING,2.5,sensitivity,21.7735496574,100,True,False,0.291390728477,0,False,0.756715231788,0.964914691118,1.08290925743,1703,1,515,0.0120194174757,0.011145631068,0.0393930431428,1
bounded-robust-whitening-v1.0.0,12,10,TargetOnly,BOUNDED_ROBUST_WHITENING,4,sensitivity,23.8235900842,100,True,False,0.311258278146,0,False,0.757735099338,0.965056589319,1.12374005187,1703,1,515,0.00421359223301,0.00353398058252,0.0139188580981,1
bounded-robust-whitening-v1.0.0,12,10,RACE,BOUNDED_ROBUST_WHITENING,3,primary,7.55127315268,100,True,False,0.0609271523179,0.01,False,0.303178807947,0.852470266103,1.01237669294,1995,1,515,0.00401941747573,0.00427184466019,0.00238153410918,0.142857142857
bounded-robust-whitening-v1.0.0,12,10,RACE,BOUNDED_ROBUST_WHITENING,2.5,sensitivity,6.99533345208,100,True,False,0.041059602649,0,False,0.313629139073,0.854225025266,1.03239891657,1995,1,515,0.00522330097087,0.00533980582524,0.00351057673761,0.142857142857
bounded-robust-whitening-v1.0.0,12,10,RACE,BOUNDED_ROBUST_WHITENING,4,sensitivity,8.77400729818,100,True,False,0.0529801324503,0,False,0.281986754967,0.847591625408,1.0646747473,1929,1,515,0.00207766990291,0.00211650485437,0.00141966180158,0.142857142857
bounded-robust-whitening-v1.0.0,12,25,TargetOnly,CURRENT_MAHALANOBIS,none,reference,53.9543050508,100,True,False,1,0.02,False,0.990026490066,0.99288399346,1.27878199602,1962,1,532,0,0,0,
bounded-robust-whitening-v1.0.0,12,25,RACE,CURRENT_MAHALANOBIS,none,reference,29.9727273285,100,True,False,0.984105960265,0.03,False,0.995774834437,0.999370509963,1.04729458952,1763,1,542,0,0,0,0.294117647059
bounded-robust-whitening-v1.0.0,12,25,TargetOnly,ROBUST_DIAGONAL,3,primary,33.9242563501,100,True,False,0.515231788079,0.02,False,0.94719205298,0.991718012114,1.00049043804,1901,1,513,0.0317933723197,0.0315984405458,0.116455598157,
bounded-robust-whitening-v1.0.0,12,25,TargetOnly,ROBUST_DIAGONAL,2.5,sensitivity,31.8736438287,100,True,False,0.478145695364,0.01,False,0.936953642384,0.990140994269,1.01735822123,1901,1,513,0.0497270955166,0.0488693957115,0.155488426733,
bounded-robust-whitening-v1.0.0,12,25,TargetOnly,ROBUST_DIAGONAL,4,sensitivity,37.8385858036,100,True,False,0.495364238411,0.01,False,0.958013245033,0.993338393279,1.03675523346,1962,1,513,0.0207602339181,0.0209941520468,0.0764184191162,
bounded-robust-whitening-v1.0.0,12,25,TargetOnly,BOUNDED_ROBUST_WHITENING,3,primary,7.56280413805,100,True,False,0.539072847682,0.02,False,0.825456953642,0.974314245763,1.02021952758,2002,1,513,0.00165692007797,0.00126705653021,0.00777145217717,1
bounded-robust-whitening-v1.0.0,12,25,TargetOnly,BOUNDED_ROBUST_WHITENING,2.5,sensitivity,6.87287160293,100,True,False,0.516556291391,0.03,False,0.819139072848,0.972808738327,1.02469027055,2002,1,513,0.00259259259259,0.00210526315789,0.00954520222558,1
bounded-robust-whitening-v1.0.0,12,25,TargetOnly,BOUNDED_ROBUST_WHITENING,4,sensitivity,8.59480676304,100,True,False,0.554966887417,0.01,False,0.82898013245,0.975277512763,1.03940102216,1965,1,513,0.000584795321637,0.000487329434698,0.00490298594168,1
bounded-robust-whitening-v1.0.0,12,25,RACE,BOUNDED_ROBUST_WHITENING,3,primary,7.01889355355,100,True,False,0.137748344371,0.02,False,0.446900662252,0.892458978348,1.01448443557,1929,1,513,0.0011306042885,0.00118908382066,0.00172211249242,0.294117647059
bounded-robust-whitening-v1.0.0,12,25,RACE,BOUNDED_ROBUST_WHITENING,2.5,sensitivity,6.72723084753,100,True,False,0.111258278146,0.01,False,0.459165562914,0.893864273222,1.0020867304,1929,1,513,0.00265107212476,0.00267056530214,0.00292784942489,0.294117647059
bounded-robust-whitening-v1.0.0,12,25,RACE,BOUNDED_ROBUST_WHITENING,4,sensitivity,7.50099104892,100,True,False,0.145695364238,0.01,False,0.448344370861,0.894977694139,1.04491339786,1929,1,513,0.000136452241715,0.000116959064327,0.000624814427533,0.294117647059
bounded-robust-whitening-v1.0.0,12,50,TargetOnly,CURRENT_MAHALANOBIS,none,reference,61.2667442142,100,True,False,1,0.02,False,0.990026490066,0.99288399346,1.01930492108,1706,1,533,0,0,0,
bounded-robust-whitening-v1.0.0,12,50,RACE,CURRENT_MAHALANOBIS,none,reference,27.5808155116,100,True,False,1,0.03,False,0.997933774834,0.999713606866,1.03848019421,1901,1,542,0,0,0,0.454545454545
bounded-robust-whitening-v1.0.0,12,50,TargetOnly,ROBUST_DIAGONAL,3,primary,34.4377703692,100,True,False,0.425165562914,0.01,False,0.970145695364,0.995371055727,1.0969866121,1962,1,514,0.0243579766537,0.0254085603113,0.108086170021,
bounded-robust-whitening-v1.0.0,12,50,TargetOnly,ROBUST_DIAGONAL,2.5,sensitivity,31.8679082551,100,True,False,0.426490066225,0.01,False,0.962556291391,0.994276154676,1.07261588133,1962,1,514,0.0371984435798,0.0383852140078,0.144278094158,
bounded-robust-whitening-v1.0.0,12,50,TargetOnly,ROBUST_DIAGONAL,4,sensitivity,38.2326131651,100,True,False,0.422516556291,0.01,False,0.976052980132,0.996182367771,1.14912715669,1962,1,514,0.0173929961089,0.0176459143969,0.0716932512176,
bounded-robust-whitening-v1.0.0,12,50,TargetOnly,BOUNDED_ROBUST_WHITENING,3,primary,6.66943670104,100,True,False,0.494039735099,0.01,False,0.84719205298,0.978073750805,1.18654691506,2006,1,514,0.000505836575875,0.000583657587549,0.00471564408483,1
bounded-robust-whitening-v1.0.0,12,50,TargetOnly,BOUNDED_ROBUST_WHITENING,2.5,sensitivity,5.98230873172,100,True,False,0.523178807947,0.02,False,0.849496688742,0.978095592501,1.10238475547,2006,1,514,0.00114785992218,0.00128404669261,0.00614064472904,1
bounded-robust-whitening-v1.0.0,12,50,TargetOnly,BOUNDED_ROBUST_WHITENING,4,sensitivity,7.1038664658,100,True,False,0.519205298013,0.02,False,0.850450331126,0.978762047399,1.1545081711,2006,1,514,3.89105058366e-05,9.72762645914e-05,0.00235009147834,1
bounded-robust-whitening-v1.0.0,12,50,RACE,BOUNDED_ROBUST_WHITENING,3,primary,6.51796964781,100,True,False,0.173509933775,0.01,False,0.58859602649,0.927266547249,1.1234130404,2006,1,514,0.00056420233463,0.000817120622568,0.00180637513851,0.454545454545
bounded-robust-whitening-v1.0.0,12,50,RACE,BOUNDED_ROBUST_WHITENING,2.5,sensitivity,5.94496591171,100,True,False,0.177483443709,0.02,False,0.589655629139,0.926765980244,1.05332177438,2006,1,514,0.00157587548638,0.00177042801556,0.00315922385137,0.454545454545
bounded-robust-whitening-v1.0.0,12,50,RACE,BOUNDED_ROBUST_WHITENING,4,sensitivity,6.55092804145,100,True,False,0.182781456954,0.02,False,0.583364238411,0.925807651467,1.02732072041,2006,1,514,3.89105058366e-05,7.78210116732e-05,0.000636483108717,0.454545454545
bounded-robust-whitening-v1.0.0,12,100,TargetOnly,CURRENT_MAHALANOBIS,none,reference,67.4633099788,100,True,False,1,0.02,False,0.990026490066,0.99288399346,1.69779907202,1962,1,534,0,0,0,
bounded-robust-whitening-v1.0.0,12,100,RACE,CURRENT_MAHALANOBIS,none,reference,28.7584933682,100,True,False,1,0.03,False,0.997880794702,0.999687134583,1.00913228467,1901,1,542,0,0,0,0.625
bounded-robust-whitening-v1.0.0,12,100,TargetOnly,ROBUST_DIAGONAL,3,primary,34.7309873824,100,True,False,0.388079470199,0,False,0.970887417219,0.995581129473,1.13859888402,1962,1,513,0.0210916179337,0.0218128654971,0.103073725521,
bounded-robust-whitening-v1.0.0,12,100,TargetOnly,ROBUST_DIAGONAL,2.5,sensitivity,32.1882443168,100,True,False,0.372185430464,0,False,0.96421192053,0.994653137172,1.09615498486,1962,1,513,0.0343469785575,0.0344444444444,0.139857738533,
bounded-robust-whitening-v1.0.0,12,100,TargetOnly,ROBUST_DIAGONAL,4,sensitivity,38.5875911295,100,True,False,0.396026490066,0.01,False,0.97698013245,0.996365154187,1.19363852738,1962,1,513,0.0145808966862,0.0146393762183,0.0667363773673,
bounded-robust-whitening-v1.0.0,12,100,TargetOnly,BOUNDED_ROBUST_WHITENING,3,primary,4.88351297895,100,True,False,0.531125827815,0.03,False,0.814370860927,0.967757394046,1.03393040523,1807,1,513,0.000155945419103,7.79727095517e-05,0.00221266927436,1
bounded-robust-whitening-v1.0.0,12,100,TargetOnly,BOUNDED_ROBUST_WHITENING,2.5,sensitivity,4.45214515658,100,True,False,0.592052980132,0.05,False,0.813682119205,0.967652537688,1.03154278228,1719,1,513,0.000526315789474,0.00046783625731,0.00334094987284,1
bounded-robust-whitening-v1.0.0,12,100,TargetOnly,BOUNDED_ROBUST_WHITENING,4,sensitivity,5.49277703925,100,True,False,0.414569536424,0.01,False,0.814463576159,0.967815946817,1.08217322492,1807,1,513,0,0,0.000939803519099,1
bounded-robust-whitening-v1.0.0,12,100,RACE,BOUNDED_ROBUST_WHITENING,3,primary,5.39723601647,100,True,False,0.22119205298,0.01,False,0.723629139073,0.955724805848,1.06800655069,1807,1,513,0.000175438596491,0.000175438596491,0.00148716161264,0.625
bounded-robust-whitening-v1.0.0,12,100,RACE,BOUNDED_ROBUST_WHITENING,2.5,sensitivity,4.81319857315,100,True,False,0.32582781457,0.03,False,0.710701986755,0.953518104701,1.00826834581,1807,1,513,0.000682261208577,0.000721247563353,0.00259478718872,0.625
bounded-robust-whitening-v1.0.0,12,100,RACE,BOUNDED_ROBUST_WHITENING,4,sensitivity,5.70425074386,100,True,False,0.219867549669,0.01,False,0.72578807947,0.95610378613,1.02750003782,1929,1,513,1.94931773879e-05,1.94931773879e-05,0.000524121193344,0.625
bounded-robust-whitening-v1.0.0,13,10,TargetOnly,CURRENT_MAHALANOBIS,none,reference,63.2051886452,100,True,False,1,0,True,1,1,1.57932503718,1962,1,528,0,0,0,
bounded-robust-whitening-v1.0.0,13,10,RACE,CURRENT_MAHALANOBIS,none,reference,55.5854067446,100,True,False,0.451655629139,0.01,False,0.980794701987,0.996910247205,1.39067979325,1861,1,542,0,0,0,0.142857142857
bounded-robust-whitening-v1.0.0,13,10,TargetOnly,ROBUST_DIAGONAL,3,primary,38.7999489567,100,True,False,0.380132450331,0,False,0.965298013245,0.994977365265,1.09486269805,1962,1,516,0.056996124031,0.0530426356589,0.153529441963,
bounded-robust-whitening-v1.0.0,13,10,TargetOnly,ROBUST_DIAGONAL,2.5,sensitivity,35.3023247111,100,True,False,0.36821192053,0,False,0.954410596026,0.993432103923,1.08066004432,1962,1,516,0.0837015503876,0.0800775193798,0.197451101186,
bounded-robust-whitening-v1.0.0,13,10,TargetOnly,ROBUST_DIAGONAL,4,sensitivity,44.3908686159,100,True,False,0.38940397351,0,False,0.977205298013,0.996671617176,1.14465759914,1962,1,516,0.0313372093023,0.0298255813953,0.101955952564,
bounded-robust-whitening-v1.0.0,13,10,TargetOnly,BOUNDED_ROBUST_WHITENING,3,primary,6.26933280644,100,True,False,0.00662251655629,0,False,0.582754966887,0.897693461827,1.0118385362,1934,1,516,0.00077519379845,0.000600775193798,0.000544175779044,1
bounded-robust-whitening-v1.0.0,13,10,TargetOnly,BOUNDED_ROBUST_WHITENING,2.5,sensitivity,5.57265949416,100,True,False,0.00662251655629,0,False,0.587125827815,0.9017903112,1.01307242349,1934,1,516,0.000833333333333,0.000755813953488,0.000675085990041,1
bounded-robust-whitening-v1.0.0,13,10,TargetOnly,BOUNDED_ROBUST_WHITENING,4,sensitivity,7.70650285143,100,True,False,0.00397350993377,0,False,0.575218543046,0.89366215614,1.05430671434,1858,1,516,0.000484496124031,0.000368217054264,0.000225884285641,1
bounded-robust-whitening-v1.0.0,13,10,RACE,BOUNDED_ROBUST_WHITENING,3,primary,5.06091275055,100,True,False,0.0119205298013,0,False,0.292119205298,0.841491515435,1.01729400359,1858,1,516,0.000368217054264,0.000251937984496,0.000328558960932,0.142857142857
bounded-robust-whitening-v1.0.0,13,10,RACE,BOUNDED_ROBUST_WHITENING,2.5,sensitivity,4.59228933687,100,True,False,0.0158940397351,0.01,False,0.281801324503,0.834972508735,1.0065702064,1975,1,516,0.000872093023256,0.00077519379845,0.00043893423687,0.142857142857
bounded-robust-whitening-v1.0.0,13,10,RACE,BOUNDED_ROBUST_WHITENING,4,sensitivity,5.88478187506,100,True,False,0.0158940397351,0,False,0.29778807947,0.848656418866,1.00571035142,1934,1,516,7.7519379845e-05,0,0.00011294214282,0.142857142857
bounded-robust-whitening-v1.0.0,13,25,TargetOnly,CURRENT_MAHALANOBIS,none,reference,69.3461883959,100,True,False,1,0,True,1,1,1.81179557339,1962,1,529,0,0,0,
bounded-robust-whitening-v1.0.0,13,25,RACE,CURRENT_MAHALANOBIS,none,reference,56.4086817097,100,True,False,0.429139072848,0.01,False,0.989258278146,0.997961885718,1.6142233007,1861,1,542,0,0,0,0.294117647059
bounded-robust-whitening-v1.0.0,13,25,TargetOnly,ROBUST_DIAGONAL,3,primary,36.2244502046,100,True,False,0.392052980132,0,False,0.98021192053,0.99728139168,1.12413340061,1962,1,512,0.03416015625,0.03208984375,0.122229408113,
bounded-robust-whitening-v1.0.0,13,25,TargetOnly,ROBUST_DIAGONAL,2.5,sensitivity,33.1960753333,100,True,False,0.398675496689,0,False,0.973880794702,0.99638866859,1.09036452348,1962,1,512,0.05123046875,0.048203125,0.162417218543,
bounded-robust-whitening-v1.0.0,13,25,TargetOnly,ROBUST_DIAGONAL,4,sensitivity,41.255615224,100,True,False,0.380132450331,0,False,0.985377483444,0.99801806837,1.1957926744,1962,1,512,0.0211328125,0.01900390625,0.0808800703642,
bounded-robust-whitening-v1.0.0,13,25,TargetOnly,BOUNDED_ROBUST_WHITENING,3,primary,7.8960317867,100,True,False,0.328476821192,0.01,False,0.784066225166,0.968448811424,1.0585491555,1742,1,512,0.0019921875,0.00173828125,0.00621378311258,1
bounded-robust-whitening-v1.0.0,13,25,TargetOnly,BOUNDED_ROBUST_WHITENING,2.5,sensitivity,6.97117766067,100,True,False,0.360264900662,0.02,False,0.77680794702,0.967205758439,1.00267564646,1742,1,512,0.0030859375,0.00291015625,0.00778921771523,1
bounded-robust-whitening-v1.0.0,13,25,TargetOnly,BOUNDED_ROBUST_WHITENING,4,sensitivity,9.42462668284,100,True,False,0.268874172185,0,False,0.789841059603,0.969148616038,1.08338774023,1742,1,512,0.00068359375,0.00072265625,0.00369153559603,1
bounded-robust-whitening-v1.0.0,13,25,RACE,BOUNDED_ROBUST_WHITENING,3,primary,7.57517168575,100,True,False,0.120529801325,0.01,False,0.327377483444,0.860062915578,1.03247612376,1977,1,512,0.0033203125,0.0030078125,0.00318967301325,0.294117647059
bounded-robust-whitening-v1.0.0,13,25,RACE,BOUNDED_ROBUST_WHITENING,2.5,sensitivity,6.95222365426,100,True,False,0.115231788079,0.01,False,0.335205298013,0.86099270523,1.02874302258,1977,1,512,0.0048828125,0.005,0.00441069950331,0.294117647059
bounded-robust-whitening-v1.0.0,13,25,RACE,BOUNDED_ROBUST_WHITENING,4,sensitivity,8.52909951138,100,True,False,0.131125827815,0,False,0.321629139073,0.861308177862,1.04406873539,1742,1,512,0.00134765625,0.00134765625,0.00179014900662,0.294117647059
bounded-robust-whitening-v1.0.0,13,50,TargetOnly,CURRENT_MAHALANOBIS,none,reference,64.7752385946,100,True,False,1,0,True,1,1,1.67929817481,1962,1,532,0,0,0,
bounded-robust-whitening-v1.0.0,13,50,RACE,CURRENT_MAHALANOBIS,none,reference,60.5683845013,100,True,False,0.402649006623,0.01,False,0.98901986755,0.997878736425,1.88069177706,1861,1,542,0,0,0,0.454545454545
bounded-robust-whitening-v1.0.0,13,50,TargetOnly,ROBUST_DIAGONAL,3,primary,36.2802886552,100,True,False,0.360264900662,0,False,0.978860927152,0.997017506929,1.11585948393,1962,1,514,0.027373540856,0.0261089494163,0.115108099054,
bounded-robust-whitening-v1.0.0,13,50,TargetOnly,ROBUST_DIAGONAL,2.5,sensitivity,33.2092639432,100,True,False,0.36821192053,0,False,0.97242384106,0.996098995776,1.07967270038,1962,1,514,0.0434824902724,0.0410116731518,0.15523230345,
bounded-robust-whitening-v1.0.0,13,50,TargetOnly,ROBUST_DIAGONAL,4,sensitivity,41.0898420923,100,True,False,0.352317880795,0,False,0.98442384106,0.997827618193,1.19026503055,1962,1,514,0.0176459143969,0.0168287937743,0.0757414899374,
bounded-robust-whitening-v1.0.0,13,50,TargetOnly,BOUNDED_ROBUST_WHITENING,3,primary,6.9349800626,100,True,False,0.407947019868,0.01,False,0.801960264901,0.971992761689,1.02408904779,1960,1,514,0.000622568093385,0.000622568093385,0.00423377225758,1
bounded-robust-whitening-v1.0.0,13,50,TargetOnly,BOUNDED_ROBUST_WHITENING,2.5,sensitivity,6.63002064118,100,True,False,0.303311258278,0,False,0.802516556291,0.972063551169,1.03829787014,1960,1,514,0.00128404669261,0.00136186770428,0.0058339990208,1
bounded-robust-whitening-v1.0.0,13,50,TargetOnly,BOUNDED_ROBUST_WHITENING,4,sensitivity,7.61176607429,100,True,False,0.373509933775,0.01,False,0.802357615894,0.972048797079,1.06492492993,2017,1,514,0.00011673151751,0.00011673151751,0.0016620712758,1
bounded-robust-whitening-v1.0.0,13,50,RACE,BOUNDED_ROBUST_WHITENING,3,primary,6.4383342151,100,True,False,0.182781456954,0,False,0.564635761589,0.926162473101,1.00667894037,1896,1,514,0.00091439688716,0.000856031128405,0.00225990156415,0.454545454545
bounded-robust-whitening-v1.0.0,13,50,RACE,BOUNDED_ROBUST_WHITENING,2.5,sensitivity,5.92306404216,100,True,False,0.185430463576,0,False,0.562039735099,0.923926139016,1.00979760823,1999,1,514,0.00206225680934,0.00188715953307,0.00353802149097,0.454545454545
bounded-robust-whitening-v1.0.0,13,50,RACE,BOUNDED_ROBUST_WHITENING,4,sensitivity,6.54463917203,100,True,False,0.2,0.02,False,0.572105960265,0.927845022803,1.01704146008,1896,1,514,9.72762645914e-05,9.72762645914e-05,0.000788517535496,0.454545454545
bounded-robust-whitening-v1.0.0,13,100,TargetOnly,CURRENT_MAHALANOBIS,none,reference,41.7553276968,100,True,False,1,0,True,1,1,1.08163371938,1962,1,533,0,0,0,
bounded-robust-whitening-v1.0.0,13,100,RACE,CURRENT_MAHALANOBIS,none,reference,32.8913631989,100,True,False,0.98940397351,0,True,0.999947019868,0.999992989707,1.06880486941,1861,1,542,0,0,0,0.625
bounded-robust-whitening-v1.0.0,13,100,TargetOnly,ROBUST_DIAGONAL,3,primary,35.2666724548,100,True,False,0.393377483444,0,False,0.980304635762,0.997206644326,1.10764375433,1962,1,512,0.02638671875,0.02505859375,0.11000879553,
bounded-robust-whitening-v1.0.0,13,100,TargetOnly,ROBUST_DIAGONAL,2.5,sensitivity,32.4942177857,100,True,False,0.381456953642,0,False,0.97621192053,0.996625326192,1.07753919109,1962,1,512,0.03880859375,0.0372265625,0.147089714404,
bounded-robust-whitening-v1.0.0,13,100,TargetOnly,ROBUST_DIAGONAL,4,sensitivity,39.7259806163,100,True,False,0.373509933775,0,False,0.985099337748,0.99793297296,1.17621155627,1962,1,512,0.0193359375,0.018046875,0.0723044288079,
bounded-robust-whitening-v1.0.0,13,100,TargetOnly,BOUNDED_ROBUST_WHITENING,3,primary,5.77613623889,100,True,False,0.560264900662,0,False,0.871271523179,0.982434677623,1.02065931938,1825,1,512,0.00015625,0.0001171875,0.00297237168874,1
bounded-robust-whitening-v1.0.0,13,100,TargetOnly,BOUNDED_ROBUST_WHITENING,2.5,sensitivity,5.5897900991,100,True,False,0.529801324503,0,False,0.871298013245,0.982410418681,1.01026948524,1742,1,512,0.000546875,0.000546875,0.00489186672185,1
bounded-robust-whitening-v1.0.0,13,100,TargetOnly,BOUNDED_ROBUST_WHITENING,4,sensitivity,6.26775328649,100,True,False,0.480794701987,0,False,0.871006622517,0.982403227947,1.08120409786,1825,1,512,1.953125e-05,0,0.00120809188742,1
bounded-robust-whitening-v1.0.0,13,100,RACE,BOUNDED_ROBUST_WHITENING,3,primary,5.95095269258,100,True,False,0.268874172185,0,False,0.77782781457,0.966870273182,1.02950241057,1742,1,512,0.0003515625,0.00015625,0.00190914735099,0.625
bounded-robust-whitening-v1.0.0,13,100,RACE,BOUNDED_ROBUST_WHITENING,2.5,sensitivity,5.54829949094,100,True,False,0.282119205298,0,False,0.75957615894,0.963440631945,1.03030907595,1742,1,512,0.00091796875,0.00068359375,0.00326728062914,0.625
bounded-robust-whitening-v1.0.0,13,100,RACE,BOUNDED_ROBUST_WHITENING,4,sensitivity,5.99300877347,100,True,False,0.307284768212,0,False,0.780238410596,0.967376073244,1.03368465204,1742,1,512,0,0,0.000770902317881,0.625
bounded-robust-whitening-v1.0.0,14,10,TargetOnly,CURRENT_MAHALANOBIS,none,reference,22539.2331306,100,True,False,0.55761589404,0,False,0.978609271523,0.996337666382,1.00000021765,2014,1,528,0,0,0,
bounded-robust-whitening-v1.0.0,14,10,RACE,CURRENT_MAHALANOBIS,none,reference,53.9211252886,100,True,False,0.405298013245,0,False,0.990225165563,0.998465308104,1.01255720356,1771,1,542,0,0,0,0.142857142857
bounded-robust-whitening-v1.0.0,14,10,TargetOnly,ROBUST_DIAGONAL,3,primary,40.8690575998,100,True,False,0.366887417219,0.02,False,0.920874172185,0.987197942295,1.00122429304,1979,1,518,0.073166023166,0.0714864864865,0.174473906262,
bounded-robust-whitening-v1.0.0,14,10,TargetOnly,ROBUST_DIAGONAL,2.5,sensitivity,36.9997439751,100,True,False,0.352317880795,0.02,False,0.911271523179,0.985586925526,1.00290554793,1979,1,518,0.104227799228,0.102606177606,0.224533994733,
bounded-robust-whitening-v1.0.0,14,10,TargetOnly,ROBUST_DIAGONAL,4,sensitivity,47.1273099396,100,True,False,0.380132450331,0.02,False,0.932781456954,0.989287801748,1.01125669652,1979,1,518,0.0422007722008,0.0406563706564,0.116190646654,
bounded-robust-whitening-v1.0.0,14,10,TargetOnly,BOUNDED_ROBUST_WHITENING,3,primary,18.2903553074,100,True,False,0.188079470199,0,False,0.779682119205,0.967527249783,1.02534177515,1975,1,518,0.0124131274131,0.0137644787645,0.0275639878289,1
bounded-robust-whitening-v1.0.0,14,10,TargetOnly,BOUNDED_ROBUST_WHITENING,2.5,sensitivity,16.2688257225,100,True,False,0.203973509934,0,False,0.787602649007,0.969096075054,1.020882269,1975,1,518,0.0166023166023,0.0177027027027,0.0370758648904,1
bounded-robust-whitening-v1.0.0,14,10,TargetOnly,BOUNDED_ROBUST_WHITENING,4,sensitivity,21.416751647,100,True,False,0.180132450331,0,False,0.771721854305,0.965686469668,1.03124418015,1975,1,518,0.00789575289575,0.00876447876448,0.0189930706487,1
bounded-robust-whitening-v1.0.0,14,10,RACE,BOUNDED_ROBUST_WHITENING,3,primary,7.59597659026,100,True,False,0.0529801324503,0,False,0.311364238411,0.853152114823,1.01073603978,1961,1,518,0.00349420849421,0.0034749034749,0.00257485489274,0.142857142857
bounded-robust-whitening-v1.0.0,14,10,RACE,BOUNDED_ROBUST_WHITENING,2.5,sensitivity,6.84264156714,100,True,False,0.0556291390728,0,False,0.318635761589,0.851261319268,1.00660679127,1961,1,518,0.00515444015444,0.00519305019305,0.00360275128487,0.142857142857
bounded-robust-whitening-v1.0.0,14,10,RACE,BOUNDED_ROBUST_WHITENING,4,sensitivity,8.44836947132,100,True,False,0.082119205298,0,False,0.320132450331,0.861292513678,1.00829963378,2016,1,518,0.00123552123552,0.00119691119691,0.00141399677824,0.142857142857
bounded-robust-whitening-v1.0.0,14,25,TargetOnly,CURRENT_MAHALANOBIS,none,reference,23591.7656658,100,True,False,0.426490066225,0,False,0.975933774834,0.995654557711,1.00000251687,2010,1,532,0,0,0,
bounded-robust-whitening-v1.0.0,14,25,RACE,CURRENT_MAHALANOBIS,none,reference,52.8021747104,100,True,False,0.4,0,False,0.994132450331,0.998965719314,1.01057374992,1771,1,542,0,0,0,0.294117647059
bounded-robust-whitening-v1.0.0,14,25,TargetOnly,ROBUST_DIAGONAL,3,primary,36.0918833657,100,True,False,0.476821192053,0.02,False,0.954039735099,0.992908434504,1.02163989976,2002,1,515,0.0387961165049,0.0376893203883,0.132650935511,
bounded-robust-whitening-v1.0.0,14,25,TargetOnly,ROBUST_DIAGONAL,2.5,sensitivity,33.0886271941,100,True,False,0.475496688742,0.02,False,0.948794701987,0.992032938817,1.01539023113,2002,1,515,0.0568932038835,0.0562912621359,0.173898283289,
bounded-robust-whitening-v1.0.0,14,25,TargetOnly,ROBUST_DIAGONAL,4,sensitivity,40.6908389999,100,True,False,0.484768211921,0.01,False,0.961708609272,0.994175969647,1.03578527303,2002,1,515,0.0228737864078,0.0224854368932,0.0862547418504,
bounded-robust-whitening-v1.0.0,14,25,TargetOnly,BOUNDED_ROBUST_WHITENING,3,primary,7.69852328696,100,True,False,0.352317880795,0.02,False,0.804185430464,0.97055224911,1.04419494117,1717,1,515,0.00166990291262,0.00165048543689,0.00546518356587,1
bounded-robust-whitening-v1.0.0,14,25,TargetOnly,BOUNDED_ROBUST_WHITENING,2.5,sensitivity,6.87173368215,100,True,False,0.380132450331,0.03,False,0.802715231788,0.969775064499,1.01513987644,1717,1,515,0.00295145631068,0.00285436893204,0.00774898733363,1
bounded-robust-whitening-v1.0.0,14,25,TargetOnly,BOUNDED_ROBUST_WHITENING,4,sensitivity,8.95919978569,100,True,False,0.313907284768,0,False,0.805377483444,0.970865183856,1.12130900613,1717,1,515,0.000485436893204,0.000466019417476,0.00297563171092,1
bounded-robust-whitening-v1.0.0,14,25,RACE,BOUNDED_ROBUST_WHITENING,3,primary,7.22665394309,100,True,False,0.137748344371,0.01,False,0.415894039735,0.886975314623,1.01119010149,1747,1,515,0.00159223300971,0.00153398058252,0.00193917572173,0.294117647059
bounded-robust-whitening-v1.0.0,14,25,RACE,BOUNDED_ROBUST_WHITENING,2.5,sensitivity,6.8585891289,100,True,False,0.105960264901,0.01,False,0.430582781457,0.889052571601,1.00974460617,1747,1,515,0.00341747572816,0.00368932038835,0.00353115154633,0.294117647059
bounded-robust-whitening-v1.0.0,14,25,RACE,BOUNDED_ROBUST_WHITENING,4,sensitivity,7.62297745307,100,True,False,0.149668874172,0.02,False,0.428490066225,0.891506864537,1.00693801472,1801,1,515,0.000427184466019,0.000252427184466,0.000740693113869,0.294117647059
bounded-robust-whitening-v1.0.0,14,50,TargetOnly,CURRENT_MAHALANOBIS,none,reference,33.4141991229,100,True,False,1,0.01,True,0.990026490066,0.99288399346,1.02545030328,1722,1,534,0,0,0,
bounded-robust-whitening-v1.0.0,14,50,RACE,CURRENT_MAHALANOBIS,none,reference,30.2501756407,100,True,False,0.927152317881,0.01,True,0.998317880795,0.999757635386,1.05937274014,1861,1,542,0,0,0,0.454545454545
bounded-robust-whitening-v1.0.0,14,50,TargetOnly,ROBUST_DIAGONAL,3,primary,35.9838427952,100,True,False,0.478145695364,0.02,False,0.95,0.992304783304,1.01056862785,2002,1,516,0.0321124031008,0.0306589147287,0.12344832897,
bounded-robust-whitening-v1.0.0,14,50,TargetOnly,ROBUST_DIAGONAL,2.5,sensitivity,33.2141280435,100,True,False,0.475496688742,0.02,False,0.942463576159,0.991116568888,1.00569205489,2002,1,516,0.0507751937984,0.0479651162791,0.167005493095,
bounded-robust-whitening-v1.0.0,14,50,TargetOnly,ROBUST_DIAGONAL,4,sensitivity,40.2092901656,100,True,False,0.486092715232,0.01,False,0.959377483444,0.993898197337,1.02110992946,2002,1,516,0.0204069767442,0.0192635658915,0.0795318034807,
bounded-robust-whitening-v1.0.0,14,50,TargetOnly,BOUNDED_ROBUST_WHITENING,3,primary,7.16534654037,100,True,False,0.511258278146,0.01,False,0.844397350993,0.978041574232,1.10826565134,2014,1,516,0.000639534883721,0.000658914728682,0.00577801735202,1
bounded-robust-whitening-v1.0.0,14,50,TargetOnly,BOUNDED_ROBUST_WHITENING,2.5,sensitivity,6.31748449852,100,True,False,0.545695364238,0.02,False,0.843721854305,0.977905086612,1.05087136118,2014,1,516,0.00151162790698,0.00147286821705,0.00785461265979,1
bounded-robust-whitening-v1.0.0,14,50,TargetOnly,BOUNDED_ROBUST_WHITENING,4,sensitivity,8.20728052494,100,True,False,0.471523178808,0,False,0.843072847682,0.977949780909,1.16678940789,2014,1,516,0.00015503875969,0.00015503875969,0.00330099081062,1
bounded-robust-whitening-v1.0.0,14,50,RACE,BOUNDED_ROBUST_WHITENING,3,primary,6.84761491106,100,True,False,0.143046357616,0.01,False,0.609483443709,0.929733932744,1.08869984909,2014,1,516,0.000968992248062,0.000949612403101,0.00213563324606,0.454545454545
bounded-robust-whitening-v1.0.0,14,50,RACE,BOUNDED_ROBUST_WHITENING,2.5,sensitivity,6.48399317536,100,True,False,0.135099337748,0.02,False,0.61378807947,0.929893007721,1.05477363061,2014,1,516,0.00218992248062,0.00222868217054,0.00357564556702,0.454545454545
bounded-robust-whitening-v1.0.0,14,50,RACE,BOUNDED_ROBUST_WHITENING,4,sensitivity,7.01768897378,100,True,False,0.176158940397,0.03,False,0.616317880795,0.931968401541,1.0906412704,2014,1,516,0.000232558139535,0.00015503875969,0.000908670876328,0.454545454545
bounded-robust-whitening-v1.0.0,14,100,TargetOnly,CURRENT_MAHALANOBIS,none,reference,37.3618469218,100,True,False,1,0.01,True,0.990026490066,0.99288399346,1.00265777083,1861,1,534,0,0,0,
bounded-robust-whitening-v1.0.0,14,100,RACE,CURRENT_MAHALANOBIS,none,reference,32.88029199,100,True,False,0.98940397351,0.01,True,0.997841059603,0.999679071485,1.05281842454,1861,1,542,0,0,0,0.625
bounded-robust-whitening-v1.0.0,14,100,TargetOnly,ROBUST_DIAGONAL,3,primary,32.76842479,100,True,False,0.540397350993,0.01,False,0.969629139073,0.995464417082,1.01384907118,1979,1,515,0.0232815533981,0.0221165048544,0.105060117019,
bounded-robust-whitening-v1.0.0,14,100,TargetOnly,ROBUST_DIAGONAL,2.5,sensitivity,30.9013384086,100,True,False,0.521854304636,0.01,False,0.963178807947,0.994418633462,1.01538637018,1979,1,515,0.0352815533981,0.0330097087379,0.140834565679,
bounded-robust-whitening-v1.0.0,14,100,TargetOnly,ROBUST_DIAGONAL,4,sensitivity,34.8385468222,100,True,False,0.615894039735,0.02,False,0.976052980132,0.9965067789,1.00576096588,1979,1,515,0.0157475728155,0.0147961165049,0.0679997428149,
bounded-robust-whitening-v1.0.0,14,100,TargetOnly,BOUNDED_ROBUST_WHITENING,3,primary,6.02360346476,100,True,False,0.512582781457,0.01,False,0.874701986755,0.976621512549,1.02750726256,1721,1,515,0.000194174757282,0.000116504854369,0.00282132064553,1
bounded-robust-whitening-v1.0.0,14,100,TargetOnly,BOUNDED_ROBUST_WHITENING,2.5,sensitivity,5.74373752719,100,True,False,0.495364238411,0.01,False,0.875774834437,0.976695934199,1.0312572796,1721,1,515,0.000543689320388,0.000388349514563,0.00439272166142,1
bounded-robust-whitening-v1.0.0,14,100,TargetOnly,BOUNDED_ROBUST_WHITENING,4,sensitivity,6.30649319004,100,True,False,0.484768211921,0.01,False,0.874794701987,0.976700758685,1.05761841253,1721,1,515,0,0,0.00132964701344,1
bounded-robust-whitening-v1.0.0,14,100,RACE,BOUNDED_ROBUST_WHITENING,3,primary,5.70132997166,100,True,False,0.270198675497,0.04,False,0.791509933775,0.966209076505,1.03837513256,2014,1,515,0.00052427184466,0.000349514563107,0.00211148974474,0.625
bounded-robust-whitening-v1.0.0,14,100,RACE,BOUNDED_ROBUST_WHITENING,2.5,sensitivity,5.46866715563,100,True,False,0.254304635762,0.05,False,0.782490066225,0.964244124462,1.04941542005,2014,1,515,0.00095145631068,0.00095145631068,0.00351829229088,0.625
bounded-robust-whitening-v1.0.0,14,100,RACE,BOUNDED_ROBUST_WHITENING,4,sensitivity,5.70132997166,100,True,False,0.340397350993,0.04,False,0.790582781457,0.966610242974,1.02488443653,2014,1,515,0,3.88349514563e-05,0.000812704944384,0.625
bounded-robust-whitening-v1.0.0,15,10,TargetOnly,CURRENT_MAHALANOBIS,none,reference,23840.5315338,100,True,False,0.569536423841,0.01,False,0.965655629139,0.994153246416,1.00001328794,1965,1,530,0,0,0,
bounded-robust-whitening-v1.0.0,15,10,RACE,CURRENT_MAHALANOBIS,none,reference,56.3674902507,100,True,False,0.46357615894,0,False,0.968754966887,0.995060803508,1.03591723142,1861,1,542,0,0,0,0.142857142857
bounded-robust-whitening-v1.0.0,15,10,TargetOnly,ROBUST_DIAGONAL,3,primary,37.1101564443,100,True,False,0.529801324503,0.02,False,0.949072847682,0.992149504459,1.032365447,2020,1,514,0.0628988326848,0.0640272373541,0.164936738217,
bounded-robust-whitening-v1.0.0,15,10,TargetOnly,ROBUST_DIAGONAL,2.5,sensitivity,33.770632693,100,True,False,0.528476821192,0.02,False,0.93982781457,0.990750936198,1.00659258931,2020,1,514,0.0923151750973,0.0920038910506,0.208944262633,
bounded-robust-whitening-v1.0.0,15,10,TargetOnly,ROBUST_DIAGONAL,4,sensitivity,42.0160371947,100,True,False,0.55761589404,0.02,False,0.957986754967,0.99351037971,1.06446630459,2020,1,514,0.0362062256809,0.0361673151751,0.112291596877,
bounded-robust-whitening-v1.0.0,15,10,TargetOnly,BOUNDED_ROBUST_WHITENING,3,primary,40.884739114,100,True,False,0.237086092715,0,False,0.809536423841,0.971769726047,1.00855937286,1973,1,514,0.0207587548638,0.0224513618677,0.153766073131,1
bounded-robust-whitening-v1.0.0,15,10,TargetOnly,BOUNDED_ROBUST_WHITENING,2.5,sensitivity,36.4881485951,100,True,False,0.255629139073,0,False,0.808754966887,0.971718631757,1.00826772108,1973,1,514,0.0272568093385,0.0295914396887,0.18827788801,1
bounded-robust-whitening-v1.0.0,15,10,TargetOnly,BOUNDED_ROBUST_WHITENING,4,sensitivity,47.6091365821,100,True,False,0.225165562914,0,False,0.811562913907,0.971933907662,1.01027444234,1973,1,514,0.0112062256809,0.0119844357977,0.100788517535,1
bounded-robust-whitening-v1.0.0,15,10,RACE,BOUNDED_ROBUST_WHITENING,3,primary,7.69401442246,100,True,False,0.0105960264901,0.01,False,0.302251655629,0.834707196101,1.05566354095,1968,1,514,0.00256809338521,0.00262645914397,0.00194810214652,0.142857142857
bounded-robust-whitening-v1.0.0,15,10,RACE,BOUNDED_ROBUST_WHITENING,2.5,sensitivity,6.9269405891,100,True,False,0.0132450331126,0.01,False,0.306834437086,0.82754548266,1.03559223829,1968,1,514,0.00470817120623,0.00431906614786,0.00272115855387,0.142857142857
bounded-robust-whitening-v1.0.0,15,10,RACE,BOUNDED_ROBUST_WHITENING,4,sensitivity,8.1901511377,100,True,False,0.0609271523179,0.01,False,0.306529801325,0.845636996776,1.01477483093,1828,1,514,0.00110894941634,0.00134241245136,0.00132708016595,0.142857142857
bounded-robust-whitening-v1.0.0,15,25,TargetOnly,CURRENT_MAHALANOBIS,none,reference,42.0057900558,100,True,False,1,0.03,False,0.990026490066,0.99288399346,1.09695546552,1901,1,533,0,0,0,
bounded-robust-whitening-v1.0.0,15,25,RACE,CURRENT_MAHALANOBIS,none,reference,32.6899813248,100,True,False,0.899337748344,0.01,False,0.996132450331,0.999422540766,1.13606519427,1861,1,542,0,0,0,0.294117647059
bounded-robust-whitening-v1.0.0,15,25,TargetOnly,ROBUST_DIAGONAL,3,primary,35.5617590875,100,True,False,0.450331125828,0.01,False,0.954741721854,0.992481218409,1.06210606626,2020,1,514,0.0337548638132,0.0366342412451,0.127902182596,
bounded-robust-whitening-v1.0.0,15,25,TargetOnly,ROBUST_DIAGONAL,2.5,sensitivity,32.981944801,100,True,False,0.415894039735,0.01,False,0.949178807947,0.991479173273,1.04597208984,2020,1,514,0.0507003891051,0.0562451361868,0.168392300358,
bounded-robust-whitening-v1.0.0,15,25,TargetOnly,ROBUST_DIAGONAL,4,sensitivity,39.212299804,100,True,False,0.496688741722,0.02,False,0.962092715232,0.993788823389,1.08767713117,2020,1,514,0.0202723735409,0.0224513618677,0.0839333110006,
bounded-robust-whitening-v1.0.0,15,25,TargetOnly,BOUNDED_ROBUST_WHITENING,3,primary,6.84710434946,100,True,False,0.601324503311,0.03,False,0.813324503311,0.973262590125,1.02329362616,1965,1,514,0.00126459143969,0.00163424124514,0.00668178421419,1
bounded-robust-whitening-v1.0.0,15,25,TargetOnly,BOUNDED_ROBUST_WHITENING,2.5,sensitivity,6.32835515267,100,True,False,0.56821192053,0.02,False,0.80680794702,0.971459903719,1.04624642058,1965,1,514,0.00217898832685,0.00262645914397,0.00814543767877,1
bounded-robust-whitening-v1.0.0,15,25,TargetOnly,BOUNDED_ROBUST_WHITENING,4,sensitivity,7.80274554066,100,True,False,0.586754966887,0.03,False,0.821562913907,0.974842984801,1.03750768265,1965,1,514,0.000603112840467,0.000719844357977,0.00454041796583,1
bounded-robust-whitening-v1.0.0,15,25,RACE,BOUNDED_ROBUST_WHITENING,3,primary,7.0977147831,100,True,False,0.0754966887417,0.01,False,0.448622516556,0.892467960706,1.04594042147,1965,1,514,0.0015953307393,0.00177042801556,0.0020125235138,0.294117647059
bounded-robust-whitening-v1.0.0,15,25,RACE,BOUNDED_ROBUST_WHITENING,2.5,sensitivity,6.72847957437,100,True,False,0.0437086092715,0.01,False,0.447973509934,0.886095864886,1.04124713092,1965,1,514,0.00287937743191,0.00299610894942,0.00316695441544,0.294117647059
bounded-robust-whitening-v1.0.0,15,25,RACE,BOUNDED_ROBUST_WHITENING,4,sensitivity,7.20566236904,100,True,False,0.150993377483,0,False,0.447364238411,0.896995502195,1.05078952694,1965,1,514,0.000369649805447,0.000505836575875,0.000894168577834,0.294117647059
bounded-robust-whitening-v1.0.0,15,50,TargetOnly,CURRENT_MAHALANOBIS,none,reference,42.322895717,100,True,False,1,0.04,False,0.990026490066,0.99288399346,1.16367819095,1901,1,534,0,0,0,
bounded-robust-whitening-v1.0.0,15,50,RACE,CURRENT_MAHALANOBIS,none,reference,33.2002004596,100,True,False,0.941721854305,0.02,False,0.997059602649,0.999581814999,1.11519908077,1861,1,542,0,0,0,0.454545454545
bounded-robust-whitening-v1.0.0,15,50,TargetOnly,ROBUST_DIAGONAL,3,primary,33.0463056641,100,True,False,0.549668874172,0.02,False,0.961072847682,0.993728655119,1.05613994408,2020,1,513,0.0271734892788,0.0282456140351,0.113401236719,
bounded-robust-whitening-v1.0.0,15,50,TargetOnly,ROBUST_DIAGONAL,2.5,sensitivity,31.082262751,100,True,False,0.519205298013,0.02,False,0.956344370861,0.993009234659,1.0452266364,2020,1,513,0.0407992202729,0.0432943469786,0.152152640616,
bounded-robust-whitening-v1.0.0,15,50,TargetOnly,ROBUST_DIAGONAL,4,sensitivity,35.0228815201,100,True,False,0.675496688742,0.03,False,0.967456953642,0.994622795332,1.02778761216,2020,1,513,0.0176413255361,0.0180311890838,0.0735990085589,
bounded-robust-whitening-v1.0.0,15,50,TargetOnly,BOUNDED_ROBUST_WHITENING,3,primary,5.93792554073,100,True,False,0.454304635762,0.01,False,0.81540397351,0.972284911534,1.0065249571,1806,1,513,0.000409356725146,0.000448343079922,0.00341840620683,1
bounded-robust-whitening-v1.0.0,15,50,TargetOnly,BOUNDED_ROBUST_WHITENING,2.5,sensitivity,5.54804374398,100,True,False,0.456953642384,0.01,False,0.814821192053,0.971383693392,1.02490031445,1767,1,513,0.000877192982456,0.00103313840156,0.00479971082969,1
bounded-robust-whitening-v1.0.0,15,50,TargetOnly,BOUNDED_ROBUST_WHITENING,4,sensitivity,6.61079302378,100,True,False,0.341721854305,0.01,False,0.817377483444,0.972784685764,1.05404601101,1764,1,513,5.84795321637e-05,1.94931773879e-05,0.00100951421969,1
bounded-robust-whitening-v1.0.0,15,50,RACE,BOUNDED_ROBUST_WHITENING,3,primary,5.84551169265,100,True,False,0.218543046358,0.05,False,0.587549668874,0.924344983625,1.01899630469,1806,1,513,0.000740740740741,0.000916179337232,0.00181506009321,0.454545454545
bounded-robust-whitening-v1.0.0,15,50,RACE,BOUNDED_ROBUST_WHITENING,2.5,sensitivity,5.6819330567,100,True,False,0.194701986755,0.03,False,0.583708609272,0.923358142781,1.02826831729,1800,1,513,0.00159844054581,0.00187134502924,0.00330738546145,0.454545454545
bounded-robust-whitening-v1.0.0,15,50,RACE,BOUNDED_ROBUST_WHITENING,4,sensitivity,6.6113373753,100,True,False,0.16821192053,0.01,False,0.576158940397,0.922862765567,1.03393498939,1806,1,513,7.79727095517e-05,1.94931773879e-05,0.000583504382738,0.454545454545
bounded-robust-whitening-v1.0.0,15,100,TargetOnly,CURRENT_MAHALANOBIS,none,reference,39.4221977481,100,True,False,1,0.04,False,0.990026490066,0.99288399346,1.01032785827,1861,1,535,0,0,0,
bounded-robust-whitening-v1.0.0,15,100,RACE,CURRENT_MAHALANOBIS,none,reference,35.466419848,100,True,False,0.962913907285,0.01,True,0.997907284768,0.999700688834,1.09483004328,1861,1,542,0,0,0,0.625
bounded-robust-whitening-v1.0.0,15,100,TargetOnly,ROBUST_DIAGONAL,3,primary,31.780653769,100,True,False,0.618543046358,0.03,False,0.957947019868,0.993358592306,1.00667568387,2020,1,513,0.0229824561404,0.0244639376218,0.109092082672,
bounded-robust-whitening-v1.0.0,15,100,TargetOnly,ROBUST_DIAGONAL,2.5,sensitivity,30.0497033441,100,True,False,0.596026490066,0.03,False,0.950927152318,0.992346180614,1.00226735581,2020,1,513,0.0367641325536,0.0382261208577,0.14609297342,
bounded-robust-whitening-v1.0.0,15,100,TargetOnly,ROBUST_DIAGONAL,4,sensitivity,33.9086252274,100,True,False,0.704635761589,0.03,False,0.964847682119,0.994300213695,1.0035389628,2020,1,513,0.0159064327485,0.0168226120858,0.0710119670036,
bounded-robust-whitening-v1.0.0,15,100,TargetOnly,BOUNDED_ROBUST_WHITENING,3,primary,6.47365863237,100,True,False,0.194701986755,0.01,False,0.838278145695,0.971239006436,1.27312790846,1764,1,513,0.000253411306043,0.000272904483431,0.00259478718872,1
bounded-robust-whitening-v1.0.0,15,100,TargetOnly,BOUNDED_ROBUST_WHITENING,2.5,sensitivity,6.01435616679,100,True,False,0.160264900662,0.01,False,0.834768211921,0.97061284251,1.20233499581,1764,1,513,0.000506822612086,0.000662768031189,0.0037282315428,1
bounded-robust-whitening-v1.0.0,15,100,TargetOnly,BOUNDED_ROBUST_WHITENING,4,sensitivity,6.88561047478,100,True,False,0.241059602649,0.01,False,0.837417218543,0.971014781188,1.22522460144,1764,1,513,7.79727095517e-05,3.89863547758e-05,0.00134774021146,1
bounded-robust-whitening-v1.0.0,15,100,RACE,BOUNDED_ROBUST_WHITENING,3,primary,5.76655721366,100,True,False,0.223841059603,0.01,False,0.736013245033,0.955982732233,1.02129604181,1764,1,513,0.000292397660819,0.000389863547758,0.0019028439384,0.625
bounded-robust-whitening-v1.0.0,15,100,RACE,BOUNDED_ROBUST_WHITENING,2.5,sensitivity,5.42125003171,100,True,False,0.213245033113,0.01,False,0.734860927152,0.95613132103,1.00443733624,1764,1,513,0.000994152046784,0.000994152046784,0.00308276209287,0.625
bounded-robust-whitening-v1.0.0,15,100,RACE,BOUNDED_ROBUST_WHITENING,4,sensitivity,6.08824493751,100,True,False,0.235761589404,0.01,False,0.734993377483,0.956136483909,1.05578505717,1828,1,513,9.74658869396e-05,9.74658869396e-05,0.000950131030298,0.625
bounded-robust-whitening-v1.0.0,16,10,TargetOnly,CURRENT_MAHALANOBIS,none,reference,105.316502393,100,True,False,1,0.01,True,0.990026490066,0.99288399346,1.84862970901,1840,1,529,0,0,0,
bounded-robust-whitening-v1.0.0,16,10,RACE,CURRENT_MAHALANOBIS,none,reference,56.5806071382,100,True,False,0.458278145695,0.01,False,0.969231788079,0.995061092697,1.4330551983,1771,1,542,0,0,0,0.142857142857
bounded-robust-whitening-v1.0.0,16,10,TargetOnly,ROBUST_DIAGONAL,3,primary,40.8559765867,100,True,False,0.377483443709,0.01,False,0.90480794702,0.984983130718,1.03304614649,2020,1,519,0.0738728323699,0.0734682080925,0.17415049318,
bounded-robust-whitening-v1.0.0,16,10,TargetOnly,ROBUST_DIAGONAL,2.5,sensitivity,37.0928352334,100,True,False,0.353642384106,0.01,False,0.901258278146,0.984474269766,1.02834758811,2020,1,519,0.109094412331,0.108208092486,0.224884839669,
bounded-robust-whitening-v1.0.0,16,10,TargetOnly,ROBUST_DIAGONAL,4,sensitivity,46.4016380347,100,True,False,0.418543046358,0.01,False,0.912370860927,0.986088762816,1.03232987385,2020,1,519,0.0409055876686,0.0439113680154,0.114524875908,
bounded-robust-whitening-v1.0.0,16,10,TargetOnly,BOUNDED_ROBUST_WHITENING,3,primary,20.3501760719,100,True,False,0.415894039735,0,False,0.858675496689,0.979894519362,1.03433745295,1975,1,519,0.00859344894027,0.00739884393064,0.033150863224,1
bounded-robust-whitening-v1.0.0,16,10,TargetOnly,BOUNDED_ROBUST_WHITENING,2.5,sensitivity,19.079305112,100,True,False,0.360264900662,0,False,0.857205298013,0.979594862647,1.03144102385,1975,1,519,0.0116184971098,0.010366088632,0.0433487731118,1
bounded-robust-whitening-v1.0.0,16,10,TargetOnly,BOUNDED_ROBUST_WHITENING,4,sensitivity,22.2117162351,100,True,False,0.487417218543,0,False,0.862238410596,0.980516977701,1.03389995764,1975,1,519,0.00506743737958,0.00437379576108,0.0215416810218,1
bounded-robust-whitening-v1.0.0,16,10,RACE,BOUNDED_ROBUST_WHITENING,3,primary,8.14827094409,100,True,False,0.0900662251656,0,False,0.396701986755,0.884792696914,1.06125894027,2014,1,519,0.00543352601156,0.00537572254335,0.00381528410468,0.142857142857
bounded-robust-whitening-v1.0.0,16,10,RACE,BOUNDED_ROBUST_WHITENING,2.5,sensitivity,7.30375954945,100,True,False,0.0993377483444,0,False,0.403284768212,0.886858215876,1.07064707964,2014,1,519,0.00658959537572,0.00658959537572,0.00500452985237,0.142857142857
bounded-robust-whitening-v1.0.0,16,10,RACE,BOUNDED_ROBUST_WHITENING,4,sensitivity,9.20815734752,100,True,False,0.140397350993,0.01,False,0.398278145695,0.885524416288,1.02687616585,2014,1,519,0.00271676300578,0.00263969171484,0.00211563245671,0.142857142857
bounded-robust-whitening-v1.0.0,16,25,TargetOnly,CURRENT_MAHALANOBIS,none,reference,104.290561292,100,True,False,1,0.01,True,0.990026490066,0.99288399346,2.39754361531,1840,1,533,0,0,0,
bounded-robust-whitening-v1.0.0,16,25,RACE,CURRENT_MAHALANOBIS,none,reference,30.2172593657,100,True,False,0.937748344371,0.02,False,0.996516556291,0.999496971897,1.00126178432,1771,1,542,0,0,0,0.294117647059
bounded-robust-whitening-v1.0.0,16,25,TargetOnly,ROBUST_DIAGONAL,3,primary,37.0486709838,100,True,False,0.44238410596,0.01,False,0.938304635762,0.990473507557,1.00282019351,1840,1,515,0.0365242718447,0.0394174757282,0.132926123577,
bounded-robust-whitening-v1.0.0,16,25,TargetOnly,ROBUST_DIAGONAL,2.5,sensitivity,34.3114603526,100,True,False,0.402649006623,0.01,False,0.931152317881,0.989403130866,1.0198067773,2020,1,515,0.0583300970874,0.0636504854369,0.177781778435,
bounded-robust-whitening-v1.0.0,16,25,TargetOnly,ROBUST_DIAGONAL,4,sensitivity,42.6827327981,100,True,False,0.385430463576,0.01,False,0.949430463576,0.992079479026,1.05494269831,1840,1,515,0.02,0.0212815533981,0.0839323603163,
bounded-robust-whitening-v1.0.0,16,25,TargetOnly,BOUNDED_ROBUST_WHITENING,3,primary,6.88835537725,100,True,False,0.311258278146,0.03,False,0.816728476821,0.965707954425,1.00821266528,1759,1,515,0.00147572815534,0.00133980582524,0.00408667138173,1
bounded-robust-whitening-v1.0.0,16,25,TargetOnly,BOUNDED_ROBUST_WHITENING,2.5,sensitivity,6.33979536064,100,True,False,0.279470198675,0.01,False,0.809350993377,0.96482110018,1.01259390608,1711,1,515,0.00267961165049,0.00271844660194,0.0055346235453,1
bounded-robust-whitening-v1.0.0,16,25,TargetOnly,BOUNDED_ROBUST_WHITENING,4,sensitivity,7.66847848776,100,True,False,0.381456953642,0.03,False,0.828556291391,0.968477730857,1.02861701884,1759,1,515,0.000349514563107,0.000407766990291,0.00233781264065,1
bounded-robust-whitening-v1.0.0,16,25,RACE,BOUNDED_ROBUST_WHITENING,3,primary,7.11740417398,100,True,False,0.120529801325,0,False,0.487470198675,0.908673567358,1.07332574568,1871,1,515,0.00207766990291,0.0018640776699,0.00210120234038,0.294117647059
bounded-robust-whitening-v1.0.0,16,25,RACE,BOUNDED_ROBUST_WHITENING,2.5,sensitivity,6.8445648508,100,True,False,0.0860927152318,0,False,0.505695364238,0.91146591131,1.11018480487,1871,1,515,0.00335922330097,0.0033786407767,0.00345656786472,0.294117647059
bounded-robust-whitening-v1.0.0,16,25,RACE,BOUNDED_ROBUST_WHITENING,4,sensitivity,7.56715793527,100,True,False,0.135099337748,0,False,0.468450331126,0.906104829974,1.03337628658,1820,1,515,0.000485436893204,0.00031067961165,0.000738121262779,0.294117647059
bounded-robust-whitening-v1.0.0,16,50,TargetOnly,CURRENT_MAHALANOBIS,none,reference,115.935070282,100,True,False,1,0.01,True,0.990026490066,0.99288399346,3.02237867193,1840,1,534,0,0,0,
bounded-robust-whitening-v1.0.0,16,50,RACE,CURRENT_MAHALANOBIS,none,reference,30.8851897097,100,True,False,0.970860927152,0.02,False,0.997880794702,0.999702624318,1.00971238581,1840,1,542,0,0,0,0.454545454545
bounded-robust-whitening-v1.0.0,16,50,TargetOnly,ROBUST_DIAGONAL,3,primary,35.9370314387,100,True,False,0.394701986755,0,False,0.956198675497,0.993421762487,1.04202373827,1840,1,514,0.0267509727626,0.0296108949416,0.116012575051,
bounded-robust-whitening-v1.0.0,16,50,TargetOnly,ROBUST_DIAGONAL,2.5,sensitivity,32.764732726,100,True,False,0.419867549669,0.01,False,0.948675496689,0.992304963645,1.01909732967,1840,1,514,0.0414591439689,0.0443385214008,0.155250341433,
bounded-robust-whitening-v1.0.0,16,50,TargetOnly,ROBUST_DIAGONAL,4,sensitivity,41.1505896778,100,True,False,0.362913907285,0,False,0.965602649007,0.994859113815,1.10798561184,1840,1,514,0.0177626459144,0.0186186770428,0.0751281985209,
bounded-robust-whitening-v1.0.0,16,50,TargetOnly,BOUNDED_ROBUST_WHITENING,3,primary,6.07746097486,100,True,False,0.641059602649,0.01,False,0.876701986755,0.977630190078,1.00683458721,2005,1,514,0.000408560311284,0.000447470817121,0.00423634911227,1
bounded-robust-whitening-v1.0.0,16,50,TargetOnly,BOUNDED_ROBUST_WHITENING,2.5,sensitivity,5.80394545606,100,True,False,0.62119205298,0.01,False,0.879231788079,0.977691839138,1.00061458109,1733,1,514,0.00101167315175,0.000894941634241,0.00595768804597,1
bounded-robust-whitening-v1.0.0,16,50,TargetOnly,BOUNDED_ROBUST_WHITENING,4,sensitivity,6.43358226861,100,True,False,0.619867549669,0.01,False,0.87821192053,0.98171564039,1.02085799559,2005,1,514,7.78210116732e-05,1.94552529183e-05,0.00221351817971,1
bounded-robust-whitening-v1.0.0,16,50,RACE,BOUNDED_ROBUST_WHITENING,3,primary,6.45790671919,100,True,False,0.177483443709,0,False,0.654543046358,0.941614560426,1.01191675275,1991,1,514,0.00105058365759,0.000992217898833,0.00188625763393,0.454545454545
bounded-robust-whitening-v1.0.0,16,50,RACE,BOUNDED_ROBUST_WHITENING,2.5,sensitivity,6.24641282934,100,True,False,0.143046357616,0,False,0.666556291391,0.942243988901,1.03930208301,1991,1,514,0.00186770428016,0.00175097276265,0.00309480248409,0.454545454545
bounded-robust-whitening-v1.0.0,16,50,RACE,BOUNDED_ROBUST_WHITENING,4,sensitivity,6.55407211501,100,True,False,0.197350993377,0,False,0.645284768212,0.940565833428,1.00544198554,1871,1,514,0.000233463035019,0.00011673151751,0.000878707449687,0.454545454545
bounded-robust-whitening-v1.0.0,16,100,TargetOnly,CURRENT_MAHALANOBIS,none,reference,129.098122274,100,True,False,1,0.01,True,0.990026490066,0.99288399346,3.13180504258,1840,1,535,0,0,0,
bounded-robust-whitening-v1.0.0,16,100,RACE,CURRENT_MAHALANOBIS,none,reference,33.8465175195,100,True,False,0.992052980132,0.02,False,0.998251655629,0.999750175211,1.02145491096,1840,1,542,0,0,0,0.625
bounded-robust-whitening-v1.0.0,16,100,TargetOnly,ROBUST_DIAGONAL,3,primary,34.9263473176,100,True,False,0.434437086093,0.01,False,0.960158940397,0.993986012815,1.04379067606,1840,1,513,0.0251851851852,0.0266666666667,0.114676684353,
bounded-robust-whitening-v1.0.0,16,100,TargetOnly,ROBUST_DIAGONAL,2.5,sensitivity,31.9944771492,100,True,False,0.449006622517,0.01,False,0.951231788079,0.992614327054,1.01813605262,1840,1,513,0.0381286549708,0.0393177387914,0.151847979035,
bounded-robust-whitening-v1.0.0,16,100,TargetOnly,ROBUST_DIAGONAL,4,sensitivity,39.6420240715,100,True,False,0.41059602649,0.01,False,0.969377483444,0.995347980362,1.10866698109,1840,1,513,0.0175243664717,0.018440545809,0.0744716832552,
bounded-robust-whitening-v1.0.0,16,100,TargetOnly,BOUNDED_ROBUST_WHITENING,3,primary,5.93917296238,100,True,False,0.508609271523,0.02,False,0.863562913907,0.975116763172,1.00830959935,1807,1,513,5.84795321637e-05,7.79727095517e-05,0.0028013374127,1
bounded-robust-whitening-v1.0.0,16,100,TargetOnly,BOUNDED_ROBUST_WHITENING,2.5,sensitivity,5.72273944555,100,True,False,0.513907284768,0.02,False,0.860953642384,0.974551436104,1.01022769161,1871,1,513,0.000428849902534,0.00037037037037,0.00449246737152,1
bounded-robust-whitening-v1.0.0,16,100,TargetOnly,BOUNDED_ROBUST_WHITENING,4,sensitivity,5.93917296238,100,True,False,0.528476821192,0.02,False,0.862821192053,0.975013048823,1.00830959935,1807,1,513,0,1.94931773879e-05,0.00134515833366,1
bounded-robust-whitening-v1.0.0,16,100,RACE,BOUNDED_ROBUST_WHITENING,3,primary,6.26865285777,100,True,False,0.215894039735,0.01,False,0.778476821192,0.96618979587,1.04487875539,1807,1,513,0.000214424951267,0.000272904483431,0.00212746730697,0.625
bounded-robust-whitening-v1.0.0,16,100,RACE,BOUNDED_ROBUST_WHITENING,2.5,sensitivity,5.83035635526,100,True,False,0.230463576159,0.01,False,0.768331125828,0.96478859085,1.00056896858,1807,1,513,0.00101364522417,0.00056530214425,0.00330738546145,0.625
bounded-robust-whitening-v1.0.0,16,100,RACE,BOUNDED_ROBUST_WHITENING,4,sensitivity,6.26865285777,100,True,False,0.260927152318,0.01,False,0.784370860927,0.966842372415,1.04487875539,1807,1,513,1.94931773879e-05,3.89863547758e-05,0.000854601551709,0.625
bounded-robust-whitening-v1.0.0,17,10,TargetOnly,CURRENT_MAHALANOBIS,none,reference,38.859464217,100,True,False,1,0.03,False,1,1,1.02827465183,1984,1,529,0,0,0,
bounded-robust-whitening-v1.0.0,17,10,RACE,CURRENT_MAHALANOBIS,none,reference,56.9726066122,100,True,False,0.434437086093,0,False,0.984264900662,0.997545391181,1.42174247536,1861,1,542,0,0,0,0.142857142857
bounded-robust-whitening-v1.0.0,17,10,TargetOnly,ROBUST_DIAGONAL,3,primary,39.0713824961,100,True,False,0.384105960265,0.01,False,0.943880794702,0.991053345172,1.05027898901,2020,1,516,0.0646899224806,0.0652131782946,0.164025360645,
bounded-robust-whitening-v1.0.0,17,10,TargetOnly,ROBUST_DIAGONAL,2.5,sensitivity,35.6054968812,100,True,False,0.350993377483,0.01,False,0.93638410596,0.989824060936,1.03705304162,2020,1,516,0.0943604651163,0.0934302325581,0.209674521279,
bounded-robust-whitening-v1.0.0,17,10,TargetOnly,ROBUST_DIAGONAL,4,sensitivity,44.2327030363,100,True,False,0.427814569536,0.01,False,0.952013245033,0.992344280837,1.05600547753,2020,1,516,0.0362209302326,0.0370930232558,0.109800297757,
bounded-robust-whitening-v1.0.0,17,10,TargetOnly,BOUNDED_ROBUST_WHITENING,3,primary,19.4025669244,100,True,False,0.418543046358,0.03,False,0.751907284768,0.961081575502,1.00458036509,1994,1,516,0.00928294573643,0.0106589147287,0.0280840905591,1
bounded-robust-whitening-v1.0.0,17,10,TargetOnly,BOUNDED_ROBUST_WHITENING,2.5,sensitivity,18.3600994412,100,True,False,0.402649006623,0.03,False,0.748132450331,0.960716240527,1.00532602491,1994,1,516,0.0123062015504,0.0134302325581,0.037396683608,1
bounded-robust-whitening-v1.0.0,17,10,TargetOnly,BOUNDED_ROBUST_WHITENING,4,sensitivity,21.459947353,100,True,False,0.434437086093,0.03,False,0.748768211921,0.960492342559,1.00240411186,1994,1,516,0.00571705426357,0.00699612403101,0.0195980286462,1
bounded-robust-whitening-v1.0.0,17,10,RACE,BOUNDED_ROBUST_WHITENING,3,primary,8.19690648523,100,True,False,0.0476821192053,0.01,False,0.296675496689,0.83976054468,1.02037868754,1958,1,516,0.00494186046512,0.00443798449612,0.00326762154115,0.142857142857
bounded-robust-whitening-v1.0.0,17,10,RACE,BOUNDED_ROBUST_WHITENING,2.5,sensitivity,7.53682175499,100,True,False,0.00794701986755,0,False,0.293695364238,0.833389016569,1.03686085324,1958,1,516,0.00691860465116,0.0065503875969,0.00435340623235,0.142857142857
bounded-robust-whitening-v1.0.0,17,10,RACE,BOUNDED_ROBUST_WHITENING,4,sensitivity,9.22019888255,100,True,False,0.0834437086093,0.01,False,0.305748344371,0.849409242916,1.01818910984,1989,1,516,0.00228682170543,0.00238372093023,0.00185327788901,0.142857142857
bounded-robust-whitening-v1.0.0,17,25,TargetOnly,CURRENT_MAHALANOBIS,none,reference,42.5384570822,100,True,False,1,0.02,False,1,1,1.24862663562,1742,1,530,0,0,0,
bounded-robust-whitening-v1.0.0,17,25,RACE,CURRENT_MAHALANOBIS,none,reference,55.289589293,100,True,False,0.407947019868,0.01,False,0.99340397351,0.998717425993,1.61737599969,1861,1,542,0,0,0,0.294117647059
bounded-robust-whitening-v1.0.0,17,25,TargetOnly,ROBUST_DIAGONAL,3,primary,35.0512257866,100,True,False,0.466225165563,0.01,False,0.961337748344,0.993659961632,1.06155644829,2020,1,514,0.0335214007782,0.0346108949416,0.125786584894,
bounded-robust-whitening-v1.0.0,17,25,TargetOnly,ROBUST_DIAGONAL,2.5,sensitivity,32.6148529694,100,True,False,0.425165562914,0.01,False,0.956543046358,0.992967409259,1.0554182131,2020,1,514,0.0504474708171,0.051673151751,0.163400932821,
bounded-robust-whitening-v1.0.0,17,25,TargetOnly,ROBUST_DIAGONAL,4,sensitivity,39.0199671228,100,True,False,0.475496688742,0.02,False,0.966768211921,0.994532258177,1.08381369327,2020,1,514,0.0198249027237,0.0210894941634,0.0837761228644,
bounded-robust-whitening-v1.0.0,17,25,TargetOnly,BOUNDED_ROBUST_WHITENING,3,primary,5.02506146225,100,True,False,0.112582781457,0.01,False,0.713655629139,0.94709353311,1.06354343053,1810,1,514,0.000136186770428,0.000194552529183,0.000623598835262,1
bounded-robust-whitening-v1.0.0,17,25,TargetOnly,BOUNDED_ROBUST_WHITENING,2.5,sensitivity,4.6768476597,100,True,False,0.112582781457,0.01,False,0.715006622517,0.947343844012,1.05709317781,1810,1,514,0.000194552529183,0.000233463035019,0.000798824954261,1
bounded-robust-whitening-v1.0.0,17,25,TargetOnly,BOUNDED_ROBUST_WHITENING,4,sensitivity,5.67901775833,100,True,False,0.107284768212,0.01,False,0.709960264901,0.94506147139,1.04872473995,1810,1,514,9.72762645914e-05,0.00011673151751,0.000195840956528,1
bounded-robust-whitening-v1.0.0,17,25,RACE,BOUNDED_ROBUST_WHITENING,3,primary,5.48387236179,100,True,False,0.0384105960265,0.01,False,0.350649006623,0.864320438191,1.02767099931,1987,1,514,0.000486381322957,0.000369649805447,0.000373643930219,0.294117647059
bounded-robust-whitening-v1.0.0,17,25,RACE,BOUNDED_ROBUST_WHITENING,2.5,sensitivity,4.95710158061,100,True,False,0.0675496688742,0.01,False,0.359152317881,0.866888243425,1.03048527642,1987,1,514,0.000719844357977,0.000642023346304,0.000595253433659,0.294117647059
bounded-robust-whitening-v1.0.0,17,25,RACE,BOUNDED_ROBUST_WHITENING,4,sensitivity,6.21124437046,100,True,False,0.0331125827815,0.01,False,0.350953642384,0.865511998679,1.02549117156,1987,1,514,1.94552529183e-05,3.89105058366e-05,0.000239647486278,0.294117647059
bounded-robust-whitening-v1.0.0,17,50,TargetOnly,CURRENT_MAHALANOBIS,none,reference,35.4794945384,100,True,False,1,0.03,False,1,1,1.00791524766,2020,1,532,0,0,0,
bounded-robust-whitening-v1.0.0,17,50,RACE,CURRENT_MAHALANOBIS,none,reference,59.2213442542,100,True,False,0.401324503311,0.01,False,0.993682119205,0.998740065037,1.91145236066,1861,1,542,0,0,0,0.454545454545
bounded-robust-whitening-v1.0.0,17,50,TargetOnly,ROBUST_DIAGONAL,3,primary,34.5428288321,100,True,False,0.521854304636,0.02,False,0.965231788079,0.994475065659,1.03479702694,2020,1,512,0.0320703125,0.03134765625,0.126606477649,
bounded-robust-whitening-v1.0.0,17,50,TargetOnly,ROBUST_DIAGONAL,2.5,sensitivity,32.1368346355,100,True,False,0.491390728477,0.01,False,0.960675496689,0.99382045155,1.02838289839,2020,1,512,0.04767578125,0.04685546875,0.166470923013,
bounded-robust-whitening-v1.0.0,17,50,TargetOnly,ROBUST_DIAGONAL,4,sensitivity,37.9733020411,100,True,False,0.564238410596,0.02,False,0.969006622517,0.99500252292,1.05607789889,2020,1,512,0.0183984375,0.01990234375,0.0827167839404,
bounded-robust-whitening-v1.0.0,17,50,TargetOnly,BOUNDED_ROBUST_WHITENING,3,primary,6.15827719086,100,True,False,0.524503311258,0.01,False,0.833139072848,0.976252046893,1.03978946716,1826,1,512,0.000703125,0.00046875,0.00384416390728,1
bounded-robust-whitening-v1.0.0,17,50,TargetOnly,BOUNDED_ROBUST_WHITENING,2.5,sensitivity,5.75050331405,100,True,False,0.527152317881,0.02,False,0.828119205298,0.975414745665,1.03382995309,1826,1,512,0.0012890625,0.00109375,0.00551790149007,1
bounded-robust-whitening-v1.0.0,17,50,TargetOnly,BOUNDED_ROBUST_WHITENING,4,sensitivity,6.46041808473,100,True,False,0.528476821192,0.01,False,0.832741721854,0.976180590728,1.01381346497,1820,1,512,7.8125e-05,1.953125e-05,0.00188845198675,1
bounded-robust-whitening-v1.0.0,17,50,RACE,BOUNDED_ROBUST_WHITENING,3,primary,6.16502808572,100,True,False,0.226490066225,0,False,0.599960264901,0.930303673349,1.04699718315,1991,1,512,0.00095703125,0.00076171875,0.00192466887417,0.454545454545
bounded-robust-whitening-v1.0.0,17,50,RACE,BOUNDED_ROBUST_WHITENING,2.5,sensitivity,5.70476929653,100,True,False,0.23178807947,0.02,False,0.599801324503,0.929264333902,1.0005661913,1951,1,512,0.00197265625,0.0017578125,0.00309137003311,0.454545454545
bounded-robust-whitening-v1.0.0,17,50,RACE,BOUNDED_ROBUST_WHITENING,4,sensitivity,6.39386173397,100,True,False,0.23178807947,0,False,0.595324503311,0.930481666515,1.0114532504,1807,1,512,0.0002734375,0.00021484375,0.000791597682119,0.454545454545
bounded-robust-whitening-v1.0.0,17,100,TargetOnly,CURRENT_MAHALANOBIS,none,reference,84.707255249,100,True,False,1,0.04,False,1,1,2.04063659346,1737,1,534,0,0,0,
bounded-robust-whitening-v1.0.0,17,100,RACE,CURRENT_MAHALANOBIS,none,reference,37.9385821885,100,True,False,0.807947019868,0,False,0.998092715232,0.999721944801,1.18744170848,1861,1,543,0,0,0,0.625
bounded-robust-whitening-v1.0.0,17,100,TargetOnly,ROBUST_DIAGONAL,3,primary,32.9323419655,100,True,False,0.553642384106,0.02,False,0.962768211921,0.994070660945,1.07198765568,2020,1,513,0.0224951267057,0.0236842105263,0.110514697339,
bounded-robust-whitening-v1.0.0,17,100,TargetOnly,ROBUST_DIAGONAL,2.5,sensitivity,30.7846860337,100,True,False,0.541721854305,0.02,False,0.956026490066,0.993056263087,1.04527952178,2020,1,513,0.0352631578947,0.0357504873294,0.146449272556,
bounded-robust-whitening-v1.0.0,17,100,TargetOnly,ROBUST_DIAGONAL,4,sensitivity,35.27105647,100,True,False,0.623841059603,0.02,False,0.970251655629,0.995166725217,1.0944972407,2020,1,513,0.0155750487329,0.0165497076023,0.072695351329,
bounded-robust-whitening-v1.0.0,17,100,TargetOnly,BOUNDED_ROBUST_WHITENING,3,primary,5.26072599448,100,True,False,0.645033112583,0.02,False,0.895417218543,0.985448576476,1.01009578537,1807,1,513,0.000272904483431,0.000116959064327,0.00234692691995,1
bounded-robust-whitening-v1.0.0,17,100,TargetOnly,BOUNDED_ROBUST_WHITENING,2.5,sensitivity,5.00695216574,100,True,False,0.672847682119,0.04,False,0.895258278146,0.985303185349,1.01872762405,1807,1,513,0.000623781676413,0.000526315789474,0.003751468443,1
bounded-robust-whitening-v1.0.0,17,100,TargetOnly,BOUNDED_ROBUST_WHITENING,4,sensitivity,5.67868783541,100,True,False,0.585430463576,0.01,False,0.896410596026,0.985692194027,1.06843091155,1769,1,513,0,0,0.0009320578857,1
bounded-robust-whitening-v1.0.0,17,100,RACE,BOUNDED_ROBUST_WHITENING,3,primary,5.41587227537,100,True,False,0.344370860927,0.02,False,0.800092715232,0.96937832582,1.02111187259,1826,1,513,0.000506822612086,0.000272904483431,0.00162141925823,0.625
bounded-robust-whitening-v1.0.0,17,100,RACE,BOUNDED_ROBUST_WHITENING,2.5,sensitivity,5.40736516473,100,True,False,0.270198675497,0,False,0.806052980132,0.970445611102,1.03880401597,1826,1,513,0.000974658869396,0.000818713450292,0.00261802408892,0.625
bounded-robust-whitening-v1.0.0,17,100,RACE,BOUNDED_ROBUST_WHITENING,4,sensitivity,5.83349624133,100,True,False,0.278145695364,0,False,0.793311258278,0.96775003903,1.05932814015,1807,1,513,7.79727095517e-05,7.79727095517e-05,0.000663542594529,0.625
bounded-robust-whitening-v1.0.0,18,10,TargetOnly,CURRENT_MAHALANOBIS,none,reference,19984.6922605,100,True,False,0.553642384106,0.01,False,0.955218543046,0.991446630279,1.00001996068,1704,1,530,0,0,0,
bounded-robust-whitening-v1.0.0,18,10,RACE,CURRENT_MAHALANOBIS,none,reference,47.9679019257,100,True,False,0.541721854305,0.03,False,0.954741721854,0.992832481673,1.23340302729,1797,1,542,0,0,0,0.142857142857
bounded-robust-whitening-v1.0.0,18,10,TargetOnly,ROBUST_DIAGONAL,3,primary,36.4712135405,100,True,False,0.498013245033,0,False,0.957231788079,0.993759570118,1.0942280291,1962,1,514,0.0489105058366,0.0498638132296,0.143324657923,
bounded-robust-whitening-v1.0.0,18,10,TargetOnly,ROBUST_DIAGONAL,2.5,sensitivity,33.4999008177,100,True,False,0.491390728477,0,False,0.950026490066,0.99269271859,1.08108084047,1962,1,514,0.0726459143969,0.0746887159533,0.18690442446,
bounded-robust-whitening-v1.0.0,18,10,TargetOnly,ROBUST_DIAGONAL,4,sensitivity,40.6824482236,100,True,False,0.531125827815,0,False,0.965695364238,0.995032067304,1.11307747667,1962,1,514,0.027373540856,0.0277821011673,0.0941505398511,
bounded-robust-whitening-v1.0.0,18,10,TargetOnly,BOUNDED_ROBUST_WHITENING,3,primary,16.2077597181,100,True,False,0.186754966887,0,False,0.805986754967,0.971642880603,1.15634204644,2005,1,514,0.00667315175097,0.00610894941634,0.0231350014173,1
bounded-robust-whitening-v1.0.0,18,10,TargetOnly,BOUNDED_ROBUST_WHITENING,2.5,sensitivity,14.3185460035,100,True,False,0.190728476821,0,False,0.806397350993,0.971887606752,1.13897146197,2005,1,514,0.0100972762646,0.00920233463035,0.028469090628,1
bounded-robust-whitening-v1.0.0,18,10,TargetOnly,BOUNDED_ROBUST_WHITENING,4,sensitivity,19.0975270105,100,True,False,0.211920529801,0,False,0.816582781457,0.97343599485,1.19314574941,2005,1,514,0.00270428015564,0.0025486381323,0.0168500528255,1
bounded-robust-whitening-v1.0.0,18,10,RACE,BOUNDED_ROBUST_WHITENING,3,primary,7.23023338273,100,True,False,0.0675496688742,0.01,False,0.295152317881,0.843078907613,1.00662669843,2002,1,514,0.00391050583658,0.00367704280156,0.00235266833303,0.142857142857
bounded-robust-whitening-v1.0.0,18,10,RACE,BOUNDED_ROBUST_WHITENING,2.5,sensitivity,6.3926484742,100,True,False,0.082119205298,0,False,0.310437086093,0.846654744008,1.00740902562,1960,1,514,0.00505836575875,0.00464980544747,0.00292215321978,0.142857142857
bounded-robust-whitening-v1.0.0,18,10,RACE,BOUNDED_ROBUST_WHITENING,4,sensitivity,7.96522863564,100,True,False,0.0940397350993,0,False,0.287642384106,0.843422195054,1.00703969043,1991,1,514,0.00208171206226,0.00198443579767,0.00148942201149,0.142857142857
bounded-robust-whitening-v1.0.0,18,25,TargetOnly,CURRENT_MAHALANOBIS,none,reference,65.4721338278,100,True,False,1,0.01,True,0.990026490066,0.99288399346,1.78037881781,1962,1,532,0,0,0,
bounded-robust-whitening-v1.0.0,18,25,RACE,CURRENT_MAHALANOBIS,none,reference,46.0720647893,100,True,False,0.520529801325,0.03,False,0.979880794702,0.996231526706,1.62578952189,1797,1,542,0,0,0,0.294117647059
bounded-robust-whitening-v1.0.0,18,25,TargetOnly,ROBUST_DIAGONAL,3,primary,35.5280933146,100,True,False,0.403973509934,0,False,0.974132450331,0.99643550699,1.13968583611,1962,1,514,0.0375486381323,0.0359338521401,0.124745535599,
bounded-robust-whitening-v1.0.0,18,25,TargetOnly,ROBUST_DIAGONAL,2.5,sensitivity,32.8278935502,100,True,False,0.381456953642,0,False,0.967218543046,0.995427409927,1.1072793328,1962,1,514,0.0534630350195,0.0531322957198,0.161859973716,
bounded-robust-whitening-v1.0.0,18,25,TargetOnly,ROBUST_DIAGONAL,4,sensitivity,39.9814230091,100,True,False,0.41059602649,0,False,0.980688741722,0.997375880335,1.19638219146,1962,1,514,0.0238910505837,0.0219455252918,0.0846599840235,
bounded-robust-whitening-v1.0.0,18,25,TargetOnly,BOUNDED_ROBUST_WHITENING,3,primary,8.18133584384,100,True,False,0.246357615894,0.01,False,0.826185430464,0.973948151518,1.14912546566,1915,1,514,0.00219844357977,0.00167315175097,0.00663024712036,1
bounded-robust-whitening-v1.0.0,18,25,TargetOnly,BOUNDED_ROBUST_WHITENING,2.5,sensitivity,7.2949029895,100,True,False,0.245033112583,0.01,False,0.807880794702,0.970084118643,1.08518368655,1915,1,514,0.00322957198444,0.00291828793774,0.00832324065246,1
bounded-robust-whitening-v1.0.0,18,25,TargetOnly,BOUNDED_ROBUST_WHITENING,4,sensitivity,8.84909389127,100,True,False,0.343046357616,0.01,False,0.84298013245,0.976909968852,1.10996874483,1915,1,514,0.00118677042802,0.000817120622568,0.00399154791661,1
bounded-robust-whitening-v1.0.0,18,25,RACE,BOUNDED_ROBUST_WHITENING,3,primary,7.57301966805,100,True,False,0.140397350993,0,False,0.446953642384,0.893316981434,1.00126698878,1961,1,514,0.00295719844358,0.00237354085603,0.00296338289484,0.294117647059
bounded-robust-whitening-v1.0.0,18,25,RACE,BOUNDED_ROBUST_WHITENING,2.5,sensitivity,6.95401661491,100,True,False,0.133774834437,0,False,0.448543046358,0.891907243779,1.02033631365,1849,1,514,0.00486381322957,0.00441634241245,0.00438322982967,0.294117647059
bounded-robust-whitening-v1.0.0,18,25,RACE,BOUNDED_ROBUST_WHITENING,4,sensitivity,8.24970622827,100,True,False,0.149668874172,0.01,False,0.444821192053,0.895473488954,1.02441263388,1936,1,514,0.000817120622568,0.000894941634241,0.00121885226892,0.294117647059
bounded-robust-whitening-v1.0.0,18,50,TargetOnly,CURRENT_MAHALANOBIS,none,reference,64.6043094528,100,True,False,1,0.01,True,0.990026490066,0.99288399346,1.71459019846,1962,1,532,0,0,0,
bounded-robust-whitening-v1.0.0,18,50,RACE,CURRENT_MAHALANOBIS,none,reference,48.7269004241,100,True,False,0.509933774834,0.03,False,0.981112582781,0.996281400197,1.79851315107,1797,1,542,0,0,0,0.454545454545
bounded-robust-whitening-v1.0.0,18,50,TargetOnly,ROBUST_DIAGONAL,3,primary,35.4400027872,100,True,False,0.37880794702,0,False,0.971668874172,0.996014410696,1.097740032,1962,1,515,0.0275145631068,0.0255339805825,0.112220150453,
bounded-robust-whitening-v1.0.0,18,50,TargetOnly,ROBUST_DIAGONAL,2.5,sensitivity,32.6580276776,100,True,False,0.372185430464,0,False,0.964993377483,0.995007553466,1.06832598941,1962,1,515,0.0400388349515,0.0383495145631,0.148303221243,
bounded-robust-whitening-v1.0.0,18,50,TargetOnly,ROBUST_DIAGONAL,4,sensitivity,39.7804091002,100,True,False,0.382781456954,0,False,0.978993377483,0.997102208726,1.15092161399,1962,1,515,0.0181359223301,0.0166601941748,0.0735420819135,
bounded-robust-whitening-v1.0.0,18,50,TargetOnly,BOUNDED_ROBUST_WHITENING,3,primary,7.03875754079,100,True,False,0.312582781457,0.01,False,0.814344370861,0.969258034759,1.14950283205,2010,1,515,0.000466019417476,0.000407766990291,0.00396322252942,1
bounded-robust-whitening-v1.0.0,18,50,TargetOnly,BOUNDED_ROBUST_WHITENING,2.5,sensitivity,6.60323286007,100,True,False,0.286092715232,0.01,False,0.812158940397,0.967402362848,1.16328069354,2010,1,515,0.00132038834951,0.00114563106796,0.00539831543754,1
bounded-robust-whitening-v1.0.0,18,50,TargetOnly,BOUNDED_ROBUST_WHITENING,4,sensitivity,7.54429159615,100,True,False,0.374834437086,0.01,False,0.821589403974,0.973490224568,1.12374329908,2010,1,515,5.82524271845e-05,3.88349514563e-05,0.00192631646628,1
bounded-robust-whitening-v1.0.0,18,50,RACE,BOUNDED_ROBUST_WHITENING,3,primary,6.72142602459,100,True,False,0.119205298013,0,False,0.652860927152,0.940301445024,1.05633503496,1936,1,515,0.000873786407767,0.000699029126214,0.0016434128464,0.454545454545
bounded-robust-whitening-v1.0.0,18,50,RACE,BOUNDED_ROBUST_WHITENING,2.5,sensitivity,6.3904697734,100,True,False,0.0834437086093,0,False,0.66098013245,0.941186777674,1.0643985183,1936,1,515,0.00157281553398,0.00157281553398,0.00275702436829,0.454545454545
bounded-robust-whitening-v1.0.0,18,50,RACE,BOUNDED_ROBUST_WHITENING,4,sensitivity,7.08232183884,100,True,False,0.15761589404,0,False,0.64961589404,0.939500869139,1.09883830846,1936,1,515,7.76699029126e-05,7.76699029126e-05,0.000671253134444,0.454545454545
bounded-robust-whitening-v1.0.0,18,100,TargetOnly,CURRENT_MAHALANOBIS,none,reference,40.9171779015,100,True,False,1,0.01,True,0.990026490066,0.99288399346,1.10153748183,1962,1,533,0,0,0,
bounded-robust-whitening-v1.0.0,18,100,RACE,CURRENT_MAHALANOBIS,none,reference,53.8455921791,100,True,False,0.480794701987,0.03,False,0.979430463576,0.995936496772,1.98044391264,1797,1,542,0,0,0,0.625
bounded-robust-whitening-v1.0.0,18,100,TargetOnly,ROBUST_DIAGONAL,3,primary,35.8349056511,100,True,False,0.372185430464,0,False,0.970847682119,0.995851025335,1.1034228865,1962,1,516,0.0257170542636,0.0240310077519,0.11241593511,
bounded-robust-whitening-v1.0.0,18,100,TargetOnly,ROBUST_DIAGONAL,2.5,sensitivity,32.9579122161,100,True,False,0.365562913907,0,False,0.96382781457,0.994824356611,1.06497237014,1962,1,516,0.0376550387597,0.0371511627907,0.149199137533,
bounded-robust-whitening-v1.0.0,18,100,TargetOnly,ROBUST_DIAGONAL,4,sensitivity,40.5209491151,100,True,False,0.361589403974,0,False,0.978370860927,0.996971877127,1.16424827675,1962,1,516,0.0176744186047,0.0166860465116,0.0737204168592,
bounded-robust-whitening-v1.0.0,18,100,TargetOnly,BOUNDED_ROBUST_WHITENING,3,primary,2.45784100467,100,True,False,0.00927152317881,0.01,False,0.466953642384,0.861587179249,1.00153625357,1918,1,516,0,0,1.02674675291e-05,1
bounded-robust-whitening-v1.0.0,18,100,TargetOnly,BOUNDED_ROBUST_WHITENING,2.5,sensitivity,2.45784100467,100,True,False,0.00927152317881,0.01,False,0.466966887417,0.861776394008,1.00153625357,1918,1,516,0,1.93798449612e-05,1.54012012937e-05,1
bounded-robust-whitening-v1.0.0,18,100,TargetOnly,BOUNDED_ROBUST_WHITENING,4,sensitivity,2.45784100467,100,True,False,0.00927152317881,0.01,False,0.466953642384,0.861587179249,1.00153625357,1918,1,516,0,0,1.02674675291e-05,1
bounded-robust-whitening-v1.0.0,18,100,RACE,BOUNDED_ROBUST_WHITENING,3,primary,2.80048966056,100,True,False,0.00927152317881,0.01,False,0.418582781457,0.844817035069,1.00147227762,1918,1,516,0,1.93798449612e-05,1.28343344114e-05,0.625
bounded-robust-whitening-v1.0.0,18,100,RACE,BOUNDED_ROBUST_WHITENING,2.5,sensitivity,2.50000001223,100,True,False,0.00529801324503,0,False,0.418582781457,0.845012939239,1.00000000402,1934,1,516,3.87596899225e-05,7.7519379845e-05,2.05349350583e-05,0.625
bounded-robust-whitening-v1.0.0,18,100,RACE,BOUNDED_ROBUST_WHITENING,4,sensitivity,2.80048966056,100,True,False,0.00927152317881,0.01,False,0.41859602649,0.845037785621,1.00147227762,1918,1,516,0,0,1.02674675291e-05,0.625
bounded-robust-whitening-v1.0.0,19,10,TargetOnly,CURRENT_MAHALANOBIS,none,reference,17947.3427212,100,True,False,0.14701986755,0,False,0.988344370861,0.998057131923,1.17431780127,1710,1,527,0,0,0,
bounded-robust-whitening-v1.0.0,19,10,RACE,CURRENT_MAHALANOBIS,none,reference,40.8770879042,100,True,False,0.651655629139,0.02,False,0.976185430464,0.996290459862,1.15306361004,1742,1,542,0,0,0,0.142857142857
bounded-robust-whitening-v1.0.0,19,10,TargetOnly,ROBUST_DIAGONAL,3,primary,38.7288413567,100,True,False,0.513907284768,0.04,False,0.908754966887,0.985639724164,1.00074540423,2002,1,519,0.0759537572254,0.0794605009634,0.176227845194,
bounded-robust-whitening-v1.0.0,19,10,TargetOnly,ROBUST_DIAGONAL,2.5,sensitivity,35.6598376624,100,True,False,0.447682119205,0.03,False,0.892370860927,0.982539493243,1.00297381249,2002,1,519,0.108073217726,0.110481695568,0.221128252243,
bounded-robust-whitening-v1.0.0,19,10,TargetOnly,ROBUST_DIAGONAL,4,sensitivity,43.9047869789,100,True,False,0.558940397351,0.03,False,0.925417218543,0.988695212594,1.01970928087,2002,1,519,0.0439113680154,0.0458766859345,0.12081052457,
bounded-robust-whitening-v1.0.0,19,10,TargetOnly,BOUNDED_ROBUST_WHITENING,3,primary,31.7970747336,100,True,False,0.519205298013,0.01,False,0.795774834437,0.970972385812,1.00023571307,1994,1,519,0.0188246628131,0.0179961464355,0.10489096454,1
bounded-robust-whitening-v1.0.0,19,10,TargetOnly,BOUNDED_ROBUST_WHITENING,2.5,sensitivity,29.1443022617,100,True,False,0.520529801325,0.02,False,0.796026490066,0.971029396873,1.00008290318,1994,1,519,0.0287861271676,0.0261464354528,0.139784863913,1
bounded-robust-whitening-v1.0.0,19,10,TargetOnly,BOUNDED_ROBUST_WHITENING,4,sensitivity,35.3929680397,100,True,False,0.519205298013,0.01,False,0.793655629139,0.970691207761,1.00101943693,1990,1,519,0.0108092485549,0.0102697495183,0.0665339611326,1
bounded-robust-whitening-v1.0.0,19,10,RACE,BOUNDED_ROBUST_WHITENING,3,primary,8.08469596957,100,True,False,0.0649006622517,0.02,False,0.322754966887,0.850139454257,1.00372374313,2002,1,519,0.00410404624277,0.00410404624277,0.00275874389108,0.142857142857
bounded-robust-whitening-v1.0.0,19,10,RACE,BOUNDED_ROBUST_WHITENING,2.5,sensitivity,7.55009722565,100,True,False,0.0278145695364,0.01,False,0.347112582781,0.85320296142,1.02574441497,1989,1,519,0.00499036608863,0.00527938342967,0.00364940218709,0.142857142857
bounded-robust-whitening-v1.0.0,19,10,RACE,BOUNDED_ROBUST_WHITENING,4,sensitivity,8.80417010115,100,True,False,0.111258278146,0.02,False,0.307470198675,0.853312278061,1.01155262025,1849,1,519,0.00238921001927,0.00248554913295,0.00194209445061,0.142857142857
bounded-robust-whitening-v1.0.0,19,25,TargetOnly,CURRENT_MAHALANOBIS,none,reference,25734.8682936,100,True,False,0.14701986755,0,False,0.987695364238,0.997913128407,1.13326163479,1710,1,531,0,0,0,
bounded-robust-whitening-v1.0.0,19,25,RACE,CURRENT_MAHALANOBIS,none,reference,35.6363979941,100,True,False,0.784105960265,0.02,False,0.989218543046,0.997965121844,1.094847546,1742,1,542,0,0,0,0.294117647059
bounded-robust-whitening-v1.0.0,19,25,TargetOnly,ROBUST_DIAGONAL,3,primary,34.1879112826,100,True,False,0.601324503311,0.04,False,0.947417218543,0.991960491307,1.00598373625,1977,1,516,0.043507751938,0.043488372093,0.136598388008,
bounded-robust-whitening-v1.0.0,19,25,TargetOnly,ROBUST_DIAGONAL,2.5,sensitivity,32.0527513066,100,True,False,0.553642384106,0.04,False,0.939907284768,0.990702584228,1.01123578036,1977,1,516,0.0621705426357,0.0633720930233,0.176179475332,
bounded-robust-whitening-v1.0.0,19,25,TargetOnly,ROBUST_DIAGONAL,4,sensitivity,37.4426015272,100,True,False,0.666225165563,0.03,False,0.956529801325,0.993630670708,1.01471341115,1889,1,516,0.0284689922481,0.0282751937984,0.093698341804,
bounded-robust-whitening-v1.0.0,19,25,TargetOnly,BOUNDED_ROBUST_WHITENING,3,primary,23.4934961671,100,True,False,0.323178807947,0,False,0.823006622517,0.975386790296,1.00837526106,1724,1,516,0.00604651162791,0.00387596899225,0.0415011037528,1
bounded-robust-whitening-v1.0.0,19,25,TargetOnly,BOUNDED_ROBUST_WHITENING,2.5,sensitivity,22.0480398947,100,True,False,0.279470198675,0,False,0.818675496689,0.974769133379,1.01109331472,1724,1,516,0.00866279069767,0.00585271317829,0.054579290518,1
bounded-robust-whitening-v1.0.0,19,25,TargetOnly,BOUNDED_ROBUST_WHITENING,4,sensitivity,26.1928912231,100,True,False,0.401324503311,0,False,0.827284768212,0.975905965961,1.01315710762,1724,1,516,0.00350775193798,0.00228682170543,0.0287437753478,1
bounded-robust-whitening-v1.0.0,19,25,RACE,BOUNDED_ROBUST_WHITENING,3,primary,8.29501629773,100,True,False,0.0781456953642,0.01,False,0.463774834437,0.894253846615,1.1089414202,1710,1,516,0.00306201550388,0.0031007751938,0.00334206068073,0.294117647059
bounded-robust-whitening-v1.0.0,19,25,RACE,BOUNDED_ROBUST_WHITENING,2.5,sensitivity,7.7559623164,100,True,False,0.0569536423841,0.01,False,0.471125827815,0.895524938938,1.12296551963,1710,1,516,0.00418604651163,0.00434108527132,0.00466399712511,0.294117647059
bounded-robust-whitening-v1.0.0,19,25,RACE,BOUNDED_ROBUST_WHITENING,4,sensitivity,9.42739855783,100,True,False,0.0675496688742,0,False,0.431642384106,0.88745267713,1.13012550023,1710,1,516,0.00209302325581,0.00203488372093,0.00159915806766,0.294117647059
bounded-robust-whitening-v1.0.0,19,50,TargetOnly,CURRENT_MAHALANOBIS,none,reference,11455.2745555,100,True,False,0.00264900662252,0,False,1,1,329.248748658,1710,1,534,0,0,0,
bounded-robust-whitening-v1.0.0,19,50,RACE,CURRENT_MAHALANOBIS,none,reference,34.0370309472,100,True,False,0.856953642384,0.02,False,0.989006622517,0.997879165989,1.02072211758,1710,1,542,0,0,0,0.454545454545
bounded-robust-whitening-v1.0.0,19,50,TargetOnly,ROBUST_DIAGONAL,3,primary,32.6359423825,100,True,False,0.643708609272,0.03,False,0.960397350993,0.994121688007,1.01758592281,1977,1,516,0.0311240310078,0.0324418604651,0.122947789928,
bounded-robust-whitening-v1.0.0,19,50,TargetOnly,ROBUST_DIAGONAL,2.5,sensitivity,30.7887453093,100,True,False,0.6,0.03,False,0.954953642384,0.993269891238,1.02747213995,1977,1,516,0.0462015503876,0.0473837209302,0.160180194055,
bounded-robust-whitening-v1.0.0,19,50,TargetOnly,ROBUST_DIAGONAL,4,sensitivity,35.2570035386,100,True,False,0.707284768212,0.03,False,0.966821192053,0.995212625319,1.00704282014,1710,1,516,0.0208527131783,0.0216085271318,0.0819343908825,
bounded-robust-whitening-v1.0.0,19,50,TargetOnly,BOUNDED_ROBUST_WHITENING,3,primary,8.63979431107,100,True,False,0.202649006623,0,False,0.851933774834,0.979110558188,1.05944273275,1710,1,516,0.000891472868217,0.000794573643411,0.00511833256327,1
bounded-robust-whitening-v1.0.0,19,50,TargetOnly,BOUNDED_ROBUST_WHITENING,2.5,sensitivity,8.00900953568,100,True,False,0.160264900662,0,False,0.843417218543,0.977747623536,1.04305956831,1710,1,516,0.00176356589147,0.00158914728682,0.00727450074439,1
bounded-robust-whitening-v1.0.0,19,50,TargetOnly,BOUNDED_ROBUST_WHITENING,4,sensitivity,9.05519805538,100,True,False,0.243708609272,0,False,0.857536423841,0.9800004935,1.03265198063,1710,1,516,0.000174418604651,0.000116279069767,0.0023178807947,1
bounded-robust-whitening-v1.0.0,19,50,RACE,BOUNDED_ROBUST_WHITENING,3,primary,6.95113560392,100,True,False,0.172185430464,0.02,False,0.57978807947,0.925837634939,1.04829149591,1710,1,516,0.0012015503876,0.00118217054264,0.00235381693105,0.454545454545
bounded-robust-whitening-v1.0.0,19,50,RACE,BOUNDED_ROBUST_WHITENING,2.5,sensitivity,6.33670007921,100,True,False,0.190728476821,0.02,False,0.585483443709,0.926253704207,1.00839489202,1849,1,516,0.00218992248062,0.00238372093023,0.00389907079419,0.454545454545
bounded-robust-whitening-v1.0.0,19,50,RACE,BOUNDED_ROBUST_WHITENING,4,sensitivity,8.04674308941,100,True,False,0.145695364238,0,False,0.583099337748,0.927276030342,1.04350345899,1710,1,516,0.000426356589147,0.000406976744186,0.000995944350326,0.454545454545
bounded-robust-whitening-v1.0.0,19,100,TargetOnly,CURRENT_MAHALANOBIS,none,reference,14216.440258,100,True,False,0.00264900662252,0,False,1,1,354.512488771,1710,1,535,0,0,0,
bounded-robust-whitening-v1.0.0,19,100,RACE,CURRENT_MAHALANOBIS,none,reference,38.5070028574,100,True,False,0.777483443709,0,False,0.999986754967,0.999998248011,1.10999711797,1710,1,542,0,0,0,0.625
bounded-robust-whitening-v1.0.0,19,100,TargetOnly,ROBUST_DIAGONAL,3,primary,32.4010499525,100,True,False,0.62119205298,0.01,False,0.967708609272,0.995257466973,1.04631364561,1710,1,513,0.0262768031189,0.0257504873294,0.116447852523,
bounded-robust-whitening-v1.0.0,19,100,TargetOnly,ROBUST_DIAGONAL,2.5,sensitivity,30.2773954699,100,True,False,0.614569536424,0.01,False,0.960357615894,0.994141137824,1.02510909831,1710,1,513,0.0388888888889,0.037992202729,0.154145850277,
bounded-robust-whitening-v1.0.0,19,100,TargetOnly,ROBUST_DIAGONAL,4,sensitivity,35.6217269163,100,True,False,0.62119205298,0,False,0.976688741722,0.996693852056,1.08927984824,1710,1,513,0.0178752436647,0.0176998050682,0.0755147618863,
bounded-robust-whitening-v1.0.0,19,100,TargetOnly,BOUNDED_ROBUST_WHITENING,3,primary,9.92811856996,100,True,False,0.00397350993377,0,False,0.855205298013,0.97932542521,1.43592745207,1710,1,513,0.00037037037037,0.000272904483431,0.00319636471606,1
bounded-robust-whitening-v1.0.0,19,100,TargetOnly,BOUNDED_ROBUST_WHITENING,2.5,sensitivity,9.60057536257,100,True,False,0.00264900662252,0,False,0.854370860927,0.979298299451,1.45468390037,1710,1,513,0.00105263157895,0.000760233918129,0.0046731988175,1
bounded-robust-whitening-v1.0.0,19,100,TargetOnly,BOUNDED_ROBUST_WHITENING,4,sensitivity,10.1209978179,100,True,False,0.0781456953642,0,False,0.857933774834,0.979769874824,1.46382403742,1710,1,513,3.89863547758e-05,0,0.00141228715645,1
bounded-robust-whitening-v1.0.0,19,100,RACE,BOUNDED_ROBUST_WHITENING,3,primary,7.21265675298,100,True,False,0.137748344371,0,False,0.762039735099,0.963048697431,1.1814746756,1710,1,513,0.000311890838207,0.000214424951267,0.0018357151156,0.625
bounded-robust-whitening-v1.0.0,19,100,RACE,BOUNDED_ROBUST_WHITENING,2.5,sensitivity,6.48925377966,100,True,False,0.143046357616,0,False,0.753456953642,0.961061291544,1.10450813492,1710,1,513,0.000818713450292,0.000877192982456,0.00327382105005,0.625
bounded-robust-whitening-v1.0.0,19,100,RACE,BOUNDED_ROBUST_WHITENING,4,sensitivity,7.95065244259,100,True,False,0.13642384106,0,False,0.760754966887,0.963026523161,1.28646258773,1710,1,513,3.89863547758e-05,1.94931773879e-05,0.000609323160735,0.625
