protocol_version,seed,N,detector,calibration_method,calibration_request,calibration_size,threshold,threshold_min,threshold_max,threshold_rank,finite_sample_alpha_supported,trimmed_count,recall,false_positive_rate,empirical_coverage,success,episode_1710_present,episode_1710_score,episode_1710_determines_any_threshold,episode_1710_threshold_fraction,episode_1710_neighbor_fraction,retained_features
calibration-tail-robustness-v1.0.0,0,10,TargetOnly,MAX_SCORE,100,100,80.7373690017,80.7373690017,80.7373690017,100,False,0,1,0.01,0.99,True,False,,False,0,0,528
calibration-tail-robustness-v1.0.0,0,10,TargetOnly,FINITE_SAMPLE,100,100,80.7373690017,80.7373690017,80.7373690017,100,True,0,1,0.01,0.99,True,False,,False,0,0,528
calibration-tail-robustness-v1.0.0,0,10,TargetOnly,CONTEXT_CONDITIONAL,100,100,80.7373690017,80.7373690017,80.7373690017,100,True,0,1,0.01,0.99,True,False,,False,0,0,528
calibration-tail-robustness-v1.0.0,0,10,TargetOnly,TRIMMED_SENSITIVITY,100,100,40.1121240553,40.1121240553,40.1121240553,99,True,1,1,0.01,0.99,True,False,,False,0,0,528
calibration-tail-robustness-v1.0.0,0,10,TargetOnly,MAX_SCORE,all,119,8400.08385297,8400.08385297,8400.08385297,119,False,0,0.00264900662252,0,1,False,True,8400.08385297,True,1,1,528
calibration-tail-robustness-v1.0.0,0,10,TargetOnly,FINITE_SAMPLE,all,119,8400.08385297,8400.08385297,8400.08385297,119,True,0,0.00264900662252,0,1,False,True,8400.08385297,True,1,1,528
calibration-tail-robustness-v1.0.0,0,10,TargetOnly,CONTEXT_CONDITIONAL,all,119,8400.08385297,36.5218143659,8400.08385297,100,True,0,0.00264900662252,0,1,False,True,8400.08385297,True,0.94269005848,0.94269005848,528
calibration-tail-robustness-v1.0.0,0,10,TargetOnly,TRIMMED_SENSITIVITY,all,119,80.7373690017,80.7373690017,80.7373690017,118,True,1,1,0.01,0.99,True,True,8400.08385297,False,0,1,528
calibration-tail-robustness-v1.0.0,0,10,RACE,MAX_SCORE,100,100,53.8684846199,53.8684846199,53.8684846199,100,False,0,0.472847682119,0,1,False,False,,False,0,0,542
calibration-tail-robustness-v1.0.0,0,10,RACE,FINITE_SAMPLE,100,100,53.8684846199,53.8684846199,53.8684846199,100,True,0,0.472847682119,0,1,False,False,,False,0,0,542
calibration-tail-robustness-v1.0.0,0,10,RACE,CONTEXT_CONDITIONAL,100,100,53.8684846199,53.8684846199,53.8684846199,100,True,0,0.472847682119,0,1,False,False,,False,0,0,542
calibration-tail-robustness-v1.0.0,0,10,RACE,TRIMMED_SENSITIVITY,100,100,47.1733321415,47.1733321415,47.1733321415,99,True,1,0.524503311258,0,1,False,False,,False,0,0,542
calibration-tail-robustness-v1.0.0,0,10,RACE,MAX_SCORE,all,119,53.8684846199,53.8684846199,53.8684846199,119,False,0,0.472847682119,0,1,False,True,31.921180868,False,0,1,542
calibration-tail-robustness-v1.0.0,0,10,RACE,FINITE_SAMPLE,all,119,53.8684846199,53.8684846199,53.8684846199,119,True,0,0.472847682119,0,1,False,True,31.921180868,False,0,1,542
calibration-tail-robustness-v1.0.0,0,10,RACE,CONTEXT_CONDITIONAL,all,119,53.8684846199,53.8684846199,53.8684846199,100,True,0,0.472847682119,0,1,False,True,31.921180868,False,0,0.94269005848,542
calibration-tail-robustness-v1.0.0,0,10,RACE,TRIMMED_SENSITIVITY,all,119,47.1733321415,47.1733321415,47.1733321415,118,True,1,0.524503311258,0,1,False,True,31.921180868,False,0,1,542
calibration-tail-robustness-v1.0.0,0,25,TargetOnly,MAX_SCORE,100,100,77.9892657633,77.9892657633,77.9892657633,100,False,0,1,0.01,0.99,True,False,,False,0,0,531
calibration-tail-robustness-v1.0.0,0,25,TargetOnly,FINITE_SAMPLE,100,100,77.9892657633,77.9892657633,77.9892657633,100,True,0,1,0.01,0.99,True,False,,False,0,0,531
calibration-tail-robustness-v1.0.0,0,25,TargetOnly,CONTEXT_CONDITIONAL,100,100,77.9892657633,77.9892657633,77.9892657633,100,True,0,1,0.01,0.99,True,False,,False,0,0,531
calibration-tail-robustness-v1.0.0,0,25,TargetOnly,TRIMMED_SENSITIVITY,100,100,41.3864854025,41.3864854025,41.3864854025,99,True,1,1,0.01,0.99,True,False,,False,0,0,531
calibration-tail-robustness-v1.0.0,0,25,TargetOnly,MAX_SCORE,all,119,11516.9117304,11516.9117304,11516.9117304,119,False,0,0.00264900662252,0,1,False,True,11516.9117304,True,1,1,531
calibration-tail-robustness-v1.0.0,0,25,TargetOnly,FINITE_SAMPLE,all,119,11516.9117304,11516.9117304,11516.9117304,119,True,0,0.00264900662252,0,1,False,True,11516.9117304,True,1,1,531
calibration-tail-robustness-v1.0.0,0,25,TargetOnly,CONTEXT_CONDITIONAL,all,119,11516.9117304,35.6578503425,11516.9117304,100,True,0,0.00264900662252,0,1,False,True,11516.9117304,True,0.94269005848,0.94269005848,531
calibration-tail-robustness-v1.0.0,0,25,TargetOnly,TRIMMED_SENSITIVITY,all,119,77.9892657633,77.9892657633,77.9892657633,118,True,1,1,0.01,0.99,True,True,11516.9117304,False,0,1,531
calibration-tail-robustness-v1.0.0,0,25,RACE,MAX_SCORE,100,100,54.5249929639,54.5249929639,54.5249929639,100,False,0,0.427814569536,0,1,False,False,,False,0,0,542
calibration-tail-robustness-v1.0.0,0,25,RACE,FINITE_SAMPLE,100,100,54.5249929639,54.5249929639,54.5249929639,100,True,0,0.427814569536,0,1,False,False,,False,0,0,542
calibration-tail-robustness-v1.0.0,0,25,RACE,CONTEXT_CONDITIONAL,100,100,54.5249929639,54.5249929639,54.5249929639,100,True,0,0.427814569536,0,1,False,False,,False,0,0,542
calibration-tail-robustness-v1.0.0,0,25,RACE,TRIMMED_SENSITIVITY,100,100,45.0549993393,45.0549993393,45.0549993393,99,True,1,0.513907284768,0,1,False,False,,False,0,0,542
calibration-tail-robustness-v1.0.0,0,25,RACE,MAX_SCORE,all,119,54.5249929639,54.5249929639,54.5249929639,119,False,0,0.427814569536,0,1,False,True,31.6016618403,False,0,1,542
calibration-tail-robustness-v1.0.0,0,25,RACE,FINITE_SAMPLE,all,119,54.5249929639,54.5249929639,54.5249929639,119,True,0,0.427814569536,0,1,False,True,31.6016618403,False,0,1,542
calibration-tail-robustness-v1.0.0,0,25,RACE,CONTEXT_CONDITIONAL,all,119,54.5249929639,54.5249929639,54.5249929639,100,True,0,0.427814569536,0,1,False,True,31.6016618403,False,0,0.94269005848,542
calibration-tail-robustness-v1.0.0,0,25,RACE,TRIMMED_SENSITIVITY,all,119,45.0549993393,45.0549993393,45.0549993393,118,True,1,0.513907284768,0,1,False,True,31.6016618403,False,0,1,542
calibration-tail-robustness-v1.0.0,0,50,TargetOnly,MAX_SCORE,100,100,84.4890842171,84.4890842171,84.4890842171,100,False,0,1,0.01,0.99,True,False,,False,0,0,532
calibration-tail-robustness-v1.0.0,0,50,TargetOnly,FINITE_SAMPLE,100,100,84.4890842171,84.4890842171,84.4890842171,100,True,0,1,0.01,0.99,True,False,,False,0,0,532
calibration-tail-robustness-v1.0.0,0,50,TargetOnly,CONTEXT_CONDITIONAL,100,100,84.4890842171,84.4890842171,84.4890842171,100,True,0,1,0.01,0.99,True,False,,False,0,0,532
calibration-tail-robustness-v1.0.0,0,50,TargetOnly,TRIMMED_SENSITIVITY,100,100,38.2317182732,38.2317182732,38.2317182732,99,True,1,1,0.01,0.99,True,False,,False,0,0,532
calibration-tail-robustness-v1.0.0,0,50,TargetOnly,MAX_SCORE,all,119,11732.6372679,11732.6372679,11732.6372679,119,False,0,0.00264900662252,0,1,False,True,11732.6372679,True,1,1,532
calibration-tail-robustness-v1.0.0,0,50,TargetOnly,FINITE_SAMPLE,all,119,11732.6372679,11732.6372679,11732.6372679,119,True,0,0.00264900662252,0,1,False,True,11732.6372679,True,1,1,532
calibration-tail-robustness-v1.0.0,0,50,TargetOnly,CONTEXT_CONDITIONAL,all,119,11732.6372679,36.9775013343,11732.6372679,100,True,0,0.00264900662252,0,1,False,True,11732.6372679,True,0.94269005848,0.94269005848,532
calibration-tail-robustness-v1.0.0,0,50,TargetOnly,TRIMMED_SENSITIVITY,all,119,84.4890842171,84.4890842171,84.4890842171,118,True,1,1,0.01,0.99,True,True,11732.6372679,False,0,1,532
calibration-tail-robustness-v1.0.0,0,50,RACE,MAX_SCORE,100,100,58.968150207,58.968150207,58.968150207,100,False,0,0.402649006623,0,1,False,False,,False,0,0,542
calibration-tail-robustness-v1.0.0,0,50,RACE,FINITE_SAMPLE,100,100,58.968150207,58.968150207,58.968150207,100,True,0,0.402649006623,0,1,False,False,,False,0,0,542
calibration-tail-robustness-v1.0.0,0,50,RACE,CONTEXT_CONDITIONAL,100,100,58.968150207,58.968150207,58.968150207,100,True,0,0.402649006623,0,1,False,False,,False,0,0,542
calibration-tail-robustness-v1.0.0,0,50,RACE,TRIMMED_SENSITIVITY,100,100,47.9243592219,47.9243592219,47.9243592219,99,True,1,0.500662251656,0,1,False,False,,False,0,0,542
calibration-tail-robustness-v1.0.0,0,50,RACE,MAX_SCORE,all,119,58.968150207,58.968150207,58.968150207,119,False,0,0.402649006623,0,1,False,True,33.2650845838,False,0,1,542
calibration-tail-robustness-v1.0.0,0,50,RACE,FINITE_SAMPLE,all,119,58.968150207,58.968150207,58.968150207,119,True,0,0.402649006623,0,1,False,True,33.2650845838,False,0,1,542
calibration-tail-robustness-v1.0.0,0,50,RACE,CONTEXT_CONDITIONAL,all,119,58.968150207,58.968150207,58.968150207,100,True,0,0.402649006623,0,1,False,True,33.2650845838,False,0,0.94269005848,542
calibration-tail-robustness-v1.0.0,0,50,RACE,TRIMMED_SENSITIVITY,all,119,47.9243592219,47.9243592219,47.9243592219,118,True,1,0.500662251656,0,1,False,True,33.2650845838,False,0,1,542
calibration-tail-robustness-v1.0.0,0,100,TargetOnly,MAX_SCORE,100,100,81.5119052158,81.5119052158,81.5119052158,100,False,0,1,0.01,0.99,True,False,,False,0,0,533
calibration-tail-robustness-v1.0.0,0,100,TargetOnly,FINITE_SAMPLE,100,100,81.5119052158,81.5119052158,81.5119052158,100,True,0,1,0.01,0.99,True,False,,False,0,0,533
calibration-tail-robustness-v1.0.0,0,100,TargetOnly,CONTEXT_CONDITIONAL,100,100,81.5119052158,81.5119052158,81.5119052158,100,True,0,1,0.01,0.99,True,False,,False,0,0,533
calibration-tail-robustness-v1.0.0,0,100,TargetOnly,TRIMMED_SENSITIVITY,100,100,41.1103252392,41.1103252392,41.1103252392,99,True,1,1,0.01,0.99,True,False,,False,0,0,533
calibration-tail-robustness-v1.0.0,0,100,TargetOnly,MAX_SCORE,all,119,13908.4306863,13908.4306863,13908.4306863,119,False,0,0.00264900662252,0,1,False,True,13908.4306863,True,1,1,533
calibration-tail-robustness-v1.0.0,0,100,TargetOnly,FINITE_SAMPLE,all,119,13908.4306863,13908.4306863,13908.4306863,119,True,0,0.00264900662252,0,1,False,True,13908.4306863,True,1,1,533
calibration-tail-robustness-v1.0.0,0,100,TargetOnly,CONTEXT_CONDITIONAL,all,119,13908.4306863,40.4280317133,13908.4306863,100,True,0,0.00264900662252,0,1,False,True,13908.4306863,True,0.94269005848,0.94269005848,533
calibration-tail-robustness-v1.0.0,0,100,TargetOnly,TRIMMED_SENSITIVITY,all,119,81.5119052158,81.5119052158,81.5119052158,118,True,1,1,0.01,0.99,True,True,13908.4306863,False,0,1,533
calibration-tail-robustness-v1.0.0,0,100,RACE,MAX_SCORE,100,100,28.9278928097,28.9278928097,28.9278928097,100,False,0,1,0.01,0.99,True,False,,False,0,0,542
calibration-tail-robustness-v1.0.0,0,100,RACE,FINITE_SAMPLE,100,100,28.9278928097,28.9278928097,28.9278928097,100,True,0,1,0.01,0.99,True,False,,False,0,0,542
calibration-tail-robustness-v1.0.0,0,100,RACE,CONTEXT_CONDITIONAL,100,100,28.9278928097,28.9278928097,28.9278928097,100,True,0,1,0.01,0.99,True,False,,False,0,0,542
calibration-tail-robustness-v1.0.0,0,100,RACE,TRIMMED_SENSITIVITY,100,100,27.4514481318,27.4514481318,27.4514481318,99,True,1,1,0.01,0.99,True,False,,False,0,0,542
calibration-tail-robustness-v1.0.0,0,100,RACE,MAX_SCORE,all,119,37.3417996278,37.3417996278,37.3417996278,119,False,0,0.823841059603,0,1,False,True,37.3417996278,True,1,1,542
calibration-tail-robustness-v1.0.0,0,100,RACE,FINITE_SAMPLE,all,119,37.3417996278,37.3417996278,37.3417996278,119,True,0,0.823841059603,0,1,False,True,37.3417996278,True,1,1,542
calibration-tail-robustness-v1.0.0,0,100,RACE,CONTEXT_CONDITIONAL,all,119,37.3417996278,27.4514481318,37.3417996278,100,True,0,0.823841059603,0,1,False,True,37.3417996278,True,0.94269005848,0.94269005848,542
calibration-tail-robustness-v1.0.0,0,100,RACE,TRIMMED_SENSITIVITY,all,119,28.9278928097,28.9278928097,28.9278928097,118,True,1,1,0.01,0.99,True,True,37.3417996278,False,0,1,542
calibration-tail-robustness-v1.0.0,1,10,TargetOnly,MAX_SCORE,100,100,21907.4031655,21907.4031655,21907.4031655,100,False,0,0.56821192053,0.01,0.99,False,False,,False,0,0,529
calibration-tail-robustness-v1.0.0,1,10,TargetOnly,FINITE_SAMPLE,100,100,21907.4031655,21907.4031655,21907.4031655,100,True,0,0.56821192053,0.01,0.99,False,False,,False,0,0,529
calibration-tail-robustness-v1.0.0,1,10,TargetOnly,CONTEXT_CONDITIONAL,100,100,21907.4031655,21907.4031655,21907.4031655,100,True,0,0.56821192053,0.01,0.99,False,False,,False,0,0,529
calibration-tail-robustness-v1.0.0,1,10,TargetOnly,TRIMMED_SENSITIVITY,100,100,21907.2335162,21907.2335162,21907.2335162,99,True,1,0.569536423841,0.02,0.98,False,False,,False,0,0,529
calibration-tail-robustness-v1.0.0,1,10,TargetOnly,MAX_SCORE,all,119,21907.4031655,21907.4031655,21907.4031655,119,False,0,0.56821192053,0.01,0.99,False,False,,False,0,0,529
calibration-tail-robustness-v1.0.0,1,10,TargetOnly,FINITE_SAMPLE,all,119,21907.4031655,21907.4031655,21907.4031655,119,True,0,0.56821192053,0.01,0.99,False,False,,False,0,0,529
calibration-tail-robustness-v1.0.0,1,10,TargetOnly,CONTEXT_CONDITIONAL,all,119,21907.4031655,21907.2335162,21907.4031655,100,True,0,0.56821192053,0.01,0.99,False,False,,False,0,0,529
calibration-tail-robustness-v1.0.0,1,10,TargetOnly,TRIMMED_SENSITIVITY,all,119,21907.2335162,21907.2335162,21907.2335162,118,True,1,0.569536423841,0.02,0.98,False,False,,False,0,0,529
calibration-tail-robustness-v1.0.0,1,10,RACE,MAX_SCORE,100,100,55.4414048614,55.4414048614,55.4414048614,100,False,0,0.466225165563,0,1,False,False,,False,0,0,542
calibration-tail-robustness-v1.0.0,1,10,RACE,FINITE_SAMPLE,100,100,55.4414048614,55.4414048614,55.4414048614,100,True,0,0.466225165563,0,1,False,False,,False,0,0,542
calibration-tail-robustness-v1.0.0,1,10,RACE,CONTEXT_CONDITIONAL,100,100,55.4414048614,55.4414048614,55.4414048614,100,True,0,0.466225165563,0,1,False,False,,False,0,0,542
calibration-tail-robustness-v1.0.0,1,10,RACE,TRIMMED_SENSITIVITY,100,100,44.6855304526,44.6855304526,44.6855304526,99,True,1,0.596026490066,0.02,0.98,False,False,,False,0,0,542
calibration-tail-robustness-v1.0.0,1,10,RACE,MAX_SCORE,all,119,55.4414048614,55.4414048614,55.4414048614,119,False,0,0.466225165563,0,1,False,False,,False,0,0,542
calibration-tail-robustness-v1.0.0,1,10,RACE,FINITE_SAMPLE,all,119,55.4414048614,55.4414048614,55.4414048614,119,True,0,0.466225165563,0,1,False,False,,False,0,0,542
calibration-tail-robustness-v1.0.0,1,10,RACE,CONTEXT_CONDITIONAL,all,119,55.4414048614,52.6250377134,55.4414048614,100,True,0,0.466225165563,0,1,False,False,,False,0,0,542
calibration-tail-robustness-v1.0.0,1,10,RACE,TRIMMED_SENSITIVITY,all,119,52.6250377134,52.6250377134,52.6250377134,118,True,1,0.488741721854,0.01,0.99,False,False,,False,0,0,542
calibration-tail-robustness-v1.0.0,1,25,TargetOnly,MAX_SCORE,100,100,110.466576365,110.466576365,110.466576365,100,False,0,1,0,1,True,False,,False,0,0,529
calibration-tail-robustness-v1.0.0,1,25,TargetOnly,FINITE_SAMPLE,100,100,110.466576365,110.466576365,110.466576365,100,True,0,1,0,1,True,False,,False,0,0,529
calibration-tail-robustness-v1.0.0,1,25,TargetOnly,CONTEXT_CONDITIONAL,100,100,110.466576365,110.466576365,110.466576365,100,True,0,1,0,1,True,False,,False,0,0,529
calibration-tail-robustness-v1.0.0,1,25,TargetOnly,TRIMMED_SENSITIVITY,100,100,60.5622032429,60.5622032429,60.5622032429,99,True,1,1,0,1,True,False,,False,0,0,529
calibration-tail-robustness-v1.0.0,1,25,TargetOnly,MAX_SCORE,all,119,110.466576365,110.466576365,110.466576365,119,False,0,1,0,1,True,False,,False,0,0,529
calibration-tail-robustness-v1.0.0,1,25,TargetOnly,FINITE_SAMPLE,all,119,110.466576365,110.466576365,110.466576365,119,True,0,1,0,1,True,False,,False,0,0,529
calibration-tail-robustness-v1.0.0,1,25,TargetOnly,CONTEXT_CONDITIONAL,all,119,60.5622032429,40.3264104523,110.466576365,100,True,0,1,0,1,True,False,,False,0,0,529
calibration-tail-robustness-v1.0.0,1,25,TargetOnly,TRIMMED_SENSITIVITY,all,119,60.5622032429,60.5622032429,60.5622032429,118,True,1,1,0,1,True,False,,False,0,0,529
calibration-tail-robustness-v1.0.0,1,25,RACE,MAX_SCORE,100,100,56.9127846499,56.9127846499,56.9127846499,100,False,0,0.405298013245,0,1,False,False,,False,0,0,542
calibration-tail-robustness-v1.0.0,1,25,RACE,FINITE_SAMPLE,100,100,56.9127846499,56.9127846499,56.9127846499,100,True,0,0.405298013245,0,1,False,False,,False,0,0,542
calibration-tail-robustness-v1.0.0,1,25,RACE,CONTEXT_CONDITIONAL,100,100,56.9127846499,56.9127846499,56.9127846499,100,True,0,0.405298013245,0,1,False,False,,False,0,0,542
calibration-tail-robustness-v1.0.0,1,25,RACE,TRIMMED_SENSITIVITY,100,100,35.5739600636,35.5739600636,35.5739600636,99,True,1,0.745695364238,0.02,0.98,False,False,,False,0,0,542
calibration-tail-robustness-v1.0.0,1,25,RACE,MAX_SCORE,all,119,56.9127846499,56.9127846499,56.9127846499,119,False,0,0.405298013245,0,1,False,False,,False,0,0,542
calibration-tail-robustness-v1.0.0,1,25,RACE,FINITE_SAMPLE,all,119,56.9127846499,56.9127846499,56.9127846499,119,True,0,0.405298013245,0,1,False,False,,False,0,0,542
calibration-tail-robustness-v1.0.0,1,25,RACE,CONTEXT_CONDITIONAL,all,119,56.9127846499,54.3613647701,56.9127846499,100,True,0,0.405298013245,0,1,False,False,,False,0,0,542
calibration-tail-robustness-v1.0.0,1,25,RACE,TRIMMED_SENSITIVITY,all,119,54.3613647701,54.3613647701,54.3613647701,118,True,1,0.439735099338,0.01,0.99,False,False,,False,0,0,542
calibration-tail-robustness-v1.0.0,1,50,TargetOnly,MAX_SCORE,100,100,124.333535204,124.333535204,124.333535204,100,False,0,1,0,1,True,False,,False,0,0,532
calibration-tail-robustness-v1.0.0,1,50,TargetOnly,FINITE_SAMPLE,100,100,124.333535204,124.333535204,124.333535204,100,True,0,1,0,1,True,False,,False,0,0,532
calibration-tail-robustness-v1.0.0,1,50,TargetOnly,CONTEXT_CONDITIONAL,100,100,124.333535204,124.333535204,124.333535204,100,True,0,1,0,1,True,False,,False,0,0,532
calibration-tail-robustness-v1.0.0,1,50,TargetOnly,TRIMMED_SENSITIVITY,100,100,63.7729705383,63.7729705383,63.7729705383,99,True,1,1,0,1,True,False,,False,0,0,532
calibration-tail-robustness-v1.0.0,1,50,TargetOnly,MAX_SCORE,all,119,124.333535204,124.333535204,124.333535204,119,False,0,1,0,1,True,False,,False,0,0,532
calibration-tail-robustness-v1.0.0,1,50,TargetOnly,FINITE_SAMPLE,all,119,124.333535204,124.333535204,124.333535204,119,True,0,1,0,1,True,False,,False,0,0,532
calibration-tail-robustness-v1.0.0,1,50,TargetOnly,CONTEXT_CONDITIONAL,all,119,63.7729705383,39.9200369665,124.333535204,100,True,0,1,0,1,True,False,,False,0,0,532
calibration-tail-robustness-v1.0.0,1,50,TargetOnly,TRIMMED_SENSITIVITY,all,119,63.7729705383,63.7729705383,63.7729705383,118,True,1,1,0,1,True,False,,False,0,0,532
calibration-tail-robustness-v1.0.0,1,50,RACE,MAX_SCORE,100,100,61.244336514,61.244336514,61.244336514,100,False,0,0.397350993377,0,1,False,False,,False,0,0,542
calibration-tail-robustness-v1.0.0,1,50,RACE,FINITE_SAMPLE,100,100,61.244336514,61.244336514,61.244336514,100,True,0,0.397350993377,0,1,False,False,,False,0,0,542
calibration-tail-robustness-v1.0.0,1,50,RACE,CONTEXT_CONDITIONAL,100,100,61.244336514,61.244336514,61.244336514,100,True,0,0.397350993377,0,1,False,False,,False,0,0,542
calibration-tail-robustness-v1.0.0,1,50,RACE,TRIMMED_SENSITIVITY,100,100,34.4118252968,34.4118252968,34.4118252968,99,True,1,0.843708609272,0.02,0.98,False,False,,False,0,0,542
calibration-tail-robustness-v1.0.0,1,50,RACE,MAX_SCORE,all,119,61.244336514,61.244336514,61.244336514,119,False,0,0.397350993377,0,1,False,False,,False,0,0,542
calibration-tail-robustness-v1.0.0,1,50,RACE,FINITE_SAMPLE,all,119,61.244336514,61.244336514,61.244336514,119,True,0,0.397350993377,0,1,False,False,,False,0,0,542
calibration-tail-robustness-v1.0.0,1,50,RACE,CONTEXT_CONDITIONAL,all,119,61.244336514,58.7657021976,61.244336514,100,True,0,0.397350993377,0,1,False,False,,False,0,0,542
calibration-tail-robustness-v1.0.0,1,50,RACE,TRIMMED_SENSITIVITY,all,119,58.7657021976,58.7657021976,58.7657021976,118,True,1,0.406622516556,0.01,0.99,False,False,,False,0,0,542
calibration-tail-robustness-v1.0.0,1,100,TargetOnly,MAX_SCORE,100,100,121.449331787,121.449331787,121.449331787,100,False,0,1,0,1,True,False,,False,0,0,533
calibration-tail-robustness-v1.0.0,1,100,TargetOnly,FINITE_SAMPLE,100,100,121.449331787,121.449331787,121.449331787,100,True,0,1,0,1,True,False,,False,0,0,533
calibration-tail-robustness-v1.0.0,1,100,TargetOnly,CONTEXT_CONDITIONAL,100,100,121.449331787,121.449331787,121.449331787,100,True,0,1,0,1,True,False,,False,0,0,533
calibration-tail-robustness-v1.0.0,1,100,TargetOnly,TRIMMED_SENSITIVITY,100,100,65.6661512146,65.6661512146,65.6661512146,99,True,1,1,0,1,True,False,,False,0,0,533
calibration-tail-robustness-v1.0.0,1,100,TargetOnly,MAX_SCORE,all,119,121.449331787,121.449331787,121.449331787,119,False,0,1,0,1,True,False,,False,0,0,533
calibration-tail-robustness-v1.0.0,1,100,TargetOnly,FINITE_SAMPLE,all,119,121.449331787,121.449331787,121.449331787,119,True,0,1,0,1,True,False,,False,0,0,533
calibration-tail-robustness-v1.0.0,1,100,TargetOnly,CONTEXT_CONDITIONAL,all,119,65.6661512146,39.6745365604,121.449331787,100,True,0,1,0,1,True,False,,False,0,0,533
calibration-tail-robustness-v1.0.0,1,100,TargetOnly,TRIMMED_SENSITIVITY,all,119,65.6661512146,65.6661512146,65.6661512146,118,True,1,1,0,1,True,False,,False,0,0,533
calibration-tail-robustness-v1.0.0,1,100,RACE,MAX_SCORE,100,100,70.3697544588,70.3697544588,70.3697544588,100,False,0,0.384105960265,0,1,False,False,,False,0,0,542
calibration-tail-robustness-v1.0.0,1,100,RACE,FINITE_SAMPLE,100,100,70.3697544588,70.3697544588,70.3697544588,100,True,0,0.384105960265,0,1,False,False,,False,0,0,542
calibration-tail-robustness-v1.0.0,1,100,RACE,CONTEXT_CONDITIONAL,100,100,70.3697544588,70.3697544588,70.3697544588,100,True,0,0.384105960265,0,1,False,False,,False,0,0,542
calibration-tail-robustness-v1.0.0,1,100,RACE,TRIMMED_SENSITIVITY,100,100,34.0067594453,34.0067594453,34.0067594453,99,True,1,0.98940397351,0.02,0.98,False,False,,False,0,0,542
calibration-tail-robustness-v1.0.0,1,100,RACE,MAX_SCORE,all,119,70.3697544588,70.3697544588,70.3697544588,119,False,0,0.384105960265,0,1,False,False,,False,0,0,542
calibration-tail-robustness-v1.0.0,1,100,RACE,FINITE_SAMPLE,all,119,70.3697544588,70.3697544588,70.3697544588,119,True,0,0.384105960265,0,1,False,False,,False,0,0,542
calibration-tail-robustness-v1.0.0,1,100,RACE,CONTEXT_CONDITIONAL,all,119,70.3697544588,68.0723335492,70.3697544588,100,True,0,0.384105960265,0,1,False,False,,False,0,0,542
calibration-tail-robustness-v1.0.0,1,100,RACE,TRIMMED_SENSITIVITY,all,119,68.0723335492,68.0723335492,68.0723335492,118,True,1,0.390728476821,0.01,0.99,False,False,,False,0,0,542
calibration-tail-robustness-v1.0.0,2,10,TargetOnly,MAX_SCORE,100,100,41.7265927398,41.7265927398,41.7265927398,100,False,0,1,0.04,0.96,False,False,,False,0,0,526
calibration-tail-robustness-v1.0.0,2,10,TargetOnly,FINITE_SAMPLE,100,100,41.7265927398,41.7265927398,41.7265927398,100,True,0,1,0.04,0.96,False,False,,False,0,0,526
calibration-tail-robustness-v1.0.0,2,10,TargetOnly,CONTEXT_CONDITIONAL,100,100,41.7265927398,41.7265927398,41.7265927398,100,True,0,1,0.04,0.96,False,False,,False,0,0,526
calibration-tail-robustness-v1.0.0,2,10,TargetOnly,TRIMMED_SENSITIVITY,100,100,40.1523281436,40.1523281436,40.1523281436,99,True,1,1,0.04,0.96,False,False,,False,0,0,526
calibration-tail-robustness-v1.0.0,2,10,TargetOnly,MAX_SCORE,all,119,41.7265927398,41.7265927398,41.7265927398,119,False,0,1,0.04,0.96,False,False,,False,0,0,526
calibration-tail-robustness-v1.0.0,2,10,TargetOnly,FINITE_SAMPLE,all,119,41.7265927398,41.7265927398,41.7265927398,119,True,0,1,0.04,0.96,False,False,,False,0,0,526
calibration-tail-robustness-v1.0.0,2,10,TargetOnly,CONTEXT_CONDITIONAL,all,119,40.1523281436,40.1523281436,41.7265927398,100,True,0,1,0.04,0.96,False,False,,False,0,0,526
calibration-tail-robustness-v1.0.0,2,10,TargetOnly,TRIMMED_SENSITIVITY,all,119,40.1523281436,40.1523281436,40.1523281436,118,True,1,1,0.04,0.96,False,False,,False,0,0,526
calibration-tail-robustness-v1.0.0,2,10,RACE,MAX_SCORE,100,100,56.6310175216,56.6310175216,56.6310175216,100,False,0,0.495364238411,0.02,0.98,False,False,,False,0,0,542
calibration-tail-robustness-v1.0.0,2,10,RACE,FINITE_SAMPLE,100,100,56.6310175216,56.6310175216,56.6310175216,100,True,0,0.495364238411,0.02,0.98,False,False,,False,0,0,542
calibration-tail-robustness-v1.0.0,2,10,RACE,CONTEXT_CONDITIONAL,100,100,56.6310175216,56.6310175216,56.6310175216,100,True,0,0.495364238411,0.02,0.98,False,False,,False,0,0,542
calibration-tail-robustness-v1.0.0,2,10,RACE,TRIMMED_SENSITIVITY,100,100,45.8001969365,45.8001969365,45.8001969365,99,True,1,0.630463576159,0.05,0.95,False,False,,False,0,0,542
calibration-tail-robustness-v1.0.0,2,10,RACE,MAX_SCORE,all,119,56.6310175216,56.6310175216,56.6310175216,119,False,0,0.495364238411,0.02,0.98,False,False,,False,0,0,542
calibration-tail-robustness-v1.0.0,2,10,RACE,FINITE_SAMPLE,all,119,56.6310175216,56.6310175216,56.6310175216,119,True,0,0.495364238411,0.02,0.98,False,False,,False,0,0,542
calibration-tail-robustness-v1.0.0,2,10,RACE,CONTEXT_CONDITIONAL,all,119,56.6310175216,56.6310175216,56.6310175216,100,True,0,0.495364238411,0.02,0.98,False,False,,False,0,0,542
calibration-tail-robustness-v1.0.0,2,10,RACE,TRIMMED_SENSITIVITY,all,119,46.5084416869,46.5084416869,46.5084416869,118,True,1,0.619867549669,0.04,0.96,False,False,,False,0,0,542
calibration-tail-robustness-v1.0.0,2,25,TargetOnly,MAX_SCORE,100,100,21955.1620942,21955.1620942,21955.1620942,100,False,0,0.553642384106,0.02,0.98,False,False,,False,0,0,531
calibration-tail-robustness-v1.0.0,2,25,TargetOnly,FINITE_SAMPLE,100,100,21955.1620942,21955.1620942,21955.1620942,100,True,0,0.553642384106,0.02,0.98,False,False,,False,0,0,531
calibration-tail-robustness-v1.0.0,2,25,TargetOnly,CONTEXT_CONDITIONAL,100,100,21955.1620942,21955.1620942,21955.1620942,100,True,0,0.553642384106,0.02,0.98,False,False,,False,0,0,531
calibration-tail-robustness-v1.0.0,2,25,TargetOnly,TRIMMED_SENSITIVITY,100,100,21955.0823591,21955.0823591,21955.0823591,99,True,1,0.556291390728,0.02,0.98,False,False,,False,0,0,531
calibration-tail-robustness-v1.0.0,2,25,TargetOnly,MAX_SCORE,all,119,21955.1620942,21955.1620942,21955.1620942,119,False,0,0.553642384106,0.02,0.98,False,False,,False,0,0,531
calibration-tail-robustness-v1.0.0,2,25,TargetOnly,FINITE_SAMPLE,all,119,21955.1620942,21955.1620942,21955.1620942,119,True,0,0.553642384106,0.02,0.98,False,False,,False,0,0,531
calibration-tail-robustness-v1.0.0,2,25,TargetOnly,CONTEXT_CONDITIONAL,all,119,21955.1620942,21955.0823591,21955.1620942,100,True,0,0.553642384106,0.02,0.98,False,False,,False,0,0,531
calibration-tail-robustness-v1.0.0,2,25,TargetOnly,TRIMMED_SENSITIVITY,all,119,21955.0823591,21955.0823591,21955.0823591,118,True,1,0.556291390728,0.02,0.98,False,False,,False,0,0,531
calibration-tail-robustness-v1.0.0,2,25,RACE,MAX_SCORE,100,100,46.2137527442,46.2137527442,46.2137527442,100,False,0,0.513907284768,0.03,0.97,False,False,,False,0,0,542
calibration-tail-robustness-v1.0.0,2,25,RACE,FINITE_SAMPLE,100,100,46.2137527442,46.2137527442,46.2137527442,100,True,0,0.513907284768,0.03,0.97,False,False,,False,0,0,542
calibration-tail-robustness-v1.0.0,2,25,RACE,CONTEXT_CONDITIONAL,100,100,46.2137527442,46.2137527442,46.2137527442,100,True,0,0.513907284768,0.03,0.97,False,False,,False,0,0,542
calibration-tail-robustness-v1.0.0,2,25,RACE,TRIMMED_SENSITIVITY,100,100,35.5558078509,35.5558078509,35.5558078509,99,True,1,0.737748344371,0.03,0.97,False,False,,False,0,0,542
calibration-tail-robustness-v1.0.0,2,25,RACE,MAX_SCORE,all,119,46.2137527442,46.2137527442,46.2137527442,119,False,0,0.513907284768,0.03,0.97,False,False,,False,0,0,542
calibration-tail-robustness-v1.0.0,2,25,RACE,FINITE_SAMPLE,all,119,46.2137527442,46.2137527442,46.2137527442,119,True,0,0.513907284768,0.03,0.97,False,False,,False,0,0,542
calibration-tail-robustness-v1.0.0,2,25,RACE,CONTEXT_CONDITIONAL,all,119,46.2137527442,46.2137527442,46.2137527442,100,True,0,0.513907284768,0.03,0.97,False,False,,False,0,0,542
calibration-tail-robustness-v1.0.0,2,25,RACE,TRIMMED_SENSITIVITY,all,119,35.5558078509,35.5558078509,35.5558078509,118,True,1,0.737748344371,0.03,0.97,False,False,,False,0,0,542
calibration-tail-robustness-v1.0.0,2,50,TargetOnly,MAX_SCORE,100,100,52.6689697875,52.6689697875,52.6689697875,100,False,0,1,0.03,0.97,False,False,,False,0,0,531
calibration-tail-robustness-v1.0.0,2,50,TargetOnly,FINITE_SAMPLE,100,100,52.6689697875,52.6689697875,52.6689697875,100,True,0,1,0.03,0.97,False,False,,False,0,0,531
calibration-tail-robustness-v1.0.0,2,50,TargetOnly,CONTEXT_CONDITIONAL,100,100,52.6689697875,52.6689697875,52.6689697875,100,True,0,1,0.03,0.97,False,False,,False,0,0,531
calibration-tail-robustness-v1.0.0,2,50,TargetOnly,TRIMMED_SENSITIVITY,100,100,39.3046887532,39.3046887532,39.3046887532,99,True,1,1,0.03,0.97,False,False,,False,0,0,531
calibration-tail-robustness-v1.0.0,2,50,TargetOnly,MAX_SCORE,all,119,52.6689697875,52.6689697875,52.6689697875,119,False,0,1,0.03,0.97,False,False,,False,0,0,531
calibration-tail-robustness-v1.0.0,2,50,TargetOnly,FINITE_SAMPLE,all,119,52.6689697875,52.6689697875,52.6689697875,119,True,0,1,0.03,0.97,False,False,,False,0,0,531
calibration-tail-robustness-v1.0.0,2,50,TargetOnly,CONTEXT_CONDITIONAL,all,119,39.8310430218,39.8310430218,52.6689697875,100,True,0,1,0.03,0.97,False,False,,False,0,0,531
calibration-tail-robustness-v1.0.0,2,50,TargetOnly,TRIMMED_SENSITIVITY,all,119,39.8310430218,39.8310430218,39.8310430218,118,True,1,1,0.03,0.97,False,False,,False,0,0,531
calibration-tail-robustness-v1.0.0,2,50,RACE,MAX_SCORE,100,100,48.464938874,48.464938874,48.464938874,100,False,0,0.509933774834,0.03,0.97,False,False,,False,0,0,542
calibration-tail-robustness-v1.0.0,2,50,RACE,FINITE_SAMPLE,100,100,48.464938874,48.464938874,48.464938874,100,True,0,0.509933774834,0.03,0.97,False,False,,False,0,0,542
calibration-tail-robustness-v1.0.0,2,50,RACE,CONTEXT_CONDITIONAL,100,100,48.464938874,48.464938874,48.464938874,100,True,0,0.509933774834,0.03,0.97,False,False,,False,0,0,542
calibration-tail-robustness-v1.0.0,2,50,RACE,TRIMMED_SENSITIVITY,100,100,35.4861013438,35.4861013438,35.4861013438,99,True,1,0.819867549669,0.03,0.97,False,False,,False,0,0,542
calibration-tail-robustness-v1.0.0,2,50,RACE,MAX_SCORE,all,119,48.464938874,48.464938874,48.464938874,119,False,0,0.509933774834,0.03,0.97,False,False,,False,0,0,542
calibration-tail-robustness-v1.0.0,2,50,RACE,FINITE_SAMPLE,all,119,48.464938874,48.464938874,48.464938874,119,True,0,0.509933774834,0.03,0.97,False,False,,False,0,0,542
calibration-tail-robustness-v1.0.0,2,50,RACE,CONTEXT_CONDITIONAL,all,119,48.464938874,48.464938874,48.464938874,100,True,0,0.509933774834,0.03,0.97,False,False,,False,0,0,542
calibration-tail-robustness-v1.0.0,2,50,RACE,TRIMMED_SENSITIVITY,all,119,35.4861013438,35.4861013438,35.4861013438,118,True,1,0.819867549669,0.03,0.97,False,False,,False,0,0,542
calibration-tail-robustness-v1.0.0,2,100,TargetOnly,MAX_SCORE,100,100,47.0582596266,47.0582596266,47.0582596266,100,False,0,1,0.03,0.97,False,False,,False,0,0,532
calibration-tail-robustness-v1.0.0,2,100,TargetOnly,FINITE_SAMPLE,100,100,47.0582596266,47.0582596266,47.0582596266,100,True,0,1,0.03,0.97,False,False,,False,0,0,532
calibration-tail-robustness-v1.0.0,2,100,TargetOnly,CONTEXT_CONDITIONAL,100,100,47.0582596266,47.0582596266,47.0582596266,100,True,0,1,0.03,0.97,False,False,,False,0,0,532
calibration-tail-robustness-v1.0.0,2,100,TargetOnly,TRIMMED_SENSITIVITY,100,100,44.0574942133,44.0574942133,44.0574942133,99,True,1,1,0.03,0.97,False,False,,False,0,0,532
calibration-tail-robustness-v1.0.0,2,100,TargetOnly,MAX_SCORE,all,119,47.0582596266,47.0582596266,47.0582596266,119,False,0,1,0.03,0.97,False,False,,False,0,0,532
calibration-tail-robustness-v1.0.0,2,100,TargetOnly,FINITE_SAMPLE,all,119,47.0582596266,47.0582596266,47.0582596266,119,True,0,1,0.03,0.97,False,False,,False,0,0,532
calibration-tail-robustness-v1.0.0,2,100,TargetOnly,CONTEXT_CONDITIONAL,all,119,44.0574942133,42.6565704229,47.0582596266,100,True,0,1,0.03,0.97,False,False,,False,0,0,532
calibration-tail-robustness-v1.0.0,2,100,TargetOnly,TRIMMED_SENSITIVITY,all,119,44.0574942133,44.0574942133,44.0574942133,118,True,1,1,0.03,0.97,False,False,,False,0,0,532
calibration-tail-robustness-v1.0.0,2,100,RACE,MAX_SCORE,100,100,56.3531418161,56.3531418161,56.3531418161,100,False,0,0.499337748344,0.03,0.97,False,False,,False,0,0,542
calibration-tail-robustness-v1.0.0,2,100,RACE,FINITE_SAMPLE,100,100,56.3531418161,56.3531418161,56.3531418161,100,True,0,0.499337748344,0.03,0.97,False,False,,False,0,0,542
calibration-tail-robustness-v1.0.0,2,100,RACE,CONTEXT_CONDITIONAL,100,100,56.3531418161,56.3531418161,56.3531418161,100,True,0,0.499337748344,0.03,0.97,False,False,,False,0,0,542
calibration-tail-robustness-v1.0.0,2,100,RACE,TRIMMED_SENSITIVITY,100,100,35.9080250951,35.9080250951,35.9080250951,99,True,1,0.993377483444,0.04,0.96,False,False,,False,0,0,542
calibration-tail-robustness-v1.0.0,2,100,RACE,MAX_SCORE,all,119,56.3531418161,56.3531418161,56.3531418161,119,False,0,0.499337748344,0.03,0.97,False,False,,False,0,0,542
calibration-tail-robustness-v1.0.0,2,100,RACE,FINITE_SAMPLE,all,119,56.3531418161,56.3531418161,56.3531418161,119,True,0,0.499337748344,0.03,0.97,False,False,,False,0,0,542
calibration-tail-robustness-v1.0.0,2,100,RACE,CONTEXT_CONDITIONAL,all,119,56.3531418161,56.3531418161,56.3531418161,100,True,0,0.499337748344,0.03,0.97,False,False,,False,0,0,542
calibration-tail-robustness-v1.0.0,2,100,RACE,TRIMMED_SENSITIVITY,all,119,35.9080250951,35.9080250951,35.9080250951,118,True,1,0.993377483444,0.04,0.96,False,False,,False,0,0,542
calibration-tail-robustness-v1.0.0,3,10,TargetOnly,MAX_SCORE,100,100,21819.6772007,21819.6772007,21819.6772007,100,False,0,0.466225165563,0,1,False,False,,False,0,0,528
calibration-tail-robustness-v1.0.0,3,10,TargetOnly,FINITE_SAMPLE,100,100,21819.6772007,21819.6772007,21819.6772007,100,True,0,0.466225165563,0,1,False,False,,False,0,0,528
calibration-tail-robustness-v1.0.0,3,10,TargetOnly,CONTEXT_CONDITIONAL,100,100,21819.6772007,21819.6772007,21819.6772007,100,True,0,0.466225165563,0,1,False,False,,False,0,0,528
calibration-tail-robustness-v1.0.0,3,10,TargetOnly,TRIMMED_SENSITIVITY,100,100,21819.4454349,21819.4454349,21819.4454349,99,True,1,0.504635761589,0.01,0.99,False,False,,False,0,0,528
calibration-tail-robustness-v1.0.0,3,10,TargetOnly,MAX_SCORE,all,119,21819.6772007,21819.6772007,21819.6772007,119,False,0,0.466225165563,0,1,False,False,,False,0,0,528
calibration-tail-robustness-v1.0.0,3,10,TargetOnly,FINITE_SAMPLE,all,119,21819.6772007,21819.6772007,21819.6772007,119,True,0,0.466225165563,0,1,False,False,,False,0,0,528
calibration-tail-robustness-v1.0.0,3,10,TargetOnly,CONTEXT_CONDITIONAL,all,119,21819.4454349,21819.4454349,21819.6772007,100,True,0,0.501986754967,0,1,False,False,,False,0,0,528
calibration-tail-robustness-v1.0.0,3,10,TargetOnly,TRIMMED_SENSITIVITY,all,119,21819.4454349,21819.4454349,21819.4454349,118,True,1,0.504635761589,0.01,0.99,False,False,,False,0,0,528
calibration-tail-robustness-v1.0.0,3,10,RACE,MAX_SCORE,100,100,58.7879567257,58.7879567257,58.7879567257,100,False,0,0.423841059603,0,1,False,False,,False,0,0,542
calibration-tail-robustness-v1.0.0,3,10,RACE,FINITE_SAMPLE,100,100,58.7879567257,58.7879567257,58.7879567257,100,True,0,0.423841059603,0,1,False,False,,False,0,0,542
calibration-tail-robustness-v1.0.0,3,10,RACE,CONTEXT_CONDITIONAL,100,100,58.7879567257,58.7879567257,58.7879567257,100,True,0,0.423841059603,0,1,False,False,,False,0,0,542
calibration-tail-robustness-v1.0.0,3,10,RACE,TRIMMED_SENSITIVITY,100,100,36.8074045115,36.8074045115,36.8074045115,99,True,1,0.766887417219,0.01,0.99,False,False,,False,0,0,542
calibration-tail-robustness-v1.0.0,3,10,RACE,MAX_SCORE,all,119,58.7879567257,58.7879567257,58.7879567257,119,False,0,0.423841059603,0,1,False,False,,False,0,0,542
calibration-tail-robustness-v1.0.0,3,10,RACE,FINITE_SAMPLE,all,119,58.7879567257,58.7879567257,58.7879567257,119,True,0,0.423841059603,0,1,False,False,,False,0,0,542
calibration-tail-robustness-v1.0.0,3,10,RACE,CONTEXT_CONDITIONAL,all,119,58.7879567257,36.8074045115,58.7879567257,100,True,0,0.425165562914,0,1,False,False,,False,0,0,542
calibration-tail-robustness-v1.0.0,3,10,RACE,TRIMMED_SENSITIVITY,all,119,36.8074045115,36.8074045115,36.8074045115,118,True,1,0.766887417219,0.01,0.99,False,False,,False,0,0,542
calibration-tail-robustness-v1.0.0,3,25,TargetOnly,MAX_SCORE,100,100,75.4647965793,75.4647965793,75.4647965793,100,False,0,1,0,1,True,False,,False,0,0,530
calibration-tail-robustness-v1.0.0,3,25,TargetOnly,FINITE_SAMPLE,100,100,75.4647965793,75.4647965793,75.4647965793,100,True,0,1,0,1,True,False,,False,0,0,530
calibration-tail-robustness-v1.0.0,3,25,TargetOnly,CONTEXT_CONDITIONAL,100,100,75.4647965793,75.4647965793,75.4647965793,100,True,0,1,0,1,True,False,,False,0,0,530
calibration-tail-robustness-v1.0.0,3,25,TargetOnly,TRIMMED_SENSITIVITY,100,100,42.001626448,42.001626448,42.001626448,99,True,1,1,0.01,0.99,True,False,,False,0,0,530
calibration-tail-robustness-v1.0.0,3,25,TargetOnly,MAX_SCORE,all,119,75.4647965793,75.4647965793,75.4647965793,119,False,0,1,0,1,True,False,,False,0,0,530
calibration-tail-robustness-v1.0.0,3,25,TargetOnly,FINITE_SAMPLE,all,119,75.4647965793,75.4647965793,75.4647965793,119,True,0,1,0,1,True,False,,False,0,0,530
calibration-tail-robustness-v1.0.0,3,25,TargetOnly,CONTEXT_CONDITIONAL,all,119,40.2718675621,35.6169364953,75.4647965793,100,True,0,1,0.01,0.99,True,False,,False,0,0,530
calibration-tail-robustness-v1.0.0,3,25,TargetOnly,TRIMMED_SENSITIVITY,all,119,42.001626448,42.001626448,42.001626448,118,True,1,1,0.01,0.99,True,False,,False,0,0,530
calibration-tail-robustness-v1.0.0,3,25,RACE,MAX_SCORE,100,100,30.6189051414,30.6189051414,30.6189051414,100,False,0,0.956291390728,0,1,True,False,,False,0,0,542
calibration-tail-robustness-v1.0.0,3,25,RACE,FINITE_SAMPLE,100,100,30.6189051414,30.6189051414,30.6189051414,100,True,0,0.956291390728,0,1,True,False,,False,0,0,542
calibration-tail-robustness-v1.0.0,3,25,RACE,CONTEXT_CONDITIONAL,100,100,30.6189051414,30.6189051414,30.6189051414,100,True,0,0.956291390728,0,1,True,False,,False,0,0,542
calibration-tail-robustness-v1.0.0,3,25,RACE,TRIMMED_SENSITIVITY,100,100,27.3500237121,27.3500237121,27.3500237121,99,True,1,0.998675496689,0.03,0.97,False,False,,False,0,0,542
calibration-tail-robustness-v1.0.0,3,25,RACE,MAX_SCORE,all,119,30.6189051414,30.6189051414,30.6189051414,119,False,0,0.956291390728,0,1,True,False,,False,0,0,542
calibration-tail-robustness-v1.0.0,3,25,RACE,FINITE_SAMPLE,all,119,30.6189051414,30.6189051414,30.6189051414,119,True,0,0.956291390728,0,1,True,False,,False,0,0,542
calibration-tail-robustness-v1.0.0,3,25,RACE,CONTEXT_CONDITIONAL,all,119,30.6189051414,27.3500237121,30.6189051414,100,True,0,0.956291390728,0,1,True,False,,False,0,0,542
calibration-tail-robustness-v1.0.0,3,25,RACE,TRIMMED_SENSITIVITY,all,119,27.3500237121,27.3500237121,27.3500237121,118,True,1,0.998675496689,0.03,0.97,False,False,,False,0,0,542
calibration-tail-robustness-v1.0.0,3,50,TargetOnly,MAX_SCORE,100,100,76.542156498,76.542156498,76.542156498,100,False,0,1,0,1,True,False,,False,0,0,532
calibration-tail-robustness-v1.0.0,3,50,TargetOnly,FINITE_SAMPLE,100,100,76.542156498,76.542156498,76.542156498,100,True,0,1,0,1,True,False,,False,0,0,532
calibration-tail-robustness-v1.0.0,3,50,TargetOnly,CONTEXT_CONDITIONAL,100,100,76.542156498,76.542156498,76.542156498,100,True,0,1,0,1,True,False,,False,0,0,532
calibration-tail-robustness-v1.0.0,3,50,TargetOnly,TRIMMED_SENSITIVITY,100,100,38.5083149672,38.5083149672,38.5083149672,99,True,1,1,0.01,0.99,True,False,,False,0,0,532
calibration-tail-robustness-v1.0.0,3,50,TargetOnly,MAX_SCORE,all,119,76.542156498,76.542156498,76.542156498,119,False,0,1,0,1,True,False,,False,0,0,532
calibration-tail-robustness-v1.0.0,3,50,TargetOnly,FINITE_SAMPLE,all,119,76.542156498,76.542156498,76.542156498,119,True,0,1,0,1,True,False,,False,0,0,532
calibration-tail-robustness-v1.0.0,3,50,TargetOnly,CONTEXT_CONDITIONAL,all,119,38.5083149672,36.7533174365,76.542156498,100,True,0,1,0.01,0.99,True,False,,False,0,0,532
calibration-tail-robustness-v1.0.0,3,50,TargetOnly,TRIMMED_SENSITIVITY,all,119,38.5083149672,38.5083149672,38.5083149672,118,True,1,1,0.01,0.99,True,False,,False,0,0,532
calibration-tail-robustness-v1.0.0,3,50,RACE,MAX_SCORE,100,100,29.7263027307,29.7263027307,29.7263027307,100,False,0,0.996026490066,0,1,True,False,,False,0,0,542
calibration-tail-robustness-v1.0.0,3,50,RACE,FINITE_SAMPLE,100,100,29.7263027307,29.7263027307,29.7263027307,100,True,0,0.996026490066,0,1,True,False,,False,0,0,542
calibration-tail-robustness-v1.0.0,3,50,RACE,CONTEXT_CONDITIONAL,100,100,29.7263027307,29.7263027307,29.7263027307,100,True,0,0.996026490066,0,1,True,False,,False,0,0,542
calibration-tail-robustness-v1.0.0,3,50,RACE,TRIMMED_SENSITIVITY,100,100,26.4224011386,26.4224011386,26.4224011386,99,True,1,1,0.02,0.98,False,False,,False,0,0,542
calibration-tail-robustness-v1.0.0,3,50,RACE,MAX_SCORE,all,119,29.7263027307,29.7263027307,29.7263027307,119,False,0,0.996026490066,0,1,True,False,,False,0,0,542
calibration-tail-robustness-v1.0.0,3,50,RACE,FINITE_SAMPLE,all,119,29.7263027307,29.7263027307,29.7263027307,119,True,0,0.996026490066,0,1,True,False,,False,0,0,542
calibration-tail-robustness-v1.0.0,3,50,RACE,CONTEXT_CONDITIONAL,all,119,29.7263027307,26.4224011386,29.7263027307,100,True,0,0.996026490066,0,1,True,False,,False,0,0,542
calibration-tail-robustness-v1.0.0,3,50,RACE,TRIMMED_SENSITIVITY,all,119,26.4224011386,26.4224011386,26.4224011386,118,True,1,1,0.02,0.98,False,False,,False,0,0,542
calibration-tail-robustness-v1.0.0,3,100,TargetOnly,MAX_SCORE,100,100,45.8954458752,45.8954458752,45.8954458752,100,False,0,1,0,1,True,False,,False,0,0,533
calibration-tail-robustness-v1.0.0,3,100,TargetOnly,FINITE_SAMPLE,100,100,45.8954458752,45.8954458752,45.8954458752,100,True,0,1,0,1,True,False,,False,0,0,533
calibration-tail-robustness-v1.0.0,3,100,TargetOnly,CONTEXT_CONDITIONAL,100,100,45.8954458752,45.8954458752,45.8954458752,100,True,0,1,0,1,True,False,,False,0,0,533
calibration-tail-robustness-v1.0.0,3,100,TargetOnly,TRIMMED_SENSITIVITY,100,100,37.3812422811,37.3812422811,37.3812422811,99,True,1,1,0.01,0.99,True,False,,False,0,0,533
calibration-tail-robustness-v1.0.0,3,100,TargetOnly,MAX_SCORE,all,119,45.8954458752,45.8954458752,45.8954458752,119,False,0,1,0,1,True,False,,False,0,0,533
calibration-tail-robustness-v1.0.0,3,100,TargetOnly,FINITE_SAMPLE,all,119,45.8954458752,45.8954458752,45.8954458752,119,True,0,1,0,1,True,False,,False,0,0,533
calibration-tail-robustness-v1.0.0,3,100,TargetOnly,CONTEXT_CONDITIONAL,all,119,37.3812422811,37.3812422811,45.8954458752,100,True,0,1,0.01,0.99,True,False,,False,0,0,533
calibration-tail-robustness-v1.0.0,3,100,TargetOnly,TRIMMED_SENSITIVITY,all,119,37.3812422811,37.3812422811,37.3812422811,118,True,1,1,0.01,0.99,True,False,,False,0,0,533
calibration-tail-robustness-v1.0.0,3,100,RACE,MAX_SCORE,100,100,30.2595284573,30.2595284573,30.2595284573,100,False,0,0.997350993377,0,1,True,False,,False,0,0,542
calibration-tail-robustness-v1.0.0,3,100,RACE,FINITE_SAMPLE,100,100,30.2595284573,30.2595284573,30.2595284573,100,True,0,0.997350993377,0,1,True,False,,False,0,0,542
calibration-tail-robustness-v1.0.0,3,100,RACE,CONTEXT_CONDITIONAL,100,100,30.2595284573,30.2595284573,30.2595284573,100,True,0,0.997350993377,0,1,True,False,,False,0,0,542
calibration-tail-robustness-v1.0.0,3,100,RACE,TRIMMED_SENSITIVITY,100,100,27.4129441993,27.4129441993,27.4129441993,99,True,1,1,0.01,0.99,True,False,,False,0,0,542
calibration-tail-robustness-v1.0.0,3,100,RACE,MAX_SCORE,all,119,30.2595284573,30.2595284573,30.2595284573,119,False,0,0.997350993377,0,1,True,False,,False,0,0,542
calibration-tail-robustness-v1.0.0,3,100,RACE,FINITE_SAMPLE,all,119,30.2595284573,30.2595284573,30.2595284573,119,True,0,0.997350993377,0,1,True,False,,False,0,0,542
calibration-tail-robustness-v1.0.0,3,100,RACE,CONTEXT_CONDITIONAL,all,119,30.2595284573,27.4129441993,30.2595284573,100,True,0,0.997350993377,0,1,True,False,,False,0,0,542
calibration-tail-robustness-v1.0.0,3,100,RACE,TRIMMED_SENSITIVITY,all,119,27.4129441993,27.4129441993,27.4129441993,118,True,1,1,0.01,0.99,True,False,,False,0,0,542
calibration-tail-robustness-v1.0.0,4,10,TargetOnly,MAX_SCORE,100,100,7757.1865768,7757.1865768,7757.1865768,100,False,0,0.00264900662252,0,1,False,True,7757.1865768,True,1,1,522
calibration-tail-robustness-v1.0.0,4,10,TargetOnly,FINITE_SAMPLE,100,100,7757.1865768,7757.1865768,7757.1865768,100,True,0,0.00264900662252,0,1,False,True,7757.1865768,True,1,1,522
calibration-tail-robustness-v1.0.0,4,10,TargetOnly,CONTEXT_CONDITIONAL,100,100,7757.1865768,7757.1865768,7757.1865768,100,True,0,0.00264900662252,0,1,False,True,7757.1865768,True,1,1,522
calibration-tail-robustness-v1.0.0,4,10,TargetOnly,TRIMMED_SENSITIVITY,100,100,56.6465805512,56.6465805512,56.6465805512,99,True,1,1,0,1,True,True,7757.1865768,False,0,1,522
calibration-tail-robustness-v1.0.0,4,10,TargetOnly,MAX_SCORE,all,119,7757.1865768,7757.1865768,7757.1865768,119,False,0,0.00264900662252,0,1,False,True,7757.1865768,True,1,1,522
calibration-tail-robustness-v1.0.0,4,10,TargetOnly,FINITE_SAMPLE,all,119,7757.1865768,7757.1865768,7757.1865768,119,True,0,0.00264900662252,0,1,False,True,7757.1865768,True,1,1,522
calibration-tail-robustness-v1.0.0,4,10,TargetOnly,CONTEXT_CONDITIONAL,all,119,7757.1865768,46.5693373897,7757.1865768,100,True,0,0.00264900662252,0,1,False,True,7757.1865768,True,0.94269005848,0.94269005848,522
calibration-tail-robustness-v1.0.0,4,10,TargetOnly,TRIMMED_SENSITIVITY,all,119,56.6465805512,56.6465805512,56.6465805512,118,True,1,1,0,1,True,True,7757.1865768,False,0,1,522
calibration-tail-robustness-v1.0.0,4,10,RACE,MAX_SCORE,100,100,67.9455715294,67.9455715294,67.9455715294,100,False,0,0.407947019868,0,1,False,True,33.5728433049,False,0,1,542
calibration-tail-robustness-v1.0.0,4,10,RACE,FINITE_SAMPLE,100,100,67.9455715294,67.9455715294,67.9455715294,100,True,0,0.407947019868,0,1,False,True,33.5728433049,False,0,1,542
calibration-tail-robustness-v1.0.0,4,10,RACE,CONTEXT_CONDITIONAL,100,100,67.9455715294,67.9455715294,67.9455715294,100,True,0,0.407947019868,0,1,False,True,33.5728433049,False,0,1,542
calibration-tail-robustness-v1.0.0,4,10,RACE,TRIMMED_SENSITIVITY,100,100,58.9830576874,58.9830576874,58.9830576874,99,True,1,0.494039735099,0,1,False,True,33.5728433049,False,0,1,542
calibration-tail-robustness-v1.0.0,4,10,RACE,MAX_SCORE,all,119,67.9455715294,67.9455715294,67.9455715294,119,False,0,0.407947019868,0,1,False,True,33.5728433049,False,0,1,542
calibration-tail-robustness-v1.0.0,4,10,RACE,FINITE_SAMPLE,all,119,67.9455715294,67.9455715294,67.9455715294,119,True,0,0.407947019868,0,1,False,True,33.5728433049,False,0,1,542
calibration-tail-robustness-v1.0.0,4,10,RACE,CONTEXT_CONDITIONAL,all,119,67.9455715294,58.9830576874,67.9455715294,100,True,0,0.407947019868,0,1,False,True,33.5728433049,False,0,0.94269005848,542
calibration-tail-robustness-v1.0.0,4,10,RACE,TRIMMED_SENSITIVITY,all,119,58.9830576874,58.9830576874,58.9830576874,118,True,1,0.494039735099,0,1,False,True,33.5728433049,False,0,1,542
calibration-tail-robustness-v1.0.0,4,25,TargetOnly,MAX_SCORE,100,100,30071.0600544,30071.0600544,30071.0600544,100,False,0,0.14701986755,0,1,False,True,30071.0600544,True,1,1,530
calibration-tail-robustness-v1.0.0,4,25,TargetOnly,FINITE_SAMPLE,100,100,30071.0600544,30071.0600544,30071.0600544,100,True,0,0.14701986755,0,1,False,True,30071.0600544,True,1,1,530
calibration-tail-robustness-v1.0.0,4,25,TargetOnly,CONTEXT_CONDITIONAL,100,100,30071.0600544,30071.0600544,30071.0600544,100,True,0,0.14701986755,0,1,False,True,30071.0600544,True,1,1,530
calibration-tail-robustness-v1.0.0,4,25,TargetOnly,TRIMMED_SENSITIVITY,100,100,28772.8702276,28772.8702276,28772.8702276,99,True,1,0.337748344371,0.01,0.99,False,True,30071.0600544,False,0,1,530
calibration-tail-robustness-v1.0.0,4,25,TargetOnly,MAX_SCORE,all,119,30071.0600544,30071.0600544,30071.0600544,119,False,0,0.14701986755,0,1,False,True,30071.0600544,True,1,1,530
calibration-tail-robustness-v1.0.0,4,25,TargetOnly,FINITE_SAMPLE,all,119,30071.0600544,30071.0600544,30071.0600544,119,True,0,0.14701986755,0,1,False,True,30071.0600544,True,1,1,530
calibration-tail-robustness-v1.0.0,4,25,TargetOnly,CONTEXT_CONDITIONAL,all,119,30071.0600544,28772.8702276,30071.0600544,100,True,0,0.14701986755,0,1,False,True,30071.0600544,True,0.94269005848,0.94269005848,530
calibration-tail-robustness-v1.0.0,4,25,TargetOnly,TRIMMED_SENSITIVITY,all,119,28772.8702276,28772.8702276,28772.8702276,118,True,1,0.337748344371,0.01,0.99,False,True,30071.0600544,False,0,1,530
calibration-tail-robustness-v1.0.0,4,25,RACE,MAX_SCORE,100,100,56.3332299847,56.3332299847,56.3332299847,100,False,0,0.407947019868,0,1,False,True,31.3367911929,False,0,1,542
calibration-tail-robustness-v1.0.0,4,25,RACE,FINITE_SAMPLE,100,100,56.3332299847,56.3332299847,56.3332299847,100,True,0,0.407947019868,0,1,False,True,31.3367911929,False,0,1,542
calibration-tail-robustness-v1.0.0,4,25,RACE,CONTEXT_CONDITIONAL,100,100,56.3332299847,56.3332299847,56.3332299847,100,True,0,0.407947019868,0,1,False,True,31.3367911929,False,0,1,542
calibration-tail-robustness-v1.0.0,4,25,RACE,TRIMMED_SENSITIVITY,100,100,45.6430456866,45.6430456866,45.6430456866,99,True,1,0.508609271523,0.01,0.99,False,True,31.3367911929,False,0,1,542
calibration-tail-robustness-v1.0.0,4,25,RACE,MAX_SCORE,all,119,56.3332299847,56.3332299847,56.3332299847,119,False,0,0.407947019868,0,1,False,True,31.3367911929,False,0,1,542
calibration-tail-robustness-v1.0.0,4,25,RACE,FINITE_SAMPLE,all,119,56.3332299847,56.3332299847,56.3332299847,119,True,0,0.407947019868,0,1,False,True,31.3367911929,False,0,1,542
calibration-tail-robustness-v1.0.0,4,25,RACE,CONTEXT_CONDITIONAL,all,119,56.3332299847,45.6430456866,56.3332299847,100,True,0,0.407947019868,0,1,False,True,31.3367911929,False,0,0.94269005848,542
calibration-tail-robustness-v1.0.0,4,25,RACE,TRIMMED_SENSITIVITY,all,119,45.6430456866,45.6430456866,45.6430456866,118,True,1,0.508609271523,0.01,0.99,False,True,31.3367911929,False,0,1,542
calibration-tail-robustness-v1.0.0,4,50,TargetOnly,MAX_SCORE,100,100,9665.48846047,9665.48846047,9665.48846047,100,False,0,0.00264900662252,0,1,False,True,9665.48846047,True,1,1,531
calibration-tail-robustness-v1.0.0,4,50,TargetOnly,FINITE_SAMPLE,100,100,9665.48846047,9665.48846047,9665.48846047,100,True,0,0.00264900662252,0,1,False,True,9665.48846047,True,1,1,531
calibration-tail-robustness-v1.0.0,4,50,TargetOnly,CONTEXT_CONDITIONAL,100,100,9665.48846047,9665.48846047,9665.48846047,100,True,0,0.00264900662252,0,1,False,True,9665.48846047,True,1,1,531
calibration-tail-robustness-v1.0.0,4,50,TargetOnly,TRIMMED_SENSITIVITY,100,100,38.0239628162,38.0239628162,38.0239628162,99,True,1,1,0.01,0.99,True,True,9665.48846047,False,0,1,531
calibration-tail-robustness-v1.0.0,4,50,TargetOnly,MAX_SCORE,all,119,9665.48846047,9665.48846047,9665.48846047,119,False,0,0.00264900662252,0,1,False,True,9665.48846047,True,1,1,531
calibration-tail-robustness-v1.0.0,4,50,TargetOnly,FINITE_SAMPLE,all,119,9665.48846047,9665.48846047,9665.48846047,119,True,0,0.00264900662252,0,1,False,True,9665.48846047,True,1,1,531
calibration-tail-robustness-v1.0.0,4,50,TargetOnly,CONTEXT_CONDITIONAL,all,119,9665.48846047,36.5530875606,9665.48846047,100,True,0,0.00264900662252,0.01,0.99,False,True,9665.48846047,True,0.94269005848,0.94269005848,531
calibration-tail-robustness-v1.0.0,4,50,TargetOnly,TRIMMED_SENSITIVITY,all,119,38.0239628162,38.0239628162,38.0239628162,118,True,1,1,0.01,0.99,True,True,9665.48846047,False,0,1,531
calibration-tail-robustness-v1.0.0,4,50,RACE,MAX_SCORE,100,100,59.5765088606,59.5765088606,59.5765088606,100,False,0,0.394701986755,0.01,0.99,False,True,33.2017579721,False,0,1,542
calibration-tail-robustness-v1.0.0,4,50,RACE,FINITE_SAMPLE,100,100,59.5765088606,59.5765088606,59.5765088606,100,True,0,0.394701986755,0.01,0.99,False,True,33.2017579721,False,0,1,542
calibration-tail-robustness-v1.0.0,4,50,RACE,CONTEXT_CONDITIONAL,100,100,59.5765088606,59.5765088606,59.5765088606,100,True,0,0.394701986755,0.01,0.99,False,True,33.2017579721,False,0,1,542
calibration-tail-robustness-v1.0.0,4,50,RACE,TRIMMED_SENSITIVITY,100,100,47.2512182579,47.2512182579,47.2512182579,99,True,1,0.500662251656,0.01,0.99,False,True,33.2017579721,False,0,1,542
calibration-tail-robustness-v1.0.0,4,50,RACE,MAX_SCORE,all,119,59.5765088606,59.5765088606,59.5765088606,119,False,0,0.394701986755,0.01,0.99,False,True,33.2017579721,False,0,1,542
calibration-tail-robustness-v1.0.0,4,50,RACE,FINITE_SAMPLE,all,119,59.5765088606,59.5765088606,59.5765088606,119,True,0,0.394701986755,0.01,0.99,False,True,33.2017579721,False,0,1,542
calibration-tail-robustness-v1.0.0,4,50,RACE,CONTEXT_CONDITIONAL,all,119,59.5765088606,47.2512182579,59.5765088606,100,True,0,0.394701986755,0.01,0.99,False,True,33.2017579721,False,0,0.94269005848,542
calibration-tail-robustness-v1.0.0,4,50,RACE,TRIMMED_SENSITIVITY,all,119,47.2512182579,47.2512182579,47.2512182579,118,True,1,0.500662251656,0.01,0.99,False,True,33.2017579721,False,0,1,542
calibration-tail-robustness-v1.0.0,4,100,TargetOnly,MAX_SCORE,100,100,12343.8282107,12343.8282107,12343.8282107,100,False,0,0.00264900662252,0,1,False,True,12343.8282107,True,1,1,534
calibration-tail-robustness-v1.0.0,4,100,TargetOnly,FINITE_SAMPLE,100,100,12343.8282107,12343.8282107,12343.8282107,100,True,0,0.00264900662252,0,1,False,True,12343.8282107,True,1,1,534
calibration-tail-robustness-v1.0.0,4,100,TargetOnly,CONTEXT_CONDITIONAL,100,100,12343.8282107,12343.8282107,12343.8282107,100,True,0,0.00264900662252,0,1,False,True,12343.8282107,True,1,1,534
calibration-tail-robustness-v1.0.0,4,100,TargetOnly,TRIMMED_SENSITIVITY,100,100,39.1197038794,39.1197038794,39.1197038794,99,True,1,1,0.01,0.99,True,True,12343.8282107,False,0,1,534
calibration-tail-robustness-v1.0.0,4,100,TargetOnly,MAX_SCORE,all,119,12343.8282107,12343.8282107,12343.8282107,119,False,0,0.00264900662252,0,1,False,True,12343.8282107,True,1,1,534
calibration-tail-robustness-v1.0.0,4,100,TargetOnly,FINITE_SAMPLE,all,119,12343.8282107,12343.8282107,12343.8282107,119,True,0,0.00264900662252,0,1,False,True,12343.8282107,True,1,1,534
calibration-tail-robustness-v1.0.0,4,100,TargetOnly,CONTEXT_CONDITIONAL,all,119,12343.8282107,39.1197038794,12343.8282107,100,True,0,0.00264900662252,0,1,False,True,12343.8282107,True,0.94269005848,0.94269005848,534
calibration-tail-robustness-v1.0.0,4,100,TargetOnly,TRIMMED_SENSITIVITY,all,119,40.4630320082,40.4630320082,40.4630320082,118,True,1,1,0.01,0.99,True,True,12343.8282107,False,0,1,534
calibration-tail-robustness-v1.0.0,4,100,RACE,MAX_SCORE,100,100,37.8929330203,37.8929330203,37.8929330203,100,False,0,0.809271523179,0,1,False,True,37.8929330203,True,1,1,542
calibration-tail-robustness-v1.0.0,4,100,RACE,FINITE_SAMPLE,100,100,37.8929330203,37.8929330203,37.8929330203,100,True,0,0.809271523179,0,1,False,True,37.8929330203,True,1,1,542
calibration-tail-robustness-v1.0.0,4,100,RACE,CONTEXT_CONDITIONAL,100,100,37.8929330203,37.8929330203,37.8929330203,100,True,0,0.809271523179,0,1,False,True,37.8929330203,True,1,1,542
calibration-tail-robustness-v1.0.0,4,100,RACE,TRIMMED_SENSITIVITY,100,100,33.4181038078,33.4181038078,33.4181038078,99,True,1,0.994701986755,0,1,True,True,37.8929330203,False,0,1,542
calibration-tail-robustness-v1.0.0,4,100,RACE,MAX_SCORE,all,119,37.8929330203,37.8929330203,37.8929330203,119,False,0,0.809271523179,0,1,False,True,37.8929330203,True,1,1,542
calibration-tail-robustness-v1.0.0,4,100,RACE,FINITE_SAMPLE,all,119,37.8929330203,37.8929330203,37.8929330203,119,True,0,0.809271523179,0,1,False,True,37.8929330203,True,1,1,542
calibration-tail-robustness-v1.0.0,4,100,RACE,CONTEXT_CONDITIONAL,all,119,37.8929330203,33.4181038078,37.8929330203,100,True,0,0.809271523179,0,1,False,True,37.8929330203,True,0.94269005848,0.94269005848,542
calibration-tail-robustness-v1.0.0,4,100,RACE,TRIMMED_SENSITIVITY,all,119,33.4181038078,33.4181038078,33.4181038078,118,True,1,0.994701986755,0,1,True,True,37.8929330203,False,0,1,542
calibration-tail-robustness-v1.0.0,5,10,TargetOnly,MAX_SCORE,100,100,44.4553548825,44.4553548825,44.4553548825,100,False,0,1,0.02,0.98,False,False,,False,0,0,527
calibration-tail-robustness-v1.0.0,5,10,TargetOnly,FINITE_SAMPLE,100,100,44.4553548825,44.4553548825,44.4553548825,100,True,0,1,0.02,0.98,False,False,,False,0,0,527
calibration-tail-robustness-v1.0.0,5,10,TargetOnly,CONTEXT_CONDITIONAL,100,100,44.4553548825,44.4553548825,44.4553548825,100,True,0,1,0.02,0.98,False,False,,False,0,0,527
calibration-tail-robustness-v1.0.0,5,10,TargetOnly,TRIMMED_SENSITIVITY,100,100,44.1400431158,44.1400431158,44.1400431158,99,True,1,1,0.02,0.98,False,False,,False,0,0,527
calibration-tail-robustness-v1.0.0,5,10,TargetOnly,MAX_SCORE,all,119,44.4553548825,44.4553548825,44.4553548825,119,False,0,1,0.02,0.98,False,False,,False,0,0,527
calibration-tail-robustness-v1.0.0,5,10,TargetOnly,FINITE_SAMPLE,all,119,44.4553548825,44.4553548825,44.4553548825,119,True,0,1,0.02,0.98,False,False,,False,0,0,527
calibration-tail-robustness-v1.0.0,5,10,TargetOnly,CONTEXT_CONDITIONAL,all,119,44.4553548825,43.892113973,44.4553548825,100,True,0,1,0.02,0.98,False,False,,False,0,0,527
calibration-tail-robustness-v1.0.0,5,10,TargetOnly,TRIMMED_SENSITIVITY,all,119,44.1400431158,44.1400431158,44.1400431158,118,True,1,1,0.02,0.98,False,False,,False,0,0,527
calibration-tail-robustness-v1.0.0,5,10,RACE,MAX_SCORE,100,100,56.9734738132,56.9734738132,56.9734738132,100,False,0,0.459602649007,0.01,0.99,False,False,,False,0,0,542
calibration-tail-robustness-v1.0.0,5,10,RACE,FINITE_SAMPLE,100,100,56.9734738132,56.9734738132,56.9734738132,100,True,0,0.459602649007,0.01,0.99,False,False,,False,0,0,542
calibration-tail-robustness-v1.0.0,5,10,RACE,CONTEXT_CONDITIONAL,100,100,56.9734738132,56.9734738132,56.9734738132,100,True,0,0.459602649007,0.01,0.99,False,False,,False,0,0,542
calibration-tail-robustness-v1.0.0,5,10,RACE,TRIMMED_SENSITIVITY,100,100,48.1471376891,48.1471376891,48.1471376891,99,True,1,0.517880794702,0.02,0.98,False,False,,False,0,0,542
calibration-tail-robustness-v1.0.0,5,10,RACE,MAX_SCORE,all,119,56.9734738132,56.9734738132,56.9734738132,119,False,0,0.459602649007,0.01,0.99,False,False,,False,0,0,542
calibration-tail-robustness-v1.0.0,5,10,RACE,FINITE_SAMPLE,all,119,56.9734738132,56.9734738132,56.9734738132,119,True,0,0.459602649007,0.01,0.99,False,False,,False,0,0,542
calibration-tail-robustness-v1.0.0,5,10,RACE,CONTEXT_CONDITIONAL,all,119,56.9734738132,48.1471376891,56.9734738132,100,True,0,0.459602649007,0.01,0.99,False,False,,False,0,0,542
calibration-tail-robustness-v1.0.0,5,10,RACE,TRIMMED_SENSITIVITY,all,119,48.1471376891,48.1471376891,48.1471376891,118,True,1,0.517880794702,0.02,0.98,False,False,,False,0,0,542
calibration-tail-robustness-v1.0.0,5,25,TargetOnly,MAX_SCORE,100,100,43.0229259476,43.0229259476,43.0229259476,100,False,0,1,0.02,0.98,False,False,,False,0,0,533
calibration-tail-robustness-v1.0.0,5,25,TargetOnly,FINITE_SAMPLE,100,100,43.0229259476,43.0229259476,43.0229259476,100,True,0,1,0.02,0.98,False,False,,False,0,0,533
calibration-tail-robustness-v1.0.0,5,25,TargetOnly,CONTEXT_CONDITIONAL,100,100,43.0229259476,43.0229259476,43.0229259476,100,True,0,1,0.02,0.98,False,False,,False,0,0,533
calibration-tail-robustness-v1.0.0,5,25,TargetOnly,TRIMMED_SENSITIVITY,100,100,41.4406316575,41.4406316575,41.4406316575,99,True,1,1,0.02,0.98,False,False,,False,0,0,533
calibration-tail-robustness-v1.0.0,5,25,TargetOnly,MAX_SCORE,all,119,43.0229259476,43.0229259476,43.0229259476,119,False,0,1,0.02,0.98,False,False,,False,0,0,533
calibration-tail-robustness-v1.0.0,5,25,TargetOnly,FINITE_SAMPLE,all,119,43.0229259476,43.0229259476,43.0229259476,119,True,0,1,0.02,0.98,False,False,,False,0,0,533
calibration-tail-robustness-v1.0.0,5,25,TargetOnly,CONTEXT_CONDITIONAL,all,119,39.9103630161,38.6730639578,43.0229259476,100,True,0,1,0.02,0.98,False,False,,False,0,0,533
calibration-tail-robustness-v1.0.0,5,25,TargetOnly,TRIMMED_SENSITIVITY,all,119,41.4406316575,41.4406316575,41.4406316575,118,True,1,1,0.02,0.98,False,False,,False,0,0,533
calibration-tail-robustness-v1.0.0,5,25,RACE,MAX_SCORE,100,100,58.5365694544,58.5365694544,58.5365694544,100,False,0,0.42119205298,0,1,False,False,,False,0,0,542
calibration-tail-robustness-v1.0.0,5,25,RACE,FINITE_SAMPLE,100,100,58.5365694544,58.5365694544,58.5365694544,100,True,0,0.42119205298,0,1,False,False,,False,0,0,542
calibration-tail-robustness-v1.0.0,5,25,RACE,CONTEXT_CONDITIONAL,100,100,58.5365694544,58.5365694544,58.5365694544,100,True,0,0.42119205298,0,1,False,False,,False,0,0,542
calibration-tail-robustness-v1.0.0,5,25,RACE,TRIMMED_SENSITIVITY,100,100,46.2387887078,46.2387887078,46.2387887078,99,True,1,0.529801324503,0.02,0.98,False,False,,False,0,0,542
calibration-tail-robustness-v1.0.0,5,25,RACE,MAX_SCORE,all,119,58.5365694544,58.5365694544,58.5365694544,119,False,0,0.42119205298,0,1,False,False,,False,0,0,542
calibration-tail-robustness-v1.0.0,5,25,RACE,FINITE_SAMPLE,all,119,58.5365694544,58.5365694544,58.5365694544,119,True,0,0.42119205298,0,1,False,False,,False,0,0,542
calibration-tail-robustness-v1.0.0,5,25,RACE,CONTEXT_CONDITIONAL,all,119,58.5365694544,46.2387887078,58.5365694544,100,True,0,0.42119205298,0.01,0.99,False,False,,False,0,0,542
calibration-tail-robustness-v1.0.0,5,25,RACE,TRIMMED_SENSITIVITY,all,119,46.2387887078,46.2387887078,46.2387887078,118,True,1,0.529801324503,0.02,0.98,False,False,,False,0,0,542
calibration-tail-robustness-v1.0.0,5,50,TargetOnly,MAX_SCORE,100,100,45.8045185891,45.8045185891,45.8045185891,100,False,0,1,0.02,0.98,False,False,,False,0,0,533
calibration-tail-robustness-v1.0.0,5,50,TargetOnly,FINITE_SAMPLE,100,100,45.8045185891,45.8045185891,45.8045185891,100,True,0,1,0.02,0.98,False,False,,False,0,0,533
calibration-tail-robustness-v1.0.0,5,50,TargetOnly,CONTEXT_CONDITIONAL,100,100,45.8045185891,45.8045185891,45.8045185891,100,True,0,1,0.02,0.98,False,False,,False,0,0,533
calibration-tail-robustness-v1.0.0,5,50,TargetOnly,TRIMMED_SENSITIVITY,100,100,37.3499262289,37.3499262289,37.3499262289,99,True,1,1,0.02,0.98,False,False,,False,0,0,533
calibration-tail-robustness-v1.0.0,5,50,TargetOnly,MAX_SCORE,all,119,45.8045185891,45.8045185891,45.8045185891,119,False,0,1,0.02,0.98,False,False,,False,0,0,533
calibration-tail-robustness-v1.0.0,5,50,TargetOnly,FINITE_SAMPLE,all,119,45.8045185891,45.8045185891,45.8045185891,119,True,0,1,0.02,0.98,False,False,,False,0,0,533
calibration-tail-robustness-v1.0.0,5,50,TargetOnly,CONTEXT_CONDITIONAL,all,119,37.3499262289,37.2563237477,45.8045185891,100,True,0,1,0.02,0.98,False,False,,False,0,0,533
calibration-tail-robustness-v1.0.0,5,50,TargetOnly,TRIMMED_SENSITIVITY,all,119,37.3499262289,37.3499262289,37.3499262289,118,True,1,1,0.02,0.98,False,False,,False,0,0,533
calibration-tail-robustness-v1.0.0,5,50,RACE,MAX_SCORE,100,100,62.088212908,62.088212908,62.088212908,100,False,0,0.397350993377,0,1,False,False,,False,0,0,542
calibration-tail-robustness-v1.0.0,5,50,RACE,FINITE_SAMPLE,100,100,62.088212908,62.088212908,62.088212908,100,True,0,0.397350993377,0,1,False,False,,False,0,0,542
calibration-tail-robustness-v1.0.0,5,50,RACE,CONTEXT_CONDITIONAL,100,100,62.088212908,62.088212908,62.088212908,100,True,0,0.397350993377,0,1,False,False,,False,0,0,542
calibration-tail-robustness-v1.0.0,5,50,RACE,TRIMMED_SENSITIVITY,100,100,48.706849115,48.706849115,48.706849115,99,True,1,0.508609271523,0.02,0.98,False,False,,False,0,0,542
calibration-tail-robustness-v1.0.0,5,50,RACE,MAX_SCORE,all,119,62.088212908,62.088212908,62.088212908,119,False,0,0.397350993377,0,1,False,False,,False,0,0,542
calibration-tail-robustness-v1.0.0,5,50,RACE,FINITE_SAMPLE,all,119,62.088212908,62.088212908,62.088212908,119,True,0,0.397350993377,0,1,False,False,,False,0,0,542
calibration-tail-robustness-v1.0.0,5,50,RACE,CONTEXT_CONDITIONAL,all,119,62.088212908,48.706849115,62.088212908,100,True,0,0.397350993377,0.01,0.99,False,False,,False,0,0,542
calibration-tail-robustness-v1.0.0,5,50,RACE,TRIMMED_SENSITIVITY,all,119,48.706849115,48.706849115,48.706849115,118,True,1,0.508609271523,0.02,0.98,False,False,,False,0,0,542
calibration-tail-robustness-v1.0.0,5,100,TargetOnly,MAX_SCORE,100,100,38.5485239608,38.5485239608,38.5485239608,100,False,0,1,0.03,0.97,False,False,,False,0,0,534
calibration-tail-robustness-v1.0.0,5,100,TargetOnly,FINITE_SAMPLE,100,100,38.5485239608,38.5485239608,38.5485239608,100,True,0,1,0.03,0.97,False,False,,False,0,0,534
calibration-tail-robustness-v1.0.0,5,100,TargetOnly,CONTEXT_CONDITIONAL,100,100,38.5485239608,38.5485239608,38.5485239608,100,True,0,1,0.03,0.97,False,False,,False,0,0,534
calibration-tail-robustness-v1.0.0,5,100,TargetOnly,TRIMMED_SENSITIVITY,100,100,38.2071715346,38.2071715346,38.2071715346,99,True,1,1,0.04,0.96,False,False,,False,0,0,534
calibration-tail-robustness-v1.0.0,5,100,TargetOnly,MAX_SCORE,all,119,38.5485239608,38.5485239608,38.5485239608,119,False,0,1,0.03,0.97,False,False,,False,0,0,534
calibration-tail-robustness-v1.0.0,5,100,TargetOnly,FINITE_SAMPLE,all,119,38.5485239608,38.5485239608,38.5485239608,119,True,0,1,0.03,0.97,False,False,,False,0,0,534
calibration-tail-robustness-v1.0.0,5,100,TargetOnly,CONTEXT_CONDITIONAL,all,119,38.2071715346,36.4410336927,38.5485239608,100,True,0,1,0.03,0.97,False,False,,False,0,0,534
calibration-tail-robustness-v1.0.0,5,100,TargetOnly,TRIMMED_SENSITIVITY,all,119,38.2071715346,38.2071715346,38.2071715346,118,True,1,1,0.04,0.96,False,False,,False,0,0,534
calibration-tail-robustness-v1.0.0,5,100,RACE,MAX_SCORE,100,100,71.1483792923,71.1483792923,71.1483792923,100,False,0,0.380132450331,0,1,False,False,,False,0,0,542
calibration-tail-robustness-v1.0.0,5,100,RACE,FINITE_SAMPLE,100,100,71.1483792923,71.1483792923,71.1483792923,100,True,0,0.380132450331,0,1,False,False,,False,0,0,542
calibration-tail-robustness-v1.0.0,5,100,RACE,CONTEXT_CONDITIONAL,100,100,71.1483792923,71.1483792923,71.1483792923,100,True,0,0.380132450331,0,1,False,False,,False,0,0,542
calibration-tail-robustness-v1.0.0,5,100,RACE,TRIMMED_SENSITIVITY,100,100,54.7685379743,54.7685379743,54.7685379743,99,True,1,0.479470198675,0.02,0.98,False,False,,False,0,0,542
calibration-tail-robustness-v1.0.0,5,100,RACE,MAX_SCORE,all,119,71.1483792923,71.1483792923,71.1483792923,119,False,0,0.380132450331,0,1,False,False,,False,0,0,542
calibration-tail-robustness-v1.0.0,5,100,RACE,FINITE_SAMPLE,all,119,71.1483792923,71.1483792923,71.1483792923,119,True,0,0.380132450331,0,1,False,False,,False,0,0,542
calibration-tail-robustness-v1.0.0,5,100,RACE,CONTEXT_CONDITIONAL,all,119,71.1483792923,54.7685379743,71.1483792923,100,True,0,0.380132450331,0.01,0.99,False,False,,False,0,0,542
calibration-tail-robustness-v1.0.0,5,100,RACE,TRIMMED_SENSITIVITY,all,119,54.7685379743,54.7685379743,54.7685379743,118,True,1,0.479470198675,0.02,0.98,False,False,,False,0,0,542
calibration-tail-robustness-v1.0.0,6,10,TargetOnly,MAX_SCORE,100,100,33600.4211148,33600.4211148,33600.4211148,100,False,0,0.356291390728,0,1,False,False,,False,0,0,526
calibration-tail-robustness-v1.0.0,6,10,TargetOnly,FINITE_SAMPLE,100,100,33600.4211148,33600.4211148,33600.4211148,100,True,0,0.356291390728,0,1,False,False,,False,0,0,526
calibration-tail-robustness-v1.0.0,6,10,TargetOnly,CONTEXT_CONDITIONAL,100,100,33600.4211148,33600.4211148,33600.4211148,100,True,0,0.356291390728,0,1,False,False,,False,0,0,526
calibration-tail-robustness-v1.0.0,6,10,TargetOnly,TRIMMED_SENSITIVITY,100,100,33599.6158462,33599.6158462,33599.6158462,99,True,1,0.415894039735,0.02,0.98,False,False,,False,0,0,526
calibration-tail-robustness-v1.0.0,6,10,TargetOnly,MAX_SCORE,all,119,33600.4211148,33600.4211148,33600.4211148,119,False,0,0.356291390728,0,1,False,False,,False,0,0,526
calibration-tail-robustness-v1.0.0,6,10,TargetOnly,FINITE_SAMPLE,all,119,33600.4211148,33600.4211148,33600.4211148,119,True,0,0.356291390728,0,1,False,False,,False,0,0,526
calibration-tail-robustness-v1.0.0,6,10,TargetOnly,CONTEXT_CONDITIONAL,all,119,33600.4211148,33374.5890492,33600.4211148,100,True,0,0.358940397351,0,1,False,False,,False,0,0,526
calibration-tail-robustness-v1.0.0,6,10,TargetOnly,TRIMMED_SENSITIVITY,all,119,33599.6158462,33599.6158462,33599.6158462,118,True,1,0.415894039735,0.02,0.98,False,False,,False,0,0,526
calibration-tail-robustness-v1.0.0,6,10,RACE,MAX_SCORE,100,100,61.4543743491,61.4543743491,61.4543743491,100,False,0,0.423841059603,0,1,False,False,,False,0,0,542
calibration-tail-robustness-v1.0.0,6,10,RACE,FINITE_SAMPLE,100,100,61.4543743491,61.4543743491,61.4543743491,100,True,0,0.423841059603,0,1,False,False,,False,0,0,542
calibration-tail-robustness-v1.0.0,6,10,RACE,CONTEXT_CONDITIONAL,100,100,61.4543743491,61.4543743491,61.4543743491,100,True,0,0.423841059603,0,1,False,False,,False,0,0,542
calibration-tail-robustness-v1.0.0,6,10,RACE,TRIMMED_SENSITIVITY,100,100,51.6394026184,51.6394026184,51.6394026184,99,True,1,0.508609271523,0.01,0.99,False,False,,False,0,0,542
calibration-tail-robustness-v1.0.0,6,10,RACE,MAX_SCORE,all,119,61.4543743491,61.4543743491,61.4543743491,119,False,0,0.423841059603,0,1,False,False,,False,0,0,542
calibration-tail-robustness-v1.0.0,6,10,RACE,FINITE_SAMPLE,all,119,61.4543743491,61.4543743491,61.4543743491,119,True,0,0.423841059603,0,1,False,False,,False,0,0,542
calibration-tail-robustness-v1.0.0,6,10,RACE,CONTEXT_CONDITIONAL,all,119,61.4543743491,51.6394026184,61.4543743491,100,True,0,0.425165562914,0,1,False,False,,False,0,0,542
calibration-tail-robustness-v1.0.0,6,10,RACE,TRIMMED_SENSITIVITY,all,119,51.6394026184,51.6394026184,51.6394026184,118,True,1,0.508609271523,0.01,0.99,False,False,,False,0,0,542
calibration-tail-robustness-v1.0.0,6,25,TargetOnly,MAX_SCORE,100,100,23591.761592,23591.761592,23591.761592,100,False,0,0.237086092715,0.01,0.99,False,False,,False,0,0,530
calibration-tail-robustness-v1.0.0,6,25,TargetOnly,FINITE_SAMPLE,100,100,23591.761592,23591.761592,23591.761592,100,True,0,0.237086092715,0.01,0.99,False,False,,False,0,0,530
calibration-tail-robustness-v1.0.0,6,25,TargetOnly,CONTEXT_CONDITIONAL,100,100,23591.761592,23591.761592,23591.761592,100,True,0,0.237086092715,0.01,0.99,False,False,,False,0,0,530
calibration-tail-robustness-v1.0.0,6,25,TargetOnly,TRIMMED_SENSITIVITY,100,100,23591.4869418,23591.4869418,23591.4869418,99,True,1,0.249006622517,0.01,0.99,False,False,,False,0,0,530
calibration-tail-robustness-v1.0.0,6,25,TargetOnly,MAX_SCORE,all,119,23591.761592,23591.761592,23591.761592,119,False,0,0.237086092715,0.01,0.99,False,False,,False,0,0,530
calibration-tail-robustness-v1.0.0,6,25,TargetOnly,FINITE_SAMPLE,all,119,23591.761592,23591.761592,23591.761592,119,True,0,0.237086092715,0.01,0.99,False,False,,False,0,0,530
calibration-tail-robustness-v1.0.0,6,25,TargetOnly,CONTEXT_CONDITIONAL,all,119,23591.761592,23591.372462,23591.761592,100,True,0,0.238410596026,0.01,0.99,False,False,,False,0,0,530
calibration-tail-robustness-v1.0.0,6,25,TargetOnly,TRIMMED_SENSITIVITY,all,119,23591.4869418,23591.4869418,23591.4869418,118,True,1,0.249006622517,0.01,0.99,False,False,,False,0,0,530
calibration-tail-robustness-v1.0.0,6,25,RACE,MAX_SCORE,100,100,58.4370652105,58.4370652105,58.4370652105,100,False,0,0.435761589404,0,1,False,False,,False,0,0,542
calibration-tail-robustness-v1.0.0,6,25,RACE,FINITE_SAMPLE,100,100,58.4370652105,58.4370652105,58.4370652105,100,True,0,0.435761589404,0,1,False,False,,False,0,0,542
calibration-tail-robustness-v1.0.0,6,25,RACE,CONTEXT_CONDITIONAL,100,100,58.4370652105,58.4370652105,58.4370652105,100,True,0,0.435761589404,0,1,False,False,,False,0,0,542
calibration-tail-robustness-v1.0.0,6,25,RACE,TRIMMED_SENSITIVITY,100,100,47.7717724772,47.7717724772,47.7717724772,99,True,1,0.519205298013,0.01,0.99,False,False,,False,0,0,542
calibration-tail-robustness-v1.0.0,6,25,RACE,MAX_SCORE,all,119,58.4370652105,58.4370652105,58.4370652105,119,False,0,0.435761589404,0,1,False,False,,False,0,0,542
calibration-tail-robustness-v1.0.0,6,25,RACE,FINITE_SAMPLE,all,119,58.4370652105,58.4370652105,58.4370652105,119,True,0,0.435761589404,0,1,False,False,,False,0,0,542
calibration-tail-robustness-v1.0.0,6,25,RACE,CONTEXT_CONDITIONAL,all,119,58.4370652105,47.7717724772,58.4370652105,100,True,0,0.437086092715,0,1,False,False,,False,0,0,542
calibration-tail-robustness-v1.0.0,6,25,RACE,TRIMMED_SENSITIVITY,all,119,47.7717724772,47.7717724772,47.7717724772,118,True,1,0.519205298013,0.01,0.99,False,False,,False,0,0,542
calibration-tail-robustness-v1.0.0,6,50,TargetOnly,MAX_SCORE,100,100,67.2828528692,67.2828528692,67.2828528692,100,False,0,1,0.01,0.99,True,False,,False,0,0,533
calibration-tail-robustness-v1.0.0,6,50,TargetOnly,FINITE_SAMPLE,100,100,67.2828528692,67.2828528692,67.2828528692,100,True,0,1,0.01,0.99,True,False,,False,0,0,533
calibration-tail-robustness-v1.0.0,6,50,TargetOnly,CONTEXT_CONDITIONAL,100,100,67.2828528692,67.2828528692,67.2828528692,100,True,0,1,0.01,0.99,True,False,,False,0,0,533
calibration-tail-robustness-v1.0.0,6,50,TargetOnly,TRIMMED_SENSITIVITY,100,100,40.2186106738,40.2186106738,40.2186106738,99,True,1,1,0.02,0.98,False,False,,False,0,0,533
calibration-tail-robustness-v1.0.0,6,50,TargetOnly,MAX_SCORE,all,119,67.2828528692,67.2828528692,67.2828528692,119,False,0,1,0.01,0.99,True,False,,False,0,0,533
calibration-tail-robustness-v1.0.0,6,50,TargetOnly,FINITE_SAMPLE,all,119,67.2828528692,67.2828528692,67.2828528692,119,True,0,1,0.01,0.99,True,False,,False,0,0,533
calibration-tail-robustness-v1.0.0,6,50,TargetOnly,CONTEXT_CONDITIONAL,all,119,40.2186106738,37.8230562007,67.2828528692,100,True,0,1,0.02,0.98,False,False,,False,0,0,533
calibration-tail-robustness-v1.0.0,6,50,TargetOnly,TRIMMED_SENSITIVITY,all,119,40.2186106738,40.2186106738,40.2186106738,118,True,1,1,0.02,0.98,False,False,,False,0,0,533
calibration-tail-robustness-v1.0.0,6,50,RACE,MAX_SCORE,100,100,32.6549723652,32.6549723652,32.6549723652,100,False,0,0.95761589404,0.02,0.98,False,False,,False,0,0,542
calibration-tail-robustness-v1.0.0,6,50,RACE,FINITE_SAMPLE,100,100,32.6549723652,32.6549723652,32.6549723652,100,True,0,0.95761589404,0.02,0.98,False,False,,False,0,0,542
calibration-tail-robustness-v1.0.0,6,50,RACE,CONTEXT_CONDITIONAL,100,100,32.6549723652,32.6549723652,32.6549723652,100,True,0,0.95761589404,0.02,0.98,False,False,,False,0,0,542
calibration-tail-robustness-v1.0.0,6,50,RACE,TRIMMED_SENSITIVITY,100,100,28.0273433844,28.0273433844,28.0273433844,99,True,1,0.998675496689,0.03,0.97,False,False,,False,0,0,542
calibration-tail-robustness-v1.0.0,6,50,RACE,MAX_SCORE,all,119,32.6549723652,32.6549723652,32.6549723652,119,False,0,0.95761589404,0.02,0.98,False,False,,False,0,0,542
calibration-tail-robustness-v1.0.0,6,50,RACE,FINITE_SAMPLE,all,119,32.6549723652,32.6549723652,32.6549723652,119,True,0,0.95761589404,0.02,0.98,False,False,,False,0,0,542
calibration-tail-robustness-v1.0.0,6,50,RACE,CONTEXT_CONDITIONAL,all,119,32.6549723652,27.7456852197,32.6549723652,100,True,0,0.95761589404,0.02,0.98,False,False,,False,0,0,542
calibration-tail-robustness-v1.0.0,6,50,RACE,TRIMMED_SENSITIVITY,all,119,28.0273433844,28.0273433844,28.0273433844,118,True,1,0.998675496689,0.03,0.97,False,False,,False,0,0,542
calibration-tail-robustness-v1.0.0,6,100,TargetOnly,MAX_SCORE,100,100,40.6792752393,40.6792752393,40.6792752393,100,False,0,1,0.01,0.99,True,False,,False,0,0,533
calibration-tail-robustness-v1.0.0,6,100,TargetOnly,FINITE_SAMPLE,100,100,40.6792752393,40.6792752393,40.6792752393,100,True,0,1,0.01,0.99,True,False,,False,0,0,533
calibration-tail-robustness-v1.0.0,6,100,TargetOnly,CONTEXT_CONDITIONAL,100,100,40.6792752393,40.6792752393,40.6792752393,100,True,0,1,0.01,0.99,True,False,,False,0,0,533
calibration-tail-robustness-v1.0.0,6,100,TargetOnly,TRIMMED_SENSITIVITY,100,100,40.4480490785,40.4480490785,40.4480490785,99,True,1,1,0.01,0.99,True,False,,False,0,0,533
calibration-tail-robustness-v1.0.0,6,100,TargetOnly,MAX_SCORE,all,119,40.6792752393,40.6792752393,40.6792752393,119,False,0,1,0.01,0.99,True,False,,False,0,0,533
calibration-tail-robustness-v1.0.0,6,100,TargetOnly,FINITE_SAMPLE,all,119,40.6792752393,40.6792752393,40.6792752393,119,True,0,1,0.01,0.99,True,False,,False,0,0,533
calibration-tail-robustness-v1.0.0,6,100,TargetOnly,CONTEXT_CONDITIONAL,all,119,40.4480490785,38.1123326489,40.6792752393,100,True,0,1,0.01,0.99,True,False,,False,0,0,533
calibration-tail-robustness-v1.0.0,6,100,TargetOnly,TRIMMED_SENSITIVITY,all,119,40.4480490785,40.4480490785,40.4480490785,118,True,1,1,0.01,0.99,True,False,,False,0,0,533
calibration-tail-robustness-v1.0.0,6,100,RACE,MAX_SCORE,100,100,33.7322662311,33.7322662311,33.7322662311,100,False,0,0.990728476821,0.01,0.99,True,False,,False,0,0,542
calibration-tail-robustness-v1.0.0,6,100,RACE,FINITE_SAMPLE,100,100,33.7322662311,33.7322662311,33.7322662311,100,True,0,0.990728476821,0.01,0.99,True,False,,False,0,0,542
calibration-tail-robustness-v1.0.0,6,100,RACE,CONTEXT_CONDITIONAL,100,100,33.7322662311,33.7322662311,33.7322662311,100,True,0,0.990728476821,0.01,0.99,True,False,,False,0,0,542
calibration-tail-robustness-v1.0.0,6,100,RACE,TRIMMED_SENSITIVITY,100,100,27.6519194744,27.6519194744,27.6519194744,99,True,1,1,0.03,0.97,False,False,,False,0,0,542
calibration-tail-robustness-v1.0.0,6,100,RACE,MAX_SCORE,all,119,33.7322662311,33.7322662311,33.7322662311,119,False,0,0.990728476821,0.01,0.99,True,False,,False,0,0,542
calibration-tail-robustness-v1.0.0,6,100,RACE,FINITE_SAMPLE,all,119,33.7322662311,33.7322662311,33.7322662311,119,True,0,0.990728476821,0.01,0.99,True,False,,False,0,0,542
calibration-tail-robustness-v1.0.0,6,100,RACE,CONTEXT_CONDITIONAL,all,119,33.7322662311,27.367834256,33.7322662311,100,True,0,0.990728476821,0.01,0.99,True,False,,False,0,0,542
calibration-tail-robustness-v1.0.0,6,100,RACE,TRIMMED_SENSITIVITY,all,119,27.6519194744,27.6519194744,27.6519194744,118,True,1,1,0.03,0.97,False,False,,False,0,0,542
calibration-tail-robustness-v1.0.0,7,10,TargetOnly,MAX_SCORE,100,100,31895.3756327,31895.3756327,31895.3756327,100,False,0,0.411920529801,0,1,False,False,,False,0,0,527
calibration-tail-robustness-v1.0.0,7,10,TargetOnly,FINITE_SAMPLE,100,100,31895.3756327,31895.3756327,31895.3756327,100,True,0,0.411920529801,0,1,False,False,,False,0,0,527
calibration-tail-robustness-v1.0.0,7,10,TargetOnly,CONTEXT_CONDITIONAL,100,100,31895.3756327,31895.3756327,31895.3756327,100,True,0,0.411920529801,0,1,False,False,,False,0,0,527
calibration-tail-robustness-v1.0.0,7,10,TargetOnly,TRIMMED_SENSITIVITY,100,100,31893.676012,31893.676012,31893.676012,99,True,1,0.439735099338,0.01,0.99,False,False,,False,0,0,527
calibration-tail-robustness-v1.0.0,7,10,TargetOnly,MAX_SCORE,all,119,31895.3756327,31895.3756327,31895.3756327,119,False,0,0.411920529801,0,1,False,False,,False,0,0,527
calibration-tail-robustness-v1.0.0,7,10,TargetOnly,FINITE_SAMPLE,all,119,31895.3756327,31895.3756327,31895.3756327,119,True,0,0.411920529801,0,1,False,False,,False,0,0,527
calibration-tail-robustness-v1.0.0,7,10,TargetOnly,CONTEXT_CONDITIONAL,all,119,31895.3756327,31895.3756327,31895.3756327,100,True,0,0.411920529801,0,1,False,False,,False,0,0,527
calibration-tail-robustness-v1.0.0,7,10,TargetOnly,TRIMMED_SENSITIVITY,all,119,31893.676012,31893.676012,31893.676012,118,True,1,0.439735099338,0.01,0.99,False,False,,False,0,0,527
calibration-tail-robustness-v1.0.0,7,10,RACE,MAX_SCORE,100,100,57.3763639118,57.3763639118,57.3763639118,100,False,0,0.446357615894,0,1,False,False,,False,0,0,542
calibration-tail-robustness-v1.0.0,7,10,RACE,FINITE_SAMPLE,100,100,57.3763639118,57.3763639118,57.3763639118,100,True,0,0.446357615894,0,1,False,False,,False,0,0,542
calibration-tail-robustness-v1.0.0,7,10,RACE,CONTEXT_CONDITIONAL,100,100,57.3763639118,57.3763639118,57.3763639118,100,True,0,0.446357615894,0,1,False,False,,False,0,0,542
calibration-tail-robustness-v1.0.0,7,10,RACE,TRIMMED_SENSITIVITY,100,100,34.1223030626,34.1223030626,34.1223030626,99,True,1,0.911258278146,0.05,0.95,False,False,,False,0,0,542
calibration-tail-robustness-v1.0.0,7,10,RACE,MAX_SCORE,all,119,57.3763639118,57.3763639118,57.3763639118,119,False,0,0.446357615894,0,1,False,False,,False,0,0,542
calibration-tail-robustness-v1.0.0,7,10,RACE,FINITE_SAMPLE,all,119,57.3763639118,57.3763639118,57.3763639118,119,True,0,0.446357615894,0,1,False,False,,False,0,0,542
calibration-tail-robustness-v1.0.0,7,10,RACE,CONTEXT_CONDITIONAL,all,119,57.3763639118,54.4316066607,57.3763639118,100,True,0,0.446357615894,0,1,False,False,,False,0,0,542
calibration-tail-robustness-v1.0.0,7,10,RACE,TRIMMED_SENSITIVITY,all,119,54.4316066607,54.4316066607,54.4316066607,118,True,1,0.470198675497,0.01,0.99,False,False,,False,0,0,542
calibration-tail-robustness-v1.0.0,7,25,TargetOnly,MAX_SCORE,100,100,28437.7435117,28437.7435117,28437.7435117,100,False,0,0.541721854305,0,1,False,False,,False,0,0,529
calibration-tail-robustness-v1.0.0,7,25,TargetOnly,FINITE_SAMPLE,100,100,28437.7435117,28437.7435117,28437.7435117,100,True,0,0.541721854305,0,1,False,False,,False,0,0,529
calibration-tail-robustness-v1.0.0,7,25,TargetOnly,CONTEXT_CONDITIONAL,100,100,28437.7435117,28437.7435117,28437.7435117,100,True,0,0.541721854305,0,1,False,False,,False,0,0,529
calibration-tail-robustness-v1.0.0,7,25,TargetOnly,TRIMMED_SENSITIVITY,100,100,28437.21366,28437.21366,28437.21366,99,True,1,0.562913907285,0.01,0.99,False,False,,False,0,0,529
calibration-tail-robustness-v1.0.0,7,25,TargetOnly,MAX_SCORE,all,119,28437.7468066,28437.7468066,28437.7468066,119,False,0,0.541721854305,0,1,False,False,,False,0,0,529
calibration-tail-robustness-v1.0.0,7,25,TargetOnly,FINITE_SAMPLE,all,119,28437.7468066,28437.7468066,28437.7468066,119,True,0,0.541721854305,0,1,False,False,,False,0,0,529
calibration-tail-robustness-v1.0.0,7,25,TargetOnly,CONTEXT_CONDITIONAL,all,119,28437.7468066,28437.21366,28437.7468066,100,True,0,0.541721854305,0,1,False,False,,False,0,0,529
calibration-tail-robustness-v1.0.0,7,25,TargetOnly,TRIMMED_SENSITIVITY,all,119,28437.7435117,28437.7435117,28437.7435117,118,True,1,0.541721854305,0,1,False,False,,False,0,0,529
calibration-tail-robustness-v1.0.0,7,25,RACE,MAX_SCORE,100,100,55.7463463649,55.7463463649,55.7463463649,100,False,0,0.417218543046,0.01,0.99,False,False,,False,0,0,542
calibration-tail-robustness-v1.0.0,7,25,RACE,FINITE_SAMPLE,100,100,55.7463463649,55.7463463649,55.7463463649,100,True,0,0.417218543046,0.01,0.99,False,False,,False,0,0,542
calibration-tail-robustness-v1.0.0,7,25,RACE,CONTEXT_CONDITIONAL,100,100,55.7463463649,55.7463463649,55.7463463649,100,True,0,0.417218543046,0.01,0.99,False,False,,False,0,0,542
calibration-tail-robustness-v1.0.0,7,25,RACE,TRIMMED_SENSITIVITY,100,100,28.2248784974,28.2248784974,28.2248784974,99,True,1,0.997350993377,0.04,0.96,False,False,,False,0,0,542
calibration-tail-robustness-v1.0.0,7,25,RACE,MAX_SCORE,all,119,55.7463463649,55.7463463649,55.7463463649,119,False,0,0.417218543046,0.01,0.99,False,False,,False,0,0,542
calibration-tail-robustness-v1.0.0,7,25,RACE,FINITE_SAMPLE,all,119,55.7463463649,55.7463463649,55.7463463649,119,True,0,0.417218543046,0.01,0.99,False,False,,False,0,0,542
calibration-tail-robustness-v1.0.0,7,25,RACE,CONTEXT_CONDITIONAL,all,119,55.7463463649,54.3279846382,55.7463463649,100,True,0,0.417218543046,0.01,0.99,False,False,,False,0,0,542
calibration-tail-robustness-v1.0.0,7,25,RACE,TRIMMED_SENSITIVITY,all,119,54.3279846382,54.3279846382,54.3279846382,118,True,1,0.43178807947,0.01,0.99,False,False,,False,0,0,542
calibration-tail-robustness-v1.0.0,7,50,TargetOnly,MAX_SCORE,100,100,39.2596891981,39.2596891981,39.2596891981,100,False,0,1,0.01,0.99,True,False,,False,0,0,531
calibration-tail-robustness-v1.0.0,7,50,TargetOnly,FINITE_SAMPLE,100,100,39.2596891981,39.2596891981,39.2596891981,100,True,0,1,0.01,0.99,True,False,,False,0,0,531
calibration-tail-robustness-v1.0.0,7,50,TargetOnly,CONTEXT_CONDITIONAL,100,100,39.2596891981,39.2596891981,39.2596891981,100,True,0,1,0.01,0.99,True,False,,False,0,0,531
calibration-tail-robustness-v1.0.0,7,50,TargetOnly,TRIMMED_SENSITIVITY,100,100,36.5511778656,36.5511778656,36.5511778656,99,True,1,1,0.01,0.99,True,False,,False,0,0,531
calibration-tail-robustness-v1.0.0,7,50,TargetOnly,MAX_SCORE,all,119,39.2596891981,39.2596891981,39.2596891981,119,False,0,1,0.01,0.99,True,False,,False,0,0,531
calibration-tail-robustness-v1.0.0,7,50,TargetOnly,FINITE_SAMPLE,all,119,39.2596891981,39.2596891981,39.2596891981,119,True,0,1,0.01,0.99,True,False,,False,0,0,531
calibration-tail-robustness-v1.0.0,7,50,TargetOnly,CONTEXT_CONDITIONAL,all,119,39.2596891981,35.4884984178,39.2596891981,100,True,0,1,0.01,0.99,True,False,,False,0,0,531
calibration-tail-robustness-v1.0.0,7,50,TargetOnly,TRIMMED_SENSITIVITY,all,119,36.5511778656,36.5511778656,36.5511778656,118,True,1,1,0.01,0.99,True,False,,False,0,0,531
calibration-tail-robustness-v1.0.0,7,50,RACE,MAX_SCORE,100,100,60.7026674334,60.7026674334,60.7026674334,100,False,0,0.402649006623,0.01,0.99,False,False,,False,0,0,542
calibration-tail-robustness-v1.0.0,7,50,RACE,FINITE_SAMPLE,100,100,60.7026674334,60.7026674334,60.7026674334,100,True,0,0.402649006623,0.01,0.99,False,False,,False,0,0,542
calibration-tail-robustness-v1.0.0,7,50,RACE,CONTEXT_CONDITIONAL,100,100,60.7026674334,60.7026674334,60.7026674334,100,True,0,0.402649006623,0.01,0.99,False,False,,False,0,0,542
calibration-tail-robustness-v1.0.0,7,50,RACE,TRIMMED_SENSITIVITY,100,100,28.2283751923,28.2283751923,28.2283751923,99,True,1,0.998675496689,0.04,0.96,False,False,,False,0,0,542
calibration-tail-robustness-v1.0.0,7,50,RACE,MAX_SCORE,all,119,60.7026674334,60.7026674334,60.7026674334,119,False,0,0.402649006623,0.01,0.99,False,False,,False,0,0,542
calibration-tail-robustness-v1.0.0,7,50,RACE,FINITE_SAMPLE,all,119,60.7026674334,60.7026674334,60.7026674334,119,True,0,0.402649006623,0.01,0.99,False,False,,False,0,0,542
calibration-tail-robustness-v1.0.0,7,50,RACE,CONTEXT_CONDITIONAL,all,119,60.7026674334,59.3986715117,60.7026674334,100,True,0,0.402649006623,0.01,0.99,False,False,,False,0,0,542
calibration-tail-robustness-v1.0.0,7,50,RACE,TRIMMED_SENSITIVITY,all,119,59.3986715117,59.3986715117,59.3986715117,118,True,1,0.41059602649,0.01,0.99,False,False,,False,0,0,542
calibration-tail-robustness-v1.0.0,7,100,TargetOnly,MAX_SCORE,100,100,39.9881719035,39.9881719035,39.9881719035,100,False,0,1,0.01,0.99,True,False,,False,0,0,532
calibration-tail-robustness-v1.0.0,7,100,TargetOnly,FINITE_SAMPLE,100,100,39.9881719035,39.9881719035,39.9881719035,100,True,0,1,0.01,0.99,True,False,,False,0,0,532
calibration-tail-robustness-v1.0.0,7,100,TargetOnly,CONTEXT_CONDITIONAL,100,100,39.9881719035,39.9881719035,39.9881719035,100,True,0,1,0.01,0.99,True,False,,False,0,0,532
calibration-tail-robustness-v1.0.0,7,100,TargetOnly,TRIMMED_SENSITIVITY,100,100,39.0168714129,39.0168714129,39.0168714129,99,True,1,1,0.02,0.98,False,False,,False,0,0,532
calibration-tail-robustness-v1.0.0,7,100,TargetOnly,MAX_SCORE,all,119,39.9881719035,39.9881719035,39.9881719035,119,False,0,1,0.01,0.99,True,False,,False,0,0,532
calibration-tail-robustness-v1.0.0,7,100,TargetOnly,FINITE_SAMPLE,all,119,39.9881719035,39.9881719035,39.9881719035,119,True,0,1,0.01,0.99,True,False,,False,0,0,532
calibration-tail-robustness-v1.0.0,7,100,TargetOnly,CONTEXT_CONDITIONAL,all,119,39.9881719035,38.4116131131,39.9881719035,100,True,0,1,0.01,0.99,True,False,,False,0,0,532
calibration-tail-robustness-v1.0.0,7,100,TargetOnly,TRIMMED_SENSITIVITY,all,119,39.0168714129,39.0168714129,39.0168714129,118,True,1,1,0.02,0.98,False,False,,False,0,0,532
calibration-tail-robustness-v1.0.0,7,100,RACE,MAX_SCORE,100,100,71.0417156332,71.0417156332,71.0417156332,100,False,0,0.386754966887,0.01,0.99,False,False,,False,0,0,542
calibration-tail-robustness-v1.0.0,7,100,RACE,FINITE_SAMPLE,100,100,71.0417156332,71.0417156332,71.0417156332,100,True,0,0.386754966887,0.01,0.99,False,False,,False,0,0,542
calibration-tail-robustness-v1.0.0,7,100,RACE,CONTEXT_CONDITIONAL,100,100,71.0417156332,71.0417156332,71.0417156332,100,True,0,0.386754966887,0.01,0.99,False,False,,False,0,0,542
calibration-tail-robustness-v1.0.0,7,100,RACE,TRIMMED_SENSITIVITY,100,100,28.7391235196,28.7391235196,28.7391235196,99,True,1,1,0.04,0.96,False,False,,False,0,0,542
calibration-tail-robustness-v1.0.0,7,100,RACE,MAX_SCORE,all,119,71.0417156332,71.0417156332,71.0417156332,119,False,0,0.386754966887,0.01,0.99,False,False,,False,0,0,542
calibration-tail-robustness-v1.0.0,7,100,RACE,FINITE_SAMPLE,all,119,71.0417156332,71.0417156332,71.0417156332,119,True,0,0.386754966887,0.01,0.99,False,False,,False,0,0,542
calibration-tail-robustness-v1.0.0,7,100,RACE,CONTEXT_CONDITIONAL,all,119,71.0417156332,69.8919429931,71.0417156332,100,True,0,0.386754966887,0.01,0.99,False,False,,False,0,0,542
calibration-tail-robustness-v1.0.0,7,100,RACE,TRIMMED_SENSITIVITY,all,119,69.8919429931,69.8919429931,69.8919429931,118,True,1,0.388079470199,0.01,0.99,False,False,,False,0,0,542
calibration-tail-robustness-v1.0.0,8,10,TargetOnly,MAX_SCORE,100,100,127.450145645,127.450145645,127.450145645,100,False,0,1,0.02,0.98,False,False,,False,0,0,527
calibration-tail-robustness-v1.0.0,8,10,TargetOnly,FINITE_SAMPLE,100,100,127.450145645,127.450145645,127.450145645,100,True,0,1,0.02,0.98,False,False,,False,0,0,527
calibration-tail-robustness-v1.0.0,8,10,TargetOnly,CONTEXT_CONDITIONAL,100,100,127.450145645,127.450145645,127.450145645,100,True,0,1,0.02,0.98,False,False,,False,0,0,527
calibration-tail-robustness-v1.0.0,8,10,TargetOnly,TRIMMED_SENSITIVITY,100,100,77.9417805936,77.9417805936,77.9417805936,99,True,1,1,0.03,0.97,False,False,,False,0,0,527
calibration-tail-robustness-v1.0.0,8,10,TargetOnly,MAX_SCORE,all,119,127.450145645,127.450145645,127.450145645,119,False,0,1,0.02,0.98,False,False,,False,0,0,527
calibration-tail-robustness-v1.0.0,8,10,TargetOnly,FINITE_SAMPLE,all,119,127.450145645,127.450145645,127.450145645,119,True,0,1,0.02,0.98,False,False,,False,0,0,527
calibration-tail-robustness-v1.0.0,8,10,TargetOnly,CONTEXT_CONDITIONAL,all,119,77.9417805936,60.8817240901,127.450145645,100,True,0,1,0.03,0.97,False,False,,False,0,0,527
calibration-tail-robustness-v1.0.0,8,10,TargetOnly,TRIMMED_SENSITIVITY,all,119,77.9417805936,77.9417805936,77.9417805936,118,True,1,1,0.03,0.97,False,False,,False,0,0,527
calibration-tail-robustness-v1.0.0,8,10,RACE,MAX_SCORE,100,100,37.3872837679,37.3872837679,37.3872837679,100,False,0,0.735099337748,0.02,0.98,False,False,,False,0,0,542
calibration-tail-robustness-v1.0.0,8,10,RACE,FINITE_SAMPLE,100,100,37.3872837679,37.3872837679,37.3872837679,100,True,0,0.735099337748,0.02,0.98,False,False,,False,0,0,542
calibration-tail-robustness-v1.0.0,8,10,RACE,CONTEXT_CONDITIONAL,100,100,37.3872837679,37.3872837679,37.3872837679,100,True,0,0.735099337748,0.02,0.98,False,False,,False,0,0,542
calibration-tail-robustness-v1.0.0,8,10,RACE,TRIMMED_SENSITIVITY,100,100,37.1534739392,37.1534739392,37.1534739392,99,True,1,0.744370860927,0.02,0.98,False,False,,False,0,0,542
calibration-tail-robustness-v1.0.0,8,10,RACE,MAX_SCORE,all,119,37.3872837679,37.3872837679,37.3872837679,119,False,0,0.735099337748,0.02,0.98,False,False,,False,0,0,542
calibration-tail-robustness-v1.0.0,8,10,RACE,FINITE_SAMPLE,all,119,37.3872837679,37.3872837679,37.3872837679,119,True,0,0.735099337748,0.02,0.98,False,False,,False,0,0,542
calibration-tail-robustness-v1.0.0,8,10,RACE,CONTEXT_CONDITIONAL,all,119,37.3872837679,36.6763942729,37.3872837679,100,True,0,0.735099337748,0.02,0.98,False,False,,False,0,0,542
calibration-tail-robustness-v1.0.0,8,10,RACE,TRIMMED_SENSITIVITY,all,119,37.1534739392,37.1534739392,37.1534739392,118,True,1,0.744370860927,0.02,0.98,False,False,,False,0,0,542
calibration-tail-robustness-v1.0.0,8,25,TargetOnly,MAX_SCORE,100,100,126.301764083,126.301764083,126.301764083,100,False,0,1,0.01,0.99,True,False,,False,0,0,532
calibration-tail-robustness-v1.0.0,8,25,TargetOnly,FINITE_SAMPLE,100,100,126.301764083,126.301764083,126.301764083,100,True,0,1,0.01,0.99,True,False,,False,0,0,532
calibration-tail-robustness-v1.0.0,8,25,TargetOnly,CONTEXT_CONDITIONAL,100,100,126.301764083,126.301764083,126.301764083,100,True,0,1,0.01,0.99,True,False,,False,0,0,532
calibration-tail-robustness-v1.0.0,8,25,TargetOnly,TRIMMED_SENSITIVITY,100,100,34.2070137601,34.2070137601,34.2070137601,99,True,1,1,0.06,0.94,False,False,,False,0,0,532
calibration-tail-robustness-v1.0.0,8,25,TargetOnly,MAX_SCORE,all,119,126.301764083,126.301764083,126.301764083,119,False,0,1,0.01,0.99,True,False,,False,0,0,532
calibration-tail-robustness-v1.0.0,8,25,TargetOnly,FINITE_SAMPLE,all,119,126.301764083,126.301764083,126.301764083,119,True,0,1,0.01,0.99,True,False,,False,0,0,532
calibration-tail-robustness-v1.0.0,8,25,TargetOnly,CONTEXT_CONDITIONAL,all,119,34.2070137601,33.695089245,126.301764083,100,True,0,1,0.05,0.95,False,False,,False,0,0,532
calibration-tail-robustness-v1.0.0,8,25,TargetOnly,TRIMMED_SENSITIVITY,all,119,34.2070137601,34.2070137601,34.2070137601,118,True,1,1,0.06,0.94,False,False,,False,0,0,532
calibration-tail-robustness-v1.0.0,8,25,RACE,MAX_SCORE,100,100,31.0200365489,31.0200365489,31.0200365489,100,False,0,0.960264900662,0.04,0.96,False,False,,False,0,0,542
calibration-tail-robustness-v1.0.0,8,25,RACE,FINITE_SAMPLE,100,100,31.0200365489,31.0200365489,31.0200365489,100,True,0,0.960264900662,0.04,0.96,False,False,,False,0,0,542
calibration-tail-robustness-v1.0.0,8,25,RACE,CONTEXT_CONDITIONAL,100,100,31.0200365489,31.0200365489,31.0200365489,100,True,0,0.960264900662,0.04,0.96,False,False,,False,0,0,542
calibration-tail-robustness-v1.0.0,8,25,RACE,TRIMMED_SENSITIVITY,100,100,29.0066318531,29.0066318531,29.0066318531,99,True,1,0.992052980132,0.05,0.95,False,False,,False,0,0,542
calibration-tail-robustness-v1.0.0,8,25,RACE,MAX_SCORE,all,119,31.0200365489,31.0200365489,31.0200365489,119,False,0,0.960264900662,0.04,0.96,False,False,,False,0,0,542
calibration-tail-robustness-v1.0.0,8,25,RACE,FINITE_SAMPLE,all,119,31.0200365489,31.0200365489,31.0200365489,119,True,0,0.960264900662,0.04,0.96,False,False,,False,0,0,542
calibration-tail-robustness-v1.0.0,8,25,RACE,CONTEXT_CONDITIONAL,all,119,29.0066318531,28.1955110128,31.0200365489,100,True,0,0.992052980132,0.04,0.96,False,False,,False,0,0,542
calibration-tail-robustness-v1.0.0,8,25,RACE,TRIMMED_SENSITIVITY,all,119,29.0066318531,29.0066318531,29.0066318531,118,True,1,0.992052980132,0.05,0.95,False,False,,False,0,0,542
calibration-tail-robustness-v1.0.0,8,50,TargetOnly,MAX_SCORE,100,100,139.890010817,139.890010817,139.890010817,100,False,0,1,0.01,0.99,True,False,,False,0,0,532
calibration-tail-robustness-v1.0.0,8,50,TargetOnly,FINITE_SAMPLE,100,100,139.890010817,139.890010817,139.890010817,100,True,0,1,0.01,0.99,True,False,,False,0,0,532
calibration-tail-robustness-v1.0.0,8,50,TargetOnly,CONTEXT_CONDITIONAL,100,100,139.890010817,139.890010817,139.890010817,100,True,0,1,0.01,0.99,True,False,,False,0,0,532
calibration-tail-robustness-v1.0.0,8,50,TargetOnly,TRIMMED_SENSITIVITY,100,100,38.1843054101,38.1843054101,38.1843054101,99,True,1,1,0.08,0.92,False,False,,False,0,0,532
calibration-tail-robustness-v1.0.0,8,50,TargetOnly,MAX_SCORE,all,119,139.890010817,139.890010817,139.890010817,119,False,0,1,0.01,0.99,True,False,,False,0,0,532
calibration-tail-robustness-v1.0.0,8,50,TargetOnly,FINITE_SAMPLE,all,119,139.890010817,139.890010817,139.890010817,119,True,0,1,0.01,0.99,True,False,,False,0,0,532
calibration-tail-robustness-v1.0.0,8,50,TargetOnly,CONTEXT_CONDITIONAL,all,119,38.1843054101,38.1843054101,139.890010817,100,True,0,1,0.07,0.93,False,False,,False,0,0,532
calibration-tail-robustness-v1.0.0,8,50,TargetOnly,TRIMMED_SENSITIVITY,all,119,38.1843054101,38.1843054101,38.1843054101,118,True,1,1,0.08,0.92,False,False,,False,0,0,532
calibration-tail-robustness-v1.0.0,8,50,RACE,MAX_SCORE,100,100,31.6595567211,31.6595567211,31.6595567211,100,False,0,0.992052980132,0.02,0.98,False,False,,False,0,0,542
calibration-tail-robustness-v1.0.0,8,50,RACE,FINITE_SAMPLE,100,100,31.6595567211,31.6595567211,31.6595567211,100,True,0,0.992052980132,0.02,0.98,False,False,,False,0,0,542
calibration-tail-robustness-v1.0.0,8,50,RACE,CONTEXT_CONDITIONAL,100,100,31.6595567211,31.6595567211,31.6595567211,100,True,0,0.992052980132,0.02,0.98,False,False,,False,0,0,542
calibration-tail-robustness-v1.0.0,8,50,RACE,TRIMMED_SENSITIVITY,100,100,27.2989896523,27.2989896523,27.2989896523,99,True,1,1,0.06,0.94,False,False,,False,0,0,542
calibration-tail-robustness-v1.0.0,8,50,RACE,MAX_SCORE,all,119,31.6595567211,31.6595567211,31.6595567211,119,False,0,0.992052980132,0.02,0.98,False,False,,False,0,0,542
calibration-tail-robustness-v1.0.0,8,50,RACE,FINITE_SAMPLE,all,119,31.6595567211,31.6595567211,31.6595567211,119,True,0,0.992052980132,0.02,0.98,False,False,,False,0,0,542
calibration-tail-robustness-v1.0.0,8,50,RACE,CONTEXT_CONDITIONAL,all,119,27.2989896523,26.8560480712,31.6595567211,100,True,0,1,0.05,0.95,False,False,,False,0,0,542
calibration-tail-robustness-v1.0.0,8,50,RACE,TRIMMED_SENSITIVITY,all,119,27.2989896523,27.2989896523,27.2989896523,118,True,1,1,0.06,0.94,False,False,,False,0,0,542
calibration-tail-robustness-v1.0.0,8,100,TargetOnly,MAX_SCORE,100,100,145.323327948,145.323327948,145.323327948,100,False,0,1,0.01,0.99,True,False,,False,0,0,533
calibration-tail-robustness-v1.0.0,8,100,TargetOnly,FINITE_SAMPLE,100,100,145.323327948,145.323327948,145.323327948,100,True,0,1,0.01,0.99,True,False,,False,0,0,533
calibration-tail-robustness-v1.0.0,8,100,TargetOnly,CONTEXT_CONDITIONAL,100,100,145.323327948,145.323327948,145.323327948,100,True,0,1,0.01,0.99,True,False,,False,0,0,533
calibration-tail-robustness-v1.0.0,8,100,TargetOnly,TRIMMED_SENSITIVITY,100,100,43.1148941536,43.1148941536,43.1148941536,99,True,1,1,0.05,0.95,False,False,,False,0,0,533
calibration-tail-robustness-v1.0.0,8,100,TargetOnly,MAX_SCORE,all,119,145.323327948,145.323327948,145.323327948,119,False,0,1,0.01,0.99,True,False,,False,0,0,533
calibration-tail-robustness-v1.0.0,8,100,TargetOnly,FINITE_SAMPLE,all,119,145.323327948,145.323327948,145.323327948,119,True,0,1,0.01,0.99,True,False,,False,0,0,533
calibration-tail-robustness-v1.0.0,8,100,TargetOnly,CONTEXT_CONDITIONAL,all,119,43.1148941536,43.1148941536,145.323327948,100,True,0,1,0.04,0.96,False,False,,False,0,0,533
calibration-tail-robustness-v1.0.0,8,100,TargetOnly,TRIMMED_SENSITIVITY,all,119,43.1148941536,43.1148941536,43.1148941536,118,True,1,1,0.05,0.95,False,False,,False,0,0,533
calibration-tail-robustness-v1.0.0,8,100,RACE,MAX_SCORE,100,100,34.0091050174,34.0091050174,34.0091050174,100,False,0,0.997350993377,0.02,0.98,False,False,,False,0,0,542
calibration-tail-robustness-v1.0.0,8,100,RACE,FINITE_SAMPLE,100,100,34.0091050174,34.0091050174,34.0091050174,100,True,0,0.997350993377,0.02,0.98,False,False,,False,0,0,542
calibration-tail-robustness-v1.0.0,8,100,RACE,CONTEXT_CONDITIONAL,100,100,34.0091050174,34.0091050174,34.0091050174,100,True,0,0.997350993377,0.02,0.98,False,False,,False,0,0,542
calibration-tail-robustness-v1.0.0,8,100,RACE,TRIMMED_SENSITIVITY,100,100,28.4120715861,28.4120715861,28.4120715861,99,True,1,1,0.06,0.94,False,False,,False,0,0,542
calibration-tail-robustness-v1.0.0,8,100,RACE,MAX_SCORE,all,119,34.0091050174,34.0091050174,34.0091050174,119,False,0,0.997350993377,0.02,0.98,False,False,,False,0,0,542
calibration-tail-robustness-v1.0.0,8,100,RACE,FINITE_SAMPLE,all,119,34.0091050174,34.0091050174,34.0091050174,119,True,0,0.997350993377,0.02,0.98,False,False,,False,0,0,542
calibration-tail-robustness-v1.0.0,8,100,RACE,CONTEXT_CONDITIONAL,all,119,28.4120715861,28.2643759935,34.0091050174,100,True,0,1,0.05,0.95,False,False,,False,0,0,542
calibration-tail-robustness-v1.0.0,8,100,RACE,TRIMMED_SENSITIVITY,all,119,28.4120715861,28.4120715861,28.4120715861,118,True,1,1,0.06,0.94,False,False,,False,0,0,542
calibration-tail-robustness-v1.0.0,9,10,TargetOnly,MAX_SCORE,100,100,6755.91836754,6755.91836754,6755.91836754,100,False,0,0.00264900662252,0,1,False,True,6755.91836754,True,1,1,529
calibration-tail-robustness-v1.0.0,9,10,TargetOnly,FINITE_SAMPLE,100,100,6755.91836754,6755.91836754,6755.91836754,100,True,0,0.00264900662252,0,1,False,True,6755.91836754,True,1,1,529
calibration-tail-robustness-v1.0.0,9,10,TargetOnly,CONTEXT_CONDITIONAL,100,100,6755.91836754,6755.91836754,6755.91836754,100,True,0,0.00264900662252,0,1,False,True,6755.91836754,True,1,1,529
calibration-tail-robustness-v1.0.0,9,10,TargetOnly,TRIMMED_SENSITIVITY,100,100,43.2906979822,43.2906979822,43.2906979822,99,True,1,1,0.02,0.98,False,True,6755.91836754,False,0,1,529
calibration-tail-robustness-v1.0.0,9,10,TargetOnly,MAX_SCORE,all,119,6755.91836754,6755.91836754,6755.91836754,119,False,0,0.00264900662252,0,1,False,True,6755.91836754,True,1,1,529
calibration-tail-robustness-v1.0.0,9,10,TargetOnly,FINITE_SAMPLE,all,119,6755.91836754,6755.91836754,6755.91836754,119,True,0,0.00264900662252,0,1,False,True,6755.91836754,True,1,1,529
calibration-tail-robustness-v1.0.0,9,10,TargetOnly,CONTEXT_CONDITIONAL,all,119,6755.91836754,39.2054331443,6755.91836754,100,True,0,0.00264900662252,0,1,False,True,6755.91836754,True,0.946198830409,0.946198830409,529
calibration-tail-robustness-v1.0.0,9,10,TargetOnly,TRIMMED_SENSITIVITY,all,119,43.2906979822,43.2906979822,43.2906979822,118,True,1,1,0.02,0.98,False,True,6755.91836754,False,0,1,529
calibration-tail-robustness-v1.0.0,9,10,RACE,MAX_SCORE,100,100,54.3839577813,54.3839577813,54.3839577813,100,False,0,0.471523178808,0,1,False,True,31.9594235761,False,0,1,542
calibration-tail-robustness-v1.0.0,9,10,RACE,FINITE_SAMPLE,100,100,54.3839577813,54.3839577813,54.3839577813,100,True,0,0.471523178808,0,1,False,True,31.9594235761,False,0,1,542
calibration-tail-robustness-v1.0.0,9,10,RACE,CONTEXT_CONDITIONAL,100,100,54.3839577813,54.3839577813,54.3839577813,100,True,0,0.471523178808,0,1,False,True,31.9594235761,False,0,1,542
calibration-tail-robustness-v1.0.0,9,10,RACE,TRIMMED_SENSITIVITY,100,100,33.6911493784,33.6911493784,33.6911493784,99,True,1,0.912582781457,0.03,0.97,False,True,31.9594235761,False,0,1,542
calibration-tail-robustness-v1.0.0,9,10,RACE,MAX_SCORE,all,119,57.0325855216,57.0325855216,57.0325855216,119,False,0,0.441059602649,0,1,False,True,31.9594235761,False,0,1,542
calibration-tail-robustness-v1.0.0,9,10,RACE,FINITE_SAMPLE,all,119,57.0325855216,57.0325855216,57.0325855216,119,True,0,0.441059602649,0,1,False,True,31.9594235761,False,0,1,542
calibration-tail-robustness-v1.0.0,9,10,RACE,CONTEXT_CONDITIONAL,all,119,57.0325855216,54.3839577813,57.0325855216,100,True,0,0.441059602649,0,1,False,True,31.9594235761,False,0,0.946198830409,542
calibration-tail-robustness-v1.0.0,9,10,RACE,TRIMMED_SENSITIVITY,all,119,54.3839577813,54.3839577813,54.3839577813,118,True,1,0.471523178808,0,1,False,True,31.9594235761,False,0,1,542
calibration-tail-robustness-v1.0.0,9,25,TargetOnly,MAX_SCORE,100,100,9595.40874191,9595.40874191,9595.40874191,100,False,0,0.00264900662252,0,1,False,True,9595.40874191,True,1,1,532
calibration-tail-robustness-v1.0.0,9,25,TargetOnly,FINITE_SAMPLE,100,100,9595.40874191,9595.40874191,9595.40874191,100,True,0,0.00264900662252,0,1,False,True,9595.40874191,True,1,1,532
calibration-tail-robustness-v1.0.0,9,25,TargetOnly,CONTEXT_CONDITIONAL,100,100,9595.40874191,9595.40874191,9595.40874191,100,True,0,0.00264900662252,0,1,False,True,9595.40874191,True,1,1,532
calibration-tail-robustness-v1.0.0,9,25,TargetOnly,TRIMMED_SENSITIVITY,100,100,38.6196380497,38.6196380497,38.6196380497,99,True,1,1,0.02,0.98,False,True,9595.40874191,False,0,1,532
calibration-tail-robustness-v1.0.0,9,25,TargetOnly,MAX_SCORE,all,119,9595.40874191,9595.40874191,9595.40874191,119,False,0,0.00264900662252,0,1,False,True,9595.40874191,True,1,1,532
calibration-tail-robustness-v1.0.0,9,25,TargetOnly,FINITE_SAMPLE,all,119,9595.40874191,9595.40874191,9595.40874191,119,True,0,0.00264900662252,0,1,False,True,9595.40874191,True,1,1,532
calibration-tail-robustness-v1.0.0,9,25,TargetOnly,CONTEXT_CONDITIONAL,all,119,9595.40874191,36.1332346623,9595.40874191,100,True,0,0.00264900662252,0.01,0.99,False,True,9595.40874191,True,0.946198830409,0.946198830409,532
calibration-tail-robustness-v1.0.0,9,25,TargetOnly,TRIMMED_SENSITIVITY,all,119,38.6196380497,38.6196380497,38.6196380497,118,True,1,1,0.02,0.98,False,True,9595.40874191,False,0,1,532
calibration-tail-robustness-v1.0.0,9,25,RACE,MAX_SCORE,100,100,55.9870201549,55.9870201549,55.9870201549,100,False,0,0.438410596026,0,1,False,True,32.210469578,False,0,1,542
calibration-tail-robustness-v1.0.0,9,25,RACE,FINITE_SAMPLE,100,100,55.9870201549,55.9870201549,55.9870201549,100,True,0,0.438410596026,0,1,False,True,32.210469578,False,0,1,542
calibration-tail-robustness-v1.0.0,9,25,RACE,CONTEXT_CONDITIONAL,100,100,55.9870201549,55.9870201549,55.9870201549,100,True,0,0.438410596026,0,1,False,True,32.210469578,False,0,1,542
calibration-tail-robustness-v1.0.0,9,25,RACE,TRIMMED_SENSITIVITY,100,100,32.210469578,32.210469578,32.210469578,99,True,1,0.95761589404,0.02,0.98,False,True,32.210469578,True,1,1,542
calibration-tail-robustness-v1.0.0,9,25,RACE,MAX_SCORE,all,119,58.4237385556,58.4237385556,58.4237385556,119,False,0,0.422516556291,0,1,False,True,32.210469578,False,0,1,542
calibration-tail-robustness-v1.0.0,9,25,RACE,FINITE_SAMPLE,all,119,58.4237385556,58.4237385556,58.4237385556,119,True,0,0.422516556291,0,1,False,True,32.210469578,False,0,1,542
calibration-tail-robustness-v1.0.0,9,25,RACE,CONTEXT_CONDITIONAL,all,119,58.4237385556,55.9870201549,58.4237385556,100,True,0,0.422516556291,0,1,False,True,32.210469578,False,0,0.946198830409,542
calibration-tail-robustness-v1.0.0,9,25,RACE,TRIMMED_SENSITIVITY,all,119,55.9870201549,55.9870201549,55.9870201549,118,True,1,0.438410596026,0,1,False,True,32.210469578,False,0,1,542
calibration-tail-robustness-v1.0.0,9,50,TargetOnly,MAX_SCORE,100,100,12737.2676019,12737.2676019,12737.2676019,100,False,0,0.00264900662252,0,1,False,True,12737.2676019,True,1,1,535
calibration-tail-robustness-v1.0.0,9,50,TargetOnly,FINITE_SAMPLE,100,100,12737.2676019,12737.2676019,12737.2676019,100,True,0,0.00264900662252,0,1,False,True,12737.2676019,True,1,1,535
calibration-tail-robustness-v1.0.0,9,50,TargetOnly,CONTEXT_CONDITIONAL,100,100,12737.2676019,12737.2676019,12737.2676019,100,True,0,0.00264900662252,0,1,False,True,12737.2676019,True,1,1,535
calibration-tail-robustness-v1.0.0,9,50,TargetOnly,TRIMMED_SENSITIVITY,100,100,36.3875052345,36.3875052345,36.3875052345,99,True,1,1,0.04,0.96,False,True,12737.2676019,False,0,1,535
calibration-tail-robustness-v1.0.0,9,50,TargetOnly,MAX_SCORE,all,119,12737.2676019,12737.2676019,12737.2676019,119,False,0,0.00264900662252,0,1,False,True,12737.2676019,True,1,1,535
calibration-tail-robustness-v1.0.0,9,50,TargetOnly,FINITE_SAMPLE,all,119,12737.2676019,12737.2676019,12737.2676019,119,True,0,0.00264900662252,0,1,False,True,12737.2676019,True,1,1,535
calibration-tail-robustness-v1.0.0,9,50,TargetOnly,CONTEXT_CONDITIONAL,all,119,12737.2676019,36.2110964037,12737.2676019,100,True,0,0.00264900662252,0,1,False,True,12737.2676019,True,0.946198830409,0.946198830409,535
calibration-tail-robustness-v1.0.0,9,50,TargetOnly,TRIMMED_SENSITIVITY,all,119,36.3875052345,36.3875052345,36.3875052345,118,True,1,1,0.04,0.96,False,True,12737.2676019,False,0,1,535
calibration-tail-robustness-v1.0.0,9,50,RACE,MAX_SCORE,100,100,33.4575441593,33.4575441593,33.4575441593,100,False,0,0.898013245033,0,1,False,True,33.4575441593,True,1,1,542
calibration-tail-robustness-v1.0.0,9,50,RACE,FINITE_SAMPLE,100,100,33.4575441593,33.4575441593,33.4575441593,100,True,0,0.898013245033,0,1,False,True,33.4575441593,True,1,1,542
calibration-tail-robustness-v1.0.0,9,50,RACE,CONTEXT_CONDITIONAL,100,100,33.4575441593,33.4575441593,33.4575441593,100,True,0,0.898013245033,0,1,False,True,33.4575441593,True,1,1,542
calibration-tail-robustness-v1.0.0,9,50,RACE,TRIMMED_SENSITIVITY,100,100,31.1164063953,31.1164063953,31.1164063953,99,True,1,0.990728476821,0.01,0.99,True,True,33.4575441593,False,0,1,542
calibration-tail-robustness-v1.0.0,9,50,RACE,MAX_SCORE,all,119,33.4575441593,33.4575441593,33.4575441593,119,False,0,0.898013245033,0,1,False,True,33.4575441593,True,1,1,542
calibration-tail-robustness-v1.0.0,9,50,RACE,FINITE_SAMPLE,all,119,33.4575441593,33.4575441593,33.4575441593,119,True,0,0.898013245033,0,1,False,True,33.4575441593,True,1,1,542
calibration-tail-robustness-v1.0.0,9,50,RACE,CONTEXT_CONDITIONAL,all,119,33.4575441593,31.1164063953,33.4575441593,100,True,0,0.898013245033,0,1,False,True,33.4575441593,True,0.946198830409,0.946198830409,542
calibration-tail-robustness-v1.0.0,9,50,RACE,TRIMMED_SENSITIVITY,all,119,33.1748593403,33.1748593403,33.1748593403,118,True,1,0.920529801325,0,1,True,True,33.4575441593,False,0,1,542
calibration-tail-robustness-v1.0.0,9,100,TargetOnly,MAX_SCORE,100,100,14613.605074,14613.605074,14613.605074,100,False,0,0.00264900662252,0,1,False,True,14613.605074,True,1,1,534
calibration-tail-robustness-v1.0.0,9,100,TargetOnly,FINITE_SAMPLE,100,100,14613.605074,14613.605074,14613.605074,100,True,0,0.00264900662252,0,1,False,True,14613.605074,True,1,1,534
calibration-tail-robustness-v1.0.0,9,100,TargetOnly,CONTEXT_CONDITIONAL,100,100,14613.605074,14613.605074,14613.605074,100,True,0,0.00264900662252,0,1,False,True,14613.605074,True,1,1,534
calibration-tail-robustness-v1.0.0,9,100,TargetOnly,TRIMMED_SENSITIVITY,100,100,39.0174022304,39.0174022304,39.0174022304,99,True,1,1,0.04,0.96,False,True,14613.605074,False,0,1,534
calibration-tail-robustness-v1.0.0,9,100,TargetOnly,MAX_SCORE,all,119,14613.605074,14613.605074,14613.605074,119,False,0,0.00264900662252,0,1,False,True,14613.605074,True,1,1,534
calibration-tail-robustness-v1.0.0,9,100,TargetOnly,FINITE_SAMPLE,all,119,14613.605074,14613.605074,14613.605074,119,True,0,0.00264900662252,0,1,False,True,14613.605074,True,1,1,534
calibration-tail-robustness-v1.0.0,9,100,TargetOnly,CONTEXT_CONDITIONAL,all,119,14613.605074,38.392656474,14613.605074,100,True,0,0.00264900662252,0,1,False,True,14613.605074,True,0.946198830409,0.946198830409,534
calibration-tail-robustness-v1.0.0,9,100,TargetOnly,TRIMMED_SENSITIVITY,all,119,41.4339117657,41.4339117657,41.4339117657,118,True,1,1,0.02,0.98,False,True,14613.605074,False,0,1,534
calibration-tail-robustness-v1.0.0,9,100,RACE,MAX_SCORE,100,100,38.2245706682,38.2245706682,38.2245706682,100,False,0,0.814569536424,0,1,False,True,38.2245706682,True,1,1,542
calibration-tail-robustness-v1.0.0,9,100,RACE,FINITE_SAMPLE,100,100,38.2245706682,38.2245706682,38.2245706682,100,True,0,0.814569536424,0,1,False,True,38.2245706682,True,1,1,542
calibration-tail-robustness-v1.0.0,9,100,RACE,CONTEXT_CONDITIONAL,100,100,38.2245706682,38.2245706682,38.2245706682,100,True,0,0.814569536424,0,1,False,True,38.2245706682,True,1,1,542
calibration-tail-robustness-v1.0.0,9,100,RACE,TRIMMED_SENSITIVITY,100,100,33.4711023129,33.4711023129,33.4711023129,99,True,1,0.994701986755,0,1,True,True,38.2245706682,False,0,1,542
calibration-tail-robustness-v1.0.0,9,100,RACE,MAX_SCORE,all,119,38.2245706682,38.2245706682,38.2245706682,119,False,0,0.814569536424,0,1,False,True,38.2245706682,True,1,1,542
calibration-tail-robustness-v1.0.0,9,100,RACE,FINITE_SAMPLE,all,119,38.2245706682,38.2245706682,38.2245706682,119,True,0,0.814569536424,0,1,False,True,38.2245706682,True,1,1,542
calibration-tail-robustness-v1.0.0,9,100,RACE,CONTEXT_CONDITIONAL,all,119,38.2245706682,33.4711023129,38.2245706682,100,True,0,0.814569536424,0,1,False,True,38.2245706682,True,0.946198830409,0.946198830409,542
calibration-tail-robustness-v1.0.0,9,100,RACE,TRIMMED_SENSITIVITY,all,119,36.4534966335,36.4534966335,36.4534966335,118,True,1,0.919205298013,0,1,True,True,38.2245706682,False,0,1,542
calibration-tail-robustness-v1.0.0,10,10,TargetOnly,MAX_SCORE,100,100,24894.47513,24894.47513,24894.47513,100,False,0,0.288741721854,0,1,False,False,,False,0,0,528
calibration-tail-robustness-v1.0.0,10,10,TargetOnly,FINITE_SAMPLE,100,100,24894.47513,24894.47513,24894.47513,100,True,0,0.288741721854,0,1,False,False,,False,0,0,528
calibration-tail-robustness-v1.0.0,10,10,TargetOnly,CONTEXT_CONDITIONAL,100,100,24894.47513,24894.47513,24894.47513,100,True,0,0.288741721854,0,1,False,False,,False,0,0,528
calibration-tail-robustness-v1.0.0,10,10,TargetOnly,TRIMMED_SENSITIVITY,100,100,24893.6465872,24893.6465872,24893.6465872,99,True,1,0.361589403974,0.03,0.97,False,False,,False,0,0,528
calibration-tail-robustness-v1.0.0,10,10,TargetOnly,MAX_SCORE,all,119,24894.47513,24894.47513,24894.47513,119,False,0,0.288741721854,0,1,False,False,,False,0,0,528
calibration-tail-robustness-v1.0.0,10,10,TargetOnly,FINITE_SAMPLE,all,119,24894.47513,24894.47513,24894.47513,119,True,0,0.288741721854,0,1,False,False,,False,0,0,528
calibration-tail-robustness-v1.0.0,10,10,TargetOnly,CONTEXT_CONDITIONAL,all,119,24894.47513,24894.47513,24894.47513,100,True,0,0.288741721854,0,1,False,False,,False,0,0,528
calibration-tail-robustness-v1.0.0,10,10,TargetOnly,TRIMMED_SENSITIVITY,all,119,24893.6465872,24893.6465872,24893.6465872,118,True,1,0.361589403974,0.03,0.97,False,False,,False,0,0,528
calibration-tail-robustness-v1.0.0,10,10,RACE,MAX_SCORE,100,100,37.5268293738,37.5268293738,37.5268293738,100,False,0,0.717880794702,0.02,0.98,False,False,,False,0,0,542
calibration-tail-robustness-v1.0.0,10,10,RACE,FINITE_SAMPLE,100,100,37.5268293738,37.5268293738,37.5268293738,100,True,0,0.717880794702,0.02,0.98,False,False,,False,0,0,542
calibration-tail-robustness-v1.0.0,10,10,RACE,CONTEXT_CONDITIONAL,100,100,37.5268293738,37.5268293738,37.5268293738,100,True,0,0.717880794702,0.02,0.98,False,False,,False,0,0,542
calibration-tail-robustness-v1.0.0,10,10,RACE,TRIMMED_SENSITIVITY,100,100,35.7070774389,35.7070774389,35.7070774389,99,True,1,0.790728476821,0.03,0.97,False,False,,False,0,0,542
calibration-tail-robustness-v1.0.0,10,10,RACE,MAX_SCORE,all,119,37.5268293738,37.5268293738,37.5268293738,119,False,0,0.717880794702,0.02,0.98,False,False,,False,0,0,542
calibration-tail-robustness-v1.0.0,10,10,RACE,FINITE_SAMPLE,all,119,37.5268293738,37.5268293738,37.5268293738,119,True,0,0.717880794702,0.02,0.98,False,False,,False,0,0,542
calibration-tail-robustness-v1.0.0,10,10,RACE,CONTEXT_CONDITIONAL,all,119,37.5268293738,37.5268293738,37.5268293738,100,True,0,0.717880794702,0.02,0.98,False,False,,False,0,0,542
calibration-tail-robustness-v1.0.0,10,10,RACE,TRIMMED_SENSITIVITY,all,119,35.7070774389,35.7070774389,35.7070774389,118,True,1,0.790728476821,0.03,0.97,False,False,,False,0,0,542
calibration-tail-robustness-v1.0.0,10,25,TargetOnly,MAX_SCORE,100,100,56.7141020248,56.7141020248,56.7141020248,100,False,0,1,0.01,0.99,True,False,,False,0,0,534
calibration-tail-robustness-v1.0.0,10,25,TargetOnly,FINITE_SAMPLE,100,100,56.7141020248,56.7141020248,56.7141020248,100,True,0,1,0.01,0.99,True,False,,False,0,0,534
calibration-tail-robustness-v1.0.0,10,25,TargetOnly,CONTEXT_CONDITIONAL,100,100,56.7141020248,56.7141020248,56.7141020248,100,True,0,1,0.01,0.99,True,False,,False,0,0,534
calibration-tail-robustness-v1.0.0,10,25,TargetOnly,TRIMMED_SENSITIVITY,100,100,35.7341189031,35.7341189031,35.7341189031,99,True,1,1,0.03,0.97,False,False,,False,0,0,534
calibration-tail-robustness-v1.0.0,10,25,TargetOnly,MAX_SCORE,all,119,56.7141020248,56.7141020248,56.7141020248,119,False,0,1,0.01,0.99,True,False,,False,0,0,534
calibration-tail-robustness-v1.0.0,10,25,TargetOnly,FINITE_SAMPLE,all,119,56.7141020248,56.7141020248,56.7141020248,119,True,0,1,0.01,0.99,True,False,,False,0,0,534
calibration-tail-robustness-v1.0.0,10,25,TargetOnly,CONTEXT_CONDITIONAL,all,119,35.7341189031,35.0238862975,56.7141020248,100,True,0,1,0.03,0.97,False,False,,False,0,0,534
calibration-tail-robustness-v1.0.0,10,25,TargetOnly,TRIMMED_SENSITIVITY,all,119,35.7341189031,35.7341189031,35.7341189031,118,True,1,1,0.03,0.97,False,False,,False,0,0,534
calibration-tail-robustness-v1.0.0,10,25,RACE,MAX_SCORE,100,100,26.5885360519,26.5885360519,26.5885360519,100,False,0,0.998675496689,0.03,0.97,False,False,,False,0,0,542
calibration-tail-robustness-v1.0.0,10,25,RACE,FINITE_SAMPLE,100,100,26.5885360519,26.5885360519,26.5885360519,100,True,0,0.998675496689,0.03,0.97,False,False,,False,0,0,542
calibration-tail-robustness-v1.0.0,10,25,RACE,CONTEXT_CONDITIONAL,100,100,26.5885360519,26.5885360519,26.5885360519,100,True,0,0.998675496689,0.03,0.97,False,False,,False,0,0,542
calibration-tail-robustness-v1.0.0,10,25,RACE,TRIMMED_SENSITIVITY,100,100,26.51722544,26.51722544,26.51722544,99,True,1,0.998675496689,0.03,0.97,False,False,,False,0,0,542
calibration-tail-robustness-v1.0.0,10,25,RACE,MAX_SCORE,all,119,26.5885360519,26.5885360519,26.5885360519,119,False,0,0.998675496689,0.03,0.97,False,False,,False,0,0,542
calibration-tail-robustness-v1.0.0,10,25,RACE,FINITE_SAMPLE,all,119,26.5885360519,26.5885360519,26.5885360519,119,True,0,0.998675496689,0.03,0.97,False,False,,False,0,0,542
calibration-tail-robustness-v1.0.0,10,25,RACE,CONTEXT_CONDITIONAL,all,119,26.51722544,26.51722544,26.5885360519,100,True,0,0.998675496689,0.03,0.97,False,False,,False,0,0,542
calibration-tail-robustness-v1.0.0,10,25,RACE,TRIMMED_SENSITIVITY,all,119,26.51722544,26.51722544,26.51722544,118,True,1,0.998675496689,0.03,0.97,False,False,,False,0,0,542
calibration-tail-robustness-v1.0.0,10,50,TargetOnly,MAX_SCORE,100,100,63.9665098773,63.9665098773,63.9665098773,100,False,0,1,0.01,0.99,True,False,,False,0,0,534
calibration-tail-robustness-v1.0.0,10,50,TargetOnly,FINITE_SAMPLE,100,100,63.9665098773,63.9665098773,63.9665098773,100,True,0,1,0.01,0.99,True,False,,False,0,0,534
calibration-tail-robustness-v1.0.0,10,50,TargetOnly,CONTEXT_CONDITIONAL,100,100,63.9665098773,63.9665098773,63.9665098773,100,True,0,1,0.01,0.99,True,False,,False,0,0,534
calibration-tail-robustness-v1.0.0,10,50,TargetOnly,TRIMMED_SENSITIVITY,100,100,37.6484011954,37.6484011954,37.6484011954,99,True,1,1,0.02,0.98,False,False,,False,0,0,534
calibration-tail-robustness-v1.0.0,10,50,TargetOnly,MAX_SCORE,all,119,63.9665098773,63.9665098773,63.9665098773,119,False,0,1,0.01,0.99,True,False,,False,0,0,534
calibration-tail-robustness-v1.0.0,10,50,TargetOnly,FINITE_SAMPLE,all,119,63.9665098773,63.9665098773,63.9665098773,119,True,0,1,0.01,0.99,True,False,,False,0,0,534
calibration-tail-robustness-v1.0.0,10,50,TargetOnly,CONTEXT_CONDITIONAL,all,119,37.6484011954,36.4101898344,63.9665098773,100,True,0,1,0.03,0.97,False,False,,False,0,0,534
calibration-tail-robustness-v1.0.0,10,50,TargetOnly,TRIMMED_SENSITIVITY,all,119,37.6484011954,37.6484011954,37.6484011954,118,True,1,1,0.02,0.98,False,False,,False,0,0,534
calibration-tail-robustness-v1.0.0,10,50,RACE,MAX_SCORE,100,100,26.7548636614,26.7548636614,26.7548636614,100,False,0,1,0.03,0.97,False,False,,False,0,0,542
calibration-tail-robustness-v1.0.0,10,50,RACE,FINITE_SAMPLE,100,100,26.7548636614,26.7548636614,26.7548636614,100,True,0,1,0.03,0.97,False,False,,False,0,0,542
calibration-tail-robustness-v1.0.0,10,50,RACE,CONTEXT_CONDITIONAL,100,100,26.7548636614,26.7548636614,26.7548636614,100,True,0,1,0.03,0.97,False,False,,False,0,0,542
calibration-tail-robustness-v1.0.0,10,50,RACE,TRIMMED_SENSITIVITY,100,100,26.213067101,26.213067101,26.213067101,99,True,1,1,0.03,0.97,False,False,,False,0,0,542
calibration-tail-robustness-v1.0.0,10,50,RACE,MAX_SCORE,all,119,26.7548636614,26.7548636614,26.7548636614,119,False,0,1,0.03,0.97,False,False,,False,0,0,542
calibration-tail-robustness-v1.0.0,10,50,RACE,FINITE_SAMPLE,all,119,26.7548636614,26.7548636614,26.7548636614,119,True,0,1,0.03,0.97,False,False,,False,0,0,542
calibration-tail-robustness-v1.0.0,10,50,RACE,CONTEXT_CONDITIONAL,all,119,26.213067101,26.213067101,26.7548636614,100,True,0,1,0.03,0.97,False,False,,False,0,0,542
calibration-tail-robustness-v1.0.0,10,50,RACE,TRIMMED_SENSITIVITY,all,119,26.213067101,26.213067101,26.213067101,118,True,1,1,0.03,0.97,False,False,,False,0,0,542
calibration-tail-robustness-v1.0.0,10,100,TargetOnly,MAX_SCORE,100,100,70.1888151861,70.1888151861,70.1888151861,100,False,0,1,0.01,0.99,True,False,,False,0,0,534
calibration-tail-robustness-v1.0.0,10,100,TargetOnly,FINITE_SAMPLE,100,100,70.1888151861,70.1888151861,70.1888151861,100,True,0,1,0.01,0.99,True,False,,False,0,0,534
calibration-tail-robustness-v1.0.0,10,100,TargetOnly,CONTEXT_CONDITIONAL,100,100,70.1888151861,70.1888151861,70.1888151861,100,True,0,1,0.01,0.99,True,False,,False,0,0,534
calibration-tail-robustness-v1.0.0,10,100,TargetOnly,TRIMMED_SENSITIVITY,100,100,38.7866506844,38.7866506844,38.7866506844,99,True,1,1,0.04,0.96,False,False,,False,0,0,534
calibration-tail-robustness-v1.0.0,10,100,TargetOnly,MAX_SCORE,all,119,70.1888151861,70.1888151861,70.1888151861,119,False,0,1,0.01,0.99,True,False,,False,0,0,534
calibration-tail-robustness-v1.0.0,10,100,TargetOnly,FINITE_SAMPLE,all,119,70.1888151861,70.1888151861,70.1888151861,119,True,0,1,0.01,0.99,True,False,,False,0,0,534
calibration-tail-robustness-v1.0.0,10,100,TargetOnly,CONTEXT_CONDITIONAL,all,119,38.7866506844,38.7866506844,70.1888151861,100,True,0,1,0.04,0.96,False,False,,False,0,0,534
calibration-tail-robustness-v1.0.0,10,100,TargetOnly,TRIMMED_SENSITIVITY,all,119,38.7866506844,38.7866506844,38.7866506844,118,True,1,1,0.04,0.96,False,False,,False,0,0,534
calibration-tail-robustness-v1.0.0,10,100,RACE,MAX_SCORE,100,100,29.254182834,29.254182834,29.254182834,100,False,0,1,0.03,0.97,False,False,,False,0,0,542
calibration-tail-robustness-v1.0.0,10,100,RACE,FINITE_SAMPLE,100,100,29.254182834,29.254182834,29.254182834,100,True,0,1,0.03,0.97,False,False,,False,0,0,542
calibration-tail-robustness-v1.0.0,10,100,RACE,CONTEXT_CONDITIONAL,100,100,29.254182834,29.254182834,29.254182834,100,True,0,1,0.03,0.97,False,False,,False,0,0,542
calibration-tail-robustness-v1.0.0,10,100,RACE,TRIMMED_SENSITIVITY,100,100,27.3297046507,27.3297046507,27.3297046507,99,True,1,1,0.03,0.97,False,False,,False,0,0,542
calibration-tail-robustness-v1.0.0,10,100,RACE,MAX_SCORE,all,119,29.254182834,29.254182834,29.254182834,119,False,0,1,0.03,0.97,False,False,,False,0,0,542
calibration-tail-robustness-v1.0.0,10,100,RACE,FINITE_SAMPLE,all,119,29.254182834,29.254182834,29.254182834,119,True,0,1,0.03,0.97,False,False,,False,0,0,542
calibration-tail-robustness-v1.0.0,10,100,RACE,CONTEXT_CONDITIONAL,all,119,27.3297046507,27.3297046507,29.254182834,100,True,0,1,0.03,0.97,False,False,,False,0,0,542
calibration-tail-robustness-v1.0.0,10,100,RACE,TRIMMED_SENSITIVITY,all,119,27.3297046507,27.3297046507,27.3297046507,118,True,1,1,0.03,0.97,False,False,,False,0,0,542
calibration-tail-robustness-v1.0.0,11,10,TargetOnly,MAX_SCORE,100,100,17642.4414755,17642.4414755,17642.4414755,100,False,0,0.581456953642,0.04,0.96,False,False,,False,0,0,529
calibration-tail-robustness-v1.0.0,11,10,TargetOnly,FINITE_SAMPLE,100,100,17642.4414755,17642.4414755,17642.4414755,100,True,0,0.581456953642,0.04,0.96,False,False,,False,0,0,529
calibration-tail-robustness-v1.0.0,11,10,TargetOnly,CONTEXT_CONDITIONAL,100,100,17642.4414755,17642.4414755,17642.4414755,100,True,0,0.581456953642,0.04,0.96,False,False,,False,0,0,529
calibration-tail-robustness-v1.0.0,11,10,TargetOnly,TRIMMED_SENSITIVITY,100,100,17642.3805911,17642.3805911,17642.3805911,99,True,1,0.582781456954,0.04,0.96,False,False,,False,0,0,529
calibration-tail-robustness-v1.0.0,11,10,TargetOnly,MAX_SCORE,all,119,17642.553033,17642.553033,17642.553033,119,False,0,0.57880794702,0.04,0.96,False,False,,False,0,0,529
calibration-tail-robustness-v1.0.0,11,10,TargetOnly,FINITE_SAMPLE,all,119,17642.553033,17642.553033,17642.553033,119,True,0,0.57880794702,0.04,0.96,False,False,,False,0,0,529
calibration-tail-robustness-v1.0.0,11,10,TargetOnly,CONTEXT_CONDITIONAL,all,119,17642.553033,17642.553033,17642.553033,100,True,0,0.57880794702,0.04,0.96,False,False,,False,0,0,529
calibration-tail-robustness-v1.0.0,11,10,TargetOnly,TRIMMED_SENSITIVITY,all,119,17642.4414755,17642.4414755,17642.4414755,118,True,1,0.581456953642,0.04,0.96,False,False,,False,0,0,529
calibration-tail-robustness-v1.0.0,11,10,RACE,MAX_SCORE,100,100,37.8730181999,37.8730181999,37.8730181999,100,False,0,0.700662251656,0.03,0.97,False,False,,False,0,0,542
calibration-tail-robustness-v1.0.0,11,10,RACE,FINITE_SAMPLE,100,100,37.8730181999,37.8730181999,37.8730181999,100,True,0,0.700662251656,0.03,0.97,False,False,,False,0,0,542
calibration-tail-robustness-v1.0.0,11,10,RACE,CONTEXT_CONDITIONAL,100,100,37.8730181999,37.8730181999,37.8730181999,100,True,0,0.700662251656,0.03,0.97,False,False,,False,0,0,542
calibration-tail-robustness-v1.0.0,11,10,RACE,TRIMMED_SENSITIVITY,100,100,33.6549124103,33.6549124103,33.6549124103,99,True,1,0.864900662252,0.04,0.96,False,False,,False,0,0,542
calibration-tail-robustness-v1.0.0,11,10,RACE,MAX_SCORE,all,119,37.8730181999,37.8730181999,37.8730181999,119,False,0,0.700662251656,0.03,0.97,False,False,,False,0,0,542
calibration-tail-robustness-v1.0.0,11,10,RACE,FINITE_SAMPLE,all,119,37.8730181999,37.8730181999,37.8730181999,119,True,0,0.700662251656,0.03,0.97,False,False,,False,0,0,542
calibration-tail-robustness-v1.0.0,11,10,RACE,CONTEXT_CONDITIONAL,all,119,33.6549124103,33.6549124103,37.8730181999,100,True,0,0.86357615894,0.04,0.96,False,False,,False,0,0,542
calibration-tail-robustness-v1.0.0,11,10,RACE,TRIMMED_SENSITIVITY,all,119,33.6549124103,33.6549124103,33.6549124103,118,True,1,0.864900662252,0.04,0.96,False,False,,False,0,0,542
calibration-tail-robustness-v1.0.0,11,25,TargetOnly,MAX_SCORE,100,100,19848.090674,19848.090674,19848.090674,100,False,0,0.61059602649,0.03,0.97,False,False,,False,0,0,531
calibration-tail-robustness-v1.0.0,11,25,TargetOnly,FINITE_SAMPLE,100,100,19848.090674,19848.090674,19848.090674,100,True,0,0.61059602649,0.03,0.97,False,False,,False,0,0,531
calibration-tail-robustness-v1.0.0,11,25,TargetOnly,CONTEXT_CONDITIONAL,100,100,19848.090674,19848.090674,19848.090674,100,True,0,0.61059602649,0.03,0.97,False,False,,False,0,0,531
calibration-tail-robustness-v1.0.0,11,25,TargetOnly,TRIMMED_SENSITIVITY,100,100,19847.8834449,19847.8834449,19847.8834449,99,True,1,0.61059602649,0.03,0.97,False,False,,False,0,0,531
calibration-tail-robustness-v1.0.0,11,25,TargetOnly,MAX_SCORE,all,119,19848.090674,19848.090674,19848.090674,119,False,0,0.61059602649,0.03,0.97,False,False,,False,0,0,531
calibration-tail-robustness-v1.0.0,11,25,TargetOnly,FINITE_SAMPLE,all,119,19848.090674,19848.090674,19848.090674,119,True,0,0.61059602649,0.03,0.97,False,False,,False,0,0,531
calibration-tail-robustness-v1.0.0,11,25,TargetOnly,CONTEXT_CONDITIONAL,all,119,19848.090674,19847.8834449,19848.090674,100,True,0,0.61059602649,0.03,0.97,False,False,,False,0,0,531
calibration-tail-robustness-v1.0.0,11,25,TargetOnly,TRIMMED_SENSITIVITY,all,119,19847.8834449,19847.8834449,19847.8834449,118,True,1,0.61059602649,0.03,0.97,False,False,,False,0,0,531
calibration-tail-robustness-v1.0.0,11,25,RACE,MAX_SCORE,100,100,32.0339550152,32.0339550152,32.0339550152,100,False,0,0.883443708609,0.02,0.98,False,False,,False,0,0,542
calibration-tail-robustness-v1.0.0,11,25,RACE,FINITE_SAMPLE,100,100,32.0339550152,32.0339550152,32.0339550152,100,True,0,0.883443708609,0.02,0.98,False,False,,False,0,0,542
calibration-tail-robustness-v1.0.0,11,25,RACE,CONTEXT_CONDITIONAL,100,100,32.0339550152,32.0339550152,32.0339550152,100,True,0,0.883443708609,0.02,0.98,False,False,,False,0,0,542
calibration-tail-robustness-v1.0.0,11,25,RACE,TRIMMED_SENSITIVITY,100,100,27.5907405279,27.5907405279,27.5907405279,99,True,1,0.997350993377,0.06,0.94,False,False,,False,0,0,542
calibration-tail-robustness-v1.0.0,11,25,RACE,MAX_SCORE,all,119,32.0339550152,32.0339550152,32.0339550152,119,False,0,0.883443708609,0.02,0.98,False,False,,False,0,0,542
calibration-tail-robustness-v1.0.0,11,25,RACE,FINITE_SAMPLE,all,119,32.0339550152,32.0339550152,32.0339550152,119,True,0,0.883443708609,0.02,0.98,False,False,,False,0,0,542
calibration-tail-robustness-v1.0.0,11,25,RACE,CONTEXT_CONDITIONAL,all,119,27.5907405279,27.5567931211,32.0339550152,100,True,0,0.996026490066,0.06,0.94,False,False,,False,0,0,542
calibration-tail-robustness-v1.0.0,11,25,RACE,TRIMMED_SENSITIVITY,all,119,27.5907405279,27.5907405279,27.5907405279,118,True,1,0.997350993377,0.06,0.94,False,False,,False,0,0,542
calibration-tail-robustness-v1.0.0,11,50,TargetOnly,MAX_SCORE,100,100,106.901479039,106.901479039,106.901479039,100,False,0,1,0.01,0.99,True,False,,False,0,0,534
calibration-tail-robustness-v1.0.0,11,50,TargetOnly,FINITE_SAMPLE,100,100,106.901479039,106.901479039,106.901479039,100,True,0,1,0.01,0.99,True,False,,False,0,0,534
calibration-tail-robustness-v1.0.0,11,50,TargetOnly,CONTEXT_CONDITIONAL,100,100,106.901479039,106.901479039,106.901479039,100,True,0,1,0.01,0.99,True,False,,False,0,0,534
calibration-tail-robustness-v1.0.0,11,50,TargetOnly,TRIMMED_SENSITIVITY,100,100,38.3497614893,38.3497614893,38.3497614893,99,True,1,1,0.03,0.97,False,False,,False,0,0,534
calibration-tail-robustness-v1.0.0,11,50,TargetOnly,MAX_SCORE,all,119,106.901479039,106.901479039,106.901479039,119,False,0,1,0.01,0.99,True,False,,False,0,0,534
calibration-tail-robustness-v1.0.0,11,50,TargetOnly,FINITE_SAMPLE,all,119,106.901479039,106.901479039,106.901479039,119,True,0,1,0.01,0.99,True,False,,False,0,0,534
calibration-tail-robustness-v1.0.0,11,50,TargetOnly,CONTEXT_CONDITIONAL,all,119,37.3755578912,37.3755578912,106.901479039,100,True,0,1,0.03,0.97,False,False,,False,0,0,534
calibration-tail-robustness-v1.0.0,11,50,TargetOnly,TRIMMED_SENSITIVITY,all,119,38.3497614893,38.3497614893,38.3497614893,118,True,1,1,0.03,0.97,False,False,,False,0,0,534
calibration-tail-robustness-v1.0.0,11,50,RACE,MAX_SCORE,100,100,31.5229196636,31.5229196636,31.5229196636,100,False,0,0.984105960265,0.03,0.97,False,False,,False,0,0,542
calibration-tail-robustness-v1.0.0,11,50,RACE,FINITE_SAMPLE,100,100,31.5229196636,31.5229196636,31.5229196636,100,True,0,0.984105960265,0.03,0.97,False,False,,False,0,0,542
calibration-tail-robustness-v1.0.0,11,50,RACE,CONTEXT_CONDITIONAL,100,100,31.5229196636,31.5229196636,31.5229196636,100,True,0,0.984105960265,0.03,0.97,False,False,,False,0,0,542
calibration-tail-robustness-v1.0.0,11,50,RACE,TRIMMED_SENSITIVITY,100,100,26.2812711291,26.2812711291,26.2812711291,99,True,1,1,0.06,0.94,False,False,,False,0,0,542
calibration-tail-robustness-v1.0.0,11,50,RACE,MAX_SCORE,all,119,31.5229196636,31.5229196636,31.5229196636,119,False,0,0.984105960265,0.03,0.97,False,False,,False,0,0,542
calibration-tail-robustness-v1.0.0,11,50,RACE,FINITE_SAMPLE,all,119,31.5229196636,31.5229196636,31.5229196636,119,True,0,0.984105960265,0.03,0.97,False,False,,False,0,0,542
calibration-tail-robustness-v1.0.0,11,50,RACE,CONTEXT_CONDITIONAL,all,119,26.2812711291,25.797991882,31.5229196636,100,True,0,1,0.06,0.94,False,False,,False,0,0,542
calibration-tail-robustness-v1.0.0,11,50,RACE,TRIMMED_SENSITIVITY,all,119,26.2812711291,26.2812711291,26.2812711291,118,True,1,1,0.06,0.94,False,False,,False,0,0,542
calibration-tail-robustness-v1.0.0,11,100,TargetOnly,MAX_SCORE,100,100,78.2040475218,78.2040475218,78.2040475218,100,False,0,1,0.01,0.99,True,False,,False,0,0,534
calibration-tail-robustness-v1.0.0,11,100,TargetOnly,FINITE_SAMPLE,100,100,78.2040475218,78.2040475218,78.2040475218,100,True,0,1,0.01,0.99,True,False,,False,0,0,534
calibration-tail-robustness-v1.0.0,11,100,TargetOnly,CONTEXT_CONDITIONAL,100,100,78.2040475218,78.2040475218,78.2040475218,100,True,0,1,0.01,0.99,True,False,,False,0,0,534
calibration-tail-robustness-v1.0.0,11,100,TargetOnly,TRIMMED_SENSITIVITY,100,100,40.7112465334,40.7112465334,40.7112465334,99,True,1,1,0.02,0.98,False,False,,False,0,0,534
calibration-tail-robustness-v1.0.0,11,100,TargetOnly,MAX_SCORE,all,119,78.2040475218,78.2040475218,78.2040475218,119,False,0,1,0.01,0.99,True,False,,False,0,0,534
calibration-tail-robustness-v1.0.0,11,100,TargetOnly,FINITE_SAMPLE,all,119,78.2040475218,78.2040475218,78.2040475218,119,True,0,1,0.01,0.99,True,False,,False,0,0,534
calibration-tail-robustness-v1.0.0,11,100,TargetOnly,CONTEXT_CONDITIONAL,all,119,39.2981771778,38.0617909726,78.2040475218,100,True,0,1,0.02,0.98,False,False,,False,0,0,534
calibration-tail-robustness-v1.0.0,11,100,TargetOnly,TRIMMED_SENSITIVITY,all,119,40.7112465334,40.7112465334,40.7112465334,118,True,1,1,0.02,0.98,False,False,,False,0,0,534
calibration-tail-robustness-v1.0.0,11,100,RACE,MAX_SCORE,100,100,32.5496386433,32.5496386433,32.5496386433,100,False,0,0.997350993377,0.04,0.96,False,False,,False,0,0,542
calibration-tail-robustness-v1.0.0,11,100,RACE,FINITE_SAMPLE,100,100,32.5496386433,32.5496386433,32.5496386433,100,True,0,0.997350993377,0.04,0.96,False,False,,False,0,0,542
calibration-tail-robustness-v1.0.0,11,100,RACE,CONTEXT_CONDITIONAL,100,100,32.5496386433,32.5496386433,32.5496386433,100,True,0,0.997350993377,0.04,0.96,False,False,,False,0,0,542
calibration-tail-robustness-v1.0.0,11,100,RACE,TRIMMED_SENSITIVITY,100,100,27.0754273981,27.0754273981,27.0754273981,99,True,1,1,0.06,0.94,False,False,,False,0,0,542
calibration-tail-robustness-v1.0.0,11,100,RACE,MAX_SCORE,all,119,32.5496386433,32.5496386433,32.5496386433,119,False,0,0.997350993377,0.04,0.96,False,False,,False,0,0,542
calibration-tail-robustness-v1.0.0,11,100,RACE,FINITE_SAMPLE,all,119,32.5496386433,32.5496386433,32.5496386433,119,True,0,0.997350993377,0.04,0.96,False,False,,False,0,0,542
calibration-tail-robustness-v1.0.0,11,100,RACE,CONTEXT_CONDITIONAL,all,119,27.0754273981,27.0754273981,32.5496386433,100,True,0,1,0.06,0.94,False,False,,False,0,0,542
calibration-tail-robustness-v1.0.0,11,100,RACE,TRIMMED_SENSITIVITY,all,119,27.0754273981,27.0754273981,27.0754273981,118,True,1,1,0.06,0.94,False,False,,False,0,0,542
calibration-tail-robustness-v1.0.0,12,10,TargetOnly,MAX_SCORE,100,100,24717.0698635,24717.0698635,24717.0698635,100,False,0,0.574834437086,0.01,0.99,False,False,,False,0,0,529
calibration-tail-robustness-v1.0.0,12,10,TargetOnly,FINITE_SAMPLE,100,100,24717.0698635,24717.0698635,24717.0698635,100,True,0,0.574834437086,0.01,0.99,False,False,,False,0,0,529
calibration-tail-robustness-v1.0.0,12,10,TargetOnly,CONTEXT_CONDITIONAL,100,100,24717.0698635,24717.0698635,24717.0698635,100,True,0,0.574834437086,0.01,0.99,False,False,,False,0,0,529
calibration-tail-robustness-v1.0.0,12,10,TargetOnly,TRIMMED_SENSITIVITY,100,100,24716.5508601,24716.5508601,24716.5508601,99,True,1,0.574834437086,0.03,0.97,False,False,,False,0,0,529
calibration-tail-robustness-v1.0.0,12,10,TargetOnly,MAX_SCORE,all,119,24717.0698635,24717.0698635,24717.0698635,119,False,0,0.574834437086,0.01,0.99,False,False,,False,0,0,529
calibration-tail-robustness-v1.0.0,12,10,TargetOnly,FINITE_SAMPLE,all,119,24717.0698635,24717.0698635,24717.0698635,119,True,0,0.574834437086,0.01,0.99,False,False,,False,0,0,529
calibration-tail-robustness-v1.0.0,12,10,TargetOnly,CONTEXT_CONDITIONAL,all,119,24717.0698635,24717.0698635,24717.0698635,100,True,0,0.574834437086,0.01,0.99,False,False,,False,0,0,529
calibration-tail-robustness-v1.0.0,12,10,TargetOnly,TRIMMED_SENSITIVITY,all,119,24716.7056565,24716.7056565,24716.7056565,118,True,1,0.574834437086,0.02,0.98,False,False,,False,0,0,529
calibration-tail-robustness-v1.0.0,12,10,RACE,MAX_SCORE,100,100,39.3532826112,39.3532826112,39.3532826112,100,False,0,0.694039735099,0.01,0.99,False,False,,False,0,0,542
calibration-tail-robustness-v1.0.0,12,10,RACE,FINITE_SAMPLE,100,100,39.3532826112,39.3532826112,39.3532826112,100,True,0,0.694039735099,0.01,0.99,False,False,,False,0,0,542
calibration-tail-robustness-v1.0.0,12,10,RACE,CONTEXT_CONDITIONAL,100,100,39.3532826112,39.3532826112,39.3532826112,100,True,0,0.694039735099,0.01,0.99,False,False,,False,0,0,542
calibration-tail-robustness-v1.0.0,12,10,RACE,TRIMMED_SENSITIVITY,100,100,38.0158196165,38.0158196165,38.0158196165,99,True,1,0.728476821192,0.05,0.95,False,False,,False,0,0,542
calibration-tail-robustness-v1.0.0,12,10,RACE,MAX_SCORE,all,119,56.9694604889,56.9694604889,56.9694604889,119,False,0,0.450331125828,0,1,False,False,,False,0,0,542
calibration-tail-robustness-v1.0.0,12,10,RACE,FINITE_SAMPLE,all,119,56.9694604889,56.9694604889,56.9694604889,119,True,0,0.450331125828,0,1,False,False,,False,0,0,542
calibration-tail-robustness-v1.0.0,12,10,RACE,CONTEXT_CONDITIONAL,all,119,56.9694604889,54.0994578066,56.9694604889,100,True,0,0.451655629139,0,1,False,False,,False,0,0,542
calibration-tail-robustness-v1.0.0,12,10,RACE,TRIMMED_SENSITIVITY,all,119,54.0994578066,54.0994578066,54.0994578066,118,True,1,0.484768211921,0,1,False,False,,False,0,0,542
calibration-tail-robustness-v1.0.0,12,25,TargetOnly,MAX_SCORE,100,100,53.9543050508,53.9543050508,53.9543050508,100,False,0,1,0.02,0.98,False,False,,False,0,0,532
calibration-tail-robustness-v1.0.0,12,25,TargetOnly,FINITE_SAMPLE,100,100,53.9543050508,53.9543050508,53.9543050508,100,True,0,1,0.02,0.98,False,False,,False,0,0,532
calibration-tail-robustness-v1.0.0,12,25,TargetOnly,CONTEXT_CONDITIONAL,100,100,53.9543050508,53.9543050508,53.9543050508,100,True,0,1,0.02,0.98,False,False,,False,0,0,532
calibration-tail-robustness-v1.0.0,12,25,TargetOnly,TRIMMED_SENSITIVITY,100,100,42.1919492289,42.1919492289,42.1919492289,99,True,1,1,0.02,0.98,False,False,,False,0,0,532
calibration-tail-robustness-v1.0.0,12,25,TargetOnly,MAX_SCORE,all,119,53.9543050508,53.9543050508,53.9543050508,119,False,0,1,0.02,0.98,False,False,,False,0,0,532
calibration-tail-robustness-v1.0.0,12,25,TargetOnly,FINITE_SAMPLE,all,119,53.9543050508,53.9543050508,53.9543050508,119,True,0,1,0.02,0.98,False,False,,False,0,0,532
calibration-tail-robustness-v1.0.0,12,25,TargetOnly,CONTEXT_CONDITIONAL,all,119,42.1919492289,42.1919492289,53.9543050508,100,True,0,1,0.02,0.98,False,False,,False,0,0,532
calibration-tail-robustness-v1.0.0,12,25,TargetOnly,TRIMMED_SENSITIVITY,all,119,42.1919492289,42.1919492289,42.1919492289,118,True,1,1,0.02,0.98,False,False,,False,0,0,532
calibration-tail-robustness-v1.0.0,12,25,RACE,MAX_SCORE,100,100,29.9727273285,29.9727273285,29.9727273285,100,False,0,0.984105960265,0.03,0.97,False,False,,False,0,0,542
calibration-tail-robustness-v1.0.0,12,25,RACE,FINITE_SAMPLE,100,100,29.9727273285,29.9727273285,29.9727273285,100,True,0,0.984105960265,0.03,0.97,False,False,,False,0,0,542
calibration-tail-robustness-v1.0.0,12,25,RACE,CONTEXT_CONDITIONAL,100,100,29.9727273285,29.9727273285,29.9727273285,100,True,0,0.984105960265,0.03,0.97,False,False,,False,0,0,542
calibration-tail-robustness-v1.0.0,12,25,RACE,TRIMMED_SENSITIVITY,100,100,28.6191942824,28.6191942824,28.6191942824,99,True,1,0.997350993377,0.07,0.93,False,False,,False,0,0,542
calibration-tail-robustness-v1.0.0,12,25,RACE,MAX_SCORE,all,119,55.7119451506,55.7119451506,55.7119451506,119,False,0,0.425165562914,0,1,False,False,,False,0,0,542
calibration-tail-robustness-v1.0.0,12,25,RACE,FINITE_SAMPLE,all,119,55.7119451506,55.7119451506,55.7119451506,119,True,0,0.425165562914,0,1,False,False,,False,0,0,542
calibration-tail-robustness-v1.0.0,12,25,RACE,CONTEXT_CONDITIONAL,all,119,55.7119451506,54.5740163854,55.7119451506,100,True,0,0.425165562914,0,1,False,False,,False,0,0,542
calibration-tail-robustness-v1.0.0,12,25,RACE,TRIMMED_SENSITIVITY,all,119,54.5740163854,54.5740163854,54.5740163854,118,True,1,0.434437086093,0,1,False,False,,False,0,0,542
calibration-tail-robustness-v1.0.0,12,50,TargetOnly,MAX_SCORE,100,100,61.2667442142,61.2667442142,61.2667442142,100,False,0,1,0.02,0.98,False,False,,False,0,0,533
calibration-tail-robustness-v1.0.0,12,50,TargetOnly,FINITE_SAMPLE,100,100,61.2667442142,61.2667442142,61.2667442142,100,True,0,1,0.02,0.98,False,False,,False,0,0,533
calibration-tail-robustness-v1.0.0,12,50,TargetOnly,CONTEXT_CONDITIONAL,100,100,61.2667442142,61.2667442142,61.2667442142,100,True,0,1,0.02,0.98,False,False,,False,0,0,533
calibration-tail-robustness-v1.0.0,12,50,TargetOnly,TRIMMED_SENSITIVITY,100,100,60.1063950023,60.1063950023,60.1063950023,99,True,1,1,0.02,0.98,False,False,,False,0,0,533
calibration-tail-robustness-v1.0.0,12,50,TargetOnly,MAX_SCORE,all,119,61.2667442142,61.2667442142,61.2667442142,119,False,0,1,0.02,0.98,False,False,,False,0,0,533
calibration-tail-robustness-v1.0.0,12,50,TargetOnly,FINITE_SAMPLE,all,119,61.2667442142,61.2667442142,61.2667442142,119,True,0,1,0.02,0.98,False,False,,False,0,0,533
calibration-tail-robustness-v1.0.0,12,50,TargetOnly,CONTEXT_CONDITIONAL,all,119,61.2667442142,60.1063950023,61.2667442142,100,True,0,1,0.02,0.98,False,False,,False,0,0,533
calibration-tail-robustness-v1.0.0,12,50,TargetOnly,TRIMMED_SENSITIVITY,all,119,60.1063950023,60.1063950023,60.1063950023,118,True,1,1,0.02,0.98,False,False,,False,0,0,533
calibration-tail-robustness-v1.0.0,12,50,RACE,MAX_SCORE,100,100,27.5808155116,27.5808155116,27.5808155116,100,False,0,1,0.03,0.97,False,False,,False,0,0,542
calibration-tail-robustness-v1.0.0,12,50,RACE,FINITE_SAMPLE,100,100,27.5808155116,27.5808155116,27.5808155116,100,True,0,1,0.03,0.97,False,False,,False,0,0,542
calibration-tail-robustness-v1.0.0,12,50,RACE,CONTEXT_CONDITIONAL,100,100,27.5808155116,27.5808155116,27.5808155116,100,True,0,1,0.03,0.97,False,False,,False,0,0,542
calibration-tail-robustness-v1.0.0,12,50,RACE,TRIMMED_SENSITIVITY,100,100,26.5588267022,26.5588267022,26.5588267022,99,True,1,1,0.03,0.97,False,False,,False,0,0,542
calibration-tail-robustness-v1.0.0,12,50,RACE,MAX_SCORE,all,119,60.7563508624,60.7563508624,60.7563508624,119,False,0,0.401324503311,0,1,False,False,,False,0,0,542
calibration-tail-robustness-v1.0.0,12,50,RACE,FINITE_SAMPLE,all,119,60.7563508624,60.7563508624,60.7563508624,119,True,0,0.401324503311,0,1,False,False,,False,0,0,542
calibration-tail-robustness-v1.0.0,12,50,RACE,CONTEXT_CONDITIONAL,all,119,60.7563508624,59.6073670652,60.7563508624,100,True,0,0.401324503311,0,1,False,False,,False,0,0,542
calibration-tail-robustness-v1.0.0,12,50,RACE,TRIMMED_SENSITIVITY,all,119,59.6073670652,59.6073670652,59.6073670652,118,True,1,0.414569536424,0,1,False,False,,False,0,0,542
calibration-tail-robustness-v1.0.0,12,100,TargetOnly,MAX_SCORE,100,100,67.4633099788,67.4633099788,67.4633099788,100,False,0,1,0.02,0.98,False,False,,False,0,0,534
calibration-tail-robustness-v1.0.0,12,100,TargetOnly,FINITE_SAMPLE,100,100,67.4633099788,67.4633099788,67.4633099788,100,True,0,1,0.02,0.98,False,False,,False,0,0,534
calibration-tail-robustness-v1.0.0,12,100,TargetOnly,CONTEXT_CONDITIONAL,100,100,67.4633099788,67.4633099788,67.4633099788,100,True,0,1,0.02,0.98,False,False,,False,0,0,534
calibration-tail-robustness-v1.0.0,12,100,TargetOnly,TRIMMED_SENSITIVITY,100,100,39.7357444062,39.7357444062,39.7357444062,99,True,1,1,0.03,0.97,False,False,,False,0,0,534
calibration-tail-robustness-v1.0.0,12,100,TargetOnly,MAX_SCORE,all,119,67.4633099788,67.4633099788,67.4633099788,119,False,0,1,0.02,0.98,False,False,,False,0,0,534
calibration-tail-robustness-v1.0.0,12,100,TargetOnly,FINITE_SAMPLE,all,119,67.4633099788,67.4633099788,67.4633099788,119,True,0,1,0.02,0.98,False,False,,False,0,0,534
calibration-tail-robustness-v1.0.0,12,100,TargetOnly,CONTEXT_CONDITIONAL,all,119,39.7357444062,39.4073338556,67.4633099788,100,True,0,1,0.03,0.97,False,False,,False,0,0,534
calibration-tail-robustness-v1.0.0,12,100,TargetOnly,TRIMMED_SENSITIVITY,all,119,39.7357444062,39.7357444062,39.7357444062,118,True,1,1,0.03,0.97,False,False,,False,0,0,534
calibration-tail-robustness-v1.0.0,12,100,RACE,MAX_SCORE,100,100,28.7584933682,28.7584933682,28.7584933682,100,False,0,1,0.03,0.97,False,False,,False,0,0,542
calibration-tail-robustness-v1.0.0,12,100,RACE,FINITE_SAMPLE,100,100,28.7584933682,28.7584933682,28.7584933682,100,True,0,1,0.03,0.97,False,False,,False,0,0,542
calibration-tail-robustness-v1.0.0,12,100,RACE,CONTEXT_CONDITIONAL,100,100,28.7584933682,28.7584933682,28.7584933682,100,True,0,1,0.03,0.97,False,False,,False,0,0,542
calibration-tail-robustness-v1.0.0,12,100,RACE,TRIMMED_SENSITIVITY,100,100,28.498239334,28.498239334,28.498239334,99,True,1,1,0.03,0.97,False,False,,False,0,0,542
calibration-tail-robustness-v1.0.0,12,100,RACE,MAX_SCORE,all,119,32.1238197882,32.1238197882,32.1238197882,119,False,0,0.997350993377,0.03,0.97,False,False,,False,0,0,542
calibration-tail-robustness-v1.0.0,12,100,RACE,FINITE_SAMPLE,all,119,32.1238197882,32.1238197882,32.1238197882,119,True,0,0.997350993377,0.03,0.97,False,False,,False,0,0,542
calibration-tail-robustness-v1.0.0,12,100,RACE,CONTEXT_CONDITIONAL,all,119,32.1238197882,30.267299566,32.1238197882,100,True,0,0.997350993377,0.03,0.97,False,False,,False,0,0,542
calibration-tail-robustness-v1.0.0,12,100,RACE,TRIMMED_SENSITIVITY,all,119,30.267299566,30.267299566,30.267299566,118,True,1,0.998675496689,0.03,0.97,False,False,,False,0,0,542
calibration-tail-robustness-v1.0.0,13,10,TargetOnly,MAX_SCORE,100,100,63.2051886452,63.2051886452,63.2051886452,100,False,0,1,0,1,True,False,,False,0,0,528
calibration-tail-robustness-v1.0.0,13,10,TargetOnly,FINITE_SAMPLE,100,100,63.2051886452,63.2051886452,63.2051886452,100,True,0,1,0,1,True,False,,False,0,0,528
calibration-tail-robustness-v1.0.0,13,10,TargetOnly,CONTEXT_CONDITIONAL,100,100,63.2051886452,63.2051886452,63.2051886452,100,True,0,1,0,1,True,False,,False,0,0,528
calibration-tail-robustness-v1.0.0,13,10,TargetOnly,TRIMMED_SENSITIVITY,100,100,40.0203803252,40.0203803252,40.0203803252,99,True,1,1,0,1,True,False,,False,0,0,528
calibration-tail-robustness-v1.0.0,13,10,TargetOnly,MAX_SCORE,all,119,63.2051886452,63.2051886452,63.2051886452,119,False,0,1,0,1,True,False,,False,0,0,528
calibration-tail-robustness-v1.0.0,13,10,TargetOnly,FINITE_SAMPLE,all,119,63.2051886452,63.2051886452,63.2051886452,119,True,0,1,0,1,True,False,,False,0,0,528
calibration-tail-robustness-v1.0.0,13,10,TargetOnly,CONTEXT_CONDITIONAL,all,119,40.0203803252,40.0203803252,63.2051886452,100,True,0,1,0,1,True,False,,False,0,0,528
calibration-tail-robustness-v1.0.0,13,10,TargetOnly,TRIMMED_SENSITIVITY,all,119,41.8505575383,41.8505575383,41.8505575383,118,True,1,1,0,1,True,False,,False,0,0,528
calibration-tail-robustness-v1.0.0,13,10,RACE,MAX_SCORE,100,100,55.5854067446,55.5854067446,55.5854067446,100,False,0,0.451655629139,0.01,0.99,False,False,,False,0,0,542
calibration-tail-robustness-v1.0.0,13,10,RACE,FINITE_SAMPLE,100,100,55.5854067446,55.5854067446,55.5854067446,100,True,0,0.451655629139,0.01,0.99,False,False,,False,0,0,542
calibration-tail-robustness-v1.0.0,13,10,RACE,CONTEXT_CONDITIONAL,100,100,55.5854067446,55.5854067446,55.5854067446,100,True,0,0.451655629139,0.01,0.99,False,False,,False,0,0,542
calibration-tail-robustness-v1.0.0,13,10,RACE,TRIMMED_SENSITIVITY,100,100,39.969953554,39.969953554,39.969953554,99,True,1,0.641059602649,0.02,0.98,False,False,,False,0,0,542
calibration-tail-robustness-v1.0.0,13,10,RACE,MAX_SCORE,all,119,55.5854067446,55.5854067446,55.5854067446,119,False,0,0.451655629139,0.01,0.99,False,False,,False,0,0,542
calibration-tail-robustness-v1.0.0,13,10,RACE,FINITE_SAMPLE,all,119,55.5854067446,55.5854067446,55.5854067446,119,True,0,0.451655629139,0.01,0.99,False,False,,False,0,0,542
calibration-tail-robustness-v1.0.0,13,10,RACE,CONTEXT_CONDITIONAL,all,119,55.5854067446,39.969953554,55.5854067446,100,True,0,0.451655629139,0.01,0.99,False,False,,False,0,0,542
calibration-tail-robustness-v1.0.0,13,10,RACE,TRIMMED_SENSITIVITY,all,119,39.969953554,39.969953554,39.969953554,118,True,1,0.641059602649,0.02,0.98,False,False,,False,0,0,542
calibration-tail-robustness-v1.0.0,13,25,TargetOnly,MAX_SCORE,100,100,69.3461883959,69.3461883959,69.3461883959,100,False,0,1,0,1,True,False,,False,0,0,529
calibration-tail-robustness-v1.0.0,13,25,TargetOnly,FINITE_SAMPLE,100,100,69.3461883959,69.3461883959,69.3461883959,100,True,0,1,0,1,True,False,,False,0,0,529
calibration-tail-robustness-v1.0.0,13,25,TargetOnly,CONTEXT_CONDITIONAL,100,100,69.3461883959,69.3461883959,69.3461883959,100,True,0,1,0,1,True,False,,False,0,0,529
calibration-tail-robustness-v1.0.0,13,25,TargetOnly,TRIMMED_SENSITIVITY,100,100,38.2748414967,38.2748414967,38.2748414967,99,True,1,1,0.01,0.99,True,False,,False,0,0,529
calibration-tail-robustness-v1.0.0,13,25,TargetOnly,MAX_SCORE,all,119,69.3461883959,69.3461883959,69.3461883959,119,False,0,1,0,1,True,False,,False,0,0,529
calibration-tail-robustness-v1.0.0,13,25,TargetOnly,FINITE_SAMPLE,all,119,69.3461883959,69.3461883959,69.3461883959,119,True,0,1,0,1,True,False,,False,0,0,529
calibration-tail-robustness-v1.0.0,13,25,TargetOnly,CONTEXT_CONDITIONAL,all,119,42.8548615513,38.2748414967,69.3461883959,100,True,0,1,0.01,0.99,True,False,,False,0,0,529
calibration-tail-robustness-v1.0.0,13,25,TargetOnly,TRIMMED_SENSITIVITY,all,119,42.8548615513,42.8548615513,42.8548615513,118,True,1,1,0.01,0.99,True,False,,False,0,0,529
calibration-tail-robustness-v1.0.0,13,25,RACE,MAX_SCORE,100,100,56.4086817097,56.4086817097,56.4086817097,100,False,0,0.429139072848,0.01,0.99,False,False,,False,0,0,542
calibration-tail-robustness-v1.0.0,13,25,RACE,FINITE_SAMPLE,100,100,56.4086817097,56.4086817097,56.4086817097,100,True,0,0.429139072848,0.01,0.99,False,False,,False,0,0,542
calibration-tail-robustness-v1.0.0,13,25,RACE,CONTEXT_CONDITIONAL,100,100,56.4086817097,56.4086817097,56.4086817097,100,True,0,0.429139072848,0.01,0.99,False,False,,False,0,0,542
calibration-tail-robustness-v1.0.0,13,25,RACE,TRIMMED_SENSITIVITY,100,100,34.9447822276,34.9447822276,34.9447822276,99,True,1,0.8,0.02,0.98,False,False,,False,0,0,542
calibration-tail-robustness-v1.0.0,13,25,RACE,MAX_SCORE,all,119,56.4086817097,56.4086817097,56.4086817097,119,False,0,0.429139072848,0.01,0.99,False,False,,False,0,0,542
calibration-tail-robustness-v1.0.0,13,25,RACE,FINITE_SAMPLE,all,119,56.4086817097,56.4086817097,56.4086817097,119,True,0,0.429139072848,0.01,0.99,False,False,,False,0,0,542
calibration-tail-robustness-v1.0.0,13,25,RACE,CONTEXT_CONDITIONAL,all,119,56.4086817097,34.9447822276,56.4086817097,100,True,0,0.429139072848,0.01,0.99,False,False,,False,0,0,542
calibration-tail-robustness-v1.0.0,13,25,RACE,TRIMMED_SENSITIVITY,all,119,34.9447822276,34.9447822276,34.9447822276,118,True,1,0.8,0.02,0.98,False,False,,False,0,0,542
calibration-tail-robustness-v1.0.0,13,50,TargetOnly,MAX_SCORE,100,100,64.7752385946,64.7752385946,64.7752385946,100,False,0,1,0,1,True,False,,False,0,0,532
calibration-tail-robustness-v1.0.0,13,50,TargetOnly,FINITE_SAMPLE,100,100,64.7752385946,64.7752385946,64.7752385946,100,True,0,1,0,1,True,False,,False,0,0,532
calibration-tail-robustness-v1.0.0,13,50,TargetOnly,CONTEXT_CONDITIONAL,100,100,64.7752385946,64.7752385946,64.7752385946,100,True,0,1,0,1,True,False,,False,0,0,532
calibration-tail-robustness-v1.0.0,13,50,TargetOnly,TRIMMED_SENSITIVITY,100,100,38.5728035475,38.5728035475,38.5728035475,99,True,1,1,0.02,0.98,False,False,,False,0,0,532
calibration-tail-robustness-v1.0.0,13,50,TargetOnly,MAX_SCORE,all,119,64.7752385946,64.7752385946,64.7752385946,119,False,0,1,0,1,True,False,,False,0,0,532
calibration-tail-robustness-v1.0.0,13,50,TargetOnly,FINITE_SAMPLE,all,119,64.7752385946,64.7752385946,64.7752385946,119,True,0,1,0,1,True,False,,False,0,0,532
calibration-tail-robustness-v1.0.0,13,50,TargetOnly,CONTEXT_CONDITIONAL,all,119,42.2379072707,38.5728035475,64.7752385946,100,True,0,1,0,1,True,False,,False,0,0,532
calibration-tail-robustness-v1.0.0,13,50,TargetOnly,TRIMMED_SENSITIVITY,all,119,42.2379072707,42.2379072707,42.2379072707,118,True,1,1,0,1,True,False,,False,0,0,532
calibration-tail-robustness-v1.0.0,13,50,RACE,MAX_SCORE,100,100,60.5683845013,60.5683845013,60.5683845013,100,False,0,0.402649006623,0.01,0.99,False,False,,False,0,0,542
calibration-tail-robustness-v1.0.0,13,50,RACE,FINITE_SAMPLE,100,100,60.5683845013,60.5683845013,60.5683845013,100,True,0,0.402649006623,0.01,0.99,False,False,,False,0,0,542
calibration-tail-robustness-v1.0.0,13,50,RACE,CONTEXT_CONDITIONAL,100,100,60.5683845013,60.5683845013,60.5683845013,100,True,0,0.402649006623,0.01,0.99,False,False,,False,0,0,542
calibration-tail-robustness-v1.0.0,13,50,RACE,TRIMMED_SENSITIVITY,100,100,32.2053752987,32.2053752987,32.2053752987,99,True,1,0.973509933775,0.02,0.98,False,False,,False,0,0,542
calibration-tail-robustness-v1.0.0,13,50,RACE,MAX_SCORE,all,119,60.5683845013,60.5683845013,60.5683845013,119,False,0,0.402649006623,0.01,0.99,False,False,,False,0,0,542
calibration-tail-robustness-v1.0.0,13,50,RACE,FINITE_SAMPLE,all,119,60.5683845013,60.5683845013,60.5683845013,119,True,0,0.402649006623,0.01,0.99,False,False,,False,0,0,542
calibration-tail-robustness-v1.0.0,13,50,RACE,CONTEXT_CONDITIONAL,all,119,60.5683845013,32.2053752987,60.5683845013,100,True,0,0.402649006623,0.01,0.99,False,False,,False,0,0,542
calibration-tail-robustness-v1.0.0,13,50,RACE,TRIMMED_SENSITIVITY,all,119,32.2053752987,32.2053752987,32.2053752987,118,True,1,0.973509933775,0.02,0.98,False,False,,False,0,0,542
calibration-tail-robustness-v1.0.0,13,100,TargetOnly,MAX_SCORE,100,100,41.7553276968,41.7553276968,41.7553276968,100,False,0,1,0,1,True,False,,False,0,0,533
calibration-tail-robustness-v1.0.0,13,100,TargetOnly,FINITE_SAMPLE,100,100,41.7553276968,41.7553276968,41.7553276968,100,True,0,1,0,1,True,False,,False,0,0,533
calibration-tail-robustness-v1.0.0,13,100,TargetOnly,CONTEXT_CONDITIONAL,100,100,41.7553276968,41.7553276968,41.7553276968,100,True,0,1,0,1,True,False,,False,0,0,533
calibration-tail-robustness-v1.0.0,13,100,TargetOnly,TRIMMED_SENSITIVITY,100,100,38.6039441528,38.6039441528,38.6039441528,99,True,1,1,0.01,0.99,True,False,,False,0,0,533
calibration-tail-robustness-v1.0.0,13,100,TargetOnly,MAX_SCORE,all,119,41.7553276968,41.7553276968,41.7553276968,119,False,0,1,0,1,True,False,,False,0,0,533
calibration-tail-robustness-v1.0.0,13,100,TargetOnly,FINITE_SAMPLE,all,119,41.7553276968,41.7553276968,41.7553276968,119,True,0,1,0,1,True,False,,False,0,0,533
calibration-tail-robustness-v1.0.0,13,100,TargetOnly,CONTEXT_CONDITIONAL,all,119,39.5800909055,36.9724642772,41.7553276968,100,True,0,1,0.01,0.99,True,False,,False,0,0,533
calibration-tail-robustness-v1.0.0,13,100,TargetOnly,TRIMMED_SENSITIVITY,all,119,39.5800909055,39.5800909055,39.5800909055,118,True,1,1,0.01,0.99,True,False,,False,0,0,533
calibration-tail-robustness-v1.0.0,13,100,RACE,MAX_SCORE,100,100,32.8913631989,32.8913631989,32.8913631989,100,False,0,0.98940397351,0,1,True,False,,False,0,0,542
calibration-tail-robustness-v1.0.0,13,100,RACE,FINITE_SAMPLE,100,100,32.8913631989,32.8913631989,32.8913631989,100,True,0,0.98940397351,0,1,True,False,,False,0,0,542
calibration-tail-robustness-v1.0.0,13,100,RACE,CONTEXT_CONDITIONAL,100,100,32.8913631989,32.8913631989,32.8913631989,100,True,0,0.98940397351,0,1,True,False,,False,0,0,542
calibration-tail-robustness-v1.0.0,13,100,RACE,TRIMMED_SENSITIVITY,100,100,30.7739645845,30.7739645845,30.7739645845,99,True,1,0.998675496689,0.01,0.99,True,False,,False,0,0,542
calibration-tail-robustness-v1.0.0,13,100,RACE,MAX_SCORE,all,119,32.8913631989,32.8913631989,32.8913631989,119,False,0,0.98940397351,0,1,True,False,,False,0,0,542
calibration-tail-robustness-v1.0.0,13,100,RACE,FINITE_SAMPLE,all,119,32.8913631989,32.8913631989,32.8913631989,119,True,0,0.98940397351,0,1,True,False,,False,0,0,542
calibration-tail-robustness-v1.0.0,13,100,RACE,CONTEXT_CONDITIONAL,all,119,32.8913631989,30.7739645845,32.8913631989,100,True,0,0.98940397351,0,1,True,False,,False,0,0,542
calibration-tail-robustness-v1.0.0,13,100,RACE,TRIMMED_SENSITIVITY,all,119,30.7739645845,30.7739645845,30.7739645845,118,True,1,0.998675496689,0.01,0.99,True,False,,False,0,0,542
calibration-tail-robustness-v1.0.0,14,10,TargetOnly,MAX_SCORE,100,100,22539.2331306,22539.2331306,22539.2331306,100,False,0,0.55761589404,0,1,False,False,,False,0,0,528
calibration-tail-robustness-v1.0.0,14,10,TargetOnly,FINITE_SAMPLE,100,100,22539.2331306,22539.2331306,22539.2331306,100,True,0,0.55761589404,0,1,False,False,,False,0,0,528
calibration-tail-robustness-v1.0.0,14,10,TargetOnly,CONTEXT_CONDITIONAL,100,100,22539.2331306,22539.2331306,22539.2331306,100,True,0,0.55761589404,0,1,False,False,,False,0,0,528
calibration-tail-robustness-v1.0.0,14,10,TargetOnly,TRIMMED_SENSITIVITY,100,100,22539.2282249,22539.2282249,22539.2282249,99,True,1,0.558940397351,0,1,False,False,,False,0,0,528
calibration-tail-robustness-v1.0.0,14,10,TargetOnly,MAX_SCORE,all,119,22539.2331306,22539.2331306,22539.2331306,119,False,0,0.55761589404,0,1,False,False,,False,0,0,528
calibration-tail-robustness-v1.0.0,14,10,TargetOnly,FINITE_SAMPLE,all,119,22539.2331306,22539.2331306,22539.2331306,119,True,0,0.55761589404,0,1,False,False,,False,0,0,528
calibration-tail-robustness-v1.0.0,14,10,TargetOnly,CONTEXT_CONDITIONAL,all,119,22539.2282249,22538.0117013,22539.2331306,100,True,0,0.564238410596,0,1,False,False,,False,0,0,528
calibration-tail-robustness-v1.0.0,14,10,TargetOnly,TRIMMED_SENSITIVITY,all,119,22539.2282249,22539.2282249,22539.2282249,118,True,1,0.558940397351,0,1,False,False,,False,0,0,528
calibration-tail-robustness-v1.0.0,14,10,RACE,MAX_SCORE,100,100,53.9211252886,53.9211252886,53.9211252886,100,False,0,0.405298013245,0,1,False,False,,False,0,0,542
calibration-tail-robustness-v1.0.0,14,10,RACE,FINITE_SAMPLE,100,100,53.9211252886,53.9211252886,53.9211252886,100,True,0,0.405298013245,0,1,False,False,,False,0,0,542
calibration-tail-robustness-v1.0.0,14,10,RACE,CONTEXT_CONDITIONAL,100,100,53.9211252886,53.9211252886,53.9211252886,100,True,0,0.405298013245,0,1,False,False,,False,0,0,542
calibration-tail-robustness-v1.0.0,14,10,RACE,TRIMMED_SENSITIVITY,100,100,53.2524237633,53.2524237633,53.2524237633,99,True,1,0.417218543046,0,1,False,False,,False,0,0,542
calibration-tail-robustness-v1.0.0,14,10,RACE,MAX_SCORE,all,119,53.9211252886,53.9211252886,53.9211252886,119,False,0,0.405298013245,0,1,False,False,,False,0,0,542
calibration-tail-robustness-v1.0.0,14,10,RACE,FINITE_SAMPLE,all,119,53.9211252886,53.9211252886,53.9211252886,119,True,0,0.405298013245,0,1,False,False,,False,0,0,542
calibration-tail-robustness-v1.0.0,14,10,RACE,CONTEXT_CONDITIONAL,all,119,53.9211252886,30.9615156738,53.9211252886,100,True,0,0.405298013245,0,1,False,False,,False,0,0,542
calibration-tail-robustness-v1.0.0,14,10,RACE,TRIMMED_SENSITIVITY,all,119,53.2524237633,53.2524237633,53.2524237633,118,True,1,0.417218543046,0,1,False,False,,False,0,0,542
calibration-tail-robustness-v1.0.0,14,25,TargetOnly,MAX_SCORE,100,100,23591.7656658,23591.7656658,23591.7656658,100,False,0,0.426490066225,0,1,False,False,,False,0,0,532
calibration-tail-robustness-v1.0.0,14,25,TargetOnly,FINITE_SAMPLE,100,100,23591.7656658,23591.7656658,23591.7656658,100,True,0,0.426490066225,0,1,False,False,,False,0,0,532
calibration-tail-robustness-v1.0.0,14,25,TargetOnly,CONTEXT_CONDITIONAL,100,100,23591.7656658,23591.7656658,23591.7656658,100,True,0,0.426490066225,0,1,False,False,,False,0,0,532
calibration-tail-robustness-v1.0.0,14,25,TargetOnly,TRIMMED_SENSITIVITY,100,100,23591.7062886,23591.7062886,23591.7062886,99,True,1,0.435761589404,0,1,False,False,,False,0,0,532
calibration-tail-robustness-v1.0.0,14,25,TargetOnly,MAX_SCORE,all,119,23592.1177887,23592.1177887,23592.1177887,119,False,0,0.386754966887,0,1,False,False,,False,0,0,532
calibration-tail-robustness-v1.0.0,14,25,TargetOnly,FINITE_SAMPLE,all,119,23592.1177887,23592.1177887,23592.1177887,119,True,0,0.386754966887,0,1,False,False,,False,0,0,532
calibration-tail-robustness-v1.0.0,14,25,TargetOnly,CONTEXT_CONDITIONAL,all,119,23592.1177887,23591.1618287,23592.1177887,100,True,0,0.407947019868,0,1,False,False,,False,0,0,532
calibration-tail-robustness-v1.0.0,14,25,TargetOnly,TRIMMED_SENSITIVITY,all,119,23591.7656658,23591.7656658,23591.7656658,118,True,1,0.426490066225,0,1,False,False,,False,0,0,532
calibration-tail-robustness-v1.0.0,14,25,RACE,MAX_SCORE,100,100,52.8021747104,52.8021747104,52.8021747104,100,False,0,0.4,0,1,False,False,,False,0,0,542
calibration-tail-robustness-v1.0.0,14,25,RACE,FINITE_SAMPLE,100,100,52.8021747104,52.8021747104,52.8021747104,100,True,0,0.4,0,1,False,False,,False,0,0,542
calibration-tail-robustness-v1.0.0,14,25,RACE,CONTEXT_CONDITIONAL,100,100,52.8021747104,52.8021747104,52.8021747104,100,True,0,0.4,0,1,False,False,,False,0,0,542
calibration-tail-robustness-v1.0.0,14,25,RACE,TRIMMED_SENSITIVITY,100,100,52.2496994551,52.2496994551,52.2496994551,99,True,1,0.403973509934,0,1,False,False,,False,0,0,542
calibration-tail-robustness-v1.0.0,14,25,RACE,MAX_SCORE,all,119,52.8021747104,52.8021747104,52.8021747104,119,False,0,0.4,0,1,False,False,,False,0,0,542
calibration-tail-robustness-v1.0.0,14,25,RACE,FINITE_SAMPLE,all,119,52.8021747104,52.8021747104,52.8021747104,119,True,0,0.4,0,1,False,False,,False,0,0,542
calibration-tail-robustness-v1.0.0,14,25,RACE,CONTEXT_CONDITIONAL,all,119,52.8021747104,24.5393354725,52.8021747104,100,True,0,0.4,0,1,False,False,,False,0,0,542
calibration-tail-robustness-v1.0.0,14,25,RACE,TRIMMED_SENSITIVITY,all,119,52.2496994551,52.2496994551,52.2496994551,118,True,1,0.403973509934,0,1,False,False,,False,0,0,542
calibration-tail-robustness-v1.0.0,14,50,TargetOnly,MAX_SCORE,100,100,33.4141991229,33.4141991229,33.4141991229,100,False,0,1,0.01,0.99,True,False,,False,0,0,534
calibration-tail-robustness-v1.0.0,14,50,TargetOnly,FINITE_SAMPLE,100,100,33.4141991229,33.4141991229,33.4141991229,100,True,0,1,0.01,0.99,True,False,,False,0,0,534
calibration-tail-robustness-v1.0.0,14,50,TargetOnly,CONTEXT_CONDITIONAL,100,100,33.4141991229,33.4141991229,33.4141991229,100,True,0,1,0.01,0.99,True,False,,False,0,0,534
calibration-tail-robustness-v1.0.0,14,50,TargetOnly,TRIMMED_SENSITIVITY,100,100,32.5849034477,32.5849034477,32.5849034477,99,True,1,1,0.01,0.99,True,False,,False,0,0,534
calibration-tail-robustness-v1.0.0,14,50,TargetOnly,MAX_SCORE,all,119,33.4141991229,33.4141991229,33.4141991229,119,False,0,1,0.01,0.99,True,False,,False,0,0,534
calibration-tail-robustness-v1.0.0,14,50,TargetOnly,FINITE_SAMPLE,all,119,33.4141991229,33.4141991229,33.4141991229,119,True,0,1,0.01,0.99,True,False,,False,0,0,534
calibration-tail-robustness-v1.0.0,14,50,TargetOnly,CONTEXT_CONDITIONAL,all,119,33.4141991229,31.023302548,33.4141991229,100,True,0,1,0.01,0.99,True,False,,False,0,0,534
calibration-tail-robustness-v1.0.0,14,50,TargetOnly,TRIMMED_SENSITIVITY,all,119,32.5849034477,32.5849034477,32.5849034477,118,True,1,1,0.01,0.99,True,False,,False,0,0,534
calibration-tail-robustness-v1.0.0,14,50,RACE,MAX_SCORE,100,100,30.2501756407,30.2501756407,30.2501756407,100,False,0,0.927152317881,0.01,0.99,True,False,,False,0,0,542
calibration-tail-robustness-v1.0.0,14,50,RACE,FINITE_SAMPLE,100,100,30.2501756407,30.2501756407,30.2501756407,100,True,0,0.927152317881,0.01,0.99,True,False,,False,0,0,542
calibration-tail-robustness-v1.0.0,14,50,RACE,CONTEXT_CONDITIONAL,100,100,30.2501756407,30.2501756407,30.2501756407,100,True,0,0.927152317881,0.01,0.99,True,False,,False,0,0,542
calibration-tail-robustness-v1.0.0,14,50,RACE,TRIMMED_SENSITIVITY,100,100,28.5547989811,28.5547989811,28.5547989811,99,True,1,0.972185430464,0.01,0.99,True,False,,False,0,0,542
calibration-tail-robustness-v1.0.0,14,50,RACE,MAX_SCORE,all,119,30.2501756407,30.2501756407,30.2501756407,119,False,0,0.927152317881,0.01,0.99,True,False,,False,0,0,542
calibration-tail-robustness-v1.0.0,14,50,RACE,FINITE_SAMPLE,all,119,30.2501756407,30.2501756407,30.2501756407,119,True,0,0.927152317881,0.01,0.99,True,False,,False,0,0,542
calibration-tail-robustness-v1.0.0,14,50,RACE,CONTEXT_CONDITIONAL,all,119,30.2501756407,22.9830429254,30.2501756407,100,True,0,0.927152317881,0.01,0.99,True,False,,False,0,0,542
calibration-tail-robustness-v1.0.0,14,50,RACE,TRIMMED_SENSITIVITY,all,119,28.5547989811,28.5547989811,28.5547989811,118,True,1,0.972185430464,0.01,0.99,True,False,,False,0,0,542
calibration-tail-robustness-v1.0.0,14,100,TargetOnly,MAX_SCORE,100,100,37.3618469218,37.3618469218,37.3618469218,100,False,0,1,0.01,0.99,True,False,,False,0,0,534
calibration-tail-robustness-v1.0.0,14,100,TargetOnly,FINITE_SAMPLE,100,100,37.3618469218,37.3618469218,37.3618469218,100,True,0,1,0.01,0.99,True,False,,False,0,0,534
calibration-tail-robustness-v1.0.0,14,100,TargetOnly,CONTEXT_CONDITIONAL,100,100,37.3618469218,37.3618469218,37.3618469218,100,True,0,1,0.01,0.99,True,False,,False,0,0,534
calibration-tail-robustness-v1.0.0,14,100,TargetOnly,TRIMMED_SENSITIVITY,100,100,37.2628109101,37.2628109101,37.2628109101,99,True,1,1,0.01,0.99,True,False,,False,0,0,534
calibration-tail-robustness-v1.0.0,14,100,TargetOnly,MAX_SCORE,all,119,37.3618469218,37.3618469218,37.3618469218,119,False,0,1,0.01,0.99,True,False,,False,0,0,534
calibration-tail-robustness-v1.0.0,14,100,TargetOnly,FINITE_SAMPLE,all,119,37.3618469218,37.3618469218,37.3618469218,119,True,0,1,0.01,0.99,True,False,,False,0,0,534
calibration-tail-robustness-v1.0.0,14,100,TargetOnly,CONTEXT_CONDITIONAL,all,119,37.3618469218,37.1106557834,37.3618469218,100,True,0,1,0.01,0.99,True,False,,False,0,0,534
calibration-tail-robustness-v1.0.0,14,100,TargetOnly,TRIMMED_SENSITIVITY,all,119,37.2628109101,37.2628109101,37.2628109101,118,True,1,1,0.01,0.99,True,False,,False,0,0,534
calibration-tail-robustness-v1.0.0,14,100,RACE,MAX_SCORE,100,100,32.88029199,32.88029199,32.88029199,100,False,0,0.98940397351,0.01,0.99,True,False,,False,0,0,542
calibration-tail-robustness-v1.0.0,14,100,RACE,FINITE_SAMPLE,100,100,32.88029199,32.88029199,32.88029199,100,True,0,0.98940397351,0.01,0.99,True,False,,False,0,0,542
calibration-tail-robustness-v1.0.0,14,100,RACE,CONTEXT_CONDITIONAL,100,100,32.88029199,32.88029199,32.88029199,100,True,0,0.98940397351,0.01,0.99,True,False,,False,0,0,542
calibration-tail-robustness-v1.0.0,14,100,RACE,TRIMMED_SENSITIVITY,100,100,31.2307338316,31.2307338316,31.2307338316,99,True,1,0.997350993377,0.01,0.99,True,False,,False,0,0,542
calibration-tail-robustness-v1.0.0,14,100,RACE,MAX_SCORE,all,119,32.88029199,32.88029199,32.88029199,119,False,0,0.98940397351,0.01,0.99,True,False,,False,0,0,542
calibration-tail-robustness-v1.0.0,14,100,RACE,FINITE_SAMPLE,all,119,32.88029199,32.88029199,32.88029199,119,True,0,0.98940397351,0.01,0.99,True,False,,False,0,0,542
calibration-tail-robustness-v1.0.0,14,100,RACE,CONTEXT_CONDITIONAL,all,119,32.88029199,24.9126363372,32.88029199,100,True,0,0.98940397351,0.01,0.99,True,False,,False,0,0,542
calibration-tail-robustness-v1.0.0,14,100,RACE,TRIMMED_SENSITIVITY,all,119,31.2307338316,31.2307338316,31.2307338316,118,True,1,0.997350993377,0.01,0.99,True,False,,False,0,0,542
calibration-tail-robustness-v1.0.0,15,10,TargetOnly,MAX_SCORE,100,100,23840.5315338,23840.5315338,23840.5315338,100,False,0,0.569536423841,0.01,0.99,False,False,,False,0,0,530
calibration-tail-robustness-v1.0.0,15,10,TargetOnly,FINITE_SAMPLE,100,100,23840.5315338,23840.5315338,23840.5315338,100,True,0,0.569536423841,0.01,0.99,False,False,,False,0,0,530
calibration-tail-robustness-v1.0.0,15,10,TargetOnly,CONTEXT_CONDITIONAL,100,100,23840.5315338,23840.5315338,23840.5315338,100,True,0,0.569536423841,0.01,0.99,False,False,,False,0,0,530
calibration-tail-robustness-v1.0.0,15,10,TargetOnly,TRIMMED_SENSITIVITY,100,100,23840.2147464,23840.2147464,23840.2147464,99,True,1,0.569536423841,0.01,0.99,False,False,,False,0,0,530
calibration-tail-robustness-v1.0.0,15,10,TargetOnly,MAX_SCORE,all,119,23840.5315338,23840.5315338,23840.5315338,119,False,0,0.569536423841,0.01,0.99,False,False,,False,0,0,530
calibration-tail-robustness-v1.0.0,15,10,TargetOnly,FINITE_SAMPLE,all,119,23840.5315338,23840.5315338,23840.5315338,119,True,0,0.569536423841,0.01,0.99,False,False,,False,0,0,530
calibration-tail-robustness-v1.0.0,15,10,TargetOnly,CONTEXT_CONDITIONAL,all,119,23840.5315338,23840.5315338,23840.5315338,100,True,0,0.569536423841,0.01,0.99,False,False,,False,0,0,530
calibration-tail-robustness-v1.0.0,15,10,TargetOnly,TRIMMED_SENSITIVITY,all,119,23840.2147464,23840.2147464,23840.2147464,118,True,1,0.569536423841,0.01,0.99,False,False,,False,0,0,530
calibration-tail-robustness-v1.0.0,15,10,RACE,MAX_SCORE,100,100,56.3674902507,56.3674902507,56.3674902507,100,False,0,0.46357615894,0,1,False,False,,False,0,0,542
calibration-tail-robustness-v1.0.0,15,10,RACE,FINITE_SAMPLE,100,100,56.3674902507,56.3674902507,56.3674902507,100,True,0,0.46357615894,0,1,False,False,,False,0,0,542
calibration-tail-robustness-v1.0.0,15,10,RACE,CONTEXT_CONDITIONAL,100,100,56.3674902507,56.3674902507,56.3674902507,100,True,0,0.46357615894,0,1,False,False,,False,0,0,542
calibration-tail-robustness-v1.0.0,15,10,RACE,TRIMMED_SENSITIVITY,100,100,54.4131215712,54.4131215712,54.4131215712,99,True,1,0.47417218543,0,1,False,False,,False,0,0,542
calibration-tail-robustness-v1.0.0,15,10,RACE,MAX_SCORE,all,119,56.3674902507,56.3674902507,56.3674902507,119,False,0,0.46357615894,0,1,False,False,,False,0,0,542
calibration-tail-robustness-v1.0.0,15,10,RACE,FINITE_SAMPLE,all,119,56.3674902507,56.3674902507,56.3674902507,119,True,0,0.46357615894,0,1,False,False,,False,0,0,542
calibration-tail-robustness-v1.0.0,15,10,RACE,CONTEXT_CONDITIONAL,all,119,56.3674902507,54.4131215712,56.3674902507,100,True,0,0.46357615894,0,1,False,False,,False,0,0,542
calibration-tail-robustness-v1.0.0,15,10,RACE,TRIMMED_SENSITIVITY,all,119,54.4131215712,54.4131215712,54.4131215712,118,True,1,0.47417218543,0,1,False,False,,False,0,0,542
calibration-tail-robustness-v1.0.0,15,25,TargetOnly,MAX_SCORE,100,100,42.0057900558,42.0057900558,42.0057900558,100,False,0,1,0.03,0.97,False,False,,False,0,0,533
calibration-tail-robustness-v1.0.0,15,25,TargetOnly,FINITE_SAMPLE,100,100,42.0057900558,42.0057900558,42.0057900558,100,True,0,1,0.03,0.97,False,False,,False,0,0,533
calibration-tail-robustness-v1.0.0,15,25,TargetOnly,CONTEXT_CONDITIONAL,100,100,42.0057900558,42.0057900558,42.0057900558,100,True,0,1,0.03,0.97,False,False,,False,0,0,533
calibration-tail-robustness-v1.0.0,15,25,TargetOnly,TRIMMED_SENSITIVITY,100,100,38.2930678373,38.2930678373,38.2930678373,99,True,1,1,0.06,0.94,False,False,,False,0,0,533
calibration-tail-robustness-v1.0.0,15,25,TargetOnly,MAX_SCORE,all,119,42.0057900558,42.0057900558,42.0057900558,119,False,0,1,0.03,0.97,False,False,,False,0,0,533
calibration-tail-robustness-v1.0.0,15,25,TargetOnly,FINITE_SAMPLE,all,119,42.0057900558,42.0057900558,42.0057900558,119,True,0,1,0.03,0.97,False,False,,False,0,0,533
calibration-tail-robustness-v1.0.0,15,25,TargetOnly,CONTEXT_CONDITIONAL,all,119,42.0057900558,36.2499243603,42.0057900558,100,True,0,1,0.04,0.96,False,False,,False,0,0,533
calibration-tail-robustness-v1.0.0,15,25,TargetOnly,TRIMMED_SENSITIVITY,all,119,38.2930678373,38.2930678373,38.2930678373,118,True,1,1,0.06,0.94,False,False,,False,0,0,533
calibration-tail-robustness-v1.0.0,15,25,RACE,MAX_SCORE,100,100,32.6899813248,32.6899813248,32.6899813248,100,False,0,0.899337748344,0.01,0.99,False,False,,False,0,0,542
calibration-tail-robustness-v1.0.0,15,25,RACE,FINITE_SAMPLE,100,100,32.6899813248,32.6899813248,32.6899813248,100,True,0,0.899337748344,0.01,0.99,False,False,,False,0,0,542
calibration-tail-robustness-v1.0.0,15,25,RACE,CONTEXT_CONDITIONAL,100,100,32.6899813248,32.6899813248,32.6899813248,100,True,0,0.899337748344,0.01,0.99,False,False,,False,0,0,542
calibration-tail-robustness-v1.0.0,15,25,RACE,TRIMMED_SENSITIVITY,100,100,28.7747406485,28.7747406485,28.7747406485,99,True,1,0.994701986755,0.03,0.97,False,False,,False,0,0,542
calibration-tail-robustness-v1.0.0,15,25,RACE,MAX_SCORE,all,119,32.6899813248,32.6899813248,32.6899813248,119,False,0,0.899337748344,0.01,0.99,False,False,,False,0,0,542
calibration-tail-robustness-v1.0.0,15,25,RACE,FINITE_SAMPLE,all,119,32.6899813248,32.6899813248,32.6899813248,119,True,0,0.899337748344,0.01,0.99,False,False,,False,0,0,542
calibration-tail-robustness-v1.0.0,15,25,RACE,CONTEXT_CONDITIONAL,all,119,32.6899813248,28.7747406485,32.6899813248,100,True,0,0.899337748344,0.01,0.99,False,False,,False,0,0,542
calibration-tail-robustness-v1.0.0,15,25,RACE,TRIMMED_SENSITIVITY,all,119,28.7747406485,28.7747406485,28.7747406485,118,True,1,0.994701986755,0.03,0.97,False,False,,False,0,0,542
calibration-tail-robustness-v1.0.0,15,50,TargetOnly,MAX_SCORE,100,100,42.322895717,42.322895717,42.322895717,100,False,0,1,0.04,0.96,False,False,,False,0,0,534
calibration-tail-robustness-v1.0.0,15,50,TargetOnly,FINITE_SAMPLE,100,100,42.322895717,42.322895717,42.322895717,100,True,0,1,0.04,0.96,False,False,,False,0,0,534
calibration-tail-robustness-v1.0.0,15,50,TargetOnly,CONTEXT_CONDITIONAL,100,100,42.322895717,42.322895717,42.322895717,100,True,0,1,0.04,0.96,False,False,,False,0,0,534
calibration-tail-robustness-v1.0.0,15,50,TargetOnly,TRIMMED_SENSITIVITY,100,100,36.369931177,36.369931177,36.369931177,99,True,1,1,0.06,0.94,False,False,,False,0,0,534
calibration-tail-robustness-v1.0.0,15,50,TargetOnly,MAX_SCORE,all,119,42.322895717,42.322895717,42.322895717,119,False,0,1,0.04,0.96,False,False,,False,0,0,534
calibration-tail-robustness-v1.0.0,15,50,TargetOnly,FINITE_SAMPLE,all,119,42.322895717,42.322895717,42.322895717,119,True,0,1,0.04,0.96,False,False,,False,0,0,534
calibration-tail-robustness-v1.0.0,15,50,TargetOnly,CONTEXT_CONDITIONAL,all,119,42.322895717,37.7529973512,42.322895717,100,True,0,1,0.04,0.96,False,False,,False,0,0,534
calibration-tail-robustness-v1.0.0,15,50,TargetOnly,TRIMMED_SENSITIVITY,all,119,37.7529973512,37.7529973512,37.7529973512,118,True,1,1,0.05,0.95,False,False,,False,0,0,534
calibration-tail-robustness-v1.0.0,15,50,RACE,MAX_SCORE,100,100,33.2002004596,33.2002004596,33.2002004596,100,False,0,0.941721854305,0.02,0.98,False,False,,False,0,0,542
calibration-tail-robustness-v1.0.0,15,50,RACE,FINITE_SAMPLE,100,100,33.2002004596,33.2002004596,33.2002004596,100,True,0,0.941721854305,0.02,0.98,False,False,,False,0,0,542
calibration-tail-robustness-v1.0.0,15,50,RACE,CONTEXT_CONDITIONAL,100,100,33.2002004596,33.2002004596,33.2002004596,100,True,0,0.941721854305,0.02,0.98,False,False,,False,0,0,542
calibration-tail-robustness-v1.0.0,15,50,RACE,TRIMMED_SENSITIVITY,100,100,29.7706490547,29.7706490547,29.7706490547,99,True,1,0.997350993377,0.03,0.97,False,False,,False,0,0,542
calibration-tail-robustness-v1.0.0,15,50,RACE,MAX_SCORE,all,119,33.2002004596,33.2002004596,33.2002004596,119,False,0,0.941721854305,0.02,0.98,False,False,,False,0,0,542
calibration-tail-robustness-v1.0.0,15,50,RACE,FINITE_SAMPLE,all,119,33.2002004596,33.2002004596,33.2002004596,119,True,0,0.941721854305,0.02,0.98,False,False,,False,0,0,542
calibration-tail-robustness-v1.0.0,15,50,RACE,CONTEXT_CONDITIONAL,all,119,33.2002004596,29.7706490547,33.2002004596,100,True,0,0.941721854305,0.02,0.98,False,False,,False,0,0,542
calibration-tail-robustness-v1.0.0,15,50,RACE,TRIMMED_SENSITIVITY,all,119,29.7706490547,29.7706490547,29.7706490547,118,True,1,0.997350993377,0.03,0.97,False,False,,False,0,0,542
calibration-tail-robustness-v1.0.0,15,100,TargetOnly,MAX_SCORE,100,100,39.4221977481,39.4221977481,39.4221977481,100,False,0,1,0.04,0.96,False,False,,False,0,0,535
calibration-tail-robustness-v1.0.0,15,100,TargetOnly,FINITE_SAMPLE,100,100,39.4221977481,39.4221977481,39.4221977481,100,True,0,1,0.04,0.96,False,False,,False,0,0,535
calibration-tail-robustness-v1.0.0,15,100,TargetOnly,CONTEXT_CONDITIONAL,100,100,39.4221977481,39.4221977481,39.4221977481,100,True,0,1,0.04,0.96,False,False,,False,0,0,535
calibration-tail-robustness-v1.0.0,15,100,TargetOnly,TRIMMED_SENSITIVITY,100,100,39.019212848,39.019212848,39.019212848,99,True,1,1,0.05,0.95,False,False,,False,0,0,535
calibration-tail-robustness-v1.0.0,15,100,TargetOnly,MAX_SCORE,all,119,39.4221977481,39.4221977481,39.4221977481,119,False,0,1,0.04,0.96,False,False,,False,0,0,535
calibration-tail-robustness-v1.0.0,15,100,TargetOnly,FINITE_SAMPLE,all,119,39.4221977481,39.4221977481,39.4221977481,119,True,0,1,0.04,0.96,False,False,,False,0,0,535
calibration-tail-robustness-v1.0.0,15,100,TargetOnly,CONTEXT_CONDITIONAL,all,119,39.4221977481,39.019212848,39.4221977481,100,True,0,1,0.04,0.96,False,False,,False,0,0,535
calibration-tail-robustness-v1.0.0,15,100,TargetOnly,TRIMMED_SENSITIVITY,all,119,39.019212848,39.019212848,39.019212848,118,True,1,1,0.05,0.95,False,False,,False,0,0,535
calibration-tail-robustness-v1.0.0,15,100,RACE,MAX_SCORE,100,100,35.466419848,35.466419848,35.466419848,100,False,0,0.962913907285,0.01,0.99,True,False,,False,0,0,542
calibration-tail-robustness-v1.0.0,15,100,RACE,FINITE_SAMPLE,100,100,35.466419848,35.466419848,35.466419848,100,True,0,0.962913907285,0.01,0.99,True,False,,False,0,0,542
calibration-tail-robustness-v1.0.0,15,100,RACE,CONTEXT_CONDITIONAL,100,100,35.466419848,35.466419848,35.466419848,100,True,0,0.962913907285,0.01,0.99,True,False,,False,0,0,542
calibration-tail-robustness-v1.0.0,15,100,RACE,TRIMMED_SENSITIVITY,100,100,32.394452514,32.394452514,32.394452514,99,True,1,0.997350993377,0.03,0.97,False,False,,False,0,0,542
calibration-tail-robustness-v1.0.0,15,100,RACE,MAX_SCORE,all,119,35.466419848,35.466419848,35.466419848,119,False,0,0.962913907285,0.01,0.99,True,False,,False,0,0,542
calibration-tail-robustness-v1.0.0,15,100,RACE,FINITE_SAMPLE,all,119,35.466419848,35.466419848,35.466419848,119,True,0,0.962913907285,0.01,0.99,True,False,,False,0,0,542
calibration-tail-robustness-v1.0.0,15,100,RACE,CONTEXT_CONDITIONAL,all,119,35.466419848,32.394452514,35.466419848,100,True,0,0.962913907285,0.01,0.99,True,False,,False,0,0,542
calibration-tail-robustness-v1.0.0,15,100,RACE,TRIMMED_SENSITIVITY,all,119,32.394452514,32.394452514,32.394452514,118,True,1,0.997350993377,0.03,0.97,False,False,,False,0,0,542
calibration-tail-robustness-v1.0.0,16,10,TargetOnly,MAX_SCORE,100,100,105.316502393,105.316502393,105.316502393,100,False,0,1,0.01,0.99,True,False,,False,0,0,529
calibration-tail-robustness-v1.0.0,16,10,TargetOnly,FINITE_SAMPLE,100,100,105.316502393,105.316502393,105.316502393,100,True,0,1,0.01,0.99,True,False,,False,0,0,529
calibration-tail-robustness-v1.0.0,16,10,TargetOnly,CONTEXT_CONDITIONAL,100,100,105.316502393,105.316502393,105.316502393,100,True,0,1,0.01,0.99,True,False,,False,0,0,529
calibration-tail-robustness-v1.0.0,16,10,TargetOnly,TRIMMED_SENSITIVITY,100,100,56.9700367138,56.9700367138,56.9700367138,99,True,1,1,0.02,0.98,False,False,,False,0,0,529
calibration-tail-robustness-v1.0.0,16,10,TargetOnly,MAX_SCORE,all,119,105.316502393,105.316502393,105.316502393,119,False,0,1,0.01,0.99,True,False,,False,0,0,529
calibration-tail-robustness-v1.0.0,16,10,TargetOnly,FINITE_SAMPLE,all,119,105.316502393,105.316502393,105.316502393,119,True,0,1,0.01,0.99,True,False,,False,0,0,529
calibration-tail-robustness-v1.0.0,16,10,TargetOnly,CONTEXT_CONDITIONAL,all,119,50.9675842111,45.7428196546,105.316502393,100,True,0,1,0.01,0.99,True,False,,False,0,0,529
calibration-tail-robustness-v1.0.0,16,10,TargetOnly,TRIMMED_SENSITIVITY,all,119,56.9700367138,56.9700367138,56.9700367138,118,True,1,1,0.02,0.98,False,False,,False,0,0,529
calibration-tail-robustness-v1.0.0,16,10,RACE,MAX_SCORE,100,100,56.5806071382,56.5806071382,56.5806071382,100,False,0,0.458278145695,0.01,0.99,False,False,,False,0,0,542
calibration-tail-robustness-v1.0.0,16,10,RACE,FINITE_SAMPLE,100,100,56.5806071382,56.5806071382,56.5806071382,100,True,0,0.458278145695,0.01,0.99,False,False,,False,0,0,542
calibration-tail-robustness-v1.0.0,16,10,RACE,CONTEXT_CONDITIONAL,100,100,56.5806071382,56.5806071382,56.5806071382,100,True,0,0.458278145695,0.01,0.99,False,False,,False,0,0,542
calibration-tail-robustness-v1.0.0,16,10,RACE,TRIMMED_SENSITIVITY,100,100,39.4825036783,39.4825036783,39.4825036783,99,True,1,0.692715231788,0.03,0.97,False,False,,False,0,0,542
calibration-tail-robustness-v1.0.0,16,10,RACE,MAX_SCORE,all,119,56.5806071382,56.5806071382,56.5806071382,119,False,0,0.458278145695,0.01,0.99,False,False,,False,0,0,542
calibration-tail-robustness-v1.0.0,16,10,RACE,FINITE_SAMPLE,all,119,56.5806071382,56.5806071382,56.5806071382,119,True,0,0.458278145695,0.01,0.99,False,False,,False,0,0,542
calibration-tail-robustness-v1.0.0,16,10,RACE,CONTEXT_CONDITIONAL,all,119,56.5806071382,39.4825036783,56.5806071382,100,True,0,0.458278145695,0.01,0.99,False,False,,False,0,0,542
calibration-tail-robustness-v1.0.0,16,10,RACE,TRIMMED_SENSITIVITY,all,119,39.4825036783,39.4825036783,39.4825036783,118,True,1,0.692715231788,0.03,0.97,False,False,,False,0,0,542
calibration-tail-robustness-v1.0.0,16,25,TargetOnly,MAX_SCORE,100,100,104.290561292,104.290561292,104.290561292,100,False,0,1,0.01,0.99,True,False,,False,0,0,533
calibration-tail-robustness-v1.0.0,16,25,TargetOnly,FINITE_SAMPLE,100,100,104.290561292,104.290561292,104.290561292,100,True,0,1,0.01,0.99,True,False,,False,0,0,533
calibration-tail-robustness-v1.0.0,16,25,TargetOnly,CONTEXT_CONDITIONAL,100,100,104.290561292,104.290561292,104.290561292,100,True,0,1,0.01,0.99,True,False,,False,0,0,533
calibration-tail-robustness-v1.0.0,16,25,TargetOnly,TRIMMED_SENSITIVITY,100,100,43.4989214071,43.4989214071,43.4989214071,99,True,1,1,0.04,0.96,False,False,,False,0,0,533
calibration-tail-robustness-v1.0.0,16,25,TargetOnly,MAX_SCORE,all,119,104.290561292,104.290561292,104.290561292,119,False,0,1,0.01,0.99,True,False,,False,0,0,533
calibration-tail-robustness-v1.0.0,16,25,TargetOnly,FINITE_SAMPLE,all,119,104.290561292,104.290561292,104.290561292,119,True,0,1,0.01,0.99,True,False,,False,0,0,533
calibration-tail-robustness-v1.0.0,16,25,TargetOnly,CONTEXT_CONDITIONAL,all,119,51.0731632323,43.2337840186,104.290561292,100,True,0,1,0.01,0.99,True,False,,False,0,0,533
calibration-tail-robustness-v1.0.0,16,25,TargetOnly,TRIMMED_SENSITIVITY,all,119,51.0731632323,51.0731632323,51.0731632323,118,True,1,1,0.02,0.98,False,False,,False,0,0,533
calibration-tail-robustness-v1.0.0,16,25,RACE,MAX_SCORE,100,100,30.2172593657,30.2172593657,30.2172593657,100,False,0,0.937748344371,0.02,0.98,False,False,,False,0,0,542
calibration-tail-robustness-v1.0.0,16,25,RACE,FINITE_SAMPLE,100,100,30.2172593657,30.2172593657,30.2172593657,100,True,0,0.937748344371,0.02,0.98,False,False,,False,0,0,542
calibration-tail-robustness-v1.0.0,16,25,RACE,CONTEXT_CONDITIONAL,100,100,30.2172593657,30.2172593657,30.2172593657,100,True,0,0.937748344371,0.02,0.98,False,False,,False,0,0,542
calibration-tail-robustness-v1.0.0,16,25,RACE,TRIMMED_SENSITIVITY,100,100,30.17917975,30.17917975,30.17917975,99,True,1,0.939072847682,0.02,0.98,False,False,,False,0,0,542
calibration-tail-robustness-v1.0.0,16,25,RACE,MAX_SCORE,all,119,30.2172593657,30.2172593657,30.2172593657,119,False,0,0.937748344371,0.02,0.98,False,False,,False,0,0,542
calibration-tail-robustness-v1.0.0,16,25,RACE,FINITE_SAMPLE,all,119,30.2172593657,30.2172593657,30.2172593657,119,True,0,0.937748344371,0.02,0.98,False,False,,False,0,0,542
calibration-tail-robustness-v1.0.0,16,25,RACE,CONTEXT_CONDITIONAL,all,119,30.2172593657,26.4218233832,30.2172593657,100,True,0,0.937748344371,0.02,0.98,False,False,,False,0,0,542
calibration-tail-robustness-v1.0.0,16,25,RACE,TRIMMED_SENSITIVITY,all,119,30.17917975,30.17917975,30.17917975,118,True,1,0.939072847682,0.02,0.98,False,False,,False,0,0,542
calibration-tail-robustness-v1.0.0,16,50,TargetOnly,MAX_SCORE,100,100,115.935070282,115.935070282,115.935070282,100,False,0,1,0.01,0.99,True,False,,False,0,0,534
calibration-tail-robustness-v1.0.0,16,50,TargetOnly,FINITE_SAMPLE,100,100,115.935070282,115.935070282,115.935070282,100,True,0,1,0.01,0.99,True,False,,False,0,0,534
calibration-tail-robustness-v1.0.0,16,50,TargetOnly,CONTEXT_CONDITIONAL,100,100,115.935070282,115.935070282,115.935070282,100,True,0,1,0.01,0.99,True,False,,False,0,0,534
calibration-tail-robustness-v1.0.0,16,50,TargetOnly,TRIMMED_SENSITIVITY,100,100,38.3588831403,38.3588831403,38.3588831403,99,True,1,1,0.02,0.98,False,False,,False,0,0,534
calibration-tail-robustness-v1.0.0,16,50,TargetOnly,MAX_SCORE,all,119,115.935070282,115.935070282,115.935070282,119,False,0,1,0.01,0.99,True,False,,False,0,0,534
calibration-tail-robustness-v1.0.0,16,50,TargetOnly,FINITE_SAMPLE,all,119,115.935070282,115.935070282,115.935070282,119,True,0,1,0.01,0.99,True,False,,False,0,0,534
calibration-tail-robustness-v1.0.0,16,50,TargetOnly,CONTEXT_CONDITIONAL,all,119,38.3588831403,34.1585926234,115.935070282,100,True,0,1,0.01,0.99,True,False,,False,0,0,534
calibration-tail-robustness-v1.0.0,16,50,TargetOnly,TRIMMED_SENSITIVITY,all,119,38.3588831403,38.3588831403,38.3588831403,118,True,1,1,0.02,0.98,False,False,,False,0,0,534
calibration-tail-robustness-v1.0.0,16,50,RACE,MAX_SCORE,100,100,30.8851897097,30.8851897097,30.8851897097,100,False,0,0.970860927152,0.02,0.98,False,False,,False,0,0,542
calibration-tail-robustness-v1.0.0,16,50,RACE,FINITE_SAMPLE,100,100,30.8851897097,30.8851897097,30.8851897097,100,True,0,0.970860927152,0.02,0.98,False,False,,False,0,0,542
calibration-tail-robustness-v1.0.0,16,50,RACE,CONTEXT_CONDITIONAL,100,100,30.8851897097,30.8851897097,30.8851897097,100,True,0,0.970860927152,0.02,0.98,False,False,,False,0,0,542
calibration-tail-robustness-v1.0.0,16,50,RACE,TRIMMED_SENSITIVITY,100,100,30.5881062208,30.5881062208,30.5881062208,99,True,1,0.981456953642,0.02,0.98,False,False,,False,0,0,542
calibration-tail-robustness-v1.0.0,16,50,RACE,MAX_SCORE,all,119,30.8851897097,30.8851897097,30.8851897097,119,False,0,0.970860927152,0.02,0.98,False,False,,False,0,0,542
calibration-tail-robustness-v1.0.0,16,50,RACE,FINITE_SAMPLE,all,119,30.8851897097,30.8851897097,30.8851897097,119,True,0,0.970860927152,0.02,0.98,False,False,,False,0,0,542
calibration-tail-robustness-v1.0.0,16,50,RACE,CONTEXT_CONDITIONAL,all,119,30.5881062208,24.8682551223,30.8851897097,100,True,0,0.981456953642,0.02,0.98,False,False,,False,0,0,542
calibration-tail-robustness-v1.0.0,16,50,RACE,TRIMMED_SENSITIVITY,all,119,30.5881062208,30.5881062208,30.5881062208,118,True,1,0.981456953642,0.02,0.98,False,False,,False,0,0,542
calibration-tail-robustness-v1.0.0,16,100,TargetOnly,MAX_SCORE,100,100,129.098122274,129.098122274,129.098122274,100,False,0,1,0.01,0.99,True,False,,False,0,0,535
calibration-tail-robustness-v1.0.0,16,100,TargetOnly,FINITE_SAMPLE,100,100,129.098122274,129.098122274,129.098122274,100,True,0,1,0.01,0.99,True,False,,False,0,0,535
calibration-tail-robustness-v1.0.0,16,100,TargetOnly,CONTEXT_CONDITIONAL,100,100,129.098122274,129.098122274,129.098122274,100,True,0,1,0.01,0.99,True,False,,False,0,0,535
calibration-tail-robustness-v1.0.0,16,100,TargetOnly,TRIMMED_SENSITIVITY,100,100,41.2216343351,41.2216343351,41.2216343351,99,True,1,1,0.02,0.98,False,False,,False,0,0,535
calibration-tail-robustness-v1.0.0,16,100,TargetOnly,MAX_SCORE,all,119,129.098122274,129.098122274,129.098122274,119,False,0,1,0.01,0.99,True,False,,False,0,0,535
calibration-tail-robustness-v1.0.0,16,100,TargetOnly,FINITE_SAMPLE,all,119,129.098122274,129.098122274,129.098122274,119,True,0,1,0.01,0.99,True,False,,False,0,0,535
calibration-tail-robustness-v1.0.0,16,100,TargetOnly,CONTEXT_CONDITIONAL,all,119,41.2216343351,38.1739330372,129.098122274,100,True,0,1,0.02,0.98,False,False,,False,0,0,535
calibration-tail-robustness-v1.0.0,16,100,TargetOnly,TRIMMED_SENSITIVITY,all,119,41.2216343351,41.2216343351,41.2216343351,118,True,1,1,0.02,0.98,False,False,,False,0,0,535
calibration-tail-robustness-v1.0.0,16,100,RACE,MAX_SCORE,100,100,33.8465175195,33.8465175195,33.8465175195,100,False,0,0.992052980132,0.02,0.98,False,False,,False,0,0,542
calibration-tail-robustness-v1.0.0,16,100,RACE,FINITE_SAMPLE,100,100,33.8465175195,33.8465175195,33.8465175195,100,True,0,0.992052980132,0.02,0.98,False,False,,False,0,0,542
calibration-tail-robustness-v1.0.0,16,100,RACE,CONTEXT_CONDITIONAL,100,100,33.8465175195,33.8465175195,33.8465175195,100,True,0,0.992052980132,0.02,0.98,False,False,,False,0,0,542
calibration-tail-robustness-v1.0.0,16,100,RACE,TRIMMED_SENSITIVITY,100,100,33.1355962522,33.1355962522,33.1355962522,99,True,1,0.994701986755,0.02,0.98,False,False,,False,0,0,542
calibration-tail-robustness-v1.0.0,16,100,RACE,MAX_SCORE,all,119,33.8465175195,33.8465175195,33.8465175195,119,False,0,0.992052980132,0.02,0.98,False,False,,False,0,0,542
calibration-tail-robustness-v1.0.0,16,100,RACE,FINITE_SAMPLE,all,119,33.8465175195,33.8465175195,33.8465175195,119,True,0,0.992052980132,0.02,0.98,False,False,,False,0,0,542
calibration-tail-robustness-v1.0.0,16,100,RACE,CONTEXT_CONDITIONAL,all,119,33.1355962522,26.1557809967,33.8465175195,100,True,0,0.994701986755,0.02,0.98,False,False,,False,0,0,542
calibration-tail-robustness-v1.0.0,16,100,RACE,TRIMMED_SENSITIVITY,all,119,33.1355962522,33.1355962522,33.1355962522,118,True,1,0.994701986755,0.02,0.98,False,False,,False,0,0,542
calibration-tail-robustness-v1.0.0,17,10,TargetOnly,MAX_SCORE,100,100,38.859464217,38.859464217,38.859464217,100,False,0,1,0.03,0.97,False,False,,False,0,0,529
calibration-tail-robustness-v1.0.0,17,10,TargetOnly,FINITE_SAMPLE,100,100,38.859464217,38.859464217,38.859464217,100,True,0,1,0.03,0.97,False,False,,False,0,0,529
calibration-tail-robustness-v1.0.0,17,10,TargetOnly,CONTEXT_CONDITIONAL,100,100,38.859464217,38.859464217,38.859464217,100,True,0,1,0.03,0.97,False,False,,False,0,0,529
calibration-tail-robustness-v1.0.0,17,10,TargetOnly,TRIMMED_SENSITIVITY,100,100,37.7909385863,37.7909385863,37.7909385863,99,True,1,1,0.03,0.97,False,False,,False,0,0,529
calibration-tail-robustness-v1.0.0,17,10,TargetOnly,MAX_SCORE,all,119,38.859464217,38.859464217,38.859464217,119,False,0,1,0.03,0.97,False,False,,False,0,0,529
calibration-tail-robustness-v1.0.0,17,10,TargetOnly,FINITE_SAMPLE,all,119,38.859464217,38.859464217,38.859464217,119,True,0,1,0.03,0.97,False,False,,False,0,0,529
calibration-tail-robustness-v1.0.0,17,10,TargetOnly,CONTEXT_CONDITIONAL,all,119,38.859464217,37.0414416505,38.859464217,100,True,0,1,0.03,0.97,False,False,,False,0,0,529
calibration-tail-robustness-v1.0.0,17,10,TargetOnly,TRIMMED_SENSITIVITY,all,119,37.7909385863,37.7909385863,37.7909385863,118,True,1,1,0.03,0.97,False,False,,False,0,0,529
calibration-tail-robustness-v1.0.0,17,10,RACE,MAX_SCORE,100,100,56.9726066122,56.9726066122,56.9726066122,100,False,0,0.434437086093,0,1,False,False,,False,0,0,542
calibration-tail-robustness-v1.0.0,17,10,RACE,FINITE_SAMPLE,100,100,56.9726066122,56.9726066122,56.9726066122,100,True,0,0.434437086093,0,1,False,False,,False,0,0,542
calibration-tail-robustness-v1.0.0,17,10,RACE,CONTEXT_CONDITIONAL,100,100,56.9726066122,56.9726066122,56.9726066122,100,True,0,0.434437086093,0,1,False,False,,False,0,0,542
calibration-tail-robustness-v1.0.0,17,10,RACE,TRIMMED_SENSITIVITY,100,100,40.0723813205,40.0723813205,40.0723813205,99,True,1,0.647682119205,0.01,0.99,False,False,,False,0,0,542
calibration-tail-robustness-v1.0.0,17,10,RACE,MAX_SCORE,all,119,56.9726066122,56.9726066122,56.9726066122,119,False,0,0.434437086093,0,1,False,False,,False,0,0,542
calibration-tail-robustness-v1.0.0,17,10,RACE,FINITE_SAMPLE,all,119,56.9726066122,56.9726066122,56.9726066122,119,True,0,0.434437086093,0,1,False,False,,False,0,0,542
calibration-tail-robustness-v1.0.0,17,10,RACE,CONTEXT_CONDITIONAL,all,119,56.9726066122,53.4585872913,56.9726066122,100,True,0,0.434437086093,0,1,False,False,,False,0,0,542
calibration-tail-robustness-v1.0.0,17,10,RACE,TRIMMED_SENSITIVITY,all,119,53.4585872913,53.4585872913,53.4585872913,118,True,1,0.470198675497,0.01,0.99,False,False,,False,0,0,542
calibration-tail-robustness-v1.0.0,17,25,TargetOnly,MAX_SCORE,100,100,42.5384570822,42.5384570822,42.5384570822,100,False,0,1,0.02,0.98,False,False,,False,0,0,530
calibration-tail-robustness-v1.0.0,17,25,TargetOnly,FINITE_SAMPLE,100,100,42.5384570822,42.5384570822,42.5384570822,100,True,0,1,0.02,0.98,False,False,,False,0,0,530
calibration-tail-robustness-v1.0.0,17,25,TargetOnly,CONTEXT_CONDITIONAL,100,100,42.5384570822,42.5384570822,42.5384570822,100,True,0,1,0.02,0.98,False,False,,False,0,0,530
calibration-tail-robustness-v1.0.0,17,25,TargetOnly,TRIMMED_SENSITIVITY,100,100,34.0681961033,34.0681961033,34.0681961033,99,True,1,1,0.06,0.94,False,False,,False,0,0,530
calibration-tail-robustness-v1.0.0,17,25,TargetOnly,MAX_SCORE,all,119,42.5384570822,42.5384570822,42.5384570822,119,False,0,1,0.02,0.98,False,False,,False,0,0,530
calibration-tail-robustness-v1.0.0,17,25,TargetOnly,FINITE_SAMPLE,all,119,42.5384570822,42.5384570822,42.5384570822,119,True,0,1,0.02,0.98,False,False,,False,0,0,530
calibration-tail-robustness-v1.0.0,17,25,TargetOnly,CONTEXT_CONDITIONAL,all,119,35.9975439318,34.0681961033,42.5384570822,100,True,0,1,0.03,0.97,False,False,,False,0,0,530
calibration-tail-robustness-v1.0.0,17,25,TargetOnly,TRIMMED_SENSITIVITY,all,119,35.9975439318,35.9975439318,35.9975439318,118,True,1,1,0.03,0.97,False,False,,False,0,0,530
calibration-tail-robustness-v1.0.0,17,25,RACE,MAX_SCORE,100,100,55.289589293,55.289589293,55.289589293,100,False,0,0.407947019868,0.01,0.99,False,False,,False,0,0,542
calibration-tail-robustness-v1.0.0,17,25,RACE,FINITE_SAMPLE,100,100,55.289589293,55.289589293,55.289589293,100,True,0,0.407947019868,0.01,0.99,False,False,,False,0,0,542
calibration-tail-robustness-v1.0.0,17,25,RACE,CONTEXT_CONDITIONAL,100,100,55.289589293,55.289589293,55.289589293,100,True,0,0.407947019868,0.01,0.99,False,False,,False,0,0,542
calibration-tail-robustness-v1.0.0,17,25,RACE,TRIMMED_SENSITIVITY,100,100,34.1847469627,34.1847469627,34.1847469627,99,True,1,0.770860927152,0.01,0.99,False,False,,False,0,0,542
calibration-tail-robustness-v1.0.0,17,25,RACE,MAX_SCORE,all,119,55.289589293,55.289589293,55.289589293,119,False,0,0.407947019868,0.01,0.99,False,False,,False,0,0,542
calibration-tail-robustness-v1.0.0,17,25,RACE,FINITE_SAMPLE,all,119,55.289589293,55.289589293,55.289589293,119,True,0,0.407947019868,0.01,0.99,False,False,,False,0,0,542
calibration-tail-robustness-v1.0.0,17,25,RACE,CONTEXT_CONDITIONAL,all,119,55.289589293,53.9442131225,55.289589293,100,True,0,0.407947019868,0.01,0.99,False,False,,False,0,0,542
calibration-tail-robustness-v1.0.0,17,25,RACE,TRIMMED_SENSITIVITY,all,119,53.9442131225,53.9442131225,53.9442131225,118,True,1,0.429139072848,0.01,0.99,False,False,,False,0,0,542
calibration-tail-robustness-v1.0.0,17,50,TargetOnly,MAX_SCORE,100,100,35.4794945384,35.4794945384,35.4794945384,100,False,0,1,0.03,0.97,False,False,,False,0,0,532
calibration-tail-robustness-v1.0.0,17,50,TargetOnly,FINITE_SAMPLE,100,100,35.4794945384,35.4794945384,35.4794945384,100,True,0,1,0.03,0.97,False,False,,False,0,0,532
calibration-tail-robustness-v1.0.0,17,50,TargetOnly,CONTEXT_CONDITIONAL,100,100,35.4794945384,35.4794945384,35.4794945384,100,True,0,1,0.03,0.97,False,False,,False,0,0,532
calibration-tail-robustness-v1.0.0,17,50,TargetOnly,TRIMMED_SENSITIVITY,100,100,35.2008709271,35.2008709271,35.2008709271,99,True,1,1,0.03,0.97,False,False,,False,0,0,532
calibration-tail-robustness-v1.0.0,17,50,TargetOnly,MAX_SCORE,all,119,38.6865603799,38.6865603799,38.6865603799,119,False,0,1,0.02,0.98,False,False,,False,0,0,532
calibration-tail-robustness-v1.0.0,17,50,TargetOnly,FINITE_SAMPLE,all,119,38.6865603799,38.6865603799,38.6865603799,119,True,0,1,0.02,0.98,False,False,,False,0,0,532
calibration-tail-robustness-v1.0.0,17,50,TargetOnly,CONTEXT_CONDITIONAL,all,119,38.6865603799,35.0324266853,38.6865603799,100,True,0,1,0.03,0.97,False,False,,False,0,0,532
calibration-tail-robustness-v1.0.0,17,50,TargetOnly,TRIMMED_SENSITIVITY,all,119,35.5519813238,35.5519813238,35.5519813238,118,True,1,1,0.03,0.97,False,False,,False,0,0,532
calibration-tail-robustness-v1.0.0,17,50,RACE,MAX_SCORE,100,100,59.2213442542,59.2213442542,59.2213442542,100,False,0,0.401324503311,0.01,0.99,False,False,,False,0,0,542
calibration-tail-robustness-v1.0.0,17,50,RACE,FINITE_SAMPLE,100,100,59.2213442542,59.2213442542,59.2213442542,100,True,0,0.401324503311,0.01,0.99,False,False,,False,0,0,542
calibration-tail-robustness-v1.0.0,17,50,RACE,CONTEXT_CONDITIONAL,100,100,59.2213442542,59.2213442542,59.2213442542,100,True,0,0.401324503311,0.01,0.99,False,False,,False,0,0,542
calibration-tail-robustness-v1.0.0,17,50,RACE,TRIMMED_SENSITIVITY,100,100,30.9823804522,30.9823804522,30.9823804522,99,True,1,0.985430463576,0.02,0.98,False,False,,False,0,0,542
calibration-tail-robustness-v1.0.0,17,50,RACE,MAX_SCORE,all,119,59.2213442542,59.2213442542,59.2213442542,119,False,0,0.401324503311,0.01,0.99,False,False,,False,0,0,542
calibration-tail-robustness-v1.0.0,17,50,RACE,FINITE_SAMPLE,all,119,59.2213442542,59.2213442542,59.2213442542,119,True,0,0.401324503311,0.01,0.99,False,False,,False,0,0,542
calibration-tail-robustness-v1.0.0,17,50,RACE,CONTEXT_CONDITIONAL,all,119,59.2213442542,57.8970727473,59.2213442542,100,True,0,0.401324503311,0.01,0.99,False,False,,False,0,0,542
calibration-tail-robustness-v1.0.0,17,50,RACE,TRIMMED_SENSITIVITY,all,119,57.8970727473,57.8970727473,57.8970727473,118,True,1,0.406622516556,0.01,0.99,False,False,,False,0,0,542
calibration-tail-robustness-v1.0.0,17,100,TargetOnly,MAX_SCORE,100,100,84.707255249,84.707255249,84.707255249,100,False,0,1,0.04,0.96,False,False,,False,0,0,534
calibration-tail-robustness-v1.0.0,17,100,TargetOnly,FINITE_SAMPLE,100,100,84.707255249,84.707255249,84.707255249,100,True,0,1,0.04,0.96,False,False,,False,0,0,534
calibration-tail-robustness-v1.0.0,17,100,TargetOnly,CONTEXT_CONDITIONAL,100,100,84.707255249,84.707255249,84.707255249,100,True,0,1,0.04,0.96,False,False,,False,0,0,534
calibration-tail-robustness-v1.0.0,17,100,TargetOnly,TRIMMED_SENSITIVITY,100,100,41.5102108433,41.5102108433,41.5102108433,99,True,1,1,0.06,0.94,False,False,,False,0,0,534
calibration-tail-robustness-v1.0.0,17,100,TargetOnly,MAX_SCORE,all,119,84.707255249,84.707255249,84.707255249,119,False,0,1,0.04,0.96,False,False,,False,0,0,534
calibration-tail-robustness-v1.0.0,17,100,TargetOnly,FINITE_SAMPLE,all,119,84.707255249,84.707255249,84.707255249,119,True,0,1,0.04,0.96,False,False,,False,0,0,534
calibration-tail-robustness-v1.0.0,17,100,TargetOnly,CONTEXT_CONDITIONAL,all,119,84.707255249,41.5102108433,84.707255249,100,True,0,1,0.04,0.96,False,False,,False,0,0,534
calibration-tail-robustness-v1.0.0,17,100,TargetOnly,TRIMMED_SENSITIVITY,all,119,41.5102108433,41.5102108433,41.5102108433,118,True,1,1,0.06,0.94,False,False,,False,0,0,534
calibration-tail-robustness-v1.0.0,17,100,RACE,MAX_SCORE,100,100,37.9385821885,37.9385821885,37.9385821885,100,False,0,0.807947019868,0,1,False,False,,False,0,0,543
calibration-tail-robustness-v1.0.0,17,100,RACE,FINITE_SAMPLE,100,100,37.9385821885,37.9385821885,37.9385821885,100,True,0,0.807947019868,0,1,False,False,,False,0,0,543
calibration-tail-robustness-v1.0.0,17,100,RACE,CONTEXT_CONDITIONAL,100,100,37.9385821885,37.9385821885,37.9385821885,100,True,0,0.807947019868,0,1,False,False,,False,0,0,543
calibration-tail-robustness-v1.0.0,17,100,RACE,TRIMMED_SENSITIVITY,100,100,31.9498480789,31.9498480789,31.9498480789,99,True,1,0.997350993377,0.02,0.98,False,False,,False,0,0,543
calibration-tail-robustness-v1.0.0,17,100,RACE,MAX_SCORE,all,119,37.9385821885,37.9385821885,37.9385821885,119,False,0,0.807947019868,0,1,False,False,,False,0,0,543
calibration-tail-robustness-v1.0.0,17,100,RACE,FINITE_SAMPLE,all,119,37.9385821885,37.9385821885,37.9385821885,119,True,0,0.807947019868,0,1,False,False,,False,0,0,543
calibration-tail-robustness-v1.0.0,17,100,RACE,CONTEXT_CONDITIONAL,all,119,37.9385821885,37.5596375292,37.9385821885,100,True,0,0.807947019868,0,1,False,False,,False,0,0,543
calibration-tail-robustness-v1.0.0,17,100,RACE,TRIMMED_SENSITIVITY,all,119,37.5596375292,37.5596375292,37.5596375292,118,True,1,0.825165562914,0.01,0.99,False,False,,False,0,0,543
calibration-tail-robustness-v1.0.0,18,10,TargetOnly,MAX_SCORE,100,100,19984.6922605,19984.6922605,19984.6922605,100,False,0,0.553642384106,0.01,0.99,False,False,,False,0,0,530
calibration-tail-robustness-v1.0.0,18,10,TargetOnly,FINITE_SAMPLE,100,100,19984.6922605,19984.6922605,19984.6922605,100,True,0,0.553642384106,0.01,0.99,False,False,,False,0,0,530
calibration-tail-robustness-v1.0.0,18,10,TargetOnly,CONTEXT_CONDITIONAL,100,100,19984.6922605,19984.6922605,19984.6922605,100,True,0,0.553642384106,0.01,0.99,False,False,,False,0,0,530
calibration-tail-robustness-v1.0.0,18,10,TargetOnly,TRIMMED_SENSITIVITY,100,100,19984.2933605,19984.2933605,19984.2933605,99,True,1,0.58940397351,0.03,0.97,False,False,,False,0,0,530
calibration-tail-robustness-v1.0.0,18,10,TargetOnly,MAX_SCORE,all,119,19984.6922605,19984.6922605,19984.6922605,119,False,0,0.553642384106,0.01,0.99,False,False,,False,0,0,530
calibration-tail-robustness-v1.0.0,18,10,TargetOnly,FINITE_SAMPLE,all,119,19984.6922605,19984.6922605,19984.6922605,119,True,0,0.553642384106,0.01,0.99,False,False,,False,0,0,530
calibration-tail-robustness-v1.0.0,18,10,TargetOnly,CONTEXT_CONDITIONAL,all,119,19984.6922605,19984.2933605,19984.6922605,100,True,0,0.553642384106,0.01,0.99,False,False,,False,0,0,530
calibration-tail-robustness-v1.0.0,18,10,TargetOnly,TRIMMED_SENSITIVITY,all,119,19984.2933605,19984.2933605,19984.2933605,118,True,1,0.58940397351,0.03,0.97,False,False,,False,0,0,530
calibration-tail-robustness-v1.0.0,18,10,RACE,MAX_SCORE,100,100,47.9679019257,47.9679019257,47.9679019257,100,False,0,0.541721854305,0.03,0.97,False,False,,False,0,0,542
calibration-tail-robustness-v1.0.0,18,10,RACE,FINITE_SAMPLE,100,100,47.9679019257,47.9679019257,47.9679019257,100,True,0,0.541721854305,0.03,0.97,False,False,,False,0,0,542
calibration-tail-robustness-v1.0.0,18,10,RACE,CONTEXT_CONDITIONAL,100,100,47.9679019257,47.9679019257,47.9679019257,100,True,0,0.541721854305,0.03,0.97,False,False,,False,0,0,542
calibration-tail-robustness-v1.0.0,18,10,RACE,TRIMMED_SENSITIVITY,100,100,38.8906957939,38.8906957939,38.8906957939,99,True,1,0.727152317881,0.06,0.94,False,False,,False,0,0,542
calibration-tail-robustness-v1.0.0,18,10,RACE,MAX_SCORE,all,119,47.9679019257,47.9679019257,47.9679019257,119,False,0,0.541721854305,0.03,0.97,False,False,,False,0,0,542
calibration-tail-robustness-v1.0.0,18,10,RACE,FINITE_SAMPLE,all,119,47.9679019257,47.9679019257,47.9679019257,119,True,0,0.541721854305,0.03,0.97,False,False,,False,0,0,542
calibration-tail-robustness-v1.0.0,18,10,RACE,CONTEXT_CONDITIONAL,all,119,47.9679019257,47.9679019257,47.9679019257,100,True,0,0.541721854305,0.03,0.97,False,False,,False,0,0,542
calibration-tail-robustness-v1.0.0,18,10,RACE,TRIMMED_SENSITIVITY,all,119,38.8906957939,38.8906957939,38.8906957939,118,True,1,0.727152317881,0.06,0.94,False,False,,False,0,0,542
calibration-tail-robustness-v1.0.0,18,25,TargetOnly,MAX_SCORE,100,100,65.4721338278,65.4721338278,65.4721338278,100,False,0,1,0.01,0.99,True,False,,False,0,0,532
calibration-tail-robustness-v1.0.0,18,25,TargetOnly,FINITE_SAMPLE,100,100,65.4721338278,65.4721338278,65.4721338278,100,True,0,1,0.01,0.99,True,False,,False,0,0,532
calibration-tail-robustness-v1.0.0,18,25,TargetOnly,CONTEXT_CONDITIONAL,100,100,65.4721338278,65.4721338278,65.4721338278,100,True,0,1,0.01,0.99,True,False,,False,0,0,532
calibration-tail-robustness-v1.0.0,18,25,TargetOnly,TRIMMED_SENSITIVITY,100,100,36.7742713925,36.7742713925,36.7742713925,99,True,1,1,0.06,0.94,False,False,,False,0,0,532
calibration-tail-robustness-v1.0.0,18,25,TargetOnly,MAX_SCORE,all,119,65.4721338278,65.4721338278,65.4721338278,119,False,0,1,0.01,0.99,True,False,,False,0,0,532
calibration-tail-robustness-v1.0.0,18,25,TargetOnly,FINITE_SAMPLE,all,119,65.4721338278,65.4721338278,65.4721338278,119,True,0,1,0.01,0.99,True,False,,False,0,0,532
calibration-tail-robustness-v1.0.0,18,25,TargetOnly,CONTEXT_CONDITIONAL,all,119,36.7742713925,36.7742713925,65.4721338278,100,True,0,1,0.06,0.94,False,False,,False,0,0,532
calibration-tail-robustness-v1.0.0,18,25,TargetOnly,TRIMMED_SENSITIVITY,all,119,36.7742713925,36.7742713925,36.7742713925,118,True,1,1,0.06,0.94,False,False,,False,0,0,532
calibration-tail-robustness-v1.0.0,18,25,RACE,MAX_SCORE,100,100,46.0720647893,46.0720647893,46.0720647893,100,False,0,0.520529801325,0.03,0.97,False,False,,False,0,0,542
calibration-tail-robustness-v1.0.0,18,25,RACE,FINITE_SAMPLE,100,100,46.0720647893,46.0720647893,46.0720647893,100,True,0,0.520529801325,0.03,0.97,False,False,,False,0,0,542
calibration-tail-robustness-v1.0.0,18,25,RACE,CONTEXT_CONDITIONAL,100,100,46.0720647893,46.0720647893,46.0720647893,100,True,0,0.520529801325,0.03,0.97,False,False,,False,0,0,542
calibration-tail-robustness-v1.0.0,18,25,RACE,TRIMMED_SENSITIVITY,100,100,28.3382714483,28.3382714483,28.3382714483,99,True,1,0.998675496689,0.07,0.93,False,False,,False,0,0,542
calibration-tail-robustness-v1.0.0,18,25,RACE,MAX_SCORE,all,119,46.0720647893,46.0720647893,46.0720647893,119,False,0,0.520529801325,0.03,0.97,False,False,,False,0,0,542
calibration-tail-robustness-v1.0.0,18,25,RACE,FINITE_SAMPLE,all,119,46.0720647893,46.0720647893,46.0720647893,119,True,0,0.520529801325,0.03,0.97,False,False,,False,0,0,542
calibration-tail-robustness-v1.0.0,18,25,RACE,CONTEXT_CONDITIONAL,all,119,46.0720647893,46.0720647893,46.0720647893,100,True,0,0.520529801325,0.03,0.97,False,False,,False,0,0,542
calibration-tail-robustness-v1.0.0,18,25,RACE,TRIMMED_SENSITIVITY,all,119,28.3382714483,28.3382714483,28.3382714483,118,True,1,0.998675496689,0.07,0.93,False,False,,False,0,0,542
calibration-tail-robustness-v1.0.0,18,50,TargetOnly,MAX_SCORE,100,100,64.6043094528,64.6043094528,64.6043094528,100,False,0,1,0.01,0.99,True,False,,False,0,0,532
calibration-tail-robustness-v1.0.0,18,50,TargetOnly,FINITE_SAMPLE,100,100,64.6043094528,64.6043094528,64.6043094528,100,True,0,1,0.01,0.99,True,False,,False,0,0,532
calibration-tail-robustness-v1.0.0,18,50,TargetOnly,CONTEXT_CONDITIONAL,100,100,64.6043094528,64.6043094528,64.6043094528,100,True,0,1,0.01,0.99,True,False,,False,0,0,532
calibration-tail-robustness-v1.0.0,18,50,TargetOnly,TRIMMED_SENSITIVITY,100,100,37.6791547688,37.6791547688,37.6791547688,99,True,1,1,0.04,0.96,False,False,,False,0,0,532
calibration-tail-robustness-v1.0.0,18,50,TargetOnly,MAX_SCORE,all,119,64.6043094528,64.6043094528,64.6043094528,119,False,0,1,0.01,0.99,True,False,,False,0,0,532
calibration-tail-robustness-v1.0.0,18,50,TargetOnly,FINITE_SAMPLE,all,119,64.6043094528,64.6043094528,64.6043094528,119,True,0,1,0.01,0.99,True,False,,False,0,0,532
calibration-tail-robustness-v1.0.0,18,50,TargetOnly,CONTEXT_CONDITIONAL,all,119,37.7391604856,37.6791547688,64.6043094528,100,True,0,1,0.04,0.96,False,False,,False,0,0,532
calibration-tail-robustness-v1.0.0,18,50,TargetOnly,TRIMMED_SENSITIVITY,all,119,37.7391604856,37.7391604856,37.7391604856,118,True,1,1,0.04,0.96,False,False,,False,0,0,532
calibration-tail-robustness-v1.0.0,18,50,RACE,MAX_SCORE,100,100,48.7269004241,48.7269004241,48.7269004241,100,False,0,0.509933774834,0.03,0.97,False,False,,False,0,0,542
calibration-tail-robustness-v1.0.0,18,50,RACE,FINITE_SAMPLE,100,100,48.7269004241,48.7269004241,48.7269004241,100,True,0,0.509933774834,0.03,0.97,False,False,,False,0,0,542
calibration-tail-robustness-v1.0.0,18,50,RACE,CONTEXT_CONDITIONAL,100,100,48.7269004241,48.7269004241,48.7269004241,100,True,0,0.509933774834,0.03,0.97,False,False,,False,0,0,542
calibration-tail-robustness-v1.0.0,18,50,RACE,TRIMMED_SENSITIVITY,100,100,27.0928796906,27.0928796906,27.0928796906,99,True,1,0.998675496689,0.06,0.94,False,False,,False,0,0,542
calibration-tail-robustness-v1.0.0,18,50,RACE,MAX_SCORE,all,119,48.7269004241,48.7269004241,48.7269004241,119,False,0,0.509933774834,0.03,0.97,False,False,,False,0,0,542
calibration-tail-robustness-v1.0.0,18,50,RACE,FINITE_SAMPLE,all,119,48.7269004241,48.7269004241,48.7269004241,119,True,0,0.509933774834,0.03,0.97,False,False,,False,0,0,542
calibration-tail-robustness-v1.0.0,18,50,RACE,CONTEXT_CONDITIONAL,all,119,48.7269004241,48.7269004241,48.7269004241,100,True,0,0.509933774834,0.03,0.97,False,False,,False,0,0,542
calibration-tail-robustness-v1.0.0,18,50,RACE,TRIMMED_SENSITIVITY,all,119,27.0928796906,27.0928796906,27.0928796906,118,True,1,0.998675496689,0.06,0.94,False,False,,False,0,0,542
calibration-tail-robustness-v1.0.0,18,100,TargetOnly,MAX_SCORE,100,100,40.9171779015,40.9171779015,40.9171779015,100,False,0,1,0.01,0.99,True,False,,False,0,0,533
calibration-tail-robustness-v1.0.0,18,100,TargetOnly,FINITE_SAMPLE,100,100,40.9171779015,40.9171779015,40.9171779015,100,True,0,1,0.01,0.99,True,False,,False,0,0,533
calibration-tail-robustness-v1.0.0,18,100,TargetOnly,CONTEXT_CONDITIONAL,100,100,40.9171779015,40.9171779015,40.9171779015,100,True,0,1,0.01,0.99,True,False,,False,0,0,533
calibration-tail-robustness-v1.0.0,18,100,TargetOnly,TRIMMED_SENSITIVITY,100,100,37.145515769,37.145515769,37.145515769,99,True,1,1,0.02,0.98,False,False,,False,0,0,533
calibration-tail-robustness-v1.0.0,18,100,TargetOnly,MAX_SCORE,all,119,40.9171779015,40.9171779015,40.9171779015,119,False,0,1,0.01,0.99,True,False,,False,0,0,533
calibration-tail-robustness-v1.0.0,18,100,TargetOnly,FINITE_SAMPLE,all,119,40.9171779015,40.9171779015,40.9171779015,119,True,0,1,0.01,0.99,True,False,,False,0,0,533
calibration-tail-robustness-v1.0.0,18,100,TargetOnly,CONTEXT_CONDITIONAL,all,119,37.145515769,37.145515769,40.9171779015,100,True,0,1,0.02,0.98,False,False,,False,0,0,533
calibration-tail-robustness-v1.0.0,18,100,TargetOnly,TRIMMED_SENSITIVITY,all,119,37.145515769,37.145515769,37.145515769,118,True,1,1,0.02,0.98,False,False,,False,0,0,533
calibration-tail-robustness-v1.0.0,18,100,RACE,MAX_SCORE,100,100,53.8455921791,53.8455921791,53.8455921791,100,False,0,0.480794701987,0.03,0.97,False,False,,False,0,0,542
calibration-tail-robustness-v1.0.0,18,100,RACE,FINITE_SAMPLE,100,100,53.8455921791,53.8455921791,53.8455921791,100,True,0,0.480794701987,0.03,0.97,False,False,,False,0,0,542
calibration-tail-robustness-v1.0.0,18,100,RACE,CONTEXT_CONDITIONAL,100,100,53.8455921791,53.8455921791,53.8455921791,100,True,0,0.480794701987,0.03,0.97,False,False,,False,0,0,542
calibration-tail-robustness-v1.0.0,18,100,RACE,TRIMMED_SENSITIVITY,100,100,27.1886478761,27.1886478761,27.1886478761,99,True,1,1,0.06,0.94,False,False,,False,0,0,542
calibration-tail-robustness-v1.0.0,18,100,RACE,MAX_SCORE,all,119,53.8455921791,53.8455921791,53.8455921791,119,False,0,0.480794701987,0.03,0.97,False,False,,False,0,0,542
calibration-tail-robustness-v1.0.0,18,100,RACE,FINITE_SAMPLE,all,119,53.8455921791,53.8455921791,53.8455921791,119,True,0,0.480794701987,0.03,0.97,False,False,,False,0,0,542
calibration-tail-robustness-v1.0.0,18,100,RACE,CONTEXT_CONDITIONAL,all,119,53.8455921791,53.8455921791,53.8455921791,100,True,0,0.480794701987,0.03,0.97,False,False,,False,0,0,542
calibration-tail-robustness-v1.0.0,18,100,RACE,TRIMMED_SENSITIVITY,all,119,27.1886478761,27.1886478761,27.1886478761,118,True,1,1,0.06,0.94,False,False,,False,0,0,542
calibration-tail-robustness-v1.0.0,19,10,TargetOnly,MAX_SCORE,100,100,17947.3427212,17947.3427212,17947.3427212,100,False,0,0.14701986755,0,1,False,True,17947.3427212,True,1,1,527
calibration-tail-robustness-v1.0.0,19,10,TargetOnly,FINITE_SAMPLE,100,100,17947.3427212,17947.3427212,17947.3427212,100,True,0,0.14701986755,0,1,False,True,17947.3427212,True,1,1,527
calibration-tail-robustness-v1.0.0,19,10,TargetOnly,CONTEXT_CONDITIONAL,100,100,17947.3427212,17947.3427212,17947.3427212,100,True,0,0.14701986755,0,1,False,True,17947.3427212,True,1,1,527
calibration-tail-robustness-v1.0.0,19,10,TargetOnly,TRIMMED_SENSITIVITY,100,100,15283.2075796,15283.2075796,15283.2075796,99,True,1,0.581456953642,0,1,False,True,17947.3427212,False,0,1,527
calibration-tail-robustness-v1.0.0,19,10,TargetOnly,MAX_SCORE,all,119,17947.3427212,17947.3427212,17947.3427212,119,False,0,0.14701986755,0,1,False,True,17947.3427212,True,1,1,527
calibration-tail-robustness-v1.0.0,19,10,TargetOnly,FINITE_SAMPLE,all,119,17947.3427212,17947.3427212,17947.3427212,119,True,0,0.14701986755,0,1,False,True,17947.3427212,True,1,1,527
calibration-tail-robustness-v1.0.0,19,10,TargetOnly,CONTEXT_CONDITIONAL,all,119,17947.3427212,15283.2075796,17947.3427212,100,True,0,0.14701986755,0,1,False,True,17947.3427212,True,0.952046783626,0.952046783626,527
calibration-tail-robustness-v1.0.0,19,10,TargetOnly,TRIMMED_SENSITIVITY,all,119,15283.2075796,15283.2075796,15283.2075796,118,True,1,0.581456953642,0,1,False,True,17947.3427212,False,0,1,527
calibration-tail-robustness-v1.0.0,19,10,RACE,MAX_SCORE,100,100,40.8770879042,40.8770879042,40.8770879042,100,False,0,0.651655629139,0.02,0.98,False,True,32.108450919,False,0,1,542
calibration-tail-robustness-v1.0.0,19,10,RACE,FINITE_SAMPLE,100,100,40.8770879042,40.8770879042,40.8770879042,100,True,0,0.651655629139,0.02,0.98,False,True,32.108450919,False,0,1,542
calibration-tail-robustness-v1.0.0,19,10,RACE,CONTEXT_CONDITIONAL,100,100,40.8770879042,40.8770879042,40.8770879042,100,True,0,0.651655629139,0.02,0.98,False,True,32.108450919,False,0,1,542
calibration-tail-robustness-v1.0.0,19,10,RACE,TRIMMED_SENSITIVITY,100,100,35.4508524492,35.4508524492,35.4508524492,99,True,1,0.833112582781,0.02,0.98,False,True,32.108450919,False,0,1,542
calibration-tail-robustness-v1.0.0,19,10,RACE,MAX_SCORE,all,119,40.8770879042,40.8770879042,40.8770879042,119,False,0,0.651655629139,0.02,0.98,False,True,32.108450919,False,0,1,542
calibration-tail-robustness-v1.0.0,19,10,RACE,FINITE_SAMPLE,all,119,40.8770879042,40.8770879042,40.8770879042,119,True,0,0.651655629139,0.02,0.98,False,True,32.108450919,False,0,1,542
calibration-tail-robustness-v1.0.0,19,10,RACE,CONTEXT_CONDITIONAL,all,119,35.4508524492,35.4508524492,40.8770879042,100,True,0,0.823841059603,0.02,0.98,False,True,32.108450919,False,0,0.952046783626,542
calibration-tail-robustness-v1.0.0,19,10,RACE,TRIMMED_SENSITIVITY,all,119,35.5805388119,35.5805388119,35.5805388119,118,True,1,0.827814569536,0.02,0.98,False,True,32.108450919,False,0,1,542
calibration-tail-robustness-v1.0.0,19,25,TargetOnly,MAX_SCORE,100,100,25734.8682936,25734.8682936,25734.8682936,100,False,0,0.14701986755,0,1,False,True,25734.8682936,True,1,1,531
calibration-tail-robustness-v1.0.0,19,25,TargetOnly,FINITE_SAMPLE,100,100,25734.8682936,25734.8682936,25734.8682936,100,True,0,0.14701986755,0,1,False,True,25734.8682936,True,1,1,531
calibration-tail-robustness-v1.0.0,19,25,TargetOnly,CONTEXT_CONDITIONAL,100,100,25734.8682936,25734.8682936,25734.8682936,100,True,0,0.14701986755,0,1,False,True,25734.8682936,True,1,1,531
calibration-tail-robustness-v1.0.0,19,25,TargetOnly,TRIMMED_SENSITIVITY,100,100,22708.6733581,22708.6733581,22708.6733581,99,True,1,0.513907284768,0,1,False,True,25734.8682936,False,0,1,531
calibration-tail-robustness-v1.0.0,19,25,TargetOnly,MAX_SCORE,all,119,25734.8682936,25734.8682936,25734.8682936,119,False,0,0.14701986755,0,1,False,True,25734.8682936,True,1,1,531
calibration-tail-robustness-v1.0.0,19,25,TargetOnly,FINITE_SAMPLE,all,119,25734.8682936,25734.8682936,25734.8682936,119,True,0,0.14701986755,0,1,False,True,25734.8682936,True,1,1,531
calibration-tail-robustness-v1.0.0,19,25,TargetOnly,CONTEXT_CONDITIONAL,all,119,25734.8682936,22708.6733581,25734.8682936,100,True,0,0.14701986755,0,1,False,True,25734.8682936,True,0.952046783626,0.952046783626,531
calibration-tail-robustness-v1.0.0,19,25,TargetOnly,TRIMMED_SENSITIVITY,all,119,22708.6733581,22708.6733581,22708.6733581,118,True,1,0.513907284768,0,1,False,True,25734.8682936,False,0,1,531
calibration-tail-robustness-v1.0.0,19,25,RACE,MAX_SCORE,100,100,35.6363979941,35.6363979941,35.6363979941,100,False,0,0.784105960265,0.02,0.98,False,True,32.5491874411,False,0,1,542
calibration-tail-robustness-v1.0.0,19,25,RACE,FINITE_SAMPLE,100,100,35.6363979941,35.6363979941,35.6363979941,100,True,0,0.784105960265,0.02,0.98,False,True,32.5491874411,False,0,1,542
calibration-tail-robustness-v1.0.0,19,25,RACE,CONTEXT_CONDITIONAL,100,100,35.6363979941,35.6363979941,35.6363979941,100,True,0,0.784105960265,0.02,0.98,False,True,32.5491874411,False,0,1,542
calibration-tail-robustness-v1.0.0,19,25,RACE,TRIMMED_SENSITIVITY,100,100,32.5491874411,32.5491874411,32.5491874411,99,True,1,0.944370860927,0.02,0.98,False,True,32.5491874411,True,1,1,542
calibration-tail-robustness-v1.0.0,19,25,RACE,MAX_SCORE,all,119,35.6363979941,35.6363979941,35.6363979941,119,False,0,0.784105960265,0.02,0.98,False,True,32.5491874411,False,0,1,542
calibration-tail-robustness-v1.0.0,19,25,RACE,FINITE_SAMPLE,all,119,35.6363979941,35.6363979941,35.6363979941,119,True,0,0.784105960265,0.02,0.98,False,True,32.5491874411,False,0,1,542
calibration-tail-robustness-v1.0.0,19,25,RACE,CONTEXT_CONDITIONAL,all,119,32.5491874411,29.1054251938,35.6363979941,100,True,0,0.933774834437,0.02,0.98,False,True,32.5491874411,True,0.816374269006,0.952046783626,542
calibration-tail-robustness-v1.0.0,19,25,RACE,TRIMMED_SENSITIVITY,all,119,32.5491874411,32.5491874411,32.5491874411,118,True,1,0.944370860927,0.02,0.98,False,True,32.5491874411,True,1,1,542
calibration-tail-robustness-v1.0.0,19,50,TargetOnly,MAX_SCORE,100,100,11455.2745555,11455.2745555,11455.2745555,100,False,0,0.00264900662252,0,1,False,True,11455.2745555,True,1,1,534
calibration-tail-robustness-v1.0.0,19,50,TargetOnly,FINITE_SAMPLE,100,100,11455.2745555,11455.2745555,11455.2745555,100,True,0,0.00264900662252,0,1,False,True,11455.2745555,True,1,1,534
calibration-tail-robustness-v1.0.0,19,50,TargetOnly,CONTEXT_CONDITIONAL,100,100,11455.2745555,11455.2745555,11455.2745555,100,True,0,0.00264900662252,0,1,False,True,11455.2745555,True,1,1,534
calibration-tail-robustness-v1.0.0,19,50,TargetOnly,TRIMMED_SENSITIVITY,100,100,34.7921582152,34.7921582152,34.7921582152,99,True,1,1,0.03,0.97,False,True,11455.2745555,False,0,1,534
calibration-tail-robustness-v1.0.0,19,50,TargetOnly,MAX_SCORE,all,119,11455.2745555,11455.2745555,11455.2745555,119,False,0,0.00264900662252,0,1,False,True,11455.2745555,True,1,1,534
calibration-tail-robustness-v1.0.0,19,50,TargetOnly,FINITE_SAMPLE,all,119,11455.2745555,11455.2745555,11455.2745555,119,True,0,0.00264900662252,0,1,False,True,11455.2745555,True,1,1,534
calibration-tail-robustness-v1.0.0,19,50,TargetOnly,CONTEXT_CONDITIONAL,all,119,11455.2745555,34.0042889208,11455.2745555,100,True,0,0.00264900662252,0.01,0.99,False,True,11455.2745555,True,0.952046783626,0.952046783626,534
calibration-tail-robustness-v1.0.0,19,50,TargetOnly,TRIMMED_SENSITIVITY,all,119,67.8372933162,67.8372933162,67.8372933162,118,True,1,1,0,1,True,True,11455.2745555,False,0,1,534
calibration-tail-robustness-v1.0.0,19,50,RACE,MAX_SCORE,100,100,34.0370309472,34.0370309472,34.0370309472,100,False,0,0.856953642384,0.02,0.98,False,True,34.0370309472,True,1,1,542
calibration-tail-robustness-v1.0.0,19,50,RACE,FINITE_SAMPLE,100,100,34.0370309472,34.0370309472,34.0370309472,100,True,0,0.856953642384,0.02,0.98,False,True,34.0370309472,True,1,1,542
calibration-tail-robustness-v1.0.0,19,50,RACE,CONTEXT_CONDITIONAL,100,100,34.0370309472,34.0370309472,34.0370309472,100,True,0,0.856953642384,0.02,0.98,False,True,34.0370309472,True,1,1,542
calibration-tail-robustness-v1.0.0,19,50,RACE,TRIMMED_SENSITIVITY,100,100,33.3460305805,33.3460305805,33.3460305805,99,True,1,0.907284768212,0.02,0.98,False,True,34.0370309472,False,0,1,542
calibration-tail-robustness-v1.0.0,19,50,RACE,MAX_SCORE,all,119,34.0370309472,34.0370309472,34.0370309472,119,False,0,0.856953642384,0.02,0.98,False,True,34.0370309472,True,1,1,542
calibration-tail-robustness-v1.0.0,19,50,RACE,FINITE_SAMPLE,all,119,34.0370309472,34.0370309472,34.0370309472,119,True,0,0.856953642384,0.02,0.98,False,True,34.0370309472,True,1,1,542
calibration-tail-robustness-v1.0.0,19,50,RACE,CONTEXT_CONDITIONAL,all,119,34.0370309472,26.3788443568,34.0370309472,100,True,0,0.856953642384,0.02,0.98,False,True,34.0370309472,True,0.952046783626,0.952046783626,542
calibration-tail-robustness-v1.0.0,19,50,RACE,TRIMMED_SENSITIVITY,all,119,33.3460305805,33.3460305805,33.3460305805,118,True,1,0.907284768212,0.02,0.98,False,True,34.0370309472,False,0,1,542
calibration-tail-robustness-v1.0.0,19,100,TargetOnly,MAX_SCORE,100,100,14216.440258,14216.440258,14216.440258,100,False,0,0.00264900662252,0,1,False,True,14216.440258,True,1,1,535
calibration-tail-robustness-v1.0.0,19,100,TargetOnly,FINITE_SAMPLE,100,100,14216.440258,14216.440258,14216.440258,100,True,0,0.00264900662252,0,1,False,True,14216.440258,True,1,1,535
calibration-tail-robustness-v1.0.0,19,100,TargetOnly,CONTEXT_CONDITIONAL,100,100,14216.440258,14216.440258,14216.440258,100,True,0,0.00264900662252,0,1,False,True,14216.440258,True,1,1,535
calibration-tail-robustness-v1.0.0,19,100,TargetOnly,TRIMMED_SENSITIVITY,100,100,40.1013806518,40.1013806518,40.1013806518,99,True,1,1,0,1,True,True,14216.440258,False,0,1,535
calibration-tail-robustness-v1.0.0,19,100,TargetOnly,MAX_SCORE,all,119,14216.440258,14216.440258,14216.440258,119,False,0,0.00264900662252,0,1,False,True,14216.440258,True,1,1,535
calibration-tail-robustness-v1.0.0,19,100,TargetOnly,FINITE_SAMPLE,all,119,14216.440258,14216.440258,14216.440258,119,True,0,0.00264900662252,0,1,False,True,14216.440258,True,1,1,535
calibration-tail-robustness-v1.0.0,19,100,TargetOnly,CONTEXT_CONDITIONAL,all,119,14216.440258,37.5678949906,14216.440258,100,True,0,0.00264900662252,0,1,False,True,14216.440258,True,0.952046783626,0.952046783626,535
calibration-tail-robustness-v1.0.0,19,100,TargetOnly,TRIMMED_SENSITIVITY,all,119,83.3863890662,83.3863890662,83.3863890662,118,True,1,1,0,1,True,True,14216.440258,False,0,1,535
calibration-tail-robustness-v1.0.0,19,100,RACE,MAX_SCORE,100,100,38.5070028574,38.5070028574,38.5070028574,100,False,0,0.777483443709,0,1,False,True,38.5070028574,True,1,1,542
calibration-tail-robustness-v1.0.0,19,100,RACE,FINITE_SAMPLE,100,100,38.5070028574,38.5070028574,38.5070028574,100,True,0,0.777483443709,0,1,False,True,38.5070028574,True,1,1,542
calibration-tail-robustness-v1.0.0,19,100,RACE,CONTEXT_CONDITIONAL,100,100,38.5070028574,38.5070028574,38.5070028574,100,True,0,0.777483443709,0,1,False,True,38.5070028574,True,1,1,542
calibration-tail-robustness-v1.0.0,19,100,RACE,TRIMMED_SENSITIVITY,100,100,34.6910836381,34.6910836381,34.6910836381,99,True,1,0.984105960265,0,1,True,True,38.5070028574,False,0,1,542
calibration-tail-robustness-v1.0.0,19,100,RACE,MAX_SCORE,all,119,38.5070028574,38.5070028574,38.5070028574,119,False,0,0.777483443709,0,1,False,True,38.5070028574,True,1,1,542
calibration-tail-robustness-v1.0.0,19,100,RACE,FINITE_SAMPLE,all,119,38.5070028574,38.5070028574,38.5070028574,119,True,0,0.777483443709,0,1,False,True,38.5070028574,True,1,1,542
calibration-tail-robustness-v1.0.0,19,100,RACE,CONTEXT_CONDITIONAL,all,119,38.5070028574,26.9188275313,38.5070028574,100,True,0,0.777483443709,0,1,False,True,38.5070028574,True,0.952046783626,0.952046783626,542
calibration-tail-robustness-v1.0.0,19,100,RACE,TRIMMED_SENSITIVITY,all,119,34.6910836381,34.6910836381,34.6910836381,118,True,1,0.984105960265,0,1,True,True,38.5070028574,False,0,1,542
