seed,N,detector,variant,retained_features,threshold,FPR,recall,success,covariance_condition,lw_shrinkage,calibration_q50,calibration_q90,calibration_q95,calibration_q99,calibration_max,healthy_q50,healthy_q90,healthy_q95,healthy_q99,healthy_max,anomaly_q50,anomaly_q90,anomaly_q95,anomaly_q99,anomaly_max,protocol_version
0,10,TargetOnly,LW_CURRENT,528,80.73736900172884,0.01,1.0,True,59.709633828332386,0.686870886235994,30.344834731105717,35.66906588258262,36.17611140607615,40.51837650481119,80.73736900172884,30.75836613175959,34.96318442776347,36.48089404919122,38.835766275718875,122.22709273835595,157.99146850113834,283.7053062193733,427.3066475964032,466.12870759033217,18656.583322995088,targetonly-regularization-v1.0.0
0,10,TargetOnly,DIAGONAL,528,69.12638002850262,0.01,1.0,True,,,28.17967303130107,34.06311921715063,34.58814135219184,37.99089999732677,69.12638002850262,27.366295140258224,33.39857495941474,35.719862326993116,39.126995364930195,110.40431221958119,126.930071809554,229.12169141798623,339.24734610559125,372.82900982069305,14792.162215611857,targetonly-regularization-v1.0.0
0,10,TargetOnly,PCA_95_LW,9,3.8461769794024407,0.01,0.4066225165562914,False,1.0,1.0,2.0597645606339587,2.738380501443813,3.1176725104784877,3.269564458442212,3.8461769794024407,1.7832852978033211,2.886069612174575,3.182797488863317,3.8282965232304877,7.594966243015604,3.541735010450801,6.013927723977984,7.380104854864776,10.582677647765475,268.15169648223747,targetonly-regularization-v1.0.0
0,10,TargetOnly,PCA_99_LW,9,3.8461769794024407,0.01,0.4066225165562914,False,1.0,1.0,2.0597645606339587,2.738380501443813,3.1176725104784877,3.269564458442212,3.8461769794024407,1.7832852978033211,2.886069612174575,3.182797488863317,3.8282965232304877,7.594966243015604,3.541735010450801,6.013927723977984,7.380104854864776,10.582677647765475,268.15169648223747,targetonly-regularization-v1.0.0
0,10,TargetOnly,PCA_10_LW,10,4.057280971460678,0.01,0.41324503311258276,False,1.0,1.0,2.173160991642635,2.8866960787083156,3.286843720509489,3.4466847119855504,4.057280971460678,1.8919298820239452,3.0573825858000094,3.361681580221705,4.040584758117319,8.015644480403292,3.764098484944306,6.384001480573072,7.87171866195645,11.235934839385454,282.7157902593562,targetonly-regularization-v1.0.0
0,10,TargetOnly,PCA_25_LW,10,4.057280971460678,0.01,0.41324503311258276,False,1.0,1.0,2.173160991642635,2.8866960787083156,3.286843720509489,3.4466847119855504,4.057280971460678,1.8919298820239452,3.0573825858000094,3.361681580221705,4.040584758117319,8.015644480403292,3.764098484944306,6.384001480573072,7.87171866195645,11.235934839385454,282.7157902593562,targetonly-regularization-v1.0.0
0,10,TargetOnly,PCA_50_LW,10,4.057280971460678,0.01,0.41324503311258276,False,1.0,1.0,2.173160991642635,2.8866960787083156,3.286843720509489,3.4466847119855504,4.057280971460678,1.8919298820239452,3.0573825858000094,3.361681580221705,4.040584758117319,8.015644480403292,3.764098484944306,6.384001480573072,7.87171866195645,11.235934839385454,282.7157902593562,targetonly-regularization-v1.0.0
0,10,TargetOnly,TOPVAR_50_LW,50,10.721435577408005,0.05,0.5960264900662252,False,4.576343624574049,0.7420297857104804,8.755696609419033,10.10208442039438,10.400846639373361,10.684708769956579,10.721435577408005,8.66062296206448,10.302160363841676,10.71226442499917,12.750583742453802,21.65804775037446,11.313281878655742,17.531946666112194,20.092649918796155,23.865318036421268,27.399210162142918,targetonly-regularization-v1.0.0
0,10,TargetOnly,TOPVAR_100_LW,100,15.976418631121758,0.02,0.7059602649006622,False,10.67052428214004,0.7077890146967164,12.59842627962303,14.356063135382781,14.744580094150026,15.688870966826135,15.976418631121758,12.441924622423624,14.854119520631924,15.501194606155366,16.13524393214714,25.1679301898321,23.99364328235246,32.490655365793835,36.55725574765854,45.40563002670315,65.20766054865044,targetonly-regularization-v1.0.0
0,10,TargetOnly,TOPVAR_250_LW,250,31.671873600288205,0.01,0.7986754966887417,False,30.13999818404892,0.6848487519614314,20.897491727361526,24.239106239676687,25.231488527369716,25.50101810901993,31.671873600288205,20.711371461449758,23.780107596173426,24.81765493599721,26.676486404523956,43.0228377002063,41.62581473075054,87.16562620468764,123.92864608197553,244.33504841648937,454.25087328091894,targetonly-regularization-v1.0.0
0,25,TargetOnly,LW_CURRENT,531,77.98926576334554,0.01,1.0,True,168.40595128230066,0.4173494482018878,29.212120947159242,33.13792275720389,33.91544773865442,41.75251320615399,77.98926576334554,28.9223339665296,32.816827324799455,33.889613721746855,36.28621287116368,125.40849648186492,196.45711390434263,310.8780911778191,505.6009954557799,589.8950976613121,25581.16697389345,targetonly-regularization-v1.0.0
0,25,TargetOnly,DIAGONAL,531,67.63235147375734,0.01,1.0,True,,,24.23077957242903,29.685668001061327,31.894861877457075,36.814400431965716,67.63235147375734,23.53505620608182,28.206359104000022,29.81051537686885,38.77833376934794,103.42994184864483,130.31225960656502,207.72312493676344,334.47838919291263,391.5224675744599,16652.62344179043,targetonly-regularization-v1.0.0
0,25,TargetOnly,PCA_95_LW,20,8.230949805867267,0.01,0.33642384105960266,False,2.4367385505004666,0.7342345294516509,2.746632170974825,3.6380785633213044,3.9806895010117076,5.092137391052426,8.230949805867267,2.646695422630027,3.3186902940904073,3.671990703994536,5.339782493945034,13.134172796367492,7.365746506584216,12.814855393325352,17.900406750295776,23.58679997944905,679.6949585556055,targetonly-regularization-v1.0.0
0,25,TargetOnly,PCA_99_LW,24,8.906321877633648,0.01,0.433112582781457,False,2.6610201094029886,0.7416632924912961,2.994798120134661,3.9039053669770807,4.277615151001967,5.319280011785652,8.906321877633648,2.8185395833824387,3.5587902784005894,3.8624847977186376,5.611579283993229,14.043385043469495,8.547006963679078,15.195156864579657,20.947771944444494,27.853692817078716,907.6100710515095,targetonly-regularization-v1.0.0
0,25,TargetOnly,PCA_10_LW,10,6.311287973385308,0.01,0.2119205298013245,False,2.3809423696504384,0.6039487570161893,2.1038823276636736,2.829369212769809,3.122748034667436,3.9807113022968776,6.311287973385308,2.0369206678156537,2.6328134383381894,2.8325703602015926,4.343276198603463,10.508772596347333,4.447895232960029,8.196309543730212,11.385166177668639,14.091214597434472,360.23469156100305,targetonly-regularization-v1.0.0
0,25,TargetOnly,PCA_25_LW,25,8.968639655022688,0.01,0.48741721854304637,False,3.2142772734343867,0.7182799838596545,3.0284237155155935,3.897809151351937,4.275443650026321,5.324241707405082,8.968639655022688,2.855132626249861,3.5680802114524823,3.871205376452495,5.592871588479264,14.225664398396193,8.900250730196055,16.15998995361088,22.302319398931594,30.457569681711327,933.7261044560433,targetonly-regularization-v1.0.0
0,25,TargetOnly,PCA_50_LW,25,8.968639655022688,0.01,0.48741721854304637,False,3.2142772734343867,0.7182799838596545,3.0284237155155935,3.897809151351937,4.275443650026321,5.324241707405082,8.968639655022688,2.855132626249861,3.5680802114524823,3.871205376452495,5.592871588479264,14.225664398396193,8.900250730196055,16.15998995361088,22.302319398931594,30.457569681711327,933.7261044560433,targetonly-regularization-v1.0.0
0,25,TargetOnly,TOPVAR_50_LW,50,9.774660724157322,0.01,0.4728476821192053,False,5.80564334853396,0.6246844932559537,7.2950636445353485,8.20970768875305,8.437989407249672,9.150542627030108,9.774660724157322,7.206546538659076,8.4165607545985,8.834817286832402,9.742588125600186,17.598119534577496,9.624627202683033,14.038091228126957,16.231276588906923,19.442258152453565,21.554867223685083,targetonly-regularization-v1.0.0
0,25,TargetOnly,TOPVAR_100_LW,100,15.120243374228936,0.01,0.6516556291390728,False,23.125183054766516,0.490263739146031,11.098046191537371,12.390602844533412,12.703724579665751,13.28301170772427,15.120243374228936,10.99201893650966,13.135463671082032,13.50456519038189,14.41632303859032,22.40883802315292,17.64932989205027,25.987219638138253,32.32304036407817,43.65745117914449,61.4901847862723,targetonly-regularization-v1.0.0
0,25,TargetOnly,TOPVAR_250_LW,250,29.877484910701984,0.01,0.7960264900662252,False,102.19173147667979,0.3860539604256652,19.472560546742088,22.390226518467458,22.86292433180881,23.588608032409905,29.877484910701984,19.229954980643626,22.309144683762362,22.97552182515727,23.79511455710359,42.45589352210779,37.9153206913195,87.33491001397597,122.10749773445475,249.4330394785722,482.04059646345223,targetonly-regularization-v1.0.0
0,50,TargetOnly,LW_CURRENT,532,84.48908421711731,0.01,1.0,True,301.4747273819573,0.27398519000439414,30.165617693463016,34.7163621834284,36.18320643917669,38.69429193265159,84.48908421711731,30.569248716511247,33.736681139751305,35.3110135415352,37.82757453766814,138.0904893526895,211.47183093263064,325.90309642052364,537.4742312928461,573.3389483822243,26075.757113689382,targetonly-regularization-v1.0.0
0,50,TargetOnly,DIAGONAL,532,70.19352538257604,0.01,1.0,True,,,23.852224973334195,28.531318651459596,31.704230696550816,37.54669840312661,70.19352538257604,23.1824217219207,27.5559933484383,28.805635025150494,39.21400631847896,103.60674994319068,122.29368389510073,195.20068228833864,314.9278627753185,328.74708603963563,14259.129200456764,targetonly-regularization-v1.0.0
0,50,TargetOnly,PCA_95_LW,38,12.364293334399637,0.01,0.990728476821192,True,11.451414911789962,0.360044583202651,3.985713301124245,4.970093628204413,5.474017468820428,6.495919730085692,12.364293334399637,3.8728441708443455,4.566677812155057,4.767989347841561,6.189425556497388,18.891463362919197,15.865384684095789,27.62441733820017,36.50104988189025,47.65282706226764,1383.901786063198,targetonly-regularization-v1.0.0
0,50,TargetOnly,PCA_99_LW,47,13.380921357870278,0.01,1.0,True,14.123810039453767,0.3690500078912761,4.389900503694743,5.32614191366533,5.8185243886052325,6.835702814148738,13.380921357870278,4.252411463296106,5.067109555129886,5.309844535199829,6.428787034080756,20.214268470082267,18.475310663825894,31.392714289217718,44.13787343191139,56.62118086091407,1717.5045629053673,targetonly-regularization-v1.0.0
0,50,TargetOnly,PCA_10_LW,10,8.504193932644124,0.01,0.11125827814569536,False,5.037173029294722,0.258794953225526,2.3550339018040436,3.0984753021255598,3.6430891643591794,4.604786766342982,8.504193932644124,2.319836856406524,3.0646914741173403,3.431546764560678,4.522270717290282,13.41080867356098,4.848171826382733,8.776046060737555,11.54583063294095,15.562870671616366,228.32400161766034,targetonly-regularization-v1.0.0
0,50,TargetOnly,PCA_25_LW,25,10.770722625238513,0.01,0.5655629139072847,False,8.348917820832124,0.3268799296645978,3.3088068512568194,4.256271428467944,4.67069124343389,5.693580948898219,10.770722625238513,3.2087231891408807,3.8724607205361954,4.3679656883794955,5.502408297732295,17.203396581144997,11.140484592644322,18.681877388268287,22.334892469621327,28.502092351300657,697.3039604469952,targetonly-regularization-v1.0.0
0,50,TargetOnly,PCA_50_LW,50,13.682876315698403,0.01,1.0,True,19.401578238846216,0.3667488948643961,4.506519637541599,5.4858183490097305,5.940708274069444,7.002190153706112,13.682876315698403,4.393805174508227,5.2368490744553515,5.454247813641509,6.588718489918498,20.636794524693748,19.48454220844778,34.21586073762911,50.66646059913585,59.80451921397723,1820.671866132884,targetonly-regularization-v1.0.0
0,50,TargetOnly,TOPVAR_50_LW,50,10.109315236906799,0.01,0.4821192052980132,False,19.48856938267712,0.34552175307531924,7.295284710059834,8.507962543943147,8.657745270882653,9.12601689014623,10.109315236906799,7.2787017207970415,8.443873707198865,8.914140872808414,9.88080478199147,16.13885472356567,10.02338473088027,14.413468112288452,16.043718469057414,19.065161802361647,21.42488068515008,targetonly-regularization-v1.0.0
0,50,TargetOnly,TOPVAR_100_LW,100,15.395338522764158,0.01,0.7059602649006622,False,54.97214981636453,0.29227768676001575,11.427024541744743,12.941505997643311,13.102795202094203,13.770131571536004,15.395338522764158,11.360289106532846,13.180388681194112,13.774684300814076,15.46083723331331,22.38204697402243,19.596196543041017,27.886543304593598,37.783470257993166,45.799330566606855,76.71067638337477,targetonly-regularization-v1.0.0
0,50,TargetOnly,TOPVAR_250_LW,250,27.649163643973285,0.01,0.9059602649006623,True,204.15905653848677,0.23518547727030276,19.885756007543193,22.345771256836112,23.514127609277537,24.051957972864674,27.649163643973285,19.71092481774673,22.376238429990046,23.05012957019533,25.32300285312322,45.87052294824456,40.627339055229626,91.07979073647351,122.21589995173237,248.096988645869,583.0406435457693,targetonly-regularization-v1.0.0
0,100,TargetOnly,LW_CURRENT,533,81.51190521575606,0.01,1.0,True,617.4413883176774,0.15169610492165167,32.16133680451448,35.7317227005756,39.32239807437391,41.514341038999945,81.51190521575606,32.49375005867945,35.645892643607674,36.56682466383271,39.54224350146479,144.06648492526108,241.99899291833745,415.3720303585613,644.4993313548533,708.7637817051673,30914.006882135178,targetonly-regularization-v1.0.0
0,100,TargetOnly,DIAGONAL,533,63.520863213882166,0.01,1.0,True,,,22.683129654766,27.099028561358654,29.401657830502533,33.784412712781155,63.520863213882166,22.555431834098968,25.973316851096445,27.540072345953796,34.70825306848059,98.41769794919949,116.4152193302994,191.03522731504015,314.2350652899067,328.6194889831395,14267.07245036614,targetonly-regularization-v1.0.0
0,100,TargetOnly,PCA_95_LW,66,15.671759953574298,0.01,1.0,True,39.40017954022343,0.16798886238093103,5.894227985787842,6.865599624133073,7.180424429692295,7.9364207722285505,15.671759953574298,5.827715232027719,6.4065864029596264,6.637688142402498,7.593152722300778,26.743378819599144,29.264338257595174,49.84802397755227,72.03845977948667,99.03207212295924,3501.457946995809,targetonly-regularization-v1.0.0
0,100,TargetOnly,PCA_99_LW,89,18.212903816013302,0.01,1.0,True,59.49261221826567,0.1731123991297931,6.894233247365985,7.9528046684026235,8.59287840444057,9.306852044261044,18.212903816013302,6.948946145665433,7.570709199239456,8.043598659077768,8.79439029337599,30.652424218363866,37.208777057551025,61.549850871123716,93.14599367276871,119.61871939452469,5249.733903169275,targetonly-regularization-v1.0.0
0,100,TargetOnly,PCA_10_LW,10,9.417588006882722,0.01,0.13245033112582782,False,8.253447884206603,0.10654484745993789,2.539512354211673,3.2254079316978976,3.522556117811513,4.504826662250149,9.417588006882722,2.5584620853474545,3.144060830006585,3.4131686915823707,3.9565628013914647,14.37873905945643,5.757696060497693,9.80301109408971,10.996093967743295,17.30686557369146,310.0212046196185,targetonly-regularization-v1.0.0
0,100,TargetOnly,PCA_25_LW,25,10.762438126658672,0.01,0.9033112582781457,True,15.797532828426755,0.13240169466226953,3.635152495283325,4.395035887677399,4.860426568238741,5.481525137615089,10.762438126658672,3.578119456840464,4.220571421985246,4.546314236043393,5.065671621133493,18.61983304997912,12.690630429572833,20.787868672496447,28.05208488393969,33.79534738068552,795.2708787322601,targetonly-regularization-v1.0.0
0,100,TargetOnly,PCA_50_LW,50,13.284405727267883,0.01,1.0,True,28.98579872660283,0.15955411024467084,5.07575511450082,6.008263649817145,6.462465978419066,6.865075580478916,13.284405727267883,4.96649040929896,5.652004380954363,5.8208322118699,6.248695472594881,22.483414904741863,22.27276839919243,38.94715671261449,52.229755877653275,77.80680604578156,2335.6093605662995,targetonly-regularization-v1.0.0
0,100,TargetOnly,TOPVAR_50_LW,50,10.23960243497912,0.01,0.39867549668874175,False,44.64192681622624,0.17967575744084982,7.290298888942455,8.418793851475696,8.572540551994235,8.800853873640474,10.23960243497912,7.201321280619161,8.211549405059799,8.640897082613598,9.244947428088839,13.889318245638638,9.80802785916693,13.487216221243827,15.203434685182238,18.130428745408885,19.631843470312994,targetonly-regularization-v1.0.0
0,100,TargetOnly,TOPVAR_100_LW,100,15.076125342637289,0.02,0.743046357615894,False,139.82713122543467,0.14450902032003954,11.71915691911102,12.943231351975475,13.513607013493916,14.438864347790487,15.076125342637289,11.411942750726093,13.02194697051246,13.66330427111367,15.337546014158407,21.79920238203073,19.744386863960408,28.382168346759467,39.6432731528307,46.41936755178699,86.3906868929479,targetonly-regularization-v1.0.0
0,100,TargetOnly,TOPVAR_250_LW,250,26.85419219578376,0.01,0.9178807947019868,True,430.24504475833277,0.12465178807731833,19.86118301625138,22.346265608957403,22.790609692955723,25.137360883758895,26.85419219578376,19.85422484977853,22.252666548796338,22.639168637497615,25.55916141955395,51.94058684525473,41.406428896763416,94.86462023768391,126.49291182619777,261.95329306080737,697.4267351889041,targetonly-regularization-v1.0.0
1,10,TargetOnly,LW_CURRENT,529,21907.403165459964,0.01,0.5682119205298013,False,73.2961594275567,0.6501559018919852,30.86352482984818,44.08809984743593,21906.759509268722,21907.23521274085,21907.403165459964,31.659737911367415,16430.147577315118,21906.683091718904,21907.365937352373,21908.039831317554,21909.342297966676,43817.6866849408,43819.10266248012,43820.82823969997,65728.08030401813,targetonly-regularization-v1.0.0
1,10,TargetOnly,DIAGONAL,529,16899.244587980596,0.01,0.5695364238410596,False,,,27.728132579512184,41.67619854934557,16899.217306585364,16899.224448161258,16899.244587980596,28.487048056646636,12674.623046861561,16899.213650949496,16899.249514696898,16900.023267048065,16900.38118961715,33802.605588795945,33802.64643182234,33803.84009134464,50702.63629953195,targetonly-regularization-v1.0.0
1,10,TargetOnly,PCA_95_LW,9,305.3615321089855,0.02,0.2410596026490066,False,1.0,1.0,1.9858551928147778,3.895551358465534,304.8024627775626,305.0678177341498,305.3615321089855,2.187176772380915,228.82483223120448,305.1370840767944,305.37260667765764,305.414168900305,304.02986460014915,610.389952500123,611.1650672819367,612.4576077296565,916.9719831543185,targetonly-regularization-v1.0.0
1,10,TargetOnly,PCA_99_LW,9,305.3615321089855,0.02,0.2410596026490066,False,1.0,1.0,1.9858551928147778,3.895551358465534,304.8024627775626,305.0678177341498,305.3615321089855,2.187176772380915,228.82483223120448,305.1370840767944,305.37260667765764,305.414168900305,304.02986460014915,610.389952500123,611.1650672819367,612.4576077296565,916.9719831543185,targetonly-regularization-v1.0.0
1,10,TargetOnly,PCA_10_LW,10,321.8954745859365,0.02,0.2410596026490066,False,1.0,1.0,2.095791787136264,4.1067304601704295,321.3088444631489,321.58634288399395,321.8954745859365,2.3112395503056433,241.21556255262007,321.66005648755214,321.9108137812981,321.9539741976106,320.50180927096284,643.4407164723453,644.2652232295356,645.6225362677319,966.6346793947417,targetonly-regularization-v1.0.0
1,10,TargetOnly,PCA_25_LW,10,321.8954745859365,0.02,0.2410596026490066,False,1.0,1.0,2.095791787136264,4.1067304601704295,321.3088444631489,321.58634288399395,321.8954745859365,2.3112395503056433,241.21556255262007,321.66005648755214,321.9108137812981,321.9539741976106,320.50180927096284,643.4407164723453,644.2652232295356,645.6225362677319,966.6346793947417,targetonly-regularization-v1.0.0
1,10,TargetOnly,PCA_50_LW,10,321.8954745859365,0.02,0.2410596026490066,False,1.0,1.0,2.095791787136264,4.1067304601704295,321.3088444631489,321.58634288399395,321.8954745859365,2.3112395503056433,241.21556255262007,321.66005648755214,321.9108137812981,321.9539741976106,320.50180927096284,643.4407164723453,644.2652232295356,645.6225362677319,966.6346793947417,targetonly-regularization-v1.0.0
1,10,TargetOnly,TOPVAR_50_LW,50,19.301927971124744,0.0,0.05562913907284768,False,3.933378159178542,0.7706419945869835,9.061722368645245,10.991981421944022,12.202653215524183,15.148857679215377,19.301927971124744,8.872877801926718,11.247216278230797,12.010320731076845,12.9399912305256,15.124302055333091,11.661430257054665,16.902814557536168,20.039675009317932,24.516166265544374,30.969528275642386,targetonly-regularization-v1.0.0
1,10,TargetOnly,TOPVAR_100_LW,100,23.63514724091856,0.0,0.20132450331125828,False,9.969458877962182,0.7130507193600648,12.895649948443186,15.986272256164348,17.312913811022614,20.888220320373442,23.63514724091856,13.123903994725675,15.768501325725696,16.876929332239833,17.792856992217388,19.135709026278633,18.86263783988765,29.187666864941228,36.507441668837366,48.88979887656795,69.67445519165142,targetonly-regularization-v1.0.0
1,10,TargetOnly,TOPVAR_250_LW,250,42.28056320066346,0.0,0.3350993377483444,False,34.84700775806674,0.6475929013143422,20.475165917324308,25.093314846577062,26.45410766885616,33.23064436021573,42.28056320066346,20.62303571881847,24.41086934604783,25.347744770323978,26.590204043754287,29.953329844781436,35.48930500967411,81.83462548451185,104.917568231365,211.3653762654899,545.3704695902907,targetonly-regularization-v1.0.0
1,25,TargetOnly,LW_CURRENT,529,110.46657636534725,0.0,1.0,True,212.29942036014964,0.3870830819972484,30.26974043233727,35.56320072245018,38.464674808305475,61.06124697409614,110.46657636534725,29.41132324428856,33.281017049944616,34.18939945945511,35.26785010789154,35.768279384986634,178.94158431343703,292.84572569137515,467.30339793785004,526.4335979111028,18353.71121580764,targetonly-regularization-v1.0.0
1,25,TargetOnly,DIAGONAL,529,88.58892007482658,0.0,1.0,True,,,24.777811908882608,31.224156799973734,33.5676632019589,55.82452564971588,88.58892007482658,24.151999461428424,27.72475691560431,29.566022583733425,32.360658964562916,32.37083040636159,115.2018140245131,191.45605327030464,302.51454370265634,337.1440957028781,11527.984216005387,targetonly-regularization-v1.0.0
1,25,TargetOnly,PCA_95_LW,20,11.805028616706439,0.0,0.10728476821192053,False,3.4750641902352295,0.631871245182486,2.731157248835299,3.745520301840157,3.9970702300572762,7.377965376684446,11.805028616706439,2.7468293305172082,3.3203899440721982,3.5480824958430657,3.8887002686206484,3.9261160716448495,7.417214768104789,12.443507496048253,15.69535579861138,21.393232534803445,486.0382620923209,targetonly-regularization-v1.0.0
1,25,TargetOnly,PCA_99_LW,24,12.380714631486022,0.0,0.13642384105960265,False,3.7876194905431224,0.6470969394520695,2.9054270263822763,3.992447111816249,4.2547033385164355,7.694261810293094,12.380714631486022,2.965339607058344,3.5890812441721436,3.8289130257338426,4.126243148127791,4.180041375038445,7.911561543518883,13.685258629083632,18.390131716807364,26.14616498136078,681.0505068614632,targetonly-regularization-v1.0.0
1,25,TargetOnly,PCA_10_LW,10,9.130334438723054,0.0,0.07682119205298013,False,2.986271026646165,0.5189735849799088,2.1058882881310117,2.8835527153056337,3.0734233497244023,6.082485892881442,9.130334438723054,2.0778700805109676,2.6445326208676367,2.80174926680598,3.1912691050194852,3.3686672660952293,4.579236300587219,8.270336291990963,9.750470076738855,14.255051752571088,175.40452055289202,targetonly-regularization-v1.0.0
1,25,TargetOnly,PCA_25_LW,25,12.544381345909406,0.0,0.1390728476821192,False,4.713614048542337,0.6293823477286643,2.929308034322026,4.023883827265059,4.278524633029328,7.746755914071902,12.544381345909406,3.006878752465564,3.6215950016719325,3.8507642140390033,4.142504840274114,4.195628833749977,8.037861005859796,14.84078991649729,20.139426224107037,26.655889443958888,696.2651139970901,targetonly-regularization-v1.0.0
1,25,TargetOnly,PCA_50_LW,25,12.544381345909406,0.0,0.1390728476821192,False,4.713614048542337,0.6293823477286643,2.929308034322026,4.023883827265059,4.278524633029328,7.746755914071902,12.544381345909406,3.006878752465564,3.6215950016719325,3.8507642140390033,4.142504840274114,4.195628833749977,8.037861005859796,14.84078991649729,20.139426224107037,26.655889443958888,696.2651139970901,targetonly-regularization-v1.0.0
1,25,TargetOnly,TOPVAR_50_LW,50,15.434073740447042,0.0,0.10728476821192053,False,8.885964096554932,0.5535486754446383,7.482421497766937,8.90427391291396,9.178282213251924,10.643806440982281,15.434073740447042,7.696443284491451,8.727608029460475,9.313291351772872,10.043618037656486,10.630133495883845,10.423074445022605,15.547460560773931,17.513864167135576,21.7846346135557,28.605758362605865,targetonly-regularization-v1.0.0
1,25,TargetOnly,TOPVAR_100_LW,100,20.816084390258908,0.0,0.447682119205298,False,36.22377429122927,0.4161438894249255,12.345500719060315,13.845735364951171,14.971837006426675,15.594990769966977,20.816084390258908,12.151557759025536,13.900196414957605,14.336479822575848,15.431748215423488,16.33789235202149,19.891981641576383,30.89736079955246,38.97220010711829,54.32719087754586,99.4670412344517,targetonly-regularization-v1.0.0
1,25,TargetOnly,TOPVAR_250_LW,250,42.317681168918625,0.0,0.36688741721854307,False,117.58804487172284,0.3619074199705917,20.00157366239808,23.46379654736462,24.262086061950836,28.170618042703865,42.317681168918625,19.97819179825853,23.190738606646107,23.640188937075724,24.442150858122922,24.5947499875308,37.13988470429992,83.38435346172511,116.51363123343157,238.76248434013743,551.5306059590802,targetonly-regularization-v1.0.0
1,50,TargetOnly,LW_CURRENT,532,124.33353520412513,0.0,1.0,True,343.3695156280963,0.25944963385937736,30.75130629174098,35.3517814717375,37.442055666306075,64.37857618492643,124.33353520412513,30.430245766388722,33.68034020952005,34.01566981610179,35.6396334432861,36.97297565027915,195.58253562558681,320.8250171433114,518.4577911008997,560.4481363710759,25579.63738595871,targetonly-regularization-v1.0.0
1,50,TargetOnly,DIAGONAL,532,93.77070238576464,0.0,1.0,True,,,23.57608616376573,28.59942912119557,31.693282103956374,58.47756210424531,93.77070238576464,23.549742258589355,26.980121178289714,28.107584992904904,31.58918162195083,31.800034712061713,111.85308028229663,179.62623956928093,295.44142598503686,308.9581909404174,14079.961580059802,targetonly-regularization-v1.0.0
1,50,TargetOnly,PCA_95_LW,38,17.62208839734176,0.0,0.1814569536423841,False,12.998505803020173,0.33422549610037106,3.878302474487745,4.731254154732728,5.180749105709401,10.46207852856265,17.62208839734176,3.945876527206198,4.605893654326688,4.774438981119154,5.109409741365662,5.230250038116509,14.149183448985232,23.388108260221372,33.770083331820274,44.01277858144004,1803.8759817390287,targetonly-regularization-v1.0.0
1,50,TargetOnly,PCA_99_LW,47,18.52742578807221,0.0,0.5642384105960265,False,15.969082530406345,0.3421167306753862,4.237384422920266,5.25122540429069,5.577788737670977,11.076520382298506,18.52742578807221,4.353480937640084,5.051989434566977,5.218925139155932,5.555290466778057,5.589304040826893,18.842879661534422,30.12746323386822,47.190464232542084,56.59425623017793,2292.9823362024786,targetonly-regularization-v1.0.0
1,50,TargetOnly,PCA_10_LW,10,12.224820677028216,0.0,0.02119205298013245,False,5.469842103707711,0.23498029607917792,2.3873630464194178,3.1009691937131065,3.5406188332200568,7.877578928198977,12.224820677028216,2.3662480794320624,3.000292414042682,3.2556623795102753,3.3820365783834037,3.523328130762645,4.514670798480957,8.082788525019417,9.214139569085978,14.982586274408993,302.8870163425948,targetonly-regularization-v1.0.0
1,50,TargetOnly,PCA_25_LW,25,15.911226615439459,0.0,0.12450331125827814,False,9.653342900912621,0.3038267576470214,3.3030641496303694,4.0564219656668845,4.448828653729947,9.574383657737851,15.911226615439459,3.2757689148375686,3.9321094383159174,4.184831835542517,4.587485497293115,4.61218794981951,9.68934970518646,17.349821925938677,22.39901405541759,33.3072284915935,890.8370115241747,targetonly-regularization-v1.0.0
1,50,TargetOnly,PCA_50_LW,50,18.768969605356144,0.0,0.8013245033112583,False,22.83663586186363,0.34048132022698985,4.415509002267435,5.356356860562726,5.803703509028362,11.166848743128345,18.768969605356144,4.4602057955559715,5.1506664959609685,5.390375349170412,5.674278546583586,5.733362613232478,20.233624757920204,33.09754378631796,49.18714323412135,60.1848464912813,2339.113443506349,targetonly-regularization-v1.0.0
1,50,TargetOnly,TOPVAR_50_LW,50,13.806052835100608,0.0,0.12185430463576159,False,14.818894434018857,0.3858108765255241,7.337392099015633,8.46374020315768,8.796549482876106,9.551744376346411,13.806052835100608,7.533166853372414,8.486371547048755,8.775979536669622,9.299086696543116,11.05900269527807,10.160798185425149,14.325200942819144,16.135628224558797,19.193696610704094,23.523425292213254,targetonly-regularization-v1.0.0
1,50,TargetOnly,TOPVAR_100_LW,100,20.02748446217626,0.0,0.5324503311258278,False,58.464030981642395,0.2823875477544146,11.854110398344623,13.31767222905386,13.45876542987664,15.093437820597659,20.02748446217626,12.0449232651693,13.946453760672808,14.292908127192527,14.566614694186994,16.005691658503043,20.49802840470023,28.37730682494577,36.87960283744569,50.42103516766998,106.34351984635609,targetonly-regularization-v1.0.0
1,50,TargetOnly,TOPVAR_250_LW,250,45.56623085285676,0.0,0.352317880794702,False,195.95820791585098,0.23665854247931895,19.85934019869216,23.1377857733955,24.5671050985274,26.310385310902724,45.56623085285676,20.209260885983937,22.457146394481928,23.05321693150867,23.99029767211781,24.61585133038136,39.26709049134782,86.99873106999232,111.76908482627432,218.90049495949143,596.3272434241376,targetonly-regularization-v1.0.0
1,100,TargetOnly,LW_CURRENT,533,121.449331786729,0.0,1.0,True,602.5141497882214,0.15704951044161744,32.722944209286936,36.851840243773104,39.19928433533376,66.2239830203686,121.449331786729,32.02427686023857,35.826693951667494,37.32301710923498,38.6163938528601,39.22045876240774,226.78658699073353,395.63248357711456,531.3414756717063,655.2741494963601,1522.9334883546853,targetonly-regularization-v1.0.0
1,100,TargetOnly,DIAGONAL,533,90.16859961060125,0.0,1.0,True,,,23.525061658563054,28.76461600190709,33.19870834675359,58.89391803382838,90.16859961060125,23.675252059437398,27.64948617117973,28.55912044687618,33.36128957924226,34.50673747301588,113.00767121721871,179.69429282207977,254.04279817786633,309.57914564185376,762.5005751954054,targetonly-regularization-v1.0.0
1,100,TargetOnly,PCA_95_LW,67,25.495273386431926,0.0,0.9536423841059603,True,39.02781696928374,0.17519872136993045,5.967240006262175,6.933525719498392,7.433637830122831,14.419119822665051,25.495273386431926,5.972866004790976,6.691954138884154,6.8445348881189405,7.287148634608229,7.483404539972935,29.256283596708887,46.72658657270216,66.30293017697275,72.11905113160894,194.95521686381446,targetonly-regularization-v1.0.0
1,100,TargetOnly,PCA_99_LW,89,30.176652501398088,0.0,1.0,True,58.54936668994487,0.17992034601106285,6.992546060449938,8.002790030300467,8.697117084244978,16.622016481352542,30.176652501398088,7.037330972326689,7.8096904129075275,7.97666768888617,8.3920533977003,8.605373520360505,39.835684330272294,63.69674115179188,91.59332809729642,100.06678751062256,254.35834884538795,targetonly-regularization-v1.0.0
1,100,TargetOnly,PCA_10_LW,10,12.642150454928796,0.0,0.018543046357615896,False,8.23593072104123,0.10554892571108404,2.631222582723289,3.4150409310995316,4.045515122880825,8.41210648048159,12.642150454928796,2.680692272753591,3.348153926667838,3.542646502863098,4.060240399766797,4.071391969386276,5.596890990005278,9.550686707490197,10.872871770385856,14.59051705276554,53.56872376119784,targetonly-regularization-v1.0.0
1,100,TargetOnly,PCA_25_LW,25,16.957326326729355,0.0,0.1390728476821192,False,15.61522857618302,0.1371487570716503,3.826222367491375,4.731087417518483,5.051779390224084,9.848705468662613,16.957326326729355,3.75427748142618,4.455279200992873,4.732112758100483,5.201750029677594,5.362905837324908,11.005643007355292,19.763753101214185,29.047602263252358,36.43905337046688,82.19756110884975,targetonly-regularization-v1.0.0
1,100,TargetOnly,PCA_50_LW,50,22.129039862324813,0.0,0.3125827814569536,False,28.49056983025557,0.1658036126902708,5.083447786675133,6.132886972483999,6.613851151691835,12.700623687581505,22.129039862324813,5.198148825994002,5.775893719160727,6.08246489613139,6.3519583830514215,6.6747664888323275,20.458914466949174,32.38182068094813,45.25076156904473,58.89457844571213,149.16832511069293,targetonly-regularization-v1.0.0
1,100,TargetOnly,TOPVAR_50_LW,50,13.259976092145994,0.0,0.14304635761589404,False,31.331630227116335,0.2122582861462537,7.204056032895206,8.100444364183655,8.412743077505016,10.093395568912243,13.259976092145994,7.405030200007612,8.255909316700214,8.553350962932505,8.93166142744453,10.820381786807614,10.157134659530847,14.065194582245717,15.847023531521478,18.021125943585023,21.204739967122144,targetonly-regularization-v1.0.0
1,100,TargetOnly,TOPVAR_100_LW,100,17.814024235169917,0.0,0.5801324503311258,False,119.39530138907736,0.1580011736875224,11.732232074549273,13.266697672922643,13.459819091633118,14.314666605311146,17.814024235169917,11.810841520918615,13.569950044621464,13.706248110309074,14.969295904779386,14.983829490572171,19.519384924869186,28.597240287201387,35.58315700171747,48.43022985721698,128.37175974296522,targetonly-regularization-v1.0.0
1,100,TargetOnly,TOPVAR_250_LW,250,49.157992271430494,0.0,0.352317880794702,False,383.31017149424537,0.13394608518956436,20.429738135987733,23.477031366878013,24.198241665993134,26.960625061440762,49.157992271430494,20.34335640667205,22.97242033190971,23.536614268822003,24.14712134067537,24.16420044194983,41.129207208874334,94.46456583214821,123.66440156742624,239.29849397300654,740.7497255429196,targetonly-regularization-v1.0.0
2,10,TargetOnly,LW_CURRENT,526,41.72659273980858,0.04,1.0,False,136.98338380514846,0.5251055167245748,32.32765390424889,36.627900148221634,38.42434903093505,40.168070789569676,41.72659273980858,33.52147019083364,37.65008818508405,39.400760250082236,205.27471557211567,9455.448903911974,357.61418985635123,472.03612046469283,780.0732501510172,877.4679955298786,21001.99154983978,targetonly-regularization-v1.0.0
2,10,TargetOnly,DIAGONAL,526,33.662858337963364,0.04,1.0,False,,,25.524538565356806,29.32173752994204,30.184797443214347,32.438103333879106,33.662858337963364,25.97794165431547,29.696894565969394,31.325698720642542,148.10590339781936,6579.338354009905,248.1659327411256,328.6020439582708,542.7200762886924,609.4854217185688,14611.682073700778,targetonly-regularization-v1.0.0
2,10,TargetOnly,PCA_95_LW,8,2.3471349025575297,0.1,0.9986754966887417,False,1.0,1.0,1.6890449685680315,2.1215600217276043,2.1595648326370775,2.3336782379599987,2.3471349025575297,1.5887918219315629,2.3038621505481647,2.5051421543264136,5.443634529454763,121.32247424088942,4.470082483421326,6.319305168170601,11.120999835699322,12.163576272603912,266.70130918548244,targetonly-regularization-v1.0.0
2,10,TargetOnly,PCA_99_LW,9,2.4753743032019297,0.08,0.9973509933774835,False,1.0,1.0,1.7585792862747947,2.214435868071568,2.3224516758748357,2.442348044753928,2.4753743032019297,1.6646455883438422,2.397544833480773,2.5968223250358538,5.802167158367634,142.44407188184508,4.719986497072796,6.646746278826508,11.629033548852556,12.691887101237922,314.5650135185173,targetonly-regularization-v1.0.0
2,10,TargetOnly,PCA_10_LW,10,2.621113677778034,0.08,0.9986754966887417,False,1.0,1.0,1.8616146845413248,2.3371355974218444,2.452186502844239,2.592562479733286,2.621113677778034,1.7579783900699488,2.5296178489458865,2.7405273519671427,6.132227125414551,151.73747030741114,4.999359297503825,7.006895960114654,12.277672647439156,13.39540472131364,335.1539145107572,targetonly-regularization-v1.0.0
2,10,TargetOnly,PCA_25_LW,10,2.621113677778034,0.08,0.9986754966887417,False,1.0,1.0,1.8616146845413248,2.3371355974218444,2.452186502844239,2.592562479733286,2.621113677778034,1.7579783900699488,2.5296178489458865,2.7405273519671427,6.132227125414551,151.73747030741114,4.999359297503825,7.006895960114654,12.277672647439156,13.39540472131364,335.1539145107572,targetonly-regularization-v1.0.0
2,10,TargetOnly,PCA_50_LW,10,2.621113677778034,0.08,0.9986754966887417,False,1.0,1.0,1.8616146845413248,2.3371355974218444,2.452186502844239,2.592562479733286,2.621113677778034,1.7579783900699488,2.5296178489458865,2.7405273519671427,6.132227125414551,151.73747030741114,4.999359297503825,7.006895960114654,12.277672647439156,13.39540472131364,335.1539145107572,targetonly-regularization-v1.0.0
2,10,TargetOnly,TOPVAR_50_LW,50,15.65702619736188,0.02,0.22649006622516557,False,9.166962697036201,0.6418078350316087,9.221710776767807,11.581013662112177,12.539446621984485,15.353803957163956,15.65702619736188,9.440911578230025,12.54253827105643,13.8209311050349,17.291341742871264,22.095219116967396,12.529337836902233,18.875631621800267,21.894960443039835,27.039044748864015,35.72700548596048,targetonly-regularization-v1.0.0
2,10,TargetOnly,TOPVAR_100_LW,100,20.496168921261454,0.02,0.5973509933774834,False,26.071039802016337,0.5547476524269236,13.625816638413607,16.34567156576804,17.172862967513193,20.222547666542344,20.496168921261454,14.20054342424024,17.852488179879387,19.607621048832097,23.51466922992959,28.94629152377366,22.055883330843503,31.63024539110929,38.41097900556298,49.1711138012653,87.0408057652482,targetonly-regularization-v1.0.0
2,10,TargetOnly,TOPVAR_250_LW,250,31.53572053853609,0.02,0.8304635761589404,False,70.17532951455219,0.5179934665295141,22.373744756873712,25.83359203435243,27.574663301179736,31.476808899373424,31.53572053853609,23.190476093864795,26.898584040183813,27.905362382127375,33.460947783006674,44.123851552612855,42.352496786468535,94.4470972286826,129.56450144022304,259.6124246374223,566.7425089805449,targetonly-regularization-v1.0.0
2,25,TargetOnly,LW_CURRENT,531,21955.162094190793,0.02,0.5536423841059602,False,174.33086093974055,0.41102382760963124,29.209318542213307,34.59400281744716,21953.551552654302,21955.08315648766,21955.162094190793,29.33167781739853,36.903659781315326,21954.439404853052,21977.54632318175,24175.454852710867,21955.588829393,43908.903963773875,43910.00369559881,54021.0182379319,65865.93351298432,targetonly-regularization-v1.0.0
2,25,TargetOnly,DIAGONAL,531,14052.430271458594,0.03,0.6105960264900663,False,,,24.24388587556727,29.378912117988214,14051.752448026094,14052.427332134688,14052.430271458594,23.99149999967386,34.30726008956542,14052.42350339471,14066.305299848269,15439.490141167047,14053.53254576054,28106.32841851556,28107.05258159705,34574.62285575324,42159.15963437151,targetonly-regularization-v1.0.0
2,25,TargetOnly,PCA_95_LW,21,567.9400122689499,0.01,0.4900662251655629,False,2.7100242109459445,0.704050913570719,2.8438016754167057,3.740750310335725,567.1497554008232,567.6398262737322,567.9400122689499,2.7800413897597958,4.222828978899885,567.0545776216287,567.8941660180349,586.8160352350419,567.8950782796202,1136.8266889848746,1137.7449937906872,1398.175166656688,1705.3226422717128,targetonly-regularization-v1.0.0
2,25,TargetOnly,PCA_99_LW,24,594.2534534231119,0.01,0.543046357615894,False,2.8348948276077603,0.7208684517131043,3.0302198941160157,3.8942378232539303,593.4550016727238,593.9810569550775,594.2534534231119,2.9166218388662273,4.421114633564732,593.4101416851965,594.3054082955027,620.7203542795822,594.487963966988,1189.6621737159126,1190.5543036246565,1463.0957202795196,1784.494617275187,targetonly-regularization-v1.0.0
2,25,TargetOnly,PCA_10_LW,10,350.8683314919937,0.01,0.48741721854304637,False,2.479458913474994,0.585311220916326,2.1372893105442614,2.8327390006902182,350.0941348616523,350.8236238892876,350.8683314919937,2.0376730713954956,3.3708754350303978,350.0425251844348,350.5480812723944,351.01539335085727,350.8242578013319,702.1196270191086,702.6439153816225,863.869186679964,1053.4426512361272,targetonly-regularization-v1.0.0
2,25,TargetOnly,PCA_25_LW,25,604.151136665352,0.01,0.5496688741721855,False,3.454670421464616,0.6987997758355404,3.068240918611985,3.9272346196088925,603.321749764075,603.872046751645,604.151136665352,2.9294435316134564,4.436808995624664,603.2732141225197,604.234666861928,634.8687822939936,604.4256406938779,1209.4740320114283,1210.3968611023417,1487.470517122619,1814.2414959825783,targetonly-regularization-v1.0.0
2,25,TargetOnly,PCA_50_LW,25,604.151136665352,0.01,0.5496688741721855,False,3.454670421464616,0.6987997758355404,3.068240918611985,3.9272346196088925,603.321749764075,603.872046751645,604.151136665352,2.9294435316134564,4.436808995624664,603.2732141225197,604.234666861928,634.8687822939936,604.4256406938779,1209.4740320114283,1210.3968611023417,1487.470517122619,1814.2414959825783,targetonly-regularization-v1.0.0
2,25,TargetOnly,TOPVAR_50_LW,50,11.315198868511647,0.01,0.3894039735099338,False,12.008724201139445,0.4934724636385545,7.716279612209508,8.682244446526045,9.23966906428621,9.790204833316684,11.315198868511647,7.806338486473366,9.192868184871696,9.578046868104705,10.584740143706219,15.781513773596897,10.682258731104547,15.43080698345196,17.372149675507774,21.506915391315058,25.517132361253932,targetonly-regularization-v1.0.0
2,25,TargetOnly,TOPVAR_100_LW,100,15.457082681560385,0.02,0.6993377483443709,False,32.8111298086255,0.42910766750391904,11.583892114754859,12.919338669453548,13.255319475737448,13.720920123209842,15.457082681560385,11.756618159891595,13.303622776365202,14.289283235981936,16.2896513101208,22.386583194399204,18.60079601479733,26.946652141423424,35.941634042418094,47.21769688905143,71.05622730415374,targetonly-regularization-v1.0.0
2,25,TargetOnly,TOPVAR_250_LW,250,22.51985197843802,0.03,0.9682119205298013,False,89.8195273812705,0.4001679080444992,18.736227873308728,21.445323879561002,21.866375817248123,22.439809032340424,22.51985197843802,18.969311090211885,21.301952107907766,21.695450276658473,26.32251258534945,39.48434568825972,36.93891110097578,87.2069325388385,120.65818604220783,244.08207769468473,562.7491427454855,targetonly-regularization-v1.0.0
2,50,TargetOnly,LW_CURRENT,531,52.66896978747002,0.03,1.0,False,412.7450042283606,0.23439944810233057,31.891722372752042,35.22015211634652,36.597358227888755,39.4383315635122,52.66896978747002,31.959635531502606,35.120033827102915,36.96177695175788,261.37272460101224,13479.885274505661,243.4071243328134,378.93244733273247,612.2714601056424,701.6835819495202,29941.133150599067,targetonly-regularization-v1.0.0
2,50,TargetOnly,DIAGONAL,531,31.12962436498411,0.04,1.0,False,,,23.128490509653314,26.678820639072296,27.129646817095967,29.05299201022368,31.12962436498411,23.220514251036448,26.995777697835585,29.766807710573577,153.83639705136318,6928.976727399981,127.11834058102352,199.95518275533806,322.73201908804543,374.45692524358344,15387.264780948844,targetonly-regularization-v1.0.0
2,50,TargetOnly,PCA_95_LW,38,5.1273501781364414,0.06,1.0,False,15.159880694278865,0.29008594541171023,4.050014492149899,4.7621553656458,4.901914737785784,5.118439770782274,5.1273501781364414,3.929311197201976,4.830138474261234,5.147541036285709,23.424933698337075,805.9222577362015,15.244766058571887,23.183203492117922,42.19544285403068,57.20719840498093,1787.64041601424,targetonly-regularization-v1.0.0
2,50,TargetOnly,PCA_99_LW,47,5.701736551630806,0.04,1.0,False,19.386640034072673,0.30103018809196036,4.471587449019559,5.214914541579236,5.358171718305936,5.542718560984533,5.701736551630806,4.436717957898333,5.228558306622152,5.519044931450848,27.194612823192262,944.350338403401,18.17433801581319,29.580303910812535,52.236552967247825,64.5616271598485,2092.911889683551,targetonly-regularization-v1.0.0
2,50,TargetOnly,PCA_10_LW,10,3.374669688756554,0.03,0.919205298013245,False,6.812306550243345,0.1910919726217513,2.342111310419753,2.898583780294758,3.0637300275518218,3.3612326624077085,3.374669688756554,2.243060169668389,3.0721951815811934,3.2440493106018478,10.519467978809582,190.64242391117781,4.942679737236876,8.538438314198304,9.867763098565478,19.202991247087976,426.00057902983804,targetonly-regularization-v1.0.0
2,50,TargetOnly,PCA_25_LW,25,4.718371832200157,0.03,1.0,False,11.406278192162183,0.2583032924605193,3.389777158492021,3.8786215862994378,3.963650657200008,4.293189267357171,4.718371832200157,3.236531977836645,4.133780184242533,4.470134709142847,18.343790596824732,502.4849098162208,9.077739299455974,17.409562105851606,24.50594321980518,36.40428190113907,1114.6807279769719,targetonly-regularization-v1.0.0
2,50,TargetOnly,PCA_50_LW,50,5.832011009334157,0.04,1.0,False,28.673004624115674,0.30018311979380025,4.604354381450771,5.334918999203943,5.522327197413682,5.7315947497047155,5.832011009334157,4.571093356360747,5.547961997983146,5.656646790685307,28.200374992609806,1023.6546716227921,18.525957071625488,31.103066792319602,53.53013639460995,66.60989573622706,2268.2516064546157,targetonly-regularization-v1.0.0
2,50,TargetOnly,TOPVAR_50_LW,50,11.68548500989326,0.01,0.3165562913907285,False,28.84884627148972,0.2846478678822542,7.6021627154970055,8.689595981896861,9.070870057423505,10.82164705093216,11.68548500989326,7.9264337106634715,8.924911073925102,9.430963125932362,10.4040626996683,15.093349192710127,10.49657894045676,14.991336716867737,16.947748811569195,19.69248870183827,24.290221121704384,targetonly-regularization-v1.0.0
2,50,TargetOnly,TOPVAR_100_LW,100,16.311957567154966,0.01,0.6847682119205298,False,81.70378295236267,0.237019921632244,12.017849700471867,13.40841542026211,13.671082442173237,14.625996977696001,16.311957567154966,12.241699372024787,13.91103876744641,14.527337397849688,15.376618513890328,23.075189365544773,19.561571450245026,28.308444824714524,36.56945853833297,52.025203353194065,119.17544769412696,targetonly-regularization-v1.0.0
2,50,TargetOnly,TOPVAR_250_LW,250,25.11664515836655,0.02,0.9655629139072848,False,234.86635102424452,0.21375963288067193,20.28666998013408,22.777855733888586,23.34238078459975,24.313610992811604,25.11664515836655,20.352821007218676,22.738217722098756,23.376664330963354,26.913174414105992,46.34005706227663,40.367187384573626,94.72812235536178,129.2408370255088,266.0806075813898,650.8272244465006,targetonly-regularization-v1.0.0
2,100,TargetOnly,LW_CURRENT,532,47.05825962661042,0.03,1.0,False,862.6610559169536,0.12826221990501444,34.32191127691039,38.75918917312719,41.41694089960763,44.0875018674475,47.05825962661042,34.63324289552793,38.31206000038418,41.27435785736477,266.858456599335,13762.670993877562,257.9039122138602,438.18794069843375,662.5459645470165,755.1742949581422,30576.093704623607,targetonly-regularization-v1.0.0
2,100,TargetOnly,DIAGONAL,532,29.225223668564187,0.05,1.0,False,,,22.45889365503576,25.97413419673667,26.688601225237317,27.340024534544387,29.225223668564187,22.779301584616977,26.67599097450502,29.277555017725888,144.34526701440834,5894.926015666737,113.96481037778263,188.22583515798487,307.62274013416624,340.0719861173046,13091.283349319458,targetonly-regularization-v1.0.0
2,100,TargetOnly,PCA_95_LW,66,7.546917386813953,0.04,1.0,False,50.53017350049121,0.13771476904396665,5.942170595061201,6.886422416231193,6.993589651669178,7.356005780966714,7.546917386813953,6.0616596481219185,6.891456951496118,7.104263289395327,39.171735749171276,1461.618735454388,31.355868577506335,49.24657104347326,78.08782554887897,102.88987986643798,3239.5215253305387,targetonly-regularization-v1.0.0
2,100,TargetOnly,PCA_99_LW,89,8.955518243449621,0.03,1.0,False,79.1052678774651,0.14304894592164888,7.150172598145864,8.178659548548753,8.407044253472554,8.564333682510394,8.955518243449621,7.26805251041433,8.211600743639384,8.402444916589655,47.813722533869495,1969.8409749013067,38.58984026566016,64.03828402338445,101.2236145422286,130.3043269363672,4372.7692942339845,targetonly-regularization-v1.0.0
2,100,TargetOnly,PCA_10_LW,10,3.613581049457742,0.07,0.7284768211920529,False,10.518195504815512,0.07642297261636469,2.6784215217750367,3.193567468125836,3.333018652151976,3.589773046890175,3.613581049457742,2.6086276392897765,3.3531776844417087,3.769566611210188,12.947425736268173,158.99781023989212,4.472621665083183,8.658490013869873,9.926244515776421,16.310671934753895,352.0216663274199,targetonly-regularization-v1.0.0
2,100,TargetOnly,PCA_25_LW,25,5.173871030656522,0.04,1.0,False,20.51041520258648,0.10283919453431742,3.844638980518889,4.48494510217351,4.667454171082499,5.0335101056313,5.173871030656522,3.758630710637588,4.552782011989374,4.7666726540667925,21.794276018410343,430.8820864778876,10.13599174877785,17.419214280370056,19.682341662044053,37.35614684411074,956.963246716691,targetonly-regularization-v1.0.0
2,100,TargetOnly,PCA_50_LW,50,6.940064317744626,0.04,1.0,False,36.100682415955795,0.12886241792244024,5.175824382430706,5.944534406510186,6.1786824796348725,6.854469267200521,6.940064317744626,5.2107485733973995,5.995985841426516,6.363695808551441,31.9213720872117,993.9137536946346,25.21899672940731,41.152930516113884,62.00068678072726,82.55556611046435,2204.1122167874514,targetonly-regularization-v1.0.0
2,100,TargetOnly,TOPVAR_50_LW,50,10.025643716000284,0.01,0.5417218543046357,False,48.10453683742038,0.17123452360446914,7.261259554038955,8.379551061556143,8.629659884365266,9.953103021746685,10.025643716000284,7.66403170640433,8.476332401007964,8.93346014744685,9.991224087826922,13.83825718750225,10.241027642935395,14.001286247466421,16.32615589593349,19.246272215293082,21.69675161880266,targetonly-regularization-v1.0.0
2,100,TargetOnly,TOPVAR_100_LW,100,15.218728125354193,0.01,0.7655629139072848,False,183.09072382819102,0.12405246296826006,11.771454416869048,13.218507356752276,13.783832252229553,14.212277052370242,15.218728125354193,11.965705151883832,13.583102471988749,14.185404037586347,15.18854745548174,21.886278733016105,19.89372145971024,28.7432630908967,38.370269942874714,53.54574791565984,135.51545502169213,targetonly-regularization-v1.0.0
2,100,TargetOnly,TOPVAR_250_LW,250,25.47001087738432,0.01,0.9827814569536424,True,568.9349059071359,0.10646150355673167,20.918493894938596,23.15198105283488,23.602654673877087,24.587692988025495,25.47001087738432,20.96496685884113,23.14099938018613,24.326078985261713,25.482257115759722,51.19144259104122,42.3041533071341,99.40375020299085,133.65043077330313,271.83502202473204,755.9412699708685,targetonly-regularization-v1.0.0
3,10,TargetOnly,LW_CURRENT,528,21819.677200685735,0.0,0.46622516556291393,False,84.101592245998,0.6318303088103508,30.322966501069807,51.25244012590321,21818.33094805831,21819.447752549342,21819.677200685735,31.067325035982165,41.74976585036297,21818.687181838934,21819.25248401611,21819.495917250086,21819.498214536477,43638.934424326566,43639.96322124356,53676.89967017545,65459.375550087214,targetonly-regularization-v1.0.0
3,10,TargetOnly,DIAGONAL,528,16664.12783879354,0.01,0.5880794701986755,False,,,27.006834121387847,49.700253155785184,16664.114642600107,16664.123141631102,16664.12783879354,27.06481465183181,42.21170345583799,16663.371458248323,16664.119913132337,16664.132295772797,16664.358842026406,33329.47553277872,33330.31544112447,40995.304408815275,49994.23634325553,targetonly-regularization-v1.0.0
3,10,TargetOnly,PCA_95_LW,9,373.2389933536181,0.0,0.18410596026490067,False,1.0,1.0,1.9694628724356988,4.3855748853502075,372.3461037526619,372.8942924036346,373.2389933536181,1.9561125136224131,3.9158910618738796,372.64008800977757,372.73039720854644,372.7468036413406,372.13600771296433,745.8048150734351,746.5404041368118,918.0041504859416,1119.4129159838653,targetonly-regularization-v1.0.0
3,10,TargetOnly,PCA_99_LW,9,373.2389933536181,0.0,0.18410596026490067,False,1.0,1.0,1.9694628724356988,4.3855748853502075,372.3461037526619,372.8942924036346,373.2389933536181,1.9561125136224131,3.9158910618738796,372.64008800977757,372.73039720854644,372.7468036413406,372.13600771296433,745.8048150734351,746.5404041368118,918.0041504859416,1119.4129159838653,targetonly-regularization-v1.0.0
3,10,TargetOnly,PCA_10_LW,10,413.9414038937003,0.0,0.24503311258278146,False,1.0,1.0,2.0764431490214275,4.625812235944016,413.1875417502108,413.7767783468147,413.9414038937003,2.0665200510094,4.135880323411783,413.4700678002909,413.59046070106155,413.63168318323653,413.15311297715937,827.5866596532774,828.2518892218501,1018.5539001626353,1241.875917203971,targetonly-regularization-v1.0.0
3,10,TargetOnly,PCA_25_LW,10,413.9414038937003,0.0,0.24503311258278146,False,1.0,1.0,2.0764431490214275,4.625812235944016,413.1875417502108,413.7767783468147,413.9414038937003,2.0665200510094,4.135880323411783,413.4700678002909,413.59046070106155,413.63168318323653,413.15311297715937,827.5866596532774,828.2518892218501,1018.5539001626353,1241.875917203971,targetonly-regularization-v1.0.0
3,10,TargetOnly,PCA_50_LW,10,413.9414038937003,0.0,0.24503311258278146,False,1.0,1.0,2.0764431490214275,4.625812235944016,413.1875417502108,413.7767783468147,413.9414038937003,2.0665200510094,4.135880323411783,413.4700678002909,413.59046070106155,413.63168318323653,413.15311297715937,827.5866596532774,828.2518892218501,1018.5539001626353,1241.875917203971,targetonly-regularization-v1.0.0
3,10,TargetOnly,TOPVAR_50_LW,50,13.665916185285562,0.0,0.3443708609271523,False,12.175898049564688,0.5836753372830359,8.730621152336983,10.305379867925746,11.046908446173328,13.391786198969605,13.665916185285562,8.79004301148143,10.42126600686153,10.730651190282877,11.186002436971899,13.535472772802196,12.094039001075306,17.8098957398442,20.670543270415227,26.497340395141787,32.26108610432666,targetonly-regularization-v1.0.0
3,10,TargetOnly,TOPVAR_100_LW,100,19.718280459893336,0.0,0.5456953642384106,False,19.18805804656259,0.615631914131342,12.723017777932657,14.512594999501669,14.943820284661602,15.791876896462368,19.718280459893336,12.66938511191444,14.34172276515644,14.801677384522915,15.505269167295188,16.25971048119984,20.66310142113842,30.186948918457162,36.80062296379972,48.46589246063314,65.80253661369143,targetonly-regularization-v1.0.0
3,10,TargetOnly,TOPVAR_250_LW,250,31.189020470934754,0.0,0.7496688741721854,False,48.6715685298629,0.6037348856573145,19.922886704743213,23.276149445159913,24.933293298508357,27.040083798993333,31.189020470934754,20.510106856375593,23.901524430919526,25.224442399279653,27.468703631907136,28.080704860694812,39.206178449030105,87.45190197780117,125.19738454789804,250.79983338807148,508.54859263030477,targetonly-regularization-v1.0.0
3,25,TargetOnly,LW_CURRENT,530,75.46479657928555,0.0,1.0,True,171.12077556212776,0.4218851300279911,29.328927908303726,34.61951591259386,36.40349659221532,42.33625814932441,75.46479657928555,29.606165493431185,35.661446257543176,35.852320268559986,39.7817313966178,43.0019901745249,170.6504007202739,307.78671387718305,499.2905041681738,516.9663957052268,34358.74484321562,targetonly-regularization-v1.0.0
3,25,TargetOnly,DIAGONAL,530,68.66379207020486,0.0,1.0,True,,,24.989607381281225,30.48889132399033,35.78761351912883,43.23154771974757,68.66379207020486,24.86934498118488,30.202818990595365,33.47663772961383,39.18076303862357,43.01635156173581,116.58848557761877,208.49824010842485,333.1554792398924,351.7716753826623,22739.39910546264,targetonly-regularization-v1.0.0
3,25,TargetOnly,PCA_95_LW,21,9.327927693061731,0.0,0.3350993377483444,False,2.476289426414916,0.7453903267626166,2.989006456300684,3.835922972355108,4.873049300652838,5.9989519574496395,9.327927693061731,2.963119614492755,3.9608236509265153,4.205592411621912,5.386476945477722,5.882761062560331,8.508096965257884,14.6044063613945,16.432663951797018,32.258687236730985,1390.6349439260155,targetonly-regularization-v1.0.0
3,25,TargetOnly,PCA_99_LW,24,9.714611095802164,0.0,0.36026490066225164,False,2.559146508036862,0.759430121821143,3.1620920846258507,4.019647054134394,5.063986194895052,6.3196861421104025,9.714611095802164,3.1006752543079887,4.126585235686101,4.361858760940397,5.610621947533878,6.130842450057843,9.075673170929,15.70435253698526,17.284432575500524,33.59872445874291,1495.9856018406226,targetonly-regularization-v1.0.0
3,25,TargetOnly,PCA_10_LW,10,7.49653661492496,0.0,0.16423841059602648,False,2.5065463611194847,0.5805986882692078,2.2264367086080763,2.9717623835144487,3.8164735985253686,4.786689901697974,7.49653661492496,2.256425996246259,3.0333919050881435,3.3567207857835486,4.3054237410948755,4.736741821438373,5.270193763074921,8.167236404919922,9.998286048411662,17.60357536017852,361.63965312170393,targetonly-regularization-v1.0.0
3,25,TargetOnly,PCA_25_LW,25,9.77753615806004,0.0,0.376158940397351,False,3.1135330692130747,0.734798607147028,3.1794216700196136,4.0381789567963455,5.093211184672517,6.360006009205773,9.77753615806004,3.1438121317117673,4.13402217633812,4.393199979828202,5.611999650537449,6.141271033147011,9.237033263732966,16.044523290907346,17.609947005597284,34.28630001841587,1547.6402500813947,targetonly-regularization-v1.0.0
3,25,TargetOnly,PCA_50_LW,25,9.77753615806004,0.0,0.376158940397351,False,3.1135330692130747,0.734798607147028,3.1794216700196136,4.0381789567963455,5.093211184672517,6.360006009205773,9.77753615806004,3.1438121317117673,4.13402217633812,4.393199979828202,5.611999650537449,6.141271033147011,9.237033263732966,16.044523290907346,17.609947005597284,34.28630001841587,1547.6402500813947,targetonly-regularization-v1.0.0
3,25,TargetOnly,TOPVAR_50_LW,50,11.47494516307633,0.0,0.5125827814569537,False,19.69048089890052,0.4101498331401248,7.970669667998624,9.309505224865152,9.770274458515296,10.994951971331167,11.47494516307633,8.091732048513673,9.537460326062671,9.972434664748619,10.71033319701721,10.851904164835002,11.596485406009979,16.602516238293514,19.007900565952298,23.20048903974587,27.02098008640371,targetonly-regularization-v1.0.0
3,25,TargetOnly,TOPVAR_100_LW,100,18.133443524877276,0.0,0.6437086092715232,False,45.342209328391235,0.3799279019136983,12.52425272559961,14.385470121024648,14.879668486304872,15.180526570008073,18.133443524877276,12.414947480973863,14.273175687122404,14.501808250214971,15.327008813758262,16.191691897498977,21.00957371152009,30.724575471636943,37.017593560882666,49.34082164260406,75.3847212290652,targetonly-regularization-v1.0.0
3,25,TargetOnly,TOPVAR_250_LW,250,31.746389561659946,0.0,0.7562913907284768,False,108.10596052316703,0.3788621677341093,20.388799245088293,23.600038432072694,24.85207878541451,26.232379102504254,31.746389561659946,20.592712123788722,23.901902957629087,24.812864731955777,25.87161477541764,28.194357911163067,39.49030150716649,88.47768573964142,120.52885301080701,250.48145479942153,602.1618490596763,targetonly-regularization-v1.0.0
3,50,TargetOnly,LW_CURRENT,532,76.54215649804942,0.0,1.0,True,285.18460585556505,0.28137311375711915,30.576210640454327,34.87543370702318,35.60028125659692,38.88865338248141,76.54215649804942,30.613467504745362,33.72480913760631,35.18500616274772,37.57153740156054,40.424306444436425,205.47793907259447,343.58683231827274,551.4962404585149,604.4205963809648,29546.743224296246,targetonly-regularization-v1.0.0
3,50,TargetOnly,DIAGONAL,532,66.98060084923245,0.0,1.0,True,,,24.128253673141565,29.807925109053333,33.06945658090013,38.33141164991852,66.98060084923245,24.155162723651898,28.863040981009455,30.61015992387934,34.42851852644202,38.35055410982525,122.75920182998492,207.3703484792788,335.9172366429762,340.3473280705769,16758.395790570772,targetonly-regularization-v1.0.0
3,50,TargetOnly,PCA_95_LW,38,11.595497644131978,0.0,0.9801324503311258,True,10.665743000357569,0.37081547623503647,3.970973782245389,5.013703246183263,5.464239278805407,6.061299621228696,11.595497644131978,4.068937852648599,4.846926824199878,5.0473059573451335,5.5341414258903106,5.942315463506946,13.7629411967776,22.332884268471673,26.979715245746046,54.78844490894462,1984.9279061355667,targetonly-regularization-v1.0.0
3,50,TargetOnly,PCA_99_LW,47,12.393131703798769,0.0,1.0,True,13.350517176212742,0.37917539707828546,4.457900178934138,5.421735479497887,5.841994334818056,6.551477561653156,12.393131703798769,4.575821533891705,5.335514934877164,5.4991121780334,6.097361832164963,6.423882123446102,21.448802332551004,33.04124531225686,49.15033025975461,62.54947550555675,2372.7530975632644,targetonly-regularization-v1.0.0
3,50,TargetOnly,PCA_10_LW,10,8.686887329352343,0.0,0.09271523178807947,False,5.253630766651461,0.2654746480280891,2.3721524909737806,3.407620798968938,3.6458317458816745,4.583886336930524,8.686887329352343,2.4429974696643195,3.110455694285471,3.404257281998254,3.729193267853387,3.810888455692896,5.037048590743265,8.582373955500765,9.682821842439953,19.85424284575987,339.9000173974168,targetonly-regularization-v1.0.0
3,50,TargetOnly,PCA_25_LW,25,10.34048645957588,0.0,0.3973509933774834,False,8.06729152001806,0.33686770814472233,3.364219059401165,4.386063865091067,4.834409894374938,5.403437114915107,10.34048645957588,3.4242441567956936,4.119897055173044,4.401321807420395,4.904904060186957,5.07891037162625,9.833483252459551,15.341370289684715,17.815375954526797,32.256428426243026,1005.119483831376,targetonly-regularization-v1.0.0
3,50,TargetOnly,PCA_50_LW,50,12.6757740310128,0.0,1.0,True,18.305414121731303,0.37667705873491697,4.60942810742166,5.576113152973503,5.979781119388795,6.785341462104861,12.6757740310128,4.662502894254251,5.5197390840413325,5.606757961050448,6.175875733664459,6.547607504523324,21.902910729543027,36.8658837525294,53.11344938378627,66.94034610021794,2587.7843709959825,targetonly-regularization-v1.0.0
3,50,TargetOnly,TOPVAR_50_LW,50,10.577202106827803,0.01,0.5099337748344371,False,24.466394386457573,0.30830986839176855,7.706437669715731,8.923531002019217,9.3549813418452,10.413748416818622,10.577202106827803,7.7710734665646815,8.532978951463463,9.470514236076575,9.921134133081864,10.62442349008647,10.642566509389043,15.062466326163818,17.486906243643094,20.581897250797883,24.151992027206994,targetonly-regularization-v1.0.0
3,50,TargetOnly,TOPVAR_100_LW,100,16.403418816928465,0.0,0.6834437086092715,False,60.88346231044476,0.27558730698166534,12.14781322660834,13.816614103423829,14.183226894093748,15.45972294055139,16.403418816928465,11.85023881835246,13.415192592432856,13.892581828042736,14.726906635811538,15.446295791738446,20.065278359858713,29.249768608935984,35.94670904663077,49.914904255994074,81.52190398726945,targetonly-regularization-v1.0.0
3,50,TargetOnly,TOPVAR_250_LW,250,27.023810622736317,0.01,0.9139072847682119,True,167.39072764328066,0.2539563646475427,20.22490727708282,23.445952711347235,24.95191591317337,27.00621312598476,27.023810622736317,20.34454627772432,23.045061186840556,23.481579789796886,24.33788719235144,28.465592167351666,40.45331121143757,90.95843498472702,129.13132562891747,260.1763832316205,675.1218971303471,targetonly-regularization-v1.0.0
3,100,TargetOnly,LW_CURRENT,533,45.89544587524323,0.0,1.0,True,514.7325620745199,0.17811277125176406,29.88385789177738,34.10210630888602,34.82593029616261,37.46638431707093,45.89544587524323,30.3823301786734,33.26906039358416,34.39764369013273,36.844406797936934,37.58601453251277,223.21043664535932,376.6939534017459,529.532840759493,643.5059888922257,1561.3024507639143,targetonly-regularization-v1.0.0
3,100,TargetOnly,DIAGONAL,533,47.02787424243248,0.0,1.0,True,,,23.01124458720618,27.023373506026644,30.33493043930882,35.1598693225784,47.02787424243248,22.80878192161756,27.0255577806624,28.218458569973038,31.91262170423111,35.202266540924036,121.68979150299073,192.1430935492364,278.62197646841446,321.37783492317044,808.1145991499199,targetonly-regularization-v1.0.0
3,100,TargetOnly,PCA_95_LW,66,9.965550849874104,0.0,1.0,True,35.08915231945058,0.20189851524650826,5.776552784120772,6.583760998482715,6.93019619265204,8.191386130228777,9.965550849874104,5.91129263401827,6.720677093394631,7.076645782566267,7.708501728705052,7.967021047641699,31.4773553710239,48.565839945183576,70.93669068672443,73.64455062894336,194.38697788678178,targetonly-regularization-v1.0.0
3,100,TargetOnly,PCA_99_LW,88,12.442740283659072,0.0,1.0,True,51.924795346627974,0.2049527555737191,6.854236041359138,7.750510980080027,8.14106434673281,9.377990266638028,12.442740283659072,6.957667003721839,7.857140174248426,8.278788802663502,8.623306618284417,9.007816609098747,45.32468132573979,68.33090443667211,105.03813767702512,107.48131145383525,247.28052289699053,targetonly-regularization-v1.0.0
3,100,TargetOnly,PCA_10_LW,10,6.3724352279829235,0.0,0.2768211920529801,False,7.320136988020173,0.16193602338390997,2.566962096852759,3.530684005601758,3.704406680501567,4.521036094351383,6.3724352279829235,2.622434056290651,3.100822023332226,3.380106819389067,3.756497466940202,3.963081091586307,4.948761099182701,8.6196709093706,9.40747081235143,14.786696863869869,45.409680616977894,targetonly-regularization-v1.0.0
3,100,TargetOnly,PCA_25_LW,25,7.325054137834874,0.0,0.9920529801324504,True,14.288397455006887,0.17485902161011008,3.6631457074124096,4.51834038563215,4.903207966316392,5.663010212064496,7.325054137834874,3.804848915762517,4.409337355165631,4.628281461365347,5.214161519586645,5.429426750640591,9.624438456444548,16.253296281788348,20.845641947276327,29.89805095088355,94.02507291686737,targetonly-regularization-v1.0.0
3,100,TargetOnly,PCA_50_LW,50,9.000079001678142,0.0,1.0,True,25.25939918922554,0.1951569358591916,5.009156345926818,5.85519143833287,6.268420500468387,7.393997941850369,9.000079001678142,5.132203114035513,5.876814598864656,6.177543468622876,6.891257770618562,7.178801093121133,23.28627071895283,36.4666922330611,48.23353260369019,56.573407698187516,153.81274678595926,targetonly-regularization-v1.0.0
3,100,TargetOnly,TOPVAR_50_LW,50,9.607816293694425,0.01,0.6172185430463576,False,45.04960331284545,0.1921627185458882,7.071264935646687,8.284547856002645,8.753812448848606,9.314209886043837,9.607816293694425,7.2588964933749835,8.117140272627,8.52210635711505,9.308793886041284,9.90482899982481,10.236245019213577,13.942899473515896,15.914234960302046,18.67228449215006,21.463133235394455,targetonly-regularization-v1.0.0
3,100,TargetOnly,TOPVAR_100_LW,100,14.255482947031503,0.01,0.7986754966887417,False,131.3586389980438,0.15480393019917663,11.219798899761809,12.669931310380843,13.081160610772113,13.964049192997507,14.255482947031503,11.316728332172062,12.613057108787679,12.956602587392013,13.690505457665571,14.395941090699171,19.095163060539125,27.7715272414888,34.53160485962526,45.30858053012631,86.99206833241615,targetonly-regularization-v1.0.0
3,100,TargetOnly,TOPVAR_250_LW,250,26.562035542294687,0.0,0.9059602649006623,True,330.55941028841113,0.1501216974228104,18.981315764540035,21.351875799255065,22.98162895262982,23.765604929999093,26.562035542294687,18.969506158067887,21.64488019286473,22.31701844609798,23.56789826767621,24.24796851111429,39.18607775541829,89.6235799586123,122.41658828251192,248.4083053812483,674.4730719669466,targetonly-regularization-v1.0.0
4,10,TargetOnly,LW_CURRENT,522,7757.186576804112,0.0,0.0026490066225165563,False,186.05176513488271,0.4884498620833287,35.50437592666656,40.74427211441844,46.611088332289576,133.65198051374716,7757.186576804112,35.24577668482104,42.557339947289904,43.592364666528134,47.55328943576499,50.86929933081174,263.5492721962858,367.47602249068547,733.0419032540259,998.931065032016,17231.504224163124,targetonly-regularization-v1.0.0
4,10,TargetOnly,DIAGONAL,522,5175.707906628249,0.0,0.0026490066225165563,False,,,26.623930318071125,31.41381259395154,34.35651726675701,91.54262310134045,5175.707906628249,26.14373243232848,32.32380530006083,34.25863704565208,36.407011144046166,37.13201888838644,179.0531845990107,247.28567236924732,491.51894909197887,669.1334705244386,11496.926004287474,targetonly-regularization-v1.0.0
4,10,TargetOnly,PCA_95_LW,8,77.83927473159515,0.0,0.0026490066225165563,False,1.0,1.0,1.5966132079852173,2.2312115353107047,2.467729474147663,3.6746259968731803,77.83927473159515,1.68787198311154,2.177249126146869,2.5635992348804497,2.7367219846556012,3.14595434137006,4.738020638531993,7.614505305379085,10.835188873880744,12.684531585574415,172.55038020078365,targetonly-regularization-v1.0.0
4,10,TargetOnly,PCA_99_LW,9,81.04545001175374,0.0,0.0026490066225165563,False,1.0,1.0,1.6568473449487278,2.326841505321686,2.5592671979027974,3.847832955028039,81.04545001175374,1.7908270828872515,2.2849931164494817,2.717741547648906,2.8440660175869983,3.2767750037514776,4.9866729917169925,7.919860463053057,11.806177300642437,13.328024212722386,179.81909817850817,targetonly-regularization-v1.0.0
4,10,TargetOnly,PCA_10_LW,10,85.43265602797068,0.0,0.0026490066225165563,False,1.0,1.0,1.7487923274156059,2.4556856815047756,2.6985416573585486,4.058781970326028,85.43265602797068,1.888102427868883,2.4117670994037157,2.8650392636772475,2.9988888338947386,3.4548561502833426,5.265786072226867,8.348539419782393,12.48157667273493,14.05665889573321,189.557134859258,targetonly-regularization-v1.0.0
4,10,TargetOnly,PCA_25_LW,10,85.43265602797068,0.0,0.0026490066225165563,False,1.0,1.0,1.7487923274156059,2.4556856815047756,2.6985416573585486,4.058781970326028,85.43265602797068,1.888102427868883,2.4117670994037157,2.8650392636772475,2.9988888338947386,3.4548561502833426,5.265786072226867,8.348539419782393,12.48157667273493,14.05665889573321,189.557134859258,targetonly-regularization-v1.0.0
4,10,TargetOnly,PCA_50_LW,10,85.43265602797068,0.0,0.0026490066225165563,False,1.0,1.0,1.7487923274156059,2.4556856815047756,2.6985416573585486,4.058781970326028,85.43265602797068,1.888102427868883,2.4117670994037157,2.8650392636772475,2.9988888338947386,3.4548561502833426,5.265786072226867,8.348539419782393,12.48157667273493,14.05665889573321,189.557134859258,targetonly-regularization-v1.0.0
4,10,TargetOnly,TOPVAR_50_LW,50,13.865998032182974,0.0,0.5470198675496689,False,13.43174729778862,0.568925765555833,8.54046068075683,10.691858456581361,11.086940862247435,12.161730691097345,13.865998032182974,8.83160857351009,10.428453633843468,11.047494423433916,12.297962908752895,13.06265529654386,14.409147322414352,20.421494451425012,23.013752294859838,29.012461337556037,36.566720951493195,targetonly-regularization-v1.0.0
4,10,TargetOnly,TOPVAR_100_LW,100,18.91456383341414,0.0,0.7178807947019867,False,39.584553818024155,0.480898827156164,13.355256302847806,15.172056930727388,15.868061818378953,17.18311204373404,18.91456383341414,13.271401180041753,15.442117248262798,15.927163507690477,17.60215602457014,17.82313889167694,23.04303133372449,32.38027493866765,38.411229057896065,52.830416267227115,79.21075425107264,targetonly-regularization-v1.0.0
4,10,TargetOnly,TOPVAR_250_LW,250,33.74411500896587,0.0,0.8317880794701987,False,115.85249201260714,0.4473170136900526,23.112977416812754,27.01647893344214,28.005239695788664,29.27241098539107,33.74411500896587,23.419088838267598,28.117709888565226,29.049216014578768,30.08932671199886,30.386953488840774,46.94791452967372,101.87228115646062,141.34321449762507,290.0534477472484,457.47086020420636,targetonly-regularization-v1.0.0
4,25,TargetOnly,LW_CURRENT,530,30071.060054414866,0.0,0.14701986754966886,False,236.69158302824815,0.38386404079999775,30.232679375275588,21579.363766768227,28771.944934481624,28785.85212584167,30071.060054414866,29.556305694206863,35.20142663633529,28771.67048797923,28772.581349549746,28773.398344145575,28771.392607097514,57542.60488640572,57544.23874608521,70778.58935605145,86316.03217274122,targetonly-regularization-v1.0.0
4,25,TargetOnly,DIAGONAL,530,18769.686648536328,0.0,0.14701986754966886,False,,,23.18463003667764,13433.450987544078,17911.25152744485,17919.846311404097,18769.686648536328,22.94289803401908,30.397259200407433,17911.247601037314,17911.255276953612,17911.258823796168,17911.70428400844,35823.571473786986,35824.4514009145,44065.035596542744,53735.14162478797,targetonly-regularization-v1.0.0
4,25,TargetOnly,PCA_95_LW,20,884.8107538272559,0.0,0.14701986754966886,False,4.1036848155260195,0.595356091843161,2.605875820495511,606.14100006756,808.4820438804511,809.8908050790043,884.8107538272559,2.602202281136602,3.846888563659372,808.1730229844832,808.7625390108715,808.9048478108841,809.9572243867284,1619.6728562645408,1620.4726838396189,1994.435564900002,2429.621817742396,targetonly-regularization-v1.0.0
4,25,TargetOnly,PCA_99_LW,24,1004.1127440780765,0.0,0.14701986754966886,False,4.5859865452860396,0.6053456084382097,2.85483813390391,690.34938375702,920.738962435226,922.2323222065436,1004.1127440780765,2.8345733691362294,4.001175375518563,920.3338434206964,920.8921862114638,921.1024620377981,920.7567641612513,1842.6299846299123,1843.5841005859968,2268.1451197761567,2764.987303909328,targetonly-regularization-v1.0.0
4,25,TargetOnly,PCA_10_LW,10,592.4007238247104,0.0,0.14701986754966886,False,3.2160372139169247,0.5252863515939497,1.9303376412890405,417.856237350431,557.7162235857769,558.6874959359006,592.4007238247104,2.022825795667984,3.155225854557366,557.7805874410799,558.028339168978,558.0515514495934,558.791424978578,1117.796472049207,1118.7178242908278,1376.2755309298964,1676.2160181225515,targetonly-regularization-v1.0.0
4,25,TargetOnly,PCA_25_LW,25,1020.3133662363198,0.0,0.14701986754966886,False,5.792273888009366,0.5910574840306083,2.9026378382378777,701.7108348611885,935.8867403313953,937.40172406458,1020.3133662363198,2.869927517776625,4.050597803301119,935.4706890412799,936.0466331731703,936.2574112058276,935.8411691177065,1872.8867920668254,1873.8172828176057,2305.3257833984508,2810.401709166417,targetonly-regularization-v1.0.0
4,25,TargetOnly,PCA_50_LW,25,1020.3133662363198,0.0,0.14701986754966886,False,5.792273888009366,0.5910574840306083,2.9026378382378777,701.7108348611885,935.8867403313953,937.40172406458,1020.3133662363198,2.869927517776625,4.050597803301119,935.4706890412799,936.0466331731703,936.2574112058276,935.8411691177065,1872.8867920668254,1873.8172828176057,2305.3257833984508,2810.401709166417,targetonly-regularization-v1.0.0
4,25,TargetOnly,TOPVAR_50_LW,50,9.096002158346808,0.03,0.7562913907284768,False,20.678058168413074,0.44157354127255505,7.242935557237427,8.204708500605031,8.52637932347675,8.781926700233257,9.096002158346808,7.057738935196356,8.183110578042763,8.504302313693115,9.365626948473059,9.946973638755068,10.976947308625755,15.441935720703457,17.324819130368972,21.462072766117235,26.532131749225424,targetonly-regularization-v1.0.0
4,25,TargetOnly,TOPVAR_100_LW,100,14.411035394663788,0.03,0.8225165562913908,False,56.07986640200573,0.3606458119097857,11.606304852131839,13.103498981683463,13.389374029146724,13.946733816890115,14.411035394663788,11.407427475128424,13.093364323898237,13.856779304697376,14.6939032340433,15.785089626364483,20.923612997326693,29.863397621800225,37.70568103538039,50.635183084261584,74.30470519354428,targetonly-regularization-v1.0.0
4,25,TargetOnly,TOPVAR_250_LW,250,25.364944968436603,0.03,0.9311258278145695,False,149.3492955690896,0.3428155079851518,19.99661959797415,22.980656712958805,23.449900346834198,25.013475948324984,25.364944968436603,19.801960086688013,22.510287825918162,23.61679671811159,26.579632160511924,27.06506719348456,39.86713095529221,89.84661933961868,125.2672755651349,260.3494911794213,431.902308183987,targetonly-regularization-v1.0.0
4,50,TargetOnly,LW_CURRENT,531,9665.488460471875,0.0,0.0026490066225165563,False,357.7825370456551,0.26463913203895134,29.985640196161214,32.994450945461075,34.40363476749856,134.29860779281583,9665.488460471875,29.443428880176885,33.68483092820192,34.669460602025374,37.83750999686098,38.117582829081144,216.2173394834008,326.97644531830326,517.1005648864774,654.0072817848218,21468.950645046683,targetonly-regularization-v1.0.0
4,50,TargetOnly,DIAGONAL,531,5231.67753072989,0.0,0.0026490066225165563,False,,,22.028142926768226,25.881953544241373,27.244936319241898,83.0836478109539,5231.67753072989,21.95738798028765,26.795813096587143,27.76221811069231,28.820978390007173,29.33596175932421,126.9829472933532,197.66769032800798,318.5790030484709,377.4825816153056,11618.539757278242,targetonly-regularization-v1.0.0
4,50,TargetOnly,PCA_95_LW,37,525.0720923678746,0.0,0.0026490066225165563,False,13.679871880282368,0.3359802061782123,3.819180122141639,4.481022280564855,4.683816460135604,10.502987483023077,525.0720923678746,3.7550979670708204,4.426474549273169,4.629333833741143,4.8847062601934494,4.9964335658860675,16.73060816385157,30.54023270068455,43.25783847863728,56.82083486830936,1167.5215177093523,targetonly-regularization-v1.0.0
4,50,TargetOnly,PCA_99_LW,46,657.8264287255687,0.0,0.0026490066225165563,False,17.189230981357657,0.3415063845684249,4.204596841754069,4.8991818984582824,5.0918390853184325,12.420913084039029,657.8264287255687,4.162168428173439,4.789327005805384,4.981150338167725,5.22184995610887,5.230668817508934,23.364469908214584,41.304411183848124,63.123561651626616,67.7239401046966,1458.3219242581083,targetonly-regularization-v1.0.0
4,50,TargetOnly,PCA_10_LW,10,88.99188151783812,0.0,0.0026490066225165563,False,5.266814027663964,0.27769652403500383,2.227954355921624,2.8107224442814527,3.005056257482157,4.651921763046012,88.99188151783812,2.1929589389371387,2.8947548645069334,3.100808317775785,3.391858350440994,3.437083257167386,4.6932531767115355,8.592682250664877,9.496347211879902,14.645038004926745,198.20456147191337,targetonly-regularization-v1.0.0
4,50,TargetOnly,PCA_25_LW,25,312.5643282849441,0.0,0.0026490066225165563,False,9.81189920515883,0.3173504836323563,3.194491932206425,3.750244831895561,4.054972170194128,7.719765856313855,312.5643282849441,3.2081210039904025,3.8918089259655537,4.035625011370089,4.323981844363498,4.5494275081962785,11.57000579574599,19.843561453175205,27.27412746078188,37.00943841674768,695.2662702869012,targetonly-regularization-v1.0.0
4,50,TargetOnly,PCA_50_LW,50,777.1651757899874,0.0,0.0026490066225165563,False,24.551990246352613,0.3392099087356948,4.378657417319186,5.065779121463784,5.292349088750931,13.890538213991407,777.1651757899874,4.334217907874832,4.925792572706476,5.129342707658055,5.378590718700224,5.4053814879178645,24.54576499766705,42.49870476444569,64.99927285683076,73.2156224491013,1724.7997011380774,targetonly-regularization-v1.0.0
4,50,TargetOnly,TOPVAR_50_LW,50,8.54351707234699,0.09,0.8198675496688742,False,28.660915435889603,0.3180074934378671,7.15554031792208,8.08422832200889,8.273038809106668,8.41978992080118,8.54351707234699,7.1996800282174345,8.180791575480027,8.692148891242308,9.155002635479699,9.70788173673994,10.334958941965711,14.801343113408288,16.756635579890645,19.58658013874193,24.406840959762455,targetonly-regularization-v1.0.0
4,50,TargetOnly,TOPVAR_100_LW,100,14.242003938534806,0.06,0.8529801324503311,False,86.78997543447691,0.24255863760888738,11.828571814719034,13.49075677752897,13.688178625399996,14.234740861438123,14.242003938534806,11.783209444881887,13.373369832718954,14.285095723563144,15.13660872662145,16.096289180336115,20.661895444663962,28.826067428390676,36.039578547404645,51.85240724129635,78.17204671619382,targetonly-regularization-v1.0.0
4,50,TargetOnly,TOPVAR_250_LW,250,24.911188386583916,0.03,0.9629139072847682,False,228.70803133179268,0.2294908185766328,19.692593013693376,22.003813898098198,22.59921045057006,24.51877521130906,24.911188386583916,19.723076438084284,22.770065821267387,23.807563946959586,25.842015308296777,27.678287338753297,41.78627351621647,91.4340034284539,122.13892093658114,249.02776372613505,520.1183420563801,targetonly-regularization-v1.0.0
4,100,TargetOnly,LW_CURRENT,534,12343.828210714355,0.0,0.0026490066225165563,False,647.2789040817821,0.15692101982870216,31.458391978739794,35.144456343833085,36.84103851311082,162.16678894781427,12343.828210714355,30.82149622649394,34.0613579820089,36.95459609967026,39.10884412162984,40.64707335881076,249.25300044046173,381.77203435505567,592.7634980609153,757.3273526140588,27426.188407859965,targetonly-regularization-v1.0.0
4,100,TargetOnly,DIAGONAL,534,5693.857521540946,0.0,0.0026490066225165563,False,,,21.81150272369521,25.804336964504774,26.38592837532079,87.50594631697453,5693.857521540946,21.942323536608555,26.46280528298647,27.89723662115834,29.7152286191286,30.004588216132223,123.37862397954828,196.32645296859963,312.956378198514,376.72531377251585,12644.813527697079,targetonly-regularization-v1.0.0
4,100,TargetOnly,PCA_95_LW,66,1340.5970456193047,0.0,0.0026490066225165563,False,41.91604672880359,0.17386371251571847,5.811351564814535,6.7083100134049705,6.882352913732846,20.502636655397495,1340.5970456193047,5.6995599975836235,6.384563429262771,6.807498948389133,7.164836736293759,7.273773581789528,34.26027146668899,60.24905911720643,90.87957196117144,105.76885777006068,2979.166649704883,targetonly-regularization-v1.0.0
4,100,TargetOnly,PCA_99_LW,89,1912.5722882795635,0.0,0.0026490066225165563,False,64.291084657832,0.17751980927828187,6.988644171924113,8.01649942978724,8.240045505258415,27.768986415134187,1912.5722882795635,6.816515640336208,7.607336665166747,7.969335540884342,8.550196482916705,8.720215229793471,44.72925660811983,79.64619351407902,116.35649448674025,134.90286847865042,4237.603607645424,targetonly-regularization-v1.0.0
4,100,TargetOnly,PCA_10_LW,10,109.03766447952458,0.0,0.0026490066225165563,False,8.293298369988989,0.1314540797578107,2.5037361964745966,3.0361592496146264,3.192487661558022,4.887516580203586,109.03766447952458,2.4267485609825044,3.147792131141948,3.2808175281716205,3.650040519731115,3.8710584720845835,4.7110818260317675,8.883287749885152,9.840794798036303,14.36183765585865,241.85717704292418,targetonly-regularization-v1.0.0
4,100,TargetOnly,PCA_25_LW,25,317.0626579007795,0.0,0.0026490066225165563,False,16.722975480579677,0.14532620070217372,3.660725286094551,4.340010641562111,4.56179872833096,8.12244827387121,317.0626579007795,3.615433232603333,4.222438823232559,4.426991769111801,5.024072050302504,5.281708908184413,13.088711059522177,20.27540510448652,37.32229583200269,40.75551606254395,708.485749240527,targetonly-regularization-v1.0.0
4,100,TargetOnly,PCA_50_LW,50,846.3989489515402,0.0,0.0026490066225165563,False,30.758616257029892,0.16654357011403986,5.034190553813027,5.802473654503108,6.066248611439594,14.715101484270868,846.3989489515402,4.881494005686961,5.723741708073089,5.807762760233625,5.945243870178843,6.513492538028241,21.354196163097956,45.11908513137806,67.18527167090588,81.30694159888023,1882.9438737120645,targetonly-regularization-v1.0.0
4,100,TargetOnly,TOPVAR_50_LW,50,8.754141229785922,0.04,0.776158940397351,False,53.80070851492764,0.1778128976062268,7.1531858767300385,7.854262439341516,8.154429691648923,8.546044412712403,8.754141229785922,7.161897142879785,8.318597792893431,8.538225497529172,8.912832990086246,9.893884876770958,10.195167347445773,14.266682057336439,16.15677518498475,19.161314310996683,23.389859352270047,targetonly-regularization-v1.0.0
4,100,TargetOnly,TOPVAR_100_LW,100,13.699401400739902,0.05,0.8768211920529801,False,155.73365532935298,0.14080975697879944,11.439516125914707,12.535802458077717,12.955617556601059,13.4582740154434,13.699401400739902,11.443117474708757,13.233075290779917,13.448028732267778,14.368119883618588,15.022251945698462,19.841350129730557,27.919808973103923,38.431826001212194,50.749566470013676,89.12562838602625,targetonly-regularization-v1.0.0
4,100,TargetOnly,TOPVAR_250_LW,250,25.39817116827059,0.02,0.9430463576158941,False,457.45788144590415,0.12526665928738145,19.74774436995931,21.50921356346764,22.038591609878562,23.17444608370563,25.39817116827059,19.74925916498432,22.487096217168652,23.000066930396592,25.85233311766363,26.76903196738812,40.50087462875827,89.72468028998082,122.26712258910973,245.15409215283248,692.4136919321801,targetonly-regularization-v1.0.0
5,10,TargetOnly,LW_CURRENT,527,44.455354882466736,0.02,1.0,False,75.12497714962886,0.6622584315421312,32.1202629675837,38.48923669573703,40.38897205371587,44.143196233514246,44.455354882466736,31.725782651043854,36.133916756127135,38.93100096579434,89.34162886417694,145.8240601507401,145.85109147637027,303.5566968422915,498.0248708275837,503.33116370503785,4886.354753429917,targetonly-regularization-v1.0.0
5,10,TargetOnly,DIAGONAL,527,40.61650593285203,0.02,1.0,False,,,29.317148391017476,36.287108299905825,38.03082585328388,39.19636821260887,40.61650593285203,29.559178980284166,34.926169169842375,37.94802138821779,78.69244512813665,123.86971789756147,116.11288440009282,239.4411945045158,389.0544709195365,393.9558556092217,3813.4900209648536,targetonly-regularization-v1.0.0
5,10,TargetOnly,PCA_95_LW,8,3.666298537150515,0.02,0.5761589403973509,False,1.0,1.0,1.9462440738706364,2.9167667231939145,3.014031835581167,3.5345750832928027,3.666298537150515,2.0704317579354736,2.8723089293766515,3.1633132794285097,5.120503548768757,6.919436006086738,3.9287743155136328,6.141377289391206,7.003788502635446,10.611420984297943,63.07502558653021,targetonly-regularization-v1.0.0
5,10,TargetOnly,PCA_99_LW,9,3.7947816808479344,0.02,0.5920529801324503,False,1.0,1.0,2.0359901807523837,3.026339607744446,3.1839926855863174,3.675700776964105,3.7947816808479344,2.1464207499584647,3.028894555019106,3.2998465688792495,5.297802901078904,7.192815320903258,4.096557574707822,6.8970412187479715,7.982994956358496,11.060332512285084,78.78546668900685,targetonly-regularization-v1.0.0
5,10,TargetOnly,PCA_10_LW,10,4.001803622717099,0.02,0.5920529801324503,False,1.0,1.0,2.1481323283871436,3.190628436526596,3.357546235581054,3.875151206462284,4.001803622717099,2.2639302872097202,3.1944430243671063,3.479377522088244,5.5976979410924725,7.591079032142798,4.329233235398468,7.275694186486861,8.423082321065916,11.659450943558415,83.04902335068033,targetonly-regularization-v1.0.0
5,10,TargetOnly,PCA_25_LW,10,4.001803622717099,0.02,0.5920529801324503,False,1.0,1.0,2.1481323283871436,3.190628436526596,3.357546235581054,3.875151206462284,4.001803622717099,2.2639302872097202,3.1944430243671063,3.479377522088244,5.5976979410924725,7.591079032142798,4.329233235398468,7.275694186486861,8.423082321065916,11.659450943558415,83.04902335068033,targetonly-regularization-v1.0.0
5,10,TargetOnly,PCA_50_LW,10,4.001803622717099,0.02,0.5920529801324503,False,1.0,1.0,2.1481323283871436,3.190628436526596,3.357546235581054,3.875151206462284,4.001803622717099,2.2639302872097202,3.1944430243671063,3.479377522088244,5.5976979410924725,7.591079032142798,4.329233235398468,7.275694186486861,8.423082321065916,11.659450943558415,83.04902335068033,targetonly-regularization-v1.0.0
5,10,TargetOnly,TOPVAR_50_LW,50,12.471569032028214,0.02,0.3337748344370861,False,4.546863350716146,0.7463620002733711,8.709038586007274,10.432228738808242,11.058447839463426,12.239609025361773,12.471569032028214,8.605307143337688,10.187145566349328,10.572701658303664,12.671197206252373,20.047541857724923,11.36545220766952,16.42679983455177,19.880194492899196,23.367854410376403,27.52385514744623,targetonly-regularization-v1.0.0
5,10,TargetOnly,TOPVAR_100_LW,100,16.9762725298972,0.02,0.6569536423841059,False,8.942697459975257,0.7400876058314089,12.322173732282938,14.401436833854145,14.832637356828323,16.938855549696292,16.9762725298972,12.421049498367084,14.439363565039615,15.061814779344317,17.428727200764563,24.002914473186543,19.744480496801824,28.756647898905257,38.046184750743464,52.17043139566685,73.54894549659271,targetonly-regularization-v1.0.0
5,10,TargetOnly,TOPVAR_250_LW,250,29.1262988501009,0.03,0.8450331125827815,False,34.5993425083039,0.670324399915629,20.851850344006554,25.767314137622748,27.186140895923728,29.086274364479873,29.1262988501009,20.72409180772216,24.41666756568988,26.35525166328633,32.87865724974617,49.017703299257235,40.00179843126079,94.4233735240116,142.13175265825367,285.51207535687206,524.1932295812779,targetonly-regularization-v1.0.0
5,25,TargetOnly,LW_CURRENT,533,43.022925947571956,0.02,1.0,False,262.4579087159613,0.3566540730429416,32.542284657388805,36.99388252137482,38.66893643923112,41.456454600433275,43.022925947571956,32.214759585257625,35.96683391425008,37.47501706524463,83.40579228712589,138.69425818200833,209.39595647281345,400.4570692205193,611.2138509402915,627.2413658661854,22986.81985846966,targetonly-regularization-v1.0.0
5,25,TargetOnly,DIAGONAL,533,38.087990001182455,0.02,1.0,False,,,24.698136288782262,30.270683166184224,31.724316802970222,36.867940397442204,38.087990001182455,24.742467597827325,30.23485840263571,32.65705325101074,68.83706703323031,104.68257929317191,129.04007664735744,248.89417823251551,367.48457913815366,386.5159273168742,14034.01885968723,targetonly-regularization-v1.0.0
5,25,TargetOnly,PCA_95_LW,20,4.5576960090336796,0.02,1.0,False,4.462633831806734,0.5528551877141968,2.723217398831028,3.5421780347287797,3.8090177575391913,4.246531652660814,4.5576960090336796,2.6909934630659285,3.5752799967198254,3.9433213221373173,8.743764852014444,12.604173815466222,7.617007275433692,14.526818170131728,16.36665801056794,24.142065736754805,694.4968754309605,targetonly-regularization-v1.0.0
5,25,TargetOnly,PCA_99_LW,24,4.744286210074036,0.02,1.0,False,4.944310780588425,0.5716925026144819,2.9354925458562517,3.79197938680383,4.042843626903164,4.509960921413141,4.744286210074036,2.9382529620684714,3.8087699577383596,4.1480645611445635,9.20805215902544,13.700822060896986,8.232722467081862,16.571286533516385,20.05371015429179,28.585704314378344,1023.4439741496552,targetonly-regularization-v1.0.0
5,25,TargetOnly,PCA_10_LW,10,3.91018654118842,0.02,0.8847682119205298,False,3.7047110162989787,0.43673684321498335,2.1137052273115904,2.8463740540484492,3.1064150426401587,3.7012868041100013,3.91018654118842,2.0956006885920138,2.920849820379454,3.312172609351954,7.4990918619931834,9.36438118671738,5.332271649466235,8.341098989169717,10.513310522607599,15.266274474564607,290.32413132523305,targetonly-regularization-v1.0.0
5,25,TargetOnly,PCA_25_LW,25,4.780343126590575,0.02,1.0,False,6.39375668869371,0.5576103471770167,2.988081407183438,3.828610336626207,4.0777311490840455,4.5461012177522475,4.780343126590575,2.976264984919327,3.8480566690578897,4.197957287063367,9.287052047091755,13.8556580124797,8.34602320053212,17.112102983056175,21.36734505170201,29.457790717855787,1045.6729171541979,targetonly-regularization-v1.0.0
5,25,TargetOnly,PCA_50_LW,25,4.780343126590575,0.02,1.0,False,6.39375668869371,0.5576103471770167,2.988081407183438,3.828610336626207,4.0777311490840455,4.5461012177522475,4.780343126590575,2.976264984919327,3.8480566690578897,4.197957287063367,9.287052047091755,13.8556580124797,8.34602320053212,17.112102983056175,21.36734505170201,29.457790717855787,1045.6729171541979,targetonly-regularization-v1.0.0
5,25,TargetOnly,TOPVAR_50_LW,50,11.08838972195269,0.02,0.40397350993377484,False,13.661796268585672,0.4723731885675256,7.82308170882888,9.05914966447212,9.352628517336724,10.790721448748418,11.08838972195269,7.753654009641955,8.939393148256404,9.628517919843006,12.05776346931303,17.368887633041776,10.50825542182516,14.734444551979328,17.841182001054413,21.905341678765964,24.464176208837937,targetonly-regularization-v1.0.0
5,25,TargetOnly,TOPVAR_100_LW,100,15.8214086545382,0.02,0.7271523178807947,False,38.51721222316756,0.4081783376442723,12.194881833506145,13.833429169391293,14.285384087314595,14.880683396922157,15.8214086545382,12.221866809043629,13.708289506390901,14.56904540125595,18.088838629417776,23.907146702443693,19.443246012020165,29.31604353216481,40.76446622912609,51.23038466712814,83.31522942782746,targetonly-regularization-v1.0.0
5,25,TargetOnly,TOPVAR_250_LW,250,28.211176637954587,0.02,0.9364238410596026,False,141.57082316317428,0.3379740082523834,21.918839910070197,25.414524103567686,26.35180431623203,27.180978251543387,28.211176637954587,21.535071743120326,24.98397385553418,25.873817572730985,31.104476246582124,48.16253778979141,43.96996688713347,103.8978961013845,164.6089032038231,341.5867867516481,613.4934311886975,targetonly-regularization-v1.0.0
5,50,TargetOnly,LW_CURRENT,533,45.80451858911601,0.02,1.0,False,376.0991836856031,0.24509152130620213,31.96573931572719,35.10580452893095,36.649614949324125,37.43447215245616,45.80451858911601,31.756177014538693,34.82211980725666,35.930983835425984,77.44193512172264,139.90027830880555,193.87878881162646,341.0082576379199,556.6805994511392,638.7372936004231,26681.587158528728,targetonly-regularization-v1.0.0
5,50,TargetOnly,DIAGONAL,533,35.661009135599905,0.02,1.0,False,,,23.450090182793588,27.92784804796514,29.938803590864996,34.740111085832275,35.661009135599905,23.37421731898175,28.21244278984227,31.900989205834314,64.98690121089915,99.116928423845,107.5539699952741,194.55813099810345,312.8955893891957,346.69506291682467,14113.833970848236,targetonly-regularization-v1.0.0
5,50,TargetOnly,PCA_95_LW,38,5.9605712684154675,0.02,1.0,False,14.185357829403605,0.30926057895313014,3.9824547275639692,4.733309800872176,4.991644549768247,5.397024294409208,5.9605712684154675,3.936237124525448,4.690519949395749,5.190639581939266,11.250591573504098,17.818993621368428,12.96193181091029,27.124004001525684,32.88003986740855,52.26896973381437,1651.0634772786382,targetonly-regularization-v1.0.0
5,50,TargetOnly,PCA_99_LW,47,6.194696412909137,0.02,1.0,False,17.674454381999052,0.31934969098074506,4.3377998757259455,5.184643631857423,5.39953796477019,5.88687341301055,6.194696412909137,4.3876029774936836,5.053586451704356,5.411995348700786,12.189803826172737,20.04080669431601,16.624509366515674,32.35509987963294,38.63096932183183,63.279652270176655,2083.1717204095144,targetonly-regularization-v1.0.0
5,50,TargetOnly,PCA_10_LW,10,3.9491070847277765,0.02,0.7165562913907285,False,5.932647386160705,0.2086734801232474,2.387733471091394,3.062018298303217,3.298612426346599,3.8572399213000663,3.9491070847277765,2.392071977721078,3.2221068497640926,3.4184228794933387,8.321504573555796,11.273821686399398,4.874329814994249,8.126625473904395,9.854848824903605,15.957387610064385,367.5221850879828,targetonly-regularization-v1.0.0
5,50,TargetOnly,PCA_25_LW,25,5.236576102559839,0.02,1.0,False,10.230111830876073,0.27843295628148595,3.346237596337234,3.990891147866751,4.442656990472264,4.7511231686238515,5.236576102559839,3.311805279256748,4.138120047771272,4.382611464812395,10.431219804940175,15.334261119239175,9.340793744289748,17.662439836533025,18.673070713128965,33.51723956560591,955.4518108890059,targetonly-regularization-v1.0.0
5,50,TargetOnly,PCA_50_LW,50,6.366555311125688,0.02,1.0,False,25.47644689770127,0.31821565899449983,4.5210838682238395,5.3537390906717635,5.6826569027021785,6.0386582288708,6.366555311125688,4.562667884682631,5.244491860132897,5.510318780504662,12.397105825201104,20.35807397908217,18.65380292974974,33.234692148943616,42.41375868091594,68.75054565261541,2280.3628068515077,targetonly-regularization-v1.0.0
5,50,TargetOnly,TOPVAR_50_LW,50,9.411039088437247,0.04,0.5867549668874172,False,21.981992088236776,0.32206329204576456,7.249858983789139,8.402598155855726,8.735590878724405,9.000828936701483,9.411039088437247,7.282439330848286,8.445522626182566,8.78337972436848,11.060184292935128,12.88173919911579,9.730669955167757,13.42224421862479,15.98254277618916,18.76641797040123,21.79208516576466,targetonly-regularization-v1.0.0
5,50,TargetOnly,TOPVAR_100_LW,100,14.197231085918954,0.03,0.7894039735099337,False,54.059973487033446,0.29157288561835604,11.463679137709978,12.98319085045401,13.207392760204561,13.877052420985429,14.197231085918954,11.457053039652443,13.112681172532849,13.757918990854437,17.252990169049134,19.24974758868894,19.033338287764714,28.314598101451264,38.18166690128623,49.230688942704774,74.76289235258561,targetonly-regularization-v1.0.0
5,50,TargetOnly,TOPVAR_250_LW,250,24.513960497453883,0.03,0.9708609271523179,False,194.10222763238204,0.23523917445291148,20.15723519550356,22.997835627499356,23.646832490381346,24.492002203306157,24.513960497453883,20.039571595889498,22.944023341336973,23.906651396664472,30.44192964170263,48.17572480064995,40.089234707888444,90.27549930393955,119.62828706180612,247.20895842831465,613.5554357710973,targetonly-regularization-v1.0.0
5,100,TargetOnly,LW_CURRENT,534,38.548523960844015,0.03,1.0,False,644.2747530181794,0.14987361109351457,32.68965926604905,35.75304320764517,37.217765165893994,38.210585058906226,38.548523960844015,32.522075189016164,35.97277349882508,36.70083784414965,77.40796372162521,132.75801196676466,235.5982522181642,416.12237979071944,536.673149696246,718.3920583230648,1743.4018415576504,targetonly-regularization-v1.0.0
5,100,TargetOnly,DIAGONAL,534,35.22986896191079,0.02,1.0,False,,,23.029451354729353,27.008512662029325,28.93826993231055,34.628364639556274,35.22986896191079,22.914749116100687,27.642490828236678,31.515204992619314,61.16807460499978,91.09112759135935,114.81955920293795,185.08072748954703,258.3586547633308,315.55520319459595,839.254918529195,targetonly-regularization-v1.0.0
5,100,TargetOnly,PCA_95_LW,67,7.7002837958526325,0.02,1.0,False,40.60418680746899,0.1654567847101914,5.970289445040862,6.876893849814807,7.0762033910615125,7.395028870921833,7.7002837958526325,5.992741221494477,6.616131066207146,7.091506327210694,14.090250707872524,24.35764060328772,25.88319873413458,42.3171389989482,60.752151005309514,69.84357194103448,201.74759122006515,targetonly-regularization-v1.0.0
5,100,TargetOnly,PCA_99_LW,89,8.569271652016033,0.03,1.0,False,62.32552735618598,0.17080736152541182,7.0684606279452,7.9317870204322585,8.249290013962643,8.442136100762264,8.569271652016033,7.131864203913809,7.994684098138247,8.234016556270356,16.83994358734746,28.495199745563983,41.816870512053505,65.28763733556917,96.85485685834627,103.09037745479144,270.98758536010274,targetonly-regularization-v1.0.0
5,100,TargetOnly,PCA_10_LW,10,4.5521202765646915,0.03,0.5218543046357615,False,8.459131114027128,0.09760821908471315,2.5915125515801214,3.3263319368924136,3.5659255163709083,4.437658584343332,4.5521202765646915,2.6981408330501564,3.5420163740673574,3.774688923312976,9.149211616877313,12.64644036210688,4.608693050123491,8.867328656996916,9.78663560240035,14.650634049554693,54.463188818491275,targetonly-regularization-v1.0.0
5,100,TargetOnly,PCA_25_LW,25,5.607108703521714,0.03,1.0,False,16.520564229928212,0.1275649464207816,3.7302053263175243,4.4976084035272805,4.8728024460208,5.348021493324254,5.607108703521714,3.7691356535253338,4.467356274210532,4.958036391253007,10.86560506706897,17.59489090911218,10.012489086518357,16.61933586638605,18.827099775310412,25.4987957891283,110.5188496855981,targetonly-regularization-v1.0.0
5,100,TargetOnly,PCA_50_LW,50,6.921604797162832,0.02,1.0,False,29.513871401701284,0.15558102806167956,5.111462761586884,5.942998749819411,6.164979287583825,6.7840082091379,6.921604797162832,5.159770972182835,5.7991090101721054,6.131177087014186,12.710222704674733,21.985489851609213,21.257110815027502,34.91801311317565,48.45666460785921,56.442814877496794,163.12478163112448,targetonly-regularization-v1.0.0
5,100,TargetOnly,TOPVAR_50_LW,50,9.414664667135085,0.04,0.590728476821192,False,47.034158252188554,0.17233318105329312,7.266934550462215,8.314290806276844,8.602663321156639,8.903737070298616,9.414664667135085,7.272937732530579,8.530943886626396,8.731059557406377,10.530507571442733,12.743739841575948,9.814848787392473,13.631117280582634,15.881147936256854,18.771001076239255,20.602817212287153,targetonly-regularization-v1.0.0
5,100,TargetOnly,TOPVAR_100_LW,100,13.662356418982629,0.06,0.833112582781457,False,125.74019957004364,0.1536536866049354,11.222579923913404,12.799859991431441,13.141343373623682,13.336866499519797,13.662356418982629,11.362567613935443,12.955137153565317,13.836992211247377,16.074248074567134,17.2319283128767,18.15648028123337,26.60637396654876,33.679823495902056,45.43935982256802,85.43598358745437,targetonly-regularization-v1.0.0
5,100,TargetOnly,TOPVAR_250_LW,250,23.59406226523043,0.07,0.9814569536423841,False,424.49814383491463,0.126078080068187,20.295218917398863,22.443270453946887,23.027021767306486,23.493558315371196,23.59406226523043,20.494397747532155,22.562172423140535,24.048128953200973,30.14576993722438,49.67816507159362,40.161569039183505,93.01336185143514,127.00834278736689,259.40183346292554,753.3414820008896,targetonly-regularization-v1.0.0
6,10,TargetOnly,LW_CURRENT,526,33600.42111477898,0.0,0.3562913907284768,False,166.0251498803085,0.507815318647861,49.77196116046029,26309.23503237744,26420.309042630346,33599.62389890508,33600.42111477898,42.04273427291787,26309.153001549683,26309.95501935436,33600.0574980265,33600.33474493053,26307.367433757532,67201.41392358791,67204.83641291295,85253.55402492444,100806.14465740164,targetonly-regularization-v1.0.0
6,10,TargetOnly,DIAGONAL,526,22834.878019452255,0.0,0.34172185430463575,False,,,37.91967871475079,17959.31154345992,18036.455116722213,22833.961483311068,22834.878019452255,31.855507600557175,17958.54753288053,17959.31644071734,22833.951140177913,22833.95688175613,17957.76467412104,45669.351257678434,45671.478873453205,57945.889082329246,68505.72300564534,targetonly-regularization-v1.0.0
6,10,TargetOnly,PCA_95_LW,8,470.73642705166014,0.01,0.1152317880794702,False,1.0,1.0,3.2063601184439836,332.62265384419,332.85487390296163,397.70519020854704,470.73642705166014,2.492636510601212,332.4419496100815,332.6227542477029,334.8164822977029,471.1404602890823,293.18238102494877,586.58165790299,588.0085707400226,792.4159314119792,880.2064745671536,targetonly-regularization-v1.0.0
6,10,TargetOnly,PCA_99_LW,9,488.59162940275127,0.01,0.11655629139072848,False,1.0,1.0,3.36645872535553,347.04176515706064,347.198109124264,414.05206779338545,488.59162940275127,2.5891473732437937,346.80483357860436,347.03805917834103,349.2374518001798,489.01856612909893,324.5335111003376,649.1780645469436,650.5821372508065,861.0605405425634,974.3169715954552,targetonly-regularization-v1.0.0
6,10,TargetOnly,PCA_10_LW,10,523.7286308466436,0.01,0.11655629139072848,False,1.0,1.0,3.554327339770485,375.95386811841854,376.16771551273615,442.68556659667917,523.7286308466436,2.7312872210230754,375.71831896625855,375.986620929797,378.32333239130867,524.1756409588156,350.8238556549457,701.941798179782,703.3417766103521,933.8413410292665,1053.555202131663,targetonly-regularization-v1.0.0
6,10,TargetOnly,PCA_25_LW,10,523.7286308466436,0.01,0.11655629139072848,False,1.0,1.0,3.554327339770485,375.95386811841854,376.16771551273615,442.68556659667917,523.7286308466436,2.7312872210230754,375.71831896625855,375.986620929797,378.32333239130867,524.1756409588156,350.8238556549457,701.941798179782,703.3417766103521,933.8413410292665,1053.555202131663,targetonly-regularization-v1.0.0
6,10,TargetOnly,PCA_50_LW,10,523.7286308466436,0.01,0.11655629139072848,False,1.0,1.0,3.554327339770485,375.95386811841854,376.16771551273615,442.68556659667917,523.7286308466436,2.7312872210230754,375.71831896625855,375.986620929797,378.32333239130867,524.1756409588156,350.8238556549457,701.941798179782,703.3417766103521,933.8413410292665,1053.555202131663,targetonly-regularization-v1.0.0
6,10,TargetOnly,TOPVAR_50_LW,50,21.024621854134452,0.0,0.11258278145695365,False,18.588389268181505,0.5014638583224006,10.922020268460944,14.647616514751213,15.943953891684897,18.89050567048548,21.024621854134452,10.784840570831516,14.239524686942982,15.493151764868,17.17740961819573,17.432103656862758,15.395468741031554,21.666120714984576,24.592974320704137,31.519053393646853,35.981918708112595,targetonly-regularization-v1.0.0
6,10,TargetOnly,TOPVAR_100_LW,100,24.55019514167085,0.0,0.528476821192053,False,47.67757306054088,0.4478780481268059,15.621385679787746,19.25806767665942,21.93870348235352,23.350733511055886,24.55019514167085,15.695355370060899,19.161118265252938,20.67403854924934,21.4827963346149,21.730853822654595,24.88753155654568,36.146855315783846,46.54407130666496,58.59551305877402,119.56262313887832,targetonly-regularization-v1.0.0
6,10,TargetOnly,TOPVAR_250_LW,250,37.0411623483956,0.0,0.7496688741721854,False,88.19673643680514,0.49236606634718766,25.48858178976029,30.362238282688693,31.09443403588551,34.46960578663287,37.0411623483956,25.713202766775222,28.95371830662395,31.114576576374933,33.83240503184328,36.48570612832027,45.753878648635954,99.44720464800643,131.7460838255889,259.2198522363371,510.85270000959736,targetonly-regularization-v1.0.0
6,25,TargetOnly,LW_CURRENT,530,23591.761591985545,0.01,0.2370860927152318,False,283.3906069253839,0.33949714884566723,32.812833230756034,18282.912768393064,23590.42430646659,23591.489688350033,23591.761591985545,32.077088879401124,45.14168164029133,17988.294643199697,23608.164204200108,25273.644107693795,23589.055232617902,47177.146919593935,47178.40777508013,58039.34629126385,70768.6191296862,targetonly-regularization-v1.0.0
6,25,TargetOnly,DIAGONAL,530,13798.947976328154,0.01,0.5894039735099338,False,,,24.54461548868505,10694.014331865728,13798.941917051476,13798.947086468817,13798.947976328154,23.975905647030686,32.8722275143888,10521.554354761021,13808.378235829005,14742.142104149325,13799.325751699378,27599.26749377598,27599.970836576344,33949.68556371914,41398.978875876805,targetonly-regularization-v1.0.0
6,25,TargetOnly,PCA_95_LW,20,645.7744934421687,0.01,0.5735099337748344,False,4.957465133575694,0.5186816029621169,2.6453298508234955,499.59457967210545,645.3153591103179,645.6990272877695,645.7744934421687,2.5293492818032917,3.4521375468602287,490.4335266902872,645.3173661662447,646.1573350204634,646.2677945220934,1294.3268811145317,1295.58917293931,1593.1498310847624,1942.652079369959,targetonly-regularization-v1.0.0
6,25,TargetOnly,PCA_99_LW,23,698.3802950634771,0.02,0.5470198675496689,False,5.488526916745259,0.5278489860596818,2.803365342579231,540.5360727070787,697.9447929254925,698.2849543034187,698.3802950634771,2.664772194093283,3.5750891204828843,532.4324731850044,698.7551934403425,710.0891793715145,698.7271909198336,1399.3245754739364,1400.7479231542184,1722.5046160793545,2100.708750288162,targetonly-regularization-v1.0.0
6,25,TargetOnly,PCA_10_LW,10,333.48201376407394,0.0,0.49403973509933774,False,3.9328725914777767,0.42558779668440555,1.9938606022833958,257.9686919844011,332.82918873220416,333.3418961640905,333.48201376407394,1.8881269244951064,2.674743721402091,253.22382670314983,332.8522302115466,332.8765151145053,333.4535139832562,668.3497807166443,669.1312889513948,822.9059724793926,1002.7832475840535,targetonly-regularization-v1.0.0
6,25,TargetOnly,PCA_25_LW,25,716.414231144008,0.02,0.5470198675496689,False,7.393992483786374,0.5170921612736664,2.891539337064354,554.4932618425246,715.9691787738715,716.3154305937836,716.414231144008,2.7795279469861036,3.6339211882322187,546.1923387604664,716.8229440781834,730.4091216103419,716.7738390401377,1435.4599683997415,1436.9118229597213,1766.9657729887317,2154.955285537899,targetonly-regularization-v1.0.0
6,25,TargetOnly,PCA_50_LW,25,716.414231144008,0.02,0.5470198675496689,False,7.393992483786374,0.5170921612736664,2.891539337064354,554.4932618425246,715.9691787738715,716.3154305937836,716.414231144008,2.7795279469861036,3.6339211882322187,546.1923387604664,716.8229440781834,730.4091216103419,716.7738390401377,1435.4599683997415,1436.9118229597213,1766.9657729887317,2154.955285537899,targetonly-regularization-v1.0.0
6,25,TargetOnly,TOPVAR_50_LW,50,11.380792177925914,0.0,0.4463576158940397,False,26.942651519739492,0.352380986837471,8.525156068544511,9.687253225687321,10.151736546844543,11.272639601163448,11.380792177925914,8.24531046073992,9.625886816863297,9.956428474955311,11.289400185897831,11.313205726810992,11.051423459227708,16.46096374330131,18.79887380910411,22.168779098978483,26.174151243450268,targetonly-regularization-v1.0.0
6,25,TargetOnly,TOPVAR_100_LW,100,19.40240019387622,0.01,0.6172185430463576,False,86.70203309988223,0.2760200724062052,14.053533177498455,15.854238214641025,16.473702194001564,17.680448280789047,19.40240019387622,13.87214945612838,15.575724966203648,16.135629513963575,17.844653950655754,19.748570099497588,22.935612379490873,32.61265056737045,37.93271766282959,50.27049533958617,75.33791341438659,targetonly-regularization-v1.0.0
6,25,TargetOnly,TOPVAR_250_LW,250,36.6449370304231,0.0,0.7536423841059603,False,208.3453228621608,0.27658633396559323,22.97459352211836,26.93061109689096,27.732176207958094,29.737469747938626,36.6449370304231,23.313475150136007,27.129758024011863,28.016253216805246,30.227665816075806,31.292196693865023,47.42086233734491,104.90400082573387,164.45333381189178,332.34161642042443,523.6393965083652,targetonly-regularization-v1.0.0
6,50,TargetOnly,LW_CURRENT,533,67.28285286922178,0.01,1.0,True,383.9628657050798,0.2460276438007325,32.02302117656174,35.73921894378731,36.72002010802628,40.489253095739144,67.28285286922178,32.06664567053234,35.529277510704716,36.192248726812736,159.52001474890423,11904.516711299113,198.50495548168973,383.5744346346123,610.0329172969047,616.94161809523,26432.915237907528,targetonly-regularization-v1.0.0
6,50,TargetOnly,DIAGONAL,533,56.302756108681635,0.01,1.0,True,,,23.433119663647616,27.097264531124324,28.937839333097738,33.564917321152414,56.302756108681635,23.82471488187778,26.910157376832732,28.360775982495426,97.30510277450341,6277.852745060331,110.88629895418882,214.92934999014466,318.68582535502327,347.2895597251493,13940.539471168822,targetonly-regularization-v1.0.0
6,50,TargetOnly,PCA_95_LW,38,10.372229482376335,0.01,1.0,True,14.45618372473358,0.31143090825810277,3.906155310431955,4.502229041361337,4.650216621949597,5.546598943333026,10.372229482376335,3.8387076465017285,4.679715376926498,5.042407624990962,13.08218795228855,749.7222640231499,16.66938454564288,25.925697688129016,35.32498506048351,54.126835012437795,1666.1122332698296,targetonly-regularization-v1.0.0
6,50,TargetOnly,PCA_99_LW,46,11.566301591533424,0.01,1.0,True,17.747988681083672,0.31970106313433183,4.257238527306323,4.938340564463109,5.112422829627542,6.114271077725708,11.566301591533424,4.26658575599133,4.9180475679173075,5.351873159437203,14.466497594721247,836.4597797128065,17.857164069162103,30.150428161550558,41.63389893269185,63.75392248740757,1858.156106136272,targetonly-regularization-v1.0.0
6,50,TargetOnly,PCA_10_LW,10,6.413506716510997,0.01,0.37880794701986753,False,6.4390483707419435,0.20891954555385864,2.3011382277289565,2.8550100583167373,3.126626655583024,3.6778959849893984,6.413506716510997,2.2420071103053876,2.834068829878499,3.189847153250068,6.056563885906291,201.17012010632814,4.941090468188547,9.38419121226165,10.395206390285066,16.20107776906123,446.88686550796626,targetonly-regularization-v1.0.0
6,50,TargetOnly,PCA_25_LW,25,8.871006535350498,0.01,0.7271523178807947,False,10.73301695353745,0.2785316428397384,3.326785551628813,3.8464604359829644,4.028260215281197,4.517531489659597,8.871006535350498,3.203123438769796,3.9070286542001114,4.247416245712385,9.19466307836435,429.4599062859183,9.891443722320867,17.222903150466614,21.76476043710707,37.38228257521979,958.8091070149605,targetonly-regularization-v1.0.0
6,50,TargetOnly,PCA_50_LW,50,11.887535573185495,0.01,1.0,True,26.155503790577505,0.31787625723861845,4.43932809048079,5.103474986697261,5.42140340781585,6.252386605638645,11.887535573185495,4.444969473317549,5.165297961831527,5.483488062137209,15.705694481986798,947.8038055643842,19.026511801324805,32.41675456515337,45.477605197666236,68.38244862316868,2106.372319398662,targetonly-regularization-v1.0.0
6,50,TargetOnly,TOPVAR_50_LW,50,10.615221414702393,0.0,0.5006622516556292,False,40.787360830045,0.24322015211204273,8.001027900632447,9.052068862742857,9.492281745144039,10.524082003119915,10.615221414702393,7.793474663334597,8.959870744471976,9.52904026082074,9.742817316130141,9.866907204059597,10.627881861128024,15.384599720857,17.381855524930533,20.49500396493394,23.32077980737266,targetonly-regularization-v1.0.0
6,50,TargetOnly,TOPVAR_100_LW,100,18.272829865489918,0.0,0.6264900662251656,False,93.14541321026492,0.2244199604558975,12.774015775957913,14.417082290071832,15.027834169008056,16.20065798452993,18.272829865489918,12.730565385385525,14.388199280870833,14.759878327084687,15.919976659688217,16.107593774008443,22.144442243796366,31.32653005071066,39.00211449356514,49.34612247595926,82.60555190393804,targetonly-regularization-v1.0.0
6,50,TargetOnly,TOPVAR_250_LW,250,33.08684458066119,0.0,0.8211920529801324,False,271.5748432699483,0.2024742153190457,21.543057223892156,24.436184250732087,25.65740150652365,28.83928457256917,33.08684458066119,21.957029504441014,24.683794076390722,26.33220030552537,27.392973557777808,29.23431284895921,46.06774745728029,108.39949696949634,163.4418060923769,331.72315030292583,612.8431768818754,targetonly-regularization-v1.0.0
6,100,TargetOnly,LW_CURRENT,533,40.67927523929676,0.01,1.0,True,586.9426885012485,0.16391888698351112,31.17929531279603,34.45065152237986,36.7707785743946,40.450361340094865,40.67927523929676,31.07468415605203,34.615698161051306,35.16638211898762,172.11548011496927,13344.737637307966,223.9021978155101,387.32922400060244,627.2027403323879,731.9179144710447,29630.455442370665,targetonly-regularization-v1.0.0
6,100,TargetOnly,DIAGONAL,533,40.316539053788055,0.01,1.0,True,,,22.306387658666594,25.8858126667777,27.24737924050826,31.571517384090704,40.316539053788055,22.527272817289308,25.6176938750968,27.026618407645465,94.8680154702718,6341.249996402825,118.24665241896612,206.66127832930053,326.66435835578807,363.7911399745659,14081.765726204814,targetonly-regularization-v1.0.0
6,100,TargetOnly,PCA_95_LW,66,8.48836490375669,0.01,1.0,True,39.28621379364699,0.18280960434854807,5.794485869514902,6.615657459821648,6.953868662704534,7.957091361742315,8.48836490375669,5.790685903970828,6.7341920456934545,6.851869424670567,22.534688887621037,1546.7961877531486,33.07962053362177,52.60911988110054,78.47480412545323,102.62584633133338,3432.658499493632,targetonly-regularization-v1.0.0
6,100,TargetOnly,PCA_99_LW,89,10.118901659316345,0.01,1.0,True,59.28553654181324,0.18632055594484243,6.893307917592638,7.91262080835595,8.029669897421643,9.306478825688986,10.118901659316345,6.94899553399733,7.803981866208992,7.945592316000015,28.43899149338194,2029.996014795832,45.142017081425955,69.71439379447219,107.14430100685891,129.08590062991942,4511.504990688312,targetonly-regularization-v1.0.0
6,100,TargetOnly,PCA_10_LW,10,5.1824481274536724,0.01,0.42251655629139073,False,7.486953052223427,0.14642221146012294,2.410130989132,3.1213775208431507,3.210753450146779,3.7197826969865964,5.1824481274536724,2.328079036208356,3.0087221179032833,3.187555096323749,4.789487659295155,107.2753212240011,4.375751852174688,8.455692074989232,9.397129869191197,16.76011919362298,240.9630619968799,targetonly-regularization-v1.0.0
6,100,TargetOnly,PCA_25_LW,25,6.269732372316813,0.01,1.0,True,15.785969616386529,0.1569364282130668,3.6132397173927586,4.326749179899156,4.471163778422769,5.1199964682812995,6.269732372316813,3.590009664299472,4.113963872594713,4.411244463058815,10.038758117394167,505.9661978195243,10.736170070515438,17.225204585864173,20.71594230347361,41.196226909316835,1129.0844074392362,targetonly-regularization-v1.0.0
6,100,TargetOnly,PCA_50_LW,50,7.715309683310413,0.01,1.0,True,28.34109294119543,0.17630274227778783,5.051967955781546,5.780780116030233,5.974793855724458,7.0412802827131955,7.715309683310413,5.003644270855654,5.77367170540171,6.077162523018059,16.755267132018396,1048.555066331014,27.23779827731742,43.60353163078744,56.67183212415054,82.31921269302138,2332.4232557226765,targetonly-regularization-v1.0.0
6,100,TargetOnly,TOPVAR_50_LW,50,10.253105547457803,0.0,0.42119205298013246,False,55.69669689175376,0.1713980236679381,7.236448521508056,8.39574171365278,8.840172735163533,9.297254086986694,10.253105547457803,7.166873742777463,8.15383377492297,8.446563739363251,8.977353413280314,9.331056015997422,9.851059669316285,13.946963343674172,15.577515033121513,18.564536155746094,21.088364871260485,targetonly-regularization-v1.0.0
6,100,TargetOnly,TOPVAR_100_LW,100,14.97455219287277,0.0,0.7245033112582782,False,139.49425105694777,0.1500530316823228,11.498703741400394,13.217978802130427,13.74021507900863,14.19996374721447,14.97455219287277,11.491378975186514,13.014527628218545,13.394294049614098,14.303176867719158,14.332118374240405,21.009156765430085,29.088363578542978,35.99321277571119,45.802746218336225,82.4467762838337,targetonly-regularization-v1.0.0
6,100,TargetOnly,TOPVAR_250_LW,250,24.064590414132798,0.02,0.9629139072847682,False,355.34007060219864,0.14360691388078722,19.539690847280962,21.334071488133176,22.016363269594713,23.64259447916364,24.064590414132798,19.368638052721654,21.840123672649874,22.852436726522402,24.531633021388263,24.581868250704478,41.05217607692329,96.99589913819253,138.8584335212114,280.50920132050817,645.7597882483707,targetonly-regularization-v1.0.0
7,10,TargetOnly,LW_CURRENT,527,31895.37563273178,0.0,0.4119205298013245,False,79.57426807071275,0.6248109121285101,47.02528530544658,20587.446170190076,24502.699219670598,31893.693008198316,31895.37563273178,42.585547948027035,20586.35832048991,20587.54102338002,24577.244588679616,31894.69821244674,24506.764055518186,63790.289813878175,63792.66686736765,78577.33248640454,84013.99905677278,targetonly-regularization-v1.0.0
7,10,TargetOnly,DIAGONAL,527,24193.42106594238,0.01,0.37748344370860926,False,,,41.83920949092676,15565.338823415235,18520.762580606166,24192.00962059745,24193.42106594238,37.31770997066814,15563.941086961935,15565.385664487247,18577.488061329248,24193.424059709778,18522.048477554545,48386.57766806594,48388.399533070784,59604.59018336794,63692.68777500278,targetonly-regularization-v1.0.0
7,10,TargetOnly,PCA_95_LW,8,483.3055440464004,0.01,0.247682119205298,False,1.0,1.0,2.610714608121648,242.37056818525636,312.34227912170104,483.0739421845731,483.3055440464004,2.4378411116156236,242.20948492771424,242.58654633987564,313.7292427510912,483.6379600200949,311.08367805674806,965.792300966757,967.0309854896173,1176.1760662326838,1256.3302931849103,targetonly-regularization-v1.0.0
7,10,TargetOnly,PCA_99_LW,9,508.7674879382698,0.01,0.2556291390728477,False,1.0,1.0,2.720762724541494,278.8159304754028,324.93828431236534,508.61590280355597,508.7674879382698,2.5297126683774946,278.64962898003347,278.9957069900699,326.4767264472101,509.22746299174105,323.623105757632,1016.7098387217129,1017.9498497308812,1255.3225080550537,1310.018193143223,targetonly-regularization-v1.0.0
7,10,TargetOnly,PCA_10_LW,10,539.2627258379395,0.01,0.26490066225165565,False,1.0,1.0,2.8724025641861837,294.8587367263373,344.0517610177503,539.0839022502926,539.2627258379395,2.6700165649845076,294.6937453332698,295.0657977117385,345.67424941606413,539.74857195264,342.72261003892413,1077.6953435910368,1079.011163487548,1330.3763095445418,1388.5588352526418,targetonly-regularization-v1.0.0
7,10,TargetOnly,PCA_25_LW,10,539.2627258379395,0.01,0.26490066225165565,False,1.0,1.0,2.8724025641861837,294.8587367263373,344.0517610177503,539.0839022502926,539.2627258379395,2.6700165649845076,294.6937453332698,295.0657977117385,345.67424941606413,539.74857195264,342.72261003892413,1077.6953435910368,1079.011163487548,1330.3763095445418,1388.5588352526418,targetonly-regularization-v1.0.0
7,10,TargetOnly,PCA_50_LW,10,539.2627258379395,0.01,0.26490066225165565,False,1.0,1.0,2.8724025641861837,294.8587367263373,344.0517610177503,539.0839022502926,539.2627258379395,2.6700165649845076,294.6937453332698,295.0657977117385,345.67424941606413,539.74857195264,342.72261003892413,1077.6953435910368,1079.011163487548,1330.3763095445418,1388.5588352526418,targetonly-regularization-v1.0.0
7,10,TargetOnly,TOPVAR_50_LW,50,15.541539815134032,0.01,0.22119205298013245,False,4.183365232684736,0.7629917350318969,9.907797708631978,11.863912005195322,13.077359628916364,13.915289665867999,15.541539815134032,9.72604777266687,11.996479046321998,12.45444461871068,14.959000940864735,22.374590843298897,12.798066470493533,18.551245986865712,21.56185358242156,25.164061679110063,28.11581644474428,targetonly-regularization-v1.0.0
7,10,TargetOnly,TOPVAR_100_LW,100,20.317288749455454,0.02,0.6119205298013245,False,12.172722095106845,0.6801657336557881,14.130267027611417,17.024004646067233,17.78412109529755,18.921575476973203,20.317288749455454,14.330404688081384,17.271136835781324,18.019244619644923,20.503543645107335,27.656560290691413,22.019911509029015,31.90774869417005,43.62393398644307,57.240827714181634,79.38030511230701,targetonly-regularization-v1.0.0
7,10,TargetOnly,TOPVAR_250_LW,250,32.78513032775174,0.02,0.8026490066225166,False,44.39047490064446,0.6127201245600369,23.384862637502863,29.596439205940563,30.387613389645452,32.69153844776199,32.78513032775174,22.98634423288959,28.561169370588473,29.37410028652687,33.22413116484585,50.21912305850622,40.91619699985356,88.36965679304875,123.3221786825794,205.12126361556417,606.7830968335586,targetonly-regularization-v1.0.0
7,25,TargetOnly,LW_CURRENT,529,28437.743511670902,0.0,0.5417218543046357,False,157.7333764897906,0.4270888469002362,28.995760195657372,37.74800733640754,28436.42105560753,28437.218958474412,28437.743511670902,28.87902382030778,32.34043738535296,34.58012842216641,28437.06712902538,28437.64332143553,28438.229936586493,56876.84004498558,56878.218363764725,56880.45349174313,85318.32594614827,targetonly-regularization-v1.0.0
7,25,TargetOnly,DIAGONAL,529,18563.34020110379,0.0,0.5695364238410596,False,,,24.34924515477696,35.192160519555244,18563.335543699664,18563.33924705385,18563.34020110379,24.004285575482,29.15141741905151,33.24026125222131,18563.33854404712,18563.33968452734,18564.50140998041,37131.086472753166,37131.12813577988,37132.044234484434,55695.26671180998,targetonly-regularization-v1.0.0
7,25,TargetOnly,PCA_95_LW,21,686.73130651038,0.0,0.3695364238410596,False,2.2587293263659016,0.765039779769315,2.817056868321014,5.251179140903158,685.7101068293824,686.2184861242279,686.73130651038,2.778537876785416,3.81890886051692,4.385627399129484,685.6989319935624,686.0546221994952,685.9423352556896,1374.0136903325908,1375.1385766196756,1376.3464664663877,2061.9020808835676,targetonly-regularization-v1.0.0
7,25,TargetOnly,PCA_99_LW,24,800.3801833430123,0.0,0.33245033112582784,False,2.3909840093388266,0.7696845852419175,2.982007100934073,5.472118299545424,799.4320299616803,800.3654628000346,800.3801833430123,2.966091483059103,4.011216174678136,4.67059739976532,799.4144662808362,800.014427830338,799.4783545967928,1600.9885639111508,1601.8714994802358,1603.1520501275413,2402.7109439662304,targetonly-regularization-v1.0.0
7,25,TargetOnly,PCA_10_LW,10,516.4589985315955,0.0,0.32317880794701986,False,2.1680685208812047,0.6456900498087565,2.104036701648882,3.969916465978499,515.4284411071553,515.8597043211009,516.4589985315955,2.113186781214741,2.8960091592697044,3.3033306668176494,515.1814286591117,515.7826864680638,515.5505777811981,1032.9324920470922,1033.9195811714314,1035.1181346334902,1550.2874612936325,targetonly-regularization-v1.0.0
7,25,TargetOnly,PCA_25_LW,25,820.761797929887,0.0,0.280794701986755,False,2.893423167204305,0.7446555872367756,3.002681739813263,5.491373520585489,819.7472862597806,820.7233335262698,820.761797929887,3.002690216932362,4.02289514898672,4.716553706081379,819.7163803954728,820.3392420551434,819.4634867610199,1641.4496410693607,1642.3249395473304,1643.521305729043,2463.378633491291,targetonly-regularization-v1.0.0
7,25,TargetOnly,PCA_50_LW,25,820.761797929887,0.0,0.280794701986755,False,2.893423167204305,0.7446555872367756,3.002681739813263,5.491373520585489,819.7472862597806,820.7233335262698,820.761797929887,3.002690216932362,4.02289514898672,4.716553706081379,819.7163803954728,820.3392420551434,819.4634867610199,1641.4496410693607,1642.3249395473304,1643.521305729043,2463.378633491291,targetonly-regularization-v1.0.0
7,25,TargetOnly,TOPVAR_50_LW,50,11.001666841115883,0.01,0.3708609271523179,False,10.452062890018212,0.5225626123713778,7.824572615274475,8.947351401897793,9.520151269614788,10.143804747223124,11.001666841115883,7.6899043536718885,9.134798043938858,9.201090433715054,9.87332689366386,17.516353230170107,10.19849996061911,14.50770296265815,16.6555617514042,20.788623897651245,22.913935001262015,targetonly-regularization-v1.0.0
7,25,TargetOnly,TOPVAR_100_LW,100,15.527788747469588,0.02,0.7456953642384105,False,29.43230675156507,0.4483149263646804,12.124636460978262,13.69532791760089,14.019599226109849,14.981220194726976,15.527788747469588,12.10881282603722,13.499192613533149,14.020734136649079,15.84573167745864,24.17594802905982,21.17771585231669,30.496199096938145,38.63826260677005,60.038248697500975,97.11039261045897,targetonly-regularization-v1.0.0
7,25,TargetOnly,TOPVAR_250_LW,250,27.733559321102902,0.01,0.8741721854304636,False,102.63811468038818,0.3838587614359516,20.039295526856897,22.866430065513416,24.113351168165334,27.614518802885396,27.733559321102902,19.937254952064634,22.774637421196875,23.106967936251547,26.128112670379796,50.08567059260335,38.4553218729617,89.14271077139007,104.88460379229991,207.2936202792981,536.5837289177116,targetonly-regularization-v1.0.0
7,50,TargetOnly,LW_CURRENT,531,39.259689198079684,0.01,1.0,True,339.598839467567,0.2560429778869632,30.801871500133373,34.15755840503879,34.73724329548018,36.57826297891257,39.259689198079684,30.24987689502406,33.68197192711329,34.554509176399314,36.899516407879325,121.63713863219417,234.4577914370637,357.09487744776857,567.9465684181941,674.3459792848545,25871.971710852344,targetonly-regularization-v1.0.0
7,50,TargetOnly,DIAGONAL,531,32.17760685066286,0.01,1.0,True,,,22.538588142885075,26.34283457825311,28.425024836300373,31.89740255660496,32.17760685066286,22.754173528352563,25.832581129703566,27.391587820003444,29.6058322044729,88.64504374330278,130.35436050312987,197.41421226012073,316.8653692385059,370.95068307414977,13939.997362839986,targetonly-regularization-v1.0.0
7,50,TargetOnly,PCA_95_LW,38,5.332323017108189,0.02,1.0,False,12.973656186725629,0.32857468489965513,3.744020263165924,4.465383191933482,4.898420085687063,5.330993576430826,5.332323017108189,3.801552675348725,4.520521702769338,4.620842576646906,5.5163774903984155,16.426560620956977,14.538326182078327,20.736853635783124,31.31470860495298,50.50637049130042,1485.9141688997065,targetonly-regularization-v1.0.0
7,50,TargetOnly,PCA_99_LW,46,5.8013095432864406,0.01,1.0,True,15.601700545599957,0.33669534828474657,4.127110073763669,4.93343003918133,5.217281333296058,5.699197954890005,5.8013095432864406,4.137945954812924,4.903118272434509,4.988701811041558,5.852760075810785,17.93845137900798,20.812647787817383,28.14266871333959,45.82294996501488,62.88739232164792,1997.678475328637,targetonly-regularization-v1.0.0
7,50,TargetOnly,PCA_10_LW,10,3.8095725691717783,0.01,0.8993377483443709,False,5.613650590041605,0.22889494878123462,2.206080856886469,2.849903380381057,3.1924600455507828,3.5683121047336677,3.8095725691717783,2.2311028033984215,2.7725135791344213,3.003202244742833,3.2188617007910034,9.896890701321157,5.075685496910843,8.006142276282413,9.035338169793855,14.780769549042493,215.01967970130363,targetonly-regularization-v1.0.0
7,50,TargetOnly,PCA_25_LW,25,4.658345610913978,0.01,1.0,True,9.558541663637856,0.29916779496670787,3.1734497601739484,3.7393486685373336,4.16034178715926,4.512448997419791,4.658345610913978,3.1976349299743525,3.7675215029740543,3.911237601093832,4.567831563168961,14.843951106254751,10.190307207605812,16.67436462095208,18.20200721724286,34.671265369536926,813.4726924794968,targetonly-regularization-v1.0.0
7,50,TargetOnly,PCA_50_LW,50,5.915378838627684,0.02,1.0,False,22.79553919134929,0.3348641780010679,4.308321400415481,5.099381439680093,5.309277178017674,5.89363186007354,5.915378838627684,4.377479034274357,5.084798595013436,5.148367939047809,6.284832147545326,19.001957726784536,21.531227386184323,30.22215889664747,48.83910729482511,66.97573178004448,2194.939930613477,targetonly-regularization-v1.0.0
7,50,TargetOnly,TOPVAR_50_LW,50,9.381237694737498,0.03,0.5947019867549669,False,21.560802662314266,0.32794427878922466,7.4505539966781935,8.508181201972578,8.7943641294404,9.311596417098757,9.381237694737498,7.37695143653491,8.423144431034865,8.84952388993807,10.013710122199731,15.380388652773966,9.900105274155697,13.959527825577378,15.389935932652186,19.027001358569333,20.892738716030205,targetonly-regularization-v1.0.0
7,50,TargetOnly,TOPVAR_100_LW,100,14.748337651517136,0.02,0.856953642384106,False,69.2302624553478,0.2585512392370266,12.239951546009266,13.266824089832939,13.681992911211912,14.132459749232138,14.748337651517136,11.900518851153258,13.351608706515897,14.017276018928838,15.253475178485177,23.268599603935098,22.838449765685272,32.63260717921991,43.30855077183211,59.85901260168319,112.31311333062988,targetonly-regularization-v1.0.0
7,50,TargetOnly,TOPVAR_250_LW,250,28.602004029250242,0.01,0.9152317880794701,True,230.71727939751904,0.2156967610095129,20.8664584378984,22.806451932060067,23.523470104702362,25.712285537899305,28.602004029250242,20.339596805399108,22.470994864202076,23.474719576409647,24.278148890284815,49.38062183972157,43.952260247610525,99.24039998942835,133.22060908119462,271.46421068702404,617.4168825550009,targetonly-regularization-v1.0.0
7,100,TargetOnly,LW_CURRENT,532,39.988171903460334,0.01,1.0,True,724.5825457183364,0.1432909717568862,32.78705879726127,36.257481726047835,37.484222694930054,39.026584417776846,39.988171903460334,32.40908693287928,35.627542477934476,36.526632562509135,39.431183268885434,79.5174136673271,239.85082586679079,408.74160194168246,558.4189838317594,716.2725243385806,1590.8051219434865,targetonly-regularization-v1.0.0
7,100,TargetOnly,DIAGONAL,532,30.77802975792478,0.01,1.0,True,,,22.033328342870547,25.339656247798796,26.53254117594048,29.677020811443843,30.77802975792478,21.96558934834439,25.116223012698708,26.283273220302913,28.47078775448605,63.699810116169374,114.4751552475021,176.79465302946576,259.5534896517092,317.27655705024756,734.8884847413825,targetonly-regularization-v1.0.0
7,100,TargetOnly,PCA_95_LW,66,7.680979525821209,0.01,1.0,True,45.56392119437739,0.15621327209109923,5.821406870542683,6.5978532890529396,6.901239478207317,7.180910173036127,7.680979525821209,5.760685152173137,6.707778626946956,6.8634717807692365,7.603996873981356,17.985755647766975,31.063371083899252,49.01525363739204,74.61128036640088,80.90453699815221,174.67686894909153,targetonly-regularization-v1.0.0
7,100,TargetOnly,PCA_99_LW,89,8.862426312444919,0.02,1.0,False,69.38859816056971,0.16115867502153128,7.021868238413874,7.793863356546025,8.005175929943272,8.818795247330502,8.862426312444919,6.970754339966688,7.810392046462863,8.19681722209151,9.033131934897334,20.195522190314417,41.27900465344769,64.38378364212615,99.77927022836568,106.64466574296144,223.27404692527665,targetonly-regularization-v1.0.0
7,100,TargetOnly,PCA_10_LW,10,3.7363064145441682,0.02,0.695364238410596,False,9.479076970986391,0.10289955257914407,2.4558312629601713,3.0269947985179,3.2632864246612807,3.6686536762390785,3.7363064145441682,2.4164296613942096,3.0273771164947245,3.3367699182796153,3.7899263051319076,8.963510360129648,4.54055024184231,9.035572946794547,10.03681854064506,12.027125534500941,41.63293102096474,targetonly-regularization-v1.0.0
7,100,TargetOnly,PCA_25_LW,25,5.178198592017091,0.02,1.0,False,18.31616529071956,0.12669576558669646,3.544107860660249,4.080729642640923,4.488049959483149,4.786517690757392,5.178198592017091,3.543829663359877,4.32609277662001,4.471790171487905,5.4611917139941655,13.35831561511741,10.685508131629653,17.896706910810273,22.33157144321202,26.02754064091577,87.36766075835396,targetonly-regularization-v1.0.0
7,100,TargetOnly,PCA_50_LW,50,6.902110913811333,0.01,1.0,True,32.853620322109556,0.148800593956277,4.951259892388471,5.591111404649764,5.790972764806227,6.253170987739225,6.902110913811333,4.972752753030166,5.919139292207571,6.103905472386088,6.979658185486009,16.80478808534284,21.079749184216904,30.825354875839533,52.16043153928178,54.79794605038288,151.38399536268997,targetonly-regularization-v1.0.0
7,100,TargetOnly,TOPVAR_50_LW,50,8.91750199102132,0.04,0.7867549668874172,False,50.34736440423576,0.16984874726204502,7.364644375751171,8.58631894514862,8.739758542903042,8.87359742542509,8.91750199102132,7.319360945445026,8.548903645765526,8.73916073055567,10.284442014940083,14.476446457141884,10.169313381614826,13.959100834282841,15.862620272448712,18.665828392833443,21.671089073342007,targetonly-regularization-v1.0.0
7,100,TargetOnly,TOPVAR_100_LW,100,14.761741794891673,0.01,0.8172185430463577,False,165.36563753765407,0.13206775832651763,11.88535090778537,13.373632471124507,13.71656997965732,14.32152771901489,14.761741794891673,11.807932799587862,13.182423734392072,13.821046733947695,14.775468436445879,21.04354968001145,21.0475572469641,29.923280605319064,36.14042525347327,50.75901904923283,129.64955218733752,targetonly-regularization-v1.0.0
7,100,TargetOnly,TOPVAR_250_LW,250,27.61471045687639,0.01,0.9496688741721855,True,546.2622917525241,0.10873074697767933,21.180387353051707,23.42893340803191,23.681746592707253,27.261849498664894,27.61471045687639,20.676209922918417,22.937056815557813,23.530521875021794,25.412334015472,46.01818487439605,43.52733803517911,97.60136708870277,131.62714622759168,260.5936279623277,751.2163588401879,targetonly-regularization-v1.0.0
8,10,TargetOnly,LW_CURRENT,527,127.4501456452259,0.02,1.0,False,115.05416196583246,0.5804749832826539,34.27258916203371,56.53790893061662,61.44133883407484,78.43686424407544,127.4501456452259,34.64137752180125,57.52253390114483,66.62649961427547,160.73757985282685,1655.5577344609098,184.88386999806278,309.18648214528395,495.8233431798226,520.7676619039787,3692.5419681101957,targetonly-regularization-v1.0.0
8,10,TargetOnly,DIAGONAL,527,104.62158167066941,0.02,1.0,False,,,28.151318765834695,46.76544586001811,48.210906289659405,65.6591892385918,104.62158167066941,29.396838237748327,45.914600156463216,52.601074396475646,124.03521666193772,1206.9705654234083,136.14057259231953,226.6096045861774,362.14809004817994,381.01110826588547,2689.8996543080616,targetonly-regularization-v1.0.0
8,10,TargetOnly,PCA_95_LW,8,6.2038831741837255,0.01,0.03443708609271523,False,1.0,1.0,1.841943098694464,3.021314928033205,3.1816910858196015,4.427270896527233,6.2038831741837255,1.9090262908669575,2.970508858164221,3.165396642199747,5.5810677166513285,19.94036189095718,3.2282616771385095,4.79539186249292,5.658021496330175,7.490824011467467,42.50992378690307,targetonly-regularization-v1.0.0
8,10,TargetOnly,PCA_99_LW,9,6.9285245479273305,0.01,0.033112582781456956,False,1.0,1.0,1.9189866784853749,3.1488895665606913,3.2971656643841976,4.592743593095936,6.9285245479273305,1.9785985182784804,3.078272644347918,3.2821787452599884,5.916657173000456,22.001395552793667,3.372530529543436,5.159779092929928,6.337110460609079,8.70946214508295,46.78167948435694,targetonly-regularization-v1.0.0
8,10,TargetOnly,PCA_10_LW,10,7.304670825822334,0.01,0.03443708609271523,False,1.0,1.0,2.02454029084615,3.3195363929908703,3.4787133576869778,4.841190653163033,7.304670825822334,2.0967152607580943,3.245591281167221,3.4607765330906552,6.239123045567359,23.196352284462712,3.6494435391186038,5.449287584674332,6.867722595427468,9.338862412799683,49.31271409257694,targetonly-regularization-v1.0.0
8,10,TargetOnly,PCA_25_LW,10,7.304670825822334,0.01,0.03443708609271523,False,1.0,1.0,2.02454029084615,3.3195363929908703,3.4787133576869778,4.841190653163033,7.304670825822334,2.0967152607580943,3.245591281167221,3.4607765330906552,6.239123045567359,23.196352284462712,3.6494435391186038,5.449287584674332,6.867722595427468,9.338862412799683,49.31271409257694,targetonly-regularization-v1.0.0
8,10,TargetOnly,PCA_50_LW,10,7.304670825822334,0.01,0.03443708609271523,False,1.0,1.0,2.02454029084615,3.3195363929908703,3.4787133576869778,4.841190653163033,7.304670825822334,2.0967152607580943,3.245591281167221,3.4607765330906552,6.239123045567359,23.196352284462712,3.6494435391186038,5.449287584674332,6.867722595427468,9.338862412799683,49.31271409257694,targetonly-regularization-v1.0.0
8,10,TargetOnly,TOPVAR_50_LW,50,21.378290360751098,0.0,0.07152317880794702,False,8.09898816065734,0.6444845188050919,9.36947005621531,11.22782867799722,11.705814974203209,13.082853124474468,21.378290360751098,9.565299417103379,11.229911212876148,11.371530648062146,12.710201050967926,13.112257700952949,13.004323988491398,19.65092442348818,22.813373581579057,28.47316543617096,31.696600386790852,targetonly-regularization-v1.0.0
8,10,TargetOnly,TOPVAR_100_LW,100,27.97350532565079,0.0,0.152317880794702,False,25.73596357530521,0.5596173503203963,14.10207033834992,16.482679471050897,17.01182053205405,18.35565760423385,27.97350532565079,14.004315980600277,16.43311060912362,16.736725564199983,17.96639849538447,19.6285097974607,20.964254676252427,31.143748699309008,37.807525747961975,53.645540526999746,72.60818115168135,targetonly-regularization-v1.0.0
8,10,TargetOnly,TOPVAR_250_LW,250,46.72120422092975,0.0,0.3973509933774834,False,60.843244037877724,0.5631342770295525,23.360594435886693,27.549277741315827,29.14396339654651,37.36974791610341,46.72120422092975,23.253008795535877,28.258004815362384,29.622939324842584,34.285962491435015,36.46381444718006,42.32509777248025,96.4693539710885,134.60812495831257,272.1376463680996,555.8699868931321,targetonly-regularization-v1.0.0
8,25,TargetOnly,LW_CURRENT,532,126.3017640831791,0.01,1.0,True,223.46952891621996,0.37825450676112266,29.287952617606976,32.59406174999359,33.34930388905866,35.127961263372065,126.3017640831791,29.84222770659069,33.475454049632454,34.5055174706454,171.13435391544363,10105.927611902916,205.25522363790827,320.3041087403445,509.62289689704784,583.2469046555984,22445.138920243775,targetonly-regularization-v1.0.0
8,25,TargetOnly,DIAGONAL,532,98.86032071707537,0.01,1.0,True,,,23.092696359667897,26.691643426834997,27.85692172110255,29.30186504443882,98.86032071707537,24.10519546358463,27.07359534600095,28.722130346660283,120.68369205506859,6241.604645134509,128.4994887372229,200.48777802140202,321.0756836982844,364.90705322361254,13859.639241202629,targetonly-regularization-v1.0.0
8,25,TargetOnly,PCA_95_LW,20,11.87461455474879,0.01,0.09668874172185431,False,3.724050872848777,0.6087271899611705,2.498813630610572,3.1694600637300856,3.2638954455605393,3.6348551902310917,11.87461455474879,2.683012996515341,3.235325596301925,3.4129991235873245,10.37603463317868,279.5479987679264,6.883607307339831,11.760154856173484,17.550314549086078,22.15367171729226,619.0159364140653,targetonly-regularization-v1.0.0
8,25,TargetOnly,PCA_99_LW,23,12.562858319043004,0.01,0.09801324503311258,False,4.047839927833217,0.6177166813369249,2.653469726187092,3.3138874857983938,3.440209051495947,3.744698141134165,12.562858319043004,2.8327517102696396,3.3619062517705145,3.5501137657998876,11.17181134580158,315.6696022520536,7.399153142652749,12.466773110671179,18.776948383718018,25.287063643599105,698.9743270571795,targetonly-regularization-v1.0.0
8,25,TargetOnly,PCA_10_LW,10,9.759685617865292,0.01,0.06887417218543046,False,2.934951030612371,0.5353491328246475,1.8955535827709564,2.5205783934733272,2.685293762923513,3.112809249579171,9.759685617865292,2.05174356149533,2.5890435660387783,2.717371706367446,7.405159615918096,151.1481153509071,4.505385147102231,7.520687482183495,11.130590026009754,13.067422068698642,333.7103651778646,targetonly-regularization-v1.0.0
8,25,TargetOnly,PCA_25_LW,25,13.199509464936687,0.01,0.10596026490066225,False,5.210264923228959,0.6016951702752588,2.7267679093053028,3.417867276118159,3.536137033081037,3.8064861338252225,13.199509464936687,2.935396750381863,3.4843228117021394,3.716340071785024,11.649568310044682,334.603733849224,7.715123449756145,13.42182330319221,22.245127149465944,27.26218482223161,740.9441008962556,targetonly-regularization-v1.0.0
8,25,TargetOnly,PCA_50_LW,25,13.199509464936687,0.01,0.10596026490066225,False,5.210264923228959,0.6016951702752588,2.7267679093053028,3.417867276118159,3.536137033081037,3.8064861338252225,13.199509464936687,2.935396750381863,3.4843228117021394,3.716340071785024,11.649568310044682,334.603733849224,7.715123449756145,13.42182330319221,22.245127149465944,27.26218482223161,740.9441008962556,targetonly-regularization-v1.0.0
8,25,TargetOnly,TOPVAR_50_LW,50,16.359701062681236,0.0,0.11258278145695365,False,15.33835943548074,0.45924017674925877,8.401347450484067,9.949690688943784,10.917245315750327,11.799601434235734,16.359701062681236,8.458636869865558,10.041009947069732,10.40967530467262,10.990837612616618,11.054694841745084,11.402535248839504,16.632565650306823,19.697636678436226,25.19570853144389,29.214115808487854,targetonly-regularization-v1.0.0
8,25,TargetOnly,TOPVAR_100_LW,100,22.13174742965422,0.0,0.44900662251655626,False,49.510377506111105,0.3685508768618369,12.861234074615261,14.848085295925062,15.404020480268617,16.59567935387789,22.13174742965422,12.768601382691724,14.572361533977617,15.3525174623602,16.108974480794753,16.212596853798843,21.00531163105431,31.495541136523705,40.68062260587761,55.6929041787935,79.67998097520424,targetonly-regularization-v1.0.0
8,25,TargetOnly,TOPVAR_250_LW,250,43.66786871050304,0.0,0.3841059602649007,False,130.97434866242983,0.3464833839569895,20.260164776796152,22.530817373020973,23.194421015409702,25.178343602522784,43.66786871050304,20.274510408730325,22.83445253864163,23.91896487688862,25.018702699913067,26.39163164488089,39.2682931380258,89.88006633741206,124.19389751396376,253.86699037150947,468.6595802557591,targetonly-regularization-v1.0.0
8,50,TargetOnly,LW_CURRENT,532,139.8900108166881,0.01,1.0,True,444.95790963723965,0.22685387552594513,32.32134587314928,35.93877824788005,36.244352167761086,39.20136246415721,139.8900108166881,32.85145503192405,37.68527784004468,40.47369060930346,177.9887277885287,10432.100331041798,236.23560986609934,361.2903148954155,577.9006314339204,687.8954307871768,23163.236220855728,targetonly-regularization-v1.0.0
8,50,TargetOnly,DIAGONAL,532,101.65220882172167,0.01,1.0,True,,,22.907014722469476,26.57193806523121,27.635912715415063,29.282899105785553,101.65220882172167,23.80454501136982,26.998932162299838,29.337040351530202,111.31600853695551,5203.912880613294,122.55525322793046,195.81966046954483,311.42314073121474,359.36133267440886,11556.394930643455,targetonly-regularization-v1.0.0
8,50,TargetOnly,PCA_95_LW,38,19.932593133029812,0.01,0.1827814569536424,False,16.289711656016493,0.2792569111198279,3.803599416595195,4.677479130887812,4.858921877235877,5.20716026797418,19.932593133029812,3.980678232583931,4.71548162413246,5.114157006510591,17.067104239846426,584.1209487323378,16.12372271722839,28.87061751323644,37.108673516102485,54.67635702994665,1299.5524548139147,targetonly-regularization-v1.0.0
8,50,TargetOnly,PCA_99_LW,46,20.985017914557417,0.01,0.23443708609271524,False,20.343442192085018,0.2878594109528218,4.2294926127166566,5.103751880719981,5.243000886340063,5.638508688050549,20.985017914557417,4.374396333666992,5.067314762375192,5.572561258599728,18.39853257556954,679.3223648255547,18.12154593546962,33.02018657796308,40.65747937054893,63.30957550144806,1512.7518726522335,targetonly-regularization-v1.0.0
8,50,TargetOnly,PCA_10_LW,10,13.367300900761542,0.01,0.017218543046357615,False,6.7052899052558725,0.18389489309190943,2.2786136902892045,2.9764100041773256,3.1705366774245642,3.486667327147957,13.367300900761542,2.403571324523078,2.970126684250085,3.293720042779125,9.311599684014796,103.11434520908247,4.309058766193149,8.17046557132372,10.836917255661138,15.359354082600637,229.27082760728132,targetonly-regularization-v1.0.0
8,50,TargetOnly,PCA_25_LW,25,16.549611407310703,0.01,0.10993377483443709,False,12.113607498773812,0.2500442163282752,3.1740789274998926,3.8962666609359555,4.004803612651998,4.5001431585697445,16.549611407310703,3.3579189903125988,4.058645257721075,4.443125676203203,12.668823105645696,279.3936278820373,9.709467510205497,17.15738709875295,23.352497451299445,31.04956359577152,622.5238379233499,targetonly-regularization-v1.0.0
8,50,TargetOnly,PCA_50_LW,50,21.422932586248713,0.01,0.36026490066225164,False,31.326839567896382,0.28759653959000164,4.378629596621912,5.236410731090678,5.393759678790882,5.890542048030355,21.422932586248713,4.555309187534911,5.191068154880719,5.753196062847716,18.958850722759035,701.8252995514068,20.03691460658695,35.75632489517933,47.68924016359911,64.91757063420764,1561.6938185170864,targetonly-regularization-v1.0.0
8,50,TargetOnly,TOPVAR_50_LW,50,14.407329090822211,0.0,0.12450331125827814,False,25.4010050793905,0.30809078061769635,7.864496236697309,9.167799773723011,9.43049462808645,10.200048297077394,14.407329090822211,7.87810597903125,9.391590151745165,9.904638858432039,10.537809612171236,10.73443216826695,10.547443424711314,15.072944280568636,17.28535710606283,21.035142718890214,24.709555753032898,targetonly-regularization-v1.0.0
8,50,TargetOnly,TOPVAR_100_LW,100,21.883681774758738,0.0,0.528476821192053,False,101.45945488826185,0.21471857742193573,13.099996048398054,14.930686097642393,15.50212062127733,15.975132583917869,21.883681774758738,12.947516971342624,14.727981413706036,15.513227933703618,15.899940165803175,16.24210992854712,22.473833898671234,31.78193137799107,42.04135920867812,56.01793423707071,80.20140592796868,targetonly-regularization-v1.0.0
8,50,TargetOnly,TOPVAR_250_LW,250,47.40052224153729,0.0,0.3973509933774834,False,274.11510702766907,0.19998974881585566,21.42669433363966,23.811430604885068,24.032255978850422,25.058086221348052,47.40052224153729,21.67757197707181,23.902120582943105,24.693738610570893,27.268815884603054,28.50870359632746,42.78540812267672,95.10293758685987,126.67428208411187,259.9598454049316,617.3112341458288,targetonly-regularization-v1.0.0
8,100,TargetOnly,LW_CURRENT,533,145.3233279484847,0.01,1.0,True,808.185954793152,0.13301328463347187,34.162194553217766,38.145637999518684,39.21492737211709,44.136978491542465,145.3233279484847,34.80664071692709,39.97283878673148,42.82022313110247,205.38646976489764,13148.882609509232,259.8710925089566,437.9821440828861,652.5336772897994,761.43200083677,29205.971782517216,targetonly-regularization-v1.0.0
8,100,TargetOnly,DIAGONAL,533,100.8725662249676,0.01,1.0,True,,,22.513217135480993,26.19152935607255,27.30562445753769,30.720299909130784,100.8725662249676,23.436583317477222,26.850037089729806,28.435762828517838,115.36600916706803,5561.922141393656,119.43125994226737,195.0293409890279,317.02001394314135,340.9268326725927,12351.571658986233,targetonly-regularization-v1.0.0
8,100,TargetOnly,PCA_95_LW,66,27.553188409135565,0.01,1.0,True,48.35501684134511,0.14334039299375498,5.8587812729561275,6.699225796035276,6.939226455446929,7.423179149816539,27.553188409135565,6.123087599791166,6.9311964499258965,7.182663918333071,28.126365042550322,1381.9682706940239,34.55382600480682,57.46679087456725,81.7417716481396,114.55783113916415,3066.2110352049,targetonly-regularization-v1.0.0
8,100,TargetOnly,PCA_99_LW,89,32.53963994763129,0.01,1.0,True,75.15831720648146,0.14893394432669213,6.996708765803467,7.995282850557218,8.097650996131133,9.157168060947159,32.53963994763129,7.267220805675695,8.256612314912392,8.703110028289892,34.757421567110754,1820.0901892774143,43.66124554546022,72.25405969323405,107.04133975814615,135.34486768802554,4040.040793463684,targetonly-regularization-v1.0.0
8,100,TargetOnly,PCA_10_LW,10,13.221684566727761,0.01,0.026490066225165563,False,9.786366614565042,0.08508095736952125,2.5725254791440593,3.4507416267031368,3.566950098627816,4.001606390996879,13.221684566727761,2.684866014493246,3.3530974360135795,3.585865897503474,9.787857363162695,84.17097366177885,4.425120097997435,8.394680209599311,10.009473679874759,16.722522078261555,186.7837803932098,targetonly-regularization-v1.0.0
8,100,TargetOnly,PCA_25_LW,25,20.03517032022809,0.01,0.09933774834437085,False,19.662088021280134,0.10900431156020962,3.7327973579639164,4.446607679621669,4.595191991387063,5.12941846695244,20.03517032022809,3.8911775807323616,4.486367468033451,4.8739825697347445,15.015999698005832,373.57020008598477,10.596499158027536,19.8947693910724,24.688998462164047,43.96440024418175,831.1283545875407,targetonly-regularization-v1.0.0
8,100,TargetOnly,PCA_50_LW,50,24.91392890041021,0.01,0.33245033112582784,False,35.60278402436824,0.13513000099899666,5.053133538673403,5.819162208230516,5.96568286730617,6.684294888268243,24.91392890041021,5.308967489560729,6.186219464250537,6.365874324180137,22.95489911822498,948.1508253919992,22.72484846592796,38.56609155997761,56.22112569906558,81.23600056718765,2105.434207505108,targetonly-regularization-v1.0.0
8,100,TargetOnly,TOPVAR_50_LW,50,14.228303484871315,0.0,0.09536423841059603,False,44.15578092868325,0.185091150159942,7.3559795255642495,8.41291231566611,8.75506145860741,9.481130103359664,14.228303484871315,7.420667194028107,8.590938393562908,8.919146971058053,9.073101224846479,9.326168724813957,10.173378797421659,14.137477888283616,16.39423394384801,19.60485007628707,21.63022100311899,targetonly-regularization-v1.0.0
8,100,TargetOnly,TOPVAR_100_LW,100,20.745873229318494,0.0,0.5629139072847682,False,178.84300447846354,0.12712661820398302,12.05027530464193,13.660385967703789,13.849490486500533,14.54798284725881,20.745873229318494,12.06398205142032,13.63218839070013,13.942847268141792,14.595222652355018,14.616286434493597,21.973177925617883,30.722025074359774,41.81937070411454,56.093375869967254,94.01039861395454,targetonly-regularization-v1.0.0
8,100,TargetOnly,TOPVAR_250_LW,250,53.871637674420214,0.0,0.3483443708609272,False,532.5029675211181,0.11154758486438365,20.9799413134727,23.30518809640831,24.020704338255097,25.083707256104674,53.871637674420214,21.147255753895507,23.585747167133288,23.936929960007603,27.392318907782375,27.74343106202063,44.840630638976485,97.77820131387513,129.2381632614976,259.0876355402301,782.6262160036065,targetonly-regularization-v1.0.0
9,10,TargetOnly,LW_CURRENT,529,6755.918367536556,0.0,0.0026490066225165563,False,182.07179283459894,0.48744751382837204,31.740240189905652,36.47963935718902,39.40793597547477,110.41697467776606,6755.918367536556,32.745500345688335,36.63459462683741,39.52264229552004,80.5976865447806,135.80681034056713,194.5754227622259,296.22165002273323,463.5328269582058,475.1692914469725,15005.347927462983,targetonly-regularization-v1.0.0
9,10,TargetOnly,DIAGONAL,529,4523.209128026464,0.0,0.0026490066225165563,False,,,24.271500019603415,28.673651792979463,31.765339454439022,80.74153939946238,4523.209128026464,24.47464449100168,29.021473044223246,31.8745562346205,61.40526610887334,96.7491484444931,132.07442055066514,199.34896369845345,312.04130321670556,322.9296120386952,10046.663368796211,targetonly-regularization-v1.0.0
9,10,TargetOnly,PCA_95_LW,8,88.52327791883258,0.0,0.0026490066225165563,False,1.0,1.0,1.635171957924692,2.2774359179514003,2.701393579557647,4.055093048014001,88.52327791883258,1.5538870708460282,2.2193124224709524,2.3923565498581487,4.038769854009629,4.719819991648682,3.2093801542582994,5.516427511727714,6.571157064578418,10.177486010231032,197.05093688524806,targetonly-regularization-v1.0.0
9,10,TargetOnly,PCA_99_LW,9,92.15729476103641,0.0,0.0026490066225165563,False,1.0,1.0,1.7126196444379032,2.3691608428854853,2.828899694075951,4.214764770588316,92.15729476103641,1.6261148604042717,2.319998881449395,2.5017410722955824,4.199291948549114,4.94347000536501,3.9440275433649092,6.101447474987938,7.424830691638137,10.730550846901874,205.02509842589896,targetonly-regularization-v1.0.0
9,10,TargetOnly,PCA_10_LW,10,97.18239645858185,0.0,0.0026490066225165563,False,1.0,1.0,1.8108604065950897,2.497736482856132,2.988517336451651,4.44730570054608,97.18239645858185,1.7154467486714493,2.44782176269057,2.637344640228919,4.426790238564756,5.214653348742361,4.158375352609816,6.489060981086225,7.840418484430218,11.369151069249337,216.2022024183824,targetonly-regularization-v1.0.0
9,10,TargetOnly,PCA_25_LW,10,97.18239645858185,0.0,0.0026490066225165563,False,1.0,1.0,1.8108604065950897,2.497736482856132,2.988517336451651,4.44730570054608,97.18239645858185,1.7154467486714493,2.44782176269057,2.637344640228919,4.426790238564756,5.214653348742361,4.158375352609816,6.489060981086225,7.840418484430218,11.369151069249337,216.2022024183824,targetonly-regularization-v1.0.0
9,10,TargetOnly,PCA_50_LW,10,97.18239645858185,0.0,0.0026490066225165563,False,1.0,1.0,1.8108604065950897,2.497736482856132,2.988517336451651,4.44730570054608,97.18239645858185,1.7154467486714493,2.44782176269057,2.637344640228919,4.426790238564756,5.214653348742361,4.158375352609816,6.489060981086225,7.840418484430218,11.369151069249337,216.2022024183824,targetonly-regularization-v1.0.0
9,10,TargetOnly,TOPVAR_50_LW,50,11.025246724837926,0.04,0.5841059602649007,False,10.294335324002486,0.6220193749032229,8.16430470672858,9.75089776191553,9.901213944036614,10.919731997478783,11.025246724837926,8.423731710861993,10.23405147931446,10.82392539763079,11.567690860259905,16.159711750624826,11.583010795836428,15.928370265623615,18.428040993155456,22.137370941806083,26.114628796725054,targetonly-regularization-v1.0.0
9,10,TargetOnly,TOPVAR_100_LW,100,16.963458749589194,0.04,0.8185430463576159,False,45.64845588271068,0.4526529362726695,13.765835198165226,15.64852070057963,16.34933378642043,16.774382146808282,16.963458749589194,14.051251037496119,16.148902866607674,16.49738180037144,17.403480563482887,25.082029135721964,22.275948608539377,31.055364006108743,38.874722650441605,58.66242498321488,108.2912595471371,targetonly-regularization-v1.0.0
9,10,TargetOnly,TOPVAR_250_LW,250,30.13225914944557,0.01,0.8556291390728477,False,115.73054194215301,0.44066941294553036,21.761449050994933,25.082565400635293,25.860458582802323,29.299223786387753,30.13225914944557,22.640069208057085,25.294449895587416,26.303872185532764,29.507241853289926,43.310721359063386,41.73880351236177,93.57876829278084,119.07712139758445,232.766633473054,420.39689944982746,targetonly-regularization-v1.0.0
9,25,TargetOnly,LW_CURRENT,532,9595.408741905838,0.0,0.0026490066225165563,False,305.31284369612774,0.330873157258141,31.3301785679239,34.80325015630984,36.23317368804649,134.18752908831206,9595.408741905838,31.28288858700951,35.476013496833836,36.499956690344206,67.90407522665394,123.87353833532332,225.94649537543978,352.8167570048856,533.5790831558787,557.0605633899983,21303.433047924635,targetonly-regularization-v1.0.0
9,25,TargetOnly,DIAGONAL,532,5592.469810376373,0.0,0.0026490066225165563,False,,,22.64805947929144,26.681041773514696,29.334548457259668,88.69423388351399,5592.469810376373,22.93078182804618,26.43323353793897,29.296124386747643,56.46467484111129,88.74501517202259,134.38941431611204,206.7255165452075,318.594533406394,326.0367345555903,12419.861680624967,targetonly-regularization-v1.0.0
9,25,TargetOnly,PCA_95_LW,20,293.0886707703387,0.0,0.0026490066225165563,False,5.404322573434006,0.503250690483946,2.3789668429384907,3.1018990865593334,3.58870333591831,7.067541430882901,293.0886707703387,2.439154684358087,3.2542188968600323,3.6437434056397424,7.12694471558455,10.206469061006906,7.918976277937324,11.462363980437043,16.60479851066175,21.59806283130712,653.8072616912154,targetonly-regularization-v1.0.0
9,25,TargetOnly,PCA_99_LW,23,315.97236492096255,0.0,0.0026490066225165563,False,5.964846640704514,0.5135737778645129,2.5836813138000734,3.2314858943310525,3.8003785420450247,7.512209106760606,315.97236492096255,2.6040099803705896,3.3985783172906032,3.7972530175331967,7.400893534806017,11.247177609086481,9.833886200277774,14.072980689130928,21.527962340476833,24.57177361220008,706.0759719067702,targetonly-regularization-v1.0.0
9,25,TargetOnly,PCA_10_LW,10,104.67638575833229,0.0,0.0026490066225165563,False,4.030401635486603,0.4049516496861929,1.8822011390473377,2.473207170299251,3.029291366709861,4.437830993144257,104.67638575833229,1.8724910325688993,2.441681130752199,3.149944099604824,6.072321244708782,8.116687382532717,4.5026039752061315,7.334163020816288,8.431959902493793,14.512957496749262,234.7355396303431,targetonly-regularization-v1.0.0
9,25,TargetOnly,PCA_25_LW,25,372.6487778985122,0.0,0.0026490066225165563,False,8.02879118537272,0.5015088222417705,2.6595430311007004,3.30518316136074,3.869734536889647,8.207722909047087,372.6487778985122,2.6781214438062357,3.4870502246161204,3.9149857122982197,7.571265579788186,11.773622918199116,10.775848138981814,15.696185907617394,23.683266214605872,26.711114016372978,832.037327571307,targetonly-regularization-v1.0.0
9,25,TargetOnly,PCA_50_LW,25,372.6487778985122,0.0,0.0026490066225165563,False,8.02879118537272,0.5015088222417705,2.6595430311007004,3.30518316136074,3.869734536889647,8.207722909047087,372.6487778985122,2.6781214438062357,3.4870502246161204,3.9149857122982197,7.571265579788186,11.773622918199116,10.775848138981814,15.696185907617394,23.683266214605872,26.711114016372978,832.037327571307,targetonly-regularization-v1.0.0
9,25,TargetOnly,TOPVAR_50_LW,50,10.895576477660539,0.01,0.6211920529801325,False,16.83974570162609,0.4373888628831126,7.8789894944399865,9.304200150872893,9.46410772765523,10.788786411909324,10.895576477660539,8.107567874300535,9.615970288200794,10.385161280207589,10.610183762484734,15.541530638325343,11.640963075067795,15.911320789368949,18.208058796052864,22.639406804962174,25.731560317793473,targetonly-regularization-v1.0.0
9,25,TargetOnly,TOPVAR_100_LW,100,17.677879786693673,0.01,0.823841059602649,False,87.35665572315673,0.277546800991372,13.548164061687766,15.084916200327342,15.269516301186583,16.566332288649797,17.677879786693673,13.793169736779955,15.905306466008922,16.41429174432043,17.54875152564826,24.14936145661799,23.823469611707324,33.07670087122695,43.38918891278206,62.150032735614765,120.8172070263626,targetonly-regularization-v1.0.0
9,25,TargetOnly,TOPVAR_250_LW,250,29.004725868757074,0.01,0.9311258278145695,True,230.56177403684546,0.26582914705115557,22.017769756635396,25.07174395056928,25.780888618390733,27.2499799542451,29.004725868757074,22.543314042946736,25.770236728040903,27.01095501257347,28.644979119659308,45.89756417001375,45.1504101338007,104.68744371139765,151.41838645209205,300.7849280494393,528.8104583458526,targetonly-regularization-v1.0.0
9,50,TargetOnly,LW_CURRENT,535,12737.267601929623,0.0,0.0026490066225165563,False,401.44316149011354,0.2395180111353575,31.40450300824756,34.862321637132034,35.82854545277817,163.39630620147,12737.267601929623,31.320829795067258,35.076552939621195,36.06500440038478,73.30961289314074,134.14219024878489,262.01193077010697,404.0634860108089,619.9505742138712,646.8504314260224,28271.565880468566,targetonly-regularization-v1.0.0
9,50,TargetOnly,DIAGONAL,535,6754.54547504191,0.0,0.0026490066225165563,False,,,22.569701682859872,27.072376119383694,30.88246633638398,100.87419206453501,6754.54547504191,22.857090938758994,26.352896744896917,30.62010803709902,62.335622739955895,97.9982288897637,141.47254774594163,214.24990255190608,331.6984686674069,346.05676872480024,14999.220164209597,targetonly-regularization-v1.0.0
9,50,TargetOnly,PCA_95_LW,38,749.480248383245,0.0,0.0026490066225165563,False,15.17780431911112,0.3015942954384979,3.7153269697188733,4.612226216519751,4.849962412141672,12.930274785153959,749.480248383245,3.7733595874188266,4.4519213384966365,4.837360376472355,10.956953550784412,18.439104069311696,15.714214228225512,22.527403295537535,38.4628363793972,45.43337352748558,1667.3174806730174,targetonly-regularization-v1.0.0
9,50,TargetOnly,PCA_99_LW,46,1067.476141329825,0.0,0.0026490066225165563,False,18.49638502802943,0.3098576732602933,4.054778175941383,4.973876191161792,5.161826824605612,16.670701129317525,1067.476141329825,4.10352479490725,4.829063975886154,5.182356604263702,11.58995871062238,20.40757064146715,24.01188015893548,34.25193166892023,56.80399613209781,60.4547249074393,2379.6432737300165,targetonly-regularization-v1.0.0
9,50,TargetOnly,PCA_10_LW,10,127.49376732579685,0.0,0.0026490066225165563,False,6.427879661532461,0.2064468171176848,2.1915953163623803,3.054566653084487,3.420871287710279,5.003028140722551,127.49376732579685,2.2125270625454414,2.9380809147190767,3.3797432115179187,7.9739907409887225,11.267718363275193,4.408262437056874,7.651216434033417,8.773814175513039,18.426722497019508,286.95095199275295,targetonly-regularization-v1.0.0
9,50,TargetOnly,PCA_25_LW,25,413.6714116608053,0.0,0.0026490066225165563,False,11.022406155788946,0.2704416931356775,3.1173652725047623,4.058674236870415,4.2400620136568286,8.74042239760616,413.6714116608053,3.135766389765444,3.907457538809163,4.212506835448286,9.747312762626956,15.740467028710068,10.985450260922816,16.51938368221936,27.404195219413346,31.92746489921281,920.9788879978613,targetonly-regularization-v1.0.0
9,50,TargetOnly,PCA_50_LW,50,1194.4841583499306,0.0,0.0026490066225165563,False,27.438710943372506,0.3083541739645314,4.230699686229993,5.068262134352802,5.392449334524236,18.060755318211932,1194.4841583499306,4.270918687980929,4.957887449044318,5.311072603015886,12.08887229479921,21.97018443807776,25.425277987089835,35.763024905884656,61.669386225749186,66.21072598609345,2658.4445953387267,targetonly-regularization-v1.0.0
9,50,TargetOnly,TOPVAR_50_LW,50,9.969918471921492,0.01,0.552317880794702,False,20.015632954743403,0.3444175932237827,7.30705954631785,8.394587441618476,8.68946047666419,9.963081303084618,9.969918471921492,7.437029703755757,8.600907110171395,9.04626563404752,9.810077509930258,13.422972021839405,10.314079111054333,14.110977686771676,16.301237812184464,19.88232147603975,21.704232304833575,targetonly-regularization-v1.0.0
9,50,TargetOnly,TOPVAR_100_LW,100,16.55503284719081,0.01,0.7721854304635761,False,99.71602600451143,0.21657613149951094,12.412395354666987,13.908675262835118,14.2029417161444,15.712360435965087,16.55503284719081,12.646273352219954,14.508572926835402,15.125852395376286,16.16266049154628,21.864700152300045,22.15122082643903,30.822507950451964,40.37240234982948,52.38065378515681,119.56176957227828,targetonly-regularization-v1.0.0
9,50,TargetOnly,TOPVAR_250_LW,250,26.14291540399906,0.02,0.9549668874172186,False,261.7755082392183,0.20428933147512338,20.710897004087705,23.504570672000973,24.505230461339387,26.122345693244203,26.14291540399906,21.094599612648476,24.06787656806906,24.642480455267105,28.837054327626344,47.343235774389804,44.09341808492842,100.98520482433624,148.45009539151442,300.05326541078205,631.4401720732159,targetonly-regularization-v1.0.0
9,100,TargetOnly,LW_CURRENT,534,14613.6050739846,0.0,0.0026490066225165563,False,693.6859865406103,0.14373421700573463,32.98976664996205,36.234904158604614,37.53853392530155,184.76327894796918,14613.6050739846,32.967401934392825,37.0441659355806,37.90276312468336,66.85508702791405,123.12733903917425,267.79314708347704,436.6517801091637,650.7280589427056,744.4025877891644,32434.573367170855,targetonly-regularization-v1.0.0
9,100,TargetOnly,DIAGONAL,534,6599.267870929351,0.0,0.0026490066225165563,False,,,22.45338870386245,26.987106739513322,30.732192498293664,98.43455978253716,6599.267870929351,22.786263487507966,26.01921057485708,29.467312784505435,57.38523686964563,87.93543589960427,128.81506837685066,197.16374376937512,319.6121597460938,338.07829937802023,14654.654783724407,targetonly-regularization-v1.0.0
9,100,TargetOnly,PCA_95_LW,66,1514.0999378364825,0.0,0.0026490066225165563,False,42.33111640095067,0.1573306873493286,5.834637394776362,6.7880391755136875,6.867364103026657,23.221266231899065,1514.0999378364825,5.837403591089561,6.720777383038645,7.0327507318096565,14.469567909507495,24.886823982530593,37.61372444822691,58.00508857498839,86.75220300948985,101.08047151073605,3368.029642551327,targetonly-regularization-v1.0.0
9,100,TargetOnly,PCA_99_LW,89,2290.2811312724757,0.0,0.0026490066225165563,False,66.86550179057204,0.1628906384226326,6.88183942837394,7.861455549128858,8.152046806489682,32.045242240133774,2290.2811312724757,6.934275473635342,7.869225848975726,8.264763179090309,16.220958711117476,28.846709767575632,46.81578771947458,75.27180775917256,113.78771846921727,127.61896608392952,5099.7247267282155,targetonly-regularization-v1.0.0
9,100,TargetOnly,PCA_10_LW,10,219.47850472350768,0.0,0.0026490066225165563,False,8.956412256274632,0.09457972322620692,2.5692442733020124,3.288664569473498,3.7313340974170526,6.28412701684943,219.47850472350768,2.619270996671874,3.3338109675654914,3.4925210602170087,8.833523069269887,12.619851898556055,4.779570057200546,8.55281655046314,9.755581624247979,16.69308324490633,488.28538708105947,targetonly-regularization-v1.0.0
9,100,TargetOnly,PCA_25_LW,25,539.1499610171953,0.0,0.0026490066225165563,False,17.266354256456474,0.1209896813898721,3.7405468666201687,4.566474159147865,4.888404016735594,10.475068837348637,539.1499610171953,3.750488415329894,4.477992522237308,4.701499593415277,10.896671290008781,17.42025757125632,12.190455905324432,17.749644325044784,24.98398988711208,39.80208370967652,1200.7328911531602,targetonly-regularization-v1.0.0
9,100,TargetOnly,PCA_50_LW,50,964.1572898077147,0.0,0.0026490066225165563,False,31.174589165487554,0.14832170714935142,5.096283315846863,5.942690668229574,6.067652005817742,16.663620776605907,964.1572898077147,4.977119141464581,5.880075143922858,6.046034555973166,12.772373124147613,22.062640887682157,24.23732867889062,41.35195485497611,63.13442444908446,76.52245456091374,2141.377650530535,targetonly-regularization-v1.0.0
9,100,TargetOnly,TOPVAR_50_LW,50,9.89379663662709,0.01,0.5178807947019868,False,43.5205689939938,0.18384026172151788,7.255082915032694,8.298992986402643,8.49433395947949,8.94810980450551,9.89379663662709,7.3976501385109845,8.366508505263331,8.808199486871736,9.620557722389801,12.65004464235363,9.994842687753906,14.048370362145233,15.580338407672668,19.19315529548198,20.744042318256437,targetonly-regularization-v1.0.0
9,100,TargetOnly,TOPVAR_100_LW,100,14.341064498618461,0.02,0.7748344370860927,False,142.12048514999773,0.14440687115129167,11.32606736316242,12.887882894088703,13.08538084896196,13.839679266993423,14.341064498618461,11.450218751577319,12.94389373944525,13.679778497110856,14.390483141947428,19.108789572501138,19.900385808847055,27.612927207247388,33.72525788127928,43.71455310045329,84.69683232991558,targetonly-regularization-v1.0.0
9,100,TargetOnly,TOPVAR_250_LW,250,25.16432979037686,0.02,0.9496688741721855,False,430.984476863914,0.12432945586747075,19.8060806135253,22.299708183930417,23.383894637178113,24.990301699401382,25.16432979037686,20.130973938626937,22.417425728923057,22.811826031398837,26.081753257325136,49.081277669173865,41.93972396875813,91.15218626907244,122.28539236071539,238.85905716702067,731.4951907422809,targetonly-regularization-v1.0.0
10,10,TargetOnly,LW_CURRENT,528,24894.47513001421,0.0,0.28874172185430463,False,138.88850969824264,0.5393200504562765,35.324240121899756,18670.218856809093,24893.033133277713,24893.6548725997,24894.47513001421,35.511389852807326,51.720238700123865,24893.259782580244,24893.915670766084,24894.14521685938,24892.75488261542,49786.03656139988,49787.205350463235,61248.77674810419,74680.10227202822,targetonly-regularization-v1.0.0
10,10,TargetOnly,DIAGONAL,528,17521.873247217085,0.0,0.5880794701986755,False,,,28.06482090394286,13141.364280718073,17521.844057724375,17521.868991447478,17521.873247217085,28.674893463195048,42.30547573273982,17521.067315369808,17521.858216391713,17521.86521690861,17522.110283967566,35044.78516402813,35045.66921595953,43108.24330297769,52567.10454567767,targetonly-regularization-v1.0.0
10,10,TargetOnly,PCA_95_LW,9,348.4865079886708,0.0,0.45298013245033114,False,1.0,1.0,1.8352569694405967,260.4937324144936,347.8471508044223,348.35143266102955,348.4865079886708,2.0123326035544844,3.476996057042233,347.6283012436741,347.8388205658461,348.09813605097804,348.36361125797623,697.1321591480639,698.1185135882452,858.3058911258138,1046.3622634974126,targetonly-regularization-v1.0.0
10,10,TargetOnly,PCA_99_LW,9,348.4865079886708,0.0,0.45298013245033114,False,1.0,1.0,1.8352569694405967,260.4937324144936,347.8471508044223,348.35143266102955,348.4865079886708,2.0123326035544844,3.476996057042233,347.6283012436741,347.8388205658461,348.09813605097804,348.36361125797623,697.1321591480639,698.1185135882452,858.3058911258138,1046.3622634974126,targetonly-regularization-v1.0.0
10,10,TargetOnly,PCA_10_LW,10,369.8510818215486,0.0,0.4609271523178808,False,1.0,1.0,1.936599876517424,276.473853692903,369.15207890243516,369.73456461288504,369.8510818215486,2.1225083686957658,3.6662316422037318,368.94311595075254,369.18969287462255,369.4344399112343,369.7413507435867,739.8479341655304,740.8705388066514,910.844936158071,1110.4355621046284,targetonly-regularization-v1.0.0
10,10,TargetOnly,PCA_25_LW,10,369.8510818215486,0.0,0.4609271523178808,False,1.0,1.0,1.936599876517424,276.473853692903,369.15207890243516,369.73456461288504,369.8510818215486,2.1225083686957658,3.6662316422037318,368.94311595075254,369.18969287462255,369.4344399112343,369.7413507435867,739.8479341655304,740.8705388066514,910.844936158071,1110.4355621046284,targetonly-regularization-v1.0.0
10,10,TargetOnly,PCA_50_LW,10,369.8510818215486,0.0,0.4609271523178808,False,1.0,1.0,1.936599876517424,276.473853692903,369.15207890243516,369.73456461288504,369.8510818215486,2.1225083686957658,3.6662316422037318,368.94311595075254,369.18969287462255,369.4344399112343,369.7413507435867,739.8479341655304,740.8705388066514,910.844936158071,1110.4355621046284,targetonly-regularization-v1.0.0
10,10,TargetOnly,TOPVAR_50_LW,50,13.12930923677062,0.01,0.4384105960264901,False,8.8129267862313,0.6333603876248807,8.980397068569399,10.851600815217106,11.405439708539397,11.822621863487417,13.12930923677062,9.504789268158397,11.267383416813649,12.167591680628252,13.078914833440658,21.115956781612162,12.66851922623355,18.033876705234732,20.48530691839413,25.809507342277765,28.551369094521004,targetonly-regularization-v1.0.0
10,10,TargetOnly,TOPVAR_100_LW,100,20.345334683933995,0.01,0.5867549668874172,False,25.009965858803902,0.5579777787823309,13.512241915401635,16.210531668089406,16.787212220227374,17.80417981305059,20.345334683933995,14.369416912380839,16.645448378060845,17.118747779612832,18.733236428441497,27.612197742104282,21.34303124777664,31.365649525295414,40.30532167607433,57.226174130063114,65.34545189963511,targetonly-regularization-v1.0.0
10,10,TargetOnly,TOPVAR_250_LW,250,36.16847019970212,0.01,0.6980132450331126,False,75.41826683838094,0.5187534157813477,23.4720654788764,29.107460018196434,30.8937028488671,35.673760652008205,36.16847019970212,23.652818622253484,28.991284794645132,30.87285834462049,34.07612143283926,44.676460511074,42.326254552901034,95.61405016894189,130.104632574934,255.0401123001493,557.4469644455864,targetonly-regularization-v1.0.0
10,25,TargetOnly,LW_CURRENT,534,56.71410202483355,0.01,1.0,True,199.8195407797969,0.3986441451044613,29.113341446366974,32.43543865375022,34.4117896538779,35.94391873431301,56.71410202483355,29.20904605595816,32.94166037727537,34.6438558945968,37.89479408380272,93.03496601764485,177.48573066745394,284.0344145671817,455.2659373369813,589.5081411444273,19956.418080687592,targetonly-regularization-v1.0.0
10,25,TargetOnly,DIAGONAL,534,52.647562607896965,0.01,1.0,True,,,23.43059392891012,27.08290189477804,28.98669839893594,33.75072426180651,52.647562607896965,23.388525329463167,27.442825505340444,31.661416998561496,34.311048736683595,77.03530405134259,115.96083032538546,187.11551993100838,300.4465955030184,378.0225370034723,12733.443247959025,targetonly-regularization-v1.0.0
10,25,TargetOnly,PCA_95_LW,20,6.991921652052639,0.01,0.4066225165562914,False,3.130860714437104,0.6642571131753758,2.59112525011412,3.2670070614538966,3.433020480381207,3.918918368202621,6.991921652052639,2.603488821730476,3.286999725764603,3.917022944036897,4.294741278462831,10.212740471462038,6.607887968510889,11.264448689836145,14.305677736996122,22.620799078840886,599.2219612413646,targetonly-regularization-v1.0.0
10,25,TargetOnly,PCA_99_LW,24,7.405515935321639,0.01,0.7920529801324503,False,3.466518198629536,0.6720515098864708,2.809427609541378,3.5438824766474224,3.6486992652805688,4.123569325771692,7.405515935321639,2.7633947091662483,3.5422240801211187,4.18513566177363,4.564970262516895,10.88117882740545,8.296654517750396,13.292193098845232,19.175366827081014,26.49465535375421,748.6794940911311,targetonly-regularization-v1.0.0
10,25,TargetOnly,PCA_10_LW,10,5.322039894949819,0.01,0.26225165562913905,False,2.737832799094983,0.561573778248806,2.012488123161484,2.602582437355859,2.7557645870980725,3.250286380711303,5.322039894949819,1.9824932946052325,2.678657299427809,3.1131065037829293,3.5618793988338133,7.790161108176763,4.31458959867647,7.124083321255007,7.82073787524367,12.819295520817667,286.87155677716964,targetonly-regularization-v1.0.0
10,25,TargetOnly,PCA_25_LW,25,7.4955286831587955,0.01,0.8225165562913908,False,4.274760932602211,0.6532860473267009,2.839272217415307,3.5676284045301183,3.688415791048716,4.167469446896397,7.4955286831587955,2.780390892917449,3.5738227874972397,4.18813211204407,4.586244771955766,11.021832837679733,8.498645711724299,13.787850767965939,19.713703822558784,27.273436662956236,776.804263967141,targetonly-regularization-v1.0.0
10,25,TargetOnly,PCA_50_LW,25,7.4955286831587955,0.01,0.8225165562913908,False,4.274760932602211,0.6532860473267009,2.839272217415307,3.5676284045301183,3.688415791048716,4.167469446896397,7.4955286831587955,2.780390892917449,3.5738227874972397,4.18813211204407,4.586244771955766,11.021832837679733,8.498645711724299,13.787850767965939,19.713703822558784,27.273436662956236,776.804263967141,targetonly-regularization-v1.0.0
10,25,TargetOnly,TOPVAR_50_LW,50,10.227247275700645,0.04,0.5695364238410596,False,11.280377160684795,0.5087236332078824,7.638624281109415,8.684279098417637,9.519405363114329,10.01564343101701,10.227247275700645,7.84350997821843,9.745545016458415,10.078211986467018,11.229561514302139,16.94262977591234,10.567723911525169,15.099188910779194,17.427646483161922,20.99732000034272,23.45622077306708,targetonly-regularization-v1.0.0
10,25,TargetOnly,TOPVAR_100_LW,100,16.415825941446926,0.03,0.6847682119205298,False,42.9166727136397,0.38584584684080353,12.200151237034419,13.92880552399625,14.671467342825315,15.759452880516932,16.415825941446926,12.699284084390067,14.444343813771988,15.545976958855078,16.959399850074927,23.33469745277176,19.64552683832996,28.19016498706075,34.4150590213591,48.8935551227209,67.73174725519954,targetonly-regularization-v1.0.0
10,25,TargetOnly,TOPVAR_250_LW,250,26.89798115914341,0.02,0.8582781456953642,False,116.76919357438467,0.36480319177318954,19.771812617021023,22.80994667122696,24.4215075655638,25.59447562509447,26.89798115914341,20.266340598110105,23.670727415938284,24.7912523991582,28.526588065880556,39.39059567788179,36.48109028540342,79.59762217159275,110.0506473903866,222.24018130091196,485.2522721061226,targetonly-regularization-v1.0.0
10,50,TargetOnly,LW_CURRENT,534,63.96650987734658,0.01,1.0,True,328.01126573069723,0.2668843104430648,30.345131691062726,33.833488091324156,35.03115839422179,37.911582282246634,63.96650987734658,30.532652630568798,34.511998228219554,35.909204619787886,39.08808430938034,106.15386797836277,211.10339724773627,336.8586408150688,550.4987974643097,614.6856442551527,28132.752488198712,targetonly-regularization-v1.0.0
10,50,TargetOnly,DIAGONAL,534,57.04268331935349,0.01,1.0,True,,,23.70162374066862,27.632449845035865,29.545826920585313,35.87179162923234,57.04268331935349,23.58609240699827,28.258962952894795,32.9017363677063,36.238104093556174,83.57494502067024,119.28074222356715,194.68598644677812,317.839807290411,340.03243147395006,15308.042493456012,targetonly-regularization-v1.0.0
10,50,TargetOnly,PCA_95_LW,39,10.443175225695652,0.01,0.9854304635761589,True,12.68198177100828,0.3456373438859594,3.968214088294909,4.808776448390963,5.0976046583921075,5.394948015653261,10.443175225695652,3.98165381478485,4.822094363679117,5.215720352449311,5.857259199096312,15.918380667041001,13.046377354309946,21.86663058085044,28.296868899989498,50.537612453532006,1566.579679868907,targetonly-regularization-v1.0.0
10,50,TargetOnly,PCA_99_LW,47,11.409809269818252,0.01,1.0,True,15.084212020816047,0.3541133488317905,4.286850371315424,5.228198585221951,5.4276176015050215,5.804596037292029,11.409809269818252,4.356682224202191,5.134702675590422,5.521092896384592,6.187562426425007,18.01394132633667,17.623713102591857,27.68792326469058,42.40809117423238,58.02228717328572,2010.8644170063783,targetonly-regularization-v1.0.0
10,50,TargetOnly,PCA_10_LW,10,6.5923088096127795,0.01,0.29668874172185433,False,5.680687499738154,0.23670837094849656,2.4222706051389054,2.9770636275966993,3.378977097415046,3.790092703250482,6.5923088096127795,2.3084192076637042,3.052183845820814,3.659127903107568,3.988277526028924,9.991880676380683,5.597970361519931,8.673288475449906,9.715441209066762,17.640721848911628,350.7229198496916,targetonly-regularization-v1.0.0
10,50,TargetOnly,PCA_25_LW,25,8.650549133268687,0.01,0.7589403973509934,False,9.21740424724713,0.31094161440056334,3.3320547043867914,4.102806875996486,4.336547843504993,4.72848697403287,8.650549133268687,3.29269490153302,4.275094969073445,4.566369827427996,5.037609244935717,13.504383868765618,9.589393773137413,16.504238164700013,20.957284141251346,33.23995176301126,979.3377496889324,targetonly-regularization-v1.0.0
10,50,TargetOnly,PCA_50_LW,50,11.585174323094721,0.01,1.0,True,21.52589989641655,0.3519328427116969,4.458837349952847,5.339003501842351,5.621246626183969,5.896232231541334,11.585174323094721,4.4701312642320605,5.238729077243059,5.626536171832227,6.284186656491825,18.276573838954093,18.325458162155897,29.191822169260536,44.26385090940881,59.91693983297713,2108.4311314022552,targetonly-regularization-v1.0.0
10,50,TargetOnly,TOPVAR_50_LW,50,9.372738510513111,0.04,0.704635761589404,False,19.688421538299444,0.3394038673966292,7.2427246697577665,8.435644897269267,8.63209901368895,9.208759479911638,9.372738510513111,7.465863466584508,8.730718653124852,9.248524995214444,10.501901103833328,15.643442175349696,10.282225986168534,14.050877901332038,15.730196735978442,18.458644151074274,21.591171880147524,targetonly-regularization-v1.0.0
10,50,TargetOnly,TOPVAR_100_LW,100,15.623606702180405,0.02,0.7245033112582782,False,60.74545634179763,0.277097723472676,11.663486642234254,13.091272359012043,13.428476904965018,15.104450077492125,15.623606702180405,11.97883094944481,13.594583692812865,14.115184728133666,16.690088548937972,21.05099732836033,19.176144012441668,26.90496660394411,33.96886380379684,45.36863254334905,77.79271431529875,targetonly-regularization-v1.0.0
10,50,TargetOnly,TOPVAR_250_LW,250,28.146286389319783,0.01,0.8556291390728477,False,195.72107917833932,0.23723967284883957,19.55082736648599,22.476638115612865,23.239012251996982,26.478755960639713,28.146286389319783,20.167119102305037,22.824733016185853,24.379722477181136,26.70801494671373,45.77236232336841,38.467556544436874,86.05431055329822,118.7966730671967,240.86741509147038,639.2868134087572,targetonly-regularization-v1.0.0
10,100,TargetOnly,LW_CURRENT,534,70.1888151861204,0.01,1.0,True,665.9676472139888,0.14792936740477783,32.53431675859284,35.70941168137832,37.14294748954169,39.10067232946575,70.1888151861204,32.53069476660285,36.10474353590866,37.6949188132199,41.990559226611296,115.09278357454919,246.16541760260637,416.6554330889925,579.4088450038287,715.9803544076242,1760.5680006875314,targetonly-regularization-v1.0.0
10,100,TargetOnly,DIAGONAL,534,56.76683530371557,0.01,1.0,True,,,22.62864729018099,26.679177827318185,28.234875194196107,34.06593424260803,56.76683530371557,22.5920993203399,27.10011406840718,30.749513800163783,34.53313948769066,84.68573711183758,120.56098245461439,188.33829126165983,273.7640390451744,322.60802416784594,844.7944471102007,targetonly-regularization-v1.0.0
10,100,TargetOnly,PCA_95_LW,66,14.128455861908172,0.01,1.0,True,41.42318723026898,0.16264412610201728,5.738042269634547,6.584913419344751,6.945074684218032,7.4427648945679845,14.128455861908172,5.854541830638485,6.699924226671541,7.046015927200079,7.406353252135274,24.236606278625857,29.521894902336577,46.157954829257754,67.40534847401747,75.72190146427869,219.72556808317285,targetonly-regularization-v1.0.0
10,100,TargetOnly,PCA_99_LW,89,17.043450790152626,0.01,1.0,True,62.98333116420574,0.16822550840527417,6.943343970773891,7.703526772604385,7.979251042873583,8.318992676826097,17.043450790152626,7.003296116514685,7.863034525315573,8.072293903736622,8.817169112920052,28.169932785701896,45.68386218723911,65.53251183869045,99.03176341589601,103.62749455499547,269.6304889354731,targetonly-regularization-v1.0.0
10,100,TargetOnly,PCA_10_LW,10,8.38284072346784,0.01,0.223841059602649,False,9.544528323636895,0.09373866228445604,2.5826662680993264,3.3053518399999198,3.4861477505812855,3.8398960246337235,8.38284072346784,2.6015932061466582,3.49206856814775,3.6685659663127526,4.421924187437572,11.636024739869365,6.161703877217456,9.814173212542283,10.894818684918693,15.889147495357522,58.10438423021054,targetonly-regularization-v1.0.0
10,100,TargetOnly,PCA_25_LW,25,10.206426397484023,0.01,0.8304635761589404,False,16.490066471577418,0.1276499982600362,3.6941909979117624,4.655739085078556,4.782600045501894,5.165036635723147,10.206426397484023,3.75276169982134,4.5717183064330005,4.827594815022556,5.316248637770324,16.444326301350685,11.596975652970864,19.407651775358985,25.51472478953987,31.23932145539185,106.14812087080884,targetonly-regularization-v1.0.0
10,100,TargetOnly,PCA_50_LW,50,12.660238994584516,0.01,1.0,True,30.611477179968546,0.1538225470185456,4.984438238254489,5.886218207786125,6.0509521116887015,6.7752909688753515,12.660238994584516,5.0499042798556495,5.873549668303457,6.253831051269555,6.505191541879447,20.999237555272394,22.55544459241729,34.991106003444195,56.462250982169635,61.613626045213714,185.3785018819372,targetonly-regularization-v1.0.0
10,100,TargetOnly,TOPVAR_50_LW,50,9.85591137773379,0.01,0.5377483443708609,False,47.71548481220652,0.1732832350125677,7.072405344693414,8.164112872093055,8.63529784338011,9.275894244396044,9.85591137773379,7.347272031969704,8.51749192416215,9.185648525606805,9.736672654816621,12.803547150641394,10.058479147258836,13.96146892558838,15.496376626140563,18.510908609776585,20.522696705003032,targetonly-regularization-v1.0.0
10,100,TargetOnly,TOPVAR_100_LW,100,15.418472649309269,0.01,0.7311258278145696,False,148.26148840067344,0.14019600772894047,11.340728801901523,12.728817647683922,13.351065791023904,13.82017100515005,15.418472649309269,11.584792492812198,13.462986390772894,13.76899424484153,15.281822623507065,17.165020303266463,19.898802715899695,27.000079674034474,33.8116878395987,45.63420630944429,88.65029975145352,targetonly-regularization-v1.0.0
10,100,TargetOnly,TOPVAR_250_LW,250,29.66234207190438,0.01,0.8516556291390729,False,443.1937342771859,0.12274845330092445,19.930790672415466,22.39730479097028,23.103494187086405,24.4313590294506,29.66234207190438,20.529514957975174,22.875155261130928,23.855755106262375,24.573859388387177,47.724624790586894,41.80980260520597,92.71085224176414,125.87277677850435,249.2681149115067,756.3689682412046,targetonly-regularization-v1.0.0
11,10,TargetOnly,LW_CURRENT,529,17642.441475491927,0.04,0.5814569536423841,False,106.09813760410466,0.5896239016104463,30.196687670483907,34.931136802613125,13452.043585169777,17642.381199979864,17642.441475491927,29.705726217998183,1358.6225182624187,17642.23084592785,17656.520897223694,19010.317390760916,17644.28370730731,35286.94835185128,35288.10887093843,43408.30798786877,52931.131383564774,targetonly-regularization-v1.0.0
11,10,TargetOnly,DIAGONAL,529,13016.670574216827,0.03,0.5986754966887418,False,,,25.202061203419298,29.611443003774674,9925.073394610128,13016.66669304626,13016.670574216827,24.697918579351988,1007.4900253662352,13016.659675078135,13026.47876406482,13997.234514610336,13017.24688969841,26034.728115856033,26035.388423026856,32025.408098264794,39052.06267983665,targetonly-regularization-v1.0.0
11,10,TargetOnly,PCA_95_LW,8,244.93915062485553,0.03,0.32847682119205296,False,1.0,1.0,1.6301902953402447,2.284666776178747,187.13564269707328,244.92825631956876,244.93915062485553,1.609000053667554,21.16351537906902,244.73025508123158,245.07402670603295,245.1167960465055,244.1399122920361,489.7019783378852,490.3793646738199,603.0530261585702,735.2362502740602,targetonly-regularization-v1.0.0
11,10,TargetOnly,PCA_99_LW,9,290.0269214259153,0.02,0.26887417218543047,False,1.0,1.0,1.7033773623114896,2.365817983460866,221.30150896935228,289.9449325588906,290.0269214259153,1.680745078338377,24.696117922087623,289.63468834691787,290.05691670214924,290.1437535994434,288.63786088894375,579.0877313011962,579.6176656558558,712.846040327448,869.4300369712723,targetonly-regularization-v1.0.0
11,10,TargetOnly,PCA_10_LW,10,307.2301703438467,0.02,0.27417218543046357,False,1.0,1.0,1.803810005384144,2.5027771744073832,234.4442069042309,307.13928933744137,307.2301703438467,1.7800452336462675,26.149485194154458,306.8521607866855,307.2851645864133,307.35623274854703,305.84824990866184,613.5404310866362,614.0700842403282,755.208431227168,921.0748733446181,targetonly-regularization-v1.0.0
11,10,TargetOnly,PCA_25_LW,10,307.2301703438467,0.02,0.27417218543046357,False,1.0,1.0,1.803810005384144,2.5027771744073832,234.4442069042309,307.13928933744137,307.2301703438467,1.7800452336462675,26.149485194154458,306.8521607866855,307.2851645864133,307.35623274854703,305.84824990866184,613.5404310866362,614.0700842403282,755.208431227168,921.0748733446181,targetonly-regularization-v1.0.0
11,10,TargetOnly,PCA_50_LW,10,307.2301703438467,0.02,0.27417218543046357,False,1.0,1.0,1.803810005384144,2.5027771744073832,234.4442069042309,307.13928933744137,307.2301703438467,1.7800452336462675,26.149485194154458,306.8521607866855,307.2851645864133,307.35623274854703,305.84824990866184,613.5404310866362,614.0700842403282,755.208431227168,921.0748733446181,targetonly-regularization-v1.0.0
11,10,TargetOnly,TOPVAR_50_LW,50,18.20005512760208,0.0,0.09403973509933775,False,9.060714281615775,0.6433535378985666,9.331360350272703,10.74706607250341,11.457360676130932,12.72114322228697,18.20005512760208,8.790203643684595,10.424585846610022,11.19687795898646,12.443663665873897,13.075873490868373,12.018764275503033,18.01475821440381,21.443759672945482,26.404720781585734,32.93276255383877,targetonly-regularization-v1.0.0
11,10,TargetOnly,TOPVAR_100_LW,100,29.12863989311187,0.0,0.12450331125827814,False,24.54888668683391,0.5808260548947614,13.864053197358903,16.022748215042,16.855558557739066,18.89855491483013,29.12863989311187,13.541795055534099,16.0563185531895,16.66630046365082,18.04000485431497,18.123192671857794,20.528926799119205,30.60074609802104,35.70188395240455,48.79999217717445,65.7358634063776,targetonly-regularization-v1.0.0
11,10,TargetOnly,TOPVAR_250_LW,250,43.42123457921835,0.0,0.38675496688741723,False,57.705540783386176,0.5767463718287416,20.344218660032098,22.801886411801092,23.795329092877942,26.88986871344312,43.42123457921835,20.106279849930534,22.696500192447086,23.253649534945673,26.255006230431874,28.305927195788538,38.47269704881639,83.9873110931275,133.71575700345775,270.8358490790612,392.6359474193014,targetonly-regularization-v1.0.0
11,25,TargetOnly,LW_CURRENT,531,19848.09067401646,0.03,0.6105960264900663,False,164.79892354239058,0.4176772350445533,28.51947766989558,33.12074226274567,15133.734848338469,19847.885517225848,19848.09067401646,28.00787398031322,1522.1990141468782,19847.51880971907,19871.523632995057,22180.3427387499,19851.02007908721,39697.726091532895,39698.5996080468,48843.33481265334,59547.369872887284,targetonly-regularization-v1.0.0
11,25,TargetOnly,DIAGONAL,531,12851.661836776006,0.02,0.6105960264900663,False,,,24.131887797486556,28.857449486561645,9799.267193977345,12851.658495448119,12851.661836776006,23.372403308915338,993.9465357605122,12851.652300345451,12866.058034101316,14290.899450326158,12852.446883831852,25704.773891584566,25705.435255332835,31621.034124116137,38557.0446244204,targetonly-regularization-v1.0.0
11,25,TargetOnly,PCA_95_LW,21,572.296843441454,0.01,0.20794701986754968,False,2.5871404594319793,0.7154142959102535,2.883097618370627,3.6490476276179242,436.29143979519677,572.2912396294373,572.296843441454,2.760253383077595,46.56052757654708,571.7668106675906,572.2637814637611,572.5078154346182,570.5997847839565,1144.167603780211,1144.7345590007365,1407.6133730456581,1716.7064631199162,targetonly-regularization-v1.0.0
11,25,TargetOnly,PCA_99_LW,24,609.1759537748269,0.01,0.1509933774834437,False,2.751303975164297,0.7240005881537243,3.041238921523097,3.804387742328352,464.1728942759504,609.1226904498487,609.1759537748269,2.9263686244078935,49.43214266642465,608.5452308906406,609.1057858688675,609.2825286915939,606.7980763944555,1216.943436860265,1217.5306827896313,1497.353313976103,1826.376982868739,targetonly-regularization-v1.0.0
11,25,TargetOnly,PCA_10_LW,10,321.9924622162159,0.01,0.28344370860927154,False,2.339198398365252,0.6086634625028889,2.125384653056473,2.7829823594912666,245.4280594807395,321.8006531297432,321.9924622162159,1.992519506752891,26.93167506891327,321.5721410608891,321.9446390811643,322.1192097253496,320.94677180564537,643.9033715153889,644.4852165232008,792.6998947990705,966.3743802839703,targetonly-regularization-v1.0.0
11,25,TargetOnly,PCA_25_LW,25,620.460026145284,0.01,0.1509933774834437,False,3.3433782050416947,0.7024190624336373,3.072312635087468,3.8265524575977756,472.7685870694112,620.4100699106401,620.460026145284,2.9536510915656073,50.295238712207734,619.8240516384031,620.3980527568198,620.568301884716,618.0475275887624,1239.4509418874268,1240.0551997546106,1525.0499208524257,1860.1816533817096,targetonly-regularization-v1.0.0
11,25,TargetOnly,PCA_50_LW,25,620.460026145284,0.01,0.1509933774834437,False,3.3433782050416947,0.7024190624336373,3.072312635087468,3.8265524575977756,472.7685870694112,620.4100699106401,620.460026145284,2.9536510915656073,50.295238712207734,619.8240516384031,620.3980527568198,620.568301884716,618.0475275887624,1239.4509418874268,1240.0551997546106,1525.0499208524257,1860.1816533817096,targetonly-regularization-v1.0.0
11,25,TargetOnly,TOPVAR_50_LW,50,20.133652902216813,0.0,0.03443708609271523,False,10.059202028576475,0.5272054678767133,8.104368568834897,9.392533290141271,10.708029044291289,11.545624705797458,20.133652902216813,7.897810837596898,8.961056847341885,9.364162633981532,10.223177741353204,10.727224837907293,10.995332442819842,16.728806423891555,19.178752774072812,23.581899427530594,28.41484340841085,targetonly-regularization-v1.0.0
11,25,TargetOnly,TOPVAR_100_LW,100,26.480144920567874,0.0,0.14172185430463577,False,28.685225005726362,0.4579091400595116,12.055218110602613,13.586577457224433,13.703724158169106,14.936193912047287,26.480144920567874,11.829505879830519,13.282502374876689,13.449834960249666,14.08772535839053,14.481883976786085,19.69334985383463,29.422277926611795,33.746583184136135,49.3382770050293,98.13502039814311,targetonly-regularization-v1.0.0
11,25,TargetOnly,TOPVAR_250_LW,250,45.44487182888929,0.0,0.32980132450331123,False,93.26218923915283,0.3981468651044558,19.28784385803371,21.138941600660285,21.528549209963664,22.65687552416938,45.44487182888929,18.921491173337373,21.476812911529848,22.552450128922054,24.58079198235058,27.414635949354743,36.408812168868764,86.2617797493375,118.33283383430405,239.12042455215988,508.10458682000797,targetonly-regularization-v1.0.0
11,50,TargetOnly,LW_CURRENT,534,106.90147903919247,0.01,1.0,True,377.90319957992796,0.24408089646039932,31.28347302905692,34.32647111221954,35.31657867132785,39.03527866478119,106.90147903919247,31.147565538129506,34.09988895810051,35.57002678825074,145.57143692255073,10492.297649817927,206.78269355458468,342.5981435079727,553.4600976520813,605.4524288229981,23297.907472818337,targetonly-regularization-v1.0.0
11,50,TargetOnly,DIAGONAL,534,79.54717269041721,0.01,1.0,True,,,23.65570848479466,27.788318675883293,28.35899586981129,30.34953180540192,79.54717269041721,23.025290562039594,26.637431786591762,28.23171988450329,87.842707773717,5482.906026335742,111.48717071089997,186.47639122800112,304.8762257341348,331.38160812344296,12176.724673111456,targetonly-regularization-v1.0.0
11,50,TargetOnly,PCA_95_LW,38,15.666196758333223,0.01,0.3072847682119205,False,14.110081739325778,0.30678436202802817,3.9344867195455793,4.56194031165103,4.719730737425232,4.996421983461406,15.666196758333223,3.95426369392474,4.496891630360028,4.737472878821327,10.14459460221355,492.88812286268467,13.85283526310635,25.93945622716262,39.16938852611929,47.902715063758016,1098.350099571833,targetonly-regularization-v1.0.0
11,50,TargetOnly,PCA_99_LW,46,16.66978921908248,0.01,0.31920529801324504,False,16.98424799410605,0.3154842971558707,4.271424053336187,4.860147504934321,5.137207692623817,5.46401742705653,16.66978921908248,4.318414326908365,4.886185271849461,5.116428438374913,12.646090652265483,707.2118880702716,14.99126830802869,29.193005721171932,43.18956441279074,59.67449213388565,1573.375292889254,targetonly-regularization-v1.0.0
11,50,TargetOnly,PCA_10_LW,10,9.079287711905868,0.01,0.09801324503311258,False,6.142932274774812,0.2147673348557281,2.3544331026418224,2.8489726320571704,2.9956739369638936,3.308923256471582,9.079287711905868,2.2515477966533446,2.798073216320223,2.9760432207369294,4.500188635055373,109.65844404165266,4.962448387253224,8.835438020115943,10.310815936512336,14.218007093111837,244.2741136896403,targetonly-regularization-v1.0.0
11,50,TargetOnly,PCA_25_LW,25,12.746271013242392,0.01,0.21589403973509932,False,10.22691832424847,0.2782953053433292,3.3466822134002463,3.8270729301002135,3.9842789531419127,4.369623380003396,12.746271013242392,3.2743269885637902,3.804474875117524,4.03806063479505,7.977530790104822,340.91691161482964,10.089660234016609,16.999709291535286,26.056692994038162,32.75612384450185,758.7353111822275,targetonly-regularization-v1.0.0
11,50,TargetOnly,PCA_50_LW,50,17.09394453004445,0.01,0.3562913907284768,False,25.821339327388,0.3146383361457712,4.451468876068598,5.066062716512812,5.338329623285268,5.771422631613643,17.09394453004445,4.470631521251727,5.06754033276791,5.311932729755729,13.927318292431474,812.7367906436001,15.85902003487006,30.325183452308597,47.54885344934707,61.849020207184154,1808.77729807637,targetonly-regularization-v1.0.0
11,50,TargetOnly,TOPVAR_50_LW,50,16.34590944354904,0.0,0.06754966887417219,False,27.935610791555796,0.2948693503807654,7.739643760732666,9.111083501416601,9.566831491164516,11.38299906543655,16.34590944354904,7.670866424513958,8.74924244251859,8.991886390737719,9.706692050698587,9.90134958259096,10.387916470247726,15.072045688196143,17.11897759904432,21.350129101490744,24.20226421344594,targetonly-regularization-v1.0.0
11,50,TargetOnly,TOPVAR_100_LW,100,23.192622769023092,0.0,0.39867549668874175,False,72.09823448860347,0.25705385819459775,12.297117261442226,14.103389133452128,14.362748526393192,15.909008736444333,23.192622769023092,12.087954453050425,13.323711008063857,13.60203719897421,14.162348754297506,14.177762597621047,21.4157647106829,30.97427501835005,37.2012632719974,49.72252719511925,81.8258182712429,targetonly-regularization-v1.0.0
11,50,TargetOnly,TOPVAR_250_LW,250,46.49280952384693,0.0,0.3841059602649007,False,209.9797303129622,0.2283990888811362,20.055641600935978,22.257647984689374,22.778514676479592,23.743519395926818,46.49280952384693,19.941497693947014,22.44377952079702,22.93737254176624,26.5036886240182,27.739717360640718,41.07233860368734,91.69166410135635,126.26983685766268,252.67426407109758,630.6283046191396,targetonly-regularization-v1.0.0
11,100,TargetOnly,LW_CURRENT,534,78.20404752182317,0.01,1.0,True,672.6569474595786,0.14990833793403968,32.60110326524607,36.72874110127955,37.712156546455695,41.08617454330444,78.20404752182317,32.97205821514298,36.78984937663409,38.67695232037339,170.88503059616974,12928.264074551706,248.4701881553961,403.39796901749963,618.3234822113765,731.9972270423026,28708.778437649114,targetonly-regularization-v1.0.0
11,100,TargetOnly,DIAGONAL,534,64.29701048976037,0.01,1.0,True,,,23.392523324688504,27.265385609046785,28.016694590820265,29.80791874678521,64.29701048976037,22.55947315600769,26.47723270704656,27.974833202769545,90.46852772570688,5859.335431881842,116.5461700999213,189.50006745426796,305.5575920830478,348.9486735595759,13012.050602956138,targetonly-regularization-v1.0.0
11,100,TargetOnly,PCA_95_LW,67,18.735019449487577,0.01,1.0,True,42.709047849486915,0.1644940934738481,6.0208051609108715,6.711635260318601,6.980948609620884,7.383577172986016,18.735019449487577,5.950240127355366,6.7776684809987735,7.049250497402304,20.802931572288017,1336.178619911961,28.96763117231916,52.258826236030885,81.66721210326789,94.75668164887311,2970.2717100350924,targetonly-regularization-v1.0.0
11,100,TargetOnly,PCA_99_LW,89,20.20795812753513,0.01,1.0,True,64.81832031342184,0.1696120402841671,7.129937551630556,7.858412035195074,8.025083153110375,8.955887301977752,20.20795812753513,7.041649042526162,8.033391027976677,8.244437918970705,28.271945270502595,1947.7309262978315,38.5631237179544,65.49048464714012,100.88123610871305,128.3708503506586,4328.779728334113,targetonly-regularization-v1.0.0
11,100,TargetOnly,PCA_10_LW,10,8.86300853941729,0.01,0.14172185430463577,False,9.671476895642126,0.10795069456102295,2.58472749692843,3.248866118292246,3.460598132909413,3.694320714974158,8.86300853941729,2.5351111596804214,3.1198017049148525,3.192794818181263,5.269172843318916,134.2092928411969,5.261583149263711,9.32912322754052,10.323209368826634,17.734330971373687,301.24907612831,targetonly-regularization-v1.0.0
11,100,TargetOnly,PCA_25_LW,25,13.06672362672294,0.01,0.3655629139072848,False,16.725115164939094,0.13095387643624173,3.8868289211477363,4.455099155350502,4.580055618865319,4.921758779538455,13.06672362672294,3.790443664432849,4.55826495596127,4.679024837961958,9.238311343757307,416.6318655630911,12.078487653145531,20.173704270309116,27.293508453267144,41.44232422599772,927.862372341406,targetonly-regularization-v1.0.0
11,100,TargetOnly,PCA_50_LW,50,15.941716977112616,0.01,0.9933774834437086,True,30.859216031502246,0.15580497020140202,5.163686733596871,5.8281729883007465,6.131583591656575,6.906472492330207,15.941716977112616,5.141665062005121,5.956679439166537,6.278886647966556,15.98486154205802,945.4780699025634,19.597220776028436,39.38795584047038,59.06143945615074,76.12127651850206,2100.6110809755223,targetonly-regularization-v1.0.0
11,100,TargetOnly,TOPVAR_50_LW,50,14.632257615157357,0.0,0.0781456953642384,False,41.12571391624712,0.19137191063834685,7.2961683301908575,8.262825566775026,8.81621685621677,9.694009734685261,14.632257615157357,7.105019428770001,8.11628616172534,8.443201649817519,8.836453874970058,9.25640597955695,10.061559207079688,13.649025065031234,16.05869146759936,19.136452236827562,20.707040543358794,targetonly-regularization-v1.0.0
11,100,TargetOnly,TOPVAR_100_LW,100,20.504075626424015,0.0,0.5006622516556292,False,141.25371718149924,0.14475353466050975,11.62629603833447,13.179454516694449,13.530314308379328,15.000459972477932,20.504075626424015,11.509887553013527,12.722451284535069,13.218604847104116,13.530512007130131,13.733826707297036,20.526145400469805,28.792332833493443,36.60092890351266,47.27214279729515,90.47920281874926,targetonly-regularization-v1.0.0
11,100,TargetOnly,TOPVAR_250_LW,250,45.82626725959585,0.0,0.41456953642384103,False,412.6583968984899,0.12796166999395367,20.026704352444604,21.922760688151026,23.35595695642625,24.6809047453997,45.82626725959585,20.164031090833312,22.289026594953004,22.710656431542137,26.77137795214691,27.758528632978113,41.58126455998618,89.35609155521381,114.6772074841492,226.07555560811386,766.8735786781617,targetonly-regularization-v1.0.0
12,10,TargetOnly,LW_CURRENT,529,24717.06986345061,0.01,0.5748344370860927,False,131.70741731829764,0.5481347078622965,30.80184379208045,18199.35947451642,24715.647719747765,24716.55605016383,24717.06986345061,30.328398296988873,47.925453004623236,18217.22407298229,24716.95005474444,24717.088669825545,30554.325814959062,61108.60889057213,61109.75656836282,73300.86599945027,91662.97314673553,targetonly-regularization-v1.0.0
12,10,TargetOnly,DIAGONAL,529,17532.66454545207,0.0,0.5748344370860927,False,,,25.409831963150623,12892.64648133582,17532.653941741813,17532.66442673325,17532.66454545207,24.87773140425491,37.49857634915807,12905.501857922984,17532.659656070973,17532.65973833864,21764.087894176842,43529.86538057652,43530.89849199374,52211.65214362675,65293.95411222736,targetonly-regularization-v1.0.0
12,10,TargetOnly,PCA_95_LW,8,323.7137941694664,0.0,0.5337748344370861,False,1.0,1.0,1.7956616637197498,225.60913834611588,322.85219707653386,323.4704957263927,323.7137941694664,1.7398381633181061,2.971480928557272,226.76880303727495,322.8663277265845,323.0763450882292,480.54489704494625,964.7732479578067,965.2486786088998,1158.2033635713015,1447.3609326443093,targetonly-regularization-v1.0.0
12,10,TargetOnly,PCA_99_LW,9,343.3075679335944,0.0,0.5311258278145695,False,1.0,1.0,1.8720950767173088,233.7618476464482,342.3395840219649,343.1009914517175,343.3075679335944,1.8057794341627051,3.0910214539265763,235.2637185367917,342.4129751781854,342.6262742410322,503.77827747465494,1011.5907106315759,1012.1164688862245,1210.6140238761536,1517.7128960568953,targetonly-regularization-v1.0.0
12,10,TargetOnly,PCA_10_LW,10,361.8815911848904,0.0,0.5311258278145695,False,1.0,1.0,1.9784519413947126,246.94694060069978,360.86019333285856,361.6633381016102,361.8815911848904,1.9139320424903739,3.258646434392539,248.51548010322054,360.93844982569533,361.1642701933578,531.275357214592,1066.758754899357,1067.3080207555145,1276.9844624452453,1600.4693522280575,targetonly-regularization-v1.0.0
12,10,TargetOnly,PCA_25_LW,10,361.8815911848904,0.0,0.5311258278145695,False,1.0,1.0,1.9784519413947126,246.94694060069978,360.86019333285856,361.6633381016102,361.8815911848904,1.9139320424903739,3.258646434392539,248.51548010322054,360.93844982569533,361.1642701933578,531.275357214592,1066.758754899357,1067.3080207555145,1276.9844624452453,1600.4693522280575,targetonly-regularization-v1.0.0
12,10,TargetOnly,PCA_50_LW,10,361.8815911848904,0.0,0.5311258278145695,False,1.0,1.0,1.9784519413947126,246.94694060069978,360.86019333285856,361.6633381016102,361.8815911848904,1.9139320424903739,3.258646434392539,248.51548010322054,360.93844982569533,361.1642701933578,531.275357214592,1066.758754899357,1067.3080207555145,1276.9844624452453,1600.4693522280575,targetonly-regularization-v1.0.0
12,10,TargetOnly,TOPVAR_50_LW,50,14.275799038323303,0.01,0.2503311258278146,False,6.218907671680176,0.7021888598113357,8.79307051840059,10.414754925924614,10.702280274379039,11.630335790454335,14.275799038323303,8.961711246928031,10.79010100726139,11.350964226757107,13.43685929368562,21.12707824745551,11.899549339163825,18.01499215069402,20.132287570079626,26.577887785168176,34.21620856082544,targetonly-regularization-v1.0.0
12,10,TargetOnly,TOPVAR_100_LW,100,19.746357931801743,0.01,0.5761589403973509,False,19.435421916077104,0.603157628819889,13.63791603946563,15.244800325328013,15.808296824833159,17.094454817801182,19.746357931801743,13.665157076094456,15.872076279942593,16.44298415934405,18.590812148237642,27.167221747618797,20.640688246470287,30.74283424127411,40.814366405818134,56.51615144400278,60.445393206137204,targetonly-regularization-v1.0.0
12,10,TargetOnly,TOPVAR_250_LW,250,29.467863487219343,0.01,0.7947019867549668,False,73.65287548048504,0.5207044724722035,21.19130326271832,25.883790636190078,26.681445211502957,28.645705918528265,29.467863487219343,21.236972757666393,25.130016001851956,26.262412969734008,28.489016035739994,46.61107114151713,36.775988467531555,83.34439893140491,115.60756621911838,237.25831547545678,478.7071911498553,targetonly-regularization-v1.0.0
12,25,TargetOnly,LW_CURRENT,532,53.95430505084481,0.02,1.0,False,177.664461486577,0.40069031032399965,28.632741260282714,33.01475591498756,36.13339251604243,42.30957278716326,53.95430505084481,28.50351347465034,31.981143647467235,34.26480642885177,181.73761203538146,8224.25309322421,214.0003213658983,311.11540844754364,501.0685969943565,662.3214485233557,18268.128395852727,targetonly-regularization-v1.0.0
12,25,TargetOnly,DIAGONAL,532,50.47884225906041,0.02,1.0,False,,,23.69127759136792,28.682363886448552,30.165167666385955,35.27801136849618,50.47884225906041,23.358603126842745,27.34244103282768,28.44734148324173,133.36224204327823,5213.184926775772,139.9907239409198,202.03125148817003,327.29282472691636,429.4739979055991,11577.868258270893,targetonly-regularization-v1.0.0
12,25,TargetOnly,PCA_95_LW,20,6.877690109499394,0.02,0.9655629139072848,False,2.777623499190173,0.6783567403997363,2.678497596138855,3.3700381158900203,3.5943725019042225,4.3106943697942555,6.877690109499394,2.634799934070318,3.2293133072544093,3.422032070703556,12.312591233436818,214.55691210523105,8.643720981310983,14.389110213231508,20.72607644482384,23.767466210519817,475.86347711592015,targetonly-regularization-v1.0.0
12,25,TargetOnly,PCA_99_LW,24,7.335635625019912,0.02,1.0,False,3.035356087234355,0.69120292659831,2.9099662485274154,3.563185180564267,3.788178792150203,4.54078055383063,7.335635625019912,2.7800354731302725,3.444562296147917,3.6405664965699702,13.561528270396526,249.9350111744628,10.346524244363621,15.679606427549464,24.625731508836893,26.293363650375728,554.1401630138917,targetonly-regularization-v1.0.0
12,25,TargetOnly,PCA_10_LW,10,5.32077179242344,0.02,0.31125827814569534,False,2.327476943958817,0.6052603420733237,2.0449287705971266,2.703930328777365,2.871597409210082,3.412329574201403,5.32077179242344,2.018269789658439,2.607868469387786,2.7627248665768667,9.088074360677824,126.58180858340815,4.409468287939496,7.700281374994166,10.770265964203407,15.340633241407456,279.2874795913265,targetonly-regularization-v1.0.0
12,25,TargetOnly,PCA_25_LW,25,7.438480195019614,0.02,1.0,False,3.7236102059531855,0.670828947169201,2.9389357627645336,3.5862527296642135,3.8322119099180862,4.5764990924817335,7.438480195019614,2.803730354424254,3.527774642115163,3.655432897795285,13.783209450279244,258.2324547518471,10.618652264095282,16.018210465009734,25.577598958459912,27.88639279482947,572.4639400189831,targetonly-regularization-v1.0.0
12,25,TargetOnly,PCA_50_LW,25,7.438480195019614,0.02,1.0,False,3.7236102059531855,0.670828947169201,2.9389357627645336,3.5862527296642135,3.8322119099180862,4.5764990924817335,7.438480195019614,2.803730354424254,3.527774642115163,3.655432897795285,13.783209450279244,258.2324547518471,10.618652264095282,16.018210465009734,25.577598958459912,27.88639279482947,572.4639400189831,targetonly-regularization-v1.0.0
12,25,TargetOnly,TOPVAR_50_LW,50,10.472574023684427,0.03,0.5218543046357615,False,10.088048591914891,0.5324471337512644,7.774332643939847,9.209479325728473,9.621153047378025,10.358996244021563,10.472574023684427,7.829166719650765,9.305884973747482,10.023308715150831,10.799781974556623,16.775889800733434,10.644113032877922,15.92219091845469,18.266334473511613,22.330755133816798,25.84583628966439,targetonly-regularization-v1.0.0
12,25,TargetOnly,TOPVAR_100_LW,100,15.826223802716124,0.01,0.7231788079470198,False,26.31756208069094,0.46916497382052835,12.010664677288082,13.335582325841616,13.66605982487769,14.683690746863897,15.826223802716124,12.059183493371101,13.79740473643894,14.32864581187472,14.974523117590405,23.081999853292555,20.4477063979856,29.565675918905605,39.21373942374325,50.823624893427954,65.97720277037423,targetonly-regularization-v1.0.0
12,25,TargetOnly,TOPVAR_250_LW,250,25.85581202841302,0.01,0.8847682119205298,False,87.05118176164959,0.39882153666791226,19.390219620336353,21.44758128754597,22.529723036016886,25.55827537794094,25.85581202841302,19.374557080468172,21.875018440796673,22.431750308140725,24.033096104740032,43.11727259250605,37.36278765871483,82.21960911201485,111.96160817691104,230.66631855245242,510.47977362856085,targetonly-regularization-v1.0.0
12,50,TargetOnly,LW_CURRENT,533,61.266744214177734,0.02,1.0,False,366.18536510364805,0.24755689509457765,30.76420551759403,34.59114358732349,37.24849751687017,60.1179984944428,61.266744214177734,30.69176603516017,33.8856467480201,35.04880812162853,202.34095961354018,10044.376351887404,251.24939500348938,385.16202020084717,587.1496942566339,734.5648221769536,22304.294863404582,targetonly-regularization-v1.0.0
12,50,TargetOnly,DIAGONAL,533,48.58286068934484,0.02,1.0,False,,,22.79442062964049,28.16359459425876,30.423626084169584,37.04043108193219,48.58286068934484,22.726754137570637,25.815972686734778,27.744409996295033,128.95159544480737,5265.573816786366,137.39729764718095,209.3223509831621,323.46786699204455,401.10012134667,11694.328123701664,targetonly-regularization-v1.0.0
12,50,TargetOnly,PCA_95_LW,38,8.731367295472687,0.02,1.0,False,14.039070466449589,0.31268919778859566,3.8545415649377084,4.492573265877766,5.150429347749321,5.913178841567658,8.731367295472687,3.780636259439784,4.390827864064261,4.507338779865124,20.66680570111869,577.5570507966921,19.934119062144827,28.81963467022805,42.4682111800817,53.00719898224365,1285.70489218463,targetonly-regularization-v1.0.0
12,50,TargetOnly,PCA_99_LW,47,9.111873886310065,0.02,1.0,False,17.42284581419423,0.3216251760259661,4.26380899708237,4.994583288955097,5.620071712428769,6.262716662568792,9.111873886310065,4.156059135981129,4.731208132013224,4.883026167898157,22.980288484948844,720.6587599335146,22.50094124158549,32.6197989401816,51.26606652676355,64.94145088182628,1602.8238418325006,targetonly-regularization-v1.0.0
12,50,TargetOnly,PCA_10_LW,10,6.083713250065549,0.02,0.2251655629139073,False,5.654757132856211,0.23369020441879845,2.231502716793744,2.918660167237551,3.0344259924993535,3.873419101381635,6.083713250065549,2.2276591171869433,2.7149533594467368,2.919407662952277,10.60561033777046,112.49114688052519,3.8568323251661325,7.318510000506545,8.394660844760182,16.01555208709351,248.802100056361,targetonly-regularization-v1.0.0
12,50,TargetOnly,PCA_25_LW,25,7.610069320930483,0.02,1.0,False,10.0527398946615,0.28661986561528513,3.1375882002587847,3.857087716721221,3.958757727274477,4.958282970250514,7.610069320930483,3.0949251096925074,3.6747399200431405,3.815641117392209,15.296355963863956,279.3899062820677,10.658824557371814,17.109976567303722,21.703893283933926,31.998368132136513,623.8772589560486,targetonly-regularization-v1.0.0
12,50,TargetOnly,PCA_50_LW,50,9.272679187777337,0.02,1.0,False,24.906495322635354,0.32040123817861954,4.3755977717650545,5.121198189560105,5.758597627176335,6.496387370435052,9.272679187777337,4.261541472423412,4.850870026915648,5.032724335343799,23.602492015916816,753.4823531707285,23.73341729756337,33.348835287768345,52.79854900070033,68.08132871376766,1675.586967780622,targetonly-regularization-v1.0.0
12,50,TargetOnly,TOPVAR_50_LW,50,11.335675251257513,0.01,0.4185430463576159,False,23.858294897200903,0.31624841807129805,7.7336104383521125,9.137593576648236,9.544443390376644,10.753792233342748,11.335675251257513,7.937247614427712,9.167629708550583,9.763213457132062,10.881743874458977,16.067869279106436,10.852407022276163,15.799419149681233,18.630708069720672,22.1754354433635,24.71162767583808,targetonly-regularization-v1.0.0
12,50,TargetOnly,TOPVAR_100_LW,100,16.12051921814474,0.01,0.7496688741721854,False,67.14760510701683,0.26485511779725013,12.297086973462815,13.826265123298116,14.115823253328388,15.934732966777531,16.12051921814474,12.725308971278888,14.37726532847221,14.9414938071627,15.321683999909734,21.495293769310695,21.208784219690603,31.461428888283464,41.6032728574164,53.9363016112872,81.20406990688062,targetonly-regularization-v1.0.0
12,50,TargetOnly,TOPVAR_250_LW,250,26.395256727960785,0.01,0.9205298013245033,True,190.28911104592245,0.23877904647006526,19.70457038181831,21.78534504364605,23.061341221878305,25.948999588344805,26.395256727960785,20.211705929002306,22.748660376375593,23.149443142477974,23.840172211682532,46.98798414603038,40.049404054476106,92.99851643283584,135.1504796066448,279.3399863964531,616.4369951176816,targetonly-regularization-v1.0.0
12,100,TargetOnly,LW_CURRENT,534,67.4633099788238,0.02,1.0,False,659.8074342652538,0.14686230729487212,32.224202563129154,35.658526396211165,36.597501176642105,40.01302006189632,67.4633099788238,32.427505223191886,35.620745891172454,36.93001946546908,249.8452866779284,13685.409455153937,255.98783834538338,413.21855122829555,642.544131872439,749.2060457489595,30387.59380944789,targetonly-regularization-v1.0.0
12,100,TargetOnly,DIAGONAL,534,53.93366982784157,0.02,1.0,False,,,22.5241757226107,26.475771301964855,27.893572198833336,32.18076046316605,53.93366982784157,22.66801867355226,25.533067906084796,27.265411914698085,146.38949457729512,6185.330230601846,123.15651736467774,196.86807722949567,310.43863936590833,348.763102147789,13735.79769137406,targetonly-regularization-v1.0.0
12,100,TargetOnly,PCA_95_LW,66,13.0156656486907,0.02,1.0,False,41.2317703381871,0.16122352444740806,5.733890165045892,6.573559641114375,6.914843156995198,8.028559455471152,13.0156656486907,5.663867376671439,6.384028940841981,6.832754087439297,38.77924641947616,1432.4189270904844,31.40939594488805,54.57859079408065,80.81049536211623,100.34497976328518,3184.3517497813477,targetonly-regularization-v1.0.0
12,100,TargetOnly,PCA_99_LW,89,14.420308819707877,0.02,1.0,False,63.79393995155328,0.16668303095798007,6.718444421856738,7.714352713681354,8.073837145771815,9.73039603113949,14.420308819707877,6.749979486496311,7.590630805691067,7.874626685847747,49.76396828648598,2148.9951021276706,44.214131005099645,67.1823139931064,103.46431649583877,123.30822524263937,4771.306040966424,targetonly-regularization-v1.0.0
12,100,TargetOnly,PCA_10_LW,10,7.8238505432093275,0.02,0.18013245033112582,False,8.428975022740486,0.1022303602119844,2.527447648145351,3.1099679195570133,3.32731612867228,3.844739848537899,7.8238505432093275,2.560590201760442,3.1261590872356257,3.2367658773799692,13.758044239377558,96.82356702319443,5.147942999249939,8.868599892108886,9.89736686073537,16.69919901198558,215.88132230843308,targetonly-regularization-v1.0.0
12,100,TargetOnly,PCA_25_LW,25,9.673406904080556,0.02,0.6821192052980133,False,16.267403603969502,0.12819131595797897,3.6085072280487815,4.302760531655503,4.515063986747256,5.091155399325954,9.673406904080556,3.6256464140347533,4.172406401674548,4.328010443680699,20.58158016200777,371.24837974192707,10.241476080241485,17.328701912450736,24.792634477033108,36.499663894046364,825.981272505696,targetonly-regularization-v1.0.0
12,100,TargetOnly,PCA_50_LW,50,12.020755665723488,0.02,1.0,False,30.399846532798815,0.1526500754669053,4.961080141288832,5.788996052649194,6.080917236988694,7.045357754799713,12.020755665723488,4.959367383189979,5.620974164847452,5.8671201828026724,32.15974351354299,1037.4026713507014,25.845741617770898,39.98789537649421,62.81071777297302,83.80207502425388,2306.9541606935672,targetonly-regularization-v1.0.0
12,100,TargetOnly,TOPVAR_50_LW,50,9.921767322903358,0.01,0.48079470198675495,False,39.67979023586036,0.19358253888406884,7.2454015671008,8.279562516292973,8.537254925894873,9.095670348304308,9.921767322903358,7.432942807569691,8.39643879523386,8.905785478928875,9.272310009375278,13.42639755690879,9.834166297726101,13.591901985664478,15.605104464198696,18.69806401869433,21.44862398615778,targetonly-regularization-v1.0.0
12,100,TargetOnly,TOPVAR_100_LW,100,15.011706004251838,0.01,0.7576158940397351,False,122.25125237218668,0.15679359319053932,11.34115800489258,12.767575805153083,13.217959428252094,13.892516124304663,15.011706004251838,11.610789073071464,13.259700697020344,14.071519976617369,14.587374955440753,19.31286346160876,19.851074179142653,28.639462176471675,41.09619578772903,49.886941117047726,88.17096763781639,targetonly-regularization-v1.0.0
12,100,TargetOnly,TOPVAR_250_LW,250,27.06456226484247,0.01,0.9033112582781457,True,367.87687974319556,0.13510039440297653,19.45081150230063,21.71785534686977,22.58285603038146,25.758316460382023,27.06456226484247,19.550273757985515,22.111819378335564,22.896575356518937,24.619725509748566,48.2129743639333,39.64855952406,92.77437591215627,122.83188443111696,251.64470597760481,721.0484294946311,targetonly-regularization-v1.0.0
13,10,TargetOnly,LW_CURRENT,528,63.20518864518739,0.0,1.0,True,89.01627635020361,0.6178977780246198,30.00145825202515,35.07762003703493,36.33348872274942,40.25222840837079,63.20518864518739,29.871980312648553,36.0646837951669,37.64908938010512,39.857744455240216,39.898109114026035,174.55986813365763,298.68728799538223,474.65656022819036,508.2192850809393,14957.483750881978,targetonly-regularization-v1.0.0
13,10,TargetOnly,DIAGONAL,528,55.61194075057652,0.0,1.0,True,,,26.591614816789033,31.106291589037856,32.0753607866473,33.78141762975942,55.61194075057652,25.62386360330769,31.14305669018685,31.753248174779543,34.713717826156746,35.582653516120516,132.6822144558819,227.4585097612764,358.31655332653077,384.1281047967067,11289.13595463173,targetonly-regularization-v1.0.0
13,10,TargetOnly,PCA_95_LW,9,4.102728941308705,0.0,0.22913907284768212,False,1.0,1.0,1.8271519000241825,2.4286104021962482,2.5630118813091762,3.1981016418319483,4.102728941308705,1.7526933968732148,2.2490574995518573,2.4711012250935003,2.6204204008924012,3.472822545791566,3.3026110215482882,5.696203474518814,6.884861844201218,9.821842468014815,245.14429208336117,targetonly-regularization-v1.0.0
13,10,TargetOnly,PCA_99_LW,9,4.102728941308705,0.0,0.22913907284768212,False,1.0,1.0,1.8271519000241825,2.4286104021962482,2.5630118813091762,3.1981016418319483,4.102728941308705,1.7526933968732148,2.2490574995518573,2.4711012250935003,2.6204204008924012,3.472822545791566,3.3026110215482882,5.696203474518814,6.884861844201218,9.821842468014815,245.14429208336117,targetonly-regularization-v1.0.0
13,10,TargetOnly,PCA_10_LW,10,4.330325188398947,0.0,0.23311258278145697,False,1.0,1.0,1.9449763304014218,2.5610902174669303,2.7049743956028633,3.3711519092689914,4.330325188398947,1.8492580426258296,2.3823771326467402,2.6081211306670613,2.7622367535269485,3.66093093938695,3.4913377883120007,6.045903293826332,7.273740348483749,10.380382494013707,258.9363093370536,targetonly-regularization-v1.0.0
13,10,TargetOnly,PCA_25_LW,10,4.330325188398947,0.0,0.23311258278145697,False,1.0,1.0,1.9449763304014218,2.5610902174669303,2.7049743956028633,3.3711519092689914,4.330325188398947,1.8492580426258296,2.3823771326467402,2.6081211306670613,2.7622367535269485,3.66093093938695,3.4913377883120007,6.045903293826332,7.273740348483749,10.380382494013707,258.9363093370536,targetonly-regularization-v1.0.0
13,10,TargetOnly,PCA_50_LW,10,4.330325188398947,0.0,0.23311258278145697,False,1.0,1.0,1.9449763304014218,2.5610902174669303,2.7049743956028633,3.3711519092689914,4.330325188398947,1.8492580426258296,2.3823771326467402,2.6081211306670613,2.7622367535269485,3.66093093938695,3.4913377883120007,6.045903293826332,7.273740348483749,10.380382494013707,258.9363093370536,targetonly-regularization-v1.0.0
13,10,TargetOnly,TOPVAR_50_LW,50,11.47405499214252,0.04,0.5033112582781457,False,7.276916812824029,0.6802212950917017,8.382451371415705,10.35739001586623,10.72584017520091,11.357526900172468,11.47405499214252,8.249512419845166,10.735458984335896,11.213187960011084,12.332059944654693,12.525293183395908,11.508433709119425,17.303766188345424,19.720519023408254,23.296800829080933,27.62458095639222,targetonly-regularization-v1.0.0
13,10,TargetOnly,TOPVAR_100_LW,100,17.15155902562913,0.01,0.6251655629139072,False,15.846154163032386,0.6516913370054175,12.362562658220433,14.52124727196277,15.51888968458125,16.623819968914475,17.15155902562913,12.42362795133316,14.687858414454027,15.780374458299317,16.46992042789256,17.255058481634777,19.468566559645268,30.038715711604237,37.19182116340389,48.62646025906612,63.08213952164117,targetonly-regularization-v1.0.0
13,10,TargetOnly,TOPVAR_250_LW,250,27.723310598202982,0.0,0.8145695364238411,False,41.26544229317643,0.6326943118138855,19.905878913258533,22.33332029293066,23.052981346381237,24.864577274928816,27.723310598202982,19.391601001355195,22.376726553412933,23.810346077878506,24.787441773616486,25.919531541353912,36.33737274729416,91.02508624519744,140.59039850406933,291.0894678957654,441.2838117100359,targetonly-regularization-v1.0.0
13,25,TargetOnly,LW_CURRENT,529,69.346188395928,0.0,1.0,True,220.99074154523458,0.38214100806739754,29.56380000412171,32.922560663048436,34.68567591479743,38.58555496567113,69.346188395928,29.18694113477297,32.83384477167862,35.29048239715555,36.9842630032827,43.07850337296207,197.97425584087847,338.95983988757456,515.9372389821729,630.3215413422411,20405.778035612806,targetonly-regularization-v1.0.0
13,25,TargetOnly,DIAGONAL,529,56.820180635819455,0.0,1.0,True,,,24.21147267757884,28.07923285917757,29.48383002653042,31.52042763157567,56.820180635819455,23.328572421558732,27.430359933753216,29.420620312769177,31.48130989143116,34.386810030205716,126.36919852143302,213.66391931840585,326.8414103400126,398.6976757151483,12727.442895730112,targetonly-regularization-v1.0.0
13,25,TargetOnly,PCA_95_LW,20,6.475335095786894,0.0,0.9973509933774835,True,3.6400457004695026,0.615712404364316,2.687692945150464,3.3508153180734865,3.5454549452526276,3.9424110598303037,6.475335095786894,2.6270208557448838,3.340092670613314,3.583074849147036,3.704570948121117,4.189109300956304,8.270451286930435,12.66076596914258,19.527808725377973,24.36523437595768,533.0048408257525,targetonly-regularization-v1.0.0
13,25,TargetOnly,PCA_99_LW,24,7.025629514535327,0.0,1.0,True,4.02059616416509,0.6317952461828009,2.8818909769054373,3.5558415806178707,3.7754095788831723,4.237344638016095,7.025629514535327,2.8498133640363243,3.550064378821017,3.823166743403136,3.9408174449857154,4.425616470211692,9.406769876959812,14.669843396734167,22.253012774902714,28.548116857604924,742.4514460014727,targetonly-regularization-v1.0.0
13,25,TargetOnly,PCA_10_LW,10,5.2776775175889,0.0,0.17350993377483442,False,3.2872796317145414,0.47876191644619126,2.1211749781184706,2.712504664151409,2.86204777248635,3.0722919324473397,5.2776775175889,2.0129854465546813,2.5651294545270966,2.8222349258336044,2.99899974352064,3.1722612508324337,3.868024194222001,6.9927323002445085,9.05463343773446,12.39729370280756,249.10325218722605,targetonly-regularization-v1.0.0
13,25,TargetOnly,PCA_25_LW,25,7.0856249397060616,0.0,1.0,True,5.026055053044448,0.6149612458570682,2.909742382745015,3.5844089826003502,3.8032363424428097,4.278776555628998,7.0856249397060616,2.888033088860519,3.5727175135077984,3.8483273958131154,3.977588065888886,4.467679709567847,9.644786082821472,14.975858627781873,23.23743539002057,29.184830344601473,764.0874826387184,targetonly-regularization-v1.0.0
13,25,TargetOnly,PCA_50_LW,25,7.0856249397060616,0.0,1.0,True,5.026055053044448,0.6149612458570682,2.909742382745015,3.5844089826003502,3.8032363424428097,4.278776555628998,7.0856249397060616,2.888033088860519,3.5727175135077984,3.8483273958131154,3.977588065888886,4.467679709567847,9.644786082821472,14.975858627781873,23.23743539002057,29.184830344601473,764.0874826387184,targetonly-regularization-v1.0.0
13,25,TargetOnly,TOPVAR_50_LW,50,10.509445629911689,0.01,0.56158940397351,False,15.841663958999726,0.4492452880531308,7.964132042031089,9.150800744877996,9.493293337960031,10.198452231622808,10.509445629911689,7.758207049573537,9.141766418933793,9.381945713051312,10.391384981992491,10.97855969636557,10.928102908751542,16.10975932885502,17.669509051747465,20.821791437898554,23.72238842071826,targetonly-regularization-v1.0.0
13,25,TargetOnly,TOPVAR_100_LW,100,17.202955021574756,0.0,0.6463576158940397,False,40.44309762360207,0.39957171439109423,12.181548145683424,13.93162863751298,14.166247767205585,14.799563759459673,17.202955021574756,12.07255585431162,13.704672001579873,13.916661664500706,15.071666943730333,15.126579124883346,20.06827940203572,30.78045574578592,38.54134882732812,50.74314588197839,71.83807973254682,targetonly-regularization-v1.0.0
13,25,TargetOnly,TOPVAR_250_LW,250,29.074076267447985,0.0,0.8317880794701987,False,118.26961922778251,0.3647467278440056,20.126833052948264,22.35410561867485,23.21428088039984,24.384157524961527,29.074076267447985,19.82234971453817,22.068621437871716,22.857122310520353,24.725621716308716,24.76245862531398,39.32565119166502,90.78916739480626,135.06323532288158,272.02203552338807,515.5492854285557,targetonly-regularization-v1.0.0
13,50,TargetOnly,LW_CURRENT,532,64.77523859458303,0.0,1.0,True,371.9903395791353,0.25012937083219683,30.68985934507438,33.948307932588996,35.0481948387133,38.83482789795932,64.77523859458303,30.428466731161663,34.27808553608882,35.07982254357801,39.18530377273756,41.739572125166355,230.8852242961946,362.85752300958234,565.8544880980785,755.5282804079332,29066.40723883801,targetonly-regularization-v1.0.0
13,50,TargetOnly,DIAGONAL,532,56.49120812499056,0.0,1.0,True,,,23.244326142872534,27.753937982779178,29.017171713096783,31.42049039631005,56.49120812499056,22.672041341186702,26.70323931295705,28.023634095979126,32.65414230183048,32.91078424444365,128.8149225226034,198.4345646803811,313.48517115252844,411.8643635534917,15327.802159857145,targetonly-regularization-v1.0.0
13,50,TargetOnly,PCA_95_LW,38,10.056381274166164,0.0,1.0,True,14.196270839158284,0.31770256402845465,3.862355783632451,4.652779341176983,4.792865049931564,5.3339792741921865,10.056381274166164,3.8582923449333055,4.641815335376868,4.725403772260386,5.25273645020202,6.197771616442854,17.303478409304653,24.87594010122188,38.017971346647684,53.6458887520874,1467.5066189659008,targetonly-regularization-v1.0.0
13,50,TargetOnly,PCA_99_LW,46,10.474058643640403,0.0,1.0,True,17.554821201605204,0.32368923994413373,4.257888060086577,5.030138577626496,5.265930766769384,5.630193362467511,10.474058643640403,4.191225582197344,4.94041645528452,5.226993221777332,5.5308600740757665,6.5740372027211,20.550942167823493,30.142609282642997,50.3734049959278,63.594092498604134,2007.0541702265657,targetonly-regularization-v1.0.0
13,50,TargetOnly,PCA_10_LW,10,6.892888486160487,0.0,0.19205298013245034,False,6.2825980100871375,0.22372627257417904,2.2664361568667664,2.9746909286153977,3.1546356154489827,3.6493385268554364,6.892888486160487,2.2492981010681583,2.7773904752516323,3.166571610217752,3.3939680414776485,3.9143375635755793,4.435188452379451,7.698812035378313,8.977439114372865,14.383062485241034,348.32141961888766,targetonly-regularization-v1.0.0
13,50,TargetOnly,PCA_25_LW,25,8.912001147371019,0.0,0.9430463576158941,True,10.28492033234713,0.28837005981941305,3.2035193224422795,3.9801075879203323,4.214212527726692,4.602553841331573,8.912001147371019,3.2642670277401185,3.8877996885008597,4.0713096765075,4.5227085178722835,5.465271574102879,10.628116537122771,16.961142229139906,21.485507940087974,36.57946218426008,894.0980218506237,targetonly-regularization-v1.0.0
13,50,TargetOnly,PCA_50_LW,50,11.151310129868413,0.0,1.0,True,25.46096028857517,0.32225121589219363,4.372680786792792,5.161336444355485,5.444748394664976,5.878595892736743,11.151310129868413,4.41414396531714,5.1068413630034675,5.368010600084671,5.847793610284302,6.885221524223166,22.336206297322164,31.948070769946874,53.332825237491555,70.74597381818288,2231.1080394155256,targetonly-regularization-v1.0.0
13,50,TargetOnly,TOPVAR_50_LW,50,10.142714897009972,0.02,0.5509933774834437,False,21.872099756394444,0.32604389287574387,7.474560391336883,8.61363622614095,8.942159282307701,9.749556991056043,10.142714897009972,7.526627059008584,8.940040966116653,9.249919931662125,10.253474716456351,10.390381312444877,10.40231311752662,14.630939883884384,16.698479551825912,19.01364278711344,22.216036394778502,targetonly-regularization-v1.0.0
13,50,TargetOnly,TOPVAR_100_LW,100,14.948939106086415,0.02,0.7562913907284768,False,63.559825561861096,0.27377653412794645,11.647869353583161,13.112615954879338,13.970322277528352,14.71409111002059,14.948939106086415,11.83294816588091,13.20843353801529,13.842675276056692,15.032175688028753,15.927962425641368,20.034374370004258,29.036572272048616,36.93165968929864,48.97417897322771,75.24680588472272,targetonly-regularization-v1.0.0
13,50,TargetOnly,TOPVAR_250_LW,250,25.848564061732095,0.0,0.9350993377483444,True,207.32263561793135,0.23280383648325764,19.885205442339867,22.398269461351695,22.81523687813622,24.697283171531332,25.848564061732095,19.54081007998625,22.254918143614642,22.796281006358726,23.400191273624202,23.619489414653117,40.40718007139313,89.51163517044247,126.83911909392654,251.58188860607873,600.0294478221608,targetonly-regularization-v1.0.0
13,100,TargetOnly,LW_CURRENT,533,41.75532769675189,0.0,1.0,True,582.1422672110099,0.16817682286491056,30.302286404658076,33.99298634707258,36.05299676902675,38.635457988228175,41.75532769675189,30.19615498487065,33.45945101611599,35.01609678560198,36.82395560864849,40.79559074416519,231.9006932632976,390.0372618452087,551.981673134639,697.8199822163409,1612.4459917073432,targetonly-regularization-v1.0.0
13,100,TargetOnly,DIAGONAL,533,42.55234628574342,0.0,1.0,True,,,22.62839730472874,26.34410664045336,28.13104626747281,31.32592917620511,42.55234628574342,22.128335438834036,25.137627749614357,26.4403357211898,28.969023040780886,32.254647568908986,122.08867306312088,184.60242087392498,279.9035769958137,343.146994408779,819.1068136809595,targetonly-regularization-v1.0.0
13,100,TargetOnly,PCA_95_LW,66,10.08156604042885,0.0,1.0,True,38.87091025548804,0.18838155425010852,5.795588468806081,6.502389055007052,6.708196748999514,7.116099966510898,10.08156604042885,5.687855721431237,6.6065654703476735,6.675566533347805,6.951422911111622,7.3963432453232185,32.70065309624514,50.98805694856408,72.75933511000102,82.72371477767167,204.09874593411618,targetonly-regularization-v1.0.0
13,100,TargetOnly,PCA_99_LW,88,11.44250233108505,0.0,1.0,True,57.554821650427456,0.19165542110857875,6.838509986853735,7.739516630242632,7.870439161107709,8.106975938939927,11.44250233108505,6.675227175894784,7.687103417260929,7.914451576510955,8.071139615771466,8.267554543887876,42.827417157097436,60.460642625933545,98.2003922549744,117.83300504534368,248.829922788782,targetonly-regularization-v1.0.0
13,100,TargetOnly,PCA_10_LW,10,5.50645128048596,0.0,0.4052980132450331,False,7.902436911014368,0.14461409609313933,2.4753985817103787,2.9892596502941244,3.458947459603706,3.8977168519367984,5.50645128048596,2.4505372095421185,3.0412424765547423,3.3216573319994427,3.6327076164713055,3.655333836454086,4.883064555573052,8.320610437177642,9.199930580965743,10.986814383987099,43.061583326141346,targetonly-regularization-v1.0.0
13,100,TargetOnly,PCA_25_LW,25,7.329511217340538,0.0,1.0,True,15.832669485292293,0.16054266228161365,3.6553040905530927,4.2356227131537265,4.437719875778687,5.031794640452519,7.329511217340538,3.6620160158754187,4.169598923123194,4.332938176826174,5.026812126856272,5.102484877578145,10.931587604603465,18.302267696914093,27.847583792659144,31.412452554149635,91.23903389855528,targetonly-regularization-v1.0.0
13,100,TargetOnly,PCA_50_LW,50,9.003554953900009,0.0,1.0,True,28.423589047783505,0.18197667358919503,5.074499263482998,5.677524652389204,5.875115377949532,6.0999069293833585,9.003554953900009,4.989568646581111,5.622919979684039,5.784045152577231,6.13293073184061,6.585960850894678,22.74248842773389,38.65188243793627,53.402182949734105,58.73439956470064,167.18068828698262,targetonly-regularization-v1.0.0
13,100,TargetOnly,TOPVAR_50_LW,50,9.489703976408604,0.0,0.6450331125827815,False,49.20858434899535,0.18375733155609583,7.214912175300649,8.297940655542524,8.43823799664897,8.952237585221546,9.489703976408604,7.272130874581052,8.172557298738894,8.813993184157049,9.205810460197108,9.347232536787713,10.196362940834844,13.882091018149014,15.61060285773269,17.990841896892388,22.108068270683518,targetonly-regularization-v1.0.0
13,100,TargetOnly,TOPVAR_100_LW,100,14.165702377977993,0.01,0.8119205298013245,False,142.92928347277535,0.1486136005667446,11.364019764169509,12.49092393913696,13.274553560080946,13.879423701928198,14.165702377977993,11.391164058883302,12.794492511345677,13.488316408930567,13.909390857543407,14.390278429342603,20.847434350626212,29.105857318617556,36.383375874889545,47.04517715129721,82.60447561850549,targetonly-regularization-v1.0.0
13,100,TargetOnly,TOPVAR_250_LW,250,23.510066846105317,0.0,0.9721854304635762,True,369.3577221350856,0.14304859540443562,18.84498243645482,20.85237430158764,21.918036962160297,22.80893654510966,23.510066846105317,18.728698989726094,21.091439371617266,21.372110213117352,23.080644082467003,23.12003462620523,40.902034292484196,89.24020375619526,114.26883005286561,225.30417865360184,685.4766587038629,targetonly-regularization-v1.0.0
14,10,TargetOnly,LW_CURRENT,528,22539.233130593726,0.0,0.5576158940397351,False,84.16102049403584,0.6319993676155397,31.651208398230445,56.847149641174084,17186.124200908176,22539.22827397125,22539.233130593726,32.24622691743285,50.01489237262905,497.24492905973443,22538.748463658965,22539.10556108951,22539.875110948393,45080.05504268663,45081.88269551602,45083.38878630674,67623.0813592346,targetonly-regularization-v1.0.0
14,10,TargetOnly,DIAGONAL,528,17146.148495317328,0.0,0.5695364238410596,False,,,28.59738985676108,47.25779299502903,13074.172803143427,17146.137015190834,17146.148495317328,28.241090766708936,44.11166832440357,390.8786781260736,17146.096309489563,17146.1102504203,17146.95561274379,34295.943451072235,34295.98574702078,34297.18625770499,51442.662907488186,targetonly-regularization-v1.0.0
14,10,TargetOnly,PCA_95_LW,8,303.2093734862218,0.0,0.32980132450331123,False,1.0,1.0,1.9503901772652963,3.234932432626967,231.42568808277522,302.82061482486074,303.2093734862218,1.7865557019620653,3.204586160902488,7.109985701263136,302.75338916141675,302.9830288540387,302.29986338187126,605.9731821676521,606.6184236802012,608.0487807598988,910.3176631327016,targetonly-regularization-v1.0.0
14,10,TargetOnly,PCA_99_LW,9,314.98363532595107,0.0,0.33112582781456956,False,1.0,1.0,2.0363891736407043,3.3801909623595816,240.39924559951757,314.5264660216767,314.98363532595107,1.8711418719020934,3.332374859763052,12.73773120799525,314.487619914774,314.7578312863829,314.0597802595341,629.4378406204894,630.1378190323126,631.6264346203818,945.63441636922,targetonly-regularization-v1.0.0
14,10,TargetOnly,PCA_10_LW,10,332.17678581818774,0.0,0.33642384105960266,False,1.0,1.0,2.152177374771724,3.5659980762249974,253.52193686051257,331.70181197029876,332.17678581818774,1.9813233782630317,3.5147948555372674,13.440038244471381,331.6592105675506,331.9397708096708,331.2274940095321,663.8070146250441,664.5518438821275,666.1074606790148,997.2679565974508,targetonly-regularization-v1.0.0
14,10,TargetOnly,PCA_25_LW,10,332.17678581818774,0.0,0.33642384105960266,False,1.0,1.0,2.152177374771724,3.5659980762249974,253.52193686051257,331.70181197029876,332.17678581818774,1.9813233782630317,3.5147948555372674,13.440038244471381,331.6592105675506,331.9397708096708,331.2274940095321,663.8070146250441,664.5518438821275,666.1074606790148,997.2679565974508,targetonly-regularization-v1.0.0
14,10,TargetOnly,PCA_50_LW,10,332.17678581818774,0.0,0.33642384105960266,False,1.0,1.0,2.152177374771724,3.5659980762249974,253.52193686051257,331.70181197029876,332.17678581818774,1.9813233782630317,3.5147948555372674,13.440038244471381,331.6592105675506,331.9397708096708,331.2274940095321,663.8070146250441,664.5518438821275,666.1074606790148,997.2679565974508,targetonly-regularization-v1.0.0
14,10,TargetOnly,TOPVAR_50_LW,50,9.900920274370383,0.04,0.6781456953642384,False,13.533135877904634,0.60187355375407,7.545529227114496,9.072132506724545,9.335991340728512,9.643287735515273,9.900920274370383,7.703943685145324,8.922196069363752,9.474239254873035,10.131295591464312,10.382591206099494,10.905102667417635,15.208831145469048,17.03622335867503,20.799586436889225,25.255274728607418,targetonly-regularization-v1.0.0
14,10,TargetOnly,TOPVAR_100_LW,100,15.123770489957373,0.02,0.7682119205298014,False,22.747219666039417,0.5971117404629553,11.602170476414322,13.932285289692292,14.151505248095777,14.961613459641425,15.123770489957373,11.544394148441617,13.837225171092946,14.501288289586416,15.243141020689473,16.13162173128067,22.267902749642673,29.899751272641765,34.60318227857588,45.72593194205634,62.199663362421376,targetonly-regularization-v1.0.0
14,10,TargetOnly,TOPVAR_250_LW,250,27.300233240723312,0.03,0.8291390728476821,False,44.92286055828629,0.6232551115648488,19.409974993045626,23.362113383965827,23.96112221884282,26.68546744888988,27.300233240723312,19.420574074333857,23.431757138834644,24.394320237348634,27.58465287031015,29.264215484806645,36.27624525292803,77.52386278241391,105.71004344374808,210.52944992016623,588.2121296164271,targetonly-regularization-v1.0.0
14,25,TargetOnly,LW_CURRENT,532,23591.76566580769,0.0,0.42649006622516555,False,109.82669663582908,0.5099129791230927,25.436857631418924,29.494485857648865,17988.21218035649,23591.70688236361,23591.76566580769,25.18620761519786,28.821833691085164,548.8095196551592,23591.290359951337,23591.698421376244,23591.142935729866,47183.416555325144,47184.82003193422,47186.06507562058,70779.33911954437,targetonly-regularization-v1.0.0
14,25,TargetOnly,DIAGONAL,532,16750.336722524207,0.0,0.5695364238410596,False,,,23.32900629080573,29.145417601349763,12772.324148286742,16750.328652109285,16750.336722524207,22.804018856922475,29.181114370385675,407.6831619886527,16750.31661632749,16750.319077479857,16751.53656848048,33504.80955838717,33504.84344814708,33506.016505781176,50255.86827475509,targetonly-regularization-v1.0.0
14,25,TargetOnly,PCA_95_LW,20,557.4306854571817,0.02,0.5655629139072847,False,1.2165395006689053,0.949860733079979,2.935441870869062,4.2810728890460386,425.4208159041633,557.2036277190701,557.4306854571817,2.8791870153671884,4.111111025339631,20.950846876436422,557.551354044424,557.6355159671302,558.6453918334835,1118.0515890338095,1118.719722279857,1120.4871187591696,1676.786194678547,targetonly-regularization-v1.0.0
14,25,TargetOnly,PCA_99_LW,24,625.0556540406257,0.01,0.5509933774834437,False,1.3472367832665124,0.9321147486013286,3.1465797971376084,4.468368335809039,476.91721028020646,624.7793368365334,625.0556540406257,3.0537598391661405,4.382709896953386,27.658359690741673,624.999734165797,625.2210060984005,625.6925365584175,1252.9457909708094,1253.5561901316453,1255.3499944627563,1879.141662545416,targetonly-regularization-v1.0.0
14,25,TargetOnly,PCA_10_LW,10,411.57005395123707,0.0,0.5695364238410596,False,1.0,1.0,2.2414424648626907,3.404252472129417,314.1044133703465,411.372669200793,411.57005395123707,2.1776164798389974,3.277530629626085,11.113025788416937,411.4259860104062,411.5320862472391,413.03123884661386,825.8895898332635,826.5200827082226,828.021277365679,1238.1788223622013,targetonly-regularization-v1.0.0
14,25,TargetOnly,PCA_25_LW,25,632.8506977940178,0.01,0.5496688741721855,False,1.585511477866428,0.9008688190430673,3.1369024068498828,4.412931965796711,482.88001237493626,632.5903559905356,632.8506977940178,3.0554770489007703,4.365586661485908,28.165194326367953,632.8447774080498,633.0446332431494,633.5255880429012,1268.579582349405,1269.2226479656558,1270.986104165052,1902.6044634570746,targetonly-regularization-v1.0.0
14,25,TargetOnly,PCA_50_LW,25,632.8506977940178,0.01,0.5496688741721855,False,1.585511477866428,0.9008688190430673,3.1369024068498828,4.412931965796711,482.88001237493626,632.5903559905356,632.8506977940178,3.0554770489007703,4.365586661485908,28.165194326367953,632.8447774080498,633.0446332431494,633.5255880429012,1268.579582349405,1269.2226479656558,1270.986104165052,1902.6044634570746,targetonly-regularization-v1.0.0
14,25,TargetOnly,TOPVAR_50_LW,50,10.021069396284052,0.0,0.5880794701986755,False,13.524991974620475,0.5147621465334749,7.188371895302794,8.36192296990386,8.614811604677474,9.603850306355,10.021069396284052,7.104034075473567,8.298816028639193,8.65320559362323,9.234050317220019,9.378330133408623,10.634211490384887,15.269534723855433,16.619156351035844,20.493336647654804,25.393675340896372,targetonly-regularization-v1.0.0
14,25,TargetOnly,TOPVAR_100_LW,100,14.179967372536549,0.0,0.7920529801324503,False,26.500338178524114,0.4768135139920771,10.982900291052623,12.224419315655943,12.452989220143452,13.337574939967467,14.179967372536549,10.758869836076926,12.41634902578198,12.903988509674521,13.269819251204657,13.657922889890461,19.82327284037091,26.541083080401375,32.54840482446563,43.69183781321174,84.970432883335,targetonly-regularization-v1.0.0
14,25,TargetOnly,TOPVAR_250_LW,250,21.83665261979464,0.01,0.9682119205298013,True,64.68039621504988,0.4721471197161438,17.546657226752195,20.003259229156562,20.374404851208897,20.80236000655253,21.83665261979464,17.20287929533644,19.842618521330163,20.27651227224428,21.06452849621587,22.972032455692105,35.342497499626965,77.9877591572645,118.42536691591819,240.35236484902362,398.11182273123853,targetonly-regularization-v1.0.0
14,50,TargetOnly,LW_CURRENT,534,33.41419912289366,0.01,1.0,True,216.70117537520736,0.3301278499768468,27.25849197539237,30.016427040863633,31.033467872273338,32.59319640446321,33.41419912289366,26.961629115550643,30.21774254648851,31.328227271491787,136.67011451108348,10485.02424598972,192.5010150404077,306.0141591313597,485.39232072466973,530.8312962158495,23290.14512742325,targetonly-regularization-v1.0.0
14,50,TargetOnly,DIAGONAL,534,34.294380884948914,0.02,1.0,False,,,23.01100505923656,27.539815904482357,29.255543986291475,33.93740481626313,34.294380884948914,22.595829270307274,27.362370158010126,29.293412049017245,98.46672780093562,6400.524036769601,121.64024280804006,194.74047480591548,307.45013090887306,334.2926646950023,14213.72107372518,targetonly-regularization-v1.0.0
14,50,TargetOnly,PCA_95_LW,38,5.8151967976032,0.01,1.0,True,8.440962188405617,0.449092354371688,3.802507127995873,4.621935846789049,5.049535477815516,5.3493852508771775,5.8151967976032,3.790636015011011,4.415383559789667,4.612873205274877,12.316964380063862,701.7633181791173,15.27636565757269,24.722056276158074,35.522079896957685,45.41816964677834,1554.128921851811,targetonly-regularization-v1.0.0
14,50,TargetOnly,PCA_99_LW,47,6.229347486339,0.01,1.0,True,10.31301950711431,0.45022964455421793,4.207283582352661,5.08895151579545,5.645731830249488,5.723264220995189,6.229347486339,4.143331088872191,4.713268775993987,5.085994432518822,14.692990571489082,907.9366335636435,17.902164364231204,28.446612714044573,43.459972473698556,54.24252558240041,2013.7711006640006,targetonly-regularization-v1.0.0
14,50,TargetOnly,PCA_10_LW,10,3.975436390952348,0.02,0.6649006622516557,False,3.3929196086340503,0.4352472407645372,2.1956626142668094,2.9359216540109037,3.1475969067693703,3.95340529741662,3.975436390952348,2.12789168008877,2.8532826258047965,3.176592085933766,5.115716592145816,103.46062248039615,4.683633963705483,7.692119900248984,8.476873112164816,11.279120617092463,228.45898905057575,targetonly-regularization-v1.0.0
14,50,TargetOnly,PCA_25_LW,25,4.8757505861918755,0.01,1.0,True,6.185111135895482,0.43764870602397987,3.2595095083144594,3.9759774591535093,4.26024731630098,4.834632031758877,4.8757505861918755,3.153051876988372,3.8623062363119516,4.188322796905131,8.499144861708029,368.7087357207873,9.478737474399447,15.671663663101379,20.832897376165086,29.54686369172793,817.1233994075872,targetonly-regularization-v1.0.0
14,50,TargetOnly,PCA_50_LW,50,6.383390791099362,0.01,1.0,True,13.372272773689298,0.4458275744238042,4.282716797957576,5.237857168830075,5.714769258558202,5.8149693902105835,6.383390791099362,4.2879675567979865,4.822354321236544,5.2312650996797565,15.191423565134034,947.196328644583,19.135240258857305,31.887751603154197,50.143680610218944,59.56456514678013,2101.1408422195245,targetonly-regularization-v1.0.0
14,50,TargetOnly,TOPVAR_50_LW,50,10.346434575507336,0.0,0.5099337748344371,False,19.83178488669695,0.36369994079684487,7.147752535711856,8.220413792755819,8.705512514378132,9.583392708507327,10.346434575507336,7.112769858390175,8.2493368900029,8.523853579497105,9.052557635554782,9.366470511997575,10.428875497856879,14.939254155777586,16.615343552724987,19.81599171688142,25.097671417434913,targetonly-regularization-v1.0.0
14,50,TargetOnly,TOPVAR_100_LW,100,14.164992646531529,0.0,0.8490066225165563,False,46.53125869002197,0.32086209519803777,11.286082544993185,12.637696514359902,13.041740761345979,13.919317721676425,14.164992646531529,10.997983461190188,12.63373555386265,13.261632328593349,13.959268976408428,14.136131503971468,19.892943133584286,27.55086288730238,35.04060625336019,47.91758881970655,68.00772222580947,targetonly-regularization-v1.0.0
14,50,TargetOnly,TOPVAR_250_LW,250,22.336587018874773,0.01,0.9735099337748344,True,129.46478164560378,0.2971261674169805,18.207251504766937,20.5650184758988,20.98835349825834,21.935285727138204,22.336587018874773,17.942151307812875,20.07837402488091,20.86948304440975,21.945524448925045,22.635869441128495,37.24993323574263,80.40262311305969,119.68349568941365,243.07020575345675,503.1492063241872,targetonly-regularization-v1.0.0
14,100,TargetOnly,LW_CURRENT,534,37.361846921821034,0.01,1.0,True,554.855676528399,0.16659392767324743,30.437291681718598,33.20867741614734,34.0367125067756,37.26380127019795,37.361846921821034,30.447284214817053,33.33084469003788,33.970026886598475,156.82741912669687,12199.696238042578,238.96855166695798,366.4252083935669,583.3845842670149,700.2610496827904,27099.7138804411,targetonly-regularization-v1.0.0
14,100,TargetOnly,DIAGONAL,534,30.90450751684017,0.02,1.0,False,,,22.05932250811646,26.05185671106943,28.041791276254678,29.972586022574994,30.90450751684017,21.96829966517474,25.46067412715272,26.545401056256896,89.61358420596126,5886.804582933075,119.64281590317832,187.23634335374805,301.61137303127816,354.10374551535085,13073.23842146508,targetonly-regularization-v1.0.0
14,100,TargetOnly,PCA_95_LW,66,7.273364363778231,0.01,1.0,True,36.67725425374214,0.18653964369562642,5.689004699866421,6.572915409212683,6.747053365054826,7.16929522818014,7.273364363778231,5.658552913675539,6.382465430673289,6.486972891542381,20.003399218564862,1334.5858143777978,30.613083688110425,49.702473620102595,76.25307020804426,99.19451246577518,2960.497795149151,targetonly-regularization-v1.0.0
14,100,TargetOnly,PCA_99_LW,89,8.531827775144064,0.01,1.0,True,56.4411449224998,0.1900582515274213,6.851463124801257,7.8188648603679765,7.964465141406212,8.37511138359453,8.531827775144064,6.800902014044757,7.533025552233469,7.804010625435749,28.141893202758606,2024.1424470967775,39.84023532007011,66.73068573259724,103.58594725860917,127.86365609658753,4493.499665307187,targetonly-regularization-v1.0.0
14,100,TargetOnly,PCA_10_LW,10,3.8309687358971374,0.01,0.6794701986754967,False,7.083672150138649,0.15115869242728552,2.3923003454490637,3.1149926959598466,3.3115280876222366,3.742969666670587,3.8309687358971374,2.393397691884518,3.00532575320673,3.105688143706575,4.704418145722955,130.45406399428424,4.462728772252602,8.421781401744198,9.05535170638182,13.293681787683536,290.3678617825681,targetonly-regularization-v1.0.0
14,100,TargetOnly,PCA_25_LW,25,5.235412398966621,0.01,1.0,True,14.763610467654651,0.1602282079028618,3.5182617088126467,4.368031194894144,4.570519151147856,4.97977416578379,5.235412398966621,3.5502824598429066,4.034179593005594,4.22772663916782,7.265307192312278,286.7461537017909,10.674627983649987,17.162094685570143,23.620988010173598,29.26510135918806,634.5038655492918,targetonly-regularization-v1.0.0
14,100,TargetOnly,PCA_50_LW,50,6.406412575498197,0.01,1.0,True,27.06715555636325,0.17978415380213053,4.906919224169922,5.786184724855139,5.980702689901754,6.31284598795583,6.406412575498197,4.89095622374265,5.451395664480079,5.61330202385724,15.674819021690086,971.9657789581327,22.36689969253421,38.63812261550553,55.49788198277025,77.86205546078136,2156.111279936569,targetonly-regularization-v1.0.0
14,100,TargetOnly,TOPVAR_50_LW,50,9.60351307030221,0.0,0.5774834437086093,False,39.91458120349177,0.2001082817780805,7.09405437009425,8.007938344046002,8.47550480584446,9.477385656683008,9.60351307030221,7.083357451405238,7.9254837002681136,8.071689134451956,8.845720834374081,9.172157958424123,9.938087592956625,13.973638478364803,15.488399232722097,18.068613943605577,22.005518322282036,targetonly-regularization-v1.0.0
14,100,TargetOnly,TOPVAR_100_LW,100,13.873841514131536,0.0,0.8503311258278146,False,118.28653579214432,0.16065633606462468,11.19156760263612,12.559387830122143,12.652788643383278,13.858802053107079,13.873841514131536,11.057072834909553,12.572423954866393,12.85623359263771,13.660114452207685,13.73775241573624,18.854451139482254,26.4362453259164,35.92081188586589,49.105942557879814,83.19992170066469,targetonly-regularization-v1.0.0
14,100,TargetOnly,TOPVAR_250_LW,250,22.572154461280526,0.02,0.976158940397351,False,326.5816139394818,0.1464436359390722,18.859004539132197,20.612705341293523,21.40429336585219,22.48790680199226,22.572154461280526,18.564434038479895,21.100575098705587,21.89808044170966,22.700651200255013,22.907588296006008,37.78453725513184,84.99923202154467,115.21331133403669,230.42791039886754,671.7904664766344,targetonly-regularization-v1.0.0
15,10,TargetOnly,LW_CURRENT,530,23840.531533776524,0.01,0.5695364238410596,False,156.45380003084654,0.5162774066264441,34.991127057019156,45.826048821120075,18177.23924832432,23840.217914286455,23840.531533776524,35.275622227637214,55.92650061038507,23838.538213514777,23839.75541443102,23840.629520569782,23842.599296393964,47685.24975998207,47686.61365950157,47688.507464035465,71531.6499798547,targetonly-regularization-v1.0.0
15,10,TargetOnly,DIAGONAL,530,16381.748981847977,0.0,0.5695364238410596,False,,,26.83572126392045,34.4487163661453,12490.720242577281,16380.986497764286,16381.748981847977,26.369905155702355,43.573058416754975,16380.967285571336,16380.978644205154,16380.991574353673,16381.827631436337,32765.69772157885,32765.740949502324,32766.90012787404,49147.41968761622,targetonly-regularization-v1.0.0
15,10,TargetOnly,PCA_95_LW,9,287.661068162108,0.0,0.14834437086092717,False,1.0,1.0,1.6083139262406938,2.3454902258852512,219.0895524244589,287.2222562211386,287.661068162108,1.6676790351622612,3.2636960368433563,285.9499255166156,287.443287858645,287.4648843153946,284.64586192127535,571.9337545007293,572.4884703091378,573.579593385747,859.6173874889181,targetonly-regularization-v1.0.0
15,10,TargetOnly,PCA_99_LW,9,287.661068162108,0.0,0.14834437086092717,False,1.0,1.0,1.6083139262406938,2.3454902258852512,219.0895524244589,287.2222562211386,287.661068162108,1.6676790351622612,3.2636960368433563,285.9499255166156,287.443287858645,287.4648843153946,284.64586192127535,571.9337545007293,572.4884703091378,573.579593385747,859.6173874889181,targetonly-regularization-v1.0.0
15,10,TargetOnly,PCA_10_LW,10,306.8798056146646,0.0,0.14834437086092717,False,1.0,1.0,1.7058989640792053,2.4744256863088734,233.72470567132808,306.425227070097,306.8798056146646,1.7579582587733589,3.4446735058854783,305.05116442383303,306.6669544267245,306.6895301924233,303.76635620346815,610.2503663169822,610.8032382827653,611.9826777270636,917.2098059391614,targetonly-regularization-v1.0.0
15,10,TargetOnly,PCA_25_LW,10,306.8798056146646,0.0,0.14834437086092717,False,1.0,1.0,1.7058989640792053,2.4744256863088734,233.72470567132808,306.425227070097,306.8798056146646,1.7579582587733589,3.4446735058854783,305.05116442383303,306.6669544267245,306.6895301924233,303.76635620346815,610.2503663169822,610.8032382827653,611.9826777270636,917.2098059391614,targetonly-regularization-v1.0.0
15,10,TargetOnly,PCA_50_LW,10,306.8798056146646,0.0,0.14834437086092717,False,1.0,1.0,1.7058989640792053,2.4744256863088734,233.72470567132808,306.425227070097,306.8798056146646,1.7579582587733589,3.4446735058854783,305.05116442383303,306.6669544267245,306.6895301924233,303.76635620346815,610.2503663169822,610.8032382827653,611.9826777270636,917.2098059391614,targetonly-regularization-v1.0.0
15,10,TargetOnly,TOPVAR_50_LW,50,16.079334556128536,0.01,0.3894039735099338,False,11.718252249017974,0.5835051161762134,9.997113410417137,12.230977799935136,13.904896941600567,15.752099825324974,16.079334556128536,9.836968869256012,12.469164890022071,12.995043059612021,15.741933331652103,23.5738211805238,14.635522344207898,22.38946586774209,26.68835718489387,34.74981489066761,43.62833139408883,targetonly-regularization-v1.0.0
15,10,TargetOnly,TOPVAR_100_LW,100,20.61185971937382,0.01,0.6291390728476821,False,41.37259868201538,0.4735420985979377,14.343791487842505,17.42840995018562,18.353984008400044,19.68056737452515,20.61185971937382,14.331485183692138,17.401389282624493,17.807856488610636,20.25571477182549,29.344464121503123,22.87832899706306,33.11782427849072,38.65333517724006,50.69627343957372,81.47448033913228,targetonly-regularization-v1.0.0
15,10,TargetOnly,TOPVAR_250_LW,250,34.0186264714187,0.01,0.7880794701986755,False,111.17303231393255,0.4536175279088619,23.788675935840978,27.2369755697069,29.2515825938136,29.997366049140616,34.0186264714187,23.5647325511422,27.69997867827967,28.88676846735846,32.91760804050163,42.94715926048491,44.72973030270529,93.1955284046746,138.05207871437355,281.6623344009452,420.9449707721747,targetonly-regularization-v1.0.0
15,25,TargetOnly,LW_CURRENT,533,42.00579005575099,0.03,1.0,False,240.0056769401491,0.36778731185384506,30.66448518285017,34.458639071391445,35.8893177316599,38.330195059501136,42.00579005575099,31.12794159234915,34.81959043774239,38.74232036584874,251.2366401322501,12328.662384079793,164.8292899581539,328.89872666112194,477.51135354453515,536.41554340528,27386.886164138406,targetonly-regularization-v1.0.0
15,25,TargetOnly,DIAGONAL,533,37.82219132526333,0.03,1.0,False,,,23.4425335486159,26.99054111498156,29.289682067281227,33.67687187816954,37.82219132526333,23.776481595127795,28.4539786173276,34.199945531441564,172.27593342219444,7532.256521169845,104.74857223053799,201.8974591402985,292.6114382463586,340.8129695028016,16726.129193587334,targetonly-regularization-v1.0.0
15,25,TargetOnly,PCA_95_LW,20,4.782615881626802,0.03,1.0,False,3.995679579046991,0.5818941610653353,2.5193411442787927,3.187432229185432,3.3614785807331438,4.047430262251468,4.782615881626802,2.5319405834472226,3.31196098398832,4.338441057245877,15.980746509052741,388.91110767307873,6.997868869682676,12.806912278839144,14.319586279043454,23.6531095161492,857.6646924574524,targetonly-regularization-v1.0.0
15,25,TargetOnly,PCA_99_LW,24,4.970740903563765,0.04,1.0,False,4.4190715633222375,0.6020681215727978,2.733548239390598,3.3467459666039865,3.621369020233648,4.228820701739995,4.970740903563765,2.77564883645548,3.5282624268923626,4.578362768385739,16.928958750950592,423.70551676485167,8.300983837918709,14.333323654544536,17.16484860181779,28.19231686320775,935.0493928389785,targetonly-regularization-v1.0.0
15,25,TargetOnly,PCA_10_LW,10,3.776534232938518,0.04,0.5933774834437087,False,3.4210909731312675,0.46471619215613935,1.9748728204837445,2.5331063279662067,2.839980335391077,3.4402151062364155,3.776534232938518,1.985461595333033,2.723139335394254,3.62836983119462,10.69213139801324,96.77594783949611,4.057283687232017,7.098604570599642,8.455511124760811,14.027114637328863,215.27005358979605,targetonly-regularization-v1.0.0
15,25,TargetOnly,PCA_25_LW,25,4.988835372254928,0.04,1.0,False,5.599414379008961,0.5864215457115418,2.7638124874650947,3.378660585911513,3.6954662240809255,4.258650594779061,4.988835372254928,2.822381831202943,3.5487278249943253,4.5944758749290076,17.25429559158313,441.6991511820997,8.551203626654056,15.381639565445248,25.248441158071756,32.07386034608108,975.1830142994548,targetonly-regularization-v1.0.0
15,25,TargetOnly,PCA_50_LW,25,4.988835372254928,0.04,1.0,False,5.599414379008961,0.5864215457115418,2.7638124874650947,3.378660585911513,3.6954662240809255,4.258650594779061,4.988835372254928,2.822381831202943,3.5487278249943253,4.5944758749290076,17.25429559158313,441.6991511820997,8.551203626654056,15.381639565445248,25.248441158071756,32.07386034608108,975.1830142994548,targetonly-regularization-v1.0.0
15,25,TargetOnly,TOPVAR_50_LW,50,11.045322560945044,0.02,0.713907284768212,False,19.120435764446235,0.4143192883147272,8.691142243898014,10.185603450905582,10.50910021032897,10.874890342987616,11.045322560945044,8.571445379950053,10.135600060480458,10.55870573318899,11.372009103682233,18.371497098268623,12.81459257453915,19.22725968529179,22.97351028071233,28.042137949475073,33.13820433336085,targetonly-regularization-v1.0.0
15,25,TargetOnly,TOPVAR_100_LW,100,18.749150840144733,0.01,0.7165562913907285,False,73.20163963841549,0.3039672386239613,14.140001292237837,15.980613316327338,16.39695144438632,17.30715499395061,18.749150840144733,13.906842623677264,16.44088342857683,16.971039107962913,18.355163102057894,25.799580888011082,22.899986072983943,33.126262810636916,39.83432087996614,52.18338081042187,101.52417059115376,targetonly-regularization-v1.0.0
15,25,TargetOnly,TOPVAR_250_LW,250,32.60632709016585,0.01,0.8225165562913908,False,175.01899353604603,0.30491564632745055,21.928457637772254,25.58725334347244,26.138577847940535,27.297805250746354,32.60632709016585,22.19627948114443,24.561020549556044,25.982315024993007,30.898377281580384,43.861654624069,44.999775470386446,99.2598914444191,154.59299688550456,312.4714836275081,475.42495791752214,targetonly-regularization-v1.0.0
15,50,TargetOnly,LW_CURRENT,534,42.32289571695416,0.04,1.0,False,432.86143410051443,0.23219330716198297,31.714581578960622,34.78820227958766,35.378929661221704,36.42946082243022,42.32289571695416,31.79641127822998,35.20256320527942,36.828577019579896,231.5188985685602,12549.732350405971,197.12178259696904,372.1576277742789,586.9866513587433,655.485715826375,27876.091549981065,targetonly-regularization-v1.0.0
15,50,TargetOnly,DIAGONAL,534,33.17586179786439,0.03,1.0,False,,,22.566704866370863,26.07232545348644,27.883211983387373,32.09628313178024,33.17586179786439,22.964602995258712,26.832566489134578,30.53389097241898,145.50019392658555,6437.628257140419,104.97709144544075,205.4987686280596,318.7766743838219,347.2959275943124,14296.3990846783,targetonly-regularization-v1.0.0
15,50,TargetOnly,PCA_95_LW,38,5.3338129530644265,0.04,1.0,False,15.660141653801908,0.2874794545904262,3.8491438400171036,4.528723695510388,4.62074214468047,5.1929549810636555,5.3338129530644265,3.8637878424585157,4.697996999957546,4.910502087774137,24.150301591315994,733.7320250969974,12.858884674665747,25.3053375237435,32.9980973448255,55.64047297960249,1626.5049402101122,targetonly-regularization-v1.0.0
15,50,TargetOnly,PCA_99_LW,46,5.78975490346804,0.03,1.0,False,19.468487198176682,0.29670075174159233,4.175598800886384,4.853250109881136,4.943129481936894,5.531951721820274,5.78975490346804,4.216181050048141,5.16514117147581,5.403654771280415,26.878535178053234,908.2097587780755,14.09390915447011,28.685737584094625,39.63798987254686,62.99749966188666,2015.700263131251,targetonly-regularization-v1.0.0
15,50,TargetOnly,PCA_10_LW,10,3.4598625213929814,0.06,0.9165562913907285,False,6.940591218412679,0.18847878563250983,2.2316682110412307,2.891564649064987,3.242993775237981,3.3963085808998987,3.4598625213929814,2.2952785297887317,3.0134973240143084,3.487235403291842,11.078294979413508,189.102550109673,5.105974472138298,8.9032759832632,10.287266407009279,17.50475434483537,416.7556751771136,targetonly-regularization-v1.0.0
15,50,TargetOnly,PCA_25_LW,25,4.600671614079476,0.04,1.0,False,11.481414824366238,0.2561726433362243,3.2017045076604376,3.936787798951493,4.050826705503868,4.324500858181753,4.600671614079476,3.2538529251901607,3.8839453565522386,4.214786202899145,19.489450095157277,457.0180430930101,9.566479178786526,18.267292244461707,25.17364657405841,39.1302316820285,1012.0953051517503,targetonly-regularization-v1.0.0
15,50,TargetOnly,PCA_50_LW,50,6.057277675945388,0.03,1.0,False,30.054554903560764,0.29621005886049867,4.3328828554604115,4.998641523953129,5.168529739570067,5.716766021780471,6.057277675945388,4.410387756184452,5.350955704925333,5.517448980056381,27.821187763790007,966.2656606458571,15.777288786720872,31.295329272657092,44.73493775016578,65.66113745628418,2145.421480061363,targetonly-regularization-v1.0.0
15,50,TargetOnly,TOPVAR_50_LW,50,10.551366846807664,0.01,0.6450331125827815,False,42.30989009586788,0.23843099509726276,8.131075367791755,9.758391181550572,10.07098448856326,10.402188128555373,10.551366846807664,8.087864172164013,9.671911810533773,10.041534346066303,10.419051619055596,14.754231391007837,11.521112205199268,16.535474547993186,18.85258600403313,22.277361570458403,25.256543899776332,targetonly-regularization-v1.0.0
15,50,TargetOnly,TOPVAR_100_LW,100,17.178253836850324,0.02,0.7470198675496689,False,123.26768975595174,0.1929231504738528,13.359549598654041,14.952834078068806,15.916337209977495,17.07412025610051,17.178253836850324,13.376367488250034,15.352967679607845,15.55376323224368,17.578649753758874,23.537444173910284,21.39082546871897,31.03654937898788,40.21237652750933,49.97744614326632,83.08640757653886,targetonly-regularization-v1.0.0
15,50,TargetOnly,TOPVAR_250_LW,250,32.02927477369303,0.01,0.8543046357615894,False,313.4389613861256,0.18626485198698134,21.55373001464367,24.690436871131688,25.537012741229628,27.529557488026626,32.02927477369303,21.624152193495902,23.979392090864028,25.064263671667465,28.611058585125637,45.28619644097452,44.32377136815487,103.39748784585007,157.71576806491552,314.18778484350923,612.2835335748855,targetonly-regularization-v1.0.0
15,100,TargetOnly,LW_CURRENT,535,39.42219774811854,0.04,1.0,False,703.9297948948422,0.1439309489210286,33.437587802630134,35.44331940726436,36.25760859019016,39.023242697020876,39.42219774811854,32.7977569699752,36.436343432275194,38.88552394234271,265.37296750767723,14970.113938818391,249.62127930323118,417.03398839631086,645.9855404672144,786.4781386370894,33259.304845193714,targetonly-regularization-v1.0.0
15,100,TargetOnly,DIAGONAL,535,32.2333717905498,0.03,1.0,False,,,22.513459683172954,26.598076408448637,27.5568961179827,32.06995785256776,32.2333717905498,22.888447930273575,26.57514185494338,29.445973047057837,152.04913811428827,6656.9193801518,114.9515498177617,194.00557231788326,309.85045016411163,362.9502150142954,14783.230458599717,targetonly-regularization-v1.0.0
15,100,TargetOnly,PCA_95_LW,67,7.939257381799287,0.03,1.0,False,43.58053871015162,0.15732539254802017,5.87269028444816,6.737880465368743,6.8801144486024555,7.582334960165764,7.939257381799287,6.026549230684403,6.964824213753214,7.165708999951758,39.288276151616024,1511.1067500133531,26.791641746051464,50.466993210398485,74.93089523910174,101.58095778982184,3355.4709008849754,targetonly-regularization-v1.0.0
15,100,TargetOnly,PCA_99_LW,89,9.281867767189707,0.03,1.0,False,65.96002857578317,0.16296134024687534,6.906692355454092,7.768570642796204,7.892835359417468,8.408619122258106,9.281867767189707,6.958412833529957,8.007669964473388,8.295417874344457,50.26193994000887,2245.444021433404,35.137300298139714,64.97346725106263,97.02705189483915,128.82611461217385,4977.149295489568,targetonly-regularization-v1.0.0
15,100,TargetOnly,PCA_10_LW,10,3.6770367415978518,0.05,0.9735099337748344,False,8.96701748154238,0.09490369404024775,2.6132578700446163,3.1726487375761527,3.3970406349494677,3.6032075772451284,3.6770367415978518,2.573554112188454,3.2319260116022903,3.4889654283166576,12.945426764735162,157.57874925448186,5.6213385963417135,9.78994771405434,10.891965287960328,18.426489336155747,347.83405465612987,targetonly-regularization-v1.0.0
15,100,TargetOnly,PCA_25_LW,25,5.486525322526663,0.03,1.0,False,17.851408287403054,0.12024851408856257,3.730395456869269,4.433047110393262,4.574744682064228,5.4540300137707,5.486525322526663,3.7387598990706534,4.4002500845921055,4.6569701712262175,22.625968777343154,538.810082939878,10.47432772901489,18.89440929978751,21.70078309425234,38.758204265519865,1194.3384724238172,targetonly-regularization-v1.0.0
15,100,TargetOnly,PCA_50_LW,50,7.023117611003869,0.03,1.0,False,31.502040170066334,0.1477007296727496,5.011919230776231,5.88860759287326,6.152546630589223,6.764572254230005,7.023117611003869,5.131566827208447,5.984681372102205,6.182296448112617,32.56302597989901,1108.9074263852292,20.462465274580367,38.429540605802174,52.60989683027679,75.44400469892715,2462.115567887282,targetonly-regularization-v1.0.0
15,100,TargetOnly,TOPVAR_50_LW,50,9.853004795048241,0.02,0.6450331125827815,False,51.96438793457013,0.1681677155848771,7.671917755874415,8.784323402044219,9.134609095055723,9.409718321723748,9.853004795048241,7.4890074857775915,8.730911204340972,8.916547904372628,11.234643466545885,15.221076258336494,10.748129682390152,14.670773173999418,16.33726738364298,20.251061383042686,22.294925911029654,targetonly-regularization-v1.0.0
15,100,TargetOnly,TOPVAR_100_LW,100,14.935113551366603,0.02,0.8185430463576159,False,160.03725900360018,0.13629541330681716,12.142512252286382,13.376843680025841,13.787355956996118,14.717330963801187,14.935113551366603,11.926397275947734,13.242021403006243,13.539182884451373,16.485551104633917,20.771903944096625,19.364816112319463,28.26201385574571,36.34043456766484,45.425435470018925,91.9913722764182,targetonly-regularization-v1.0.0
15,100,TargetOnly,TOPVAR_250_LW,250,26.863098751234613,0.02,0.9337748344370861,False,462.5851227140484,0.12057842493363857,20.529488458437534,22.275063910936666,23.018461729807644,24.959637335754195,26.863098751234613,20.633197426100317,22.389518963812737,23.033839393860866,28.189110192308902,51.520712653983026,41.545317988849625,98.6810672458844,141.6039575896771,285.5219706258547,721.9095688138034,targetonly-regularization-v1.0.0
16,10,TargetOnly,LW_CURRENT,529,105.31650239268049,0.01,1.0,True,89.97046521873177,0.5993657430805864,32.00300725582508,44.040106189894075,45.48775914362992,57.4535013705605,105.31650239268049,31.700519970606816,45.85146309063302,47.870336873753836,157.80195601349607,9111.881848926942,150.08986837392314,244.80866235288232,394.41611638500433,562.2418558541387,20236.78916565782,targetonly-regularization-v1.0.0
16,10,TargetOnly,DIAGONAL,529,87.02711660433502,0.01,1.0,True,,,26.48276640753231,37.2353293775266,39.35824806830988,44.627999766231696,87.02711660433502,26.72469743430267,38.571795483752986,40.03792343201284,129.31344873534627,6750.514699802603,112.45448672662594,181.5362127777922,292.24454645822385,418.47811397915416,14992.035107126103,targetonly-regularization-v1.0.0
16,10,TargetOnly,PCA_95_LW,8,4.779478192858394,0.01,0.08874172185430464,False,1.0,1.0,1.776265168502582,2.573788353315105,2.824397800968727,3.785384308802746,4.779478192858394,1.6357761349372888,2.547921371513219,3.6123929578880203,5.731539599825428,113.78990469000261,2.8847169272035655,4.467456624703558,6.553974431961986,8.929703208100007,251.69693426791508,targetonly-regularization-v1.0.0
16,10,TargetOnly,PCA_99_LW,9,5.58930643398964,0.01,0.08344370860927153,False,1.0,1.0,1.851965959787831,2.6971134197511106,2.9428415946982196,3.9342314170381103,5.58930643398964,1.7359332798049538,2.7605049005403073,3.754918956072233,6.498173741318977,123.65615535933489,3.0748142914301053,4.841637718467669,6.939372916850411,9.78478729636756,274.31713816946734,targetonly-regularization-v1.0.0
16,10,TargetOnly,PCA_10_LW,10,5.898605912567428,0.01,0.08344370860927153,False,1.0,1.0,1.9558710538087078,2.8435626666342606,3.1023724374337873,4.147115687037952,5.898605912567428,1.830057777356943,2.9179386865156776,3.958044477572639,6.854396139998127,130.80937293501896,3.253153284368738,5.117433115305885,7.400697571337096,10.39055834090722,290.17888025871014,targetonly-regularization-v1.0.0
16,10,TargetOnly,PCA_25_LW,10,5.898605912567428,0.01,0.08344370860927153,False,1.0,1.0,1.9558710538087078,2.8435626666342606,3.1023724374337873,4.147115687037952,5.898605912567428,1.830057777356943,2.9179386865156776,3.958044477572639,6.854396139998127,130.80937293501896,3.253153284368738,5.117433115305885,7.400697571337096,10.39055834090722,290.17888025871014,targetonly-regularization-v1.0.0
16,10,TargetOnly,PCA_50_LW,10,5.898605912567428,0.01,0.08344370860927153,False,1.0,1.0,1.9558710538087078,2.8435626666342606,3.1023724374337873,4.147115687037952,5.898605912567428,1.830057777356943,2.9179386865156776,3.958044477572639,6.854396139998127,130.80937293501896,3.253153284368738,5.117433115305885,7.400697571337096,10.39055834090722,290.17888025871014,targetonly-regularization-v1.0.0
16,10,TargetOnly,TOPVAR_50_LW,50,17.028927905542087,0.0,0.12847682119205298,False,7.921544445778989,0.6495817105425638,9.315531118203857,11.525807703151948,12.322203370704873,14.939862515062892,17.028927905542087,9.51588923933853,11.639043151317487,11.955518852088456,13.363650362420064,13.397964637237342,13.209375513504247,17.912405074115075,20.67259716995365,24.678946148517927,29.50582736884869,targetonly-regularization-v1.0.0
16,10,TargetOnly,TOPVAR_100_LW,100,23.327809735592226,0.0,0.3350993377483444,False,15.427167273198494,0.626556692659979,13.510512261607605,16.148674604354085,17.638774983018216,18.733236765390043,23.327809735592226,13.59942438374447,16.425962799603962,17.186069938402348,18.014599250235275,19.495091328260994,21.093141572800285,30.072414684389575,35.35242126978118,51.66062513813709,103.7046183031668,targetonly-regularization-v1.0.0
16,10,TargetOnly,TOPVAR_250_LW,250,43.315816194425956,0.0,0.3271523178807947,False,48.80492881803827,0.5827766511491247,21.411023318491715,27.761989008527884,29.278642331480558,40.32373762493949,43.315816194425956,21.732395013730862,27.761841898926004,29.38924322396539,32.03474939227033,35.02889538777484,36.269336790052094,80.895993817043,95.72388962940695,189.02517216821863,518.7389001327795,targetonly-regularization-v1.0.0
16,25,TargetOnly,LW_CURRENT,533,104.2905612923554,0.01,1.0,True,144.17784207791445,0.44119542579859855,29.02862164469081,40.99157345520483,42.59080577987462,44.10683780596721,104.2905612923554,28.81604463386357,41.21815884233737,43.291999002356796,150.48209554871278,9442.078674279266,190.3897419019664,281.86710224595276,459.20237612112396,484.5361747523862,20970.450532210587,targetonly-regularization-v1.0.0
16,25,TargetOnly,DIAGONAL,533,85.76571927000917,0.01,1.0,True,,,24.93972462493506,33.0158003308495,34.22814259529004,37.46786318028893,85.76571927000917,26.299645143917246,32.93163977589868,35.06129343265772,119.08648864739348,6326.149465096233,128.69432195713594,191.7109329867362,312.6738547644419,322.3050943671108,14048.394177052862,targetonly-regularization-v1.0.0
16,25,TargetOnly,PCA_95_LW,20,10.578301283439135,0.01,0.10860927152317881,False,1.8778384416767624,0.813169354750269,2.890333956440001,3.8357092338155168,4.189911640145015,5.219878512052578,10.578301283439135,3.0097464277937624,3.913908812767011,4.634981913086622,10.263231914450271,256.951098958502,7.118103543015899,10.977579576438883,13.93014288867747,20.625666870718845,568.2595746413746,targetonly-regularization-v1.0.0
16,25,TargetOnly,PCA_99_LW,24,11.464866808627269,0.01,0.10860927152317881,False,2.0514117910927516,0.8130456142019921,3.079708781049834,4.063181959787935,4.401241058964974,5.480103957401091,11.464866808627269,3.2472930121595622,4.2059481855171414,5.063983649920851,11.621233951809595,347.84891568778426,7.863024121901691,11.868210024965542,15.829613833704919,22.88740061891724,771.6138810558817,targetonly-regularization-v1.0.0
16,25,TargetOnly,PCA_10_LW,10,8.58745947840148,0.01,0.031788079470198675,False,1.86267839872511,0.7055439547869486,2.227211687091229,2.9745924744592602,3.3322367745896924,4.273698061850064,8.58745947840148,2.27456556371453,3.080049972024108,3.8019633155979617,7.825506744459852,148.71966063815634,4.2069906312670176,6.64016429994654,7.540008462602221,12.188979595543529,327.6644089259016,targetonly-regularization-v1.0.0
16,25,TargetOnly,PCA_25_LW,25,11.64050585088174,0.01,0.10860927152317881,False,2.4494396150632984,0.7853217323942155,3.1103313978537717,4.128372052812199,4.3590581811629665,5.447384415223198,11.64050585088174,3.240403852603454,4.206570651658401,5.0182684594434805,11.895409946892304,373.7163057114592,8.034076079265057,12.044742719660722,16.53395346644056,23.426593373792823,829.5978729470456,targetonly-regularization-v1.0.0
16,25,TargetOnly,PCA_50_LW,25,11.64050585088174,0.01,0.10860927152317881,False,2.4494396150632984,0.7853217323942155,3.1103313978537717,4.128372052812199,4.3590581811629665,5.447384415223198,11.64050585088174,3.240403852603454,4.206570651658401,5.0182684594434805,11.895409946892304,373.7163057114592,8.034076079265057,12.044742719660722,16.53395346644056,23.426593373792823,829.5978729470456,targetonly-regularization-v1.0.0
16,25,TargetOnly,TOPVAR_50_LW,50,15.002967095355695,0.0,0.07947019867549669,False,7.380803703825968,0.5952210115982458,7.352458581539265,8.516730556690275,8.736225822108173,9.551779625046263,15.002967095355695,7.419995540469257,8.501360858349017,9.02518326994372,9.09065770437032,9.627343524692137,10.209166959519965,14.307969394863441,16.136274426862144,19.816945395929615,22.38093340493898,targetonly-regularization-v1.0.0
16,25,TargetOnly,TOPVAR_100_LW,100,21.61723571043807,0.0,0.24370860927152319,False,22.074827899697844,0.5001353813024885,11.316162296179144,12.781355825479869,13.017949650098195,14.312814105179518,21.61723571043807,11.739137091962945,13.229891708306635,13.470746119485705,14.110727680085736,14.294824700656623,18.289229888582774,26.202954843282004,34.857307865655116,48.07057068433711,97.5862507820391,targetonly-regularization-v1.0.0
16,25,TargetOnly,TOPVAR_250_LW,250,41.620157128813,0.0,0.32980132450331123,False,65.7177146329191,0.4479404973843368,18.66658159345749,21.707479918445667,22.20632201700514,28.56348906112411,41.620157128813,18.888198274231982,21.175442470734946,22.127827794787596,23.298930273388162,23.315574943578312,34.25265334053308,85.25769730395744,106.88505013928459,212.061790356829,541.4402000294074,targetonly-regularization-v1.0.0
16,50,TargetOnly,LW_CURRENT,534,115.93507028204121,0.01,1.0,True,287.4255468761841,0.2760258651281711,29.983154685375325,33.33020731568034,34.169640773555145,39.134645011687425,115.93507028204121,29.8716836390411,33.910834395272964,34.047290489272484,176.7996849308032,11467.488543540876,258.18267846113497,349.501584927014,612.3614150244883,675.1270993685304,25458.847215189136,targetonly-regularization-v1.0.0
16,50,TargetOnly,DIAGONAL,534,88.49504568002745,0.01,1.0,True,,,23.77799198606784,27.688325020988206,28.982224791740933,34.67302694171477,88.49504568002745,23.67966627172462,28.568432246095902,31.214762728917194,119.81001332412012,6411.393940468883,147.01258782433393,200.96657545616566,344.7108210714655,369.52587575503384,14238.166118010027,targetonly-regularization-v1.0.0
16,50,TargetOnly,PCA_95_LW,38,16.788978454111575,0.01,0.3695364238410596,False,10.816293700395748,0.3642304402000066,3.8845781815219347,4.47039325687614,4.82305044509884,5.538144030774963,16.788978454111575,3.872329780400947,4.633622170969145,4.794551781363629,16.67220908716472,693.8319239808162,16.114140203359824,24.010370258645796,33.49531993168864,50.99127727663627,1542.3294016000339,targetonly-regularization-v1.0.0
16,50,TargetOnly,PCA_99_LW,46,18.0314319262343,0.01,0.9827814569536424,True,12.982806575884444,0.37249605070090164,4.218428916024163,4.8046412697776795,5.079744319090717,5.875478152702288,18.0314319262343,4.159593283088643,4.969955651442214,5.1993966725919245,18.456395148867827,825.231039371496,20.77112345871886,28.548679605185807,40.75730073877816,60.01026449614782,1838.0510269459642,targetonly-regularization-v1.0.0
16,50,TargetOnly,PCA_10_LW,10,9.180554655226095,0.01,0.07549668874172186,False,4.763430192488132,0.279227118548894,2.33371111524839,2.903774498376889,3.0966511708297153,3.579834383362286,9.180554655226095,2.3860752427177503,2.979872499821589,3.334342383216951,7.53786236206719,92.56959458295489,4.937365795747688,8.115668019244582,9.817036270753272,12.370362284679892,205.1440940510095,targetonly-regularization-v1.0.0
16,50,TargetOnly,PCA_25_LW,25,14.049732489941468,0.01,0.12582781456953643,False,8.128647718255003,0.33464952218700417,3.2202506091920644,3.875356749642061,4.080638650890917,4.5619302282312315,14.049732489941468,3.2406423302118217,4.017006906911718,4.083512731216757,13.25421697891439,493.9121073046712,10.613439330323006,15.221294768615682,20.931126119504103,34.04457841652857,1099.6679222344203,targetonly-regularization-v1.0.0
16,50,TargetOnly,PCA_50_LW,50,19.373025569953104,0.01,0.9960264900662251,True,18.39928946107702,0.3701473664151806,4.452304870438793,5.034259676655141,5.194900602318138,6.160201583316019,19.373025569953104,4.351667620966905,5.167562525885899,5.4588983636670285,20.919982653646272,972.3411035420484,23.515803814771385,32.11751846155141,47.191310959865504,65.53496205231345,2164.922078084975,targetonly-regularization-v1.0.0
16,50,TargetOnly,TOPVAR_50_LW,50,14.280629547988166,0.0,0.09403973509933775,False,15.093938148456113,0.37214553652860455,7.457400166982805,8.552283775498045,8.846732647586133,10.213747825694165,14.280629547988166,7.660694863902092,8.739509170245999,9.108617819506582,10.06495698887166,10.16468519541431,10.291845105477925,14.117023922608341,15.900561965364128,18.550141032738917,21.495782856584448,targetonly-regularization-v1.0.0
16,50,TargetOnly,TOPVAR_100_LW,100,19.38352011850386,0.0,0.4503311258278146,False,42.24778691456823,0.32395071478016535,11.434973451087936,12.876767039266207,13.155240148616175,14.300401083159182,19.38352011850386,11.866686559578298,13.27322139291323,13.576298916710057,14.047418596579696,14.328303835040936,18.734379005235457,26.876616710516817,38.38239830531312,49.64857539270551,77.46065821523575,targetonly-regularization-v1.0.0
16,50,TargetOnly,TOPVAR_250_LW,250,44.42798665885824,0.0,0.3443708609271523,False,154.03382168125734,0.2607297322589507,19.430098516758775,21.45807212244579,22.249459697554116,26.99059982353398,44.42798665885824,19.448720373420432,21.410222695035127,21.86986166259051,23.479157999647235,24.634106927024803,36.8531346854244,87.72243080075468,114.98537141417513,232.46203670666605,596.476355657333,targetonly-regularization-v1.0.0
16,100,TargetOnly,LW_CURRENT,535,129.09812227377543,0.01,1.0,True,615.4631145825261,0.15185242383751638,33.063723638097834,36.47476070839875,37.409083895989376,42.10039921444925,129.09812227377543,33.06348351644889,36.87426716799301,37.71261106513498,199.58811618809503,12927.734223776286,277.64688277435687,420.2725187934446,659.0623019609803,765.7185998261122,28683.664703946426,targetonly-regularization-v1.0.0
16,100,TargetOnly,DIAGONAL,535,89.72348138889181,0.01,1.0,True,,,23.39148480812939,26.780138244664762,27.682542995514808,34.353142474779354,89.72348138889181,23.078033760645575,27.462483755582475,30.6632484210763,117.64972491489812,6037.246108159673,132.3072529997226,198.769379293735,320.49094683217186,342.829152520712,13407.44948709473,targetonly-regularization-v1.0.0
16,100,TargetOnly,PCA_95_LW,66,24.86450348396626,0.01,1.0,True,38.99440794952788,0.16814933380516023,5.935933821403442,6.687864281461573,6.9406908230817255,7.700307976838615,24.86450348396626,5.906677162925357,6.6697814978196925,7.020467339500045,27.074219316285102,1358.040683285325,32.20825619644856,52.040248571123904,77.94346791133893,96.94667086077007,3021.4416577124116,targetonly-regularization-v1.0.0
16,100,TargetOnly,PCA_99_LW,89,28.86852307706555,0.01,1.0,True,58.84659571242118,0.1735032852344835,7.055712691753252,7.919508748930137,8.113236019850836,9.245184071853558,28.86852307706555,6.96956963339345,7.896141127049422,8.380624289549068,38.555136217313134,2203.199566201969,42.4649214374264,67.42697337112315,102.75081460453545,121.78702662211205,4901.548091297388,targetonly-regularization-v1.0.0
16,100,TargetOnly,PCA_10_LW,10,11.531262575385242,0.01,0.025165562913907286,False,8.120147336715707,0.10661976683708634,2.601630071770396,3.246319621103681,3.4810318335319157,3.8340897697309435,11.531262575385242,2.5143064695782056,3.2349769113503717,3.553395036908582,9.219058367149938,121.52908830100527,5.149213899252198,8.095431010410087,9.302258447076005,14.895410305695249,273.6983294871992,targetonly-regularization-v1.0.0
16,100,TargetOnly,PCA_25_LW,25,17.748823686249644,0.01,0.08609271523178808,False,15.662046347410048,0.1321547369218268,3.7799453192653627,4.33354915136905,4.577641385377763,5.14259299500671,17.748823686249644,3.6824838625483483,4.470197780962402,4.62163430011277,14.91117766083157,491.2162874776067,12.48711711169808,16.27421754220907,23.266611972536406,40.455128770362194,1092.1300107597915,targetonly-regularization-v1.0.0
16,100,TargetOnly,PCA_50_LW,50,21.561712574929718,0.01,0.9642384105960264,True,28.407228031901298,0.15919191732395116,5.202485068800282,5.803020252604089,6.081209683510577,6.568863264491077,21.561712574929718,5.1848377034101265,5.995962421514126,6.177871912774091,21.27336016720802,940.9279854795245,24.74541630563387,42.30082810895106,52.173694630730594,77.39767907562971,2097.664215014172,targetonly-regularization-v1.0.0
16,100,TargetOnly,TOPVAR_50_LW,50,13.947803210995747,0.0,0.11125827814569536,False,34.02213413723807,0.20202862518792122,7.33892483741021,8.493606756156101,8.73228457133313,9.76179812507173,13.947803210995747,7.5285432563556896,8.446191436809698,8.9873725801958,9.756073465763125,9.935890653802794,10.657204191165127,14.263410107918288,16.0670917831531,18.91910110631427,21.237744615403273,targetonly-regularization-v1.0.0
16,100,TargetOnly,TOPVAR_100_LW,100,19.692613562752488,0.0,0.5019867549668874,False,111.7911634759969,0.16281176051326987,11.696974855495693,12.947030341006455,13.0278157699805,13.870121240197685,19.692613562752488,11.837769181494384,13.086972131678392,13.474344789960854,14.163921013962886,14.910977100503608,19.715246785736134,28.248335153727936,37.842266412704525,45.85491054301274,84.34500005941415,targetonly-regularization-v1.0.0
16,100,TargetOnly,TOPVAR_250_LW,250,52.03434624776384,0.0,0.32847682119205296,False,392.37246872974794,0.13001908091030936,20.44127745984096,22.71407614627002,23.723125306090598,27.14383778572123,52.03434624776384,20.69765721779053,22.57903668169311,23.06171250035879,24.986149475299456,25.32120818915118,40.840827441381414,95.9680529789113,129.3531367571028,262.17655296788234,754.8961940057487,targetonly-regularization-v1.0.0
17,10,TargetOnly,LW_CURRENT,529,38.859464216968604,0.03,1.0,False,143.8380326101514,0.5378076742118899,30.926084647322536,35.662768152456856,36.24652727256871,37.801623842573015,38.859464216968604,30.758119180827244,34.255341710412566,35.277591805312184,67.02919665570744,106.22135529706563,145.82542329692026,278.3511553179391,467.6621234455292,577.7416674865509,15949.232515290354,targetonly-regularization-v1.0.0
17,10,TargetOnly,DIAGONAL,529,34.372355135532864,0.03,1.0,False,,,24.97270922326497,29.192235516984102,29.980828322542674,31.419166429136208,34.372355135532864,24.976005711806486,28.656073905522195,32.4008845182501,54.68071009734803,83.93598945797193,103.24876073045789,195.60685860060158,327.93087476993026,408.09178593627763,11198.550866859528,targetonly-regularization-v1.0.0
17,10,TargetOnly,PCA_95_LW,8,3.1667232904103773,0.03,0.2768211920529801,False,1.0,1.0,1.68550878017203,2.145793680776714,2.4062208251534805,3.10666112443156,3.1667232904103773,1.5979958685931752,2.162240400324357,2.9246348019536637,3.7789003079914965,5.326467937660787,2.4853991334671792,4.460409061859866,5.7834151009755725,8.098039456751234,202.99490540946098,targetonly-regularization-v1.0.0
17,10,TargetOnly,PCA_99_LW,9,3.2841570933870754,0.03,0.33774834437086093,False,1.0,1.0,1.8053944468190497,2.222930437439181,2.4960436301828137,3.222822937528442,3.2841570933870754,1.685535142741887,2.258329846158354,3.0296531048164184,3.9585963728995552,5.524086172188039,2.864823808282116,4.993053579456665,6.123133198740256,8.400407664852112,210.49806683399152,targetonly-regularization-v1.0.0
17,10,TargetOnly,PCA_10_LW,10,3.463112881425832,0.03,0.3390728476821192,False,1.0,1.0,1.9046804696448292,2.3524316494007413,2.6311706234915935,3.3973627641507433,3.463112881425832,1.789235683428409,2.382742017285693,3.2028902249935762,4.183973711438277,5.826459657592455,3.0415628559594556,5.2696969206814135,6.464246578372323,8.89900510855717,222.10006953639476,targetonly-regularization-v1.0.0
17,10,TargetOnly,PCA_25_LW,10,3.463112881425832,0.03,0.3390728476821192,False,1.0,1.0,1.9046804696448292,2.3524316494007413,2.6311706234915935,3.3973627641507433,3.463112881425832,1.789235683428409,2.382742017285693,3.2028902249935762,4.183973711438277,5.826459657592455,3.0415628559594556,5.2696969206814135,6.464246578372323,8.89900510855717,222.10006953639476,targetonly-regularization-v1.0.0
17,10,TargetOnly,PCA_50_LW,10,3.463112881425832,0.03,0.3390728476821192,False,1.0,1.0,1.9046804696448292,2.3524316494007413,2.6311706234915935,3.3973627641507433,3.463112881425832,1.789235683428409,2.382742017285693,3.2028902249935762,4.183973711438277,5.826459657592455,3.0415628559594556,5.2696969206814135,6.464246578372323,8.89900510855717,222.10006953639476,targetonly-regularization-v1.0.0
17,10,TargetOnly,TOPVAR_50_LW,50,12.656379426486394,0.02,0.46622516556291393,False,14.377429162051,0.5368825268678594,9.240485522589648,10.634636540551137,11.550708311849876,12.612088246121585,12.656379426486394,9.133003230987914,11.151345463160943,11.707228940081674,13.299729956586695,20.719104802670916,12.36747830135171,18.212649025552224,20.95138344326217,26.474713033852,33.457424427208856,targetonly-regularization-v1.0.0
17,10,TargetOnly,TOPVAR_100_LW,100,16.881151526998433,0.05,0.7218543046357616,False,35.62696862414719,0.49729481613532345,13.392272894921135,15.738200436915925,15.902405318949171,16.877204998292786,16.881151526998433,13.651902834222888,15.693804609401468,16.775119737701043,18.69329487787304,27.408044004427907,20.653425245189094,30.293427623919165,35.443606263443705,47.3016451884596,63.78715175615724,targetonly-regularization-v1.0.0
17,10,TargetOnly,TOPVAR_250_LW,250,28.710020762562106,0.03,0.866225165562914,False,90.16470923316794,0.48825768607397046,21.769363533871505,24.627568520832675,25.64565313525842,27.901022045844805,28.710020762562106,21.94853139955331,25.16227084865846,26.425546875653882,31.061697558863177,43.355379291467244,39.66462319835832,82.4789523932948,127.5919576374072,258.1133858459275,478.704859573983,targetonly-regularization-v1.0.0
17,25,TargetOnly,LW_CURRENT,530,42.538457082164754,0.02,1.0,False,214.3799288514871,0.38491261063938087,29.183509438684684,32.373933725909204,32.794470228760105,34.152898713113984,42.538457082164754,28.803401821834356,31.867876472397512,34.33222807814053,58.20449174436081,104.33844487594048,196.12902913105378,293.5987161624791,463.46976616067724,526.9212113887843,1368.945618858415,targetonly-regularization-v1.0.0
17,25,TargetOnly,DIAGONAL,530,34.264366754884975,0.02,1.0,False,,,23.499910111392985,27.122843101065264,28.68508398338454,31.231015233503104,34.264366754884975,23.071655145624753,26.21101300761345,31.93799964355024,53.11759217097667,80.37487716110702,126.94596826269466,186.14058502168555,293.4446788015796,332.2382147947291,885.8253004520649,targetonly-regularization-v1.0.0
17,25,TargetOnly,PCA_95_LW,20,4.394786106035574,0.03,1.0,False,3.5545875102641054,0.6242736120248484,2.718442820829593,3.2955007389026068,3.4432395079244063,3.9603221124355477,4.394786106035574,2.55181831572978,3.1726709973445186,3.903125947479069,7.021154139988802,9.259623025769049,8.788324244039165,12.890121936240762,18.21661688661609,19.87376774606136,58.06343005028625,targetonly-regularization-v1.0.0
17,25,TargetOnly,PCA_99_LW,24,4.634456621216505,0.03,1.0,False,3.8478795411643634,0.639681217074735,2.877673038330185,3.469683452916232,3.718529909166764,4.195826734910102,4.634456621216505,2.73837217257636,3.36960113182789,4.2108135387114,7.416631324837183,9.82234939195337,9.782773504561378,14.225796392737504,20.716729226100792,22.02614886072555,68.88835638570937,targetonly-regularization-v1.0.0
17,25,TargetOnly,PCA_10_LW,10,3.413985078319457,0.04,0.9311258278145695,False,2.953586457975184,0.5328015371331919,2.0210585619873105,2.5550837467528758,2.7147358622807842,3.32526469697691,3.413985078319457,1.978326157293134,2.587101432347651,3.2377209390664525,5.6830595260571055,7.605891665626931,4.812757182004579,7.702937471609092,8.496628037853577,12.212133384771791,34.32198268569314,targetonly-regularization-v1.0.0
17,25,TargetOnly,PCA_25_LW,25,4.6564404426044375,0.03,1.0,False,4.8209127789621045,0.6224207254582744,2.897065802354245,3.500269344358636,3.747473924384047,4.200811006244374,4.6564404426044375,2.7650484192784743,3.405559721703344,4.221737482003239,7.481712899387627,9.928314337685869,9.987614964335656,15.079275235018402,21.218178012615486,25.311733805911842,70.86950360277216,targetonly-regularization-v1.0.0
17,25,TargetOnly,PCA_50_LW,25,4.6564404426044375,0.03,1.0,False,4.8209127789621045,0.6224207254582744,2.897065802354245,3.500269344358636,3.747473924384047,4.200811006244374,4.6564404426044375,2.7650484192784743,3.405559721703344,4.221737482003239,7.481712899387627,9.928314337685869,9.987614964335656,15.079275235018402,21.218178012615486,25.311733805911842,70.86950360277216,targetonly-regularization-v1.0.0
17,25,TargetOnly,TOPVAR_50_LW,50,10.619996958049027,0.03,0.5880794701986755,False,20.954949027989915,0.397591970570671,8.012191333803715,9.441699783713492,9.987857043342153,10.554083323032334,10.619996958049027,8.17177128418027,9.503904850473772,9.810620343095843,11.545105476295573,18.855926179807792,11.296028859173797,16.28722973331905,19.060104680839217,23.870310555373134,27.217982359108664,targetonly-regularization-v1.0.0
17,25,TargetOnly,TOPVAR_100_LW,100,16.04696960354402,0.01,0.7337748344370861,False,56.41236244383312,0.34480337638658987,12.393712276298977,14.03316701446561,14.534053234230765,14.770711208631457,16.04696960354402,12.498077240832657,14.103120102391165,14.355741918109159,15.474467760734504,24.419325753161928,20.228142425910484,29.011356961070863,33.80958600376333,45.363297167641825,68.33702403451609,targetonly-regularization-v1.0.0
17,25,TargetOnly,TOPVAR_250_LW,250,25.123997720443416,0.02,0.9735099337748344,False,159.77112172868377,0.3179288841956807,20.403088654881408,23.155039857816906,23.635856635556294,24.72799357946075,25.123997720443416,20.57002635464788,23.172987009729276,24.321702338799,28.311869088744338,45.911486314455686,39.69300571400722,87.4260678024322,124.4269681287707,250.9180367377377,533.3629354769037,targetonly-regularization-v1.0.0
17,50,TargetOnly,LW_CURRENT,532,35.47949453835724,0.03,1.0,False,310.26636954686126,0.27346705721873515,30.187349157671264,33.94785817325863,34.858204075969006,35.2036571632351,35.47949453835724,29.831896309466508,32.861647371053984,34.77061559953136,68.15345385814406,119.76000492946874,206.8549205510758,338.33481833363874,484.0417433092216,584.0519682742635,1557.0227696184334,targetonly-regularization-v1.0.0
17,50,TargetOnly,DIAGONAL,532,36.66848852931413,0.02,1.0,False,,,23.750398414282877,28.072108580116204,29.142082516393096,33.542273344947375,36.66848852931413,23.13216430433885,27.124267561264435,33.09495025813706,59.53104845012443,87.43182712779681,120.15483413031964,189.2572095835571,273.6870443775846,333.48219315833614,910.4332057759625,targetonly-regularization-v1.0.0
17,50,TargetOnly,PCA_95_LW,38,6.261044684317414,0.03,1.0,False,11.677349621440749,0.35818704747074226,3.9442885756947454,4.730888128706256,5.152982379919902,5.601533833901384,6.261044684317414,3.867873155005351,4.584732029028649,4.837301190785716,10.80213455889612,15.338656307028812,14.087624051374574,22.518815597204547,31.67760168548066,38.369759806139434,125.54873060424885,targetonly-regularization-v1.0.0
17,50,TargetOnly,PCA_99_LW,47,6.7155937324730814,0.03,1.0,False,14.566866252737105,0.36589996586789414,4.3507748432345075,5.1733173798191086,5.579854370684736,5.996572167361999,6.7155937324730814,4.267567731625839,4.97815199717637,5.493714906286391,11.383004121214192,16.758834235155575,18.59850364495915,28.848023717817078,43.72947605129898,55.11533440601582,141.83080952916296,targetonly-regularization-v1.0.0
17,50,TargetOnly,PCA_10_LW,10,4.458733434804778,0.02,0.6966887417218544,False,5.139468528661493,0.26242726360088275,2.3578138874090735,3.01246068195921,3.2612952009342884,3.90509523610532,4.458733434804778,2.3353261775133616,3.0820047587187545,3.5646505387898846,7.821564896851172,10.172463067381283,5.24287494519187,8.54771204259866,9.286694589479822,12.878860026334458,43.5277009771466,targetonly-regularization-v1.0.0
17,50,TargetOnly,PCA_25_LW,25,5.323765874705616,0.03,1.0,False,8.69213418386057,0.3288212095279181,3.243762237600655,4.0628037878534755,4.486873024137564,4.910387439235646,5.323765874705616,3.2271171436879973,3.9611824121947286,4.365563800987671,9.865801404446122,14.075349313695451,10.232729397224062,16.94588182174365,20.65819805290337,25.4519943612235,96.09898041264144,targetonly-regularization-v1.0.0
17,50,TargetOnly,PCA_50_LW,50,6.805701275226852,0.03,1.0,False,20.15362014638762,0.3635446967737571,4.4658402233897725,5.291130540753409,5.753815332902852,6.130146636825695,6.805701275226852,4.37130132170048,5.098925051839,5.552213027189551,11.486679427976984,16.99018781958319,20.452375216813657,29.683627012533215,46.953395375894225,62.41429475643135,151.56955577483652,targetonly-regularization-v1.0.0
17,50,TargetOnly,TOPVAR_50_LW,50,10.25991751159009,0.02,0.6649006622516557,False,25.19714608325047,0.30569356098460887,7.764934178215148,9.083190408723725,9.736279329041517,9.946999490745936,10.25991751159009,7.71117824238015,8.972146176849291,9.458688922277007,11.199935530149938,16.032368049453524,11.186664688438766,15.442526299894178,17.872109282221224,22.124714392929942,24.673446763509087,targetonly-regularization-v1.0.0
17,50,TargetOnly,TOPVAR_100_LW,100,14.771205294359154,0.02,0.8900662251655629,False,68.18851214603654,0.26327529519380666,12.279098823046066,13.656397027372265,14.01362674030788,14.635491319425396,14.771205294359154,11.9663783630354,13.63094499224854,14.144478765933982,15.58053633500449,21.203774179610594,21.603743236708652,31.78777309856503,39.7647042743895,49.79758958962177,77.31705564559685,targetonly-regularization-v1.0.0
17,50,TargetOnly,TOPVAR_250_LW,250,25.033646598461786,0.04,0.9867549668874173,False,238.7930793986137,0.2170343391734249,20.891292942945576,23.138928998929583,24.229746525805023,24.621766988065147,25.033646598461786,20.783335467264457,23.2891035646179,24.95565147829907,31.77703964494407,48.63922939686824,43.24105307309296,93.69067725267931,132.33060926542595,266.90725299913987,638.1129935792147,targetonly-regularization-v1.0.0
17,100,TargetOnly,LW_CURRENT,534,84.70725524903742,0.04,1.0,False,619.9804500164942,0.15335955162760137,31.99056857978055,34.790661494678226,36.28966481854246,41.94218128735748,84.70725524903742,32.082438864663494,35.67024540434091,67.99996384969866,88.02072099340624,129.21040950929944,255.63785829373685,398.95140694800705,573.8972187723665,702.6010464257661,1536.7148210037612,targetonly-regularization-v1.0.0
17,100,TargetOnly,DIAGONAL,534,46.508221299754446,0.03,1.0,False,,,23.36626869957167,27.551160750165916,27.965247712502233,33.84496520691056,46.508221299754446,22.92945485302903,31.132555968114858,46.06587837960301,56.00188923090135,86.85844628676483,126.21258199905981,186.43883704906497,278.946617678156,330.3399404753065,760.6241787142417,targetonly-regularization-v1.0.0
17,100,TargetOnly,PCA_95_LW,66,14.420954074681767,0.01,1.0,True,39.28090777907232,0.17007082378753877,5.795886919500003,6.655131445344681,7.076119071925452,7.432226367310014,14.420954074681767,5.785418907491067,6.850584212476021,12.385964019338722,14.037221651269407,21.252666638931366,32.86364649106744,46.91317739096117,71.82336497869515,82.64986233870216,199.65914578495082,targetonly-regularization-v1.0.0
17,100,TargetOnly,PCA_99_LW,89,16.787084841408383,0.01,1.0,True,60.41262398892788,0.17516797790593563,6.8844899667003485,7.931288846363267,8.18038874565678,9.027364122027885,16.787084841408383,6.913880436034361,8.092639548674823,14.277940007767867,16.867670395190913,25.7973782890027,46.03615727358369,63.35169752148478,104.20000270687754,115.75073504620437,239.5941615826813,targetonly-regularization-v1.0.0
17,100,TargetOnly,PCA_10_LW,10,4.067771960107988,0.03,0.7536423841059603,False,8.390142924313535,0.1054981725175932,2.651024403913363,3.2922929052370242,3.416793406825446,4.060465791564325,4.067771960107988,2.6317622047574822,3.3259003772407394,3.6713446951956525,7.980744756046328,11.057512417291603,4.929660025906884,8.563241011740207,9.915488434495822,14.15159126878999,41.9261474848349,targetonly-regularization-v1.0.0
17,100,TargetOnly,PCA_25_LW,25,5.232470687712898,0.04,1.0,False,15.73792546209022,0.13294235792122158,3.7330550497534487,4.395998335343132,4.7562488956350455,5.054671423005288,5.232470687712898,3.698131779555243,4.448127252751517,4.94855322256893,9.914789294029328,16.495025535240863,10.942714624777135,16.90384471272962,24.48428466785041,30.079898338199744,97.38378008026238,targetonly-regularization-v1.0.0
17,100,TargetOnly,PCA_50_LW,50,9.466221424186736,0.04,1.0,False,29.289073134458437,0.1612843991504663,5.021570650050294,5.822026119498939,6.1264108031389695,6.538635326459804,9.466221424186736,4.98832597212332,6.028119600581099,8.98674596763112,11.424587661991765,18.91599356866955,27.15791131865758,38.91989542041868,60.140334059947804,63.024221360109934,150.84023083930668,targetonly-regularization-v1.0.0
17,100,TargetOnly,TOPVAR_50_LW,50,10.11097759425111,0.01,0.6119205298013245,False,44.97947978502967,0.18155707864100648,7.356425856046356,8.508104919368492,8.841284235828423,9.646336484049758,10.11097759425111,7.222503833806842,8.394443676042703,8.861536526054879,9.929120385157194,14.177248801303737,10.63752230472096,14.670345254099232,16.715893044528848,20.289881653098764,22.735750653806196,targetonly-regularization-v1.0.0
17,100,TargetOnly,TOPVAR_100_LW,100,13.949049501731523,0.02,0.8635761589403973,False,121.30124732860835,0.15874421051300072,11.522979344741529,12.683571392867755,13.216625248397667,13.749289260628323,13.949049501731523,11.273081251368117,12.829344669565863,13.264057510121802,14.585046110710348,18.80185989480288,20.047622260898297,29.3189520417233,37.09928562960275,46.63781318196513,88.1855979539997,targetonly-regularization-v1.0.0
17,100,TargetOnly,TOPVAR_250_LW,250,24.062081564664844,0.02,0.9827814569536424,False,392.42899434994797,0.1322660512134584,19.491081103839175,21.500380675297325,22.304223605803095,23.236369171767926,24.062081564664844,19.46569652445354,21.595012113593313,21.981222374804645,27.01798266545885,48.44750733004068,39.95988144798577,90.27988389221234,122.41217263108265,245.1000876561513,733.8714573304113,targetonly-regularization-v1.0.0
18,10,TargetOnly,LW_CURRENT,530,19984.692260529155,0.01,0.5536423841059602,False,186.39062162432833,0.49596981717097877,30.803157049905728,35.26129448316079,15238.40796476294,19984.297349478762,19984.692260529155,30.868168471922807,2034.1190986506795,19984.140374951,19998.25859160635,21363.22911345732,19985.06837701572,39969.49253739143,39970.42117953075,49168.964996936884,59955.62109080501,targetonly-regularization-v1.0.0
18,10,TargetOnly,DIAGONAL,530,13451.470567849947,0.04,0.5880794701986755,False,,,23.116094357246,27.656238637075244,10256.682246852251,13451.46960539464,13451.470567849947,24.163787218578555,1375.684950217177,13451.467773755154,13460.633723795383,14366.775139770858,13451.759619590486,26903.911768360787,26904.588854367208,33094.269783779324,40355.816755339336,targetonly-regularization-v1.0.0
18,10,TargetOnly,PCA_95_LW,8,203.01005794024277,0.05,0.4794701986754967,False,1.0,1.0,1.425331673594855,2.4864214020724766,154.52827334394323,202.98905930071743,203.01005794024277,1.564555745576048,22.776010691457383,202.9441443362133,203.36923973340038,217.75492979224788,202.925218116528,406.5106250453646,407.22982847541584,499.91080004469507,610.0902947523244,targetonly-regularization-v1.0.0
18,10,TargetOnly,PCA_99_LW,9,227.05544324972178,0.02,0.26887417218543047,False,1.0,1.0,1.4921967460498482,2.6141023601658113,172.59738873556427,226.84993291995187,227.05544324972178,1.6598584477541471,25.270641652727484,226.81032093304344,227.07532424439404,227.23395586408444,226.2528452747516,453.82180442565027,454.59544813649404,558.2686076410567,681.4345177344402,targetonly-regularization-v1.0.0
18,10,TargetOnly,PCA_10_LW,10,241.1982460949525,0.01,0.2609271523178808,False,1.0,1.0,1.5784039607954,2.7651314395755477,183.31241304424515,240.94800561156453,241.1982460949525,1.7513368845282833,26.734871871776953,240.82980513711985,241.17021759264392,241.35343955217246,240.32888525812808,482.0280120546498,482.83323549993884,593.0060664677947,723.7910775261347,targetonly-regularization-v1.0.0
18,10,TargetOnly,PCA_25_LW,10,241.1982460949525,0.01,0.2609271523178808,False,1.0,1.0,1.5784039607954,2.7651314395755477,183.31241304424515,240.94800561156453,241.1982460949525,1.7513368845282833,26.734871871776953,240.82980513711985,241.17021759264392,241.35343955217246,240.32888525812808,482.0280120546498,482.83323549993884,593.0060664677947,723.7910775261347,targetonly-regularization-v1.0.0
18,10,TargetOnly,PCA_50_LW,10,241.1982460949525,0.01,0.2609271523178808,False,1.0,1.0,1.5784039607954,2.7651314395755477,183.31241304424515,240.94800561156453,241.1982460949525,1.7513368845282833,26.734871871776953,240.82980513711985,241.17021759264392,241.35343955217246,240.32888525812808,482.0280120546498,482.83323549993884,593.0060664677947,723.7910775261347,targetonly-regularization-v1.0.0
18,10,TargetOnly,TOPVAR_50_LW,50,11.469566111281882,0.01,0.41589403973509936,False,10.298430123081074,0.6012552438014221,8.058399079297814,9.566858387908685,10.157939109473764,10.73033480927975,11.469566111281882,8.20814081911765,9.442605211109468,9.782607989237635,11.055437367893827,11.63888371434971,11.008012053980636,15.917347244528049,17.90481008933142,21.377766576044607,24.87344231015212,targetonly-regularization-v1.0.0
18,10,TargetOnly,TOPVAR_100_LW,100,15.080208713389586,0.03,0.7814569536423841,False,37.344156797133905,0.4961634897127274,12.283225602989148,13.932670826691608,14.501425868501235,14.969455466050153,15.080208713389586,12.089785833291163,14.029742122915138,14.601628878991157,15.832048015080499,16.871898710340012,19.17928536010328,28.294956945856168,34.680359472136956,47.31348424034885,91.59404118676387,targetonly-regularization-v1.0.0
18,10,TargetOnly,TOPVAR_250_LW,250,24.67944971842633,0.05,0.9059602649006623,False,104.05961150588014,0.4719180849711224,20.19918581433246,23.115037747756972,24.086530902126377,24.562825925128987,24.67944971842633,19.900495138489283,23.645426978044668,24.572816987796806,28.084392331127553,28.231037918347564,36.83703980261684,84.03469792625373,128.91670075287686,259.47251764408253,515.9979495994969,targetonly-regularization-v1.0.0
18,25,TargetOnly,LW_CURRENT,532,65.47213382779077,0.01,1.0,True,261.6639984803962,0.35022057839429155,30.63531031199522,34.22802019637072,35.03729443834078,37.06125001687295,65.47213382779077,30.69417093326286,34.24384791893924,36.95248574481985,127.9493216587259,8776.653316391541,214.84281920178097,354.64997347962384,576.6854026558245,645.4874873055869,19493.051162599568,targetonly-regularization-v1.0.0
18,25,TargetOnly,DIAGONAL,532,50.9701923637657,0.01,1.0,True,,,22.439167749934672,25.22379329427667,27.358532173793474,29.2671466292227,50.9701923637657,23.0600644302891,26.352477183523668,27.114498168487227,84.0364243555324,5281.373893657223,131.47637072144886,216.07899114434358,353.4789275842125,392.2054241783515,11730.041793865888,targetonly-regularization-v1.0.0
18,25,TargetOnly,PCA_95_LW,20,5.8020411842168205,0.01,1.0,True,4.642338569852484,0.5372313207196743,2.4316111472028803,2.9069606142272932,3.159054217296572,3.457633259241756,5.8020411842168205,2.526420644375352,3.0132178420412825,3.1616131393802607,6.451504725684268,296.9779013184024,7.831315614117149,14.747015112799595,19.273833704143527,23.441661495056977,661.0131264909982,targetonly-regularization-v1.0.0
18,25,TargetOnly,PCA_99_LW,23,6.050267628325979,0.01,1.0,True,5.062271699057131,0.5481485499211208,2.5721480045966847,3.0249912485922033,3.276000062930911,3.671347371595481,6.050267628325979,2.6996310007360194,3.1676041280642067,3.312461245247505,7.101644520068342,350.8861097919855,8.370528438689266,16.453688611718306,22.50525239689058,27.944300330065268,780.1874973020134,targetonly-regularization-v1.0.0
18,25,TargetOnly,PCA_10_LW,10,4.731536566179364,0.01,0.4556291390728477,False,3.4925594476175874,0.45637423068012695,1.8756639399976358,2.3282955508431042,2.5638829200405198,2.9185010299279597,4.731536566179364,1.984014429398738,2.5008786213478094,2.556674707437993,3.4705613316707282,73.01086427265258,4.450736937863836,7.712760525141147,9.22668613740553,14.227418763829045,162.48373327203683,targetonly-regularization-v1.0.0
18,25,TargetOnly,PCA_25_LW,25,6.150428130888846,0.01,1.0,True,6.716290213499552,0.5359565107546732,2.6489055310739236,3.0848051093436224,3.339789628746603,3.7458633577688216,6.150428130888846,2.7705303181371166,3.248903355092556,3.4152041067286873,7.4235829096264565,372.2176762482105,10.126530686837013,20.249940394335834,32.22024028355966,43.01825019396867,827.0286864213348,targetonly-regularization-v1.0.0
18,25,TargetOnly,PCA_50_LW,25,6.150428130888846,0.01,1.0,True,6.716290213499552,0.5359565107546732,2.6489055310739236,3.0848051093436224,3.339789628746603,3.7458633577688216,6.150428130888846,2.7705303181371166,3.248903355092556,3.4152041067286873,7.4235829096264565,372.2176762482105,10.126530686837013,20.249940394335834,32.22024028355966,43.01825019396867,827.0286864213348,targetonly-regularization-v1.0.0
18,25,TargetOnly,TOPVAR_50_LW,50,9.994690266791986,0.02,0.6039735099337749,False,15.084658842645968,0.4401930408791404,7.770602656009755,8.865165442750204,9.188446565693727,9.71958546643324,9.994690266791986,7.734690329519038,9.016355413824392,9.451614044727911,10.075585913785824,10.293548395041835,10.762742276338239,15.991143898047433,17.915005545150578,21.95456717846486,26.93338612188198,targetonly-regularization-v1.0.0
18,25,TargetOnly,TOPVAR_100_LW,100,16.653052628703904,0.01,0.6940397350993377,False,63.45045263623765,0.3200851988613046,12.507859749505505,14.222345607841545,14.812083558834543,15.678036022205456,16.653052628703904,12.506677901245709,14.305267985680176,14.823145713598477,16.053248408882403,16.9058446927747,21.273226991911905,31.013841085564234,38.94731240357262,54.78849560012602,109.6320419930899,targetonly-regularization-v1.0.0
18,25,TargetOnly,TOPVAR_250_LW,250,26.52626620804437,0.02,0.9125827814569536,False,166.0717182108897,0.30577481397092005,20.61379307276014,23.071288411917646,24.350508713112056,26.490918051442847,26.52626620804437,20.636427546119805,23.59598085436366,25.261362474180228,27.930410109273886,28.707614235805934,40.488154470177136,94.47813016727028,139.7034402055956,280.53081542413315,495.6881578741923,targetonly-regularization-v1.0.0
18,50,TargetOnly,LW_CURRENT,532,64.60430945276067,0.01,1.0,True,441.67651102468005,0.22826108557115904,32.06902528721689,35.452109633083865,36.03624346115459,37.94840631561197,64.60430945276067,32.49683123402872,35.852893160225356,37.602551145172,160.43079579036723,12203.226804378022,225.95709681613582,374.3546442729364,576.4126407313274,732.7681147302872,27095.416459106364,targetonly-regularization-v1.0.0
18,50,TargetOnly,DIAGONAL,532,53.488574514295166,0.01,1.0,True,,,22.15316761996687,25.347575817002628,28.933929769619493,32.14767851709409,53.488574514295166,23.102878551069868,26.504676213540996,26.928470947654183,93.57255318792642,6275.810012649339,118.42809608520464,188.41288705085213,309.3595085525216,386.9902340048311,13936.865959978717,targetonly-regularization-v1.0.0
18,50,TargetOnly,PCA_95_LW,38,9.540409091332254,0.01,1.0,True,16.410231177433417,0.2800252510049404,3.847929508619866,4.323128959376356,4.56161006614951,5.027653379366562,9.540409091332254,3.8620364345674583,4.526877735287262,4.733138186684615,12.416133597485949,722.0964034117319,14.90029542721569,26.845769434441742,42.279331407739896,55.96882974503822,1604.9023129471,targetonly-regularization-v1.0.0
18,50,TargetOnly,PCA_99_LW,46,10.285187526321536,0.01,1.0,True,20.392412701016895,0.28886536110496636,4.167084484108608,4.736499868538678,4.950923555914693,5.407380422923128,10.285187526321536,4.3047261195694535,5.025612553531158,5.158278454799186,14.966257151233236,947.5681762756816,18.39865611055063,36.316424072045336,52.748688142384204,65.60360330897527,2109.8040534356273,targetonly-regularization-v1.0.0
18,50,TargetOnly,PCA_10_LW,10,6.785903667747139,0.01,0.21986754966887417,False,6.828988599638306,0.19717603454277718,2.189966503687078,2.6626819987677197,3.120721888903823,3.6512786829691097,6.785903667747139,2.2474301492743836,2.943329603585915,3.0518671845193044,4.492603811391675,110.49885833207009,4.463889905753563,8.24129822498018,9.946563115571005,14.87583635723495,246.81898908808353,targetonly-regularization-v1.0.0
18,50,TargetOnly,PCA_25_LW,25,8.429522446815529,0.01,0.7708609271523179,False,12.15493334820253,0.2521176219909915,3.1818550642449432,3.724376713068756,3.8538737371218366,4.5189701083603655,8.429522446815529,3.2506660005134567,3.9261452453758134,4.105172684457944,9.21466695864233,474.1540683207908,9.395205749614576,17.517282863848983,25.258497461222504,32.70853818110288,1051.341074137969,targetonly-regularization-v1.0.0
18,50,TargetOnly,PCA_50_LW,50,10.534112978375312,0.01,1.0,True,31.142876081934165,0.28896537866086486,4.3382821288169415,5.031104696824639,5.1172592805923705,5.620865039840971,10.534112978375312,4.509141837258744,5.212364199402751,5.308120153178538,16.45984304834145,1064.7010351465922,19.137993159532463,38.90557271365341,57.40821106767062,74.92169637793832,2367.6795277594606,targetonly-regularization-v1.0.0
18,50,TargetOnly,TOPVAR_50_LW,50,9.518817126076,0.02,0.7589403973509934,False,25.0332759343881,0.2993868478197231,7.7723923180609376,8.754499056409303,9.133134458726326,9.37368285208973,9.518817126076,7.755841433826883,8.971180208958323,9.129209154021119,9.99602028141053,10.968861155180043,11.149752511714503,16.51875096122048,18.494338501609985,22.51779996253663,26.794834878269423,targetonly-regularization-v1.0.0
18,50,TargetOnly,TOPVAR_100_LW,100,14.966431515460894,0.06,0.8609271523178808,False,95.68464675935354,0.21957701949067931,12.26237150885391,13.881930098551825,14.25969659761855,14.721117323763567,14.966431515460894,12.327183497801208,14.489119589446055,15.067871268697916,16.37274671622881,16.440527219611315,20.584907582839605,30.987796100359265,39.96357710355694,53.88804394720655,111.81529139939326,targetonly-regularization-v1.0.0
18,50,TargetOnly,TOPVAR_250_LW,250,27.706796447617435,0.0,0.909933774834437,True,283.34249542782885,0.19575288777284205,20.915557925176245,23.257220774558174,23.80319795121883,26.397840577612005,27.706796447617435,20.998594404978274,23.525980725624155,25.03018756373791,26.650761817148112,27.023943435460986,41.49726956556641,94.74435557606415,126.4095539666672,256.77041200554777,591.4733082232214,targetonly-regularization-v1.0.0
18,100,TargetOnly,LW_CURRENT,533,40.9171779014884,0.01,1.0,True,611.0984628809448,0.16257149768887794,31.07732585614689,34.49507954479561,34.985045353761976,37.183232390366356,40.9171779014884,31.52201296845401,34.653106520112416,35.626378509830744,157.8882659370889,11967.973402544818,236.71210478501916,399.05252016818486,625.1566686367198,705.0078211380616,26584.355027510934,targetonly-regularization-v1.0.0
18,100,TargetOnly,DIAGONAL,533,42.27069661112597,0.01,1.0,True,,,22.07934528317089,25.42110902192597,28.712204167087297,32.69581371914626,42.27069661112597,22.94183917840729,26.51498447470592,27.320717140145884,88.63577703113862,5690.65225535196,117.76000779692392,189.54715971277497,315.03963111351436,353.0063031517596,12637.486358739907,targetonly-regularization-v1.0.0
18,100,TargetOnly,PCA_95_LW,66,8.758406264276093,0.01,1.0,True,40.20257638548362,0.18049475314212646,5.739779755237061,6.398854722547124,6.683972256289669,7.009546351455288,8.758406264276093,5.889096244301417,6.678519671239958,6.8464901014682855,20.493210252416635,1349.5406787411996,28.235379510151294,55.72389611913573,82.67894359781472,103.19293768240696,2997.751600864142,targetonly-regularization-v1.0.0
18,100,TargetOnly,PCA_99_LW,89,10.24677767412941,0.01,1.0,True,60.64009598707379,0.18448112697161617,6.881505898340965,7.71463954228507,8.035939491069808,8.532794995367988,10.24677767412941,6.947163767818987,7.9221016661754735,8.098414174811316,27.57000286098955,1931.8793440971826,40.19039930045933,71.45090610429742,102.05863144787621,130.63971360920618,4287.415174346271,targetonly-regularization-v1.0.0
18,100,TargetOnly,PCA_10_LW,10,5.873674742828164,0.01,0.2913907284768212,False,7.785886099572363,0.14348898452929826,2.4265881483357914,3.0029802982816856,3.4020879605012446,3.9742978506724413,5.873674742828164,2.569937782498126,3.207021339612081,3.430490447915972,5.565005245919869,161.66168266580723,4.5608208053287385,8.190974770076597,9.183346710624685,16.19882174165164,362.517215152101,targetonly-regularization-v1.0.0
18,100,TargetOnly,PCA_25_LW,25,6.799183959350693,0.01,0.9986754966887417,True,15.927465031608754,0.15328298471690355,3.6583509909087875,4.2950518308443435,4.4924793348280865,4.939159783748406,6.799183959350693,3.6901812286838562,4.25347918451079,4.474158734223655,8.49704286422666,334.73508871037814,10.30621025671368,16.882455077374207,24.898622593564824,34.20667227788806,746.3488592915742,targetonly-regularization-v1.0.0
18,100,TargetOnly,PCA_50_LW,50,8.1055676341553,0.01,1.0,True,29.805412757020825,0.1736887418503133,5.0094088728881,5.705365664158413,5.846706815052398,6.063632801530194,8.1055676341553,5.081095371594124,5.79794890281162,5.960974166882296,15.390557763578293,905.549717171469,21.089867400350016,41.170234469207564,62.357807084844154,80.5157591063862,2011.7500214251247,targetonly-regularization-v1.0.0
18,100,TargetOnly,TOPVAR_50_LW,50,9.220967837652914,0.02,0.7192052980132451,False,46.47521775871508,0.18756167805870047,7.2467667227945824,8.451403028299824,8.745200595056106,9.199873976655581,9.220967837652914,7.2253227044101385,8.203872624278565,8.34128938180194,9.302647542416562,10.682773542982824,10.353020571894573,14.45016098169452,16.605564150673715,19.412892940298633,21.46695469635445,targetonly-regularization-v1.0.0
18,100,TargetOnly,TOPVAR_100_LW,100,13.86988558687077,0.03,0.8344370860927153,False,138.13518992956412,0.15042748192986027,11.0768107831821,12.814702244516372,12.971045653979372,13.62824413608155,13.86988558687077,11.159593286163421,13.091764703629723,13.537574760496003,14.56983227353996,14.714149625297763,19.282423464656514,26.607722591262213,33.1835304512897,44.02956125389433,82.31718740273458,targetonly-regularization-v1.0.0
18,100,TargetOnly,TOPVAR_250_LW,250,24.05957675346203,0.01,0.9483443708609272,True,400.93117797076536,0.13535159269945266,19.08448225338599,20.538752559612636,21.067101032951754,22.724247047559995,24.05957675346203,18.9558051230199,21.038389143378495,22.6165807210598,23.689256032970775,24.617300715062353,37.9729419799058,85.65416660895336,117.10127303301563,237.78630618462807,688.8181465482647,targetonly-regularization-v1.0.0
19,10,TargetOnly,LW_CURRENT,527,17947.34272121338,0.0,0.14701986754966886,False,131.97765923707738,0.5571414328001802,31.887975307163423,49.87715900269304,15282.531898712903,15309.848931059387,17947.34272121338,31.81395177114516,40.9965121801968,47.97297047781882,15282.195924322446,15282.205883937106,15283.992233528146,30566.276178051896,30567.008049239554,37608.598534871075,45850.85707417304,targetonly-regularization-v1.0.0
19,10,TargetOnly,DIAGONAL,527,12800.447471399248,0.0,0.14701986754966886,False,,,26.689447475063343,40.597455798517494,10909.028009303956,10927.962020373137,12800.447471399248,26.352439024450483,34.82691736243698,43.10234308210344,10909.03825646837,10909.057790499239,10909.747121293412,21819.37027139827,21819.978438927377,26843.663143781436,32728.929567415125,targetonly-regularization-v1.0.0
19,10,TargetOnly,PCA_95_LW,8,203.08106925386406,0.0,0.14701986754966886,False,1.0,1.0,1.7759489678812976,3.0885409235633468,179.97703505984734,180.49489822695423,203.08106925386406,1.7412925456400248,2.624146683330679,3.4380064267210226,180.32718973698357,180.4288363771123,179.5360436753039,360.7573063092235,361.2665160027531,444.36184330953074,541.5897095088696,targetonly-regularization-v1.0.0
19,10,TargetOnly,PCA_99_LW,9,213.66044720867959,0.0,0.14701986754966886,False,1.0,1.0,1.870242098980909,3.194144756638638,191.56355340029785,192.19321699139795,213.66044720867959,1.8370019528108492,2.728516689542161,3.561345207646918,192.12741824698765,192.16042237076937,191.18299385264743,383.94072985477646,384.54465314479773,473.0179477905192,576.3390225097046,targetonly-regularization-v1.0.0
19,10,TargetOnly,PCA_10_LW,10,226.6196468279467,0.0,0.14701986754966886,False,1.0,1.0,1.9756047183675562,3.3803055330534733,202.01444892843494,202.68895022452966,226.6196468279467,1.9395896783797393,2.8768914471436218,3.769998567020901,202.61015016019988,202.6441066240749,201.5880727949057,404.8706064704982,405.52255586094213,498.8177063080616,607.7963874957993,targetonly-regularization-v1.0.0
19,10,TargetOnly,PCA_25_LW,10,226.6196468279467,0.0,0.14701986754966886,False,1.0,1.0,1.9756047183675562,3.3803055330534733,202.01444892843494,202.68895022452966,226.6196468279467,1.9395896783797393,2.8768914471436218,3.769998567020901,202.61015016019988,202.6441066240749,201.5880727949057,404.8706064704982,405.52255586094213,498.8177063080616,607.7963874957993,targetonly-regularization-v1.0.0
19,10,TargetOnly,PCA_50_LW,10,226.6196468279467,0.0,0.14701986754966886,False,1.0,1.0,1.9756047183675562,3.3803055330534733,202.01444892843494,202.68895022452966,226.6196468279467,1.9395896783797393,2.8768914471436218,3.769998567020901,202.61015016019988,202.6441066240749,201.5880727949057,404.8706064704982,405.52255586094213,498.8177063080616,607.7963874957993,targetonly-regularization-v1.0.0
19,10,TargetOnly,TOPVAR_50_LW,50,13.720679842645119,0.0,0.42251655629139073,False,11.144978242753687,0.6031682890165722,9.90904183897921,11.655229114375432,12.881814355797445,13.631914127268873,13.720679842645119,9.693797254314793,11.524015601508543,12.155771548203276,13.124383769793965,13.375909105744052,13.19675135326156,18.841265029482376,22.03454336839582,27.211098117195863,30.066503919794204,targetonly-regularization-v1.0.0
19,10,TargetOnly,TOPVAR_100_LW,100,18.772460002924106,0.0,0.7231788079470198,False,36.996960762604154,0.502006291170563,14.869879478435937,17.557388809266286,17.908501033043184,18.76173987437365,18.772460002924106,14.580147716180463,17.06346903966345,17.916767707452085,18.53438393126762,18.77189402250945,22.161440002447364,31.61384207635466,37.88804850285849,59.075119811306664,105.8142524851512,targetonly-regularization-v1.0.0
19,10,TargetOnly,TOPVAR_250_LW,250,28.663013735766473,0.01,0.8344370860927153,False,79.28831646144853,0.5240536006869863,21.574802764138596,25.18726770957827,26.344681676252307,27.40552802811373,28.663013735766473,21.540831005178205,25.971370553889056,26.373001916925435,28.555423606057563,28.882862107900678,37.63079650205823,80.592408375057,102.60522137076673,174.5542781799519,389.5096243718484,targetonly-regularization-v1.0.0
19,25,TargetOnly,LW_CURRENT,531,25734.868293622025,0.0,0.14701986754966886,False,237.16968896447156,0.37163869780685,31.22376239009933,41.924614380409956,22706.702509966573,22738.935307468877,25734.868293622025,31.17262659320626,37.47956164516015,39.26269972516035,22706.95286320027,22707.426019254457,22708.745528854382,45414.84604883471,45416.32225937617,55873.23775221313,68125.92412433642,targetonly-regularization-v1.0.0
19,25,TargetOnly,DIAGONAL,531,15758.610451988003,0.0,0.14701986754966886,False,,,24.41435386802058,34.48998925709938,13859.201567705059,13878.205541030518,15758.610451988003,24.17320901353311,29.874048214871202,37.29784677590639,13859.206307304123,13859.210374636083,13859.569298277866,27719.669131173454,27720.394668677025,34100.913480268995,41579.531626442425,targetonly-regularization-v1.0.0
19,25,TargetOnly,PCA_95_LW,20,547.5820517953772,0.0,0.14701986754966886,False,3.9894874417278383,0.5899975165116595,2.7762431926537885,4.34760751835843,472.95094576163103,474.14953083495806,547.5820517953772,2.6378246066467845,3.6612102493774117,4.697595958324544,472.9274522697879,473.2504450437455,472.76284482908534,947.7871215513619,948.7226304050379,1176.176646889433,1423.0651716643292,targetonly-regularization-v1.0.0
19,25,TargetOnly,PCA_99_LW,24,844.1145256308007,0.0,0.14437086092715232,False,4.359370560037577,0.6082309764066234,2.9573463211505944,4.5474713531847915,654.1903841243927,656.9596513815678,844.1145256308007,2.8331813675505733,3.9735932369837483,4.9531217560845455,654.2173302633624,654.4032358368446,652.6641367621819,1308.5785833082798,1309.3231382216172,1619.8907920143452,1964.3924017525776,targetonly-regularization-v1.0.0
19,25,TargetOnly,PCA_10_LW,10,340.948889289358,0.0,0.3841059602649007,False,3.410401430271419,0.4739830737262677,2.1064780847618554,3.4912771211804534,340.05477619179885,340.5217642627009,340.948889289358,2.0278233463073896,2.903212369292228,3.781575896080837,340.2531671012892,340.641942310579,340.5615010750655,682.3081427099931,682.9775407592608,839.1234198377379,1023.3096673261518,targetonly-regularization-v1.0.0
19,25,TargetOnly,PCA_25_LW,25,862.3811145256087,0.0,0.14437086092715232,False,5.524233297979349,0.5924307332530221,3.013224959820082,4.579082163062572,665.8511731075846,668.7059593112974,862.3811145256087,2.859205311054145,4.02035984875542,4.9871202714938105,665.8647550247218,666.0545643729399,664.3235809910773,1331.919750873452,1332.6524967164835,1654.7234885142168,1999.414599487833,targetonly-regularization-v1.0.0
19,25,TargetOnly,PCA_50_LW,25,862.3811145256087,0.0,0.14437086092715232,False,5.524233297979349,0.5924307332530221,3.013224959820082,4.579082163062572,665.8511731075846,668.7059593112974,862.3811145256087,2.859205311054145,4.02035984875542,4.9871202714938105,665.8647550247218,666.0545643729399,664.3235809910773,1331.919750873452,1332.6524967164835,1654.7234885142168,1999.414599487833,targetonly-regularization-v1.0.0
19,25,TargetOnly,TOPVAR_50_LW,50,10.48120648501774,0.02,0.5390728476821192,False,15.486132313148252,0.4587483287022029,8.022447680509678,9.260659936872761,9.658226169193401,10.215220932603787,10.48120648501774,8.001590421048833,9.431774329216989,9.818717840376584,10.542481495461995,10.695400678377476,10.66493931518008,14.469305280093446,16.60255758327094,19.546857028948324,20.391953554858617,targetonly-regularization-v1.0.0
19,25,TargetOnly,TOPVAR_100_LW,100,17.077103705726678,0.0,0.7735099337748345,False,65.0034614151701,0.32363698593257645,13.609978024422723,15.204132074052104,15.9271825423533,16.78670358970196,17.077103705726678,13.463009729644703,15.528014975554346,15.913930576415941,16.927989972933972,16.930192445113885,21.542296900241595,29.9036178915416,40.1164483482836,57.261061437158396,120.23458616662384,targetonly-regularization-v1.0.0
19,25,TargetOnly,TOPVAR_250_LW,250,28.156418712260304,0.01,0.8940397350993378,False,168.41362372653214,0.3108370129957548,21.454143131740697,23.836549186808053,24.567393597380594,26.20971062021702,28.156418712260304,21.40789387645568,24.542591443237857,25.601127894791077,27.623246163318957,28.188943615989732,40.005193520405975,94.14818878564984,113.34540080675728,226.12364948538254,517.9733803891237,targetonly-regularization-v1.0.0
19,50,TargetOnly,LW_CURRENT,534,11455.274555487798,0.0,0.0026490066225165563,False,337.82525256371315,0.27141785769514365,29.484849118051326,32.80353992772962,33.152246969216115,148.9969821880075,11455.274555487798,29.348145593984697,32.824594049036435,33.409497835794014,35.410439665224395,36.90754269745284,194.23376718685694,324.2617815830138,527.8644754398244,586.7214072407864,25443.347803362543,targetonly-regularization-v1.0.0
19,50,TargetOnly,DIAGONAL,534,6348.529673447137,0.0,0.0026490066225165563,False,,,22.75930327962901,26.84737855172924,26.982623082751488,93.27780236697322,6348.529673447137,22.560744105102565,27.16097065504049,28.930329687659412,30.670936919222026,31.875666313721783,111.28055722336556,181.1972696723492,296.79677969986545,333.31100420504924,14097.4738003756,targetonly-regularization-v1.0.0
19,50,TargetOnly,PCA_95_LW,38,751.3164922221295,0.0,0.0026490066225165563,False,13.119290808094854,0.3487982747580389,3.8185644152552616,4.550130066187877,4.64338582092383,12.544620465508675,751.3164922221295,3.8479189260439357,4.581070618120158,4.749712521019915,5.157838892700356,5.212156283212851,13.114183839954396,21.18307382996132,33.30668479935593,47.776402463113044,1663.544509104645,targetonly-regularization-v1.0.0
19,50,TargetOnly,PCA_99_LW,46,879.9106390505686,0.0,0.0026490066225165563,False,16.088680070775336,0.35367457968533283,4.16086692018602,4.850787355889554,5.018019201017524,14.235317944236844,879.9106390505686,4.177274480508347,4.967754110733064,5.374401035398699,5.522236951587149,5.522941105346693,15.625913904296846,22.99925766111071,37.867110306014105,54.30057582685856,1949.7632999269606,targetonly-regularization-v1.0.0
19,50,TargetOnly,PCA_10_LW,10,101.93713467249215,0.0,0.0026490066225165563,False,5.486016910936197,0.2690433057560758,2.2368159672805925,3.003411058636095,3.1229500916912953,4.300960196715204,101.93713467249215,2.263350403063991,2.91553399222215,3.2738130128506677,3.6082299289103035,3.871564495694345,4.847181771949643,8.281367565934065,9.26909092795987,17.01614372637653,228.44600012377347,targetonly-regularization-v1.0.0
19,50,TargetOnly,PCA_25_LW,25,359.4377043711375,0.0,0.0026490066225165563,False,9.355209752254726,0.32775872300228875,3.103500904001014,3.876721850017384,3.9921793319726926,7.9073341068981575,359.4377043711375,3.13521856380289,3.8863446152258625,4.104975267109135,4.450188477821608,4.544897670264499,9.428857734401456,13.832073892792081,18.072681644359946,27.893034886080383,794.38747253166,targetonly-regularization-v1.0.0
19,50,TargetOnly,PCA_50_LW,50,975.8295703494679,0.0,0.0026490066225165563,False,22.672681059344036,0.35153427393751685,4.344914630358172,5.0106104100785025,5.222992390613103,15.368868017517705,975.8295703494679,4.346410011710724,5.108927478262714,5.505398619395021,5.667016729784777,5.740316927046949,17.799597825053212,25.18949616106405,46.26955875295764,59.024299790758434,2165.365687420399,targetonly-regularization-v1.0.0
19,50,TargetOnly,TOPVAR_50_LW,50,9.29011357421534,0.06,0.7364238410596027,False,29.73969046868031,0.28775928247201366,7.362079229497576,8.539136095242085,8.929726260381733,9.20246710564629,9.29011357421534,7.383221204881979,8.942052312086181,9.307450401644548,10.184973645168164,10.386120638860785,10.432242597748596,14.012370107379528,15.405395021665448,18.511412154870825,20.145674666009548,targetonly-regularization-v1.0.0
19,50,TargetOnly,TOPVAR_100_LW,100,15.489270586519098,0.03,0.8410596026490066,False,87.505032328487,0.2326461804996571,12.335678197156913,14.1240520096424,14.465565494659467,14.913865097729648,15.489270586519098,12.471575572222644,14.186750715515041,15.005916803164084,15.909083588213113,16.466268467603854,21.85242282028118,30.718155436326445,42.32592486053839,54.891393492298555,115.16710974009878,targetonly-regularization-v1.0.0
19,50,TargetOnly,TOPVAR_250_LW,250,24.866301051716594,0.03,0.9695364238410596,False,252.00037868579696,0.21313573383476692,20.187430245202634,22.33639828323113,23.115881105214743,24.157601955453533,24.866301051716594,20.342996034258455,23.119785924136885,23.482550006761524,26.371491897511355,27.08489418416802,41.55879832874783,99.40405723367472,135.68860652809616,273.33936235498015,592.9021987410107,targetonly-regularization-v1.0.0
19,100,TargetOnly,LW_CURRENT,535,14216.440258014956,0.0,0.0026490066225165563,False,638.4125759273804,0.15670917192626466,31.81460002744368,34.67870040847219,35.37948327994836,181.86476942553338,14216.440258014956,31.835982505321194,34.624973344480715,35.89391546479137,36.52543853049406,37.235100891685065,238.90307818640602,395.71017393009214,634.7190034461172,715.9154590847883,31581.241449238314,targetonly-regularization-v1.0.0
19,100,TargetOnly,DIAGONAL,535,6642.3223074830385,0.0,0.0026490066225165563,False,,,22.806960184710455,26.802709262971568,27.92259414266754,97.16107349687547,6642.3223074830385,22.461505770233032,27.12578164541659,28.912343792576877,32.07714342460058,33.26682213883409,118.71148389414375,192.3391214672325,307.75796332594325,351.06489262517476,14750.127933651762,targetonly-regularization-v1.0.0
19,100,TargetOnly,PCA_95_LW,66,1555.3307501292154,0.0,0.0026490066225165563,False,40.71980173596903,0.17341054576934134,5.760007429866953,6.464427283278962,6.700597106198694,22.921181945260827,1555.3307501292154,5.913805010371371,6.732235567900095,6.985504434740217,7.6996340676666115,7.699669355243381,31.717120882810832,48.50170070811023,76.33655629160174,103.59357076178972,3454.798413750019,targetonly-regularization-v1.0.0
19,100,TargetOnly,PCA_99_LW,89,2253.0259651920564,0.0,0.0026490066225165563,False,62.7772587543961,0.17809232950217488,6.881783391967941,7.584764889013207,7.895660569656454,30.845252039875792,2253.0259651920564,6.969071560456097,7.851146560490684,8.179011114479215,8.784352668436073,9.094032693643957,38.47596843279987,63.689018019844994,102.44986606292345,129.27310485384965,5000.109647420419,targetonly-regularization-v1.0.0
19,100,TargetOnly,PCA_10_LW,10,161.04777987325008,0.0,0.0026490066225165563,False,8.67045219679788,0.11642775757500663,2.6159245934870796,3.256615235294673,3.501730073148747,5.376684395184045,161.04777987325008,2.62583363029351,3.1868816958510693,3.6815648720996217,4.2183230798101,4.311595661073379,5.686118689947604,9.048793810276997,10.33183877543889,18.22703561840513,358.35074819749434,targetonly-regularization-v1.0.0
19,100,TargetOnly,PCA_25_LW,25,434.4173137046284,0.0,0.0026490066225165563,False,16.210509742194102,0.14231018274751236,3.6739192615821015,4.394983014544356,4.628948470828007,9.52652776736198,434.4173137046284,3.7013914270182955,4.570806721913941,4.830587112541607,5.079959756664562,5.252399325534608,11.518289381817713,17.76003969767179,19.732374610008005,36.84221833635088,963.9386752880281,targetonly-regularization-v1.0.0
19,100,TargetOnly,PCA_50_LW,50,1086.8222172269257,0.0,0.0026490066225165563,False,29.782435262850267,0.16528548130367818,4.9980770854434855,5.717892980428407,5.975479813874402,17.23814595880738,1086.8222172269257,5.0715064543795165,5.996079129263502,6.163940254188322,6.509793710030138,6.641962721844408,21.282508175087514,34.18706888423207,56.92190187093739,75.92326677367946,2412.153880240503,targetonly-regularization-v1.0.0
19,100,TargetOnly,TOPVAR_50_LW,50,9.268333136490225,0.03,0.7284768211920529,False,49.39934437664197,0.17096911558714206,7.08045528418827,7.932290008910762,8.444611560668458,9.087296637524537,9.268333136490225,7.321970961480348,8.344042517326809,8.740944327568128,9.45683986687482,9.577046788515142,10.4242213303252,13.856063984229335,15.640184996856927,18.342467819593207,21.707667986116704,targetonly-regularization-v1.0.0
19,100,TargetOnly,TOPVAR_100_LW,100,13.990206485182334,0.05,0.8821192052980132,False,154.51890860545998,0.13778285389310543,11.555393891638245,13.042776042109306,13.415102953388384,13.786424964786494,13.990206485182334,11.631432668236553,13.114760190308912,13.8433431864912,14.390557133667668,14.54211197222128,19.722055307348114,27.79250792226455,39.31835263222967,47.56750057447327,140.46208735753632,targetonly-regularization-v1.0.0
19,100,TargetOnly,TOPVAR_250_LW,250,24.847325204810495,0.01,0.976158940397351,True,437.46437353897943,0.1252965048435147,20.008515949324057,22.021253013245687,22.70128190728708,23.435803582498966,24.847325204810495,20.49330282465879,22.693705300640666,23.319336848362486,24.0205398975992,25.773547857160665,41.393776524621295,97.2122886734288,137.85044796568363,275.9865302871555,723.4564241124239,targetonly-regularization-v1.0.0
